frame,timeframe,frame_processing_time_ms,left_hip_x,left_hip_y,left_hip_z,left_hip_conf,left_knee_x,left_knee_y,left_knee_z,left_knee_conf,left_ankle_x,left_ankle_y,left_ankle_z,left_ankle_conf,left_foot_index_x,left_foot_index_y,left_foot_index_z,left_foot_index_conf,left_foot_direction,left_knee_angle,left_knee_incorrect,right_hip_x,right_hip_y,right_hip_z,right_hip_conf,right_knee_x,right_knee_y,right_knee_z,right_knee_conf,right_ankle_x,right_ankle_y,right_ankle_z,right_ankle_conf,right_foot_index_x,right_foot_index_y,right_foot_index_z,right_foot_index_conf,right_foot_direction,right_knee_angle,right_knee_incorrect
0,0.0,287.72997856140137,,,,,,,,,,,,,,,,,,,,0.3927779793739319,0.4895389676094055,-0.19807761907577515,0.9999780654907227,0.4384046196937561,0.586426317691803,-0.12012338638305664,0.7084651589393616,0.3949272334575653,0.6797091364860535,0.001635637367144227,0.7229974865913391,0.4584307372570038,0.7070181965827942,-0.13193148374557495,0.6463689804077148,right,134.78647413924097,1
1,0.03336666666666667,134.28592681884766,,,,,,,,,,,,,,,,,,,,0.3927631974220276,0.4894642233848572,-0.18025609850883484,0.9999788999557495,0.43837207555770874,0.5864034295082092,-0.12198563665151596,0.7156315445899963,0.3951886296272278,0.6799765229225159,-0.03752569109201431,0.7285999655723572,0.4609869420528412,0.7070572972297668,-0.16055721044540405,0.657233476638794,right,133.65944200248202,1
2,0.06673333333333334,216.79377555847168,,,,,,,,,,,,,,,,,,,,0.39230749011039734,0.48934271931648254,-0.17605668306350708,0.9999791979789734,0.4341529905796051,0.5863965153694153,-0.12085732072591782,0.7086647152900696,0.39542078971862793,0.6808481216430664,-0.04063989594578743,0.722888708114624,0.46424752473831177,0.7071081399917603,-0.1710805892944336,0.655174970626831,right,136.1366170235573,1
3,0.10010000000000001,99.72405433654785,,,,,,,,,,,,,,,,,,,,0.39075255393981934,0.48903554677963257,-0.17910411953926086,0.9999797344207764,0.4265224039554596,0.5861731767654419,-0.12075517326593399,0.6966916918754578,0.3952104151248932,0.6821115016937256,-0.04774552583694458,0.711067795753479,0.4660429358482361,0.7071134448051453,-0.19683924317359924,0.6462593078613281,right,141.59968831589427,1
4,0.13346666666666668,95.63493728637695,,,,,,,,,,,,,,,,,,,,0.3907679617404938,0.4890346825122833,-0.18028095364570618,0.999980092048645,0.41943755745887756,0.5860309600830078,-0.08187375962734222,0.6806485652923584,0.39417409896850586,0.6838163137435913,-0.010309547185897827,0.6985207796096802,0.4673164188861847,0.7071029543876648,-0.18436548113822937,0.6345921754837036,right,149.98699463068183,1
5,0.16683333333333333,91.32981300354004,,,,,,,,,,,,,,,,,,,,0.3908044099807739,0.4893726110458374,-0.178360715508461,0.9999807476997375,0.41163304448127747,0.5864538550376892,-0.056416500359773636,0.6708599925041199,0.3921096920967102,0.6865413784980774,0.03640790656208992,0.6917168498039246,0.4673776626586914,0.7077050805091858,-0.12388267368078232,0.6285401582717896,right,156.41182342200142,1
6,0.20020000000000002,117.80595779418945,,,,,,,,,,,,,,,,,,,,0.3903758227825165,0.4903698265552521,-0.1730165332555771,0.9999815225601196,0.40416964888572693,0.5894871354103088,-0.0050076586194336414,0.6644340753555298,0.39097878336906433,0.6890867352485657,0.14086073637008667,0.6860373020172119,0.46749675273895264,0.7085177898406982,0.004250896628946066,0.6232305765151978,right,158.65659776655147,1
7,0.23356666666666667,100.24189949035645,,,,,,,,,,,,,,,,,,,,0.3886205554008484,0.490709513425827,-0.17098522186279297,0.9999827146530151,0.3999555706977844,0.5899703502655029,0.018903570249676704,0.6745290160179138,0.3904235363006592,0.6897844076156616,0.17942872643470764,0.6976729035377502,0.4676993191242218,0.7090559601783752,0.04213522747159004,0.6354192495346069,right,159.4893097174683,1
8,0.26693333333333336,95.80516815185547,,,,,,,,,,,,,,,,,,,,0.386429101228714,0.48958057165145874,-0.1724587380886078,0.9999840259552002,0.39871782064437866,0.5889921188354492,0.01102791354060173,0.6937913298606873,0.3902139365673065,0.6897763609886169,0.1445985734462738,0.7187153100967407,0.46885278820991516,0.7090653777122498,-0.009556710720062256,0.658884584903717,right,159.72751060847025,1
9,0.3003,97.73087501525879,,,,,,,,,,,,,,,,,,,,0.3848739266395569,0.48937442898750305,-0.16893699765205383,0.9999850392341614,0.39788538217544556,0.5884673595428467,0.010701365768909454,0.7069631814956665,0.3902634382247925,0.6896190047264099,0.13928131759166718,0.7357065081596375,0.46933576464653015,0.7090772986412048,-0.012179454788565636,0.6777983903884888,right,159.53455172974816,1
10,0.33366666666666667,94.51699256896973,,,,,,,,,,,,,,,,,,,,0.38478782773017883,0.4891514182090759,-0.16582991182804108,0.999985933303833,0.39708760380744934,0.5873848795890808,0.0019873958081007004,0.7188382148742676,0.39031296968460083,0.6893182992935181,0.11711552739143372,0.7520690560340881,0.4695231020450592,0.7090854048728943,-0.03472881019115448,0.6961830854415894,right,159.9706290748135,1
11,0.3670333333333333,94.24066543579102,,,,,,,,,,,,,,,,,,,,0.38482677936553955,0.4888867437839508,-0.16406786441802979,0.9999865889549255,0.39519202709198,0.5868757367134094,0.0022450885735452175,0.7229148745536804,0.3903316855430603,0.6891353726387024,0.11750493943691254,0.7623381614685059,0.46951067447662354,0.7092205286026001,-0.034587226808071136,0.7073203325271606,right,161.11881491099925,1
12,0.40040000000000003,95.83377838134766,,,,,,,,,,,,,,,,,,,,0.3851742744445801,0.4888366162776947,-0.16546034812927246,0.9999871253967285,0.39283475279808044,0.586555540561676,-0.007847820408642292,0.7256021499633789,0.39031949639320374,0.6889668703079224,0.10912812501192093,0.7686361074447632,0.46947017312049866,0.7097957134246826,-0.04155344143509865,0.7135553956031799,right,161.45022361384335,1
13,0.4337666666666667,96.91309928894043,,,,,,,,,,,,,,,,,,,,0.3855571448802948,0.48839959502220154,-0.16520638763904572,0.9999875426292419,0.39148762822151184,0.585423469543457,-0.011606315150856972,0.7282388210296631,0.3900434672832489,0.6888515949249268,0.10681477189064026,0.7753461599349976,0.46946990489959717,0.7100164890289307,-0.04972954839468002,0.7204258441925049,right,161.7935650448709,1
14,0.46713333333333334,93.44100952148438,,,,,,,,,,,,,,,,,,,,0.3871940076351166,0.4882654547691345,-0.16514691710472107,0.9999878406524658,0.390153706073761,0.5853288173675537,-0.013810125179588795,0.7239745855331421,0.3898746967315674,0.688844621181488,0.09404122084379196,0.7757296562194824,0.4696890115737915,0.7100077271461487,-0.066645048558712,0.7202110290527344,right,162.880718393984,1
15,0.5005000000000001,92.40913391113281,,,,,,,,,,,,,,,,,,,,0.38877320289611816,0.4880100190639496,-0.162851482629776,0.9999882578849792,0.3893272578716278,0.5854561924934387,-0.009416940622031689,0.7288362383842468,0.38979750871658325,0.688781201839447,0.10657157748937607,0.7820021510124207,0.469908744096756,0.7099989056587219,-0.04704894870519638,0.7268548607826233,right,162.5758924798593,1
16,0.5338666666666667,93.16205978393555,,,,,,,,,,,,,,,,,,,,0.39081689715385437,0.487874299287796,-0.16235440969467163,0.9999881982803345,0.38920456171035767,0.5869971513748169,-0.011611400172114372,0.720535933971405,0.38961952924728394,0.6888756155967712,0.10829252749681473,0.7758320569992065,0.4707793593406677,0.7097493410110474,-0.03633886203169823,0.7193582057952881,right,162.56935241626473,1
17,0.5672333333333334,92.1640396118164,,,,,,,,,,,,,,,,,,,,0.3927674889564514,0.486977219581604,-0.1617596596479416,0.9999878406524658,0.38901785016059875,0.5879882574081421,-0.021051831543445587,0.7018468976020813,0.38934335112571716,0.6889709234237671,0.0916379764676094,0.7608786225318909,0.4712391495704651,0.7093818783760071,-0.052195411175489426,0.7031038403511047,right,163.20870392869372,1
18,0.6006,93.71185302734375,,,,,,,,,,,,,,,,,,,,0.39434656500816345,0.48627012968063354,-0.1604047566652298,0.9999874234199524,0.38904327154159546,0.5880622267723083,-0.03292544186115265,0.6881143450737,0.388933926820755,0.6889511346817017,0.06739776581525803,0.7483455538749695,0.47152864933013916,0.7090508341789246,-0.07751351594924927,0.6894842982292175,right,163.40111434845485,1
19,0.6339666666666667,92.08512306213379,,,,,,,,,,,,,,,,,,,,0.3951883018016815,0.48521655797958374,-0.1569749414920807,0.9999868273735046,0.3894546627998352,0.5880353450775146,-0.04315778240561485,0.6712337136268616,0.3888961672782898,0.6890929341316223,0.045406635850667953,0.7327258586883545,0.4718613624572754,0.7082586884498596,-0.09924167394638062,0.674444854259491,right,163.20555446972813,1
20,0.6673333333333333,94.4218635559082,,,,,,,,,,,,,,,,,,,,0.3957912027835846,0.4845508933067322,-0.1541474163532257,0.9999861121177673,0.390217125415802,0.5880244970321655,-0.04766278713941574,0.6488499641418457,0.38908082246780396,0.6890742182731628,0.04322049766778946,0.7127805948257446,0.47191059589385986,0.7079226970672607,-0.09802956134080887,0.6562380194664001,right,162.80370665105912,1
21,0.7007,93.34802627563477,,,,,,,,,,,,,,,,,,,,0.3960953652858734,0.48420631885528564,-0.15506000816822052,0.9999856948852539,0.3915117084980011,0.5879120230674744,-0.04893381893634796,0.6286235451698303,0.3890887498855591,0.6889031529426575,0.04046027734875679,0.699349582195282,0.47159329056739807,0.7078731060028076,-0.1104297861456871,0.642697811126709,right,162.54084375714854,1
22,0.7340666666666666,93.19806098937988,,,,,,,,,,,,,,,,,,,,0.3971264660358429,0.48417821526527405,-0.15338543057441711,0.9999845623970032,0.3953143358230591,0.5876230597496033,-0.06173891946673393,0.6058743596076965,0.38945308327674866,0.6881459355354309,0.009137352928519249,0.6819168925285339,0.470594197511673,0.7078297734260559,-0.14017853140830994,0.6267273426055908,right,161.8026190116224,1
23,0.7674333333333333,92.51785278320312,,,,,,,,,,,,,,,,,,,,0.39718544483184814,0.4842011630535126,-0.1532764434814453,0.9999828338623047,0.3990946114063263,0.5873153805732727,-0.06059574708342552,0.5766845345497131,0.39026615023612976,0.6870708465576172,0.007964691147208214,0.6624523997306824,0.4676666259765625,0.7078544497489929,-0.14586007595062256,0.6084256768226624,right,161.35922019463285,1
24,0.8008000000000001,92.53501892089844,,,,,,,,,,,,,,,,,,,,0.397134393453598,0.4847605526447296,-0.15515021979808807,0.9999811053276062,0.402271568775177,0.5873184204101562,-0.05889575183391571,0.5474662780761719,0.3920164704322815,0.6866118311882019,0.02015778236091137,0.6423413753509521,0.46669262647628784,0.7074931263923645,-0.13650299608707428,0.5886428952217102,right,161.01909854611668,1
25,0.8341666666666667,94.3000316619873,,,,,,,,,,,,,,,,,,,,0.3971162736415863,0.48477786779403687,-0.15536198019981384,0.9999797344207764,0.40219172835350037,0.5872876048088074,-0.08046986162662506,0.5216162204742432,0.39238181710243225,0.6864697933197021,-0.017773190513253212,0.6214422583580017,0.46557697653770447,0.7073053121566772,-0.17735432088375092,0.5691490173339844,right,161.04295339523182,1
26,0.8675333333333334,93.4901237487793,,,,,,,,,,,,,,,,,,,,0.3970547020435333,0.484720915555954,-0.15547539293766022,0.9999784827232361,0.4025977551937103,0.5869060754776001,-0.09116162359714508,0.4962979257106781,0.392365425825119,0.6863077282905579,-0.029239095747470856,0.5967528223991394,0.46554285287857056,0.706188976764679,-0.18428553640842438,0.5465434789657593,right,160.94562791273586,1
27,0.9009,93.93692016601562,,,,,,,,,,,,,,,,,,,,0.397396981716156,0.48470988869667053,-0.15711595118045807,0.999977171421051,0.4036828875541687,0.5867992043495178,-0.08449184149503708,0.4701775014400482,0.3919340968132019,0.6863161325454712,-0.013137336820363998,0.572450578212738,0.46552714705467224,0.7058762907981873,-0.1691000610589981,0.5234408378601074,right,160.99146015085253,1
28,0.9342666666666667,93.505859375,,,,,,,,,,,,,,,,,,,,0.3979666233062744,0.4847009479999542,-0.1548503190279007,0.9999745488166809,0.40294668078422546,0.5871245861053467,-0.08263146877288818,0.4390791356563568,0.39189139008522034,0.6861409544944763,-0.007465209811925888,0.540432870388031,0.4654768407344818,0.7056277394294739,-0.1596892774105072,0.49398547410964966,right,161.45940909833723,1
29,0.9676333333333333,92.80896186828613,,,,,,,,,,,,,,,,,,,,0.39886829257011414,0.4850742518901825,-0.1578635424375534,0.9999745488166809,0.4025181531906128,0.5876873731613159,-0.07239680737257004,0.42720964550971985,0.390412300825119,0.6865833401679993,0.030672486871480942,0.5304818749427795,0.4655146598815918,0.70571368932724,-0.12103096395730972,0.48338666558265686,right,161.445606996551,1
30,1.0010000000000001,93.00518035888672,,,,,,,,,,,,,,,,,,,,0.3989679217338562,0.48510676622390747,-0.15954260528087616,0.9999746680259705,0.4022490978240967,0.5876693725585938,-0.0724685788154602,0.4181876480579376,0.3897330164909363,0.6867292523384094,0.029177507385611534,0.5207157135009766,0.4659470021724701,0.7057045102119446,-0.12707260251045227,0.4741060137748718,right,161.57897877089871,1
31,1.0343666666666667,94.13480758666992,,,,,,,,,,,,,,,,,,,,0.3990525007247925,0.48557227849960327,-0.15932035446166992,0.9999746084213257,0.4016522765159607,0.5876560807228088,-0.07207261770963669,0.40609118342399597,0.3887020945549011,0.6868241429328918,0.03221319243311882,0.5063628554344177,0.46599578857421875,0.7055997252464294,-0.12231779098510742,0.4609450399875641,right,162.06888758652636,1
32,1.0677333333333334,93.16372871398926,,,,,,,,,,,,,,,,,,,,0.39894136786460876,0.4856777489185333,-0.16100051999092102,0.9999752640724182,0.3999827206134796,0.587826132774353,-0.07170890271663666,0.4007768929004669,0.387649804353714,0.6871384382247925,0.0405702106654644,0.49728184938430786,0.4666663408279419,0.7055493593215942,-0.11513405293226242,0.4527866542339325,right,162.23611733495486,1
33,1.1011,92.71693229675293,,,,,,,,,,,,,,,,,,,,0.39803755283355713,0.4858495891094208,-0.16133132576942444,0.9999762177467346,0.3967248201370239,0.5882396101951599,-0.06719827651977539,0.4007418155670166,0.38544583320617676,0.6877593398094177,0.05696307495236397,0.49511924386024475,0.46652793884277344,0.7055937647819519,-0.09816529601812363,0.45143356919288635,right,162.5927503728435,1
34,1.1344666666666667,92.89026260375977,,,,,,,,,,,,,,,,,,,,0.3970696032047272,0.48603886365890503,-0.15860700607299805,0.9999767541885376,0.3951033651828766,0.5884094834327698,-0.06387423723936081,0.39574578404426575,0.3843276798725128,0.6880108118057251,0.057839199900627136,0.49105745553970337,0.46613556146621704,0.7056909799575806,-0.09323427826166153,0.4492305517196655,right,162.48183872037563,1
35,1.1678333333333333,93.86491775512695,,,,,,,,,,,,,,,,,,,,0.3940160870552063,0.48658064007759094,-0.15713953971862793,0.9999774694442749,0.39318084716796875,0.5887813568115234,-0.05870754271745682,0.3975808024406433,0.3837055563926697,0.6882824301719666,0.06156221404671669,0.49488595128059387,0.46600213646888733,0.7056989669799805,-0.08772716671228409,0.45409736037254333,right,162.69615540360132,1
36,1.2012,93.75214576721191,,,,,,,,,,,,,,,,,,,,0.39151015877723694,0.4865829348564148,-0.1558590978384018,0.999978244304657,0.3914334774017334,0.5888126492500305,-0.058901332318782806,0.4043101370334625,0.38356757164001465,0.6883731484413147,0.05606817826628685,0.5043736100196838,0.4660072922706604,0.7056774497032166,-0.09427796304225922,0.4645702838897705,right,162.94821442521973,1
37,1.2345666666666666,93.52898597717285,,,,,,,,,,,,,,,,,,,,0.38812732696533203,0.48666396737098694,-0.15643064677715302,0.9999793767929077,0.3893605172634125,0.5892190933227539,-0.05742689594626427,0.4147186279296875,0.3832278847694397,0.6886316537857056,0.059902776032686234,0.517780601978302,0.4657895863056183,0.7055585384368896,-0.09558355063199997,0.47811880707740784,right,163.62030878373497,1
38,1.2679333333333334,93.46413612365723,,,,,,,,,,,,,,,,,,,,0.38777026534080505,0.48793548345565796,-0.15646575391292572,0.9999804496765137,0.3894253075122833,0.5897806286811829,-0.03026258386671543,0.4268592596054077,0.38301724195480347,0.6887519955635071,0.09543056041002274,0.5342342257499695,0.46542954444885254,0.7050797939300537,-0.060227394104003906,0.4936966598033905,right,164.42676735925252,1
39,1.3013000000000001,94.2389965057373,,,,,,,,,,,,,,,,,,,,0.387433260679245,0.4882092773914337,-0.15791119635105133,0.9999813437461853,0.38960784673690796,0.5901377201080322,-0.023806028068065643,0.43184125423431396,0.3829967975616455,0.6887818574905396,0.10121189802885056,0.54388028383255,0.46469324827194214,0.7045522928237915,-0.05755216255784035,0.5019803643226624,right,164.53742485169454,1
40,1.3346666666666667,92.99707412719727,,,,,,,,,,,,,,,,,,,,0.38575422763824463,0.48884981870651245,-0.16065175831317902,0.9999818801879883,0.3889121115207672,0.5903361439704895,-0.019709216430783272,0.4311273992061615,0.3830292224884033,0.6887142658233643,0.10745283961296082,0.5504872798919678,0.46418020129203796,0.7044767737388611,-0.05394584685564041,0.506754457950592,right,164.7548218606095,1
41,1.3680333333333334,93.66798400878906,,,,,,,,,,,,,,,,,,,,0.3848077654838562,0.48945388197898865,-0.16198313236236572,0.9999822378158569,0.38835832476615906,0.5907590985298157,-0.003032147651538253,0.4320049583911896,0.3829996883869171,0.6887651085853577,0.13459447026252747,0.5570647716522217,0.46302321553230286,0.7046756148338318,-0.020939769223332405,0.5114502906799316,right,164.4795854574047,1
42,1.4014,93.99294853210449,,,,,,,,,,,,,,,,,,,,0.3838384747505188,0.4899986684322357,-0.16138127446174622,0.9999825358390808,0.38683268427848816,0.5915250182151794,0.0016023251228034496,0.43581581115722656,0.38270968198776245,0.6888700127601624,0.1458861231803894,0.5637956261634827,0.4619905352592468,0.7049810886383057,-0.0017259062733501196,0.5164249539375305,right,164.36447285917538,1
43,1.4347666666666667,92.82398223876953,,,,,,,,,,,,,,,,,,,,0.3832755982875824,0.4902285039424896,-0.16096149384975433,0.9999830722808838,0.38479289412498474,0.5919711589813232,-0.005316706839948893,0.44988659024238586,0.38252967596054077,0.6889106631278992,0.13451974093914032,0.5761942267417908,0.4619223475456238,0.7050613760948181,-0.012580467388033867,0.5273401141166687,right,164.3219570365769,1
44,1.4681333333333333,92.70501136779785,,,,,,,,,,,,,,,,,,,,0.3819185495376587,0.49021223187446594,-0.16108515858650208,0.9999834299087524,0.382858544588089,0.5919218063354492,-0.01894746534526348,0.45704320073127747,0.3820052444934845,0.6891666650772095,0.10983449220657349,0.5809857249259949,0.46193867921829224,0.705103874206543,-0.03390250355005264,0.5316845774650574,right,164.32602004642803,1
45,1.5015,92.92721748352051,,,,,,,,,,,,,,,,,,,,0.3816817104816437,0.4896256625652313,-0.15998712182044983,0.9999833106994629,0.38188111782073975,0.5918839573860168,-0.03526296094059944,0.4524727463722229,0.3818890452384949,0.6896104216575623,0.08462776243686676,0.5730342864990234,0.4622395634651184,0.7051165699958801,-0.05882849916815758,0.5243110656738281,right,164.35249113283567,1
46,1.5348666666666666,93.25909614562988,,,,,,,,,,,,,,,,,,,,0.38185834884643555,0.48949506878852844,-0.1597013771533966,0.9999833106994629,0.38218453526496887,0.591853678226471,-0.03864261880517006,0.4493154287338257,0.38177308440208435,0.6900280714035034,0.08138047158718109,0.5670677423477173,0.4628129303455353,0.7052527666091919,-0.0632375031709671,0.5188331007957458,right,164.2484782744197,1
47,1.5682333333333334,93.75977516174316,,,,,,,,,,,,,,,,,,,,0.3819218575954437,0.4894123673439026,-0.1598493903875351,0.9999834299087524,0.3823202848434448,0.5918363928794861,-0.04381075128912926,0.4516088366508484,0.3816547989845276,0.6901691555976868,0.07550347596406937,0.5675957202911377,0.46298253536224365,0.7054380774497986,-0.07298218458890915,0.5197789072990417,right,164.12146325603706,1
48,1.6016000000000001,92.62895584106445,,,,,,,,,,,,,,,,,,,,0.383318692445755,0.48913517594337463,-0.1598329395055771,0.9999836087226868,0.38291627168655396,0.5918174982070923,-0.045017343014478683,0.4564187824726105,0.3816734552383423,0.6903564929962158,0.07370453327894211,0.5729263424873352,0.46335500478744507,0.7056079506874084,-0.07581555098295212,0.5252671241760254,right,163.93750025196255,1
49,1.6349666666666667,92.91219711303711,,,,,,,,,,,,,,,,,,,,0.384650319814682,0.4891231954097748,-0.16002729535102844,0.9999839067459106,0.3833525478839874,0.591806948184967,-0.04419819638133049,0.46511349081993103,0.38167548179626465,0.6905543208122253,0.07584619522094727,0.5815441012382507,0.4639642834663391,0.7056719660758972,-0.07529236376285553,0.5341657400131226,right,163.84796071104802,1
50,1.6683333333333334,92.48900413513184,,,,,,,,,,,,,,,,,,,,0.3859279453754425,0.4891555905342102,-0.16157573461532593,0.9999844431877136,0.38419604301452637,0.591819703578949,-0.046570513397455215,0.47432997822761536,0.38166573643684387,0.6906803846359253,0.07678528875112534,0.589751660823822,0.46450361609458923,0.7056818008422852,-0.07536949217319489,0.5421402454376221,right,163.75346148744276,1
51,1.7017,92.13900566101074,,,,,,,,,,,,,,,,,,,,0.3881247937679291,0.489157110452652,-0.1618991643190384,0.9999849796295166,0.3856339752674103,0.5916898846626282,-0.04562130570411682,0.49154263734817505,0.3816527724266052,0.6907389163970947,0.0774393379688263,0.605070948600769,0.46484601497650146,0.7056852579116821,-0.07430998235940933,0.5568525195121765,right,163.65840184605995,1
52,1.7350666666666668,93.01567077636719,,,,,,,,,,,,,,,,,,,,0.3894989490509033,0.4891519248485565,-0.16052290797233582,0.9999852180480957,0.3870312571525574,0.5913148522377014,-0.04844682663679123,0.506780743598938,0.3816695511341095,0.6907333731651306,0.06496879458427429,0.6186741590499878,0.4649062156677246,0.7056894898414612,-0.0869733914732933,0.5707657337188721,right,163.31836776898277,1
53,1.7684333333333333,92.75174140930176,,,,,,,,,,,,,,,,,,,,0.39049240946769714,0.4892224967479706,-0.16106878221035004,0.9999855756759644,0.388211727142334,0.591084897518158,-0.05229955539107323,0.5193275809288025,0.3816729187965393,0.6907206773757935,0.05963624268770218,0.6299653053283691,0.46491768956184387,0.7056930065155029,-0.09178639203310013,0.582213282585144,right,163.02569016510077,1
54,1.8018,93.01090240478516,,,,,,,,,,,,,,,,,,,,0.39305445551872253,0.4900817275047302,-0.16146083176136017,0.9999858736991882,0.3893740177154541,0.5910307168960571,-0.051496706902980804,0.527929961681366,0.3816770911216736,0.6906078457832336,0.062464479357004166,0.6378862261772156,0.4649827480316162,0.7056468725204468,-0.0884721577167511,0.5892747044563293,right,162.65471089247626,1
55,1.8351666666666666,92.4978256225586,,,,,,,,,,,,,,,,,,,,0.3946898281574249,0.4906888008117676,-0.1617252677679062,0.9999861717224121,0.3905218839645386,0.5908893942832947,-0.04975135624408722,0.5392019748687744,0.381607323884964,0.690043568611145,0.07386384904384613,0.6492323875427246,0.46484285593032837,0.7057140469551086,-0.07559020817279816,0.6004320979118347,right,162.27285937455378,1
56,1.8685333333333334,92.91696548461914,,,,,,,,,,,,,,,,,,,,0.3944380283355713,0.4913419485092163,-0.16167610883712769,0.9999861717224121,0.3905247449874878,0.5910628437995911,-0.03871794790029526,0.549186110496521,0.3816511034965515,0.6897742748260498,0.09548322856426239,0.6585657000541687,0.4644765555858612,0.7057888507843018,-0.05267166718840599,0.6100191473960876,right,162.24460648764858,1
57,1.9019,93.05500984191895,,,,,,,,,,,,,,,,,,,,0.39333587884902954,0.4912995994091034,-0.16180545091629028,0.9999852180480957,0.39067307114601135,0.5908949375152588,-0.03284519538283348,0.5505113005638123,0.38172170519828796,0.6893336772918701,0.10715200006961823,0.6606696844100952,0.46397873759269714,0.7058497667312622,-0.039508309215307236,0.6132066249847412,right,162.35352432540427,1
58,1.9352666666666667,92.2698974609375,,,,,,,,,,,,,,,,,,,,0.39100754261016846,0.4913679361343384,-0.1614910513162613,0.9999845027923584,0.3907283842563629,0.5908253192901611,-0.030121909454464912,0.551506757736206,0.3817579746246338,0.6890023350715637,0.11350972205400467,0.6632782816886902,0.4636874496936798,0.7058545351028442,-0.03518381342291832,0.6182354688644409,right,162.26260068717184,1
59,1.9686333333333335,93.75286102294922,,,,,,,,,,,,,,,,,,,,0.38986027240753174,0.49148714542388916,-0.16175220906734467,0.9999832510948181,0.3910388648509979,0.59080570936203,-0.02903246134519577,0.5579053163528442,0.3819594383239746,0.6886757016181946,0.11057371646165848,0.6691038608551025,0.4634794294834137,0.7058581709861755,-0.033992089331150055,0.626616895198822,right,162.27929223175437,1
60,2.0020000000000002,93.86897087097168,,,,,,,,,,,,,,,,,,,,0.38926076889038086,0.4914940595626831,-0.16276125609874725,0.9999814033508301,0.3918006420135498,0.5907045006752014,-0.04834999889135361,0.5625894665718079,0.38217347860336304,0.6882137060165405,0.07370685040950775,0.6708947420120239,0.463422954082489,0.7058614492416382,-0.06355883181095123,0.6309199929237366,right,162.18171133099537,1
61,2.0353666666666665,93.16706657409668,,,,,,,,,,,,,,,,,,,,0.38927900791168213,0.4913834035396576,-0.1628018617630005,0.9999796152114868,0.39379793405532837,0.5903488397598267,-0.0412970595061779,0.561340868473053,0.3824743628501892,0.6877711415290833,0.08342765271663666,0.6691448092460632,0.46341824531555176,0.705801248550415,-0.038015831261873245,0.6313844323158264,right,161.9316952576617,1
62,2.0687333333333333,93.37973594665527,,,,,,,,,,,,,,,,,,,,0.3892773389816284,0.49138399958610535,-0.16301263868808746,0.9999781847000122,0.3948437571525574,0.5903387665748596,-0.043839797377586365,0.5788060426712036,0.38247784972190857,0.6877506971359253,0.08099707216024399,0.6831324696540833,0.4634076952934265,0.7056980133056641,-0.041517794132232666,0.646790087223053,right,161.91195730797256,1
63,2.1021,93.76001358032227,,,,,,,,,,,,,,,,,,,,0.3883560597896576,0.4913283586502075,-0.16295814514160156,0.9999775290489197,0.3954324424266815,0.5902802348136902,-0.05896146222949028,0.6084976196289062,0.3824727237224579,0.6877550482749939,0.057317156344652176,0.7070452570915222,0.4635523557662964,0.7056577801704407,-0.06574348360300064,0.671954870223999,right,162.01231843842294,1
64,2.135466666666667,93.31989288330078,,,,,,,,,,,,,,,,,,,,0.38824811577796936,0.49095189571380615,-0.16308991611003876,0.9999773502349854,0.39648178219795227,0.5896940231323242,-0.06678331643342972,0.6365507245063782,0.38240548968315125,0.6878030300140381,0.028872273862361908,0.7296921610832214,0.4635928273200989,0.7056132555007935,-0.08432168513536453,0.6966327428817749,right,162.1996825846341,1
65,2.168833333333333,92.9117202758789,,,,,,,,,,,,,,,,,,,,0.38639384508132935,0.4885609447956085,-0.16098712384700775,0.9999773502349854,0.39663663506507874,0.5892254710197449,-0.07694321870803833,0.6566004157066345,0.38240039348602295,0.687850832939148,0.016867129132151604,0.7457963824272156,0.46354496479034424,0.7056637406349182,-0.09638858586549759,0.7144324779510498,right,162.0328419636985,1
66,2.2022,92.59486198425293,,,,,,,,,,,,,,,,,,,,0.38189709186553955,0.4876132309436798,-0.1601431667804718,0.9999769926071167,0.3965719938278198,0.5888349413871765,-0.08672257512807846,0.6644055247306824,0.3821869492530823,0.687878429889679,-0.007200915832072496,0.751054584980011,0.46319273114204407,0.7056675553321838,-0.12115161865949631,0.7208080291748047,right,161.94184086358422,1
67,2.2355666666666667,93.16611289978027,,,,,,,,,,,,,,,,,,,,0.3785784840583801,0.48660027980804443,-0.16018058359622955,0.9999762773513794,0.39617761969566345,0.5881445407867432,-0.09054066985845566,0.6704581379890442,0.38218680024147034,0.6880777478218079,-0.010168008506298065,0.7552940845489502,0.46362146735191345,0.7056640386581421,-0.1236463189125061,0.7251421213150024,right,162.11394411708102,1
68,2.2689333333333335,92.2689437866211,,,,,,,,,,,,,,,,,,,,0.3738556206226349,0.4850928485393524,-0.1609543412923813,0.999975860118866,0.39284807443618774,0.586689829826355,-0.09426471590995789,0.6623215675354004,0.3818678557872772,0.6879110932350159,-0.028319034725427628,0.7513213157653809,0.46295273303985596,0.7056950926780701,-0.15456819534301758,0.7198857069015503,right,162.4215937195427,1
69,2.3023000000000002,92.05794334411621,,,,,,,,,,,,,,,,,,,,0.37348800897598267,0.48487424850463867,-0.16438497602939606,0.999976634979248,0.39215654134750366,0.5867640972137451,-0.09624777734279633,0.6752834916114807,0.38153108954429626,0.6881438493728638,-0.006182622164487839,0.7619675397872925,0.46296337246894836,0.7058738470077515,-0.13321064412593842,0.7296891212463379,right,162.88584129425604,1
70,2.3356666666666666,93.13106536865234,,,,,,,,,,,,,,,,,,,,0.37337222695350647,0.48450613021850586,-0.1643403321504593,0.9999768733978271,0.3920390009880066,0.5867401361465454,-0.09020715951919556,0.6853973865509033,0.38140010833740234,0.6885206699371338,-0.004787192214280367,0.7719461917877197,0.4636276662349701,0.706220805644989,-0.1291605681180954,0.7370545864105225,right,163.94222132101052,1
71,2.3690333333333333,93.09220314025879,,,,,,,,,,,,,,,,,,,,0.36870166659355164,0.4845636188983917,-0.16431942582130432,0.9999763369560242,0.39205580949783325,0.5867851972579956,-0.08763671666383743,0.6903056502342224,0.3811364769935608,0.6886093020439148,-0.0011394147295504808,0.7787457704544067,0.4634184241294861,0.7065111398696899,-0.1252729296684265,0.7417364716529846,right,162.81285621553565,1
72,2.4024,92.43011474609375,,,,,,,,,,,,,,,,,,,,0.3634796738624573,0.4854470491409302,-0.1634865254163742,0.9999727010726929,0.3922222852706909,0.5875940918922424,-0.07155939191579819,0.6846234798431396,0.38309532403945923,0.6886417865753174,0.04120083153247833,0.7762247920036316,0.46343764662742615,0.7065058350563049,-0.0782661885023117,0.7341586351394653,right,161.1920303994719,1
73,2.435766666666667,92.83828735351562,,,,,,,,,,,,,,,,,,,,0.36150476336479187,0.4882742464542389,-0.16384954750537872,0.9999629259109497,0.39275145530700684,0.5893602967262268,-0.05659493803977966,0.6800151467323303,0.3847694396972656,0.6890960335731506,0.05974043533205986,0.7782419919967651,0.46446317434310913,0.706434428691864,-0.07089109718799591,0.731926679611206,right,160.3310103692401,1
74,2.469133333333333,93.55497360229492,,,,,,,,,,,,,,,,,,,,0.3568994998931885,0.4924030303955078,-0.1643945723772049,0.9999505281448364,0.3956601321697235,0.5896108746528625,-0.058937400579452515,0.6946234107017517,0.38471513986587524,0.6895933747291565,0.05277518555521965,0.7940285205841064,0.4644574820995331,0.7066920399665833,-0.07723778486251831,0.7489606738090515,right,157.88688686956607,1
75,2.5025,94.03705596923828,,,,,,,,,,,,,,,,,,,,0.35425278544425964,0.49671778082847595,-0.1648126095533371,0.9999484419822693,0.396343857049942,0.5897997617721558,-0.02099871076643467,0.7077478170394897,0.3844617009162903,0.6896704435348511,0.12762688100337982,0.8080612421035767,0.46388882398605347,0.7067185044288635,-0.00017834591562859714,0.763205349445343,right,156.61789290238255,1
76,2.5358666666666667,93.4290885925293,,,,,,,,,,,,,,,,,,,,0.34979012608528137,0.4992624819278717,-0.1643957644701004,0.9999327063560486,0.39924636483192444,0.5897598266601562,-0.02946537360548973,0.7189868688583374,0.384430855512619,0.689670205116272,0.09687818586826324,0.8210172653198242,0.4640905559062958,0.7060657143592834,-0.02806590124964714,0.776810348033905,right,154.34249060281513,1
77,2.5692333333333335,91.7198657989502,,,,,,,,,,,,,,,,,,,,0.34672844409942627,0.5018388032913208,-0.1641155630350113,0.9999221563339233,0.40452903509140015,0.5899388194084167,-0.03653533011674881,0.7315722703933716,0.3844784200191498,0.6893282532691956,0.0837174654006958,0.8334746360778809,0.46405747532844543,0.7056677937507629,-0.03653712198138237,0.7905487418174744,right,151.86800352697384,1
78,2.6026000000000002,92.10824966430664,,,,,,,,,,,,,,,,,,,,0.34444016218185425,0.5039100646972656,-0.16377882659435272,0.9999186992645264,0.40915974974632263,0.5900307893753052,-0.07391829788684845,0.7469783425331116,0.38576751947402954,0.6883017420768738,0.016559137031435966,0.8465982675552368,0.4639686644077301,0.7056124210357666,-0.07975367456674576,0.8062564730644226,right,145.30337037926145,1
79,2.6359666666666666,93.08576583862305,,,,,,,,,,,,,,,,,,,,0.3411746323108673,0.5038543939590454,-0.16238662600517273,0.9999136924743652,0.4141785204410553,0.5900519490242004,-0.11547089368104935,0.767293393611908,0.38570383191108704,0.6883075833320618,-0.023394452407956123,0.8603644371032715,0.4639628231525421,0.7058485746383667,-0.1290670931339264,0.8234915733337402,right,141.44912674204582,1
80,2.6693333333333333,92.79298782348633,,,,,,,,,,,,,,,,,,,,0.3385300040245056,0.5078093409538269,-0.16236279904842377,0.9999099969863892,0.4192453920841217,0.5900458693504333,-0.11735179275274277,0.7856588363647461,0.3856258690357208,0.6883218884468079,-0.007370574865490198,0.8728599548339844,0.4636527895927429,0.7058752179145813,-0.10912027955055237,0.8391168713569641,right,134.26298597675296,1
81,2.7027,92.21410751342773,,,,,,,,,,,,,,,,,,,,0.3372790813446045,0.5101417303085327,-0.16812072694301605,0.9999082684516907,0.4233438968658447,0.5903230905532837,-0.11739808320999146,0.8018921613693237,0.3857111632823944,0.6882983446121216,-0.0027914943639189005,0.8840034008026123,0.46364396810531616,0.7058171629905701,-0.10130739957094193,0.8530601263046265,right,130.75643747261967,1
82,2.736066666666667,92.3159122467041,,,,,,,,,,,,,,,,,,,,0.3392179608345032,0.5127031803131104,-0.17072781920433044,0.9999076724052429,0.4301215708255768,0.5910789370536804,-0.11092469096183777,0.8194012641906738,0.3862467408180237,0.6887242794036865,0.0006393879884853959,0.8948526382446289,0.4638194143772125,0.706020176410675,-0.0992835983633995,0.8666689991950989,right,127.66018803195674,1
83,2.769433333333333,92.31686592102051,,,,,,,,,,,,,,,,,,,,0.33973318338394165,0.51625657081604,-0.16497112810611725,0.9999083280563354,0.43562331795692444,0.5916063785552979,-0.12232808768749237,0.8356313705444336,0.38756197690963745,0.6890528798103333,-0.014668400399386883,0.9047881364822388,0.46383026242256165,0.7065905332565308,-0.09626059979200363,0.8792452812194824,right,122.90614159110295,1
84,2.8028,92.82207489013672,,,,,,,,,,,,,,,,,,,,0.33950814604759216,0.5185964107513428,-0.16366823017597198,0.9999092221260071,0.44245073199272156,0.5923144221305847,-0.13665343821048737,0.8502246141433716,0.38766470551490784,0.6895186305046082,-0.03486384451389313,0.9136856198310852,0.46371376514434814,0.7066320180892944,-0.10210257023572922,0.8905235528945923,right,114.03728393226211,1
85,2.8361666666666667,93.21212768554688,,,,,,,,,,,,,,,,,,,,0.33964967727661133,0.5223637223243713,-0.16368089616298676,0.9999111890792847,0.4479484260082245,0.5928686857223511,-0.14105071127414703,0.8637658953666687,0.3878513276576996,0.6898437142372131,-0.028487835079431534,0.9218664169311523,0.4637805223464966,0.7065545320510864,-0.09557817876338959,0.9008869528770447,right,109.09377023480083,1
86,2.8695333333333335,92.25702285766602,,,,,,,,,,,,,,,,,,,,0.3381146490573883,0.524814784526825,-0.16042304039001465,0.9999109506607056,0.4490119516849518,0.593217134475708,-0.13438908755779266,0.874917209148407,0.38780486583709717,0.6901004314422607,-0.027939997613430023,0.9290231466293335,0.4637703001499176,0.7065047025680542,-0.08855673670768738,0.9100213646888733,right,106.83493809866613,1
87,2.9029000000000003,92.66495704650879,,,,,,,,,,,,,,,,,,,,0.3353320062160492,0.5255693197250366,-0.15696820616722107,0.9999133944511414,0.4517233669757843,0.5939552187919617,-0.1361454278230667,0.8859359622001648,0.38767725229263306,0.6906164288520813,-0.02130071446299553,0.9356806874275208,0.4634109139442444,0.7064679861068726,-0.05797265097498894,0.9185125231742859,right,104.84843425262139,1
88,2.9362666666666666,93.94311904907227,,,,,,,,,,,,,,,,,,,,0.33059537410736084,0.5271590352058411,-0.15585047006607056,0.9999130964279175,0.45154568552970886,0.5939630270004272,-0.14626632630825043,0.8942693471908569,0.3876653015613556,0.6906226277351379,-0.029370838776230812,0.9411687254905701,0.46362313628196716,0.7053528428077698,-0.06461124867200851,0.9257408976554871,right,104.54587080222043,1
89,2.9696333333333333,92.89288520812988,,,,,,,,,,,,,,,,,,,,0.32692578434944153,0.5288497805595398,-0.15321405231952667,0.9999114274978638,0.45150941610336304,0.5943262577056885,-0.14580771327018738,0.8946628570556641,0.3876327872276306,0.6906031966209412,-0.030777331441640854,0.9437098503112793,0.4636423885822296,0.7053643465042114,-0.06845933198928833,0.9303678274154663,right,104.68971843042594,1
90,3.003,94.49100494384766,,,,,,,,,,,,,,,,,,,,0.32618337869644165,0.5301975607872009,-0.15051811933517456,0.9999105334281921,0.45094603300094604,0.5947209000587463,-0.14081047475337982,0.8921772837638855,0.38763904571533203,0.6903463006019592,-0.026824505999684334,0.9450881481170654,0.4636932909488678,0.7050463557243347,-0.0627368912100792,0.9338544011116028,right,104.15542756400276,1
91,3.036366666666667,93.04499626159668,,,,,,,,,,,,,,,,,,,,0.3220750093460083,0.5315240025520325,-0.14785881340503693,0.9999118447303772,0.4507768154144287,0.5948280096054077,-0.14288544654846191,0.893606960773468,0.3872547149658203,0.6902756094932556,-0.03259889408946037,0.9477772116661072,0.4634907841682434,0.7049843072891235,-0.06594991683959961,0.938350260257721,right,102.39298709040939,1
92,3.069733333333333,93.12319755554199,,,,,,,,,,,,,,,,,,,,0.31985849142074585,0.5321708917617798,-0.1478366255760193,0.9999130368232727,0.45145660638809204,0.5949193835258484,-0.14346686005592346,0.8951625823974609,0.3857283294200897,0.6905120611190796,-0.03359704464673996,0.9502043128013611,0.4635675847530365,0.7049919962882996,-0.06727525591850281,0.9423578977584839,right,101.62486082851255,1
93,3.1031,92.38696098327637,,,,,,,,,,,,,,,,,,,,0.3168051242828369,0.532808780670166,-0.1498199999332428,0.9999175071716309,0.4515294134616852,0.595043420791626,-0.1418129950761795,0.9029482007026672,0.38555335998535156,0.6906185746192932,-0.03105933964252472,0.954496443271637,0.4645242989063263,0.7049950957298279,-0.06458667665719986,0.9474519491195679,right,101.7789050948761,1
94,3.1364666666666667,91.88008308410645,,,,,,,,,,,,,,,,,,,,0.31381118297576904,0.533837080001831,-0.15285786986351013,0.9999206066131592,0.4514443576335907,0.5951668620109558,-0.15591339766979218,0.9109101295471191,0.38460448384284973,0.6910967230796814,-0.04120222106575966,0.9585705399513245,0.4645262658596039,0.7052137851715088,-0.08669978380203247,0.9522705078125,right,101.57262665454469,1
95,3.1698333333333335,92.85497665405273,,,,,,,,,,,,,,,,,,,,0.3126050531864166,0.5348826050758362,-0.15621167421340942,0.9999253749847412,0.4512469172477722,0.5957993268966675,-0.15180683135986328,0.916785717010498,0.3835477828979492,0.6910927295684814,-0.033886782824993134,0.961876630783081,0.4641111493110657,0.7047998905181885,-0.07534263283014297,0.9561967849731445,right,102.30327803352974,1
96,3.2032000000000003,93.45579147338867,,,,,,,,,,,,,,,,,,,,0.31125950813293457,0.5362075567245483,-0.15616779029369354,0.9999288320541382,0.4512324929237366,0.595801055431366,-0.13127270340919495,0.9213626384735107,0.38353973627090454,0.6909272074699402,0.015927469357848167,0.9647262096405029,0.46227359771728516,0.7047854661941528,-0.01804722473025322,0.9595423340797424,right,102.03625802304362,1
97,3.2365666666666666,92.19098091125488,,,,,,,,,,,,,,,,,,,,0.309364378452301,0.5381279587745667,-0.15085189044475555,0.9999324083328247,0.4515599310398102,0.5957844853401184,-0.12214187532663345,0.925488293170929,0.3835570812225342,0.6900469660758972,0.033297549933195114,0.967162549495697,0.4620860517024994,0.7039915919303894,0.0185726098716259,0.9624717235565186,right,99.60324954561246,1
98,3.2699333333333334,92.78297424316406,,,,,,,,,,,,,,,,,,,,0.30615416169166565,0.5394781231880188,-0.14976570010185242,0.9999355673789978,0.45164716243743896,0.5956858396530151,-0.12386003881692886,0.9299015998840332,0.3837054669857025,0.6898899078369141,0.017477938905358315,0.9694634675979614,0.4620341360569,0.703328549861908,-0.0066822790540754795,0.9653940796852112,right,98.00756122494444,1
99,3.3033,92.24700927734375,,,,,,,,,,,,,,,,,,,,0.3037410080432892,0.5404384136199951,-0.1498156189918518,0.9999395608901978,0.4522799253463745,0.5957559943199158,-0.11681029200553894,0.9350851774215698,0.38545161485671997,0.6897718906402588,0.035028088837862015,0.9717790484428406,0.46310123801231384,0.7032402753829956,0.02899237908422947,0.9681738615036011,right,97.80371666621532,1
100,3.336666666666667,92.20314025878906,,,,,,,,,,,,,,,,,,,,0.3019152879714966,0.5419338941574097,-0.14999781548976898,0.9999437928199768,0.4526108205318451,0.5958839654922485,-0.11671540141105652,0.9403253793716431,0.3861401379108429,0.6887694001197815,0.0357741117477417,0.9741098284721375,0.4630909264087677,0.7033491730690002,0.031052546575665474,0.9708870649337769,right,94.66537227604063,1
101,3.370033333333333,92.12279319763184,,,,,,,,,,,,,,,,,,,,0.29967960715293884,0.5428360104560852,-0.15175950527191162,0.9999478459358215,0.45275571942329407,0.5959346890449524,-0.11738885939121246,0.9454009532928467,0.38734596967697144,0.6884211301803589,0.032016362994909286,0.9763299226760864,0.4640316665172577,0.7033177614212036,0.023866279050707817,0.9734493494033813,right,94.10206310339973,1
102,3.4034,92.24081039428711,,,,,,,,,,,,,,,,,,,,0.2961168885231018,0.5443267226219177,-0.1541454941034317,0.9999517202377319,0.4527643918991089,0.595934271812439,-0.11560669541358948,0.9498132467269897,0.3873198628425598,0.6882725954055786,0.03728828579187393,0.9782314300537109,0.4645788073539734,0.703274130821228,0.029684625566005707,0.975662350654602,right,93.32025466769939,1
103,3.4367666666666667,92.44203567504883,,,,,,,,,,,,,,,,,,,,0.2929532825946808,0.5458135604858398,-0.1541304886341095,0.9999549984931946,0.45279863476753235,0.5961517095565796,-0.11682333052158356,0.9539146423339844,0.3872939646244049,0.6880789995193481,0.031142786145210266,0.9799968004226685,0.46447446942329407,0.7035048007965088,0.023647110909223557,0.9777420163154602,right,92.18500657651931,1
104,3.4701333333333335,92.35906600952148,,,,,,,,,,,,,,,,,,,,0.29130780696868896,0.5483277440071106,-0.15382108092308044,0.999957799911499,0.45318305492401123,0.5963344573974609,-0.11901204288005829,0.9575576782226562,0.3873627781867981,0.6878389716148376,0.02683933824300766,0.9815933704376221,0.46446719765663147,0.7037881016731262,0.01612689346075058,0.9796184301376343,right,91.48605712925396,1
105,3.5035000000000003,92.96298027038574,,,,,,,,,,,,,,,,,,,,0.291120707988739,0.5502142310142517,-0.1535176932811737,0.9999598860740662,0.45337358117103577,0.5967918038368225,-0.11962465196847916,0.9596746563911438,0.38735905289649963,0.6881997585296631,0.025467198342084885,0.9825917482376099,0.4646841287612915,0.7037912011146545,0.01252803299576044,0.980901837348938,right,92.10284674351904,1
106,3.5368666666666666,93.40286254882812,,,,,,,,,,,,,,,,,,,,0.2897419333457947,0.5519521832466125,-0.1535150706768036,0.9999620914459229,0.4535268545150757,0.5972409844398499,-0.12005496770143509,0.9622544646263123,0.38732558488845825,0.6886195540428162,0.02420045994222164,0.9837086796760559,0.4645916223526001,0.7040640115737915,0.012081163935363293,0.98224276304245,right,92.32487067717345,1
107,3.5702333333333334,92.12994575500488,,,,,,,,,,,,,,,,,,,,0.28991055488586426,0.5529557466506958,-0.15407565236091614,0.9999629855155945,0.4539855122566223,0.5976827144622803,-0.12110719829797745,0.9631439447402954,0.3873346149921417,0.6886953115463257,0.02879442274570465,0.9840230345726013,0.4647870659828186,0.7042654156684875,0.021609114482998848,0.9828264713287354,right,92.1715023410088,1
108,3.6036,91.90702438354492,,,,,,,,,,,,,,,,,,,,0.28949111700057983,0.5542875528335571,-0.15417933464050293,0.9999639391899109,0.4547426402568817,0.5976674556732178,-0.1185508444905281,0.9638532400131226,0.3872675895690918,0.6886959075927734,0.053829144686460495,0.9840592741966248,0.46472886204719543,0.7042674422264099,0.06562181562185287,0.9831287264823914,right,89.49214550609022,1
109,3.636966666666667,92.48805046081543,,,,,,,,,,,,,,,,,,,,0.28996968269348145,0.5546798706054688,-0.15466460585594177,0.9999644756317139,0.4553154408931732,0.597629964351654,-0.11888713389635086,0.9632784128189087,0.3871996998786926,0.6883585453033447,0.0522485077381134,0.9833894371986389,0.4638782739639282,0.7045027613639832,0.06149061769247055,0.9827988147735596,right,88.20499457254051,1
110,3.6703333333333332,92.93317794799805,,,,,,,,,,,,,,,,,,,,0.2900077998638153,0.5550377368927002,-0.15435901284217834,0.999965250492096,0.45570680499076843,0.597746729850769,-0.11630493402481079,0.9621223211288452,0.3867662250995636,0.688383936882019,0.05681980401277542,0.9824649691581726,0.4638744294643402,0.7045547366142273,0.06909593194723129,0.9821833968162537,right,87.33181346951308,1
111,3.7037,93.08815002441406,,,,,,,,,,,,,,,,,,,,0.289211243391037,0.5549779534339905,-0.15446718037128448,0.9999659657478333,0.45612651109695435,0.5980768203735352,-0.11564460396766663,0.9616125226020813,0.38663217425346375,0.6885024309158325,0.057319559156894684,0.9820734858512878,0.46401000022888184,0.7045561671257019,0.06671839952468872,0.9820048213005066,right,87.66833140512634,1
112,3.7370666666666668,91.54295921325684,,,,,,,,,,,,,,,,,,,,0.28890034556388855,0.5546939373016357,-0.1553128957748413,0.9999666810035706,0.4563020169734955,0.5986207723617554,-0.11722862720489502,0.960996150970459,0.38621729612350464,0.6885824799537659,0.0528256930410862,0.9814090132713318,0.46401503682136536,0.7045480608940125,0.057668257504701614,0.9815989136695862,right,87.8442080705779,1
113,3.7704333333333335,93.16682815551758,,,,,,,,,,,,,,,,,,,,0.28905990719795227,0.5543391108512878,-0.15535935759544373,0.9999672770500183,0.456448495388031,0.5987741947174072,-0.11619329452514648,0.9601277112960815,0.38621360063552856,0.6883293986320496,0.05653247982263565,0.9807978272438049,0.4641742408275604,0.7045159935951233,0.06273359805345535,0.9811705946922302,right,87.97158519074729,1
114,3.8038,93.10317039489746,,,,,,,,,,,,,,,,,,,,0.2906651496887207,0.55428147315979,-0.155701145529747,0.9999673962593079,0.457034707069397,0.5987816452980042,-0.11548200994729996,0.9592563509941101,0.38621726632118225,0.6882594227790833,0.057621847838163376,0.9803569316864014,0.4644399881362915,0.7045020461082458,0.06035664305090904,0.9808225035667419,right,88.07319907930508,1
115,3.8371666666666666,93.39118003845215,,,,,,,,,,,,,,,,,,,,0.29157865047454834,0.5530068874359131,-0.15570051968097687,0.9999675154685974,0.45717552304267883,0.5989198088645935,-0.11304179579019547,0.9597074389457703,0.38621991872787476,0.6881707906723022,0.055590689182281494,0.980749785900116,0.46455371379852295,0.7044779658317566,0.057695887982845306,0.9812167882919312,right,88.567070232319,1
116,3.8705333333333334,92.92984008789062,,,,,,,,,,,,,,,,,,,,0.29340630769729614,0.5507147908210754,-0.15569902956485748,0.9999662637710571,0.45708730816841125,0.5989335775375366,-0.11368279159069061,0.9606926441192627,0.38614967465400696,0.6883419752120972,0.028467167168855667,0.9815199971199036,0.46492475271224976,0.7044401168823242,0.005194209050387144,0.9818750023841858,right,90.68803516402114,1
117,3.9039,93.50800514221191,,,,,,,,,,,,,,,,,,,,0.29454517364501953,0.547518789768219,-0.15569758415222168,0.9999668598175049,0.45708075165748596,0.5989025831222534,-0.11276516318321228,0.9626976251602173,0.3861321806907654,0.688315212726593,0.031876735389232635,0.9826154112815857,0.46492841839790344,0.7043558359146118,0.01800275221467018,0.9829001426696777,right,91.68233510608545,1
118,3.937266666666667,94.18511390686035,,,,,,,,,,,,,,,,,,,,0.296036958694458,0.5440484881401062,-0.15692847967147827,0.9999665021896362,0.45670220255851746,0.5988982319831848,-0.12047450989484787,0.9640085697174072,0.38585034012794495,0.6886542439460754,0.023419208824634552,0.9833344221115112,0.46473950147628784,0.7042962312698364,0.009055886417627335,0.9836854338645935,right,94.58908400070406,1
119,3.9706333333333332,94.16007995605469,,,,,,,,,,,,,,,,,,,,0.2986113429069519,0.5401971936225891,-0.16076278686523438,0.9999656081199646,0.45458537340164185,0.598577618598938,-0.13538877665996552,0.9653543829917908,0.38575172424316406,0.6891737580299377,-0.004826420918107033,0.9839433431625366,0.4646681547164917,0.7043032050132751,-0.026658209040760994,0.9843680262565613,right,98.41906806823462,1
120,4.0040000000000004,93.32609176635742,,,,,,,,,,,,,,,,,,,,0.2999902367591858,0.5358759164810181,-0.16294312477111816,0.999963641166687,0.4524315595626831,0.5974792242050171,-0.15352462232112885,0.9657315015792847,0.3854205012321472,0.6894324421882629,-0.035033129155635834,0.9840839505195618,0.4644180238246918,0.7043231725692749,-0.06345049291849136,0.9847245216369629,right,101.76433100557779,1
121,4.037366666666666,93.48607063293457,,,,,,,,,,,,,,,,,,,,0.30256274342536926,0.5317173600196838,-0.16304096579551697,0.9999606609344482,0.4491514563560486,0.597055971622467,-0.15898752212524414,0.9650230407714844,0.3854072690010071,0.6895402669906616,-0.05590803176164627,0.9837992787361145,0.46424341201782227,0.7043235898017883,-0.09581474959850311,0.9846923351287842,right,107.67797638786138,1
122,4.070733333333333,93.5678482055664,,,,,,,,,,,,,,,,,,,,0.30512216687202454,0.527262270450592,-0.1630474179983139,0.9999549984931946,0.44670531153678894,0.5967837572097778,-0.17113208770751953,0.9650775194168091,0.3853146731853485,0.6895854473114014,-0.05553121492266655,0.9837137460708618,0.46453502774238586,0.7045007348060608,-0.09071016311645508,0.9848331809043884,right,109.49711396048636,1
123,4.1041,93.87898445129395,,,,,,,,,,,,,,,,,,,,0.30852219462394714,0.5219204425811768,-0.16594797372817993,0.9999459981918335,0.4446495473384857,0.5965111255645752,-0.18627150356769562,0.9649540781974792,0.3854536712169647,0.6897415518760681,-0.07674655318260193,0.9837175011634827,0.4645310342311859,0.7045134902000427,-0.13730481266975403,0.9848503470420837,right,112.61012347647241,1
124,4.137466666666667,93.39380264282227,,,,,,,,,,,,,,,,,,,,0.3138267397880554,0.5177820324897766,-0.16557563841342926,0.999941885471344,0.4414833188056946,0.5960150957107544,-0.1817832738161087,0.9655932784080505,0.38571932911872864,0.6901593804359436,-0.08267328143119812,0.984006941318512,0.4653419554233551,0.7041729688644409,-0.14079570770263672,0.9851848483085632,right,115.37148330090392,1
125,4.170833333333333,92.7572250366211,,,,,,,,,,,,,,,,,,,,0.31679657101631165,0.5137767195701599,-0.16394591331481934,0.9999393820762634,0.43787863850593567,0.5956037640571594,-0.17320503294467926,0.9618099331855774,0.3857240080833435,0.690194308757782,-0.06393774598836899,0.9818168878555298,0.4650357663631439,0.7039578557014465,-0.11194626986980438,0.9830076098442078,right,117.18432119798554,1
126,4.2042,92.81420707702637,,,,,,,,,,,,,,,,,,,,0.3192773759365082,0.5100901126861572,-0.15826043486595154,0.999936044216156,0.4343201816082001,0.5942795872688293,-0.1697552502155304,0.9591042995452881,0.38572463393211365,0.6904991865158081,-0.07286228239536285,0.9806002378463745,0.4650444984436035,0.7040622234344482,-0.13361521065235138,0.9813810586929321,right,123.25300974567794,1
127,4.237566666666667,92.95105934143066,,,,,,,,,,,,,,,,,,,,0.3217056691646576,0.5106414556503296,-0.15763717889785767,0.9999324083328247,0.42813652753829956,0.5942274332046509,-0.14246022701263428,0.9592984914779663,0.3850981891155243,0.6915113925933838,-0.05300692468881607,0.9812250733375549,0.46462705731391907,0.7047205567359924,-0.12008114904165268,0.9812495112419128,right,129.26876668924535,1
128,4.270933333333334,92.69022941589355,,,,,,,,,,,,,,,,,,,,0.3240872025489807,0.5054838061332703,-0.15773966908454895,0.9999324679374695,0.42528319358825684,0.5923267006874084,-0.135994091629982,0.9593897461891174,0.3850433826446533,0.6915785074234009,-0.05580056086182594,0.9817869067192078,0.465092271566391,0.704897940158844,-0.14361323416233063,0.981213390827179,right,134.18489446762965,1
129,4.3043000000000005,92.44012832641602,,,,,,,,,,,,,,,,,,,,0.3317612409591675,0.5014811158180237,-0.16029956936836243,0.9999327659606934,0.42253047227859497,0.5909399390220642,-0.1220206767320633,0.9610483050346375,0.38514044880867004,0.6917097568511963,-0.040918610990047455,0.9828113913536072,0.4657135307788849,0.7050349712371826,-0.12478437274694443,0.9814950823783875,right,138.6248174027234,1
130,4.337666666666666,93.10603141784668,,,,,,,,,,,,,,,,,,,,0.33829689025878906,0.4983227550983429,-0.16049517691135406,0.9999327659606934,0.4192080795764923,0.5894688367843628,-0.11822567135095596,0.9624320864677429,0.3855277895927429,0.6913537979125977,-0.036292094737291336,0.9835194945335388,0.4659595489501953,0.7050392627716064,-0.1181178167462349,0.981269896030426,right,140.50153364123884,1
131,4.371033333333333,92.35787391662598,,,,,,,,,,,,,,,,,,,,0.34748244285583496,0.49454599618911743,-0.1545833945274353,0.9999350905418396,0.4128975570201874,0.5888697504997253,-0.10802484303712845,0.9636673927307129,0.38486650586128235,0.6903306245803833,-0.02565617300570011,0.9840367436408997,0.4658910632133484,0.7054122090339661,-0.09683498740196228,0.9808375835418701,right,147.12271554713112,1
132,4.4044,93.68395805358887,,,,,,,,,,,,,,,,,,,,0.35428810119628906,0.49274998903274536,-0.14869247376918793,0.9999397397041321,0.4086706340312958,0.5881877541542053,-0.08764832466840744,0.9660781621932983,0.38463154435157776,0.6901977062225342,-0.006215789820998907,0.9851297736167908,0.46501678228378296,0.7055172324180603,-0.08091287314891815,0.9815541505813599,right,151.43473938958053,1
133,4.437766666666667,93.36495399475098,,,,,,,,,,,,,,,,,,,,0.3602311909198761,0.4903818666934967,-0.1492089182138443,0.9999440312385559,0.40527185797691345,0.588477373123169,-0.08159288763999939,0.9683387875556946,0.3845311105251312,0.6902005672454834,0.027888091281056404,0.9860252141952515,0.46430376172065735,0.7057367563247681,-0.03613680228590965,0.9819557070732117,right,154.93143482508222,1
134,4.471133333333333,93.70875358581543,,,,,,,,,,,,,,,,,,,,0.36392658948898315,0.4878200888633728,-0.15928645431995392,0.999948263168335,0.4004664719104767,0.5886738896369934,-0.09454647451639175,0.9700673222541809,0.3845607340335846,0.6905986666679382,0.007846515625715256,0.9867025017738342,0.46351900696754456,0.7060771584510803,-0.0587405301630497,0.9819624423980713,right,158.03888413110062,1
135,4.5045,93.1389331817627,,,,,,,,,,,,,,,,,,,,0.36754897236824036,0.487387478351593,-0.16084475815296173,0.9999522566795349,0.39602595567703247,0.588821530342102,-0.09746149927377701,0.9717941880226135,0.3845629096031189,0.6906043887138367,-0.0003634149325080216,0.9873994588851929,0.4635795056819916,0.7069516777992249,-0.09035447239875793,0.9822694063186646,right,161.29747465440744,1
136,4.537866666666667,93.43314170837402,,,,,,,,,,,,,,,,,,,,0.3708840310573578,0.48793306946754456,-0.16052845120429993,0.9999540448188782,0.39155858755111694,0.5892005562782288,-0.09351564943790436,0.963317334651947,0.38394564390182495,0.6905425190925598,0.020177114754915237,0.9817805290222168,0.4620893895626068,0.7073973417282104,-0.08438766002655029,0.9722386598587036,right,160.86779707522174,1
137,4.571233333333334,93.02568435668945,,,,,,,,,,,,,,,,,,,,0.37994590401649475,0.48668575286865234,-0.163698211312294,0.9999542832374573,0.38926172256469727,0.5885974764823914,-0.09324734658002853,0.9396361708641052,0.3837304711341858,0.6897227168083191,0.018468009307980537,0.962099552154541,0.46216264367103577,0.7073721289634705,-0.08298472315073013,0.9434385895729065,right,161.60964457105212,1
138,4.6046000000000005,92.77915954589844,,,,,,,,,,,,,,,,,,,,0.3777419328689575,0.4864360988140106,-0.16364090144634247,0.9999521374702454,0.3868381083011627,0.5883210897445679,-0.06925196200609207,0.8984458446502686,0.3835691809654236,0.6894060373306274,0.05817248299717903,0.9299327731132507,0.46206140518188477,0.7071755528450012,-0.05843256786465645,0.9024054408073425,right,161.2736871823152,1
139,4.637966666666666,92.59200096130371,,,,,,,,,,,,,,,,,,,,0.3804851174354553,0.48786231875419617,-0.16376657783985138,0.9999510049819946,0.38576605916023254,0.5883888006210327,-0.03093922883272171,0.8594426512718201,0.382174015045166,0.6893805861473083,0.10584784299135208,0.9017271995544434,0.46209320425987244,0.706831157207489,-0.010239445604383945,0.8649735450744629,right,162.55386866021146,1
140,4.671333333333333,92.61584281921387,,,,,,,,,,,,,,,,,,,,0.38425296545028687,0.4880058169364929,-0.16785986721515656,0.9999505877494812,0.385858952999115,0.5884672999382019,-0.04391765221953392,0.8190187215805054,0.3821686804294586,0.6894016861915588,0.07423820346593857,0.8705005049705505,0.46210458874702454,0.7069101929664612,-0.03417448699474335,0.8282814621925354,right,164.18191754312846,1
141,4.7047,92.26393699645996,,,,,,,,,,,,,,,,,,,,0.3888809382915497,0.48622360825538635,-0.16665363311767578,0.9999502301216125,0.38496607542037964,0.5878837704658508,-0.05185501277446747,0.7783324718475342,0.38218405842781067,0.6894224286079407,0.05878426134586334,0.8351423144340515,0.46298083662986755,0.706894040107727,-0.051250968128442764,0.7905129194259644,right,164.11429020526072,1
142,4.738066666666667,97.29790687561035,,,,,,,,,,,,,,,,,,,,0.38979342579841614,0.4861396253108978,-0.1641249805688858,0.9999523758888245,0.385858952999115,0.5883291959762573,-0.05237910524010658,0.7525855302810669,0.3834545910358429,0.68938809633255,0.07175859063863754,0.812700629234314,0.463697612285614,0.7071289420127869,-0.05197637155652046,0.7656199932098389,right,164.9751922812778,1
143,4.771433333333333,94.30694580078125,,,,,,,,,,,,,,,,,,,,0.3910682499408722,0.4843454360961914,-0.16402514278888702,0.9999546408653259,0.3867626488208771,0.5875958800315857,-0.05324849486351013,0.7279046773910522,0.3847596347332001,0.6883776783943176,0.06787571310997009,0.7929739356040955,0.4646194279193878,0.7062855958938599,-0.05912100896239281,0.7427303791046143,right,166.93707127427476,1
144,4.8048,93.16301345825195,,,,,,,,,,,,,,,,,,,,0.39310356974601746,0.4830474257469177,-0.16378667950630188,0.9999563694000244,0.387076199054718,0.5866328477859497,-0.07253792881965637,0.6882178783416748,0.38476622104644775,0.6879014372825623,0.03744802251458168,0.7581377029418945,0.46451619267463684,0.7062925696372986,-0.1137009710073471,0.7070717811584473,right,167.73217441853654,1
145,4.838166666666667,92.78392791748047,,,,,,,,,,,,,,,,,,,,0.3914066255092621,0.48375654220581055,-0.16591255366802216,0.9999586343765259,0.3869653344154358,0.586679995059967,-0.08006957173347473,0.6687327027320862,0.38456210494041443,0.6878982186317444,0.037404321134090424,0.7438126802444458,0.4643152356147766,0.7064034342765808,-0.11369462311267853,0.6906271576881409,right,168.1363496500138,1
146,4.871533333333334,92.93198585510254,,,,,,,,,,,,,,,,,,,,0.39150410890579224,0.48406800627708435,-0.16793017089366913,0.999960720539093,0.3872913420200348,0.5867888927459717,-0.0881621465086937,0.6559628248214722,0.3839462697505951,0.6881921887397766,0.014389668591320515,0.7348712682723999,0.4642522931098938,0.7063876390457153,-0.14487355947494507,0.678209125995636,right,167.23050010878066,1
147,4.9049000000000005,92.55027770996094,,,,,,,,,,,,,,,,,,,,0.39309653639793396,0.48433011770248413,-0.16774936020374298,0.999962329864502,0.38792550563812256,0.5868224501609802,-0.08177344501018524,0.6318018436431885,0.3839920163154602,0.6877307891845703,0.033324990421533585,0.7155770659446716,0.4642532765865326,0.7061026692390442,-0.12398626655340195,0.6563363075256348,right,166.42027975992585,1
148,4.938266666666666,93.11914443969727,,,,,,,,,,,,,,,,,,,,0.3944494426250458,0.4845121204853058,-0.1667909473180771,0.999963641166687,0.38882219791412354,0.5871642827987671,-0.08106455206871033,0.6079334616661072,0.3839578330516815,0.6877530217170715,0.030912254005670547,0.6933574080467224,0.4643731415271759,0.7059804797172546,-0.12007245421409607,0.6321244835853577,right,166.13085261493677,1
149,4.971633333333333,93.37902069091797,,,,,,,,,,,,,,,,,,,,0.3938940465450287,0.48433607816696167,-0.16726213693618774,0.999965250492096,0.3897880017757416,0.5871793627738953,-0.09511338919401169,0.5885851979255676,0.38392460346221924,0.6880099177360535,-0.008145548403263092,0.6770011186599731,0.464547336101532,0.7059880495071411,-0.16397181153297424,0.6143854856491089,right,166.35441808952044,1
150,5.005,93.14203262329102,,,,,,,,,,,,,,,,,,,,0.3936256170272827,0.4844534695148468,-0.167549729347229,0.9999669790267944,0.39114493131637573,0.5874410271644592,-0.09957688301801682,0.576627790927887,0.38341444730758667,0.6883276104927063,-0.018526766449213028,0.6691648960113525,0.46447765827178955,0.7063589096069336,-0.16638438403606415,0.6051993370056152,right,165.79288715086722,1
151,5.038366666666667,93.0490493774414,,,,,,,,,,,,,,,,,,,,0.3936138451099396,0.4845469295978546,-0.16748082637786865,0.9999682903289795,0.3927452266216278,0.5874753594398499,-0.10280223190784454,0.5568679571151733,0.3833416998386383,0.6883397698402405,-0.026269571855664253,0.652213990688324,0.4647115468978882,0.7063524723052979,-0.1713419407606125,0.5882816910743713,right,165.3393467553236,1
152,5.071733333333333,92.58890151977539,,,,,,,,,,,,,,,,,,,,0.3941025137901306,0.4846020042896271,-0.16743646562099457,0.9999695420265198,0.3949395716190338,0.5876667499542236,-0.10867946594953537,0.5409533977508545,0.38340288400650024,0.6884219646453857,-0.02847125381231308,0.6364631056785583,0.46469205617904663,0.7064090967178345,-0.17291954159736633,0.5739027261734009,right,164.2818280129608,1
153,5.1051,93.99890899658203,,,,,,,,,,,,,,,,,,,,0.3954544961452484,0.48463356494903564,-0.16909389197826385,0.9999708533287048,0.39693140983581543,0.5876916646957397,-0.1220700591802597,0.5269073843955994,0.3838375210762024,0.6884249448776245,-0.0512341670691967,0.621204137802124,0.464849591255188,0.7064028382301331,-0.20061099529266357,0.5603250861167908,right,163.84475301989764,1
154,5.138466666666667,93.37425231933594,,,,,,,,,,,,,,,,,,,,0.3963327705860138,0.484322190284729,-0.17008903622627258,0.999971866607666,0.3989625871181488,0.5876960158348083,-0.13212980329990387,0.523836612701416,0.3839762806892395,0.6884227991104126,-0.07302860915660858,0.6154871582984924,0.465162992477417,0.7064047455787659,-0.22015658020973206,0.5581203103065491,right,163.68790886426657,1
155,5.171833333333334,92.75412559509277,,,,,,,,,,,,,,,,,,,,0.39713820815086365,0.48408740758895874,-0.16918568313121796,0.9999725818634033,0.4008356034755707,0.5877039432525635,-0.12688586115837097,0.5188761353492737,0.3842891454696655,0.6884280443191528,-0.06507373601198196,0.6090298891067505,0.46590644121170044,0.7061775922775269,-0.21064810454845428,0.5549260377883911,right,163.5988397266184,1
156,5.2052000000000005,92.4379825592041,,,,,,,,,,,,,,,,,,,,0.39709946513175964,0.4835626482963562,-0.16890832781791687,0.9999728202819824,0.40232113003730774,0.5876261591911316,-0.13038931787014008,0.5112758874893188,0.3846083879470825,0.6883094906806946,-0.07637526094913483,0.6000239253044128,0.46632635593414307,0.7059703469276428,-0.2199508398771286,0.5500001907348633,right,163.5769465024228,1
157,5.238566666666666,93.29915046691895,,,,,,,,,,,,,,,,,,,,0.3981110453605652,0.4830211102962494,-0.1704392433166504,0.9999731183052063,0.4039716422557831,0.587627112865448,-0.12942029535770416,0.5071313381195068,0.3847784101963043,0.688254714012146,-0.07584264874458313,0.5967720746994019,0.46618422865867615,0.7059389352798462,-0.22050350904464722,0.5498461723327637,right,163.5638808211472,1
158,5.271933333333333,92.97013282775879,,,,,,,,,,,,,,,,,,,,0.39925432205200195,0.4825640022754669,-0.16996100544929504,0.999973714351654,0.40472111105918884,0.5876088738441467,-0.12680339813232422,0.5099780559539795,0.3848092555999756,0.6882742643356323,-0.07531622797250748,0.6026083827018738,0.46556568145751953,0.7060078978538513,-0.22198745608329773,0.5586883425712585,right,163.12003617718275,1
159,5.3053,92.56410598754883,,,,,,,,,,,,,,,,,,,,0.39984920620918274,0.48213455080986023,-0.17012383043766022,0.9999746084213257,0.40501856803894043,0.5874691009521484,-0.13076677918434143,0.5182577967643738,0.38472887873649597,0.6882840394973755,-0.0822516605257988,0.6131210923194885,0.4645155072212219,0.7060520648956299,-0.23486614227294922,0.5715458393096924,right,162.7737318769057,1
160,5.338666666666667,92.50974655151367,,,,,,,,,,,,,,,,,,,,0.4003925323486328,0.4821852147579193,-0.1700928807258606,0.9999755024909973,0.40562328696250916,0.5874724984169006,-0.12868966162204742,0.5220601558685303,0.38474100828170776,0.6882697343826294,-0.07366550713777542,0.6194807887077332,0.4636598229408264,0.7061306834220886,-0.22251896560192108,0.5790340900421143,right,162.73716866287876,1
161,5.372033333333333,92.25296974182129,,,,,,,,,,,,,,,,,,,,0.40076589584350586,0.4822098910808563,-0.17054231464862823,0.999976396560669,0.4054155945777893,0.5875719785690308,-0.12492469698190689,0.5162748694419861,0.3846885561943054,0.6882714033126831,-0.05874473601579666,0.6176133155822754,0.4623372256755829,0.7061701416969299,-0.22229549288749695,0.5766806602478027,right,162.8510492588208,1
162,5.4054,93.35494041442871,,,,,,,,,,,,,,,,,,,,0.40127262473106384,0.4822225868701935,-0.16957898437976837,0.9999768733978271,0.40567001700401306,0.5878688097000122,-0.11929384618997574,0.5054839849472046,0.3847278356552124,0.6882073879241943,-0.04306179657578468,0.6111235618591309,0.46204712986946106,0.7062251567840576,-0.20061622560024261,0.569688081741333,right,162.54751777596115,1
163,5.438766666666667,92.6518440246582,,,,,,,,,,,,,,,,,,,,0.4013514518737793,0.48253875970840454,-0.16826008260250092,0.9999772906303406,0.4060562551021576,0.5885356068611145,-0.11554299294948578,0.49720898270606995,0.38476207852363586,0.6882097125053406,-0.03546660393476486,0.6049928665161133,0.46207326650619507,0.7062646746635437,-0.18496787548065186,0.5645542740821838,right,161.33982313677186,1
164,5.472133333333334,92.56100654602051,,,,,,,,,,,,,,,,,,,,0.40129825472831726,0.4825660288333893,-0.1639191061258316,0.9999774694442749,0.4062122106552124,0.5886049866676331,-0.114071324467659,0.48648807406425476,0.3847582936286926,0.688197135925293,-0.036664433777332306,0.5974910855293274,0.462021142244339,0.7064204812049866,-0.18705739080905914,0.5582526922225952,right,160.32970872169432,1
165,5.5055000000000005,92.49019622802734,,,,,,,,,,,,,,,,,,,,0.40047335624694824,0.4825734794139862,-0.1657702922821045,0.9999781250953674,0.40579381585121155,0.5888761281967163,-0.11139625310897827,0.4736669957637787,0.3845800757408142,0.6881885528564453,-0.02734704688191414,0.5848464965820312,0.4621250629425049,0.7064228653907776,-0.1759157031774521,0.5470445156097412,right,160.2270836860373,1
166,5.538866666666666,92.93365478515625,,,,,,,,,,,,,,,,,,,,0.3980945348739624,0.4825865626335144,-0.1658017337322235,0.9999787211418152,0.4040903151035309,0.5892375707626343,-0.10857865959405899,0.46549078822135925,0.3841533362865448,0.6884772777557373,-0.02982999011874199,0.5782226324081421,0.46213850378990173,0.7064250111579895,-0.1794021725654602,0.5406329035758972,right,160.77164011413012,1
167,5.572233333333333,94.35319900512695,,,,,,,,,,,,,,,,,,,,0.3945424258708954,0.48256316781044006,-0.16528576612472534,0.9999787211418152,0.4003942608833313,0.5899637937545776,-0.11111246049404144,0.44099292159080505,0.3837452530860901,0.6888671517372131,-0.03173220902681351,0.5487821102142334,0.46193253993988037,0.7063949704170227,-0.17991206049919128,0.5141142010688782,right,160.86423934263544,1
168,5.6056,92.96917915344238,,,,,,,,,,,,,,,,,,,,0.391656756401062,0.48260757327079773,-0.1597222238779068,0.999978244304657,0.39991992712020874,0.5905013680458069,-0.10925347357988358,0.4238082766532898,0.3834863305091858,0.6888752579689026,-0.03649771958589554,0.5275099277496338,0.46215367317199707,0.7063516974449158,-0.18161927163600922,0.49634018540382385,right,160.2685152480731,1
169,5.638966666666667,93.41883659362793,,,,,,,,,,,,,,,,,,,,0.3916982412338257,0.4826163351535797,-0.15409071743488312,0.9999776482582092,0.399957537651062,0.5911099314689636,-0.11114392429590225,0.4110427498817444,0.3833862543106079,0.6896454095840454,-0.054041702300310135,0.5104374289512634,0.462370902299881,0.7063561677932739,-0.190599724650383,0.4821074604988098,right,160.01326118770749,1
170,5.6723333333333334,93.5068130493164,,,,,,,,,,,,,,,,,,,,0.38996171951293945,0.4825914800167084,-0.1543394774198532,0.9999769330024719,0.3992142677307129,0.5911352634429932,-0.1129215732216835,0.39553102850914,0.3832993805408478,0.6900923848152161,-0.06861025840044022,0.49398741126060486,0.46292123198509216,0.7059344053268433,-0.20905445516109467,0.4682617783546448,right,160.52851370591944,1
171,5.7057,93.10102462768555,,,,,,,,,,,,,,,,,,,,0.38681551814079285,0.4829101860523224,-0.15455996990203857,0.9999752640724182,0.39927878975868225,0.5911207795143127,-0.11440166085958481,0.3792964518070221,0.38339534401893616,0.6900758147239685,-0.06405627727508545,0.4769037663936615,0.46395838260650635,0.7059326171875,-0.2078520655632019,0.45369967818260193,right,159.17520575420943,1
172,5.739066666666667,93.34015846252441,,,,,,,,,,,,,,,,,,,,0.37974733114242554,0.48320624232292175,-0.15768472850322723,0.9999749064445496,0.39878565073013306,0.5907874703407288,-0.12048237025737762,0.38386762142181396,0.38338688015937805,0.6904142498970032,-0.08953342586755753,0.48446592688560486,0.46476760506629944,0.7060057520866394,-0.23180922865867615,0.4629393219947815,right,158.89206553351457,1
173,5.772433333333334,94.45381164550781,,,,,,,,,,,,,,,,,,,,0.373922735452652,0.4849361777305603,-0.16633082926273346,0.9999751448631287,0.3982648253440857,0.5909274220466614,-0.1202763020992279,0.38679972290992737,0.38454627990722656,0.6904425024986267,-0.06462294608354568,0.4880613088607788,0.46527281403541565,0.7060114741325378,-0.19576838612556458,0.46768054366111755,right,158.44407186169497,1
174,5.8058000000000005,94.23589706420898,,,,,,,,,,,,,,,,,,,,0.36943402886390686,0.4882219135761261,-0.16719701886177063,0.9999756217002869,0.3998616635799408,0.5909159779548645,-0.11973201483488083,0.4147163927555084,0.3859580159187317,0.6904350519180298,-0.061034273356199265,0.512118399143219,0.4652981460094452,0.7061614394187927,-0.1778378039598465,0.4916287362575531,right,154.65024516809783,1
175,5.839166666666666,93.63913536071777,,,,,,,,,,,,,,,,,,,,0.36630532145500183,0.4889618456363678,-0.17078204452991486,0.9999749660491943,0.4013076424598694,0.5899602174758911,-0.12103771418333054,0.4378480315208435,0.38651376962661743,0.6903210878372192,-0.06720968335866928,0.5324131846427917,0.4667772650718689,0.7061634659767151,-0.18826508522033691,0.5097090005874634,right,152.6962643986696,1
176,5.872533333333333,93.24479103088379,,,,,,,,,,,,,,,,,,,,0.3600866198539734,0.49054619669914246,-0.17271624505519867,0.9999734163284302,0.4018733501434326,0.5886547565460205,-0.12369558215141296,0.4521625339984894,0.386250376701355,0.6902815103530884,-0.07071708887815475,0.5449501872062683,0.4663222134113312,0.7062400579452515,-0.1892220377922058,0.5211823582649231,right,152.03561239496554,1
177,5.9059,93.2760238647461,,,,,,,,,,,,,,,,,,,,0.35292571783065796,0.4945341646671295,-0.17304863035678864,0.9999709129333496,0.40243950486183167,0.5884756445884705,-0.1248239278793335,0.46613672375679016,0.38623347878456116,0.6902726888656616,-0.0694873034954071,0.552471935749054,0.46667659282684326,0.706237256526947,-0.17406271398067474,0.5257409811019897,right,151.19918569663417,1
178,5.939266666666667,92.82803535461426,,,,,,,,,,,,,,,,,,,,0.3501661419868469,0.4970725178718567,-0.17260663211345673,0.9999685287475586,0.40421414375305176,0.5879514217376709,-0.12644018232822418,0.4822593331336975,0.385731041431427,0.6898426413536072,-0.06530879437923431,0.5632978081703186,0.46620607376098633,0.706633448600769,-0.14489082992076874,0.5349887013435364,right,145.7699176893542,1
179,5.9726333333333335,93.3380126953125,,,,,,,,,,,,,,,,,,,,0.3491853177547455,0.498871773481369,-0.16850408911705017,0.9999655485153198,0.407821923494339,0.5875966548919678,-0.09539791196584702,0.5072141885757446,0.38606691360473633,0.6891735196113586,0.0027888668701052666,0.5875663161277771,0.46533480286598206,0.7064963579177856,-0.05952206999063492,0.553682267665863,right,145.53630396461654,1
180,6.006,92.23389625549316,,,,,,,,,,,,,,,,,,,,0.3459432125091553,0.5006585717201233,-0.16358782351016998,0.9999637007713318,0.41034188866615295,0.5878297686576843,-0.07828187942504883,0.5328462719917297,0.3866719603538513,0.6891816854476929,0.02996690198779106,0.6143891215324402,0.46545490622520447,0.7065130472183228,-0.02605951949954033,0.5789681077003479,right,144.22382001424276,1
181,6.039366666666667,92.73600578308105,,,,,,,,,,,,,,,,,,,,0.3385951817035675,0.5027495622634888,-0.16367533802986145,0.9999630451202393,0.4122381806373596,0.5878439545631409,-0.08717109262943268,0.561906635761261,0.3870238661766052,0.6891633868217468,0.004930543247610331,0.6410879492759705,0.46548235416412354,0.706496000289917,-0.0766662210226059,0.6037966012954712,right,141.11867423617232,1
182,6.072733333333334,93.98698806762695,,,,,,,,,,,,,,,,,,,,0.3364046514034271,0.5037609338760376,-0.15650060772895813,0.9999608993530273,0.4165917932987213,0.5875558853149414,-0.08881177008152008,0.5882517695426941,0.38680487871170044,0.6888243556022644,-0.004836993291974068,0.6701664328575134,0.46507278084754944,0.7067153453826904,-0.08358275145292282,0.6338664889335632,right,137.697865730808,1
183,6.1061000000000005,93.0490493774414,,,,,,,,,,,,,,,,,,,,0.3308582305908203,0.5052101016044617,-0.15700919926166534,0.9999578595161438,0.41955989599227905,0.5876910090446472,-0.11789339780807495,0.6166403293609619,0.3851180672645569,0.689327597618103,-0.004042039159685373,0.6973543763160706,0.4616648554801941,0.7073262333869934,-0.07107002288103104,0.6626419425010681,right,130.78815774426332,1
184,6.139466666666666,92.29302406311035,,,,,,,,,,,,,,,,,,,,0.326781690120697,0.5062931180000305,-0.15764082968235016,0.9999551177024841,0.4215030372142792,0.588401734828949,-0.15237218141555786,0.6425679326057434,0.38483676314353943,0.6896144151687622,-0.04722223058342934,0.72156822681427,0.4609011113643646,0.7076171636581421,-0.10862656682729721,0.68896484375,right,127.06835627859901,1
185,6.172833333333333,92.88215637207031,,,,,,,,,,,,,,,,,,,,0.32334426045417786,0.5077499747276306,-0.15814369916915894,0.9999509453773499,0.42219942808151245,0.5889774560928345,-0.14433911442756653,0.6638610363006592,0.3859076201915741,0.6898233890533447,-0.05302036181092262,0.7438837885856628,0.4609718918800354,0.7077090740203857,-0.11580578237771988,0.7133140563964844,right,127.33733823298341,1
186,6.2062,92.49520301818848,,,,,,,,,,,,,,,,,,,,0.31916069984436035,0.5104278922080994,-0.15922774374485016,0.9999443888664246,0.424772173166275,0.5892887711524963,-0.15286549925804138,0.6907225251197815,0.38576528429985046,0.690238356590271,-0.06467227637767792,0.7671242356300354,0.46049800515174866,0.707505464553833,-0.13874384760856628,0.7393842935562134,right,125.29063593195512,1
187,6.239566666666667,92.8959846496582,,,,,,,,,,,,,,,,,,,,0.31845808029174805,0.5127827525138855,-0.1594485640525818,0.9999288320541382,0.4268292188644409,0.5897082090377808,-0.16990624368190765,0.713114321231842,0.38483110070228577,0.6907103061676025,-0.09806602448225021,0.7865431308746338,0.4605162739753723,0.7062200903892517,-0.1734085977077484,0.7621356844902039,right,121.82687730373259,1
188,6.2729333333333335,92.55385398864746,,,,,,,,,,,,,,,,,,,,0.31821396946907043,0.5159558057785034,-0.1596437394618988,0.999879002571106,0.4284466803073883,0.5899244546890259,-0.1630915105342865,0.7285925149917603,0.3840314447879791,0.6900177001953125,-0.08336881548166275,0.8023397922515869,0.4603900909423828,0.703962504863739,-0.16646094620227814,0.7808869481086731,right,115.67390726880873,1
189,6.3063,92.90504455566406,,,,,,,,,,,,,,,,,,,,0.31762662529945374,0.5190069675445557,-0.15663640201091766,0.9998581409454346,0.43044888973236084,0.590459942817688,-0.13234876096248627,0.7439877986907959,0.38259702920913696,0.6894241571426392,-0.016449466347694397,0.8174686431884766,0.459626168012619,0.7019660472869873,-0.07508907467126846,0.7982403635978699,right,111.80283616389272,1
190,6.339666666666667,92.49019622802734,,,,,,,,,,,,,,,,,,,,0.31515032052993774,0.5195331573486328,-0.15633143484592438,0.9998247623443604,0.431456595659256,0.5908308625221252,-0.14017309248447418,0.7599063515663147,0.38124096393585205,0.6894826292991638,-0.026187269017100334,0.8320335745811462,0.459754079580307,0.6998217105865479,-0.08787007629871368,0.8156282901763916,right,110.5458014658545,1
191,6.373033333333334,93.90592575073242,,,,,,,,,,,,,,,,,,,,0.31331685185432434,0.5211527347564697,-0.15799210965633392,0.999796450138092,0.4331071674823761,0.5913310647010803,-0.1550804078578949,0.7683192491531372,0.3805873990058899,0.6894867420196533,-0.030224721878767014,0.8410663604736328,0.4597874879837036,0.7001926302909851,-0.0972871482372284,0.8277876973152161,right,109.66935517369686,1
192,6.4064000000000005,93.97315979003906,,,,,,,,,,,,,,,,,,,,0.3110058307647705,0.5226768851280212,-0.15611590445041656,0.9997714757919312,0.43311065435409546,0.5917579531669617,-0.13795892894268036,0.7835873961448669,0.38021320104599,0.6894866228103638,-0.0056927441619336605,0.8540911078453064,0.46097803115844727,0.6985846161842346,-0.06178088113665581,0.8426554203033447,right,110.49291546255165,1
193,6.439766666666666,93.21188926696777,,,,,,,,,,,,,,,,,,,,0.30816349387168884,0.524246871471405,-0.1542138159275055,0.9997747540473938,0.4333309233188629,0.5919563174247742,-0.1377175748348236,0.7915209531784058,0.37934958934783936,0.6894580125808716,-0.016134023666381836,0.863854706287384,0.46125054359436035,0.6989302039146423,-0.07778304070234299,0.8542457222938538,right,108.71400983951494,1
194,6.473133333333333,93.74213218688965,,,,,,,,,,,,,,,,,,,,0.3061862885951996,0.5259245038032532,-0.15430676937103271,0.9997805953025818,0.4330369830131531,0.5922158360481262,-0.13461855053901672,0.8020580410957336,0.37940463423728943,0.689496636390686,-0.0060021099634468555,0.8735957741737366,0.4620191752910614,0.6985178589820862,-0.06481596827507019,0.8653237819671631,right,107.95311532920158,1
195,6.5065,93.33992004394531,,,,,,,,,,,,,,,,,,,,0.3062340319156647,0.5277256369590759,-0.15465037524700165,0.9997912645339966,0.4330141544342041,0.5923891067504883,-0.11995521932840347,0.8126192092895508,0.3794558346271515,0.689820408821106,0.008298334665596485,0.8834520578384399,0.4619140326976776,0.6987939476966858,-0.0412207655608654,0.8761430978775024,right,108.74779759305531,1
196,6.539866666666667,92.74101257324219,,,,,,,,,,,,,,,,,,,,0.3045406937599182,0.5289607644081116,-0.15712577104568481,0.9998055696487427,0.4329577684402466,0.5929601788520813,-0.10879704356193542,0.8267022371292114,0.379495233297348,0.6901308298110962,0.030209943652153015,0.8936156630516052,0.46209922432899475,0.6989430785179138,-0.020605050027370453,0.8867862224578857,right,109.37371449814559,1
197,6.5732333333333335,93.03092956542969,,,,,,,,,,,,,,,,,,,,0.30000293254852295,0.5293167233467102,-0.15629974007606506,0.99981689453125,0.4335031807422638,0.5930744409561157,-0.11658564954996109,0.8375849723815918,0.3796473443508148,0.6899349689483643,0.012623406946659088,0.9020019769668579,0.4619230628013611,0.6986424326896667,-0.03910983353853226,0.8958852887153625,right,109.18411393340389,1
198,6.6066,93.18995475769043,,,,,,,,,,,,,,,,,,,,0.29836320877075195,0.5291262269020081,-0.1550000160932541,0.9998260736465454,0.43343478441238403,0.5938428044319153,-0.12651845812797546,0.8424803614616394,0.3796709477901459,0.690261721611023,0.009933553636074066,0.9076938033103943,0.4619247019290924,0.698598325252533,-0.04626411199569702,0.902741551399231,right,109.56665996556981,1
199,6.639966666666667,92.41700172424316,,,,,,,,,,,,,,,,,,,,0.29701048135757446,0.5307875871658325,-0.1528077870607376,0.9998350143432617,0.4337040185928345,0.5941892266273499,-0.13262899219989777,0.849858283996582,0.3798374533653259,0.6906944513320923,0.004532048478722572,0.9135279655456543,0.46247413754463196,0.6989937424659729,-0.04049689695239067,0.9094629883766174,right,109.40310336239976,1
200,6.673333333333334,94.15698051452637,,,,,,,,,,,,,,,,,,,,0.29642581939697266,0.532075047492981,-0.15307895839214325,0.999847412109375,0.4340659976005554,0.5941576361656189,-0.1369655877351761,0.8604837656021118,0.38015204668045044,0.6908568739891052,0.002004417823627591,0.920303225517273,0.46270427107810974,0.6990535259246826,-0.0425335168838501,0.9166988730430603,right,109.38109401831568,1
201,6.7067000000000005,93.74690055847168,,,,,,,,,,,,,,,,,,,,0.29438695311546326,0.5339801907539368,-0.14958035945892334,0.9998582601547241,0.43467140197753906,0.5941449999809265,-0.13673202693462372,0.86818927526474,0.38123759627342224,0.6907548904418945,0.0019696461968123913,0.9254952073097229,0.4633197486400604,0.6990921497344971,-0.028564995154738426,0.9226433038711548,right,108.8182142076835,1
202,6.740066666666666,93.46604347229004,,,,,,,,,,,,,,,,,,,,0.2931273579597473,0.535355269908905,-0.14607326686382294,0.999867856502533,0.43608686327934265,0.5940682888031006,-0.1430259793996811,0.8744664788246155,0.3821990191936493,0.6901581287384033,-0.006536940112709999,0.9295045733451843,0.46325674653053284,0.6991316676139832,-0.033017124980688095,0.9276425838470459,right,106.05313320416555,1
203,6.773433333333333,93.1100845336914,,,,,,,,,,,,,,,,,,,,0.29176533222198486,0.5368908047676086,-0.1407378762960434,0.9998783469200134,0.4369182884693146,0.5941359996795654,-0.1172415167093277,0.8791122436523438,0.3830084800720215,0.6906020641326904,0.023205360397696495,0.9324939846992493,0.464059442281723,0.6991464495658875,0.010301075875759125,0.9309548735618591,right,106.17407023029153,1
204,6.8068,92.1931266784668,,,,,,,,,,,,,,,,,,,,0.2900203764438629,0.5380124449729919,-0.14065876603126526,0.9998869895935059,0.43812859058380127,0.5941162109375,-0.11988617479801178,0.881686270236969,0.38343024253845215,0.6902305483818054,0.015596212819218636,0.9340941905975342,0.46370014548301697,0.6993227601051331,-0.0039350674487650394,0.9334380626678467,right,104.56487615496121,1
205,6.840166666666667,93.94311904907227,,,,,,,,,,,,,,,,,,,,0.28904029726982117,0.5390289425849915,-0.14170946180820465,0.9998943209648132,0.43966227769851685,0.5940998196601868,-0.12880566716194153,0.8867403864860535,0.38432610034942627,0.6888584494590759,0.013219923712313175,0.9370587468147278,0.4636945128440857,0.699302613735199,-0.010096626356244087,0.9370901584625244,right,101.08820334790688,1
206,6.8735333333333335,93.80507469177246,,,,,,,,,,,,,,,,,,,,0.28823649883270264,0.5400366187095642,-0.14224356412887573,0.9998998045921326,0.4406525492668152,0.5941612124443054,-0.14437811076641083,0.8910060524940491,0.38492971658706665,0.6888718008995056,-0.015193762257695198,0.9395689964294434,0.46380722522735596,0.6996628642082214,-0.025393936783075333,0.9404738545417786,right,97.93274742445593,1
207,6.9069,93.4288501739502,,,,,,,,,,,,,,,,,,,,0.288240909576416,0.5409366488456726,-0.1415107101202011,0.999904453754425,0.44205358624458313,0.5941538214683533,-0.1510544717311859,0.8945229649543762,0.38531431555747986,0.6888982653617859,-0.03051462583243847,0.9418563842773438,0.46382156014442444,0.6998947858810425,-0.041202373802661896,0.9433980584144592,right,96.09764267713035,1
208,6.940266666666667,92.97919273376465,,,,,,,,,,,,,,,,,,,,0.28852102160453796,0.542273223400116,-0.14194869995117188,0.9999086260795593,0.44360417127609253,0.5943562388420105,-0.14985015988349915,0.8983631134033203,0.3853053152561188,0.688672661781311,-0.02480122074484825,0.9442184567451477,0.4637582004070282,0.6999026536941528,-0.041015710681676865,0.9462114572525024,right,94.27958903029247,1
209,6.973633333333334,92.70095825195312,,,,,,,,,,,,,,,,,,,,0.2887131869792938,0.5426851511001587,-0.14391572773456573,0.9999122619628906,0.4461895525455475,0.5945025682449341,-0.16126783192157745,0.9024362564086914,0.3855273127555847,0.6886462569236755,-0.04480147361755371,0.9465975165367126,0.4637760519981384,0.700617790222168,-0.061313457787036896,0.9491511583328247,right,93.088029797633,1
210,7.007000000000001,93.8880443572998,,,,,,,,,,,,,,,,,,,,0.28877028822898865,0.5435612797737122,-0.14829549193382263,0.9999133944511414,0.4478554129600525,0.5948634743690491,-0.16512630879878998,0.901681125164032,0.3856765329837799,0.6884339451789856,-0.04891235753893852,0.9466105103492737,0.46374770998954773,0.7009446024894714,-0.06767483800649643,0.9503946304321289,right,92.60661264829562,1
211,7.040366666666666,93.90473365783691,,,,,,,,,,,,,,,,,,,,0.28885337710380554,0.5449908375740051,-0.14958326518535614,0.999916136264801,0.4500044584274292,0.5950847268104553,-0.16120083630084991,0.9034807085990906,0.38575315475463867,0.6883280277252197,-0.04091823846101761,0.9480347037315369,0.4636363685131073,0.7015418410301208,-0.06437338143587112,0.9521614909172058,right,90.72841479829002,1
212,7.073733333333333,92.50903129577637,,,,,,,,,,,,,,,,,,,,0.2894478738307953,0.5456535816192627,-0.14849412441253662,0.999918520450592,0.4531624913215637,0.5958167314529419,-0.15567456185817719,0.9054288864135742,0.385823518037796,0.6881449818611145,-0.03955848887562752,0.9494554400444031,0.46359285712242126,0.701714813709259,-0.05287834629416466,0.9536526799201965,right,88.14323969127425,1
213,7.1071,92.06604957580566,,,,,,,,,,,,,,,,,,,,0.2898766100406647,0.5474540591239929,-0.14813299477100372,0.9999203681945801,0.45479121804237366,0.5961350202560425,-0.1495058536529541,0.9052724838256836,0.38584017753601074,0.688053548336029,-0.028670234605669975,0.9496642351150513,0.46315431594848633,0.7018367052078247,-0.02997206524014473,0.9542403817176819,right,86.72623296499124,1
214,7.140466666666667,93.11819076538086,,,,,,,,,,,,,,,,,,,,0.291535884141922,0.5483359098434448,-0.1478603482246399,0.999922513961792,0.45702430605888367,0.5966894626617432,-0.139071524143219,0.9056490063667297,0.38571879267692566,0.6880172491073608,0.006617001257836819,0.9498956799507141,0.46265169978141785,0.702130913734436,0.00936281681060791,0.9546452164649963,right,86.01673061222593,1
215,7.1738333333333335,92.08393096923828,,,,,,,,,,,,,,,,,,,,0.292332261800766,0.5497256517410278,-0.14990581572055817,0.9999237060546875,0.4589308202266693,0.5973169207572937,-0.14217649400234222,0.9044066071510315,0.3857552409172058,0.6880053877830505,0.003835318610072136,0.9495667815208435,0.4623284637928009,0.7025542855262756,-0.003494196105748415,0.954862117767334,right,84.98723710099986,1
216,7.2072,92.35596656799316,,,,,,,,,,,,,,,,,,,,0.29282310605049133,0.5513782501220703,-0.14787110686302185,0.9999245405197144,0.46110162138938904,0.5980461835861206,-0.1410120576620102,0.9029228091239929,0.38577768206596375,0.6878417730331421,0.0009467563359066844,0.9495039582252502,0.46147453784942627,0.7026447653770447,0.002821129746735096,0.9554365277290344,right,84.26071708137913,1
217,7.240566666666667,92.38791465759277,,,,,,,,,,,,,,,,,,,,0.29459214210510254,0.552536129951477,-0.1474561095237732,0.9999256134033203,0.46296602487564087,0.5990731716156006,-0.1389167457818985,0.9015063643455505,0.38597702980041504,0.6881836652755737,0.00042548985220491886,0.9492558836936951,0.46130457520484924,0.7033005952835083,0.004635530058294535,0.9554838538169861,right,84.17751716503963,0
218,7.273933333333334,92.88907051086426,,,,,,,,,,,,,,,,,,,,0.29526713490486145,0.5534361004829407,-0.14676141738891602,0.9999259114265442,0.4643387496471405,0.5997087955474854,-0.13892921805381775,0.9016040563583374,0.3865170478820801,0.6879721283912659,0.0050406185910105705,0.949870228767395,0.4612455368041992,0.7032405138015747,0.014147999696433544,0.9563301205635071,right,84.07532279775965,0
219,7.307300000000001,93.93930435180664,,,,,,,,,,,,,,,,,,,,0.29594430327415466,0.5543625950813293,-0.14543215930461884,0.9999269247055054,0.46514418721199036,0.6003352403640747,-0.14621013402938843,0.9001477360725403,0.3866488039493561,0.6881473660469055,0.004186911508440971,0.9496158361434937,0.4612211585044861,0.7034305334091187,0.005571458488702774,0.9565559029579163,right,83.56134044503072,0
220,7.3406666666666665,93.46413612365723,,,,,,,,,,,,,,,,,,,,0.29719260334968567,0.5550664663314819,-0.14513368904590607,0.9999258518218994,0.46644893288612366,0.6007430553436279,-0.1461322009563446,0.8965109586715698,0.38664600253105164,0.6884188055992126,0.004651176277548075,0.948178231716156,0.4603540599346161,0.7039563655853271,0.009812899865210056,0.9558022618293762,right,83.0315733083894,0
221,7.374033333333333,92.59700775146484,,,,,,,,,,,,,,,,,,,,0.29779133200645447,0.5553105473518372,-0.14636118710041046,0.9999256134033203,0.4672672152519226,0.6008176207542419,-0.14789190888404846,0.8950064778327942,0.38734132051467896,0.688493549823761,0.0025920828338712454,0.9471519589424133,0.4606262445449829,0.7039362788200378,0.007236150559037924,0.9554088115692139,right,82.67519343195512,0
222,7.4074,92.49162673950195,,,,,,,,,,,,,,,,,,,,0.2980822026729584,0.5557119250297546,-0.14629711210727692,0.9999231100082397,0.46722057461738586,0.6011373996734619,-0.14847733080387115,0.8923035860061646,0.3873382806777954,0.6886754631996155,0.001654434367083013,0.9459978938102722,0.4604591429233551,0.7041397094726562,0.004849082790315151,0.9551278352737427,right,82.33650433416994,0
223,7.440766666666667,92.48805046081543,,,,,,,,,,,,,,,,,,,,0.2980475127696991,0.5563719272613525,-0.1469910442829132,0.9999220967292786,0.4668772220611572,0.60133957862854,-0.15086451172828674,0.8875385522842407,0.38733652234077454,0.6887280344963074,-0.004269403405487537,0.9431811571121216,0.46057358384132385,0.7041261196136475,-0.0008667184738442302,0.9534763097763062,right,81.88161667796831,0
224,7.4741333333333335,92.34213829040527,,,,,,,,,,,,,,,,,,,,0.2980620265007019,0.5563777685165405,-0.14661124348640442,0.9999192357063293,0.4666561186313629,0.601330041885376,-0.15272735059261322,0.8825458884239197,0.38781073689460754,0.6884981989860535,-0.0043908217921853065,0.9403462409973145,0.46059390902519226,0.704114556312561,-0.0011835582554340363,0.9519631266593933,right,81.45214762183463,0
225,7.5075,93.16420555114746,,,,,,,,,,,,,,,,,,,,0.29792237281799316,0.556397020816803,-0.14428378641605377,0.9999185800552368,0.4664810001850128,0.6014330387115479,-0.15207092463970184,0.8829365968704224,0.38786572217941284,0.6887858510017395,-0.00374203291721642,0.9406483769416809,0.46059709787368774,0.7041100263595581,0.0012213148875162005,0.9525076150894165,right,81.51628830306929,0
226,7.540866666666667,93.54376792907715,,,,,,,,,,,,,,,,,,,,0.2979029715061188,0.5562263131141663,-0.14287427067756653,0.9999192357063293,0.46641895174980164,0.6016359329223633,-0.15099282562732697,0.8841894268989563,0.38789114356040955,0.6891613602638245,-0.004234740976244211,0.9415754079818726,0.4607435464859009,0.704027533531189,0.0009639682830311358,0.9534913301467896,right,81.89437379559274,0
227,7.574233333333334,92.66829490661621,,,,,,,,,,,,,,,,,,,,0.29811304807662964,0.556096076965332,-0.14288927614688873,0.9999213218688965,0.466287761926651,0.601927638053894,-0.14159736037254333,0.886812150478363,0.387891560792923,0.689592182636261,0.007080845534801483,0.9432121515274048,0.4608396887779236,0.7039186954498291,0.015764011070132256,0.9547625184059143,right,82.95182059983992,0
228,7.6076,93.03784370422363,,,,,,,,,,,,,,,,,,,,0.2981025278568268,0.5557307004928589,-0.1423313319683075,0.9999224543571472,0.4660196602344513,0.6019123792648315,-0.145447239279747,0.8885082602500916,0.3878657817840576,0.6898082494735718,-0.0019430010579526424,0.9442529082298279,0.4608442187309265,0.7038845419883728,0.0007364135817624629,0.9558096528053284,right,83.24252680109603,0
229,7.6409666666666665,93.5828685760498,,,,,,,,,,,,,,,,,,,,0.297179639339447,0.5546230673789978,-0.1421886682510376,0.999925434589386,0.4652998745441437,0.6018754243850708,-0.1454990953207016,0.8906905651092529,0.38774847984313965,0.6900466680526733,-0.002072205301374197,0.9454098343849182,0.46084195375442505,0.7036535143852234,0.0007177198422141373,0.956829845905304,right,83.858916739866,0
230,7.674333333333333,93.40214729309082,,,,,,,,,,,,,,,,,,,,0.2969553470611572,0.5528908371925354,-0.14219596982002258,0.9999268651008606,0.4644751250743866,0.6018573045730591,-0.1496586799621582,0.8882254362106323,0.3873598277568817,0.6905606985092163,-0.00436868891119957,0.9440450072288513,0.4607257843017578,0.7036458253860474,-0.0049433340318500996,0.9561200737953186,right,84.67160855503766,0
231,7.7077,94.09713745117188,,,,,,,,,,,,,,,,,,,,0.29754161834716797,0.550471842288971,-0.14717189967632294,0.9999294877052307,0.463333398103714,0.6018432378768921,-0.1540243923664093,0.8841793537139893,0.3868992030620575,0.6910027265548706,-0.004335522186011076,0.9405086040496826,0.4602991044521332,0.7035924792289734,-0.005639468785375357,0.9534284472465515,right,85.51325062697207,0
232,7.741066666666667,93.90377998352051,,,,,,,,,,,,,,,,,,,,0.30006250739097595,0.5486185550689697,-0.1475270390510559,0.9999327063560486,0.46247565746307373,0.6017466187477112,-0.1365005224943161,0.8837003707885742,0.38691768050193787,0.6909734010696411,0.01925276406109333,0.93979412317276,0.46030354499816895,0.7035627365112305,0.019610561430454254,0.9521008133888245,right,87.2915632017016,0
233,7.7744333333333335,92.33617782592773,,,,,,,,,,,,,,,,,,,,0.3003154397010803,0.5462853312492371,-0.14882691204547882,0.9999358654022217,0.4605832099914551,0.6015841960906982,-0.13103048503398895,0.8827341198921204,0.3869301974773407,0.6912869811058044,0.029849376529455185,0.9388482570648193,0.4606056213378906,0.7035835385322571,0.03076198697090149,0.9510467052459717,right,90.15540837912948,1
234,7.8078,92.92912483215332,,,,,,,,,,,,,,,,,,,,0.30024880170822144,0.5425930023193359,-0.1522340178489685,0.9999358654022217,0.45577117800712585,0.6012944579124451,-0.14040274918079376,0.87403804063797,0.38691583275794983,0.6912544965744019,0.015743084251880646,0.9322616457939148,0.46062034368515015,0.7037200927734375,0.003823831444606185,0.9470446705818176,right,95.13218365509158,1
235,7.841166666666667,93.45579147338867,,,,,,,,,,,,,,,,,,,,0.30057987570762634,0.5389564037322998,-0.15507109463214874,0.9999375343322754,0.45253944396972656,0.5999053716659546,-0.15650084614753723,0.87372887134552,0.38626453280448914,0.6912453770637512,-0.019038163125514984,0.9315662384033203,0.46059828996658325,0.7036933898925781,-0.03692008927464485,0.9472165703773499,right,97.64318769053665,1
236,7.874533333333334,93.47081184387207,,,,,,,,,,,,,,,,,,,,0.30056095123291016,0.534224808216095,-0.1589183360338211,0.9999338984489441,0.4466173052787781,0.5983736515045166,-0.17960423231124878,0.8658796548843384,0.38626646995544434,0.6911570429801941,-0.06103148311376572,0.9247799515724182,0.460862398147583,0.7038451433181763,-0.09929865598678589,0.9432774782180786,right,103.53695120619953,1
237,7.9079,92.65780448913574,,,,,,,,,,,,,,,,,,,,0.30154508352279663,0.5296757817268372,-0.15784196555614471,0.9999282360076904,0.4445754289627075,0.597519040107727,-0.17540785670280457,0.84720379114151,0.38640913367271423,0.6902191638946533,-0.03965497016906738,0.907313346862793,0.4608515799045563,0.7038820385932922,-0.0645146295428276,0.9298718571662903,right,105.72878535500915,1
238,7.9412666666666665,92.31209754943848,,,,,,,,,,,,,,,,,,,,0.30149462819099426,0.5265914797782898,-0.162374809384346,0.9999216794967651,0.4394989013671875,0.5964442491531372,-0.1940646469593048,0.8472734093666077,0.38614681363105774,0.6901204586029053,-0.06145832687616348,0.9057036638259888,0.4610927999019623,0.7038849592208862,-0.09567426890134811,0.9297785758972168,right,109.64397493860686,1
239,7.974633333333333,93.17493438720703,,,,,,,,,,,,,,,,,,,,0.3062180280685425,0.5227557420730591,-0.1621362715959549,0.9999210238456726,0.4362376928329468,0.5960299372673035,-0.18714897334575653,0.8516743183135986,0.3861177861690521,0.6905285716056824,-0.05212932825088501,0.9089317917823792,0.4615679383277893,0.703342854976654,-0.07269085943698883,0.9323742985725403,right,114.51090574644245,1
240,8.008000000000001,94.25115585327148,,,,,,,,,,,,,,,,,,,,0.30660495162010193,0.5175753235816956,-0.16153022646903992,0.9999212026596069,0.43283283710479736,0.5954209566116333,-0.19017578661441803,0.8454667925834656,0.38577964901924133,0.6905744075775146,-0.04944378510117531,0.9011435508728027,0.4615675210952759,0.7037250399589539,-0.08303181827068329,0.9267451167106628,right,115.84219012528368,1
241,8.041366666666667,93.33992004394531,,,,,,,,,,,,,,,,,,,,0.3123094439506531,0.5143210887908936,-0.16113828122615814,0.9999213814735413,0.4311293065547943,0.5946069359779358,-0.18064333498477936,0.8514266014099121,0.3857651948928833,0.6897498369216919,-0.04481350630521774,0.9044642448425293,0.46170833706855774,0.7031391859054565,-0.07089036703109741,0.9286651015281677,right,118.0261200320839,1
242,8.074733333333333,93.99604797363281,,,,,,,,,,,,,,,,,,,,0.3184106647968292,0.5077829957008362,-0.15983745455741882,0.999919056892395,0.4272889792919159,0.5930866599082947,-0.17871959507465363,0.8492782711982727,0.3856721818447113,0.689714252948761,-0.06013577803969383,0.9024137258529663,0.4617219567298889,0.7030724287033081,-0.11716858297586441,0.9243531823158264,right,124.32185092673487,1
243,8.1081,93.80316734313965,,,,,,,,,,,,,,,,,,,,0.32428088784217834,0.5055211186408997,-0.15958189964294434,0.9999170303344727,0.422728031873703,0.592233419418335,-0.13419796526432037,0.8564991354942322,0.3859189450740814,0.6899392008781433,-0.0428813137114048,0.9090341925621033,0.4642077684402466,0.703443169593811,-0.09532009065151215,0.927266001701355,right,133.75918032831856,1
244,8.141466666666666,93.48106384277344,,,,,,,,,,,,,,,,,,,,0.3266412317752838,0.5018962025642395,-0.15982069075107574,0.9999175071716309,0.41812756657600403,0.5916332602500916,-0.1433655470609665,0.8514410853385925,0.38630467653274536,0.6905965805053711,-0.06774801015853882,0.907910943031311,0.46466735005378723,0.7046136856079102,-0.1367107778787613,0.9204879403114319,right,138.7644154299817,1
245,8.174833333333334,93.38116645812988,,,,,,,,,,,,,,,,,,,,0.3274151384830475,0.500304102897644,-0.15819139778614044,0.9999192357063293,0.4136371314525604,0.5894010066986084,-0.14114001393318176,0.8498139977455139,0.38631612062454224,0.690220057964325,-0.06293236464262009,0.9087372422218323,0.46608856320381165,0.7047784924507141,-0.12726688385009766,0.9170025587081909,right,140.664926635194,1
246,8.2082,92.8947925567627,,,,,,,,,,,,,,,,,,,,0.32986611127853394,0.4977153539657593,-0.14986789226531982,0.9999145865440369,0.4063396155834198,0.5885992050170898,-0.11475428938865662,0.8376818299293518,0.3859862983226776,0.6896515488624573,-0.05097844824194908,0.9020617008209229,0.4660598635673523,0.7048097848892212,-0.11750902980566025,0.9049230813980103,right,147.89861205573038,1
247,8.241566666666667,93.85108947753906,,,,,,,,,,,,,,,,,,,,0.3412490487098694,0.4937795400619507,-0.13368239998817444,0.9999107718467712,0.4034899175167084,0.5883385539054871,-0.11990774422883987,0.7995073795318604,0.38551875948905945,0.6889947652816772,-0.06250803172588348,0.8696878552436829,0.46591436862945557,0.7047995328903198,-0.13247545063495636,0.8636879920959473,right,150.2866646332043,1
248,8.274933333333333,93.3980941772461,,,,,,,,,,,,,,,,,,,,0.3484993577003479,0.4894832968711853,-0.1349107027053833,0.9999158382415771,0.39909496903419495,0.5886668562889099,-0.12690913677215576,0.7994313836097717,0.3849203884601593,0.6893908381462097,-0.06922385096549988,0.8663079142570496,0.46571582555770874,0.7047299146652222,-0.14336518943309784,0.8542696237564087,right,153.9937351751237,1
249,8.308300000000001,92.99302101135254,,,,,,,,,,,,,,,,,,,,0.3564736545085907,0.4881961941719055,-0.15555019676685333,0.9999220967292786,0.39648690819740295,0.5891668200492859,-0.13028746843338013,0.811076819896698,0.38455381989479065,0.6913516521453857,-0.0703287273645401,0.8732120990753174,0.4643152058124542,0.70561683177948,-0.15685367584228516,0.8582682609558105,right,155.24729164977595,1
250,8.341666666666667,92.82708168029785,,,,,,,,,,,,,,,,,,,,0.3579089045524597,0.4883875250816345,-0.15872955322265625,0.9999253153800964,0.3913779854774475,0.5893591046333313,-0.12044016271829605,0.8064170479774475,0.3848000168800354,0.6913164854049683,-0.054306238889694214,0.8684185743331909,0.4638327360153198,0.705588161945343,-0.15101468563079834,0.8457522392272949,right,156.29659941237279,1
251,8.375033333333333,93.3380126953125,,,,,,,,,,,,,,,,,,,,0.36097756028175354,0.4878629744052887,-0.16527001559734344,0.9999285340309143,0.38741785287857056,0.5895059108734131,-0.12224067747592926,0.7979165315628052,0.38403937220573425,0.6912321448326111,-0.04638609662652016,0.8556960821151733,0.46357667446136475,0.7056931257247925,-0.16101522743701935,0.8232454657554626,right,157.80265972958233,1
252,8.4084,93.80292892456055,,,,,,,,,,,,,,,,,,,,0.3667636513710022,0.4862765371799469,-0.16403082013130188,0.9999258518218994,0.38168537616729736,0.5895811319351196,-0.10265735536813736,0.7545506358146667,0.3827448785305023,0.6911939382553101,-0.005208746064454317,0.8070987462997437,0.4624876379966736,0.7056354880332947,-0.13406400382518768,0.7694305181503296,right,158.91217080779862,1
253,8.441766666666666,93.83988380432129,,,,,,,,,,,,,,,,,,,,0.37371760606765747,0.48714542388916016,-0.15825490653514862,0.9999234676361084,0.3790264427661896,0.5896520614624023,-0.09118297696113586,0.7180759906768799,0.3826538920402527,0.6911741495132446,0.0016100058564916253,0.7689859867095947,0.461620032787323,0.7057477235794067,-0.11164219677448273,0.7277116179466248,right,159.78758595281997,1
254,8.475133333333334,93.64485740661621,,,,,,,,,,,,,,,,,,,,0.3760839104652405,0.48749658465385437,-0.15820841491222382,0.9999240040779114,0.3786732256412506,0.5896780490875244,-0.07641766220331192,0.6895253658294678,0.38303065299987793,0.691154420375824,0.035409290343523026,0.7428485155105591,0.46161603927612305,0.7060792446136475,-0.07040773332118988,0.6962382197380066,right,160.4909210237095,1
255,8.5085,93.40882301330566,,,,,,,,,,,,,,,,,,,,0.37780117988586426,0.48498642444610596,-0.16325193643569946,0.9999247193336487,0.37797611951828003,0.5893411636352539,-0.08104116469621658,0.6594998240470886,0.382274866104126,0.6906564831733704,0.01941605657339096,0.7099558115005493,0.4622049629688263,0.7063554525375366,-0.08605725318193436,0.6612876653671265,right,162.48827836727824,1
256,8.541866666666667,93.87397766113281,,,,,,,,,,,,,,,,,,,,0.38144251704216003,0.4819948971271515,-0.17143619060516357,0.9999293684959412,0.3778854310512543,0.5879905819892883,-0.0821768268942833,0.6476871371269226,0.3817257881164551,0.6903306245803833,0.007170111406594515,0.6998583078384399,0.4622190296649933,0.7063426375389099,-0.12580539286136627,0.6490278840065002,right,164.32757738032345,1
257,8.575233333333333,94.83504295349121,,,,,,,,,,,,,,,,,,,,0.386043906211853,0.4822034239768982,-0.1702573597431183,0.9999315142631531,0.37787818908691406,0.5864255428314209,-0.06725788116455078,0.6076242327690125,0.3820151388645172,0.688890814781189,0.0326676219701767,0.6616037487983704,0.4628448188304901,0.7060990929603577,-0.10362411290407181,0.6098995804786682,right,164.59156673312268,1
258,8.608600000000001,93.2760238647461,,,,,,,,,,,,,,,,,,,,0.3886836767196655,0.4827808439731598,-0.168708935379982,0.9999345541000366,0.3789381980895996,0.586196780204773,-0.06741762161254883,0.5715160965919495,0.3825044333934784,0.6886922121047974,0.036201123148202896,0.6283535957336426,0.46405988931655884,0.705847442150116,-0.10013686865568161,0.5769326686859131,right,164.6726919771546,1
259,8.641966666666667,94.15102005004883,,,,,,,,,,,,,,,,,,,,0.3863954544067383,0.4830523729324341,-0.168177530169487,0.9999393224716187,0.3784368336200714,0.5862677693367004,-0.06989453732967377,0.5567927360534668,0.3830372989177704,0.6884620189666748,0.053557198494672775,0.6151248216629028,0.4646996855735779,0.7053423523902893,-0.09032883495092392,0.5625447630882263,right,166.5009587218709,1
260,8.675333333333333,99.47609901428223,,,,,,,,,,,,,,,,,,,,0.3874703645706177,0.4832445979118347,-0.16765594482421875,0.9999433755874634,0.3789498209953308,0.5862914323806763,-0.07309561222791672,0.5355324149131775,0.38451188802719116,0.6884686946868896,0.053862255066633224,0.5949492454528809,0.46530216932296753,0.7053050994873047,-0.08878151327371597,0.5427232384681702,right,167.25965612688668,1
261,8.7087,94.50697898864746,,,,,,,,,,,,,,,,,,,,0.38767868280410767,0.48354679346084595,-0.16872839629650116,0.9999470114707947,0.3792828321456909,0.5864717364311218,-0.07378560304641724,0.5143725275993347,0.3858914077281952,0.6883593201637268,0.05687737464904785,0.5748234987258911,0.46624600887298584,0.7048599720001221,-0.08867868781089783,0.5232909321784973,right,167.3373385780326,1
262,8.742066666666666,91.91513061523438,,,,,,,,,,,,,,,,,,,,0.3871232867240906,0.4837692975997925,-0.16742056608200073,0.9999505281448364,0.3793412148952484,0.5866526365280151,-0.07467394322156906,0.49871376156806946,0.3860398828983307,0.6883624196052551,0.05123666673898697,0.563169538974762,0.46712759137153625,0.7047069072723389,-0.09094984084367752,0.5123848915100098,right,166.54737097673524,1
263,8.775433333333334,92.92793273925781,,,,,,,,,,,,,,,,,,,,0.38689249753952026,0.48405274748802185,-0.16716213524341583,0.9999538064002991,0.3797033131122589,0.58668452501297,-0.07377436012029648,0.48850616812705994,0.38591140508651733,0.6884300708770752,0.05317584425210953,0.5577049851417542,0.46733519434928894,0.7047063112258911,-0.09135397523641586,0.5062211155891418,right,166.1062951519853,1
264,8.8088,94.55585479736328,,,,,,,,,,,,,,,,,,,,0.38669952750205994,0.48397091031074524,-0.1659519076347351,0.9999568462371826,0.3799355626106262,0.5867859125137329,-0.08267024904489517,0.48827987909317017,0.38569509983062744,0.6884235143661499,0.05235907807946205,0.5599134564399719,0.4673106372356415,0.7049807906150818,-0.10432486236095428,0.5081977844238281,right,165.44177405732742,1
265,8.842166666666667,93.22500228881836,,,,,,,,,,,,,,,,,,,,0.3867977261543274,0.4839218556880951,-0.16591934859752655,0.9999597072601318,0.3801818788051605,0.5868654847145081,-0.08101648092269897,0.4876048266887665,0.38537660241127014,0.6884262561798096,0.05450466275215149,0.5622528195381165,0.46733033657073975,0.7052262425422668,-0.10008528083562851,0.5100186467170715,right,165.56889599215793,1
266,8.875533333333333,93.89305114746094,,,,,,,,,,,,,,,,,,,,0.3872564733028412,0.4839700162410736,-0.1658669412136078,0.9999622106552124,0.3804468810558319,0.5869148969650269,-0.07744714617729187,0.4848683774471283,0.38537073135375977,0.6884036660194397,0.06167212501168251,0.5625643134117126,0.4671271741390228,0.7053641080856323,-0.09123918414115906,0.5096243023872375,right,165.24041489991214,1
267,8.908900000000001,91.62020683288574,,,,,,,,,,,,,,,,,,,,0.38792869448661804,0.4839896261692047,-0.16580532491207123,0.99996417760849,0.3808165192604065,0.5869543552398682,-0.0731063261628151,0.47825974225997925,0.38520509004592896,0.6884814500808716,0.05734569951891899,0.5591318607330322,0.4671017825603485,0.7053874731063843,-0.0918346419930458,0.5059630274772644,right,165.160910342446,1
268,8.942266666666667,93.26505661010742,,,,,,,,,,,,,,,,,,,,0.38888347148895264,0.4839251637458801,-0.1656554639339447,0.9999659657478333,0.3817092776298523,0.5869686603546143,-0.07366925477981567,0.473996639251709,0.38519176840782166,0.6884673237800598,0.048016179352998734,0.5592828392982483,0.4670528471469879,0.7054523229598999,-0.1057465597987175,0.5058770775794983,right,164.79517649511484,1
269,8.975633333333333,94.44093704223633,,,,,,,,,,,,,,,,,,,,0.38908615708351135,0.483857125043869,-0.16217143833637238,0.9999672770500183,0.3820856213569641,0.587429404258728,-0.0726352334022522,0.4684797525405884,0.38509583473205566,0.6886059045791626,0.04798164591193199,0.5579109191894531,0.46703940629959106,0.7055572271347046,-0.10116903483867645,0.5051915049552917,right,164.55093456337983,1
270,9.009,94.36702728271484,,,,,,,,,,,,,,,,,,,,0.38895222544670105,0.48385584354400635,-0.16137981414794922,0.9999687671661377,0.38218170404434204,0.5879371166229248,-0.07274631410837173,0.47332295775413513,0.38490384817123413,0.6891647577285767,0.047602616250514984,0.5634569525718689,0.46706822514533997,0.7055774331092834,-0.100797139108181,0.5112802386283875,right,164.4098898308934,1
271,9.042366666666666,93.29676628112793,,,,,,,,,,,,,,,,,,,,0.3888232409954071,0.48370373249053955,-0.16122540831565857,0.9999701380729675,0.38225558400154114,0.5879735946655273,-0.07396529614925385,0.47717028856277466,0.38470420241355896,0.6892721652984619,0.044508032500743866,0.5684751868247986,0.4671432375907898,0.7055408358573914,-0.10339205712080002,0.5172658562660217,right,164.27065617256537,1
272,9.075733333333334,93.9950942993164,,,,,,,,,,,,,,,,,,,,0.3887278139591217,0.4835689961910248,-0.15874192118644714,0.9999711513519287,0.3823060095310211,0.5879747867584229,-0.07671437412500381,0.48044562339782715,0.3845307528972626,0.6893042922019958,0.032946210354566574,0.5733134150505066,0.4670937955379486,0.7055299282073975,-0.1115342229604721,0.5234524011611938,right,164.19266294391804,1
273,9.1091,116.7607307434082,,,,,,,,,,,,,,,,,,,,0.3887218236923218,0.4832235276699066,-0.15863710641860962,0.9999721646308899,0.3824612498283386,0.587986171245575,-0.08062960207462311,0.4850755035877228,0.3843965530395508,0.6893246173858643,0.026385579258203506,0.5787429809570312,0.46683332324028015,0.7055331468582153,-0.11809813976287842,0.5301477909088135,right,164.1699653091229,1
274,9.142466666666667,93.21117401123047,,,,,,,,,,,,,,,,,,,,0.3894205391407013,0.4828730523586273,-0.15865549445152283,0.9999731183052063,0.383158415555954,0.5879842638969421,-0.08111488819122314,0.4889289438724518,0.3840043544769287,0.6893274188041687,0.028171733021736145,0.5836523175239563,0.4663068354129791,0.7055465579032898,-0.11740376055240631,0.5357376933097839,right,164.10353162805325,1
275,9.175833333333333,92.75388717651367,,,,,,,,,,,,,,,,,,,,0.38940998911857605,0.48271241784095764,-0.158822700381279,0.9999741315841675,0.38352787494659424,0.5876770615577698,-0.08233651518821716,0.4937545955181122,0.3835972845554352,0.6892983913421631,0.026739362627267838,0.5895172357559204,0.4659528136253357,0.7055470943450928,-0.12036983668804169,0.5420929789543152,right,164.09670563384964,1
276,9.209200000000001,94.09785270690918,,,,,,,,,,,,,,,,,,,,0.39077839255332947,0.48254477977752686,-0.1593417376279831,0.9999746680259705,0.383720338344574,0.5874320864677429,-0.08227001875638962,0.48829734325408936,0.38341230154037476,0.6892581582069397,0.026832740753889084,0.5856467485427856,0.4657003879547119,0.7055341005325317,-0.11906615644693375,0.5389922261238098,right,164.00254078164613,1
277,9.242566666666667,93.95575523376465,,,,,,,,,,,,,,,,,,,,0.3920535743236542,0.482582151889801,-0.15936821699142456,0.9999755024909973,0.38411203026771545,0.5876438021659851,-0.07551462203264236,0.48877671360969543,0.3832845091819763,0.6892756223678589,0.0508246012032032,0.5854507684707642,0.4656396806240082,0.7055270075798035,-0.09055882692337036,0.5397246479988098,right,163.80251558261563,1
278,9.275933333333333,94.48790550231934,,,,,,,,,,,,,,,,,,,,0.394165962934494,0.4825611710548401,-0.15941622853279114,0.9999759197235107,0.3859173059463501,0.5876857042312622,-0.07227469235658646,0.48160576820373535,0.3832536041736603,0.6892831921577454,0.056659042835235596,0.5772734880447388,0.465615451335907,0.705520510673523,-0.08374424278736115,0.5326464772224426,right,163.6031408427948,1
279,9.3093,94.66886520385742,,,,,,,,,,,,,,,,,,,,0.39577043056488037,0.48260876536369324,-0.15962845087051392,0.9999764561653137,0.3879614472389221,0.5878068208694458,-0.060738153755664825,0.4794501066207886,0.383212685585022,0.6892862319946289,0.07672429829835892,0.5747008323669434,0.46557560563087463,0.7055157423019409,-0.05941705405712128,0.5301732420921326,right,163.36188680906233,1
280,9.342666666666666,94.37108039855957,,,,,,,,,,,,,,,,,,,,0.3971085846424103,0.482608437538147,-0.1596686840057373,0.9999770522117615,0.38937750458717346,0.5878205895423889,-0.07141600549221039,0.47914671897888184,0.38299691677093506,0.68936687707901,0.058030493557453156,0.5720735192298889,0.4653061330318451,0.7055130004882812,-0.07716035097837448,0.5291358232498169,right,163.05013416103492,1
281,9.376033333333334,93.25790405273438,,,,,,,,,,,,,,,,,,,,0.40015900135040283,0.4826100766658783,-0.1595885157585144,0.9999774098396301,0.39284804463386536,0.5875177979469299,-0.06651865690946579,0.4758661389350891,0.3829911947250366,0.6893855929374695,0.06272346526384354,0.5685794949531555,0.4651879668235779,0.7055124640464783,-0.07531838119029999,0.5267788171768188,right,162.5471603164317,1
282,9.4094,100.77309608459473,,,,,,,,,,,,,,,,,,,,0.40469950437545776,0.4826125502586365,-0.15801078081130981,0.9999772906303406,0.39571574330329895,0.5874536037445068,-0.06479721516370773,0.4645097255706787,0.38299524784088135,0.6893772482872009,0.06111297756433487,0.5570530891418457,0.46518927812576294,0.705512285232544,-0.07630309462547302,0.5166091918945312,right,161.87702866292494,1
283,9.442766666666667,96.30894660949707,,,,,,,,,,,,,,,,,,,,0.4074370861053467,0.4824865162372589,-0.15670765936374664,0.9999772906303406,0.39933139085769653,0.587376058101654,-0.07265641540288925,0.45054298639297485,0.38299041986465454,0.689315140247345,0.040701620280742645,0.5406898856163025,0.4651433229446411,0.7055385708808899,-0.10007385164499283,0.5025701522827148,right,161.29686168800544,1
284,9.476133333333333,93.78623962402344,,,,,,,,,,,,,,,,,,,,0.40869420766830444,0.48267823457717896,-0.1567901223897934,0.9999772906303406,0.4049079716205597,0.58685702085495,-0.06777656823396683,0.432126522064209,0.3833581209182739,0.6879335641860962,0.0502246618270874,0.5232043862342834,0.464988112449646,0.7055128216743469,-0.09003987908363342,0.4864315986633301,right,160.41571310286827,1
285,9.509500000000001,93.29485893249512,,,,,,,,,,,,,,,,,,,,0.40919414162635803,0.4821819067001343,-0.1584721803665161,0.9999784231185913,0.40812233090400696,0.5860360860824585,-0.07496964186429977,0.4307876527309418,0.3836023807525635,0.6873500943183899,0.030720805749297142,0.5213618874549866,0.4649834930896759,0.7055149674415588,-0.11123151332139969,0.4835180938243866,right,160.61159440943374,1
286,9.542866666666667,93.02711486816406,,,,,,,,,,,,,,,,,,,,0.40917685627937317,0.4819706976413727,-0.15950815379619598,0.999979555606842,0.4123334288597107,0.5860632061958313,-0.09461256861686707,0.4444502592086792,0.3836672604084015,0.6873921751976013,-0.015900947153568268,0.5312795639038086,0.4650086462497711,0.7054505944252014,-0.1599734127521515,0.49157750606536865,right,160.04459120634368,1
287,9.576233333333333,93.3840274810791,,,,,,,,,,,,,,,,,,,,0.4137119650840759,0.481588214635849,-0.1584445983171463,0.9999802112579346,0.42145973443984985,0.5860669016838074,-0.10506788641214371,0.47533127665519714,0.38399824500083923,0.6873951554298401,-0.03792364150285721,0.5513094663619995,0.4651428461074829,0.7053853869438171,-0.1727384775876999,0.5085547566413879,right,157.51447708833533,1
288,9.6096,96.63105010986328,,,,,,,,,,,,,,,,,,,,0.4175070524215698,0.4818509817123413,-0.16244713962078094,0.9999799728393555,0.4289875030517578,0.5882874727249146,-0.10648530721664429,0.4742325246334076,0.38410064578056335,0.6879045367240906,-0.023947235196828842,0.5455170273780823,0.4650685489177704,0.7055460214614868,-0.16305555403232574,0.5043662786483765,right,156.31060250890224,1
289,9.642966666666666,117.3241138458252,,,,,,,,,,,,,,,,,,,,0.42033490538597107,0.48410555720329285,-0.1628137230873108,0.9999796748161316,0.4339487552642822,0.5904070734977722,-0.1180742159485817,0.467237651348114,0.3846883475780487,0.6882399916648865,-0.048455361276865005,0.5381301641464233,0.4650931656360626,0.705574095249176,-0.18648599088191986,0.49982067942619324,right,155.10766499538843,1
290,9.676333333333334,110.58306694030762,,,,,,,,,,,,,,,,,,,,0.42044010758399963,0.4869929850101471,-0.16444620490074158,0.9999794363975525,0.44024497270584106,0.5925772190093994,-0.12351185828447342,0.455636590719223,0.38539591431617737,0.6883653402328491,-0.03594427928328514,0.5261116027832031,0.46507537364959717,0.7060128450393677,-0.17168910801410675,0.49032965302467346,right,152.4286204585771,1
291,9.7097,149.11413192749023,,,,,,,,,,,,,,,,,,,,0.4210132658481598,0.48811084032058716,-0.1652483493089676,0.9999788999557495,0.44661229848861694,0.5938529372215271,-0.13915549218654633,0.4425210654735565,0.38555338978767395,0.6885483264923096,-0.05498579517006874,0.5117338299751282,0.4649023413658142,0.706221878528595,-0.18887579441070557,0.4792632758617401,right,149.5727192156035,1
292,9.743066666666667,95.63803672790527,,,,,,,,,,,,,,,,,,,,0.42226171493530273,0.48969611525535583,-0.16211429238319397,0.9999793767929077,0.45708754658699036,0.5943536162376404,-0.15792736411094666,0.4390415847301483,0.3858235776424408,0.688603401184082,-0.10100879520177841,0.5002878904342651,0.46505945920944214,0.7069985270500183,-0.21242690086364746,0.47128790616989136,right,138.75471568144874,1
293,9.776433333333333,94.30408477783203,,,,,,,,,,,,,,,,,,,,0.4220569431781769,0.4920336902141571,-0.1547199934720993,0.9999781847000122,0.45943570137023926,0.5942969918251038,-0.15398374199867249,0.4307231307029724,0.3863790035247803,0.6885846853256226,-0.09761127084493637,0.489559143781662,0.46450382471084595,0.7079150080680847,-0.20836247503757477,0.4651029706001282,right,138.74334515602524,1
294,9.809800000000001,93.96886825561523,,,,,,,,,,,,,,,,,,,,0.4215686023235321,0.4944910407066345,-0.15374627709388733,0.9999777674674988,0.4622710049152374,0.596269965171814,-0.1484753042459488,0.4263486862182617,0.3866787254810333,0.6887693405151367,-0.08602762967348099,0.4872795045375824,0.46393883228302,0.708973228931427,-0.1964399665594101,0.46733149886131287,right,139.3424023010105,1
295,9.843166666666667,92.81611442565918,,,,,,,,,,,,,,,,,,,,0.4229811429977417,0.4958573281764984,-0.15411080420017242,0.9999768137931824,0.4715268313884735,0.5965765714645386,-0.1515921801328659,0.42616501450538635,0.3879081606864929,0.6886770129203796,-0.10269641876220703,0.4774160087108612,0.46401309967041016,0.7089035511016846,-0.20460088551044464,0.4626472592353821,right,135.57792289799272,0
296,9.876533333333333,93.10793876647949,,,,,,,,,,,,,,,,,,,,0.42257311940193176,0.49864113330841064,-0.16722910106182098,0.9999778270721436,0.4746497869491577,0.5984166264533997,-0.1799718141555786,0.4436897933483124,0.3879430890083313,0.6886143088340759,-0.10989712923765182,0.4880335032939911,0.46183091402053833,0.7096675634384155,-0.21754229068756104,0.4747430384159088,right,134.10657013016822,0
297,9.9099,95.03602981567383,,,,,,,,,,,,,,,,,,,,0.4210686981678009,0.5018208622932434,-0.17232240736484528,0.9999785423278809,0.47551268339157104,0.6003783941268921,-0.16854989528656006,0.4533041715621948,0.38810163736343384,0.6886149048805237,-0.09357848763465881,0.49027514457702637,0.46150264143943787,0.7096258401870728,-0.21695499122142792,0.4792234003543854,right,133.0027103215564,0
298,9.943266666666666,95.37696838378906,,,,,,,,,,,,,,,,,,,,0.41854327917099,0.5046313405036926,-0.17188890278339386,0.9999793767929077,0.47531670331954956,0.6023404598236084,-0.16175760328769684,0.4601186215877533,0.3888235092163086,0.6886158585548401,-0.08791672438383102,0.49447619915008545,0.46152523159980774,0.7096379399299622,-0.20491492748260498,0.48426735401153564,right,130.8371967673348,0
299,9.976633333333334,94.06805038452148,,,,,,,,,,,,,,,,,,,,0.41493380069732666,0.5094123482704163,-0.1728118360042572,0.9999803304672241,0.47490552067756653,0.6044548153877258,-0.14504705369472504,0.4637491703033447,0.3888178765773773,0.6889588832855225,-0.03773137927055359,0.4969247281551361,0.461546927690506,0.7097260355949402,-0.14555977284908295,0.4857727289199829,right,129.49914317177968,0
300,10.01,93.72687339782715,,,,,,,,,,,,,,,,,,,,0.41443318128585815,0.5114157795906067,-0.1723567247390747,0.9999812841415405,0.48160699009895325,0.6075134873390198,-0.14519788324832916,0.4819301664829254,0.3895362913608551,0.6889880299568176,-0.04116649553179741,0.5082159042358398,0.46155664324760437,0.7103471159934998,-0.14579477906227112,0.4944707751274109,right,124.78219702175261,0
301,10.043366666666667,93.43504905700684,,,,,,,,,,,,,,,,,,,,0.4110111892223358,0.5150138735771179,-0.17469742894172668,0.9999826550483704,0.48308247327804565,0.6094316840171814,-0.14556099474430084,0.5163221955299377,0.39070749282836914,0.6890436410903931,-0.04341167211532593,0.5371160507202148,0.4614764153957367,0.7103058099746704,-0.15051010251045227,0.5202157497406006,right,125.00851238017977,0
302,10.076733333333333,98.59681129455566,,,,,,,,,,,,,,,,,,,,0.4049779176712036,0.5195701718330383,-0.1748250126838684,0.9999840259552002,0.4811919629573822,0.6121599674224854,-0.14128045737743378,0.549721360206604,0.39064517617225647,0.6894569993019104,-0.029369225725531578,0.5686750411987305,0.456857830286026,0.7117120027542114,-0.12499140948057175,0.5511596202850342,right,123.67548668874663,0
303,10.110100000000001,94.26999092102051,,,,,,,,,,,,,,,,,,,,0.4026414752006531,0.5226686596870422,-0.17564907670021057,0.9999851584434509,0.4918883144855499,0.6125064492225647,-0.13952922821044922,0.5789573192596436,0.39078494906425476,0.6898468732833862,-0.01886535808444023,0.5948547720909119,0.45895394682884216,0.7116429805755615,-0.09842956811189651,0.5768797397613525,right,116.88386418692141,0
304,10.143466666666667,92.86785125732422,,,,,,,,,,,,,,,,,,,,0.4000335931777954,0.5265893340110779,-0.1853768676519394,0.9999862909317017,0.4961288869380951,0.6142231822013855,-0.16417886316776276,0.6108920574188232,0.39076748490333557,0.690163254737854,-0.02118639647960663,0.6206390857696533,0.45897176861763,0.7116014361381531,-0.11215980350971222,0.6024540066719055,right,111.02438451613044,0
305,10.176833333333333,93.69182586669922,,,,,,,,,,,,,,,,,,,,0.3972301781177521,0.5287320613861084,-0.19101397693157196,0.9999873638153076,0.49802422523498535,0.615544319152832,-0.17345620691776276,0.6429904103279114,0.39049893617630005,0.6903060078620911,-0.027682771906256676,0.6494064331054688,0.45829784870147705,0.7123891711235046,-0.10698796063661575,0.6316729187965393,right,108.32496952401218,0
306,10.2102,94.56491470336914,,,,,,,,,,,,,,,,,,,,0.39651551842689514,0.5316416621208191,-0.19397929310798645,0.999988317489624,0.5017492771148682,0.6166985034942627,-0.1829591691493988,0.6701493263244629,0.39007213711738586,0.691003143787384,-0.05233094096183777,0.6722543835639954,0.45662280917167664,0.7127552628517151,-0.11177544295787811,0.6544942855834961,right,105.0491788598684,0
307,10.243566666666666,95.89695930480957,,,,,,,,,,,,,,,,,,,,0.3972761034965515,0.5340660214424133,-0.1945933699607849,0.9999890327453613,0.5065605044364929,0.6170341968536377,-0.1991087645292282,0.6928437352180481,0.3894513249397278,0.6911002993583679,-0.0721442848443985,0.6872801780700684,0.4553952217102051,0.712675154209137,-0.1190968006849289,0.668598473072052,right,99.48332047477331,0
308,10.276933333333334,93.43695640563965,,,,,,,,,,,,,,,,,,,,0.3960031569004059,0.5364322662353516,-0.19231192767620087,0.9999896883964539,0.5075502991676331,0.6169299483299255,-0.20310263335704803,0.7089628577232361,0.38935387134552,0.6910529732704163,-0.07414546608924866,0.6980949640274048,0.4532841145992279,0.712634265422821,-0.1235419511795044,0.6795888543128967,right,97.92621312201581,0
309,10.3103,93.27912330627441,,,,,,,,,,,,,,,,,,,,0.39439037442207336,0.5381354093551636,-0.19112011790275574,0.9999902844429016,0.5086377263069153,0.617363691329956,-0.209044948220253,0.7232919931411743,0.3894077241420746,0.6908747553825378,-0.07217073440551758,0.7055819034576416,0.45206037163734436,0.7128252387046814,-0.12392663210630417,0.6870209574699402,right,98.19081512657988,0
310,10.343666666666667,93.11985969543457,,,,,,,,,,,,,,,,,,,,0.3930453062057495,0.5397356152534485,-0.1903761774301529,0.9999907612800598,0.5104510188102722,0.6174188256263733,-0.20077650249004364,0.7332242727279663,0.3908843994140625,0.6899438500404358,-0.0718814879655838,0.7072634100914001,0.4523831605911255,0.7123649716377258,-0.10750038921833038,0.6900990605354309,right,94.14151658115966,0
311,10.377033333333333,93.86897087097168,,,,,,,,,,,,,,,,,,,,0.39089396595954895,0.5411048531532288,-0.18986861407756805,0.999991238117218,0.510836124420166,0.618259847164154,-0.2001766860485077,0.7426391839981079,0.39078789949417114,0.6901581883430481,-0.07566382735967636,0.7115585207939148,0.45165830850601196,0.7125875949859619,-0.1104564294219017,0.6943162679672241,right,93.21355317518409,0
312,10.410400000000001,92.76318550109863,,,,,,,,,,,,,,,,,,,,0.3904556334018707,0.5423988699913025,-0.1898811161518097,0.9999915957450867,0.5115399956703186,0.6187924146652222,-0.2109505832195282,0.7459465861320496,0.39066290855407715,0.6902380585670471,-0.08182592689990997,0.7072146534919739,0.4517113268375397,0.7126100063323975,-0.11494893580675125,0.6914008259773254,right,92.6670710956352,0
313,10.443766666666667,92.9100513458252,,,,,,,,,,,,,,,,,,,,0.39024728536605835,0.5426728129386902,-0.19077154994010925,0.9999919533729553,0.5136839151382446,0.6193404793739319,-0.21039722859859467,0.7426667809486389,0.39026373624801636,0.6909370422363281,-0.07958688586950302,0.6960466504096985,0.45328718423843384,0.7121298909187317,-0.11497258394956589,0.683109700679779,right,91.8387443201854,0
314,10.477133333333333,99.67494010925293,,,,,,,,,,,,,,,,,,,,0.3905753195285797,0.5434082746505737,-0.19068576395511627,0.9999921321868896,0.5133267045021057,0.6200810074806213,-0.2067251056432724,0.7396901249885559,0.3900202810764313,0.6915760636329651,-0.07728853821754456,0.6846771240234375,0.45303934812545776,0.7121900320053101,-0.10680583864450455,0.674519956111908,right,91.86868688844622,0
315,10.5105,93.11103820800781,,,,,,,,,,,,,,,,,,,,0.39021000266075134,0.5424851775169373,-0.19276387989521027,0.9999923706054688,0.5155661702156067,0.6197670698165894,-0.21637646853923798,0.7373350858688354,0.38976478576660156,0.6917637586593628,-0.09630314260721207,0.6747034192085266,0.45284318923950195,0.7122216820716858,-0.13615299761295319,0.6662490963935852,right,90.02095553569687,0
316,10.543866666666666,94.84481811523438,,,,,,,,,,,,,,,,,,,,0.3899986445903778,0.5418902039527893,-0.1927836537361145,0.9999925494194031,0.514833927154541,0.6196029782295227,-0.2156781107187271,0.7362698316574097,0.389570951461792,0.6922959089279175,-0.09681324660778046,0.6676052212715149,0.452838659286499,0.7122700214385986,-0.14186060428619385,0.6596956253051758,right,90.97603704869364,0
317,10.577233333333334,93.52517127990723,,,,,,,,,,,,,,,,,,,,0.38887879252433777,0.5413317084312439,-0.1906365156173706,0.9999926686286926,0.5141976475715637,0.6195927858352661,-0.21450108289718628,0.7334842681884766,0.38849687576293945,0.6929394006729126,-0.09311706572771072,0.6633306741714478,0.45289215445518494,0.7122741341590881,-0.14001360535621643,0.6562337875366211,right,91.8695727122692,0
318,10.6106,91.99285507202148,,,,,,,,,,,,,,,,,,,,0.3890541195869446,0.5410413146018982,-0.19195863604545593,0.9999927878379822,0.5117860436439514,0.6196691393852234,-0.21191102266311646,0.7272887229919434,0.38795897364616394,0.693348228931427,-0.09078319370746613,0.6516566872596741,0.45329466462135315,0.7122699022293091,-0.13813237845897675,0.6445017457008362,right,93.12306658965316,0
319,10.643966666666667,93.31798553466797,,,,,,,,,,,,,,,,,,,,0.38916468620300293,0.540467381477356,-0.19648997485637665,0.9999930262565613,0.5102708339691162,0.6195740103721619,-0.22312718629837036,0.7321738600730896,0.38748010993003845,0.6934698224067688,-0.11146549880504608,0.6504775881767273,0.45339667797088623,0.7122700214385986,-0.16411541402339935,0.6423394083976746,right,93.23845939324559,0
320,10.677333333333333,94.07377243041992,,,,,,,,,,,,,,,,,,,,0.38925954699516296,0.537987470626831,-0.19651077687740326,0.9999931454658508,0.508211076259613,0.6191021800041199,-0.21988406777381897,0.7362813949584961,0.38686880469322205,0.6935708522796631,-0.10920073091983795,0.6486495733261108,0.45341208577156067,0.7122465372085571,-0.16898863017559052,0.6382223963737488,right,94.50517271579301,0
321,10.710700000000001,93.44005584716797,,,,,,,,,,,,,,,,,,,,0.3887115716934204,0.5329021215438843,-0.19657950103282928,0.9999933838844299,0.5018408298492432,0.6181879639625549,-0.21768499910831451,0.742361843585968,0.3864390254020691,0.6937448978424072,-0.11080747097730637,0.6530523896217346,0.453500896692276,0.7122507095336914,-0.18354427814483643,0.6402847170829773,right,98.97528127934173,0
322,10.744066666666667,93.53899955749512,,,,,,,,,,,,,,,,,,,,0.38838276267051697,0.5279910564422607,-0.1968235820531845,0.9999937415122986,0.49349382519721985,0.6165630221366882,-0.21446067094802856,0.7553890943527222,0.386079341173172,0.6939145922660828,-0.11289044469594955,0.6702553629875183,0.4536572992801666,0.71222984790802,-0.20290839672088623,0.6551517248153687,right,106.44537638906607,0
323,10.777433333333333,93.30177307128906,,,,,,,,,,,,,,,,,,,,0.3879397511482239,0.5227394104003906,-0.19702684879302979,0.9999939799308777,0.483380526304245,0.614812433719635,-0.2134580761194229,0.7637894153594971,0.3858276605606079,0.6939059495925903,-0.13002237677574158,0.6817072629928589,0.45379260182380676,0.7110430002212524,-0.22273527085781097,0.6636862754821777,right,113.19373331996196,0
324,10.8108,93.41907501220703,,,,,,,,,,,,,,,,,,,,0.38691920042037964,0.5196658372879028,-0.19412152469158173,0.9999942779541016,0.47683924436569214,0.6139161586761475,-0.1927165985107422,0.7777159214019775,0.3853487968444824,0.6938982009887695,-0.11273190379142761,0.7021414637565613,0.45379719138145447,0.7112702131271362,-0.2015606313943863,0.6818652153015137,right,116.91380714350174,0
325,10.844166666666666,97.02396392822266,,,,,,,,,,,,,,,,,,,,0.38686123490333557,0.5143004059791565,-0.19407281279563904,0.9999943971633911,0.4710374176502228,0.611688494682312,-0.1933315545320511,0.7874984741210938,0.38484448194503784,0.6938400864601135,-0.11099851131439209,0.7164342999458313,0.45436108112335205,0.7112410068511963,-0.20659394562244415,0.6923754215240479,right,120.86111755498708,0
326,10.877533333333334,95.55220603942871,,,,,,,,,,,,,,,,,,,,0.3874673843383789,0.5102259516716003,-0.19391319155693054,0.9999944567680359,0.46743470430374146,0.6089772582054138,-0.19344370067119598,0.7936951518058777,0.3848067820072174,0.6936590671539307,-0.12015839666128159,0.7260485291481018,0.4543651044368744,0.7112513780593872,-0.22371913492679596,0.6985052824020386,right,123.92732401915733,0
327,10.9109,94.17986869812012,,,,,,,,,,,,,,,,,,,,0.39126622676849365,0.503661572933197,-0.1937686800956726,0.999994158744812,0.4636346697807312,0.6041374802589417,-0.18690326809883118,0.790969967842102,0.38473835587501526,0.6931798458099365,-0.12375058978796005,0.7252044081687927,0.45396363735198975,0.7119097113609314,-0.23220670223236084,0.690858006477356,right,127.90072187014901,0
328,10.944266666666667,93.51992607116699,,,,,,,,,,,,,,,,,,,,0.3942250609397888,0.5024009346961975,-0.18677939474582672,0.9999936819076538,0.4566164016723633,0.6021982431411743,-0.1685672551393509,0.7933560609817505,0.38469719886779785,0.6931458115577698,-0.12212682515382767,0.7332543730735779,0.454314649105072,0.7115843296051025,-0.21842043101787567,0.695738673210144,right,134.7856303229718,0
329,10.977633333333333,92.94795989990234,,,,,,,,,,,,,,,,,,,,0.39651450514793396,0.49696069955825806,-0.18721887469291687,0.9999932646751404,0.4514155089855194,0.5991557240486145,-0.16950643062591553,0.796241283416748,0.3842684030532837,0.6931475400924683,-0.1247970312833786,0.7402625679969788,0.45434221625328064,0.71158766746521,-0.23793162405490875,0.6996532678604126,right,137.55302431977978,1
330,11.011000000000001,93.0643081665039,,,,,,,,,,,,,,,,,,,,0.3977157175540924,0.49553924798965454,-0.18643991649150848,0.999993085861206,0.4432920217514038,0.5971694588661194,-0.15207324922084808,0.8045782446861267,0.38436567783355713,0.6931501030921936,-0.11714943498373032,0.7533165812492371,0.4548983573913574,0.7114667296409607,-0.23382890224456787,0.7118365168571472,right,142.71509147393076,1
331,11.044366666666667,94.4211483001709,,,,,,,,,,,,,,,,,,,,0.39948955178260803,0.4915103316307068,-0.1866265833377838,0.9999927878379822,0.43535706400871277,0.5953067541122437,-0.15576456487178802,0.8077852129936218,0.3846062421798706,0.6928485631942749,-0.1332072764635086,0.7618358135223389,0.45612403750419617,0.7114183902740479,-0.2672095000743866,0.7194828391075134,right,146.42442107245893,1
332,11.077733333333333,93.89400482177734,,,,,,,,,,,,,,,,,,,,0.4023064970970154,0.4896498918533325,-0.18626728653907776,0.9999921917915344,0.42984744906425476,0.5951724648475647,-0.13759368658065796,0.8083277940750122,0.38511648774147034,0.6928520798683167,-0.11378975212574005,0.7663264870643616,0.4595724046230316,0.7111735939979553,-0.24813108146190643,0.7235139608383179,right,154.04735307847747,1
333,11.1111,93.51205825805664,,,,,,,,,,,,,,,,,,,,0.40200620889663696,0.487261563539505,-0.18463800847530365,0.9999913573265076,0.4212237298488617,0.5941046476364136,-0.13300968706607819,0.8092054128646851,0.3851798474788666,0.6928518414497375,-0.11063995212316513,0.7730789184570312,0.45983049273490906,0.7111942768096924,-0.24353310465812683,0.7298887968063354,right,156.21539009431103,1
334,11.144466666666666,93.11103820800781,,,,,,,,,,,,,,,,,,,,0.40229111909866333,0.48479512333869934,-0.1836184412240982,0.9999898076057434,0.4156491756439209,0.5921966433525085,-0.10596681386232376,0.7895216345787048,0.3851228356361389,0.6923991441726685,-0.0566922090947628,0.7647251486778259,0.46175986528396606,0.7111953496932983,-0.20084790885448456,0.7163881659507751,right,157.72471359671547,1
335,11.177833333333334,92.61393547058105,,,,,,,,,,,,,,,,,,,,0.40194812417030334,0.48188143968582153,-0.18192991614341736,0.9999881386756897,0.4041651487350464,0.5906347036361694,-0.11909005790948868,0.7865113019943237,0.3848957419395447,0.691860020160675,-0.06063977628946304,0.7678643465042114,0.4622674882411957,0.7109506130218506,-0.2326904535293579,0.7194456458091736,right,160.8832456134736,1
336,11.2112,92.87285804748535,,,,,,,,,,,,,,,,,,,,0.4017428159713745,0.4800304174423218,-0.17269101738929749,0.9999857544898987,0.3982340395450592,0.5888550877571106,-0.12072369456291199,0.7634152173995972,0.3843846917152405,0.6912551522254944,-0.06254332512617111,0.7517648935317993,0.4624451994895935,0.7100002765655518,-0.23941181600093842,0.7030200958251953,right,163.8547534046168,1
337,11.244566666666667,92.67973899841309,,,,,,,,,,,,,,,,,,,,0.40166422724723816,0.4788087010383606,-0.17243795096874237,0.9999825358390808,0.3940715193748474,0.586575448513031,-0.1184588298201561,0.7386391162872314,0.38448387384414673,0.6898834109306335,-0.07581745833158493,0.7355592846870422,0.4641461670398712,0.7093449234962463,-0.2367037981748581,0.6843665838241577,right,164.7344473040121,1
338,11.277933333333333,93.82081031799316,,,,,,,,,,,,,,,,,,,,0.40123263001441956,0.47912436723709106,-0.1712871938943863,0.9999784827232361,0.3925594687461853,0.5858733057975769,-0.11934937536716461,0.7062164545059204,0.38453295826911926,0.68913334608078,-0.0808442085981369,0.7108584642410278,0.4648233950138092,0.7088709473609924,-0.23513031005859375,0.6585121750831604,right,164.90241858530447,1
339,11.311300000000001,94.77496147155762,,,,,,,,,,,,,,,,,,,,0.40014100074768066,0.4802062213420868,-0.1700229048728943,0.999975860118866,0.38898980617523193,0.5860445499420166,-0.11534656584262848,0.6761599183082581,0.38450977206230164,0.6888344883918762,-0.07953719794750214,0.6909239888191223,0.4649745225906372,0.7079140543937683,-0.23415100574493408,0.6373214721679688,right,165.82223986125442,1
340,11.344666666666667,93.50299835205078,,,,,,,,,,,,,,,,,,,,0.39682701230049133,0.48115119338035583,-0.1633726954460144,0.9999719262123108,0.3822323679924011,0.586805522441864,-0.10920620709657669,0.6323851346969604,0.38448867201805115,0.6889019012451172,-0.06406176090240479,0.6544304490089417,0.46575188636779785,0.7076078653335571,-0.20852845907211304,0.6028186678886414,right,166.53778296825087,1
341,11.378033333333333,93.60575675964355,,,,,,,,,,,,,,,,,,,,0.3945198953151703,0.48196032643318176,-0.15835191309452057,0.9999688863754272,0.3779681324958801,0.587346613407135,-0.09616968780755997,0.5957343578338623,0.38450706005096436,0.6887252926826477,-0.04183783382177353,0.6258211135864258,0.46575960516929626,0.7071429491043091,-0.18068212270736694,0.575214147567749,right,167.36025631796272,1
342,11.4114,93.18900108337402,,,,,,,,,,,,,,,,,,,,0.3922002911567688,0.4824763238430023,-0.1554618626832962,0.9999666213989258,0.37682637572288513,0.5877460241317749,-0.09977386146783829,0.5689094066619873,0.3845652937889099,0.6886042952537537,-0.049077343195676804,0.6041224598884583,0.46578559279441833,0.7071606516838074,-0.1881755143404007,0.554552435874939,right,167.5044932117581,1
343,11.444766666666666,92.529296875,,,,,,,,,,,,,,,,,,,,0.39111971855163574,0.4828305244445801,-0.15733912587165833,0.9999643564224243,0.37662822008132935,0.5880253911018372,-0.10450492054224014,0.5436508059501648,0.38458767533302307,0.6885218024253845,-0.0533701553940773,0.581944465637207,0.46572649478912354,0.7071811556816101,-0.19079476594924927,0.5333872437477112,right,167.37922167183643,1
344,11.478133333333334,93.65296363830566,,,,,,,,,,,,,,,,,,,,0.3907269835472107,0.4830687642097473,-0.15821392834186554,0.999962568283081,0.3769553005695343,0.5882266759872437,-0.10672059655189514,0.5248964428901672,0.3845442831516266,0.68855220079422,-0.04812697693705559,0.567427933216095,0.46570679545402527,0.707192599773407,-0.18481393158435822,0.5186699628829956,right,167.07797753895372,1
345,11.5115,93.13297271728516,,,,,,,,,,,,,,,,,,,,0.3905586898326874,0.48337727785110474,-0.15793320536613464,0.999961256980896,0.37687891721725464,0.5887323021888733,-0.10274194926023483,0.5101699233055115,0.3845421075820923,0.688740611076355,-0.03436039760708809,0.556598424911499,0.4656914174556732,0.7071673274040222,-0.16447272896766663,0.5085316896438599,right,166.7410830467565,1
346,11.544866666666667,92.95511245727539,,,,,,,,,,,,,,,,,,,,0.38967952132225037,0.4835250675678253,-0.15751375257968903,0.9999602437019348,0.3761589527130127,0.5887792110443115,-0.10578979551792145,0.5026884078979492,0.384505957365036,0.6887549161911011,-0.044616904109716415,0.5499644875526428,0.4656585156917572,0.7071075439453125,-0.1749170422554016,0.5018214583396912,right,166.6013643340332,1
347,11.578233333333333,93.31512451171875,,,,,,,,,,,,,,,,,,,,0.38979318737983704,0.48363226652145386,-0.1579880714416504,0.9999595880508423,0.3760061264038086,0.5888400673866272,-0.11307846754789352,0.49884650111198425,0.38448044657707214,0.6890498399734497,-0.05609537288546562,0.5473458766937256,0.4656318128108978,0.7070621848106384,-0.19163945317268372,0.49776118993759155,right,166.68580781481575,1
348,11.611600000000001,93.70207786560059,,,,,,,,,,,,,,,,,,,,0.3905467987060547,0.4836072325706482,-0.16037258505821228,0.9999582767486572,0.3768162727355957,0.58881676197052,-0.11271615326404572,0.4851628243923187,0.3843880593776703,0.6892408132553101,-0.0557175949215889,0.5345466136932373,0.4656168520450592,0.7070644497871399,-0.19248847663402557,0.4843295216560364,right,166.86629968815834,1
349,11.644966666666667,93.57070922851562,,,,,,,,,,,,,,,,,,,,0.3908727467060089,0.48350876569747925,-0.16119994223117828,0.999957263469696,0.37744957208633423,0.5887207388877869,-0.11209765076637268,0.47508081793785095,0.384368360042572,0.6892472505569458,-0.055314015597105026,0.525908350944519,0.4656065106391907,0.7070692181587219,-0.1928957998752594,0.47474348545074463,right,166.90401153404272,1
350,11.678333333333333,92.86117553710938,,,,,,,,,,,,,,,,,,,,0.39148178696632385,0.48260068893432617,-0.16284655034542084,0.9999570250511169,0.37789386510849,0.5877809524536133,-0.11501975357532501,0.47738176584243774,0.3842794597148895,0.6892476677894592,-0.06685823202133179,0.5271924734115601,0.4655858278274536,0.7071049809455872,-0.20749922096729279,0.47396010160446167,right,167.04815238637266,1
351,11.7117,93.48106384277344,,,,,,,,,,,,,,,,,,,,0.3927936553955078,0.4820515811443329,-0.16606619954109192,0.9999570250511169,0.3785255253314972,0.5872852802276611,-0.11707507818937302,0.48725271224975586,0.3842560648918152,0.6892558932304382,-0.07349032908678055,0.5366747379302979,0.465704083442688,0.707110583782196,-0.21466156840324402,0.48186832666397095,right,167.31572213655895,1
352,11.745066666666666,92.47279167175293,,,,,,,,,,,,,,,,,,,,0.39571553468704224,0.48185399174690247,-0.17290471494197845,0.9999575018882751,0.37960636615753174,0.5873439908027649,-0.1189580112695694,0.49714481830596924,0.38424909114837646,0.6892892122268677,-0.07316772639751434,0.5442236065864563,0.46573078632354736,0.7071154713630676,-0.2131585329771042,0.48794859647750854,right,167.48698578292237,1
353,11.778433333333334,91.86220169067383,,,,,,,,,,,,,,,,,,,,0.3981732130050659,0.4818476736545563,-0.17441833019256592,0.9999574422836304,0.3825633227825165,0.5872174501419067,-0.11754915118217468,0.506135880947113,0.3842558264732361,0.689309298992157,-0.06953838467597961,0.5512450337409973,0.46588075160980225,0.7071306109428406,-0.21160434186458588,0.49336034059524536,right,167.52632652387683,1
354,11.8118,94.41304206848145,,,,,,,,,,,,,,,,,,,,0.39956745505332947,0.48161667585372925,-0.1746513545513153,0.9999577403068542,0.38559195399284363,0.5872226357460022,-0.11234911531209946,0.5145065784454346,0.38449791073799133,0.6893076300621033,-0.05968816578388214,0.5576043128967285,0.46614962816238403,0.7071350812911987,-0.20451129972934723,0.49837079644203186,right,167.37472048849367,1
355,11.845166666666668,94.79784965515137,,,,,,,,,,,,,,,,,,,,0.4031056761741638,0.4815749526023865,-0.1745598018169403,0.9999566078186035,0.39194455742836,0.5870360732078552,-0.10962001979351044,0.5196149945259094,0.3845381736755371,0.6893109679222107,-0.05946676433086395,0.5608090162277222,0.4662691354751587,0.7071212530136108,-0.20102979242801666,0.5000632405281067,right,166.62453979354257,1
356,11.878533333333333,93.7509536743164,,,,,,,,,,,,,,,,,,,,0.4033886790275574,0.4817260503768921,-0.17436619102954865,0.9999569058418274,0.39369139075279236,0.5870977640151978,-0.11166375130414963,0.5184600353240967,0.38498833775520325,0.6893578171730042,-0.060821399092674255,0.5598748922348022,0.466660737991333,0.7070881128311157,-0.20053450763225555,0.49982115626335144,right,166.3426919399275,1
357,11.911900000000001,94.3751335144043,,,,,,,,,,,,,,,,,,,,0.40460604429244995,0.4816199541091919,-0.17964166402816772,0.9999579787254333,0.3972664475440979,0.5870670080184937,-0.1234084963798523,0.5283675789833069,0.38529643416404724,0.6894531846046448,-0.08171594887971878,0.5647439956665039,0.46667763590812683,0.7070969939231873,-0.2293972671031952,0.5030723214149475,right,165.9227409624274,1
358,11.945266666666667,94.12097930908203,,,,,,,,,,,,,,,,,,,,0.40713930130004883,0.48170197010040283,-0.1832575798034668,0.9999591708183289,0.4029942750930786,0.5873363018035889,-0.1304800659418106,0.5375651717185974,0.38631606101989746,0.6894581317901611,-0.08411683142185211,0.568490207195282,0.46671217679977417,0.7071173787117004,-0.22851362824440002,0.5061533451080322,right,165.21150593297213,1
359,11.978633333333333,93.22190284729004,,,,,,,,,,,,,,,,,,,,0.4100036025047302,0.482895165681839,-0.18642497062683105,0.9999598264694214,0.4093414545059204,0.5884906053543091,-0.12912976741790771,0.5408372282981873,0.38758584856987,0.6893139481544495,-0.07165636867284775,0.5643154382705688,0.46672338247299194,0.707118809223175,-0.2101932317018509,0.5022419691085815,right,163.67169341154604,1
360,12.012,93.23883056640625,,,,,,,,,,,,,,,,,,,,0.41127029061317444,0.4830775260925293,-0.18516279757022858,0.9999610185623169,0.41438424587249756,0.5885075330734253,-0.1294112503528595,0.5482048988342285,0.38767826557159424,0.6893174648284912,-0.08299916982650757,0.5677210688591003,0.466626912355423,0.7072036266326904,-0.22610320150852203,0.506385326385498,right,161.39568448685804,1
361,12.045366666666666,94.41900253295898,,,,,,,,,,,,,,,,,,,,0.41369977593421936,0.4830293357372284,-0.19102856516838074,0.9999630451202393,0.4223269522190094,0.5885025858879089,-0.15893523395061493,0.5641005635261536,0.3876926600933075,0.6893791556358337,-0.1274242401123047,0.5750038623809814,0.466006338596344,0.7079099416732788,-0.276052325963974,0.5132563710212708,right,158.04323692943535,1
362,12.078733333333334,94.07305717468262,,,,,,,,,,,,,,,,,,,,0.41676846146583557,0.4837630093097687,-0.19254529476165771,0.999964714050293,0.42907413840293884,0.5884637236595154,-0.1744927167892456,0.5852668881416321,0.387728750705719,0.6892234086990356,-0.16090966761112213,0.5876761674880981,0.4651543200016022,0.7080205082893372,-0.3067402243614197,0.5272030234336853,right,154.80614272800827,1
363,12.1121,93.06883811950684,,,,,,,,,,,,,,,,,,,,0.41779717803001404,0.4837563633918762,-0.1924201101064682,0.9999665021896362,0.43652376532554626,0.5881630182266235,-0.19746436178684235,0.6055387258529663,0.38806959986686707,0.6882399916648865,-0.18754196166992188,0.5964839458465576,0.4649604558944702,0.7080179452896118,-0.3223058879375458,0.5387868881225586,right,147.9537361932564,1
364,12.145466666666668,93.22381019592285,,,,,,,,,,,,,,,,,,,,0.41976484656333923,0.4844796061515808,-0.1921551376581192,0.9999678730964661,0.4406375288963318,0.5882723927497864,-0.1830475926399231,0.6188392639160156,0.38818836212158203,0.6879207491874695,-0.1518278568983078,0.6003064513206482,0.4645329713821411,0.7078376412391663,-0.29040324687957764,0.5433540940284729,right,147.04735005227982,1
365,12.178833333333333,92.96202659606934,,,,,,,,,,,,,,,,,,,,0.4198610484600067,0.48536643385887146,-0.19254344701766968,0.999969482421875,0.44148769974708557,0.5892471075057983,-0.18335743248462677,0.626351535320282,0.3885970711708069,0.6883935928344727,-0.15002547204494476,0.5981662273406982,0.46464020013809204,0.7080572247505188,-0.29334795475006104,0.5416427850723267,right,147.2076086188075,1
366,12.212200000000001,93.62006187438965,,,,,,,,,,,,,,,,,,,,0.41941121220588684,0.4868125021457672,-0.19357414543628693,0.999970555305481,0.4447632133960724,0.58953458070755,-0.17890752851963043,0.6210986375808716,0.38867706060409546,0.6883876919746399,-0.1450517773628235,0.5864703059196472,0.4645536541938782,0.7080585360527039,-0.28932762145996094,0.5302977561950684,right,146.42781991166095,1
367,12.245566666666667,94.78998184204102,,,,,,,,,,,,,,,,,,,,0.4193442463874817,0.4910491108894348,-0.19409224390983582,0.9999719262123108,0.44870075583457947,0.5918101668357849,-0.19077064096927643,0.6298011541366577,0.3886062800884247,0.6887820363044739,-0.16646692156791687,0.5920282602310181,0.4628942608833313,0.70938640832901,-0.3201444745063782,0.5342003703117371,right,142.9148078305727,1
368,12.278933333333333,93.95718574523926,,,,,,,,,,,,,,,,,,,,0.41556912660598755,0.49509331583976746,-0.19374918937683105,0.9999733567237854,0.45290103554725647,0.5941102504730225,-0.19896438717842102,0.6352279186248779,0.38840386271476746,0.6891501545906067,-0.17282000184059143,0.5963127017021179,0.4613841474056244,0.709791898727417,-0.3223227262496948,0.5379153490066528,right,139.74929587360563,1
369,12.3123,92.7278995513916,,,,,,,,,,,,,,,,,,,,0.41402629017829895,0.4971979260444641,-0.193704292178154,0.9999752044677734,0.46044525504112244,0.5957641005516052,-0.20197516679763794,0.6574035882949829,0.3877578675746918,0.6896973252296448,-0.18127551674842834,0.6192952394485474,0.460677832365036,0.7102841734886169,-0.3305101692676544,0.5621483325958252,right,135.92260032289832,1
370,12.345666666666666,92.28086471557617,,,,,,,,,,,,,,,,,,,,0.41234880685806274,0.499315083026886,-0.19123393297195435,0.9999764561653137,0.46820735931396484,0.5974856615066528,-0.195691779255867,0.6685050129890442,0.3880085051059723,0.689897358417511,-0.17625229060649872,0.6285725235939026,0.4607388377189636,0.7106446623802185,-0.29884955286979675,0.5715848803520203,right,130.6171775792386,0
371,12.379033333333334,92.53597259521484,,,,,,,,,,,,,,,,,,,,0.4106632173061371,0.5020248889923096,-0.18949010968208313,0.9999778866767883,0.4697119891643524,0.5997256636619568,-0.19254888594150543,0.6849544644355774,0.3880190849304199,0.6900693774223328,-0.1579291820526123,0.6444451212882996,0.4580986797809601,0.7114404439926147,-0.27976980805397034,0.5878890752792358,right,128.10985722077933,0
372,12.4124,93.40405464172363,,,,,,,,,,,,,,,,,,,,0.40518054366111755,0.5058952569961548,-0.18940266966819763,0.9999794960021973,0.4644525647163391,0.6020196676254272,-0.1969720423221588,0.7069762945175171,0.3878205120563507,0.6907106041908264,-0.16146142780780792,0.6684241890907288,0.4554297626018524,0.7113891243934631,-0.29230979084968567,0.6138110756874084,right,129.21111767836155,0
373,12.445766666666668,98.12498092651367,,,,,,,,,,,,,,,,,,,,0.40286555886268616,0.5099259614944458,-0.19142259657382965,0.9999809861183167,0.47050741314888,0.6038610935211182,-0.206884503364563,0.7245072722434998,0.38780340552330017,0.6917354464530945,-0.16398513317108154,0.6870286464691162,0.4547141492366791,0.7113514542579651,-0.2912695109844208,0.6341143846511841,right,122.15061355633448,0
374,12.479133333333333,93.65177154541016,,,,,,,,,,,,,,,,,,,,0.4007873237133026,0.5132647156715393,-0.19310922920703888,0.9999824166297913,0.48523807525634766,0.6061917543411255,-0.21464969217777252,0.743693470954895,0.38730910420417786,0.6923204660415649,-0.15964330732822418,0.7053683400154114,0.4510895609855652,0.7117852568626404,-0.26384246349334717,0.6546208262443542,right,111.70550308995725,0
375,12.512500000000001,94.15698051452637,,,,,,,,,,,,,,,,,,,,0.4008159637451172,0.5171012282371521,-0.19477848708629608,0.9999836087226868,0.4917217195034027,0.6089993119239807,-0.21231578290462494,0.7563431859016418,0.38710182905197144,0.6925008893013,-0.13884171843528748,0.7151260375976562,0.4508820176124573,0.7123892903327942,-0.23119086027145386,0.6653520464897156,right,107.6737602065243,0
376,12.545866666666667,93.8270092010498,,,,,,,,,,,,,,,,,,,,0.3999086022377014,0.5204446911811829,-0.19559597969055176,0.9999847412109375,0.4924353063106537,0.6117802858352661,-0.21019341051578522,0.7653617858886719,0.386869877576828,0.692663848400116,-0.11755084246397018,0.7237996459007263,0.450626015663147,0.7126200795173645,-0.21175412833690643,0.6754907965660095,right,105.94135424739822,0
377,12.579233333333333,93.26314926147461,,,,,,,,,,,,,,,,,,,,0.40018561482429504,0.5235995054244995,-0.19697560369968414,0.9999856352806091,0.5001645684242249,0.6124928593635559,-0.23033635318279266,0.7682870030403137,0.3868950605392456,0.6921098232269287,-0.13303831219673157,0.7222715020179749,0.44984298944473267,0.7125822901725769,-0.23198945820331573,0.676231324672699,right,101.68292623323694,0
378,12.6126,92.48471260070801,,,,,,,,,,,,,,,,,,,,0.4003247916698456,0.5275494456291199,-0.1969393491744995,0.9999862313270569,0.5049331188201904,0.6142706274986267,-0.23475664854049683,0.7682614922523499,0.3868899345397949,0.6913824677467346,-0.1351926028728485,0.7137488722801208,0.44839853048324585,0.7124585509300232,-0.21571128070354462,0.6711408495903015,right,97.83626604653064,0
379,12.645966666666666,92.80109405517578,,,,,,,,,,,,,,,,,,,,0.4007493257522583,0.5316122174263,-0.190816730260849,0.9999865293502808,0.5060939788818359,0.6160075664520264,-0.23193183541297913,0.7562354803085327,0.38678887486457825,0.6913818717002869,-0.13646335899829865,0.6968671679496765,0.44844159483909607,0.7124711871147156,-0.209127739071846,0.6607393622398376,right,96.11361333428022,0
380,12.679333333333334,93.51181983947754,,,,,,,,,,,,,,,,,,,,0.40130311250686646,0.5351313352584839,-0.18767522275447845,0.9999868869781494,0.5065620541572571,0.6182320713996887,-0.21990489959716797,0.7540584206581116,0.3869467079639435,0.691273033618927,-0.08462321758270264,0.6901716589927673,0.44711875915527344,0.7131654620170593,-0.13958071172237396,0.65829998254776,right,96.201185783516,0
381,12.7127,94.12908554077148,,,,,,,,,,,,,,,,,,,,0.40212053060531616,0.5385199189186096,-0.1879826784133911,0.9999871850013733,0.5117850303649902,0.6196813583374023,-0.2194589078426361,0.7468639016151428,0.3877795338630676,0.6912329196929932,-0.09815650433301926,0.6788673400878906,0.44724586606025696,0.7132009267807007,-0.15746690332889557,0.6504383087158203,right,92.24679003682257,0
382,12.746066666666668,94.06733512878418,,,,,,,,,,,,,,,,,,,,0.40392157435417175,0.5393291115760803,-0.1881353110074997,0.9999872446060181,0.5141510963439941,0.6205778121948242,-0.214015930891037,0.7368595600128174,0.3892907500267029,0.6910439729690552,-0.0826779454946518,0.6616902947425842,0.4473235607147217,0.7131859064102173,-0.13206847012043,0.635738730430603,right,92.42648455005448,0
383,12.779433333333333,93.98794174194336,,,,,,,,,,,,,,,,,,,,0.40552765130996704,0.5405104756355286,-0.18976347148418427,0.9999872446060181,0.5202543139457703,0.6212682127952576,-0.21428021788597107,0.7286799550056458,0.3902241885662079,0.6909092664718628,-0.09639668464660645,0.6459850072860718,0.44781339168548584,0.7131586670875549,-0.1527765542268753,0.624019980430603,right,88.58959154074827,0
384,12.812800000000001,93.29009056091309,,,,,,,,,,,,,,,,,,,,0.4068925976753235,0.541975736618042,-0.19032980501651764,0.9999873042106628,0.521135151386261,0.6224899888038635,-0.21299488842487335,0.7198580503463745,0.3905402421951294,0.6908734440803528,-0.0755028948187828,0.6311277151107788,0.4490795433521271,0.7131398320198059,-0.11717939376831055,0.6126351952552795,right,89.1617790845738,0
385,12.846166666666667,127.54201889038086,,,,,,,,,,,,,,,,,,,,0.4079155921936035,0.5436343550682068,-0.19075611233711243,0.9999869465827942,0.5206049680709839,0.6230279207229614,-0.21295969188213348,0.6987121105194092,0.39212024211883545,0.6900115609169006,-0.07275586575269699,0.6035842895507812,0.4495965540409088,0.7131249904632568,-0.11538004875183105,0.5899335741996765,right,89.27319979595119,0
386,12.879533333333333,100.19302368164062,,,,,,,,,,,,,,,,,,,,0.409381628036499,0.544753909111023,-0.1907975971698761,0.9999867677688599,0.5212838053703308,0.6235747933387756,-0.20711874961853027,0.6767593026161194,0.3920365869998932,0.6900098919868469,-0.06558603048324585,0.5794712901115417,0.45028460025787354,0.7132703065872192,-0.10188794881105423,0.5701234936714172,right,89.39678776943946,0
387,12.9129,92.73004531860352,,,,,,,,,,,,,,,,,,,,0.4103406071662903,0.5446478128433228,-0.19083939492702484,0.9999864101409912,0.5236613750457764,0.6230952739715576,-0.20425690710544586,0.658230721950531,0.3929969370365143,0.6891313791275024,-0.06761709600687027,0.5608357787132263,0.45163553953170776,0.713239312171936,-0.09420035779476166,0.5566319823265076,right,87.54156394269309,0
388,12.946266666666666,93.16420555114746,,,,,,,,,,,,,,,,,,,,0.41179218888282776,0.5452779531478882,-0.19150111079216003,0.9999861717224121,0.525742769241333,0.6231743693351746,-0.20401665568351746,0.6447014808654785,0.39299628138542175,0.6891450881958008,-0.06644291430711746,0.5463863015174866,0.45201703906059265,0.7132555842399597,-0.08887221664190292,0.5461298823356628,right,87.13184240894834,0
389,12.979633333333334,93.26910972595215,,,,,,,,,,,,,,,,,,,,0.4124215245246887,0.5443693399429321,-0.1921260803937912,0.9999861121177673,0.5253323316574097,0.6228858828544617,-0.20563136041164398,0.6353973150253296,0.3931436240673065,0.6891198754310608,-0.08191955089569092,0.5379576086997986,0.45203080773353577,0.7130672335624695,-0.10537336021661758,0.541629433631897,right,88.22561651489958,0
390,13.013,94.00701522827148,,,,,,,,,,,,,,,,,,,,0.4124659597873688,0.5436609387397766,-0.19213736057281494,0.9999858736991882,0.5250664949417114,0.622703492641449,-0.20635508000850677,0.6204096674919128,0.39360880851745605,0.6888939142227173,-0.08276882767677307,0.5235127210617065,0.4520491063594818,0.7129323482513428,-0.10923905670642853,0.5308742523193359,right,88.8674047307591,0
391,13.046366666666668,96.18425369262695,,,,,,,,,,,,,,,,,,,,0.4124327600002289,0.5431347489356995,-0.19170616567134857,0.9999858140945435,0.524915874004364,0.6226552724838257,-0.20477546751499176,0.605072021484375,0.393568217754364,0.6889612674713135,-0.07772278785705566,0.51060551404953,0.4521646499633789,0.7129278779029846,-0.11171851307153702,0.521105170249939,right,89.4251156988144,0
392,13.079733333333333,92.9422378540039,,,,,,,,,,,,,,,,,,,,0.41235995292663574,0.5417928695678711,-0.19185321033000946,0.9999855756759644,0.5242062211036682,0.6225661635398865,-0.2065422683954239,0.5904529690742493,0.3936370611190796,0.6889750957489014,-0.07893508672714233,0.4915160536766052,0.4525754749774933,0.7128408551216125,-0.1146514043211937,0.5039786100387573,right,90.04710956818722,0
393,13.113100000000001,93.77694129943848,,,,,,,,,,,,,,,,,,,,0.4123019874095917,0.5384352803230286,-0.19412627816200256,0.9999856352806091,0.5234918594360352,0.6210213303565979,-0.21727140247821808,0.5806291699409485,0.39371687173843384,0.6888987421989441,-0.11587724089622498,0.47679394483566284,0.4530830383300781,0.7128072381019592,-0.15982815623283386,0.4909454584121704,right,90.45081189525334,0
394,13.146466666666667,93.03617477416992,,,,,,,,,,,,,,,,,,,,0.41228246688842773,0.5322754979133606,-0.19629758596420288,0.9999857544898987,0.5221999883651733,0.6193258762359619,-0.22305114567279816,0.5841081142425537,0.39356496930122375,0.6889057159423828,-0.1297648400068283,0.4707343876361847,0.4531586468219757,0.7126609683036804,-0.17827364802360535,0.4867483675479889,right,91.58673203086293,0
395,13.179833333333333,92.2398567199707,,,,,,,,,,,,,,,,,,,,0.41082578897476196,0.5293785929679871,-0.19679661095142365,0.9999861121177673,0.5137027502059937,0.618023693561554,-0.22860567271709442,0.5880277752876282,0.392208993434906,0.6893017888069153,-0.14758840203285217,0.4700756371021271,0.45392653346061707,0.7127017378807068,-0.20797482132911682,0.4880748391151428,right,99.1601321878955,0
396,13.2132,93.53232383728027,,,,,,,,,,,,,,,,,,,,0.4067024886608124,0.5257957577705383,-0.19672833383083344,0.9999868273735046,0.5000927448272705,0.6175249814987183,-0.21747837960720062,0.6031122803688049,0.39000099897384644,0.6903680562973022,-0.13212181627750397,0.48823249340057373,0.4531225562095642,0.7132633328437805,-0.19844003021717072,0.5045436024665833,right,110.93205742699828,0
397,13.246566666666666,94.87295150756836,,,,,,,,,,,,,,,,,,,,0.40562906861305237,0.522940993309021,-0.19668075442314148,0.9999873042106628,0.49506038427352905,0.6154434084892273,-0.20316192507743835,0.6150164008140564,0.3899644613265991,0.6904233694076538,-0.12530477344989777,0.505369246006012,0.4541464149951935,0.7130022644996643,-0.2126997411251068,0.5168450474739075,right,114.69828054046972,0
398,13.279933333333334,95.17478942871094,,,,,,,,,,,,,,,,,,,,0.4036743938922882,0.5186691284179688,-0.19786573946475983,0.999987781047821,0.48906904458999634,0.612623929977417,-0.20063504576683044,0.6306398510932922,0.38956740498542786,0.6904972195625305,-0.12392130494117737,0.5246649980545044,0.4544042646884918,0.7126502394676208,-0.22875747084617615,0.5302504897117615,right,117.69990481451609,0
399,13.3133,92.61488914489746,,,,,,,,,,,,,,,,,,,,0.40276774764060974,0.5130228996276855,-0.19778047502040863,0.999988317489624,0.4855124056339264,0.6097103953361511,-0.2015828937292099,0.6479998230934143,0.389419287443161,0.6907874345779419,-0.1421101987361908,0.5451286435127258,0.454645037651062,0.7127925753593445,-0.2490139752626419,0.5462501645088196,right,119.70193756493451,0
400,13.346666666666668,92.52786636352539,,,,,,,,,,,,,,,,,,,,0.4017077684402466,0.507175862789154,-0.19887562096118927,0.999988853931427,0.48212048411369324,0.6054661870002747,-0.2034287452697754,0.6676004528999329,0.3893669545650482,0.6907231211662292,-0.15813864767551422,0.5680641531944275,0.45474299788475037,0.7126151919364929,-0.27283957600593567,0.564319372177124,right,121.09307380316157,0
401,13.380033333333333,94.00415420532227,,,,,,,,,,,,,,,,,,,,0.4019570052623749,0.5022133588790894,-0.2002050280570984,0.9999890327453613,0.47793760895729065,0.6009190678596497,-0.21392714977264404,0.6780791282653809,0.3889518082141876,0.6907176375389099,-0.18622343242168427,0.5791407227516174,0.4547242820262909,0.7126131057739258,-0.3004361391067505,0.5706009864807129,right,122.57478074310244,0
402,13.413400000000001,93.75524520874023,,,,,,,,,,,,,,,,,,,,0.40412044525146484,0.4993149936199188,-0.2008279412984848,0.9999887943267822,0.4712584316730499,0.5991147756576538,-0.21323874592781067,0.6919209957122803,0.3885388970375061,0.6905824542045593,-0.18363602459430695,0.593955934047699,0.4550659954547882,0.7115930914878845,-0.30056458711624146,0.5801372528076172,right,128.62635304726592,0
403,13.446766666666667,92.49997138977051,,,,,,,,,,,,,,,,,,,,0.4036991596221924,0.4964468777179718,-0.1909714788198471,0.9999879002571106,0.45490264892578125,0.5976657271385193,-0.1967782825231552,0.6885019540786743,0.3878874182701111,0.6906654834747314,-0.1685522347688675,0.5911462903022766,0.45507869124412537,0.7125684022903442,-0.2807452380657196,0.5713669061660767,right,137.6931565497715,1
404,13.480133333333333,92.95010566711426,,,,,,,,,,,,,,,,,,,,0.40461355447769165,0.4935978651046753,-0.1901780664920807,0.9999878406524658,0.44657519459724426,0.5963390469551086,-0.19107840955257416,0.6942782402038574,0.3875651955604553,0.6915771961212158,-0.16757914423942566,0.5943567156791687,0.45765164494514465,0.7125310301780701,-0.2905257046222687,0.5702850222587585,right,143.9529115359191,1
405,13.5135,94.35892105102539,,,,,,,,,,,,,,,,,,,,0.40500888228416443,0.4906863272190094,-0.1835671216249466,0.9999855756759644,0.4408802092075348,0.5926681756973267,-0.18717648088932037,0.6753098964691162,0.3876873254776001,0.6905092597007751,-0.18834596872329712,0.5813152194023132,0.45799633860588074,0.7117528319358826,-0.31972262263298035,0.5539134740829468,right,144.47285186372517,1
406,13.546866666666666,93.95408630371094,,,,,,,,,,,,,,,,,,,,0.40374770760536194,0.4894145727157593,-0.18501928448677063,0.9999832510948181,0.4336267113685608,0.5915480256080627,-0.16717232763767242,0.6500333547592163,0.3877095878124237,0.6901092529296875,-0.1580422967672348,0.5637421011924744,0.4597569704055786,0.7114431858062744,-0.29435664415359497,0.5326711535453796,right,148.99658247109608,1
407,13.580233333333334,95.47281265258789,,,,,,,,,,,,,,,,,,,,0.4021427631378174,0.48636963963508606,-0.1827249974012375,0.999981701374054,0.42225173115730286,0.5926817059516907,-0.14407096803188324,0.6339158415794373,0.38694536685943604,0.6903132796287537,-0.12712065875530243,0.557913601398468,0.4605030119419098,0.7112260460853577,-0.29077470302581787,0.5241411924362183,right,154.83030547461954,1
408,13.6136,93.40810775756836,,,,,,,,,,,,,,,,,,,,0.40209299325942993,0.4849301874637604,-0.18339581787586212,0.9999792575836182,0.4167526662349701,0.5912772417068481,-0.1285276561975479,0.6173955202102661,0.3866894841194153,0.6903084516525269,-0.09692268818616867,0.548971951007843,0.4611132740974426,0.7106569409370422,-0.24566848576068878,0.5121372938156128,right,158.58483821207386,1
409,13.646966666666668,93.73092651367188,,,,,,,,,,,,,,,,,,,,0.4010242819786072,0.4846343994140625,-0.18309250473976135,0.9999763369560242,0.40733417868614197,0.5913894176483154,-0.12608009576797485,0.5981120467185974,0.3861106038093567,0.6904314160346985,-0.08254268765449524,0.5371993184089661,0.4616284966468811,0.7105467915534973,-0.22054876387119293,0.49975070357322693,right,162.02125864865704,1
410,13.680333333333333,94.36798095703125,,,,,,,,,,,,,,,,,,,,0.3990129828453064,0.48308953642845154,-0.17927402257919312,0.99997478723526,0.40264037251472473,0.5883625149726868,-0.13153454661369324,0.5952882766723633,0.3853771686553955,0.6903839707374573,-0.10157304257154465,0.542572557926178,0.46311527490615845,0.7100902795791626,-0.22979584336280823,0.5032367706298828,right,161.77221002816006,1
411,13.713700000000001,93.87588500976562,,,,,,,,,,,,,,,,,,,,0.39646363258361816,0.48180946707725525,-0.1742529720067978,0.999972403049469,0.3962620794773102,0.5864905118942261,-0.11978491395711899,0.5792109966278076,0.38490018248558044,0.6898130774497986,-0.08886987715959549,0.5354852080345154,0.46454206109046936,0.7090656757354736,-0.22818143665790558,0.4948985278606415,right,162.95216388137158,1
412,13.747066666666667,92.9861068725586,,,,,,,,,,,,,,,,,,,,0.39367374777793884,0.4810735583305359,-0.16577810049057007,0.9999698400497437,0.3887380361557007,0.5843979716300964,-0.11669756472110748,0.5683918595314026,0.38492199778556824,0.6887747049331665,-0.08860830962657928,0.537419319152832,0.4662821888923645,0.7086355090141296,-0.2297070175409317,0.4947200119495392,right,164.34326092597706,1
413,13.780433333333333,94.51007843017578,,,,,,,,,,,,,,,,,,,,0.3922792375087738,0.48065653443336487,-0.16551712155342102,0.999967098236084,0.3857400715351105,0.5853170156478882,-0.1155206486582756,0.5441660284996033,0.38494113087654114,0.688666582107544,-0.07752261310815811,0.5240586996078491,0.4669826030731201,0.7083917856216431,-0.22520826756954193,0.4813206195831299,right,165.97495745089873,1
414,13.8138,93.18208694458008,,,,,,,,,,,,,,,,,,,,0.39105188846588135,0.4804231822490692,-0.1675243377685547,0.9999658465385437,0.38226526975631714,0.5859561562538147,-0.12283696979284286,0.5338616967201233,0.3847677707672119,0.6884891986846924,-0.080678790807724,0.5210648775100708,0.4668012261390686,0.7083147764205933,-0.22907663881778717,0.47680070996284485,right,167.89632664553355,1
415,13.847166666666666,93.41096878051758,,,,,,,,,,,,,,,,,,,,0.39001521468162537,0.479407399892807,-0.16813160479068756,0.9999647736549377,0.3787214159965515,0.5857867002487183,-0.12680739164352417,0.5201790928840637,0.38441571593284607,0.6884392499923706,-0.08500473946332932,0.5149635076522827,0.46668699383735657,0.707950234413147,-0.22989852726459503,0.46954771876335144,right,168.71614702570028,1
416,13.880533333333334,93.35088729858398,,,,,,,,,,,,,,,,,,,,0.3870849013328552,0.4791699945926666,-0.16122764348983765,0.9999653697013855,0.377183735370636,0.5853874087333679,-0.12899476289749146,0.5262912511825562,0.3835381865501404,0.6884486675262451,-0.0909561738371849,0.5320824980735779,0.4665847420692444,0.7078677415847778,-0.249098539352417,0.48621201515197754,right,167.94467828871993,1
417,13.9139,93.77217292785645,,,,,,,,,,,,,,,,,,,,0.3846036493778229,0.4792155623435974,-0.16252844035625458,0.9999668002128601,0.3772835433483124,0.5848020911216736,-0.13685031235218048,0.5485109090805054,0.3828001022338867,0.6884692311286926,-0.12152120471000671,0.5614964962005615,0.46601608395576477,0.7078400254249573,-0.2878340482711792,0.5154424905776978,right,167.64003082878273,1
418,13.947266666666668,92.43607521057129,,,,,,,,,,,,,,,,,,,,0.3837909698486328,0.47944384813308716,-0.1635558307170868,0.9999678730964661,0.37780267000198364,0.584370493888855,-0.13629762828350067,0.5664343237876892,0.38271671533584595,0.6884737610816956,-0.11929264664649963,0.587393045425415,0.4658806622028351,0.7078405618667603,-0.28630775213241577,0.5407387018203735,right,167.48370253122985,1
419,13.980633333333333,92.54312515258789,,,,,,,,,,,,,,,,,,,,0.38256072998046875,0.47813743352890015,-0.16430671513080597,0.9999686479568481,0.37675127387046814,0.5840043425559998,-0.14281563460826874,0.5754638314247131,0.38260236382484436,0.688464879989624,-0.12498745322227478,0.6023077964782715,0.46570834517478943,0.7077760696411133,-0.29094311594963074,0.5546115636825562,right,167.5469336981455,1
420,14.014000000000001,93.25003623962402,,,,,,,,,,,,,,,,,,,,0.3817492127418518,0.47735050320625305,-0.1655852049589157,0.9999691247940063,0.37689918279647827,0.5831823945045471,-0.15624263882637024,0.5865079164505005,0.38258489966392517,0.6884459853172302,-0.14893196523189545,0.6162917017936707,0.4656607210636139,0.7076282501220703,-0.3046279549598694,0.5674968957901001,right,168.16848011799212,1
421,14.047366666666667,93.54329109191895,,,,,,,,,,,,,,,,,,,,0.3822299838066101,0.47762331366539,-0.16798362135887146,0.9999699592590332,0.3785446584224701,0.5834214091300964,-0.15432114899158478,0.6004348993301392,0.38256028294563293,0.6884507536888123,-0.13881143927574158,0.6307861804962158,0.4656181037425995,0.7075494527816772,-0.29701119661331177,0.5823052525520325,right,166.57090725759613,1
422,14.080733333333333,93.2769775390625,,,,,,,,,,,,,,,,,,,,0.381751149892807,0.4774869382381439,-0.16861797869205475,0.9999704360961914,0.3785549998283386,0.5835850238800049,-0.15284976363182068,0.6031743288040161,0.3825612962245941,0.6883727312088013,-0.1404353380203247,0.6355023980140686,0.4656125605106354,0.7074350118637085,-0.28999537229537964,0.5876109600067139,right,166.5580335883181,1
423,14.1141,92.60010719299316,,,,,,,,,,,,,,,,,,,,0.3798312544822693,0.47620612382888794,-0.17063336074352264,0.9999707341194153,0.3789561688899994,0.5830591320991516,-0.15352049469947815,0.5956453680992126,0.38274461030960083,0.6877938508987427,-0.1499127447605133,0.628268837928772,0.4658445715904236,0.7071483135223389,-0.29426345229148865,0.582516610622406,right,165.71011966607395,1
424,14.147466666666666,92.98110008239746,,,,,,,,,,,,,,,,,,,,0.37728145718574524,0.47600212693214417,-0.17178742587566376,0.9999704360961914,0.37949398159980774,0.5829365253448486,-0.15273843705654144,0.5857723355293274,0.3831773102283478,0.6877740025520325,-0.13358132541179657,0.6169775724411011,0.4665849506855011,0.7071502804756165,-0.2657100558280945,0.5731943249702454,right,163.99739131027042,1
425,14.180833333333334,94.59614753723145,,,,,,,,,,,,,,,,,,,,0.37533387541770935,0.4761626422405243,-0.17124693095684052,0.9999698400497437,0.37973299622535706,0.582757294178009,-0.15257275104522705,0.5748728513717651,0.3834441602230072,0.6881895661354065,-0.13283860683441162,0.6040527820587158,0.4671269953250885,0.7071525454521179,-0.25715240836143494,0.5624935626983643,right,163.37512363087976,1
426,14.2142,94.06208992004395,,,,,,,,,,,,,,,,,,,,0.3726457953453064,0.47610631585121155,-0.17121466994285583,0.9999694228172302,0.3791846036911011,0.5825412273406982,-0.16278968751430511,0.5675349235534668,0.3834531009197235,0.688715934753418,-0.13611413538455963,0.591687798500061,0.4676203429698944,0.7071916460990906,-0.25992435216903687,0.553244411945343,right,163.41167593168373,1
427,14.247566666666668,94.33817863464355,,,,,,,,,,,,,,,,,,,,0.36958593130111694,0.475751131772995,-0.1702386885881424,0.9999695420265198,0.37919604778289795,0.5828419327735901,-0.1616327166557312,0.5602408647537231,0.38370048999786377,0.6893508434295654,-0.13548818230628967,0.5807651877403259,0.4676210880279541,0.707229733467102,-0.2519361078739166,0.5468926429748535,right,163.59676516062086,1
428,14.280933333333333,94.25210952758789,,,,,,,,,,,,,,,,,,,,0.3667404055595398,0.4757717251777649,-0.17014259099960327,0.9999690651893616,0.37934190034866333,0.5832251310348511,-0.16123196482658386,0.5384657382965088,0.38370439410209656,0.6897509694099426,-0.1295204609632492,0.5608615875244141,0.4676124155521393,0.7072098851203918,-0.25104933977127075,0.5309951305389404,right,162.02609296138212,1
429,14.314300000000001,94.16866302490234,,,,,,,,,,,,,,,,,,,,0.36253660917282104,0.47580239176750183,-0.16900332272052765,0.9999678134918213,0.37939536571502686,0.5854318141937256,-0.14461462199687958,0.5067129731178284,0.3837108612060547,0.6899130940437317,-0.08738497644662857,0.5318199992179871,0.46706199645996094,0.7072259187698364,-0.21171271800994873,0.5066832900047302,right,158.96165275642167,1
430,14.347666666666667,92.67878532409668,,,,,,,,,,,,,,,,,,,,0.3586874008178711,0.4758438169956207,-0.16797134280204773,0.9999659657478333,0.38101109862327576,0.5863043069839478,-0.1322888433933258,0.4773423969745636,0.3836979269981384,0.6899357438087463,-0.0763479620218277,0.5046045780181885,0.46681705117225647,0.7070675492286682,-0.19797517359256744,0.4832850694656372,right,158.3980997741604,1
431,14.381033333333333,92.50473976135254,,,,,,,,,,,,,,,,,,,,0.35677972435951233,0.47649237513542175,-0.16799940168857574,0.9999645352363586,0.3829662501811981,0.5866997241973877,-0.13321560621261597,0.45169878005981445,0.38286998867988586,0.6902580261230469,-0.08932401984930038,0.4834291338920593,0.4667309522628784,0.7068666815757751,-0.20879466831684113,0.46460121870040894,right,157.99066758812683,1
432,14.4144,93.00804138183594,,,,,,,,,,,,,,,,,,,,0.35500767827033997,0.4769696295261383,-0.16801433265209198,0.9999592304229736,0.3854866921901703,0.5866546630859375,-0.13383954763412476,0.4277794063091278,0.3827451467514038,0.6902533173561096,-0.09469930082559586,0.4682607650756836,0.46671831607818604,0.7066666483879089,-0.22087082266807556,0.45119309425354004,right,158.0503041570791,1
433,14.447766666666666,93.8730239868164,,,,,,,,,,,,,,,,,,,,0.3540891110897064,0.4784393906593323,-0.16570255160331726,0.9999479651451111,0.38746893405914307,0.5866959095001221,-0.13415908813476562,0.4075826406478882,0.382711261510849,0.6903201341629028,-0.09314221143722534,0.45895037055015564,0.4666031002998352,0.7061360478401184,-0.22283785045146942,0.44452041387557983,right,157.50257708442285,1
434,14.481133333333334,93.53399276733398,,,,,,,,,,,,,,,,,,,,0.3524964153766632,0.4836166203022003,-0.16581431031227112,0.9999394416809082,0.38960957527160645,0.586698591709137,-0.1264478713274002,0.406009703874588,0.38267022371292114,0.6905861496925354,-0.09016676992177963,0.47499358654022217,0.4660804569721222,0.7061063051223755,-0.22622038424015045,0.459758460521698,right,156.77326733518643,1
435,14.5145,92.96417236328125,,,,,,,,,,,,,,,,,,,,0.3501288890838623,0.4859556257724762,-0.16609075665473938,0.9999313950538635,0.3911498785018921,0.587043046951294,-0.125629261136055,0.43230462074279785,0.38276317715644836,0.6910461783409119,-0.07796850055456161,0.5099130272865295,0.4656192362308502,0.7060548663139343,-0.21435658633708954,0.494220495223999,right,156.6798246272488,1
436,14.547866666666668,93.29581260681152,,,,,,,,,,,,,,,,,,,,0.34651291370391846,0.4876542389392853,-0.16604620218276978,0.999923825263977,0.3933088779449463,0.5874839425086975,-0.12748359143733978,0.4459679126739502,0.3831532299518585,0.6914377212524414,-0.08320515602827072,0.5348801016807556,0.46540868282318115,0.7056916356086731,-0.2179568111896515,0.5196993350982666,right,155.91991698047013,1
437,14.581233333333333,93.17874908447266,,,,,,,,,,,,,,,,,,,,0.34013304114341736,0.48986151814460754,-0.16607637703418732,0.9999165534973145,0.3951641917228699,0.5878074169158936,-0.12302456796169281,0.469473272562027,0.38332340121269226,0.6915379166603088,-0.056369565427303314,0.5659046769142151,0.4645281434059143,0.7060235142707825,-0.18601134419441223,0.5509899854660034,right,154.51214295076318,1
438,14.614600000000001,93.3530330657959,,,,,,,,,,,,,,,,,,,,0.3369710147380829,0.4926374852657318,-0.16568036377429962,0.9999089241027832,0.3972783386707306,0.5880180597305298,-0.11765489727258682,0.48600664734840393,0.3833574056625366,0.6914734244346619,-0.043300606310367584,0.5930347442626953,0.46457573771476746,0.7059693932533264,-0.15980857610702515,0.5790461301803589,right,151.39597891351988,1
439,14.647966666666667,94.3748950958252,,,,,,,,,,,,,,,,,,,,0.3341730237007141,0.4959318935871124,-0.1651502102613449,0.9999101161956787,0.4007010757923126,0.5880630016326904,-0.12444295734167099,0.522991955280304,0.3834204077720642,0.6914700865745544,-0.056080128997564316,0.6279757022857666,0.46457868814468384,0.7051073312759399,-0.16740703582763672,0.6149600744247437,right,146.28139428339753,1
440,14.681333333333333,93.87087821960449,,,,,,,,,,,,,,,,,,,,0.3305114507675171,0.4985578656196594,-0.1634746789932251,0.9999108910560608,0.4030310809612274,0.5885903835296631,-0.12518596649169922,0.5645342469215393,0.38355952501296997,0.6914700865745544,-0.04089593142271042,0.6626026034355164,0.4646473526954651,0.7052590250968933,-0.1494981348514557,0.650599479675293,right,144.07695587112843,1
441,14.7147,94.24781799316406,,,,,,,,,,,,,,,,,,,,0.3258665204048157,0.5018325448036194,-0.1640111356973648,0.9999105930328369,0.40746834874153137,0.5887174010276794,-0.12595234811306,0.6022868156433105,0.38322919607162476,0.6914387345314026,-0.0398736409842968,0.6943052411079407,0.46464845538139343,0.7052148580551147,-0.13349445164203644,0.6831887364387512,right,139.92444036229475,1
442,14.748066666666666,93.29891204833984,,,,,,,,,,,,,,,,,,,,0.31928902864456177,0.504301905632019,-0.16374698281288147,0.9999082088470459,0.4101724624633789,0.5898463129997253,-0.12070616334676743,0.6342450976371765,0.383373886346817,0.6913919448852539,-0.01824086718261242,0.7222276926040649,0.4643595516681671,0.7064844965934753,-0.11511880159378052,0.7119587063789368,right,137.68248392531953,1
443,14.781433333333334,93.29485893249512,,,,,,,,,,,,,,,,,,,,0.31817275285720825,0.5068517923355103,-0.1638254076242447,0.9999110102653503,0.412514865398407,0.5904598832130432,-0.12655675411224365,0.6667542457580566,0.38590216636657715,0.6913758516311646,-0.042721062898635864,0.748535692691803,0.4643438458442688,0.7071206569671631,-0.13966770470142365,0.7390706539154053,right,134.6553228818927,1
444,14.8148,93.86491775512695,,,,,,,,,,,,,,,,,,,,0.31583502888679504,0.508138120174408,-0.16321232914924622,0.9999107718467712,0.41607022285461426,0.5911371111869812,-0.14063172042369843,0.6958770751953125,0.38592296838760376,0.6916235089302063,-0.05357314646244049,0.7719402313232422,0.46328604221343994,0.7072353363037109,-0.14218932390213013,0.7632960677146912,right,129.93284232458834,1
445,14.848166666666668,93.94407272338867,,,,,,,,,,,,,,,,,,,,0.3158518671989441,0.5098323822021484,-0.16259971261024475,0.9999094009399414,0.4210298955440521,0.5911158919334412,-0.1489434391260147,0.7211621999740601,0.3857487142086029,0.6915615200996399,-0.05158257484436035,0.7925878763198853,0.4627300500869751,0.7068325281143188,-0.13209295272827148,0.7848742604255676,right,126.52071638479201,1
446,14.881533333333334,94.3460464477539,,,,,,,,,,,,,,,,,,,,0.3149532675743103,0.5125293731689453,-0.16139060258865356,0.9998989105224609,0.42464983463287354,0.5910923480987549,-0.1546042114496231,0.73832106590271,0.38469478487968445,0.6917199492454529,-0.05185766890645027,0.8084989786148071,0.46221649646759033,0.7068420648574829,-0.1355305016040802,0.8017403483390808,right,120.44796711015483,1
447,14.9149,93.7340259552002,,,,,,,,,,,,,,,,,,,,0.31513649225234985,0.5141052603721619,-0.15730240941047668,0.9998946189880371,0.4272722005844116,0.5910751819610596,-0.15624310076236725,0.7490432262420654,0.38466131687164307,0.6915058493614197,-0.052804265171289444,0.8198901414871216,0.4628196358680725,0.7057594060897827,-0.12916088104248047,0.8141900897026062,right,115.81264927792485,1
448,14.948266666666667,92.93389320373535,,,,,,,,,,,,,,,,,,,,0.3124164044857025,0.5158584713935852,-0.1521548330783844,0.9998884797096252,0.4279393255710602,0.5912924408912659,-0.1538703888654709,0.748531699180603,0.38465389609336853,0.691297173500061,-0.049712542444467545,0.8236757516860962,0.4627079367637634,0.7056289315223694,-0.11706710606813431,0.82051682472229,right,115.30715695511307,1
449,14.981633333333333,92.96894073486328,,,,,,,,,,,,,,,,,,,,0.3119993209838867,0.5172765851020813,-0.14969132840633392,0.9998806715011597,0.42821770906448364,0.591685950756073,-0.16027319431304932,0.7393661141395569,0.38449960947036743,0.6913681030273438,-0.06775572896003723,0.8213461637496948,0.46282047033309937,0.705510139465332,-0.12101930379867554,0.821678102016449,right,114.93470578232505,1
450,15.015,93.07599067687988,,,,,,,,,,,,,,,,,,,,0.31019118428230286,0.5185273885726929,-0.14912626147270203,0.9998711347579956,0.4293259084224701,0.5918852090835571,-0.16843335330486298,0.7247227430343628,0.38427796959877014,0.69136643409729,-0.08333151787519455,0.8122031688690186,0.462915301322937,0.705478310585022,-0.1344146579504013,0.8185312747955322,right,114.06390371770553,1
451,15.048366666666666,93.27006340026855,,,,,,,,,,,,,,,,,,,,0.30962100625038147,0.5198365449905396,-0.14823445677757263,0.9998624324798584,0.431151807308197,0.5918716788291931,-0.16532793641090393,0.7035517692565918,0.3842338025569916,0.6913149356842041,-0.07926035672426224,0.7974244356155396,0.4629143178462982,0.7053707838058472,-0.1340588480234146,0.8094936609268188,right,113.86516443232502,1
452,15.081733333333334,92.9868221282959,,,,,,,,,,,,,,,,,,,,0.30815064907073975,0.5207589864730835,-0.14796307682991028,0.9998542666435242,0.4313790798187256,0.591876208782196,-0.16303913295269012,0.6890744566917419,0.38421258330345154,0.6913118362426758,-0.07708024978637695,0.7879140973091125,0.4624331593513489,0.7048445343971252,-0.1256117969751358,0.8059465885162354,right,114.83404309526544,1
453,15.1151,92.64993667602539,,,,,,,,,,,,,,,,,,,,0.3064309060573578,0.5219578146934509,-0.14694546163082123,0.999843180179596,0.43187305331230164,0.5918617248535156,-0.161648690700531,0.6690008044242859,0.3838997185230255,0.6913098692893982,-0.07502249628305435,0.7704205513000488,0.46252742409706116,0.7048521041870117,-0.12514092028141022,0.7977386116981506,right,114.65380523621738,1
454,15.148466666666668,93.90997886657715,,,,,,,,,,,,,,,,,,,,0.3041992485523224,0.523829996585846,-0.147428959608078,0.9998429417610168,0.43313682079315186,0.5918450951576233,-0.16077841818332672,0.6633772850036621,0.3830808401107788,0.691403329372406,-0.0685027688741684,0.764008641242981,0.4625592529773712,0.7048665285110474,-0.11189106106758118,0.7975230813026428,right,112.85401826583555,1
455,15.181833333333334,93.97411346435547,,,,,,,,,,,,,,,,,,,,0.30344080924987793,0.5246409177780151,-0.14765429496765137,0.9998294115066528,0.43536409735679626,0.5918387174606323,-0.16252247989177704,0.6535674929618835,0.3829331398010254,0.691336989402771,-0.06320458650588989,0.7535557150840759,0.4625563323497772,0.7046099901199341,-0.10686537623405457,0.7943623065948486,right,111.69858275558775,1
456,15.2152,93.39380264282227,,,,,,,,,,,,,,,,,,,,0.30232566595077515,0.5260790586471558,-0.14679057896137238,0.9998255968093872,0.43578866124153137,0.5921154618263245,-0.15323026478290558,0.6361597180366516,0.38291990756988525,0.6913318037986755,-0.04598900303244591,0.7373693585395813,0.46274882555007935,0.7045813202857971,-0.08966892957687378,0.783632755279541,right,110.98071576274688,1
457,15.248566666666667,93.20878982543945,,,,,,,,,,,,,,,,,,,,0.3004819452762604,0.5266380906105042,-0.14703413844108582,0.9998235702514648,0.4364544153213501,0.5923699736595154,-0.15394261479377747,0.632505476474762,0.38291168212890625,0.6913064122200012,-0.04821491241455078,0.7341809868812561,0.4633216857910156,0.7045114636421204,-0.09365381300449371,0.7837680578231812,right,108.95914186220877,1
458,15.281933333333333,92.93603897094727,,,,,,,,,,,,,,,,,,,,0.2997620105743408,0.5277968645095825,-0.14703378081321716,0.9998226761817932,0.43671438097953796,0.5929057598114014,-0.14899247884750366,0.631235659122467,0.38269466161727905,0.6913359761238098,-0.036139585077762604,0.733237087726593,0.46381455659866333,0.7048302888870239,-0.08023100346326828,0.7855590581893921,right,108.11812961282641,1
459,15.3153,93.67823600769043,,,,,,,,,,,,,,,,,,,,0.29951712489128113,0.5284377932548523,-0.14920301735401154,0.9998294115066528,0.4376869797706604,0.5930689573287964,-0.15139572322368622,0.6483497619628906,0.3826867640018463,0.6914020776748657,-0.03951924666762352,0.7467643022537231,0.46406611800193787,0.7048267722129822,-0.08752069622278214,0.7975825667381287,right,107.19828393160613,1
460,15.348666666666666,93.73211860656738,,,,,,,,,,,,,,,,,,,,0.2987138330936432,0.5291589498519897,-0.15464429557323456,0.9998341202735901,0.43812939524650574,0.5931071639060974,-0.1667395830154419,0.658779501914978,0.38266924023628235,0.6914306282997131,-0.03968653827905655,0.7548856735229492,0.4640667736530304,0.704814612865448,-0.09209836274385452,0.8053842186927795,right,106.96619364734934,1
461,15.382033333333334,93.8558578491211,,,,,,,,,,,,,,,,,,,,0.2974645793437958,0.5297189950942993,-0.16066591441631317,0.9998387694358826,0.43881139159202576,0.5932067632675171,-0.1786174178123474,0.6665430068969727,0.38265642523765564,0.6914193630218506,-0.04077911749482155,0.7591787576675415,0.4638611078262329,0.704820454120636,-0.09285479784011841,0.8101649284362793,right,106.44837897543111,1
462,15.4154,93.47987174987793,,,,,,,,,,,,,,,,,,,,0.29726383090019226,0.5301315784454346,-0.1625385731458664,0.9998452067375183,0.4391457736492157,0.5934959053993225,-0.17609091103076935,0.6758961081504822,0.3828369081020355,0.6914188265800476,-0.04191023111343384,0.766002357006073,0.463779479265213,0.7047794461250305,-0.08773820102214813,0.8161996603012085,right,106.5880875179679,1
463,15.448766666666668,92.53478050231934,,,,,,,,,,,,,,,,,,,,0.29657232761383057,0.5315951704978943,-0.16173981130123138,0.9998469352722168,0.43991968035697937,0.5938599109649658,-0.17866568267345428,0.6859424114227295,0.3827448785305023,0.6916852593421936,-0.04563082754611969,0.774095892906189,0.46377894282341003,0.7043977379798889,-0.08992233872413635,0.8236808776855469,right,106.4331477280863,1
464,15.482133333333334,92.79584884643555,,,,,,,,,,,,,,,,,,,,0.29588693380355835,0.5319739580154419,-0.16120949387550354,0.9998534321784973,0.44132745265960693,0.593736469745636,-0.17431870102882385,0.6957646608352661,0.38304024934768677,0.690911591053009,-0.03601159155368805,0.7819414138793945,0.4637466371059418,0.7034756541252136,-0.06589249521493912,0.8304923176765442,right,104.5235732305859,1
465,15.5155,93.10793876647949,,,,,,,,,,,,,,,,,,,,0.2950137257575989,0.5326879024505615,-0.16004528105258942,0.9998553991317749,0.4429223835468292,0.5937102437019348,-0.17306676506996155,0.6981050372123718,0.38352856040000916,0.6898340582847595,-0.03266468271613121,0.7831398248672485,0.4630826711654663,0.7031566500663757,-0.0551157221198082,0.8326361179351807,right,102.65487398127266,1
466,15.548866666666667,93.49179267883301,,,,,,,,,,,,,,,,,,,,0.29487839341163635,0.5340182781219482,-0.1598200500011444,0.9998592138290405,0.4445241391658783,0.593702495098114,-0.1724497675895691,0.7060986161231995,0.3838346004486084,0.6898518204689026,-0.033311475068330765,0.7891085147857666,0.46318522095680237,0.7028163075447083,-0.05272126570343971,0.838308572769165,right,101.31480678292115,1
467,15.582233333333333,92.40889549255371,,,,,,,,,,,,,,,,,,,,0.29446667432785034,0.5347327589988708,-0.15994974970817566,0.9998648762702942,0.4455684423446655,0.5936960577964783,-0.17340292036533356,0.7161231637001038,0.38446635007858276,0.6898862719535828,-0.03471643477678299,0.7962189316749573,0.46319058537483215,0.7028535008430481,-0.0544123500585556,0.8446958065032959,right,100.556952594021,1
468,15.6156,93.35970878601074,,,,,,,,,,,,,,,,,,,,0.2938057482242584,0.5359302163124084,-0.15984977781772614,0.9998717904090881,0.4463039040565491,0.5937029123306274,-0.1634836345911026,0.7338013648986816,0.38614216446876526,0.6898161172866821,-0.022172704339027405,0.8095958828926086,0.4642636179924011,0.7031862139701843,-0.029136138036847115,0.8552038669586182,right,99.4428257707038,1
469,15.648966666666666,93.01614761352539,,,,,,,,,,,,,,,,,,,,0.2931966185569763,0.5365634560585022,-0.1598721444606781,0.9998765587806702,0.4466274082660675,0.5941169261932373,-0.16552838683128357,0.7448776364326477,0.38633865118026733,0.6898305416107178,-0.025863053277134895,0.8173707723617554,0.46437275409698486,0.7035781741142273,-0.04147530347108841,0.8619701266288757,right,99.51162249995558,1
470,15.682333333333334,93.1539535522461,,,,,,,,,,,,,,,,,,,,0.2930816113948822,0.5375149250030518,-0.16072595119476318,0.9998825192451477,0.4490135610103607,0.5940613150596619,-0.17248417437076569,0.7623462080955505,0.3866124749183655,0.6897053122520447,-0.048544157296419144,0.8304693698883057,0.4646814167499542,0.7037487030029297,-0.07119588553905487,0.8724229335784912,right,96.45717112424084,1
471,15.7157,94.18797492980957,,,,,,,,,,,,,,,,,,,,0.2931543290615082,0.5384732484817505,-0.16238819062709808,0.9998873472213745,0.4497757852077484,0.5942656993865967,-0.17218737304210663,0.7776104211807251,0.38678112626075745,0.6895939111709595,-0.047734543681144714,0.8414402604103088,0.464839369058609,0.7037902474403381,-0.07031296193599701,0.8810907602310181,right,95.77591091428998,1
472,15.749066666666668,93.5971736907959,,,,,,,,,,,,,,,,,,,,0.2929039001464844,0.540069043636322,-0.16227535903453827,0.9998924732208252,0.450501948595047,0.5944367051124573,-0.16952429711818695,0.7939462661743164,0.3871033787727356,0.6894868612289429,-0.047165051102638245,0.8534206748008728,0.46585318446159363,0.7037961483001709,-0.06600292026996613,0.8904365301132202,right,94.43501097049317,1
473,15.782433333333334,93.49298477172852,,,,,,,,,,,,,,,,,,,,0.292312890291214,0.5412302613258362,-0.16210488975048065,0.9998973608016968,0.45081934332847595,0.594775378704071,-0.1627899408340454,0.8100035786628723,0.3871469795703888,0.6894798278808594,-0.03755071014165878,0.8651575446128845,0.4659998118877411,0.7039130926132202,-0.05360936000943184,0.8994379043579102,right,94.04763919558391,1
474,15.8158,93.15776824951172,,,,,,,,,,,,,,,,,,,,0.29197660088539124,0.5421880483627319,-0.16199497878551483,0.999901533126831,0.4509803056716919,0.5949390530586243,-0.16248929500579834,0.8246996998786926,0.3871481418609619,0.6895189881324768,-0.038654081523418427,0.8760416507720947,0.46645113825798035,0.7040405869483948,-0.05376205965876579,0.9078369140625,right,93.80661177663518,1
475,15.849166666666667,92.987060546875,,,,,,,,,,,,,,,,,,,,0.29152706265449524,0.5425112247467041,-0.1619352251291275,0.9999051690101624,0.4510580003261566,0.5954080820083618,-0.17714300751686096,0.8387792110443115,0.38698887825012207,0.6896294951438904,-0.059815917164087296,0.886176347732544,0.4663236141204834,0.7044360637664795,-0.07628466933965683,0.9157031178474426,right,92.59873457335938,1
476,15.882533333333333,92.7591323852539,,,,,,,,,,,,,,,,,,,,0.2906220555305481,0.5429229140281677,-0.16197404265403748,0.9999080896377563,0.451276034116745,0.5953913927078247,-0.17607997357845306,0.8507962822914124,0.38699427247047424,0.6889326572418213,-0.05755827948451042,0.8951042294502258,0.46595147252082825,0.7046716809272766,-0.07623422890901566,0.9225664138793945,right,91.475363326072,1
477,15.9159,92.95010566711426,,,,,,,,,,,,,,,,,,,,0.29048100113868713,0.5431074500083923,-0.16201604902744293,0.9999120235443115,0.45154017210006714,0.5953826308250427,-0.1727028638124466,0.8618922233581543,0.3878151774406433,0.6885881423950195,-0.056496597826480865,0.903457522392273,0.4659637212753296,0.7052879929542542,-0.0749482661485672,0.9289539456367493,right,91.44432586663433,1
478,15.949266666666666,93.3070182800293,,,,,,,,,,,,,,,,,,,,0.2901717722415924,0.5429697632789612,-0.1620379537343979,0.9999150633811951,0.4515293836593628,0.5954911112785339,-0.1723817139863968,0.8727115392684937,0.3879742920398712,0.688603401184082,-0.05704740062355995,0.9113959670066833,0.4661250710487366,0.7059252262115479,-0.07462503015995026,0.9349785447120667,right,91.7234606803438,1
479,15.982633333333334,95.43395042419434,,,,,,,,,,,,,,,,,,,,0.2901187241077423,0.5427853465080261,-0.16249245405197144,0.99991774559021,0.4514774978160858,0.5955104827880859,-0.17530633509159088,0.8826407194137573,0.38798844814300537,0.6887509226799011,-0.0635220855474472,0.9185510277748108,0.4661538004875183,0.7061106562614441,-0.08287592977285385,0.9404371976852417,right,91.69467962524992,1
480,16.016000000000002,96.75097465515137,,,,,,,,,,,,,,,,,,,,0.2900834381580353,0.5423939228057861,-0.164800226688385,0.9999167323112488,0.451407790184021,0.5955086946487427,-0.20575445890426636,0.8915143013000488,0.3879724144935608,0.6887635588645935,-0.09707711637020111,0.924653172492981,0.46611839532852173,0.7063449025154114,-0.12770171463489532,0.9452545642852783,right,91.27830036635918,1
481,16.049366666666668,92.82898902893066,,,,,,,,,,,,,,,,,,,,0.29008471965789795,0.5417924523353577,-0.16469928622245789,0.99991774559021,0.45074698328971863,0.5955630540847778,-0.20045767724514008,0.8996911644935608,0.3879237771034241,0.6888554692268372,-0.08607130497694016,0.9303929209709167,0.4660964906215668,0.7067556381225586,-0.11124018579721451,0.9497314095497131,right,92.22093078948582,1
482,16.082733333333334,93.41788291931152,,,,,,,,,,,,,,,,,,,,0.28995487093925476,0.5394771099090576,-0.1702421009540558,0.9999223351478577,0.4482353627681732,0.5955568552017212,-0.21225853264331818,0.9076929092407227,0.3874228000640869,0.6889416575431824,-0.10204385966062546,0.9352883100509644,0.46580883860588074,0.7069776654243469,-0.1305340677499771,0.9535417556762695,right,96.31980574869252,1
483,16.1161,93.51921081542969,,,,,,,,,,,,,,,,,,,,0.2914927005767822,0.536268949508667,-0.17066004872322083,0.9999274611473083,0.44601455330848694,0.5954329967498779,-0.20414620637893677,0.9156755208969116,0.38727355003356934,0.6890440583229065,-0.09257704764604568,0.9405830502510071,0.4657015800476074,0.7069869637489319,-0.11692424863576889,0.9574825763702393,right,100.6632725965096,1
484,16.149466666666665,94.99502182006836,,,,,,,,,,,,,,,,,,,,0.29153960943222046,0.5309931635856628,-0.17230750620365143,0.9999321699142456,0.4419231414794922,0.5953190922737122,-0.20356988906860352,0.9227377772331238,0.3869129419326782,0.6890488862991333,-0.10341465473175049,0.9451578855514526,0.46545934677124023,0.7069799900054932,-0.14094005525112152,0.9609169960021973,right,106.679705160803,1
485,16.182833333333335,93.26577186584473,,,,,,,,,,,,,,,,,,,,0.29400771856307983,0.5259937047958374,-0.17570951581001282,0.9999374151229858,0.43959465622901917,0.5946572422981262,-0.20432336628437042,0.9294502139091492,0.38687649369239807,0.6890966296195984,-0.1242135539650917,0.9493156671524048,0.4654904007911682,0.706527590751648,-0.17227816581726074,0.9640145897865295,right,110.46974085370677,1
486,16.2162,93.08004379272461,,,,,,,,,,,,,,,,,,,,0.2963613271713257,0.5208262205123901,-0.1747952401638031,0.9999415874481201,0.4375874102115631,0.5940072536468506,-0.2032204568386078,0.9349305033683777,0.3868902921676636,0.6889426112174988,-0.12516729533672333,0.952564001083374,0.46588194370269775,0.7049509882926941,-0.17991124093532562,0.9663839340209961,right,114.16662377330265,1
487,16.249566666666666,92.94700622558594,,,,,,,,,,,,,,,,,,,,0.2993600070476532,0.5175015926361084,-0.1743578016757965,0.9999449253082275,0.43586641550064087,0.593502938747406,-0.20182614028453827,0.9387494921684265,0.38747677206993103,0.6889922618865967,-0.12479197233915329,0.9549363851547241,0.4662306606769562,0.7048609852790833,-0.1686267852783203,0.9679126739501953,right,116.8154053674814,1
488,16.282933333333332,91.88485145568848,,,,,,,,,,,,,,,,,,,,0.3066340684890747,0.51370769739151,-0.1661529242992401,0.9999465942382812,0.43310245871543884,0.593284010887146,-0.17996720969676971,0.9366368651390076,0.38747307658195496,0.6891291737556458,-0.11704136431217194,0.9528497457504272,0.46630188822746277,0.7048647403717041,-0.15757621824741364,0.9650136828422546,right,121.23825934417039,1
489,16.316300000000002,92.25296974182129,,,,,,,,,,,,,,,,,,,,0.31552526354789734,0.5113834738731384,-0.15108688175678253,0.9999494552612305,0.4299607574939728,0.5928497314453125,-0.13528312742710114,0.915037214756012,0.3874586820602417,0.6891027092933655,-0.026010040193796158,0.932801365852356,0.4662943482398987,0.7044992446899414,-0.04634462669491768,0.9412215352058411,right,124.86914879929301,1
490,16.349666666666668,93.7950611114502,,,,,,,,,,,,,,,,,,,,0.3177056610584259,0.5085350275039673,-0.14869171380996704,0.999952495098114,0.42595070600509644,0.5924867987632751,-0.14972816407680511,0.870327353477478,0.38735121488571167,0.6890349984169006,-0.04146634042263031,0.8860810995101929,0.4661653935909271,0.7045199871063232,-0.07469376176595688,0.893521785736084,right,127.7050353666817,1
491,16.383033333333334,93.98007392883301,,,,,,,,,,,,,,,,,,,,0.3256533443927765,0.5057793855667114,-0.1488530933856964,0.999954104423523,0.4242752492427826,0.59227454662323,-0.14565913379192352,0.8222770690917969,0.3869953751564026,0.6898229718208313,-0.029914919286966324,0.8374090194702148,0.4661444425582886,0.7043699026107788,-0.07409048080444336,0.8406519293785095,right,130.49891811930976,1
492,16.4164,93.20592880249023,,,,,,,,,,,,,,,,,,,,0.33176562190055847,0.5007774829864502,-0.15134578943252563,0.9999535083770752,0.42262229323387146,0.5915786027908325,-0.13538573682308197,0.7996852993965149,0.3866811990737915,0.6898552179336548,-0.03672197461128235,0.8175740838050842,0.46639078855514526,0.7043824791908264,-0.11296381801366806,0.8141631484031677,right,134.20500875713304,1
493,16.449766666666665,93.1558609008789,,,,,,,,,,,,,,,,,,,,0.3322594463825226,0.49750930070877075,-0.1542268842458725,0.9999553561210632,0.41943463683128357,0.591201663017273,-0.14488950371742249,0.7759185433387756,0.386231929063797,0.6898823380470276,-0.11064315587282181,0.7964370846748352,0.46546465158462524,0.7048917412757874,-0.2035764902830124,0.786867618560791,right,136.61759879446828,1
494,16.483133333333335,93.69921684265137,,,,,,,,,,,,,,,,,,,,0.3337334096431732,0.4943336546421051,-0.15479454398155212,0.9999552965164185,0.41556042432785034,0.5899879336357117,-0.1519184559583664,0.750282883644104,0.38622310757637024,0.6900338530540466,-0.12903277575969696,0.7741252183914185,0.4657338559627533,0.7048948407173157,-0.22147971391677856,0.7602357864379883,right,137.9936427127518,1
495,16.5165,92.66519546508789,,,,,,,,,,,,,,,,,,,,0.3386496901512146,0.4919920861721039,-0.15966080129146576,0.9999558329582214,0.4120706617832184,0.5887385606765747,-0.16006673872470856,0.739274263381958,0.38622114062309265,0.6897026300430298,-0.16738790273666382,0.7656891942024231,0.4658600687980652,0.7051662802696228,-0.2600615322589874,0.7451506853103638,right,140.7046328282973,1
496,16.549866666666667,94.329833984375,,,,,,,,,,,,,,,,,,,,0.34492233395576477,0.48701968789100647,-0.15988560020923615,0.9999566078186035,0.40563255548477173,0.5880851149559021,-0.16092608869075775,0.7222973108291626,0.38543596863746643,0.6883528828620911,-0.1657859832048416,0.7510504126548767,0.465440958738327,0.7052399516105652,-0.27126607298851013,0.7246258854866028,right,148.54700758653368,1
497,16.583233333333332,93.30892562866211,,,,,,,,,,,,,,,,,,,,0.34893813729286194,0.48514825105667114,-0.16566058993339539,0.9999579787254333,0.40156063437461853,0.5883921980857849,-0.15744705498218536,0.7104051113128662,0.38465338945388794,0.6886810660362244,-0.15142908692359924,0.7373120784759521,0.46561118960380554,0.7052320837974548,-0.269234299659729,0.7017648220062256,right,152.85057265129166,1
498,16.616600000000002,92.98372268676758,,,,,,,,,,,,,,,,,,,,0.35402899980545044,0.48560160398483276,-0.1656261831521988,0.9999590516090393,0.39522111415863037,0.5901840925216675,-0.13504783809185028,0.6972274780273438,0.3843529224395752,0.6899650692939758,-0.11959273368120193,0.7231338024139404,0.4655945897102356,0.7052358388900757,-0.23844313621520996,0.680250883102417,right,158.95461385429908,1
499,16.649966666666668,92.9410457611084,,,,,,,,,,,,,,,,,,,,0.35817277431488037,0.4876255989074707,-0.16549052298069,0.9999597668647766,0.39058297872543335,0.5919088125228882,-0.12509483098983765,0.6864578127861023,0.38435789942741394,0.6910887956619263,-0.09321653097867966,0.7142488956451416,0.4652232825756073,0.7052396535873413,-0.22593778371810913,0.6654421091079712,right,161.00740139352348,1
500,16.683333333333334,93.8270092010498,,,,,,,,,,,,,,,,,,,,0.36359626054763794,0.4877837300300598,-0.16491807997226715,0.9999598860740662,0.3874902129173279,0.5926976799964905,-0.11559877544641495,0.6552110910415649,0.38520318269729614,0.6912200450897217,-0.0647597685456276,0.6849132180213928,0.4653513431549072,0.7053855657577515,-0.21115781366825104,0.6316558718681335,right,162.7713634103906,1
501,16.7167,93.95694732666016,,,,,,,,,,,,,,,,,,,,0.36919018626213074,0.4873467981815338,-0.1637035459280014,0.9999593496322632,0.3852517008781433,0.5927210450172424,-0.1258029341697693,0.6324036121368408,0.38478636741638184,0.6912949085235596,-0.07857543975114822,0.6598708033561707,0.46551695466041565,0.7053104043006897,-0.2200803905725479,0.6046541333198547,right,163.46630442904743,1
502,16.750066666666665,92.65589714050293,,,,,,,,,,,,,,,,,,,,0.37080901861190796,0.4857461750507355,-0.1663735955953598,0.9999582767486572,0.3816223442554474,0.5926399827003479,-0.12518496811389923,0.605720043182373,0.382885217666626,0.6909389495849609,-0.0750889778137207,0.6288635730743408,0.46348732709884644,0.7048242092132568,-0.21779869496822357,0.5729122757911682,right,163.1376940383422,1
503,16.783433333333335,92.1640396118164,,,,,,,,,,,,,,,,,,,,0.3738481104373932,0.48486027121543884,-0.16773085296154022,0.9999548196792603,0.3807925283908844,0.5923141241073608,-0.12759871780872345,0.5717751979827881,0.3821907043457031,0.6905449628829956,-0.06320948898792267,0.5877127647399902,0.46240678429603577,0.7050378918647766,-0.19748929142951965,0.5334717035293579,right,161.5524930260962,1
504,16.8168,93.60408782958984,,,,,,,,,,,,,,,,,,,,0.3745568096637726,0.4831676781177521,-0.16929283738136292,0.9999522566795349,0.378944456577301,0.5921777486801147,-0.12859296798706055,0.5431549549102783,0.3820856213569641,0.6905644536018372,-0.0713723823428154,0.5514664649963379,0.46242859959602356,0.7053701877593994,-0.2087981104850769,0.49833500385284424,right,163.0285842295715,1
505,16.850166666666667,92.92078018188477,,,,,,,,,,,,,,,,,,,,0.3740762174129486,0.4831506013870239,-0.17339178919792175,0.9999528527259827,0.37962237000465393,0.5922536849975586,-0.12881845235824585,0.5342987179756165,0.38231271505355835,0.6905624866485596,-0.07069791853427887,0.5390222072601318,0.4615045189857483,0.7064397931098938,-0.20415793359279633,0.48476484417915344,right,161.94236455889273,1
506,16.883533333333332,93.39284896850586,,,,,,,,,,,,,,,,,,,,0.37417352199554443,0.4837283492088318,-0.1728261411190033,0.9999532103538513,0.38090258836746216,0.592660129070282,-0.1252068132162094,0.5165454745292664,0.3828336298465729,0.6910495162010193,-0.06155603379011154,0.5161256790161133,0.46141138672828674,0.7074861526489258,-0.18442490696907043,0.4638769030570984,right,161.09175573023887,1
507,16.916900000000002,92.69499778747559,,,,,,,,,,,,,,,,,,,,0.37269434332847595,0.48419615626335144,-0.17298467457294464,0.9999534487724304,0.38177546858787537,0.5927024483680725,-0.12635284662246704,0.49950891733169556,0.38313841819763184,0.6911773085594177,-0.06613510847091675,0.49798205494880676,0.4611736536026001,0.7080507874488831,-0.1876714527606964,0.4475625157356262,right,160.41720840396974,1
508,16.950266666666668,93.44005584716797,,,,,,,,,,,,,,,,,,,,0.3725273907184601,0.4844968914985657,-0.17279712855815887,0.9999530911445618,0.38246944546699524,0.5926976799964905,-0.123094841837883,0.48100534081459045,0.3834247291088104,0.6912424564361572,-0.06560646742582321,0.48004966974258423,0.4606349468231201,0.7082939147949219,-0.18702290952205658,0.4310609698295593,right,159.75506951251265,1
509,16.983633333333334,92.18597412109375,,,,,,,,,,,,,,,,,,,,0.3739534020423889,0.48456013202667236,-0.17324012517929077,0.999952495098114,0.3828023374080658,0.592690110206604,-0.12054693698883057,0.46621066331863403,0.3837543725967407,0.6913426518440247,-0.06118522211909294,0.46365299820899963,0.4605644643306732,0.7083733677864075,-0.17774510383605957,0.415708988904953,right,159.31269965822275,1
510,17.017,92.09394454956055,,,,,,,,,,,,,,,,,,,,0.375740647315979,0.4857771694660187,-0.1731218844652176,0.9999518394470215,0.3837816119194031,0.5926944613456726,-0.11909661442041397,0.449329674243927,0.38426050543785095,0.6914452314376831,-0.06198541074991226,0.4476126432418823,0.46058782935142517,0.7086763978004456,-0.1801951676607132,0.4007478356361389,right,159.0078688920361,1
511,17.050366666666665,98.78396987915039,,,,,,,,,,,,,,,,,,,,0.37563079595565796,0.48632821440696716,-0.172959104180336,0.9999526739120483,0.3842122256755829,0.592715859413147,-0.12101265043020248,0.4380614459514618,0.38443800806999207,0.6914956569671631,-0.07333934307098389,0.4361560642719269,0.4605812132358551,0.7091463208198547,-0.20094121992588043,0.3904387652873993,right,158.67453355440065,1
512,17.083733333333335,177.79111862182617,,,,,,,,,,,,,,,,,,,,0.37553995847702026,0.48710983991622925,-0.17349529266357422,0.9999530911445618,0.38623225688934326,0.5927568674087524,-0.12021417915821075,0.42823612689971924,0.38510581851005554,0.6915034651756287,-0.06250319629907608,0.4275742173194885,0.4606115520000458,0.7094072699546814,-0.1862057000398636,0.3823612332344055,right,158.65494470728356,1
513,17.1171,96.76074981689453,,,,,,,,,,,,,,,,,,,,0.37534767389297485,0.4882507622241974,-0.1734076887369156,0.9999532103538513,0.38878342509269714,0.5927549004554749,-0.11390743404626846,0.41544458270072937,0.38583242893218994,0.6915180087089539,-0.05844771862030029,0.4205716848373413,0.46062251925468445,0.7097185850143433,-0.18627266585826874,0.37563660740852356,right,158.57445576679584,1
514,17.150466666666667,95.06082534790039,,,,,,,,,,,,,,,,,,,,0.3752911686897278,0.4893941581249237,-0.17350183427333832,0.9999532699584961,0.3920265734195709,0.5927385091781616,-0.11450118571519852,0.3988476097583771,0.3866966962814331,0.6915172338485718,-0.057271283119916916,0.40763625502586365,0.46071821451187134,0.709883987903595,-0.18651588261127472,0.36297017335891724,right,158.22240127046933,1
515,17.183833333333332,94.82598304748535,,,,,,,,,,,,,,,,,,,,0.3747000992298126,0.4906865060329437,-0.1728397011756897,0.9999542236328125,0.39446941018104553,0.5928499698638916,-0.11166863143444061,0.38511669635772705,0.38683199882507324,0.6915178894996643,-0.048617884516716,0.39768263697624207,0.4603832960128784,0.7106759548187256,-0.18082992732524872,0.3531184196472168,right,157.2008418962665,1
516,17.217200000000002,94.0852165222168,,,,,,,,,,,,,,,,,,,,0.3738037049770355,0.49162137508392334,-0.17284907400608063,0.9999555945396423,0.3961753845214844,0.5928488373756409,-0.11066105216741562,0.3787373900413513,0.38672924041748047,0.691604733467102,-0.05001968517899513,0.3955508768558502,0.46007394790649414,0.7110873460769653,-0.18474778532981873,0.34965673089027405,right,156.88857237464973,1
517,17.250566666666668,94.50507164001465,,,,,,,,,,,,,,,,,,,,0.3726246654987335,0.49260225892066956,-0.17373864352703094,0.9999562501907349,0.39763912558555603,0.5929010510444641,-0.11154648661613464,0.36277803778648376,0.38672932982444763,0.6916968822479248,-0.04712703824043274,0.3817981779575348,0.4606170058250427,0.7110552191734314,-0.18353593349456787,0.33608052134513855,right,156.7241886990812,1
518,17.283933333333334,94.67816352844238,,,,,,,,,,,,,,,,,,,,0.369035929441452,0.49287328124046326,-0.17402413487434387,0.9999567270278931,0.39793482422828674,0.5928599238395691,-0.12141110748052597,0.3507465720176697,0.38672494888305664,0.6917876601219177,-0.06968915462493896,0.3702888786792755,0.4611281454563141,0.7110350131988525,-0.21092304587364197,0.32501643896102905,right,155.70871524809164,1
519,17.3173,93.87063980102539,,,,,,,,,,,,,,,,,,,,0.3647746443748474,0.4928218424320221,-0.17471547424793243,0.9999576807022095,0.40174710750579834,0.5923280119895935,-0.13071243464946747,0.34879976511001587,0.38687726855278015,0.691719114780426,-0.08548770844936371,0.37149521708488464,0.46117541193962097,0.7110210061073303,-0.22970686852931976,0.32511240243911743,right,152.98497704231062,1
520,17.350666666666665,92.5900936126709,,,,,,,,,,,,,,,,,,,,0.3642546832561493,0.4927498400211334,-0.1746816635131836,0.9999586343765259,0.40559616684913635,0.591971755027771,-0.13670562207698822,0.34527355432510376,0.387057900428772,0.6915856003761292,-0.0929199680685997,0.37073439359664917,0.4617348313331604,0.7106161117553711,-0.23270776867866516,0.32334184646606445,right,150.96608524492157,1
521,17.384033333333335,93.32704544067383,,,,,,,,,,,,,,,,,,,,0.36150091886520386,0.4943380653858185,-0.17056059837341309,0.9999595284461975,0.4071178138256073,0.5915499329566956,-0.1366589367389679,0.33205708861351013,0.38704365491867065,0.6910578012466431,-0.091310054063797,0.3592449128627777,0.4631180167198181,0.7100430130958557,-0.21552607417106628,0.31391769647598267,right,148.90020348787402,1
522,17.4174,93.7802791595459,,,,,,,,,,,,,,,,,,,,0.3577161431312561,0.4953775107860565,-0.16939853131771088,0.9999605417251587,0.40824612975120544,0.5914339423179626,-0.13703754544258118,0.3211093842983246,0.3869377672672272,0.6908769607543945,-0.08645039051771164,0.35157883167266846,0.46358492970466614,0.7099388837814331,-0.21373112499713898,0.3080054223537445,right,147.08581439269713,1
523,17.450766666666667,94.77472305297852,,,,,,,,,,,,,,,,,,,,0.3530004918575287,0.4966191351413727,-0.16654928028583527,0.999962329864502,0.41003578901290894,0.5911396145820618,-0.13712528347969055,0.32132285833358765,0.38598954677581787,0.6909313797950745,-0.08555237203836441,0.3597436547279358,0.46342480182647705,0.7099658846855164,-0.2141600400209427,0.31856241822242737,right,143.96198058040628,1
524,17.484133333333332,94.33412551879883,,,,,,,,,,,,,,,,,,,,0.347328245639801,0.49814674258232117,-0.1665298491716385,0.9999641180038452,0.41192489862442017,0.5909103155136108,-0.14601391553878784,0.33272120356559753,0.3857702314853668,0.690933883190155,-0.09611420333385468,0.37559404969215393,0.46339303255081177,0.7102307081222534,-0.22421815991401672,0.33597248792648315,right,141.62030956315672,1
525,17.517500000000002,94.11811828613281,,,,,,,,,,,,,,,,,,,,0.3411673903465271,0.49993664026260376,-0.16459105908870697,0.9999661445617676,0.41369926929473877,0.5907776355743408,-0.14485566318035126,0.33910706639289856,0.3855757713317871,0.6910297870635986,-0.09313510358333588,0.385654091835022,0.4633691608905792,0.7102425694465637,-0.2102896124124527,0.3500002920627594,right,140.0249197141826,1
526,17.550866666666668,94.11787986755371,,,,,,,,,,,,,,,,,,,,0.3351740539073944,0.5007907152175903,-0.16688764095306396,0.9999679923057556,0.41553252935409546,0.5907705426216125,-0.14841468632221222,0.3589721918106079,0.3855406641960144,0.6910322904586792,-0.0928410142660141,0.40977925062179565,0.4634163975715637,0.7102463841438293,-0.2124885767698288,0.37548643350601196,right,138.64654305662148,1
527,17.584233333333334,93.42527389526367,,,,,,,,,,,,,,,,,,,,0.3317042589187622,0.5026249289512634,-0.16859687864780426,0.9999695420265198,0.41687190532684326,0.5908442139625549,-0.1467442810535431,0.3749047517776489,0.38627001643180847,0.6907170414924622,-0.09097852557897568,0.42614737153053284,0.4637993574142456,0.7099155783653259,-0.20141680538654327,0.3917519748210907,right,134.9092214733712,1
528,17.6176,94.0101146697998,,,,,,,,,,,,,,,,,,,,0.3249039351940155,0.5043088793754578,-0.16873031854629517,0.9999712705612183,0.41700220108032227,0.5911399722099304,-0.1619040071964264,0.39718952775001526,0.38686925172805786,0.6908813118934631,-0.12009206414222717,0.44924819469451904,0.4641401767730713,0.7099058628082275,-0.22992250323295593,0.41588982939720154,right,133.10673860281,1
529,17.650966666666665,93.98889541625977,,,,,,,,,,,,,,,,,,,,0.3207569420337677,0.505529522895813,-0.1631515771150589,0.9999728798866272,0.4172819256782532,0.5916722416877747,-0.16351854801177979,0.42594054341316223,0.3864145576953888,0.6909008622169495,-0.12865790724754333,0.47722095251083374,0.46224796772003174,0.7089421153068542,-0.23224881291389465,0.44623175263404846,right,131.32301160572072,1
530,17.684333333333335,92.65303611755371,,,,,,,,,,,,,,,,,,,,0.31860876083374023,0.5061702132225037,-0.15889286994934082,0.999974250793457,0.4200685918331146,0.5913879871368408,-0.16229763627052307,0.44341468811035156,0.38603854179382324,0.6902305483818054,-0.12388298660516739,0.4966883361339569,0.4622608423233032,0.7078362703323364,-0.22890709340572357,0.4689183533191681,right,128.56508914335598,1
531,17.7177,93.27006340026855,,,,,,,,,,,,,,,,,,,,0.31737011671066284,0.5070046782493591,-0.15864332020282745,0.9999746680259705,0.422647088766098,0.5913005471229553,-0.16039223968982697,0.45524951815605164,0.38575291633605957,0.6887171268463135,-0.11317084729671478,0.5106989145278931,0.461627721786499,0.7066472172737122,-0.19364401698112488,0.4849712550640106,right,124.68178975130249,1
532,17.751066666666667,92.8499698638916,,,,,,,,,,,,,,,,,,,,0.3172203600406647,0.5087699890136719,-0.15896457433700562,0.9999758005142212,0.42474496364593506,0.5914233922958374,-0.1568252295255661,0.4739096462726593,0.3857506215572357,0.6880100965499878,-0.08325579762458801,0.5247904658317566,0.46164238452911377,0.7055639624595642,-0.1517496556043625,0.4998464286327362,right,121.26279360793475,1
533,17.784433333333332,92.74601936340332,,,,,,,,,,,,,,,,,,,,0.31423380970954895,0.5105282068252563,-0.1633414328098297,0.9999769330024719,0.4260592758655548,0.5917381644248962,-0.15551164746284485,0.49609634280204773,0.3853733241558075,0.6877366304397583,-0.0625135526061058,0.5442165732383728,0.4618821144104004,0.7046076059341431,-0.13744166493415833,0.5184087753295898,right,118.92667415625789,1
534,17.817800000000002,94.27595138549805,,,,,,,,,,,,,,,,,,,,0.30937474966049194,0.5122601985931396,-0.16615800559520721,0.9999778866767883,0.426595538854599,0.5925229787826538,-0.15973788499832153,0.5145673155784607,0.3850821852684021,0.6878215670585632,-0.07085278630256653,0.5585373640060425,0.46225208044052124,0.7039960622787476,-0.14989806711673737,0.5324417948722839,right,117.50480274124608,1
535,17.851166666666668,93.93310546875,,,,,,,,,,,,,,,,,,,,0.3066232204437256,0.5126482248306274,-0.17054636776447296,0.9999787211418152,0.42774370312690735,0.5924907326698303,-0.1710069179534912,0.5378380417823792,0.38424116373062134,0.6874929666519165,-0.0750427320599556,0.5743752717971802,0.4626710116863251,0.7024392485618591,-0.15659962594509125,0.547931969165802,right,115.93655024621445,1
536,17.884533333333334,94.04206275939941,,,,,,,,,,,,,,,,,,,,0.30574166774749756,0.5142461657524109,-0.17033548653125763,0.9999798536300659,0.4287296235561371,0.5926483869552612,-0.1674795150756836,0.564853310585022,0.3834799528121948,0.6875470280647278,-0.07775398343801498,0.5956178903579712,0.46242445707321167,0.7013295292854309,-0.144704669713974,0.5697121024131775,right,113.99206050518139,1
537,17.9179,93.85204315185547,,,,,,,,,,,,,,,,,,,,0.302181601524353,0.5154603719711304,-0.17231573164463043,0.9999811053276062,0.4304651618003845,0.5926513671875,-0.17234788835048676,0.5971107482910156,0.38348618149757385,0.6875874996185303,-0.08725515753030777,0.6233896017074585,0.4624694287776947,0.6999054551124573,-0.1529810130596161,0.5993329286575317,right,112.789753803174,1
538,17.951266666666665,93.86801719665527,,,,,,,,,,,,,,,,,,,,0.30018725991249084,0.5164191126823425,-0.17189595103263855,0.9999818801879883,0.430533230304718,0.5926449298858643,-0.16979558765888214,0.6204977631568909,0.38338932394981384,0.6876245737075806,-0.09017615765333176,0.6444653868675232,0.4625008702278137,0.6991903185844421,-0.15726254880428314,0.6211603879928589,right,113.10190977382575,1
539,17.984633333333335,94.7120189666748,,,,,,,,,,,,,,,,,,,,0.2975185215473175,0.5178778767585754,-0.1717280149459839,0.9999828934669495,0.43103766441345215,0.5926306247711182,-0.17063963413238525,0.6461910605430603,0.38241127133369446,0.6877428889274597,-0.09738828241825104,0.666772186756134,0.46249690651893616,0.6987438201904297,-0.1590065211057663,0.6439697742462158,right,112.46886194952388,1
540,18.018,94.27189826965332,,,,,,,,,,,,,,,,,,,,0.29401859641075134,0.5191202759742737,-0.17182162404060364,0.9999838471412659,0.4309992790222168,0.5926247239112854,-0.17216551303863525,0.6704201102256775,0.3816186487674713,0.6871983408927917,-0.09670687466859818,0.6887592673301697,0.4625009000301361,0.6974621415138245,-0.1574045568704605,0.6675880551338196,right,111.94839293095421,1
541,18.051366666666667,94.01416778564453,,,,,,,,,,,,,,,,,,,,0.2919406294822693,0.5208830237388611,-0.1718597263097763,0.999984860420227,0.4308345317840576,0.5926382541656494,-0.17153896391391754,0.6940836310386658,0.3810283839702606,0.6872125864028931,-0.09446649998426437,0.710629403591156,0.4627087414264679,0.697178304195404,-0.15370602905750275,0.6904160976409912,right,111.42189633933933,1
542,18.084733333333332,94.24781799316406,,,,,,,,,,,,,,,,,,,,0.2915565073490143,0.5214284658432007,-0.17216388881206512,0.9999856352806091,0.4307900369167328,0.5932141542434692,-0.16949281096458435,0.7134829759597778,0.3806985020637512,0.6876278519630432,-0.08826839923858643,0.7283490300178528,0.46287092566490173,0.6965966820716858,-0.14357203245162964,0.7091330289840698,right,111.92194301907058,1
543,18.118100000000002,95.05605697631836,,,,,,,,,,,,,,,,,,,,0.2912980020046234,0.5216004252433777,-0.17327819764614105,0.9999864101409912,0.43125420808792114,0.5934247970581055,-0.16890063881874084,0.7337415814399719,0.38051143288612366,0.6885690093040466,-0.0877496525645256,0.7472938299179077,0.4630447030067444,0.6958220601081848,-0.13922378420829773,0.7295264005661011,right,111.93202286822967,1
544,18.151466666666668,98.01173210144043,,,,,,,,,,,,,,,,,,,,0.28946205973625183,0.5227989554405212,-0.17421846091747284,0.999987006187439,0.43167805671691895,0.593417227268219,-0.1871379017829895,0.7511778473854065,0.38052234053611755,0.6892499923706055,-0.11155062913894653,0.7630448341369629,0.4630124568939209,0.6960307359695435,-0.15688131749629974,0.7469222545623779,right,110.99740360287122,1
545,18.184833333333334,95.1852798461914,,,,,,,,,,,,,,,,,,,,0.2882325351238251,0.5229448676109314,-0.17445197701454163,0.9999875426292419,0.43222469091415405,0.5933426022529602,-0.19257120788097382,0.7679870128631592,0.3805340528488159,0.6892804503440857,-0.1265711933374405,0.7792414426803589,0.4623272120952606,0.6961748003959656,-0.1736069619655609,0.7648327350616455,right,110.26874144219676,1
546,18.2182,94.5589542388916,,,,,,,,,,,,,,,,,,,,0.2872210443019867,0.5238279104232788,-0.17350727319717407,0.9999879598617554,0.4332362115383148,0.593228280544281,-0.19014780223369598,0.7819057106971741,0.380541056394577,0.6892755031585693,-0.11818918585777283,0.7938261032104492,0.4621763825416565,0.6963943243026733,-0.16971786320209503,0.7810532450675964,right,109.01961584310163,1
547,18.251566666666665,94.61832046508789,,,,,,,,,,,,,,,,,,,,0.28600209951400757,0.5245404243469238,-0.1734362095594406,0.999988317489624,0.433504194021225,0.5932270884513855,-0.18745918571949005,0.7935860753059387,0.3809698224067688,0.6893641352653503,-0.11426442861557007,0.805404007434845,0.462545782327652,0.6962483525276184,-0.1683950126171112,0.7939823865890503,right,108.27445286884996,1
548,18.284933333333335,93.69397163391113,,,,,,,,,,,,,,,,,,,,0.28586599230766296,0.5256500840187073,-0.1736377477645874,0.9999887943267822,0.43459761142730713,0.5932490229606628,-0.18813224136829376,0.8073371052742004,0.38090136647224426,0.6892052888870239,-0.11860425025224686,0.8187750577926636,0.4625498354434967,0.6966683268547058,-0.17290358245372772,0.8086124658584595,right,107.39542224399233,1
549,18.3183,93.43886375427246,,,,,,,,,,,,,,,,,,,,0.285470575094223,0.5262908339500427,-0.17330312728881836,0.9999889731407166,0.4351091682910919,0.5932630300521851,-0.19891399145126343,0.8184661269187927,0.3808418810367584,0.6892634034156799,-0.1538679003715515,0.8304598331451416,0.46255218982696533,0.697055995464325,-0.21776321530342102,0.8216723799705505,right,107.16937727172026,1
550,18.351666666666667,93.33586692810059,,,,,,,,,,,,,,,,,,,,0.28512096405029297,0.5269880890846252,-0.17410261929035187,0.9999892711639404,0.43651115894317627,0.5932756066322327,-0.20687225461006165,0.8318794369697571,0.3805449903011322,0.6894102692604065,-0.16161900758743286,0.8436636328697205,0.46248185634613037,0.6990001797676086,-0.21868228912353516,0.8361603021621704,right,106.12248583391934,1
551,18.385033333333332,92.87285804748535,,,,,,,,,,,,,,,,,,,,0.28486138582229614,0.5268455743789673,-0.17465239763259888,0.9999895691871643,0.4382765591144562,0.5933021306991577,-0.20827950537204742,0.8442763686180115,0.3804996609687805,0.6894471049308777,-0.17473408579826355,0.8560459613800049,0.4627027213573456,0.699819803237915,-0.22843921184539795,0.8495153784751892,right,105.64742742043322,1
552,18.418400000000002,93.46294403076172,,,,,,,,,,,,,,,,,,,,0.28485727310180664,0.5270931124687195,-0.17520685493946075,0.9999898076057434,0.4391852021217346,0.5934023261070251,-0.20764309167861938,0.8551601767539978,0.3805128335952759,0.6892610788345337,-0.16405422985553741,0.8667119741439819,0.4627695083618164,0.7013787627220154,-0.2167094349861145,0.8612107038497925,right,105.07695519487606,1
553,18.451766666666668,93.8558578491211,,,,,,,,,,,,,,,,,,,,0.2849094867706299,0.5273851752281189,-0.17502833902835846,0.9999898672103882,0.4402890205383301,0.5934134721755981,-0.20459403097629547,0.8641037344932556,0.38057565689086914,0.6892644762992859,-0.15799835324287415,0.8755496740341187,0.46277353167533875,0.7022374272346497,-0.21020111441612244,0.8710125684738159,right,104.67558759440436,1
554,18.485133333333334,94.59185600280762,,,,,,,,,,,,,,,,,,,,0.28503182530403137,0.5274478793144226,-0.17482882738113403,0.999989926815033,0.4409811198711395,0.5934513211250305,-0.2035699486732483,0.8716767430305481,0.3814137279987335,0.6892635822296143,-0.16560621559619904,0.8831273913383484,0.4627629220485687,0.7027183771133423,-0.21699433028697968,0.8795436024665833,right,104.3753210985454,1
555,18.5185,92.61512756347656,,,,,,,,,,,,,,,,,,,,0.285034716129303,0.5277661085128784,-0.17394286394119263,0.9999901056289673,0.44095882773399353,0.5936486721038818,-0.20249152183532715,0.8791943788528442,0.38271328806877136,0.6889021992683411,-0.16336055099964142,0.8903311491012573,0.4627864360809326,0.7032236456871033,-0.21252401173114777,0.8875340223312378,right,104.04505797069412,1
556,18.551866666666665,91.60208702087402,,,,,,,,,,,,,,,,,,,,0.2850612699985504,0.528225839138031,-0.17460283637046814,0.9999902248382568,0.44081762433052063,0.5938028693199158,-0.2061140090227127,0.8859956860542297,0.3845577836036682,0.6888648271560669,-0.17195670306682587,0.896870493888855,0.4629989266395569,0.7034871578216553,-0.21791893243789673,0.8945640921592712,right,104.31336144593925,1
557,18.585233333333335,93.24383735656738,,,,,,,,,,,,,,,,,,,,0.2850950360298157,0.5287604928016663,-0.1747189164161682,0.9999902248382568,0.44089818000793457,0.5939171314239502,-0.20507708191871643,0.8922150731086731,0.38565123081207275,0.6888651251792908,-0.16854944825172424,0.9029217958450317,0.46301478147506714,0.704783022403717,-0.21469059586524963,0.901265561580658,right,104.38409396713699,1
558,18.6186,94.6359634399414,,,,,,,,,,,,,,,,,,,,0.28513240814208984,0.5295087695121765,-0.17545251548290253,0.9999902844429016,0.4413529336452484,0.5939922332763672,-0.20833273231983185,0.8967188596725464,0.3860214054584503,0.6886650323867798,-0.1756596714258194,0.9068636298179626,0.4629456102848053,0.7054580450057983,-0.22491580247879028,0.9056147336959839,right,104.00273815893487,1
559,18.651966666666667,93.64891052246094,,,,,,,,,,,,,,,,,,,,0.2851850986480713,0.5299817323684692,-0.17491362988948822,0.9999903440475464,0.4417980909347534,0.593813955783844,-0.20830102264881134,0.9004772305488586,0.38618841767311096,0.6878859400749207,-0.19254416227340698,0.9106475710868835,0.4624902606010437,0.7053808569908142,-0.2453790158033371,0.9099608063697815,right,102.61064880713349,1
560,18.685333333333332,94.99812126159668,,,,,,,,,,,,,,,,,,,,0.28528162837028503,0.5308836102485657,-0.17496199905872345,0.9999902844429016,0.44299113750457764,0.5938161611557007,-0.20481060445308685,0.900968611240387,0.3862251937389374,0.6875103116035461,-0.18421787023544312,0.9111350178718567,0.46229949593544006,0.7054088711738586,-0.2373427003622055,0.9109119772911072,right,101.38519751225128,1
561,18.718700000000002,93.83487701416016,,,,,,,,,,,,,,,,,,,,0.2855834364891052,0.5315974950790405,-0.17495635151863098,0.9999901652336121,0.4437631368637085,0.5938344597816467,-0.20536042749881744,0.9036768078804016,0.3863336443901062,0.6873564124107361,-0.18258939683437347,0.9145910739898682,0.462237685918808,0.7057552337646484,-0.23174959421157837,0.9149162173271179,right,100.47236286433775,1
562,18.752066666666668,94.61498260498047,,,,,,,,,,,,,,,,,,,,0.2857848107814789,0.5320476293563843,-0.17515525221824646,0.9999899864196777,0.44444653391838074,0.5938596129417419,-0.20208436250686646,0.9045925736427307,0.3863314986228943,0.6873487234115601,-0.17903931438922882,0.9162536859512329,0.4620349109172821,0.7061673402786255,-0.2231072634458542,0.9168785214424133,right,100.08871979022504,1
563,18.785433333333334,94.35868263244629,,,,,,,,,,,,,,,,,,,,0.2863621115684509,0.5326681137084961,-0.17516064643859863,0.999989926815033,0.44542279839515686,0.5939146876335144,-0.20077946782112122,0.9066289663314819,0.38631051778793335,0.6872807741165161,-0.1670885980129242,0.9186182618141174,0.4608173966407776,0.7076067328453064,-0.20617519319057465,0.9194355010986328,right,99.72968876285228,1
564,18.8188,94.50817108154297,,,,,,,,,,,,,,,,,,,,0.28671663999557495,0.5326728820800781,-0.17425128817558289,0.9999897480010986,0.44662150740623474,0.5938807129859924,-0.19727875292301178,0.907439112663269,0.3864416480064392,0.6856462955474854,-0.15387789905071259,0.9200159311294556,0.4603070318698883,0.707942545413971,-0.1883644014596939,0.921176016330719,right,99.02556692604674,1
565,18.852166666666665,93.15204620361328,,,,,,,,,,,,,,,,,,,,0.28713271021842957,0.53318190574646,-0.17425280809402466,0.9999892115592957,0.4472866952419281,0.5940261483192444,-0.19758428633213043,0.9040607213973999,0.3864491879940033,0.6856251358985901,-0.15133117139339447,0.9178402423858643,0.4602544605731964,0.7083007097244263,-0.18571946024894714,0.9197821021080017,right,98.44617282256701,1
566,18.885533333333335,93.24407577514648,,,,,,,,,,,,,,,,,,,,0.28788208961486816,0.533604621887207,-0.1749403327703476,0.999988853931427,0.44797950983047485,0.5944875478744507,-0.19763150811195374,0.9029316902160645,0.38681548833847046,0.6856743097305298,-0.1530880481004715,0.9178484082221985,0.4602792263031006,0.7081911563873291,-0.1907745897769928,0.9196814894676208,right,98.3114298071747,1
567,18.9189,92.96321868896484,,,,,,,,,,,,,,,,,,,,0.2891233563423157,0.5341598391532898,-0.17539021372795105,0.9999884366989136,0.44946807622909546,0.5952863097190857,-0.19693028926849365,0.9001087546348572,0.38740283250808716,0.685712456703186,-0.14229154586791992,0.9160125255584717,0.46039557456970215,0.7081064581871033,-0.17102155089378357,0.918246865272522,right,97.9619399809893,1
568,18.952266666666667,93.29819679260254,,,,,,,,,,,,,,,,,,,,0.2898341417312622,0.5353261232376099,-0.1752111315727234,0.999987781047821,0.4506324231624603,0.5962022542953491,-0.19410616159439087,0.8965622186660767,0.38775694370269775,0.6857328414916992,-0.1271633505821228,0.9141395092010498,0.4605599045753479,0.7081804275512695,-0.14640586078166962,0.9170986413955688,right,96.83355497719332,1
569,18.985633333333332,93.57309341430664,,,,,,,,,,,,,,,,,,,,0.29012835025787354,0.5363479256629944,-0.1752166599035263,0.9999871253967285,0.4520314335823059,0.5966135263442993,-0.19436585903167725,0.8917484283447266,0.38795652985572815,0.6857549548149109,-0.12566350400447845,0.9110671281814575,0.46071916818618774,0.7081438302993774,-0.1457643061876297,0.9145943522453308,right,95.89810686391135,1
570,19.019000000000002,94.78282928466797,,,,,,,,,,,,,,,,,,,,0.2905797064304352,0.5367061495780945,-0.17559337615966797,0.9999865889549255,0.4527346193790436,0.5970638990402222,-0.19449633359909058,0.8864434957504272,0.3883717656135559,0.6857208609580994,-0.13003240525722504,0.9078012108802795,0.4617537260055542,0.7080796360969543,-0.15527726709842682,0.9115211963653564,right,95.48738450010721,1
571,19.052366666666668,94.15602684020996,,,,,,,,,,,,,,,,,,,,0.291482537984848,0.5372553467750549,-0.1761109083890915,0.9999861121177673,0.4537050127983093,0.5975419282913208,-0.19465778768062592,0.8840464353561401,0.38836389780044556,0.6861387491226196,-0.13087253272533417,0.9071516394615173,0.46178382635116577,0.7081900238990784,-0.1555727869272232,0.9113657474517822,right,95.24000924133925,1
572,19.085733333333334,93.55711936950684,,,,,,,,,,,,,,,,,,,,0.29231002926826477,0.5383917689323425,-0.17791256308555603,0.9999858736991882,0.45423585176467896,0.5980724692344666,-0.18935811519622803,0.8844007849693298,0.3880966901779175,0.6870973706245422,-0.11673516780138016,0.9081873297691345,0.4618087708950043,0.7083329558372498,-0.13825759291648865,0.9124178886413574,right,95.08000490225277,1
573,19.1191,92.94915199279785,,,,,,,,,,,,,,,,,,,,0.2926955223083496,0.5393951535224915,-0.17788931727409363,0.9999855756759644,0.45460230112075806,0.5983867049217224,-0.18649670481681824,0.8852058053016663,0.3880922198295593,0.6876056790351868,-0.12024146318435669,0.909780740737915,0.46236422657966614,0.7080771923065186,-0.14071251451969147,0.9140562415122986,right,94.9885603750957,1
574,19.152466666666665,93.74809265136719,,,,,,,,,,,,,,,,,,,,0.29268282651901245,0.5402398705482483,-0.17785422503948212,0.9999849200248718,0.4546370208263397,0.5985461473464966,-0.18859867751598358,0.8798051476478577,0.3879510760307312,0.6876131892204285,-0.12282844632863998,0.9062685370445251,0.46238231658935547,0.7079285383224487,-0.14700132608413696,0.9116018414497375,right,94.69895775913656,1
575,19.185833333333335,93.82200241088867,,,,,,,,,,,,,,,,,,,,0.29288092255592346,0.5404013395309448,-0.1778327077627182,0.9999845623970032,0.45475614070892334,0.5989738702774048,-0.18204961717128754,0.8812170624732971,0.3878057301044464,0.6888797879219055,-0.10508142411708832,0.9077972769737244,0.4626595079898834,0.7076581716537476,-0.12213601171970367,0.9136217832565308,right,94.65160866618922,1
576,19.2192,94.1309928894043,,,,,,,,,,,,,,,,,,,,0.2929134666919708,0.5402041673660278,-0.17872254550457,0.9999839663505554,0.4546944499015808,0.5989917516708374,-0.19012601673603058,0.8782247304916382,0.38761311769485474,0.6888683438301086,-0.12055863440036774,0.9053000807762146,0.4626914858818054,0.7071524858474731,-0.14992620050907135,0.9119783043861389,right,94.82224840423342,1
577,19.252566666666667,94.03610229492188,,,,,,,,,,,,,,,,,,,,0.2931348383426666,0.5400627255439758,-0.1791551411151886,0.999983549118042,0.4546564519405365,0.5989847779273987,-0.19013652205467224,0.876264214515686,0.38760682940483093,0.6887367963790894,-0.1207512766122818,0.9040210247039795,0.4627929925918579,0.7071484327316284,-0.1504564732313156,0.9109674096107483,right,95.1093388596213,1
578,19.285933333333332,92.92316436767578,,,,,,,,,,,,,,,,,,,,0.2931578457355499,0.539961040019989,-0.17913061380386353,0.9999833703041077,0.45449739694595337,0.5989702343940735,-0.19626109302043915,0.8772209286689758,0.3874821662902832,0.6885347962379456,-0.14888177812099457,0.9058598279953003,0.46278008818626404,0.7071148157119751,-0.18589147925376892,0.9126383662223816,right,95.30810969934512,1
579,19.319300000000002,94.18797492980957,,,,,,,,,,,,,,,,,,,,0.29317718744277954,0.5400428771972656,-0.18079273402690887,0.9999831318855286,0.45444512367248535,0.598995566368103,-0.19316574931144714,0.8773800730705261,0.3873536288738251,0.6883828043937683,-0.12240611761808395,0.9056587815284729,0.46245238184928894,0.7070375084877014,-0.1454148143529892,0.912428081035614,right,95.10376104294444,1
580,19.352666666666668,93.90997886657715,,,,,,,,,,,,,,,,,,,,0.29309317469596863,0.540020227432251,-0.18028420209884644,0.9999831914901733,0.4544309377670288,0.5990346670150757,-0.18826793134212494,0.879034161567688,0.3871127665042877,0.6883684992790222,-0.11743266135454178,0.9075741171836853,0.4624423682689667,0.7070130705833435,-0.1387820690870285,0.9144339561462402,right,95.5216591066326,1
581,19.386033333333334,92.14115142822266,,,,,,,,,,,,,,,,,,,,0.29302483797073364,0.5399710536003113,-0.18004116415977478,0.9999834299087524,0.45424577593803406,0.5990390777587891,-0.18758951127529144,0.8838197588920593,0.3868688941001892,0.6884279251098633,-0.11394152045249939,0.9116105437278748,0.46243369579315186,0.7070692777633667,-0.13482268154621124,0.9183217883110046,right,95.93461183545928,1
582,19.4194,93.48893165588379,,,,,,,,,,,,,,,,,,,,0.29298830032348633,0.5399462580680847,-0.1785365790128708,0.9999831914901733,0.4537668824195862,0.5987517237663269,-0.18911631405353546,0.8872851729393005,0.3868313133716583,0.688623309135437,-0.1293889880180359,0.9144644141197205,0.46243199706077576,0.7071219086647034,-0.15154214203357697,0.9208940863609314,right,96.06133995222169,1
583,19.452766666666665,92.7271842956543,,,,,,,,,,,,,,,,,,,,0.2922179698944092,0.5399181842803955,-0.17786581814289093,0.9999831914901733,0.4530772864818573,0.5982277393341064,-0.19135047495365143,0.8921906352043152,0.3868095576763153,0.6886104345321655,-0.1295446902513504,0.9185478091239929,0.46263667941093445,0.7070015072822571,-0.15105144679546356,0.9247297048568726,right,95.9406703258487,1
584,19.486133333333335,92.99302101135254,,,,,,,,,,,,,,,,,,,,0.29209887981414795,0.5398495197296143,-0.1782725602388382,0.9999834299087524,0.4530697464942932,0.5971461534500122,-0.19704388082027435,0.8980484008789062,0.3868040442466736,0.6886005997657776,-0.1388583481311798,0.9233285188674927,0.4629204273223877,0.7061570286750793,-0.1606202870607376,0.9292040467262268,right,95.73130441980251,1
585,19.5195,92.55790710449219,,,,,,,,,,,,,,,,,,,,0.291914165019989,0.5395162105560303,-0.1782815307378769,0.9999839067459106,0.4526286721229553,0.597052276134491,-0.19895102083683014,0.9049976468086243,0.3867969512939453,0.6888052225112915,-0.14421705901622772,0.9286048412322998,0.4631631076335907,0.7061351537704468,-0.1700219064950943,0.9341047406196594,right,95.9873726606418,1
586,19.552866666666667,93.4598445892334,,,,,,,,,,,,,,,,,,,,0.2917797267436981,0.5392394661903381,-0.17821376025676727,0.9999842643737793,0.4522305130958557,0.5969456434249878,-0.19873547554016113,0.9116264581680298,0.38690894842147827,0.688811182975769,-0.12926697731018066,0.9334962368011475,0.46317145228385925,0.7061373591423035,-0.15264804661273956,0.938571035861969,right,96.05777771839074,1
587,19.586233333333332,92.7889347076416,,,,,,,,,,,,,,,,,,,,0.2917622923851013,0.538704514503479,-0.17824344336986542,0.999984622001648,0.45174193382263184,0.5967556238174438,-0.19961833953857422,0.917790412902832,0.38694536685943604,0.6889363527297974,-0.1293628215789795,0.9379494190216064,0.4631614685058594,0.7062920928001404,-0.15277688205242157,0.9427238702774048,right,96.69295477511591,1
588,19.619600000000002,93.31464767456055,,,,,,,,,,,,,,,,,,,,0.291096568107605,0.5366405248641968,-0.17847314476966858,0.9999852776527405,0.4506044387817383,0.5957810282707214,-0.22175177931785583,0.9237356781959534,0.3872677981853485,0.6889317035675049,-0.22190044820308685,0.9424446225166321,0.46327394247055054,0.7062928676605225,-0.2665512263774872,0.9467943906784058,right,97.47209473154953,1
589,19.652966666666668,94.49505805969238,,,,,,,,,,,,,,,,,,,,0.2913750410079956,0.5351279973983765,-0.17847590148448944,0.9999858140945435,0.44997456669807434,0.5950656533241272,-0.2165256291627884,0.9283438324928284,0.3876684904098511,0.6889103651046753,-0.18545977771282196,0.9457566142082214,0.46338334679603577,0.7062594294548035,-0.224847212433815,0.9495110511779785,right,97.19752069267282,1
590,19.686333333333334,94.4671630859375,,,,,,,,,,,,,,,,,,,,0.2909705340862274,0.5325468182563782,-0.17842723429203033,0.9999865889549255,0.44855427742004395,0.594979465007782,-0.2138260453939438,0.932988166809082,0.3877100646495819,0.6888893246650696,-0.17546997964382172,0.9486615657806396,0.4635028541088104,0.7062586545944214,-0.21437421441078186,0.9522408843040466,right,98.49594538564706,1
591,19.7197,93.98984909057617,,,,,,,,,,,,,,,,,,,,0.290390282869339,0.5307531952857971,-0.17839497327804565,0.9999874234199524,0.4465468227863312,0.5945270657539368,-0.2283584475517273,0.937881350517273,0.3878474235534668,0.6887980699539185,-0.20743298530578613,0.9519878029823303,0.46350720524787903,0.7063214182853699,-0.25685665011405945,0.9552505612373352,right,98.91792161786432,1
592,19.753066666666665,94.21706199645996,,,,,,,,,,,,,,,,,,,,0.29035407304763794,0.5294079184532166,-0.17876043915748596,0.9999880790710449,0.444793701171875,0.594559907913208,-0.22352734208106995,0.9427099227905273,0.38773128390312195,0.6889361143112183,-0.1957831233739853,0.9554187655448914,0.46335384249687195,0.7065073251724243,-0.2264956682920456,0.9583777189254761,right,101.54925823601002,1
593,19.786433333333335,93.62030029296875,,,,,,,,,,,,,,,,,,,,0.2903576195240021,0.526378333568573,-0.17755767703056335,0.9999886751174927,0.4412555992603302,0.5941888093948364,-0.2218024730682373,0.9463851451873779,0.38747286796569824,0.68897944688797,-0.18444430828094482,0.9576112031936646,0.4633391797542572,0.7065222859382629,-0.22118845582008362,0.9602386951446533,right,104.40134975840172,1
594,19.8198,92.93198585510254,,,,,,,,,,,,,,,,,,,,0.2900095283985138,0.5230773091316223,-0.17636509239673615,0.9999892711639404,0.4371836483478546,0.5934683084487915,-0.22537918388843536,0.9495792388916016,0.3872520625591278,0.6888948082923889,-0.1933964043855667,0.9594175219535828,0.4633054733276367,0.7065967321395874,-0.2488579899072647,0.9615129232406616,right,107.03608080751162,1
595,19.853166666666667,93.19782257080078,,,,,,,,,,,,,,,,,,,,0.2901226878166199,0.5214350819587708,-0.1749822497367859,0.9999898076057434,0.4350263774394989,0.5922962427139282,-0.23216314613819122,0.953362226486206,0.38744261860847473,0.688036322593689,-0.2133900225162506,0.9621438980102539,0.4637727737426758,0.7059110403060913,-0.26949819922447205,0.963924765586853,right,108.05927928625316,1
596,19.886533333333333,92.75078773498535,,,,,,,,,,,,,,,,,,,,0.29065126180648804,0.5195196866989136,-0.1747884601354599,0.9999902844429016,0.43411773443222046,0.5920525789260864,-0.18812760710716248,0.9565767645835876,0.3874835968017578,0.6877793073654175,-0.14212177693843842,0.9647665619850159,0.46402546763420105,0.705425500869751,-0.18171490728855133,0.966407060623169,right,110.85293399491175,1
597,19.919900000000002,92.31734275817871,,,,,,,,,,,,,,,,,,,,0.2920342981815338,0.5155738592147827,-0.1753651648759842,0.9999907612800598,0.43190157413482666,0.5912234783172607,-0.18015651404857635,0.9592720866203308,0.38757506012916565,0.6873044371604919,-0.1361335664987564,0.9668669104576111,0.46481961011886597,0.7054188847541809,-0.18148745596408844,0.9683101773262024,right,114.05524638361729,1
598,19.953266666666668,93.12987327575684,,,,,,,,,,,,,,,,,,,,0.2933723032474518,0.5125941038131714,-0.17577235400676727,0.9999911785125732,0.4306817650794983,0.5911511182785034,-0.1802002638578415,0.9609537720680237,0.3874748647212982,0.6873064637184143,-0.12813928723335266,0.9680052995681763,0.4644869267940521,0.7064008712768555,-0.17650550603866577,0.969045102596283,right,116.62294957467894,1
599,19.986633333333334,93.5370922088623,,,,,,,,,,,,,,,,,,,,0.29561498761177063,0.5095659494400024,-0.178217813372612,0.9999915957450867,0.427607923746109,0.5910537838935852,-0.18541787564754486,0.9623164534568787,0.38747280836105347,0.687304675579071,-0.13467812538146973,0.9690558910369873,0.4639684855937958,0.7068665027618408,-0.2138999104499817,0.9694244265556335,right,120.34233524078284,1
600,20.02,94.05303001403809,,,,,,,,,,,,,,,,,,,,0.2966843545436859,0.5076020359992981,-0.17918412387371063,0.9999920129776001,0.42495793104171753,0.5906244516372681,-0.20902374386787415,0.9641968011856079,0.3872276544570923,0.6872713565826416,-0.1840827465057373,0.9702507257461548,0.4633808135986328,0.7072215676307678,-0.2592361569404602,0.9698330163955688,right,121.601997876043,1
601,20.053366666666665,93.9490795135498,,,,,,,,,,,,,,,,,,,,0.3000567555427551,0.5055088400840759,-0.17901860177516937,0.9999923706054688,0.4208897054195404,0.5905500054359436,-0.20281119644641876,0.964876651763916,0.38718363642692566,0.6873404383659363,-0.1598011702299118,0.9706642627716064,0.46338343620300293,0.707445502281189,-0.2569679319858551,0.9691107869148254,right,123.99829205583515,1
602,20.086733333333335,94.0253734588623,,,,,,,,,,,,,,,,,,,,0.30357956886291504,0.5027322173118591,-0.17929962277412415,0.9999927878379822,0.4188748896121979,0.590293288230896,-0.18906790018081665,0.9662474393844604,0.3866038918495178,0.6878946423530579,-0.12387941032648087,0.9719011783599854,0.46366173028945923,0.7071887254714966,-0.20409360527992249,0.9695734977722168,right,127.8895878096347,1
603,20.1201,93.72901916503906,,,,,,,,,,,,,,,,,,,,0.3114558160305023,0.49930664896965027,-0.17927300930023193,0.9999929070472717,0.41654691100120544,0.5895618200302124,-0.17482389509677887,0.9633322358131409,0.3865707516670227,0.6879090666770935,-0.1060297042131424,0.9695279002189636,0.46513915061950684,0.7057283520698547,-0.19280582666397095,0.9636762142181396,right,130.97518453206885,1
604,20.153466666666667,94.78092193603516,,,,,,,,,,,,,,,,,,,,0.31416383385658264,0.49699968099594116,-0.17917689681053162,0.9999929666519165,0.41421300172805786,0.5889748930931091,-0.15729163587093353,0.9593424797058105,0.38656651973724365,0.6881711483001709,-0.09384522587060928,0.9667242169380188,0.4651479125022888,0.7051331996917725,-0.1840590387582779,0.9578612446784973,right,136.08058356933185,1
605,20.186833333333333,94.53129768371582,,,,,,,,,,,,,,,,,,,,0.3153308629989624,0.4939213693141937,-0.17641165852546692,0.9999930262565613,0.4093863368034363,0.5884707570075989,-0.14097638428211212,0.951630175113678,0.3864253759384155,0.6889058947563171,-0.08512450009584427,0.9621738791465759,0.46590250730514526,0.7050593495368958,-0.1883479654788971,0.9484657645225525,right,142.22094395982123,1
606,20.220200000000002,93.58501434326172,,,,,,,,,,,,,,,,,,,,0.32079657912254333,0.4898686408996582,-0.1749160885810852,0.9999929666519165,0.4048982262611389,0.5885299444198608,-0.1441328078508377,0.943778395652771,0.3856526017189026,0.6903336048126221,-0.10204678773880005,0.957642674446106,0.466421514749527,0.7050864696502686,-0.22634252905845642,0.9401845932006836,right,150.36777007548045,1
607,20.253566666666668,94.48122978210449,,,,,,,,,,,,,,,,,,,,0.32447120547294617,0.48783808946609497,-0.17122933268547058,0.999992847442627,0.3988194763660431,0.5885390639305115,-0.13690344989299774,0.9340709447860718,0.3856121301651001,0.6903161406517029,-0.09554637968540192,0.9506961107254028,0.46631354093551636,0.7051792144775391,-0.221312016248703,0.9268428683280945,right,155.60499657359023,1
608,20.286933333333334,92.82207489013672,,,,,,,,,,,,,,,,,,,,0.3318686783313751,0.484947144985199,-0.17440201342105865,0.9999927282333374,0.39142200350761414,0.5884582996368408,-0.1457349807024002,0.9319964647293091,0.384986937046051,0.6903469562530518,-0.10961787402629852,0.9480301737785339,0.4661109447479248,0.7047643065452576,-0.25238341093063354,0.9201756119728088,right,161.54263413389646,1
609,20.3203,93.28985214233398,,,,,,,,,,,,,,,,,,,,0.33801454305648804,0.4825020730495453,-0.17784802615642548,0.999992311000824,0.388971209526062,0.5883163809776306,-0.14515721797943115,0.9297462701797485,0.3847678005695343,0.690265953540802,-0.10923635959625244,0.9455423355102539,0.46563804149627686,0.7056348323822021,-0.24194833636283875,0.9143230319023132,right,163.01781922355357,1
610,20.353666666666665,94.43211555480957,,,,,,,,,,,,,,,,,,,,0.3490971028804779,0.48187053203582764,-0.1684257686138153,0.9999914169311523,0.38493186235427856,0.5884405970573425,-0.12773150205612183,0.9213669300079346,0.3842492699623108,0.6897122859954834,-0.08838769793510437,0.9372967481613159,0.46517905592918396,0.7056429982185364,-0.22504283487796783,0.9005267024040222,right,164.76701459349647,1
611,20.387033333333335,93.33491325378418,,,,,,,,,,,,,,,,,,,,0.35730019211769104,0.48111432790756226,-0.16737215220928192,0.9999905228614807,0.3812189996242523,0.5894874930381775,-0.1359705775976181,0.914179801940918,0.3836880326271057,0.68970787525177,-0.09592907875776291,0.9280826449394226,0.46450504660606384,0.7056445479393005,-0.2283744066953659,0.8871992826461792,right,165.32258948936823,1
612,20.4204,92.73600578308105,,,,,,,,,,,,,,,,,,,,0.36195579171180725,0.48190075159072876,-0.1688479483127594,0.9999895691871643,0.3798469603061676,0.5901647806167603,-0.1380642056465149,0.9095268845558167,0.383571594953537,0.6900928020477295,-0.09576820582151413,0.9218555092811584,0.46440768241882324,0.705353319644928,-0.2335502654314041,0.8772417902946472,right,167.04726643243762,1
613,20.453766666666667,92.72909164428711,,,,,,,,,,,,,,,,,,,,0.36517590284347534,0.4813906252384186,-0.16631357371807098,0.9999886751174927,0.37885960936546326,0.5901237726211548,-0.13447187840938568,0.8997318148612976,0.384113609790802,0.6901675462722778,-0.09390360862016678,0.9126060605049133,0.4646849036216736,0.7052175998687744,-0.23524057865142822,0.8649166226387024,right,166.7219970639529,1
614,20.487133333333333,93.27101707458496,,,,,,,,,,,,,,,,,,,,0.3704332113265991,0.48099878430366516,-0.16663265228271484,0.9999865293502808,0.37632179260253906,0.5899766683578491,-0.1259319931268692,0.8660507202148438,0.38297268748283386,0.6902806162834167,-0.062015604227781296,0.8764492273330688,0.4641488790512085,0.707770586013794,-0.20295307040214539,0.8210834264755249,right,165.54208669266234,1
615,20.520500000000002,93.15919876098633,,,,,,,,,,,,,,,,,,,,0.37579455971717834,0.48117420077323914,-0.1671176552772522,0.9999834299087524,0.37669870257377625,0.589825451374054,-0.11049515008926392,0.8304021954536438,0.38206344842910767,0.6902641654014587,-0.04210742935538292,0.8424413204193115,0.4636650085449219,0.7077283263206482,-0.16954396665096283,0.783664882183075,right,164.15405188142307,1
616,20.553866666666668,93.70708465576172,,,,,,,,,,,,,,,,,,,,0.3793446719646454,0.48149457573890686,-0.16758506000041962,0.9999809861183167,0.37739482522010803,0.5900223851203918,-0.11059406399726868,0.7968330383300781,0.38219326734542847,0.6902068257331848,-0.03885282203555107,0.8096219897270203,0.4639665186405182,0.7077928781509399,-0.16323861479759216,0.7482231855392456,right,163.37774619331228,1
617,20.587233333333334,92.81802177429199,,,,,,,,,,,,,,,,,,,,0.37724846601486206,0.4819274842739105,-0.1690995991230011,0.9999791979789734,0.37744075059890747,0.5901814103126526,-0.10351472347974777,0.7578080892562866,0.38278961181640625,0.6900078058242798,-0.028340931981801987,0.7735864520072937,0.4640551507472992,0.707760214805603,-0.154841348528862,0.7113003730773926,right,163.30104491747798,1
618,20.6206,92.59200096130371,,,,,,,,,,,,,,,,,,,,0.37759900093078613,0.4820217490196228,-0.17131519317626953,0.9999773502349854,0.37807291746139526,0.5902312994003296,-0.09311188012361526,0.7169855833053589,0.3830816149711609,0.6897099018096924,-0.00827197078615427,0.7377873659133911,0.464017391204834,0.7076940536499023,-0.1404217779636383,0.6739698648452759,right,163.3842335711493,1
619,20.653966666666665,93.04285049438477,,,,,,,,,,,,,,,,,,,,0.37924811244010925,0.4821520447731018,-0.17153045535087585,0.9999745488166809,0.3786656856536865,0.5899656414985657,-0.08763370662927628,0.6740865111351013,0.383226215839386,0.6888826489448547,-0.0057227713987231255,0.6970410943031311,0.46418556571006775,0.7076409459114075,-0.13160058856010437,0.6336831450462341,right,162.91290715777666,1
620,20.687333333333335,91.93229675292969,,,,,,,,,,,,,,,,,,,,0.37841030955314636,0.48257702589035034,-0.17271938920021057,0.999973475933075,0.3785858452320099,0.5906550288200378,-0.08754510432481766,0.6405385732650757,0.38315948843955994,0.6889229416847229,-0.0015580534236505628,0.6663636565208435,0.4641835391521454,0.7076072096824646,-0.13202978670597076,0.6005393266677856,right,162.9267875730015,1
621,20.7207,92.38886833190918,,,,,,,,,,,,,,,,,,,,0.3779415190219879,0.4826924502849579,-0.17309266328811646,0.9999732971191406,0.37887290120124817,0.5908748507499695,-0.08380038291215897,0.6160987615585327,0.3830256164073944,0.6889182925224304,0.013960160315036774,0.6460498571395874,0.46435925364494324,0.7075744867324829,-0.11874512583017349,0.5773618221282959,right,162.92754676957745,1
622,20.754066666666667,92.99993515014648,,,,,,,,,,,,,,,,,,,,0.37834039330482483,0.482875257730484,-0.17354153096675873,0.9999725222587585,0.3790634572505951,0.5908343195915222,-0.08742823451757431,0.5916969776153564,0.3828202486038208,0.6889205574989319,2.413058427919168e-05,0.6237663626670837,0.46428799629211426,0.7075541615486145,-0.13238365948200226,0.5527843832969666,right,162.7912759184379,1
623,20.787433333333333,93.99104118347168,,,,,,,,,,,,,,,,,,,,0.3795667886734009,0.48291832208633423,-0.17128892242908478,0.999972403049469,0.379158616065979,0.5911127924919128,-0.0882752314209938,0.5721030831336975,0.38268792629241943,0.6889684200286865,0.003276428207755089,0.606927216053009,0.464010626077652,0.7075232267379761,-0.12554074823856354,0.5346177220344543,right,162.30471632730354,1
624,20.820800000000002,93.12009811401367,,,,,,,,,,,,,,,,,,,,0.38145437836647034,0.4829927980899811,-0.16706843674182892,0.9999717473983765,0.37963759899139404,0.5911943912506104,-0.09061024338006973,0.5487256646156311,0.38243532180786133,0.689285397529602,-0.0037916041910648346,0.5855135917663574,0.4639706015586853,0.7076274156570435,-0.1324979066848755,0.5131260752677917,right,162.0731966019485,1
625,20.854166666666668,93.29366683959961,,,,,,,,,,,,,,,,,,,,0.3855576813220978,0.4829047918319702,-0.1673153191804886,0.9999719262123108,0.3822965621948242,0.5911899209022522,-0.09447827190160751,0.533575713634491,0.38214507699012756,0.6892988085746765,-0.004319794476032257,0.5725224614143372,0.46338677406311035,0.7078021168708801,-0.1370805948972702,0.499723345041275,right,161.79509786206398,1
626,20.887533333333334,92.43392944335938,,,,,,,,,,,,,,,,,,,,0.3890296220779419,0.48270124197006226,-0.16755831241607666,0.9999710321426392,0.38584014773368835,0.5909445285797119,-0.10409129410982132,0.5281882286071777,0.3822692632675171,0.6894561648368835,-0.03973625600337982,0.5669974088668823,0.46338528394699097,0.7077909111976624,-0.17244702577590942,0.4966578185558319,right,162.5441466156705,1
627,20.9209,93.83869171142578,,,,,,,,,,,,,,,,,,,,0.3934062123298645,0.48275575041770935,-0.16848669946193695,0.9999708533287048,0.3919616937637329,0.5909336805343628,-0.10657855123281479,0.5344348549842834,0.38303542137145996,0.6894350647926331,-0.04549827426671982,0.5737478137016296,0.4634465277194977,0.7077350616455078,-0.18162736296653748,0.5047470927238464,right,162.95143163749063,1
628,20.954266666666665,93.74308586120605,,,,,,,,,,,,,,,,,,,,0.4002840518951416,0.4829561114311218,-0.16844429075717926,0.9999709725379944,0.40087100863456726,0.5909302830696106,-0.10722671449184418,0.5438362956047058,0.38366326689720154,0.6894325613975525,-0.05007290840148926,0.5834465026855469,0.4647543430328369,0.7075855731964111,-0.18350639939308167,0.517370879650116,right,162.74245446978279,1
629,20.987633333333335,94.74015235900879,,,,,,,,,,,,,,,,,,,,0.40947654843330383,0.4837439954280853,-0.17183512449264526,0.9999713897705078,0.4114292860031128,0.5908458232879639,-0.10540030151605606,0.5329945683479309,0.3851122260093689,0.6893873810768127,-0.047088295221328735,0.5758342742919922,0.4653002619743347,0.7066695094108582,-0.1781557947397232,0.5083034038543701,right,161.78414694970564,1
630,21.021,94.21706199645996,,,,,,,,,,,,,,,,,,,,0.4156300127506256,0.4841861128807068,-0.17174668610095978,0.9999719858169556,0.4195532202720642,0.590897262096405,-0.10855439305305481,0.5449554920196533,0.38700616359710693,0.6893817782402039,-0.048393964767456055,0.5904493927955627,0.4655241072177887,0.7067093253135681,-0.18334054946899414,0.5257588624954224,right,160.48078787765647,1
631,21.054366666666667,93.11509132385254,,,,,,,,,,,,,,,,,,,,0.4171329736709595,0.48418769240379333,-0.1641971915960312,0.9999723434448242,0.42770466208457947,0.5906845331192017,-0.11506207287311554,0.5461586117744446,0.3870052099227905,0.6894352436065674,-0.07294751703739166,0.5996342301368713,0.465517520904541,0.7067100405693054,-0.20851020514965057,0.5388938784599304,right,158.7081752552488,1
632,21.087733333333333,93.54496002197266,,,,,,,,,,,,,,,,,,,,0.4200687110424042,0.4843088984489441,-0.161018505692482,0.9999724626541138,0.43446850776672363,0.590534508228302,-0.12151316553354263,0.545632004737854,0.38701188564300537,0.6894379258155823,-0.08840569108724594,0.6069269776344299,0.46577584743499756,0.7062980532646179,-0.22165824472904205,0.5510381460189819,right,157.59920737886063,1
633,21.121100000000002,93.89591217041016,,,,,,,,,,,,,,,,,,,,0.4281867742538452,0.48573243618011475,-0.1634231060743332,0.9999719262123108,0.4444868564605713,0.5907878279685974,-0.14750684797763824,0.5553026795387268,0.38743335008621216,0.6893961429595947,-0.10042889416217804,0.6131768226623535,0.4657493829727173,0.7062976360321045,-0.21736490726470947,0.5615885853767395,right,151.8996959633098,1
634,21.154466666666668,95.07298469543457,,,,,,,,,,,,,,,,,,,,0.4280357360839844,0.4867947995662689,-0.16670821607112885,0.9999722242355347,0.4509565234184265,0.5915552973747253,-0.15701238811016083,0.5615889430046082,0.3878541588783264,0.6893445253372192,-0.09945914149284363,0.6175867915153503,0.4657445549964905,0.7065762281417847,-0.2189449518918991,0.5701173543930054,right,150.1801291923118,1
635,21.187833333333334,94.15769577026367,,,,,,,,,,,,,,,,,,,,0.4306485652923584,0.48801860213279724,-0.16580167412757874,0.999973475933075,0.4594113230705261,0.5919866561889648,-0.17351673543453217,0.5956032872200012,0.38791921734809875,0.6893182992935181,-0.14562107622623444,0.6447020769119263,0.4658244550228119,0.7066585421562195,-0.2542911767959595,0.600642204284668,right,145.33331320428948,1
636,21.2212,94.18702125549316,,,,,,,,,,,,,,,,,,,,0.4310431480407715,0.4894656836986542,-0.1656194031238556,0.9999750852584839,0.4656496047973633,0.5939701199531555,-0.1761673539876938,0.6239016056060791,0.38837364315986633,0.6888856887817383,-0.12865756452083588,0.6657353639602661,0.46448981761932373,0.7074724435806274,-0.2384849339723587,0.6243394613265991,right,142.2111811243035,0
637,21.254566666666665,93.46699714660645,,,,,,,,,,,,,,,,,,,,0.43236732482910156,0.49304482340812683,-0.16569088399410248,0.9999764561653137,0.47068530321121216,0.5970955491065979,-0.18187564611434937,0.6394785046577454,0.3888460397720337,0.688615620136261,-0.11368267238140106,0.6777685284614563,0.4633955657482147,0.7085844278335571,-0.23663979768753052,0.6408281922340393,right,140.42970807476905,0
638,21.287933333333335,91.99309349060059,,,,,,,,,,,,,,,,,,,,0.43752118945121765,0.4954453110694885,-0.16593782603740692,0.9999778270721436,0.4788917899131775,0.5988601446151733,-0.19392183423042297,0.6553413271903992,0.39019855856895447,0.6884863376617432,-0.10890218615531921,0.6898369789123535,0.46247345209121704,0.7099772691726685,-0.23399709165096283,0.6569639444351196,right,137.89938414733044,0
639,21.3213,92.77176856994629,,,,,,,,,,,,,,,,,,,,0.4388931393623352,0.49761679768562317,-0.1714811772108078,0.9999793171882629,0.48140326142311096,0.6019657254219055,-0.2034391462802887,0.6636483669281006,0.39049893617630005,0.6884863972663879,-0.12278333306312561,0.696449875831604,0.46243301033973694,0.7100808620452881,-0.24406495690345764,0.6661296486854553,right,136.39237268920243,0
640,21.354666666666667,93.4152603149414,,,,,,,,,,,,,,,,,,,,0.4407510459423065,0.5005851984024048,-0.17266295850276947,0.9999808073043823,0.484873503446579,0.6046198606491089,-0.19909945130348206,0.6647186875343323,0.39053913950920105,0.6885278224945068,-0.12395666539669037,0.7003900408744812,0.4619670808315277,0.7109405398368835,-0.24421417713165283,0.6724931001663208,right,134.99525716776716,0
641,21.388033333333333,94.44093704223633,,,,,,,,,,,,,,,,,,,,0.44297024607658386,0.5031298995018005,-0.1713634580373764,0.9999819993972778,0.48801693320274353,0.6062718629837036,-0.19590727984905243,0.6632046103477478,0.3905717432498932,0.6883503198623657,-0.1188008189201355,0.7046642899513245,0.46197766065597534,0.7108452320098877,-0.23878617584705353,0.6793392300605774,right,133.6555641916973,0
642,21.421400000000002,93.47987174987793,,,,,,,,,,,,,,,,,,,,0.44633346796035767,0.5043796896934509,-0.17076478898525238,0.9999830722808838,0.4909457266330719,0.6084453463554382,-0.19579990208148956,0.6619477272033691,0.39114439487457275,0.6883658766746521,-0.09865517169237137,0.7050068974494934,0.4627910256385803,0.7108105421066284,-0.21229194104671478,0.6809236407279968,right,133.0846215413462,0
643,21.454766666666668,93.4450626373291,,,,,,,,,,,,,,,,,,,,0.4479498267173767,0.5053686499595642,-0.1701292246580124,0.999984085559845,0.49233320355415344,0.6087563037872314,-0.18640246987342834,0.665937602519989,0.3925861120223999,0.6879457235336304,-0.04880908131599426,0.7096288800239563,0.4640897512435913,0.7098499536514282,-0.15434791147708893,0.6866499781608582,right,132.91934054749112,0
644,21.488133333333334,94.31314468383789,,,,,,,,,,,,,,,,,,,,0.45072683691978455,0.5069240927696228,-0.16371028125286102,0.9999846816062927,0.49599286913871765,0.6101208925247192,-0.18527235090732574,0.6609510183334351,0.3929746448993683,0.6879917979240417,-0.058285411447286606,0.707079291343689,0.46490466594696045,0.7098397612571716,-0.16084276139736176,0.6856998801231384,right,132.88932510210867,0
645,21.5215,94.57182884216309,,,,,,,,,,,,,,,,,,,,0.45389682054519653,0.5089279413223267,-0.16384415328502655,0.9999853372573853,0.5014496445655823,0.6121188998222351,-0.18614256381988525,0.6614078879356384,0.3931732177734375,0.6879835724830627,-0.04612332582473755,0.7060840129852295,0.4644361436367035,0.7098161578178406,-0.14171144366264343,0.685740053653717,right,131.92808965895227,0
646,21.554866666666666,93.2931900024414,,,,,,,,,,,,,,,,,,,,0.4545838236808777,0.5103323459625244,-0.1617836356163025,0.9999856352806091,0.49936920404434204,0.6131370067596436,-0.18576283752918243,0.6517535448074341,0.39314064383506775,0.6878355145454407,-0.03541460633277893,0.6985524296760559,0.46287742257118225,0.7098075151443481,-0.1297844648361206,0.6800529956817627,right,132.3638532279155,0
647,21.588233333333335,93.76192092895508,,,,,,,,,,,,,,,,,,,,0.45476004481315613,0.5122872591018677,-0.16163033246994019,0.9999862313270569,0.50052809715271,0.614825427532196,-0.19963423907756805,0.6497819423675537,0.3931141793727875,0.6875060796737671,-0.04568246752023697,0.6949359178543091,0.4627491533756256,0.7098923325538635,-0.13405679166316986,0.6779456734657288,right,131.1459727417392,0
648,21.6216,93.16587448120117,,,,,,,,,,,,,,,,,,,,0.45600754022598267,0.5145951509475708,-0.16000589728355408,0.9999869465827942,0.5034189820289612,0.6175200939178467,-0.20939961075782776,0.6620391607284546,0.3930950462818146,0.6873197555541992,-0.051185887306928635,0.7046064734458923,0.46253079175949097,0.710386335849762,-0.1343437135219574,0.6890807747840881,right,128.37939429856817,0
649,21.654966666666667,93.02186965942383,,,,,,,,,,,,,,,,,,,,0.4584774374961853,0.5161092281341553,-0.1627533733844757,0.999987781047821,0.5063454508781433,0.6183292269706726,-0.21547995507717133,0.6735435724258423,0.39306357502937317,0.6873005032539368,-0.05243667960166931,0.7118577361106873,0.4611821174621582,0.7108098268508911,-0.1331682801246643,0.6976257562637329,right,126.0985338903531,0
650,21.688333333333333,92.70405769348145,,,,,,,,,,,,,,,,,,,,0.4590570628643036,0.5163959860801697,-0.16366684436798096,0.9999886751174927,0.5079876780509949,0.6188637614250183,-0.21624116599559784,0.6949154734611511,0.3930887281894684,0.6873329877853394,-0.05153275281190872,0.7292518019676208,0.4603995680809021,0.7113378643989563,-0.13233084976673126,0.7157936692237854,right,125.19312236099405,0
651,21.721700000000002,92.86808967590332,,,,,,,,,,,,,,,,,,,,0.45943236351013184,0.5168941617012024,-0.16929884254932404,0.9999895095825195,0.5087310075759888,0.6195520162582397,-0.21726930141448975,0.7101221084594727,0.3930458724498749,0.6874172687530518,-0.05294504389166832,0.7383947372436523,0.45954984426498413,0.711976945400238,-0.13557153940200806,0.7258375883102417,right,124.24932549211914,0
652,21.755066666666668,92.87905693054199,,,,,,,,,,,,,,,,,,,,0.45989999175071716,0.5179545879364014,-0.16765065491199493,0.9999902844429016,0.5102740526199341,0.6213520169258118,-0.2138989418745041,0.7275829911231995,0.39311710000038147,0.6874199509620667,-0.04020063206553459,0.7527589201927185,0.4595741927623749,0.7123633623123169,-0.10984637588262558,0.7414588928222656,right,122.37819734602668,0
653,21.788433333333334,93.96624565124512,,,,,,,,,,,,,,,,,,,,0.4596036672592163,0.5179466605186462,-0.16651828587055206,0.9999911189079285,0.5111243724822998,0.6226236820220947,-0.22133223712444305,0.7469075918197632,0.3928851783275604,0.6878349781036377,-0.04810914397239685,0.7678256034851074,0.4595993459224701,0.7126659154891968,-0.12145428359508514,0.7579432129859924,right,121.2853209419742,0
654,21.8218,92.36598014831543,,,,,,,,,,,,,,,,,,,,0.45936673879623413,0.5196012854576111,-0.16591493785381317,0.999991774559021,0.5103359222412109,0.6235053539276123,-0.21801415085792542,0.7591313123703003,0.39268985390663147,0.688357412815094,-0.04728512465953827,0.7763516306877136,0.4576745629310608,0.7131476998329163,-0.12192615866661072,0.7682315111160278,right,120.64270649742502,0
655,21.855166666666666,93.55711936950684,,,,,,,,,,,,,,,,,,,,0.459839791059494,0.5194290280342102,-0.16571350395679474,0.999992311000824,0.5111966729164124,0.6235226392745972,-0.21011941134929657,0.7703824043273926,0.39312544465065,0.6883453130722046,-0.02660493180155754,0.7854906916618347,0.45644745230674744,0.7131344676017761,-0.09719250351190567,0.7784083485603333,right,120.30645054012341,0
656,21.888533333333335,92.82588958740234,,,,,,,,,,,,,,,,,,,,0.4602693021297455,0.5194887518882751,-0.1658966839313507,0.9999927878379822,0.5113174319267273,0.6234923601150513,-0.2068694829940796,0.7817599773406982,0.39328068494796753,0.6884042024612427,-0.024560481309890747,0.7939205169677734,0.4556119740009308,0.7130997776985168,-0.09750079363584518,0.7875649929046631,right,120.29706713230131,0
657,21.9219,94.45619583129883,,,,,,,,,,,,,,,,,,,,0.46047717332839966,0.5196453332901001,-0.1661214679479599,0.9999932050704956,0.5118187069892883,0.6237837672233582,-0.20719267427921295,0.7907112836837769,0.3938186764717102,0.6879960298538208,-0.02649465948343277,0.7986360788345337,0.4557229280471802,0.71299809217453,-0.09343554824590683,0.7933905124664307,right,119.8995588409709,0
658,21.955266666666667,92.81516075134277,,,,,,,,,,,,,,,,,,,,0.4607459008693695,0.5194422006607056,-0.16729135811328888,0.9999934434890747,0.5130560994148254,0.6234432458877563,-0.2072102129459381,0.7920064330101013,0.39499783515930176,0.687522292137146,-0.026800012215971947,0.7964027523994446,0.45602500438690186,0.712473452091217,-0.09750062227249146,0.792073667049408,right,119.82159395590786,0
659,21.988633333333333,92.88716316223145,,,,,,,,,,,,,,,,,,,,0.46066775918006897,0.5183097720146179,-0.16727057099342346,0.9999934434890747,0.5126335620880127,0.6232398748397827,-0.20312783122062683,0.7878745198249817,0.39565417170524597,0.6870924830436707,-0.030317291617393494,0.786185622215271,0.45609429478645325,0.7123382687568665,-0.10288287699222565,0.7824602723121643,right,120.57385438514882,0
660,22.022000000000002,94.68698501586914,,,,,,,,,,,,,,,,,,,,0.4612860083580017,0.5173484086990356,-0.17070040106773376,0.9999934434890747,0.5149135589599609,0.6213792562484741,-0.2081497311592102,0.7902425527572632,0.3959953784942627,0.6867468357086182,-0.08157218992710114,0.7828397154808044,0.45892134308815,0.7116678357124329,-0.17016209661960602,0.7783950567245483,right,120.50863981455362,0
661,22.055366666666668,94.2840576171875,,,,,,,,,,,,,,,,,,,,0.4612124562263489,0.5165894031524658,-0.1723492443561554,0.9999934434890747,0.5146231651306152,0.6201168894767761,-0.21604670584201813,0.7939720749855042,0.3960050940513611,0.6866734623908997,-0.10960900038480759,0.7821576595306396,0.4604816138744354,0.7114409804344177,-0.2095484435558319,0.7767810821533203,right,121.11423453186876,0
662,22.088733333333334,93.49894523620605,,,,,,,,,,,,,,,,,,,,0.4604364037513733,0.5132182240486145,-0.17220011353492737,0.9999932646751404,0.5143276453018188,0.6162598133087158,-0.231345072388649,0.796861469745636,0.3961555063724518,0.6863538026809692,-0.15409596264362335,0.7822249531745911,0.46162092685699463,0.711216390132904,-0.26641714572906494,0.776743471622467,right,120.94445292328409,0
663,22.1221,94.14482116699219,,,,,,,,,,,,,,,,,,,,0.46104153990745544,0.5107195377349854,-0.17147202789783478,0.9999926090240479,0.5142565965652466,0.6130530834197998,-0.22934019565582275,0.7944988012313843,0.39615514874458313,0.6862737536430359,-0.16910938918590546,0.7743451595306396,0.4619900584220886,0.7111815214157104,-0.2854617238044739,0.7675548195838928,right,122.16101207738907,0
664,22.155466666666666,94.0699577331543,,,,,,,,,,,,,,,,,,,,0.4606446325778961,0.5068061351776123,-0.17171211540699005,0.9999925494194031,0.5100387930870056,0.6087576150894165,-0.2264959067106247,0.7939433455467224,0.39614298939704895,0.6862438917160034,-0.16470152139663696,0.7692270278930664,0.4631713628768921,0.7108274102210999,-0.2874061167240143,0.762019157409668,right,124.22249482683976,0
665,22.188833333333335,94.14815902709961,,,,,,,,,,,,,,,,,,,,0.4591447114944458,0.5033965706825256,-0.1718817502260208,0.9999924898147583,0.5017451643943787,0.6062829494476318,-0.21924057602882385,0.7865018248558044,0.39611107110977173,0.6859793066978455,-0.14625105261802673,0.7577112317085266,0.46380379796028137,0.7104362845420837,-0.27202144265174866,0.7497747540473938,right,128.70519333269596,0
666,22.2222,92.75317192077637,,,,,,,,,,,,,,,,,,,,0.45891955494880676,0.5003452897071838,-0.17132063210010529,0.9999921917915344,0.49630042910575867,0.6040316820144653,-0.2053811401128769,0.7701084613800049,0.3958542048931122,0.6857296228408813,-0.13654355704784393,0.7376044392585754,0.46405160427093506,0.7100961804389954,-0.2589071989059448,0.7305322289466858,right,131.96725953449135,0
667,22.255566666666667,94.03181076049805,,,,,,,,,,,,,,,,,,,,0.4578855037689209,0.4975908100605011,-0.16883599758148193,0.9999918937683105,0.48701855540275574,0.6029131412506104,-0.19530344009399414,0.7507030367851257,0.39574360847473145,0.6856737732887268,-0.13516865670681,0.7206124067306519,0.4640072286128998,0.7091912627220154,-0.24838076531887054,0.7146770358085632,right,139.688880162797,0
668,22.288933333333333,93.95670890808105,,,,,,,,,,,,,,,,,,,,0.45364654064178467,0.4945068061351776,-0.16674230992794037,0.999991774559021,0.4813685119152069,0.6007828116416931,-0.18359367549419403,0.7290547490119934,0.3957343101501465,0.6856008172035217,-0.10423380136489868,0.6995701193809509,0.46453842520713806,0.7091993689537048,-0.2311638593673706,0.6949964165687561,right,142.1136993496172,0
669,22.322300000000002,93.5220718383789,,,,,,,,,,,,,,,,,,,,0.44720974564552307,0.4928600490093231,-0.1662978082895279,0.9999918341636658,0.4713611304759979,0.5989280939102173,-0.17599374055862427,0.7045595645904541,0.3954624831676483,0.6856438517570496,-0.08274919539690018,0.6810063123703003,0.4644980728626251,0.7094513773918152,-0.21199530363082886,0.6771224737167358,right,146.4315966814126,0
670,22.355666666666668,94.12240982055664,,,,,,,,,,,,,,,,,,,,0.4415815472602844,0.49101531505584717,-0.16634152829647064,0.9999918937683105,0.4617002308368683,0.5971235632896423,-0.17113731801509857,0.6845648884773254,0.39534085988998413,0.6856486201286316,-0.07063207775354385,0.6650843620300293,0.46515917778015137,0.7095416188240051,-0.20067180693149567,0.6631119251251221,right,150.6481478891091,1
671,22.389033333333334,93.48201751708984,,,,,,,,,,,,,,,,,,,,0.43756359815597534,0.4891279637813568,-0.166353240609169,0.9999920129776001,0.4533635377883911,0.5946311354637146,-0.16570481657981873,0.6738539338111877,0.3948526978492737,0.685670018196106,-0.07291553914546967,0.6642175912857056,0.4652141034603119,0.7097643613815308,-0.20436058938503265,0.663442850112915,right,154.3439013773078,1
672,22.4224,93.40691566467285,,,,,,,,,,,,,,,,,,,,0.43473780155181885,0.4874870479106903,-0.16593484580516815,0.9999915361404419,0.4436001479625702,0.5929204225540161,-0.15729427337646484,0.6546191573143005,0.3945015072822571,0.6856710314750671,-0.07835835963487625,0.6567698121070862,0.46527785062789917,0.708807110786438,-0.22647207975387573,0.6575148701667786,right,156.41197001186617,1
673,22.455766666666666,93.78576278686523,,,,,,,,,,,,,,,,,,,,0.4302113652229309,0.4837692677974701,-0.16728630661964417,0.9999915361404419,0.43999525904655457,0.5911505818367004,-0.1648576408624649,0.6474878787994385,0.3933236300945282,0.6856587529182434,-0.09127191454172134,0.6577078700065613,0.4652598202228546,0.7088175415992737,-0.25653141736984253,0.6588851809501648,right,156.00019665177965,1
674,22.489133333333335,93.11294555664062,,,,,,,,,,,,,,,,,,,,0.42639416456222534,0.4808060824871063,-0.16733312606811523,0.9999910593032837,0.43731895089149475,0.5873660445213318,-0.1882224977016449,0.6420106291770935,0.39302992820739746,0.6841626763343811,-0.14179234206676483,0.6540226936340332,0.4653036594390869,0.7078807950019836,-0.29502323269844055,0.6562552452087402,right,156.14819084380377,1
675,22.5225,94.24901008605957,,,,,,,,,,,,,,,,,,,,0.42074429988861084,0.48027747869491577,-0.16833440959453583,0.999991238117218,0.42779096961021423,0.5888106822967529,-0.15867437422275543,0.6377490758895874,0.39259254932403564,0.6845417618751526,-0.10990671068429947,0.659106969833374,0.46532630920410156,0.707955539226532,-0.2696231007575989,0.6600149869918823,right,158.19569155367031,1
676,22.555866666666667,95.98803520202637,,,,,,,,,,,,,,,,,,,,0.41970568895339966,0.48018938302993774,-0.16796210408210754,0.9999907612800598,0.4247034788131714,0.5892133712768555,-0.14336887001991272,0.615329921245575,0.39125582575798035,0.6851357221603394,-0.09707256406545639,0.6442137956619263,0.4653130769729614,0.7078821063041687,-0.26293137669563293,0.6447117924690247,right,159.3852163705508,1
677,22.589233333333333,94.53105926513672,,,,,,,,,,,,,,,,,,,,0.4157453775405884,0.4809344708919525,-0.16796113550662994,0.9999909996986389,0.41548237204551697,0.5901766419410706,-0.1270773857831955,0.623267650604248,0.3903737962245941,0.6866577863693237,-0.05906939506530762,0.6569830179214478,0.4659356474876404,0.7079244256019592,-0.22613535821437836,0.6544415950775146,right,161.20535789950824,1
678,22.622600000000002,94.44379806518555,,,,,,,,,,,,,,,,,,,,0.41135790944099426,0.480522483587265,-0.16799116134643555,0.999991238117218,0.4106876850128174,0.5891335010528564,-0.13946357369422913,0.6389825344085693,0.39039838314056396,0.6867720484733582,-0.06815917044878006,0.6756726503372192,0.4663533568382263,0.7078559994697571,-0.24619804322719574,0.6708135008811951,right,162.51697373941275,1
679,22.655966666666668,94.27809715270996,,,,,,,,,,,,,,,,,,,,0.4086437225341797,0.48089560866355896,-0.17016656696796417,0.9999908208847046,0.406696081161499,0.5893238186836243,-0.12362188845872879,0.627510666847229,0.389827698469162,0.6868304014205933,-0.04625594615936279,0.6710957288742065,0.46619948744773865,0.7078317999839783,-0.21526788175106049,0.6630207300186157,right,162.4411474824398,1
680,22.689333333333334,94.64406967163086,,,,,,,,,,,,,,,,,,,,0.40942007303237915,0.4805852174758911,-0.17260995507240295,0.9999904632568359,0.40546008944511414,0.5886325240135193,-0.12879636883735657,0.6084740161895752,0.38820305466651917,0.6871258616447449,-0.05534374713897705,0.6579962968826294,0.46588656306266785,0.7078443169593811,-0.22604243457317352,0.6476607918739319,right,162.10951252538644,1
681,22.7227,94.17891502380371,,,,,,,,,,,,,,,,,,,,0.41033613681793213,0.4808066785335541,-0.17247295379638672,0.9999895691871643,0.40147730708122253,0.5889607667922974,-0.1214250922203064,0.5881811380386353,0.3880901038646698,0.6872150897979736,-0.05679958313703537,0.6419341564178467,0.46528708934783936,0.7079145312309265,-0.21817129850387573,0.6315851807594299,right,162.25653836526712,1
682,22.756066666666666,93.68300437927246,,,,,,,,,,,,,,,,,,,,0.407177209854126,0.4810599684715271,-0.1723959594964981,0.9999890327453613,0.3984004557132721,0.5881815552711487,-0.10987786948680878,0.5664934515953064,0.3881027102470398,0.6869799494743347,-0.02748703956604004,0.6260291934013367,0.465118408203125,0.7077869772911072,-0.18549224734306335,0.6149237751960754,right,162.47385437377886,1
683,22.789433333333335,93.2779312133789,,,,,,,,,,,,,,,,,,,,0.4050357937812805,0.481042742729187,-0.15790222585201263,0.9999849200248718,0.39363598823547363,0.5876670479774475,-0.09454488754272461,0.5288465023040771,0.38791289925575256,0.6859970092773438,-0.023995809257030487,0.5914784669876099,0.4639160931110382,0.7077662348747253,-0.16637764871120453,0.5807130932807922,right,163.3073560042874,1
684,22.8228,92.1320915222168,,,,,,,,,,,,,,,,,,,,0.4051046371459961,0.4810754656791687,-0.15510661900043488,0.9999822378158569,0.3917734920978546,0.5876316428184509,-0.10695628076791763,0.5057088136672974,0.38626834750175476,0.6860860586166382,-0.028872255235910416,0.5692461729049683,0.46387016773223877,0.7077723145484924,-0.1836467832326889,0.5593001842498779,right,163.97328103290053,1
685,22.856166666666667,92.63420104980469,,,,,,,,,,,,,,,,,,,,0.40370678901672363,0.4811651408672333,-0.1556517779827118,0.9999805688858032,0.3895064890384674,0.5877335071563721,-0.09871676564216614,0.4946286380290985,0.3853417634963989,0.685962438583374,-0.026480337604880333,0.5632317066192627,0.4640992283821106,0.7076478600502014,-0.17462046444416046,0.5518656969070435,right,164.29834001405027,1
686,22.889533333333333,92.99302101135254,,,,,,,,,,,,,,,,,,,,0.40189847350120544,0.48121199011802673,-0.15137064456939697,0.9999801516532898,0.38774657249450684,0.5877603888511658,-0.09575258195400238,0.4961096942424774,0.3848530650138855,0.686134934425354,-0.02913978323340416,0.5723055601119995,0.4641578495502472,0.7076103091239929,-0.1769261509180069,0.5588854551315308,right,164.63511797200758,1
687,22.922900000000002,93.73593330383301,,,,,,,,,,,,,,,,,,,,0.3997633159160614,0.48122742772102356,-0.15158571302890778,0.9999788403511047,0.3841746151447296,0.5885449051856995,-0.09681851416826248,0.49538156390190125,0.3843977749347687,0.6874504089355469,-0.03449362516403198,0.5769343972206116,0.46442171931266785,0.7076016068458557,-0.18298453092575073,0.5612449645996094,right,165.20924943905987,1
688,22.956266666666668,93.98293495178223,,,,,,,,,,,,,,,,,,,,0.39887571334838867,0.48105669021606445,-0.14253433048725128,0.9999773502349854,0.38377347588539124,0.5885605216026306,-0.09899386763572693,0.49285590648651123,0.3842969834804535,0.6876309514045715,-0.03874576464295387,0.5768488049507141,0.46484214067459106,0.7069042325019836,-0.18589816987514496,0.5611413717269897,right,165.79497023363157,1
689,22.989633333333334,93.26696395874023,,,,,,,,,,,,,,,,,,,,0.3987267315387726,0.48054036498069763,-0.1447492092847824,0.9999755024909973,0.38341203331947327,0.5884722471237183,-0.09799099713563919,0.4817286431789398,0.3841509222984314,0.6874417066574097,-0.038239724934101105,0.5676088333129883,0.46520864963531494,0.7067449688911438,-0.1832577884197235,0.5517909526824951,right,165.65292567936925,1
690,23.023,94.40827369689941,,,,,,,,,,,,,,,,,,,,0.3990667164325714,0.480751097202301,-0.14351728558540344,0.9999751448631287,0.3819345235824585,0.5886194705963135,-0.091617152094841,0.4786193370819092,0.383126437664032,0.6878043413162231,-0.03275316208600998,0.5697336196899414,0.4653470814228058,0.7066890001296997,-0.17750121653079987,0.5542536377906799,right,166.81810381444615,1
691,23.056366666666666,94.00796890258789,,,,,,,,,,,,,,,,,,,,0.3994268774986267,0.4808707535266876,-0.14463888108730316,0.9999740719795227,0.3818705379962921,0.5885537266731262,-0.09122537821531296,0.46239906549453735,0.382601261138916,0.6878010630607605,-0.03346947580575943,0.5567154884338379,0.4654407203197479,0.7064963579177856,-0.18001309037208557,0.5398659110069275,right,166.96214204359038,1
692,23.089733333333335,92.18478202819824,,,,,,,,,,,,,,,,,,,,0.3996855318546295,0.48101234436035156,-0.14528919756412506,0.9999727010726929,0.38171684741973877,0.5885612964630127,-0.08865165710449219,0.450260728597641,0.38182777166366577,0.6877936124801636,-0.028028234839439392,0.5491682887077332,0.46546128392219543,0.7064198851585388,-0.1791670024394989,0.5298975706100464,right,167.16277109718257,1
693,23.1231,93.28985214233398,,,,,,,,,,,,,,,,,,,,0.39978930354118347,0.48135101795196533,-0.1457424908876419,0.9999717473983765,0.38162076473236084,0.5887601971626282,-0.07941027730703354,0.4375694990158081,0.38139358162879944,0.6878050565719604,-0.006825223099440336,0.5434920191764832,0.46543174982070923,0.706398606300354,-0.16216368973255157,0.5217020511627197,right,167.3459894574937,1
694,23.156466666666667,92.63491630554199,,,,,,,,,,,,,,,,,,,,0.3997214138507843,0.48265519738197327,-0.1432228982448578,0.9999715685844421,0.3815271854400635,0.5899263620376587,-0.08273900300264359,0.4282599985599518,0.38142845034599304,0.6881538033485413,-0.012335672974586487,0.5382375717163086,0.46554920077323914,0.7061775326728821,-0.15933462977409363,0.51621413230896,right,166.96909412186227,1
695,23.189833333333333,92.6809310913086,,,,,,,,,,,,,,,,,,,,0.3998257517814636,0.48237019777297974,-0.14331823587417603,0.9999713897705078,0.38183706998825073,0.5897079706192017,-0.08458627015352249,0.4315616488456726,0.38145801424980164,0.6881760954856873,-0.03536726161837578,0.5431956052780151,0.4655660092830658,0.7061570882797241,-0.17658790946006775,0.521409273147583,right,167.16437965805943,1
696,23.223200000000002,92.47732162475586,,,,,,,,,,,,,,,,,,,,0.3998737931251526,0.4823801815509796,-0.14336958527565002,0.9999712705612183,0.3809925615787506,0.5896946787834167,-0.08736404031515121,0.4316500127315521,0.38146916031837463,0.6881734132766724,-0.04078235104680061,0.5450511574745178,0.4655931293964386,0.706157922744751,-0.18157388269901276,0.5212587118148804,right,167.6730939275683,1
697,23.256566666666668,93.4908390045166,,,,,,,,,,,,,,,,,,,,0.39988386631011963,0.4823785722255707,-0.14177650213241577,0.9999709129333496,0.38116884231567383,0.5893248915672302,-0.08918701112270355,0.4325895607471466,0.38148534297943115,0.6880555748939514,-0.04773861914873123,0.5470635294914246,0.46571454405784607,0.7060722708702087,-0.18726302683353424,0.5216857194900513,right,167.6824670743664,1
698,23.289933333333334,94.12717819213867,,,,,,,,,,,,,,,,,,,,0.39986321330070496,0.48164892196655273,-0.1420113444328308,0.9999702572822571,0.3814224302768707,0.5885329842567444,-0.10174894332885742,0.4436054527759552,0.3815009295940399,0.6880121231079102,-0.06662876904010773,0.5568288564682007,0.46599239110946655,0.7059427499771118,-0.2069443017244339,0.5310800075531006,right,167.83093833960217,1
699,23.3233,93.92714500427246,,,,,,,,,,,,,,,,,,,,0.39973315596580505,0.4816474914550781,-0.14216597378253937,0.9999696612358093,0.3819512724876404,0.58828204870224,-0.10891701281070709,0.4446411430835724,0.3815627992153168,0.6880167722702026,-0.07038124650716782,0.5584105849266052,0.46609246730804443,0.7058948874473572,-0.21293549239635468,0.5303857922554016,right,167.7148072475171,1
700,23.356666666666666,92.75078773498535,,,,,,,,,,,,,,,,,,,,0.3997468948364258,0.4816809892654419,-0.14238181710243225,0.9999697804450989,0.38286423683166504,0.5881889462471008,-0.11291476339101791,0.45983433723449707,0.381674587726593,0.688014030456543,-0.0744175836443901,0.5723389387130737,0.4660980701446533,0.705886960029602,-0.21601608395576477,0.5439265370368958,right,167.68335304038,1
701,23.390033333333335,94.39301490783691,,,,,,,,,,,,,,,,,,,,0.40223926305770874,0.4816855490207672,-0.14254093170166016,0.9999695420265198,0.3853134512901306,0.5882532000541687,-0.11181371659040451,0.47167888283729553,0.3817315697669983,0.6882127523422241,-0.07515647262334824,0.5830845832824707,0.4661029577255249,0.7058866024017334,-0.21493244171142578,0.5552889704704285,right,166.95613545374584,1
702,23.4234,94.18702125549316,,,,,,,,,,,,,,,,,,,,0.4070415198802948,0.4815784990787506,-0.1426410675048828,0.999968945980072,0.38892877101898193,0.588213324546814,-0.11817935854196548,0.47688889503479004,0.3817654252052307,0.6884099841117859,-0.08841922879219055,0.5844449400901794,0.46608591079711914,0.7057932615280151,-0.22589297592639923,0.5575553774833679,right,166.56095301110904,1
703,23.456766666666667,93.4300422668457,,,,,,,,,,,,,,,,,,,,0.40857595205307007,0.48180243372917175,-0.14394623041152954,0.9999691843986511,0.39331334829330444,0.5882164239883423,-0.11683429777622223,0.491756409406662,0.38236987590789795,0.6884272694587708,-0.08152137696743011,0.5976616740226746,0.4660881757736206,0.7057926058769226,-0.2228359580039978,0.5704241991043091,right,166.3075866117645,1
704,23.490133333333333,92.73386001586914,,,,,,,,,,,,,,,,,,,,0.40948179364204407,0.4817386269569397,-0.14399871230125427,0.9999692440032959,0.39603734016418457,0.5882150530815125,-0.11549738049507141,0.5038777589797974,0.3829653561115265,0.6884403824806213,-0.07841169089078903,0.6075600981712341,0.46602192521095276,0.7057921886444092,-0.2189626693725586,0.5811014771461487,right,166.04143582454768,1
705,23.523500000000002,92.30995178222656,,,,,,,,,,,,,,,,,,,,0.41376590728759766,0.48184067010879517,-0.14389760792255402,0.9999686479568481,0.40125787258148193,0.5883549451828003,-0.11534779518842697,0.5077087879180908,0.3837980628013611,0.6884196996688843,-0.07581508904695511,0.6117029786109924,0.46588438749313354,0.7057918310165405,-0.20502769947052002,0.586005687713623,right,165.4568923921984,1
706,23.556866666666668,92.8351879119873,,,,,,,,,,,,,,,,,,,,0.4150037467479706,0.4818422496318817,-0.14681503176689148,0.999968945980072,0.40698671340942383,0.5881288051605225,-0.11541671305894852,0.5137595534324646,0.38402611017227173,0.6881355047225952,-0.07459482550621033,0.6175615787506104,0.46584007143974304,0.7057901620864868,-0.2074819952249527,0.5930310487747192,right,164.9136269923709,1
707,23.590233333333334,94.01488304138184,,,,,,,,,,,,,,,,,,,,0.4180627465248108,0.48155927658081055,-0.1482165902853012,0.9999685883522034,0.4142967462539673,0.587958574295044,-0.12190140783786774,0.5171601176261902,0.38424238562583923,0.6879926919937134,-0.09034951031208038,0.6181219816207886,0.4655783474445343,0.705826461315155,-0.22433701157569885,0.5951816439628601,right,163.19813195475416,1
708,23.6236,93.98770332336426,,,,,,,,,,,,,,,,,,,,0.4200570285320282,0.4814489185810089,-0.15017296373844147,0.9999686479568481,0.4173096716403961,0.5879665613174438,-0.12509505450725555,0.517905056476593,0.38461869955062866,0.6879055500030518,-0.08600132912397385,0.6166781187057495,0.4654085040092468,0.705979585647583,-0.22101201117038727,0.5956169962882996,right,162.04799544503396,1
709,23.656966666666666,93.66512298583984,,,,,,,,,,,,,,,,,,,,0.4227166473865509,0.48136696219444275,-0.15018896758556366,0.999968945980072,0.422250360250473,0.5878910422325134,-0.1243448480963707,0.5243076682090759,0.3846198320388794,0.6879005432128906,-0.08358172327280045,0.6197418570518494,0.46526801586151123,0.7059820890426636,-0.21993781626224518,0.5996909141540527,right,160.82215535541278,1
710,23.690333333333335,93.64604949951172,,,,,,,,,,,,,,,,,,,,0.423628568649292,0.48138460516929626,-0.15353359282016754,0.9999687671661377,0.4235737919807434,0.5881010293960571,-0.12737178802490234,0.5288501977920532,0.38543346524238586,0.6879207491874695,-0.08536034822463989,0.6222946643829346,0.4652922451496124,0.7060051560401917,-0.22138459980487823,0.6025494933128357,right,160.72081463476778,1
711,23.7237,94.4821834564209,,,,,,,,,,,,,,,,,,,,0.4245557188987732,0.48190125823020935,-0.15395843982696533,0.9999691843986511,0.42742568254470825,0.5888490080833435,-0.12814132869243622,0.537050187587738,0.3859679400920868,0.6879945993423462,-0.08519329130649567,0.6303622126579285,0.46440401673316956,0.7063291072845459,-0.21694347262382507,0.6108545660972595,right,160.15948911869597,1
712,23.757066666666667,93.53494644165039,,,,,,,,,,,,,,,,,,,,0.4271240830421448,0.4835496246814728,-0.15372347831726074,0.9999697804450989,0.43012991547584534,0.5907325148582458,-0.12889213860034943,0.5412468910217285,0.38610395789146423,0.688240110874176,-0.08533540368080139,0.6358607411384583,0.46401846408843994,0.706394374370575,-0.2164974808692932,0.6182588934898376,right,159.06246382508658,1
713,23.790433333333333,93.54782104492188,,,,,,,,,,,,,,,,,,,,0.4269832670688629,0.48511987924575806,-0.15458814799785614,0.9999710917472839,0.43300575017929077,0.592316210269928,-0.13494913280010223,0.5576752424240112,0.3862171173095703,0.6882486939430237,-0.08471468836069107,0.6503646373748779,0.46351826190948486,0.7065194249153137,-0.21338707208633423,0.6341581344604492,right,156.83867972060037,1
714,23.823800000000002,93.52421760559082,,,,,,,,,,,,,,,,,,,,0.42856475710868835,0.48575907945632935,-0.15440888702869415,0.9999719858169556,0.43845510482788086,0.592736542224884,-0.14282387495040894,0.5692113637924194,0.3863249719142914,0.6883186101913452,-0.09708159416913986,0.6592156291007996,0.46318113803863525,0.7073417901992798,-0.21839845180511475,0.6446471810340881,right,154.0483446420408,1
715,23.857166666666668,93.5509204864502,,,,,,,,,,,,,,,,,,,,0.4314759373664856,0.4871176481246948,-0.1541377305984497,0.9999721050262451,0.44472387433052063,0.5928388833999634,-0.15051719546318054,0.5655999183654785,0.38664767146110535,0.688539445400238,-0.10946669429540634,0.6561418771743774,0.463184118270874,0.7077001333236694,-0.2270449995994568,0.6437458395957947,right,150.15899058306175,1
716,23.890533333333334,94.08307075500488,,,,,,,,,,,,,,,,,,,,0.4325874149799347,0.48848649859428406,-0.16585534811019897,0.9999739527702332,0.4469844102859497,0.5935431718826294,-0.17073954641819,0.5932549238204956,0.3872408866882324,0.689341127872467,-0.1318674087524414,0.6776688098907471,0.4633268415927887,0.7086572647094727,-0.26677796244621277,0.6655255556106567,right,149.23240606018385,1
717,23.9239,93.38688850402832,,,,,,,,,,,,,,,,,,,,0.43891409039497375,0.48985910415649414,-0.1607118397951126,0.9999746084213257,0.45659783482551575,0.5942746996879578,-0.17098484933376312,0.606309711933136,0.38738492131233215,0.6900840997695923,-0.14343397319316864,0.6870682835578918,0.4622051417827606,0.710345447063446,-0.2656847834587097,0.6769773364067078,right,145.98780480004433,1
718,23.957266666666666,93.13797950744629,,,,,,,,,,,,,,,,,,,,0.4380195736885071,0.4903186857700348,-0.16575239598751068,0.9999761581420898,0.4583366811275482,0.5948705077171326,-0.182367742061615,0.6284027099609375,0.38798627257347107,0.6896011233329773,-0.13094806671142578,0.7020400762557983,0.46159541606903076,0.7104660868644714,-0.2551264762878418,0.6920187473297119,right,144.9882130733782,1
719,23.990633333333335,93.70589256286621,,,,,,,,,,,,,,,,,,,,0.43899044394493103,0.4916744828224182,-0.16464391350746155,0.9999772906303406,0.46193644404411316,0.5960731506347656,-0.1827288717031479,0.6371057033538818,0.38800880312919617,0.68960040807724,-0.14303499460220337,0.7057545781135559,0.460747092962265,0.7108134031295776,-0.26431211829185486,0.6971020102500916,right,143.81891316684812,0
720,24.024,93.64891052246094,,,,,,,,,,,,,,,,,,,,0.4385620653629303,0.49293941259384155,-0.16775265336036682,0.9999789595603943,0.4638573229312897,0.5973055958747864,-0.19188785552978516,0.6562198996543884,0.3882273733615875,0.689563512802124,-0.1497279852628708,0.7190720438957214,0.4595622420310974,0.7111608982086182,-0.2758301794528961,0.7109811305999756,right,142.82458653893642,0
721,24.057366666666667,92.97871589660645,,,,,,,,,,,,,,,,,,,,0.43991971015930176,0.4945896863937378,-0.16661766171455383,0.9999802708625793,0.467352032661438,0.5980596542358398,-0.18870313465595245,0.669727623462677,0.38907453417778015,0.6891756057739258,-0.14081786572933197,0.7272358536720276,0.459340363740921,0.711299479007721,-0.2721303403377533,0.7191264033317566,right,141.64269671318206,0
722,24.090733333333333,93.7800407409668,,,,,,,,,,,,,,,,,,,,0.4409165382385254,0.4962672293186188,-0.1697746366262436,0.9999816417694092,0.47252607345581055,0.5987622141838074,-0.20336411893367767,0.6863778829574585,0.38969478011131287,0.6891728043556213,-0.14741024374961853,0.7390887141227722,0.45938602089881897,0.7114729285240173,-0.27763548493385315,0.7307718396186829,right,139.7425148786381,0
723,24.124100000000002,92.72193908691406,,,,,,,,,,,,,,,,,,,,0.44204047322273254,0.4982954263687134,-0.16930393874645233,0.9999827742576599,0.4758698046207428,0.6011821627616882,-0.19816184043884277,0.7000842094421387,0.3898124694824219,0.6891704797744751,-0.12955763936042786,0.7475651502609253,0.45933759212493896,0.7118374109268188,-0.25689733028411865,0.7391380071640015,right,138.2498529117479,0
724,24.157466666666668,93.2919979095459,,,,,,,,,,,,,,,,,,,,0.44698452949523926,0.5006507039070129,-0.16977107524871826,0.9999837875366211,0.482753723859787,0.6021115183830261,-0.2024780511856079,0.7154552340507507,0.39025354385375977,0.6890314221382141,-0.14819902181625366,0.7551201581954956,0.4599665701389313,0.7118139863014221,-0.27087798714637756,0.7473282814025879,right,133.89345574830276,0
725,24.190833333333334,93.31607818603516,,,,,,,,,,,,,,,,,,,,0.45146065950393677,0.5023089647293091,-0.1693616509437561,0.9999849200248718,0.4874933362007141,0.6028695702552795,-0.20525553822517395,0.7368083000183105,0.3908369839191437,0.6887187957763672,-0.1536053568124771,0.7703174948692322,0.46083202958106995,0.711634635925293,-0.26892006397247314,0.7620479464530945,right,129.53975241110868,0
726,24.2242,94.11311149597168,,,,,,,,,,,,,,,,,,,,0.44984087347984314,0.5036993622779846,-0.17033985257148743,0.999985933303833,0.48548656702041626,0.6051784753799438,-0.2016955465078354,0.7438185214996338,0.3906654715538025,0.6888065934181213,-0.1463385373353958,0.7733747363090515,0.4609433710575104,0.7116011381149292,-0.26681452989578247,0.7651505470275879,right,129.71507848376953,0
727,24.257566666666666,92.43512153625488,,,,,,,,,,,,,,,,,,,,0.45030534267425537,0.5055631399154663,-0.17404556274414062,0.9999867081642151,0.4888756573200226,0.6075213551521301,-0.20525823533535004,0.7442364692687988,0.3909493684768677,0.6887361407279968,-0.13426268100738525,0.7666104435920715,0.46113741397857666,0.7111819386482239,-0.2528354823589325,0.7585194110870361,right,129.8716247590873,0
728,24.290933333333335,93.34111213684082,,,,,,,,,,,,,,,,,,,,0.4495868682861328,0.5080995559692383,-0.17676137387752533,0.9999877214431763,0.4875933527946472,0.6095883250236511,-0.2025410234928131,0.7569769024848938,0.3909996449947357,0.6888464689254761,-0.10775414854288101,0.7787152528762817,0.4622887372970581,0.7110819220542908,-0.22994232177734375,0.7703667283058167,right,129.88050355744554,0
729,24.3243,93.3539867401123,,,,,,,,,,,,,,,,,,,,0.4498409032821655,0.5092348456382751,-0.179179385304451,0.9999884963035583,0.49141427874565125,0.6101682186126709,-0.20967470109462738,0.763207197189331,0.3910379111766815,0.6888291239738464,-0.11009501665830612,0.7839540243148804,0.46273574233055115,0.7105348706245422,-0.23561815917491913,0.7751033902168274,right,130.07866740314878,0
730,24.357666666666667,93.34111213684082,,,,,,,,,,,,,,,,,,,,0.4498353600502014,0.5103257298469543,-0.18126654624938965,0.9999892115592957,0.4930383265018463,0.6115332841873169,-0.21364234387874603,0.7697452902793884,0.3907773196697235,0.6888895630836487,-0.11187352985143661,0.7876572012901306,0.4627249538898468,0.7102015018463135,-0.23865139484405518,0.7781548500061035,right,129.5335206468291,0
731,24.391033333333333,92.8492546081543,,,,,,,,,,,,,,,,,,,,0.44960817694664,0.511588990688324,-0.1802050769329071,0.9999898672103882,0.4920746386051178,0.6133463978767395,-0.21057440340518951,0.779199481010437,0.3899802565574646,0.6894855499267578,-0.08734240382909775,0.7945830821990967,0.46315205097198486,0.7106284499168396,-0.20225495100021362,0.7849512696266174,right,129.42995961204664,0
732,24.424400000000002,93.93310546875,,,,,,,,,,,,,,,,,,,,0.4493895173072815,0.512237012386322,-0.1792583465576172,0.9999904632568359,0.49518340826034546,0.6139238476753235,-0.2105974406003952,0.7878280282020569,0.3900938034057617,0.6894733309745789,-0.09367337077856064,0.8021629452705383,0.4631554186344147,0.7106199860572815,-0.2072277069091797,0.792712390422821,right,129.1633802021328,0
733,24.457766666666668,92.84615516662598,,,,,,,,,,,,,,,,,,,,0.44854092597961426,0.5139189958572388,-0.17872607707977295,0.9999911189079285,0.4936770498752594,0.6152519583702087,-0.20543046295642853,0.7972917556762695,0.39010560512542725,0.6897760033607483,-0.0659286379814148,0.8114902377128601,0.4634641706943512,0.7106454372406006,-0.1796092391014099,0.8022702932357788,right,130.51571532855496,0
734,24.491133333333334,93.95098686218262,,,,,,,,,,,,,,,,,,,,0.4479513466358185,0.5147914886474609,-0.17448362708091736,0.9999916553497314,0.49300655722618103,0.6164447069168091,-0.20310962200164795,0.8025345802307129,0.38977354764938354,0.6897726655006409,-0.05026351287961006,0.8160260915756226,0.4619837701320648,0.7107857465744019,-0.150617316365242,0.8070329427719116,right,130.17198030136828,0
735,24.5245,93.41692924499512,,,,,,,,,,,,,,,,,,,,0.4475853145122528,0.5156058073043823,-0.17128430306911469,0.9999920725822449,0.4945470094680786,0.6177550554275513,-0.20329643785953522,0.8085229992866516,0.3893125355243683,0.6898030042648315,-0.06611323356628418,0.8213870525360107,0.46063029766082764,0.7111597061157227,-0.17090311646461487,0.812782347202301,right,129.53812037861115,0
736,24.557866666666666,93.1539535522461,,,,,,,,,,,,,,,,,,,,0.44754818081855774,0.5170069932937622,-0.1665962189435959,0.9999923706054688,0.49743103981018066,0.6191124320030212,-0.20291686058044434,0.8107234239578247,0.389314740896225,0.6897832155227661,-0.0472303181886673,0.8229154944419861,0.4581893980503082,0.7113849520683289,-0.1378784030675888,0.8150050640106201,right,128.47721653974097,0
737,24.591233333333335,93.15800666809082,,,,,,,,,,,,,,,,,,,,0.44697439670562744,0.5180841088294983,-0.16695308685302734,0.9999927878379822,0.4972657263278961,0.6202061772346497,-0.2031848430633545,0.8139618039131165,0.3893682360649109,0.6897484064102173,-0.02533470280468464,0.8247793316841125,0.455481618642807,0.7116527557373047,-0.1099296361207962,0.8174259662628174,right,127.28936107670042,0
738,24.6246,93.34182739257812,,,,,,,,,,,,,,,,,,,,0.44476431608200073,0.5190262198448181,-0.16669973731040955,0.9999932050704956,0.4967074990272522,0.6204394698143005,-0.20313586294651031,0.8217775225639343,0.38942039012908936,0.68973708152771,-0.009378958493471146,0.831463634967804,0.45328953862190247,0.7121359705924988,-0.09359356760978699,0.8245442509651184,right,126.87906820672931,0
739,24.657966666666667,94.34700012207031,,,,,,,,,,,,,,,,,,,,0.44459331035614014,0.5202945470809937,-0.16445010900497437,0.9999934434890747,0.49790915846824646,0.6205621361732483,-0.20150694251060486,0.8249826431274414,0.3905399441719055,0.6895908713340759,-0.011607258580625057,0.833808958530426,0.4533087909221649,0.7121555209159851,-0.09127301722764969,0.8277807235717773,right,125.9590670501043,0
740,24.691333333333333,93.76311302185059,,,,,,,,,,,,,,,,,,,,0.44432541728019714,0.5217320322990417,-0.16369935870170593,0.9999936819076538,0.4979178011417389,0.6213091611862183,-0.2082148790359497,0.8313906788825989,0.39066705107688904,0.6895145773887634,-0.016609936952590942,0.8386926651000977,0.45206671953201294,0.712488055229187,-0.09572489559650421,0.833500325679779,right,125.04608867719872,0
741,24.724700000000002,94.18010711669922,,,,,,,,,,,,,,,,,,,,0.4446342885494232,0.5227925181388855,-0.16428205370903015,0.9999938607215881,0.49818453192710876,0.6214084625244141,-0.20810166001319885,0.835675835609436,0.39142319560050964,0.6894843578338623,-0.011707358993589878,0.8412507176399231,0.45176687836647034,0.7125113010406494,-0.08840597420930862,0.8364521861076355,right,124.4799192455873,0
742,24.758066666666668,94.34008598327637,,,,,,,,,,,,,,,,,,,,0.4485666751861572,0.5238643884658813,-0.16892307996749878,0.9999939799308777,0.5072964429855347,0.6227266788482666,-0.21440328657627106,0.8451701998710632,0.39231255650520325,0.6887203454971313,-0.014817249961197376,0.8470936417579651,0.4518292248249054,0.7123139500617981,-0.10320285707712173,0.842890739440918,right,119.10469772247116,0
743,24.791433333333334,93.28198432922363,,,,,,,,,,,,,,,,,,,,0.4506208002567291,0.5238566994667053,-0.16642262041568756,0.9999940395355225,0.5097277760505676,0.6229792237281799,-0.2214800864458084,0.8509578108787537,0.39258188009262085,0.6883009076118469,-0.01804734580218792,0.8497074246406555,0.4519212245941162,0.7122008204460144,-0.10466920584440231,0.8464773893356323,right,117.03253219740569,0
744,24.8248,93.98341178894043,,,,,,,,,,,,,,,,,,,,0.45231953263282776,0.5242335200309753,-0.16644512116909027,0.9999940395355225,0.5098745822906494,0.6237911581993103,-0.22295601665973663,0.853733479976654,0.3927212953567505,0.6883204579353333,-0.023768851533532143,0.8489008545875549,0.4544105529785156,0.7117431163787842,-0.1071234941482544,0.846667468547821,right,116.40278616254966,0
745,24.858166666666666,92.89002418518066,,,,,,,,,,,,,,,,,,,,0.4522457718849182,0.5242789387702942,-0.16765905916690826,0.9999942183494568,0.5110465884208679,0.6240467429161072,-0.22743374109268188,0.8580257892608643,0.3934271037578583,0.6882230043411255,-0.039239551872015,0.8493181467056274,0.4557415843009949,0.711387038230896,-0.10742958635091782,0.8484688401222229,right,115.73630398319139,0
746,24.891533333333335,93.98698806762695,,,,,,,,,,,,,,,,,,,,0.45209670066833496,0.525015652179718,-0.173739492893219,0.9999944567680359,0.5113011598587036,0.6245941519737244,-0.23301368951797485,0.8653809428215027,0.393754780292511,0.6881423592567444,-0.03946690261363983,0.8543858528137207,0.4553036391735077,0.7113352417945862,-0.11055712401866913,0.8540734648704529,right,115.14649031885284,0
747,24.9249,93.27507019042969,,,,,,,,,,,,,,,,,,,,0.45199525356292725,0.5246870517730713,-0.17613157629966736,0.9999947547912598,0.5117121338844299,0.6244814395904541,-0.23956680297851562,0.872246503829956,0.3937881290912628,0.6881946325302124,-0.07433880120515823,0.86043781042099,0.4554687440395355,0.7116133570671082,-0.16054466366767883,0.8605417609214783,right,115.8264484851053,0
748,24.958266666666667,92.78273582458496,,,,,,,,,,,,,,,,,,,,0.4529629349708557,0.5244626402854919,-0.17698906362056732,0.9999948740005493,0.5134744644165039,0.6243111491203308,-0.24125848710536957,0.8785520195960999,0.3941003084182739,0.6882001757621765,-0.10812849551439285,0.8659626841545105,0.45438051223754883,0.7124512195587158,-0.1974993646144867,0.8662466406822205,right,115.81649703990661,0
749,24.991633333333333,93.64509582519531,,,,,,,,,,,,,,,,,,,,0.45299097895622253,0.524366557598114,-0.17954093217849731,0.9999950528144836,0.5128266215324402,0.624218225479126,-0.23914280533790588,0.8859764337539673,0.3941097855567932,0.6881518959999084,-0.09634378552436829,0.8727969527244568,0.45493200421333313,0.7122491598129272,-0.18996530771255493,0.8727999925613403,right,116.17301878253149,0
750,25.025000000000002,93.7659740447998,,,,,,,,,,,,,,,,,,,,0.45112740993499756,0.5233747959136963,-0.17906640470027924,0.9999952912330627,0.5119906663894653,0.6231002807617188,-0.23695380985736847,0.892132580280304,0.39414188265800476,0.6880219578742981,-0.06886549293994904,0.8784134387969971,0.4557426869869232,0.7121568322181702,-0.1625445932149887,0.8783074021339417,right,116.94083934753704,0
751,25.058366666666668,93.54901313781738,,,,,,,,,,,,,,,,,,,,0.45163694024086,0.5194634199142456,-0.17712177336215973,0.999995231628418,0.5116675496101379,0.6200201511383057,-0.2358175665140152,0.894846498966217,0.39435502886772156,0.6876230239868164,-0.10942830890417099,0.880453884601593,0.45664674043655396,0.7120034694671631,-0.2090778946876526,0.8799344897270203,right,118.68933260308866,0
752,25.091733333333334,93.37306022644043,,,,,,,,,,,,,,,,,,,,0.45178675651550293,0.5173265337944031,-0.1764317750930786,0.999995231628418,0.5100963115692139,0.6181578040122986,-0.23053871095180511,0.8980789184570312,0.3943459689617157,0.687549889087677,-0.09581197053194046,0.8833169937133789,0.4569660723209381,0.7120457291603088,-0.19147168099880219,0.8823396563529968,right,120.52222709507336,0
753,25.1251,93.23501586914062,,,,,,,,,,,,,,,,,,,,0.45177483558654785,0.5156906247138977,-0.17468520998954773,0.999995231628418,0.5065749883651733,0.6163836121559143,-0.2241610437631607,0.8988512754440308,0.3944990038871765,0.6871893405914307,-0.0788360983133316,0.8821435570716858,0.4571763277053833,0.711871325969696,-0.18204526603221893,0.8812398910522461,right,122.84190083202812,0
754,25.158466666666666,94.6199893951416,,,,,,,,,,,,,,,,,,,,0.45177745819091797,0.5132948756217957,-0.17464391887187958,0.9999952912330627,0.5045744180679321,0.6140225529670715,-0.2147752344608307,0.8977437615394592,0.3946928381919861,0.6868449449539185,-0.06467995047569275,0.8796173334121704,0.4584888219833374,0.711618185043335,-0.1614214926958084,0.879094660282135,right,126.02750034902354,0
755,25.191833333333335,93.11604499816895,,,,,,,,,,,,,,,,,,,,0.4517230987548828,0.5101020932197571,-0.17525053024291992,0.9999953508377075,0.4983524978160858,0.6110474467277527,-0.21169260144233704,0.890722393989563,0.3946411609649658,0.686279833316803,-0.06797976791858673,0.8694482445716858,0.45969656109809875,0.7110296487808228,-0.17728620767593384,0.8690387010574341,right,128.19378588021794,0
756,25.2252,92.11587905883789,,,,,,,,,,,,,,,,,,,,0.45156246423721313,0.5058716535568237,-0.169352188706398,0.9999952912330627,0.4971587061882019,0.6086539626121521,-0.20516057312488556,0.8879424929618835,0.3945757746696472,0.6856166124343872,-0.0680607259273529,0.8667565584182739,0.4597054421901703,0.7109206318855286,-0.17599719762802124,0.8661538362503052,right,129.82726291151306,0
757,25.258566666666667,92.84591674804688,,,,,,,,,,,,,,,,,,,,0.45227333903312683,0.5015535354614258,-0.16837401688098907,0.9999949932098389,0.49315541982650757,0.6054650545120239,-0.20398962497711182,0.8801867365837097,0.3937634229660034,0.6855741143226624,-0.10210011899471283,0.8597844839096069,0.4601444900035858,0.7108590006828308,-0.22124679386615753,0.8581153154373169,right,131.11741430040837,0
758,25.291933333333333,94.34986114501953,,,,,,,,,,,,,,,,,,,,0.4522605836391449,0.4977503716945648,-0.168686643242836,0.9999949336051941,0.4892670214176178,0.601586639881134,-0.21250949800014496,0.8771549463272095,0.39342382550239563,0.6854612827301025,-0.1347300261259079,0.8568614721298218,0.46002495288848877,0.7111185193061829,-0.26495060324668884,0.8545017242431641,right,132.30226489049878,0
759,25.325300000000002,93.13511848449707,,,,,,,,,,,,,,,,,,,,0.45097237825393677,0.4959126114845276,-0.16346390545368195,0.9999946355819702,0.48466894030570984,0.600925862789154,-0.20233598351478577,0.8683173060417175,0.3930569589138031,0.6856058239936829,-0.12277555465698242,0.8482482433319092,0.46156883239746094,0.7111190557479858,-0.24669991433620453,0.8455820083618164,right,134.51087081104524,0
760,25.358666666666668,94.11287307739258,,,,,,,,,,,,,,,,,,,,0.4499397575855255,0.4937168061733246,-0.16268952190876007,0.9999944567680359,0.48178017139434814,0.5985718965530396,-0.20433248579502106,0.8631317019462585,0.39291146397590637,0.6856204271316528,-0.12731653451919556,0.840921938419342,0.46336761116981506,0.711078405380249,-0.25285881757736206,0.8389490246772766,right,135.65660189323793,0
761,25.392033333333334,93.46508979797363,,,,,,,,,,,,,,,,,,,,0.44967907667160034,0.48980799317359924,-0.16207832098007202,0.9999945163726807,0.47248154878616333,0.5961930155754089,-0.18531306087970734,0.8695740699768066,0.39305436611175537,0.6857169270515442,-0.11944951862096786,0.8450601696968079,0.46726885437965393,0.7090374827384949,-0.23985245823860168,0.8402033448219299,right,138.42645058356413,0
762,25.4254,92.94509887695312,,,,,,,,,,,,,,,,,,,,0.4466301202774048,0.4865661561489105,-0.1610259860754013,0.9999943375587463,0.4652203619480133,0.5928130745887756,-0.1719033271074295,0.8731945157051086,0.39309200644493103,0.6857280731201172,-0.1098966971039772,0.848540186882019,0.46862146258354187,0.7070555090904236,-0.23126502335071564,0.8406069874763489,right,142.75066289666097,1
763,25.458766666666666,93.6899185180664,,,,,,,,,,,,,,,,,,,,0.4430955946445465,0.4875897169113159,-0.1642453372478485,0.9999937415122986,0.45612138509750366,0.5930616855621338,-0.165931835770607,0.8537265062332153,0.3914799690246582,0.6859967112541199,-0.09773068875074387,0.8344353437423706,0.46811601519584656,0.7068695425987244,-0.23076410591602325,0.8257487416267395,right,148.42511647856955,1
764,25.492133333333335,93.88232231140137,,,,,,,,,,,,,,,,,,,,0.43660202622413635,0.4864051043987274,-0.1697685718536377,0.9999932646751404,0.4443613588809967,0.5924173593521118,-0.1636333167552948,0.8385523557662964,0.3905625343322754,0.6860448122024536,-0.09637238085269928,0.8262177109718323,0.46749353408813477,0.7070404887199402,-0.24564822018146515,0.8156705498695374,right,155.32398089189203,1
765,25.5255,92.19217300415039,,,,,,,,,,,,,,,,,,,,0.43186354637145996,0.48478975892066956,-0.17086169123649597,0.9999926090240479,0.43698403239250183,0.5914512276649475,-0.16629815101623535,0.8176489472389221,0.39017587900161743,0.686610758304596,-0.10797979682683945,0.8147339820861816,0.46722304821014404,0.7071667313575745,-0.2721256613731384,0.8029627799987793,right,157.5614345821206,1
766,25.558866666666667,93.34015846252441,,,,,,,,,,,,,,,,,,,,0.4291645288467407,0.4842601716518402,-0.17095230519771576,0.9999920129776001,0.4333207607269287,0.5904008746147156,-0.14368055760860443,0.8033151626586914,0.3902139663696289,0.687160313129425,-0.08643633127212524,0.8080512285232544,0.4682362675666809,0.7072266936302185,-0.2573660910129547,0.7941142916679382,right,159.9999675165514,1
767,25.592233333333333,94.75302696228027,,,,,,,,,,,,,,,,,,,,0.4257311522960663,0.4839283227920532,-0.170935720205307,0.9999916553497314,0.4290609061717987,0.5902090668678284,-0.13712237775325775,0.7844827175140381,0.3902185559272766,0.6872613430023193,-0.05690374970436096,0.7984775900840759,0.4695449769496918,0.7069368958473206,-0.2131848931312561,0.7825106382369995,right,161.07066603743291,1
768,25.625600000000002,94.10405158996582,,,,,,,,,,,,,,,,,,,,0.4231829047203064,0.48370158672332764,-0.1737663894891739,0.9999915361404419,0.42438727617263794,0.5906652212142944,-0.13712617754936218,0.772902250289917,0.3899548649787903,0.687420129776001,-0.04595321789383888,0.7932250499725342,0.4694746136665344,0.7069598436355591,-0.2081567496061325,0.7750471830368042,right,162.23619965626176,1
769,25.658966666666668,93.44601631164551,,,,,,,,,,,,,,,,,,,,0.4219127595424652,0.48210880160331726,-0.17357856035232544,0.9999915361404419,0.42146074771881104,0.5903450846672058,-0.1411833018064499,0.7656342387199402,0.38986748456954956,0.6874260306358337,-0.05742669850587845,0.7917274832725525,0.46933552622795105,0.7066829800605774,-0.2162674218416214,0.7721394896507263,right,162.49504904757134,1
770,25.692333333333334,93.27101707458496,,,,,,,,,,,,,,,,,,,,0.42296403646469116,0.48193293809890747,-0.17454849183559418,0.9999915361404419,0.422342985868454,0.5896227359771729,-0.14599473774433136,0.7585975527763367,0.38965246081352234,0.6875377297401428,-0.07742952555418015,0.7886403799057007,0.46920886635780334,0.7065503597259521,-0.239066943526268,0.768038809299469,right,161.79406063802315,1
771,25.7257,93.64986419677734,,,,,,,,,,,,,,,,,,,,0.41911157965660095,0.4818885624408722,-0.1745036542415619,0.9999918341636658,0.4187990128993988,0.589221179485321,-0.14831240475177765,0.7705410718917847,0.3895277678966522,0.6875393986701965,-0.09332146495580673,0.799503743648529,0.4691254794597626,0.7063045501708984,-0.25253233313560486,0.7794486880302429,right,162.64922679759593,1
772,25.759066666666666,94.2831039428711,,,,,,,,,,,,,,,,,,,,0.41505107283592224,0.4809228181838989,-0.1665346771478653,0.999992311000824,0.4169197082519531,0.5885850191116333,-0.14855758845806122,0.7835040092468262,0.38953083753585815,0.6875379085540771,-0.09662696719169617,0.8104459047317505,0.46905261278152466,0.7059987783432007,-0.24722425639629364,0.7892113924026489,right,163.436212900883,1
773,25.792433333333335,93.70899200439453,,,,,,,,,,,,,,,,,,,,0.4140816926956177,0.4799971580505371,-0.16687551140785217,0.9999925494194031,0.41621753573417664,0.5879493951797485,-0.14933505654335022,0.7959936857223511,0.38948947191238403,0.6875389218330383,-0.10119682550430298,0.8217042088508606,0.46822574734687805,0.7059393525123596,-0.2499295026063919,0.800365686416626,right,163.33801205115645,1
774,25.8258,93.77694129943848,,,,,,,,,,,,,,,,,,,,0.4131174683570862,0.479339063167572,-0.16666798293590546,0.9999929666519165,0.4155075252056122,0.5865816473960876,-0.16039659082889557,0.8097461462020874,0.38958603143692017,0.687498927116394,-0.11778519302606583,0.8330909609794617,0.46827852725982666,0.7055902481079102,-0.2623891830444336,0.8113722801208496,right,164.48503501008855,1
775,25.859166666666667,93.31822395324707,,,,,,,,,,,,,,,,,,,,0.4133498966693878,0.47982871532440186,-0.16628432273864746,0.9999929070472717,0.41528141498565674,0.5869144797325134,-0.1447681337594986,0.8068338632583618,0.3892229199409485,0.6874656677246094,-0.07182055711746216,0.8315027952194214,0.4682628810405731,0.7055984139442444,-0.21216513216495514,0.8089353442192078,right,161.62009108653405,1
776,25.892533333333333,92.87524223327637,,,,,,,,,,,,,,,,,,,,0.41153469681739807,0.4801097810268402,-0.1670699119567871,0.9999926090240479,0.41455987095832825,0.5865523219108582,-0.13844528794288635,0.7941058874130249,0.3885515332221985,0.6872748732566833,-0.06790757924318314,0.8221755027770996,0.4681137800216675,0.7055923342704773,-0.21190746128559113,0.7990977764129639,right,160.31057500755372,1
777,25.925900000000002,93.27197074890137,,,,,,,,,,,,,,,,,,,,0.41060829162597656,0.4803789258003235,-0.16857337951660156,0.9999920129776001,0.41306033730506897,0.5867733359336853,-0.12638188898563385,0.7652825117111206,0.38677528500556946,0.6873083114624023,-0.046361640095710754,0.7958643436431885,0.4675867259502411,0.7056095004081726,-0.18688562512397766,0.7720692753791809,right,159.9077272095247,1
778,25.959266666666668,92.46587753295898,,,,,,,,,,,,,,,,,,,,0.40855762362480164,0.47988003492355347,-0.16380544006824493,0.9999924898147583,0.4114144742488861,0.5868057608604431,-0.1300571858882904,0.7795756459236145,0.3864036500453949,0.6868749856948853,-0.05616354942321777,0.8066809177398682,0.4669739305973053,0.7056192755699158,-0.1880277395248413,0.7820641994476318,right,160.5270841052194,1
779,25.992633333333334,92.65613555908203,,,,,,,,,,,,,,,,,,,,0.4057190418243408,0.479679137468338,-0.17019224166870117,0.9999927878379822,0.40995001792907715,0.586893618106842,-0.13694341480731964,0.7824169993400574,0.3861474394798279,0.6873443126678467,-0.07751619815826416,0.8100745677947998,0.4667466878890991,0.7057384848594666,-0.2297198325395584,0.7856682538986206,right,159.7880985942505,1
780,26.026,92.95415878295898,,,,,,,,,,,,,,,,,,,,0.4019879996776581,0.4782346189022064,-0.1585334986448288,0.9999932050704956,0.408645361661911,0.5868189930915833,-0.13836383819580078,0.7853385806083679,0.3866667151451111,0.6868966817855835,-0.11516638100147247,0.8110603094100952,0.46705135703086853,0.7051198482513428,-0.245371475815773,0.7861005067825317,right,160.84960909888298,1
781,26.059366666666666,93.95885467529297,,,,,,,,,,,,,,,,,,,,0.3987397849559784,0.4783898591995239,-0.15971791744232178,0.9999924302101135,0.40774017572402954,0.5875428318977356,-0.13741356134414673,0.7386795878410339,0.38782986998558044,0.6869010329246521,-0.10569270700216293,0.7662849426269531,0.46705126762390137,0.7054091095924377,-0.24316225945949554,0.7465144395828247,right,159.57834758083723,1
782,26.092733333333335,93.8720703125,,,,,,,,,,,,,,,,,,,,0.39392298460006714,0.4776482880115509,-0.1627701371908188,0.9999925494194031,0.4083647131919861,0.5863111615180969,-0.1563742309808731,0.7350159287452698,0.3878593444824219,0.6869000792503357,-0.15179096162319183,0.7628136277198792,0.46674850583076477,0.7055397033691406,-0.30103546380996704,0.7445087432861328,right,159.90459681265364,1
783,26.1261,93.70994567871094,,,,,,,,,,,,,,,,,,,,0.39452219009399414,0.4780197739601135,-0.16507430374622345,0.9999926686286926,0.40861138701438904,0.5876654386520386,-0.16098417341709137,0.7305833697319031,0.3865896761417389,0.6877084374427795,-0.14497971534729004,0.7581883072853088,0.4660187363624573,0.7057819962501526,-0.2927936911582947,0.7419434189796448,right,158.2898736750333,1
784,26.159466666666667,92.9253101348877,,,,,,,,,,,,,,,,,,,,0.39025288820266724,0.47817134857177734,-0.16918207705020905,0.9999926090240479,0.40861740708351135,0.5881849527359009,-0.16156737506389618,0.7350568771362305,0.3863946497440338,0.6878642439842224,-0.13760913908481598,0.7617849111557007,0.4653073847293854,0.7058093547821045,-0.2908059358596802,0.7463597655296326,right,157.27895164466184,1
785,26.192833333333333,93.34397315979004,,,,,,,,,,,,,,,,,,,,0.3874708116054535,0.47885212302207947,-0.16621406376361847,0.999991774559021,0.4088757634162903,0.5884279012680054,-0.1496049463748932,0.7193052768707275,0.38632503151893616,0.6879382729530334,-0.13000743091106415,0.7478952407836914,0.46531835198402405,0.705818772315979,-0.2661309242248535,0.7347312569618225,right,156.28697616854993,1
786,26.226200000000002,94.18177604675293,,,,,,,,,,,,,,,,,,,,0.38458824157714844,0.4803609848022461,-0.16580522060394287,0.9999904632568359,0.4090789258480072,0.5884351134300232,-0.14208737015724182,0.7018224596977234,0.3862311840057373,0.6886100172996521,-0.11991065740585327,0.7336016893386841,0.4655507206916809,0.7057105898857117,-0.25657522678375244,0.7217320203781128,right,156.613057287187,1
787,26.259566666666668,92.62990951538086,,,,,,,,,,,,,,,,,,,,0.38611021637916565,0.4806413948535919,-0.1731966733932495,0.9999896883964539,0.4127439558506012,0.5880622267723083,-0.14282658696174622,0.6858090162277222,0.38642582297325134,0.6886075735092163,-0.10778875648975372,0.7181448936462402,0.46604815125465393,0.7057040929794312,-0.238702192902565,0.7064000964164734,right,154.69002086579752,1
788,26.292933333333334,93.31893920898438,,,,,,,,,,,,,,,,,,,,0.3855643570423126,0.48255008459091187,-0.1730768233537674,0.9999887943267822,0.41413798928260803,0.5869266986846924,-0.14347989857196808,0.6714831590652466,0.38625824451446533,0.6883580088615417,-0.11605123430490494,0.7084030508995056,0.4656219184398651,0.7056763768196106,-0.24219001829624176,0.6972013115882874,right,153.33948423537794,1
789,26.3263,93.65701675415039,,,,,,,,,,,,,,,,,,,,0.3836477994918823,0.4859892427921295,-0.16630159318447113,0.9999879002571106,0.41448330879211426,0.5869339108467102,-0.14304719865322113,0.6512695550918579,0.38604965806007385,0.6884385943412781,-0.11917787045240402,0.7006226778030396,0.4655531942844391,0.7057821750640869,-0.24298697710037231,0.6919355988502502,right,153.15444411919296,1
790,26.359666666666666,93.98555755615234,,,,,,,,,,,,,,,,,,,,0.3812732696533203,0.4908369481563568,-0.17014335095882416,0.9999877214431763,0.4200957715511322,0.5882502794265747,-0.1501150280237198,0.6483010649681091,0.384818434715271,0.6892579793930054,-0.12111847847700119,0.7035043835639954,0.4646033048629761,0.7062793970108032,-0.24397727847099304,0.6962417960166931,right,151.09250111114423,1
791,26.393033333333335,93.21403503417969,,,,,,,,,,,,,,,,,,,,0.38029754161834717,0.4951707720756531,-0.17121103405952454,0.9999872446060181,0.42948663234710693,0.5894796252250671,-0.15371690690517426,0.6510445475578308,0.3841227889060974,0.6895502209663391,-0.11279794573783875,0.7082176804542542,0.46378564834594727,0.7065957188606262,-0.2325482964515686,0.7024857401847839,right,146.5608612780222,1
792,26.4264,94.27404403686523,,,,,,,,,,,,,,,,,,,,0.3787315785884857,0.49895578622817993,-0.17224515974521637,0.9999868273735046,0.4361484944820404,0.5914976000785828,-0.14619877934455872,0.6397321820259094,0.38420164585113525,0.6895353198051453,-0.07242808490991592,0.694496214389801,0.46354323625564575,0.7066150307655334,-0.16918645799160004,0.6924974322319031,right,141.17724923566638,1
793,26.459766666666667,93.28889846801758,,,,,,,,,,,,,,,,,,,,0.37722915410995483,0.5021063685417175,-0.1734233796596527,0.999987006187439,0.4405938386917114,0.5936463475227356,-0.15080438554286957,0.6542397737503052,0.3844550549983978,0.6897026896476746,-0.07600702345371246,0.7040819525718689,0.4616972506046295,0.7075491547584534,-0.17159099876880646,0.7023907899856567,right,133.70489821028175,1
794,26.493133333333333,92.9710865020752,,,,,,,,,,,,,,,,,,,,0.3740166127681732,0.5062171816825867,-0.17329564690589905,0.9999870657920837,0.4424035847187042,0.5955080389976501,-0.1274259388446808,0.6611025333404541,0.38473212718963623,0.6902434229850769,-0.025551462545990944,0.7082535624504089,0.46148428320884705,0.7076748013496399,-0.11953432857990265,0.7055100798606873,right,133.2788269177924,1
795,26.526500000000002,92.58913993835449,,,,,,,,,,,,,,,,,,,,0.37090978026390076,0.5099533200263977,-0.17320722341537476,0.9999869465827942,0.440975546836853,0.5967066884040833,-0.11048895120620728,0.6632049083709717,0.3850506842136383,0.6910001039505005,0.0007446245290338993,0.7078508734703064,0.46160873770713806,0.7076701521873474,-0.08446670323610306,0.703740656375885,right,133.54238879363908,1
796,26.559866666666668,92.11587905883789,,,,,,,,,,,,,,,,,,,,0.3651469945907593,0.5125217437744141,-0.17405878007411957,0.9999874234199524,0.4392344355583191,0.5975645780563354,-0.11937565356492996,0.6726022362709045,0.3848203420639038,0.6916354298591614,-0.028876177966594696,0.7194100618362427,0.46143993735313416,0.7082347273826599,-0.12993207573890686,0.7142078280448914,right,132.23067283131752,1
797,26.593233333333334,92.99778938293457,,,,,,,,,,,,,,,,,,,,0.36092129349708557,0.5133488178253174,-0.1739601045846939,0.9999873042106628,0.4405519366264343,0.5975276231765747,-0.12301743030548096,0.6769596934318542,0.38511383533477783,0.6917240619659424,-0.039644476026296616,0.7256062030792236,0.4617878794670105,0.7086846232414246,-0.13817329704761505,0.7185218930244446,right,130.06389352126013,1
798,26.6266,92.9560661315918,,,,,,,,,,,,,,,,,,,,0.3566376566886902,0.5148082375526428,-0.17397218942642212,0.9999876618385315,0.440577894449234,0.5978377461433411,-0.1578049212694168,0.6840831637382507,0.3851240873336792,0.6922199726104736,-0.06572052091360092,0.7349627017974854,0.4614751636981964,0.7102213501930237,-0.17012321949005127,0.7248868942260742,right,126.26617601827586,1
799,26.659966666666666,93.53899955749512,,,,,,,,,,,,,,,,,,,,0.35490840673446655,0.51751309633255,-0.17462144792079926,0.9999880790710449,0.4436008632183075,0.598836362361908,-0.16862718760967255,0.6954174637794495,0.3851167857646942,0.6924251317977905,-0.0711887776851654,0.7465254664421082,0.4603174030780792,0.7113959789276123,-0.17295566201210022,0.7329264879226685,right,122.11049716816451,1
800,26.693333333333335,92.82493591308594,,,,,,,,,,,,,,,,,,,,0.352172315120697,0.5186609625816345,-0.17814423143863678,0.9999886751174927,0.44829797744750977,0.6011266708374023,-0.17060673236846924,0.7097721695899963,0.385078489780426,0.6938210129737854,-0.0685228481888771,0.7590939998626709,0.4591812193393707,0.7114636301994324,-0.16909582912921906,0.7432383894920349,right,117.59001870194108,1
801,26.7267,94.14005279541016,,,,,,,,,,,,,,,,,,,,0.3500411808490753,0.5212493538856506,-0.18194781243801117,0.9999892115592957,0.4538695216178894,0.6016885638237,-0.16603009402751923,0.7227835655212402,0.384694904088974,0.6937288045883179,-0.06674571335315704,0.7708104848861694,0.45857760310173035,0.7113818526268005,-0.16110792756080627,0.7534706592559814,right,111.8375207072128,1
802,26.760066666666667,94.42877769470215,,,,,,,,,,,,,,,,,,,,0.34958934783935547,0.5221524834632874,-0.18240179121494293,0.9999892711639404,0.4599122703075409,0.60245680809021,-0.1745094507932663,0.7321852445602417,0.38430196046829224,0.6930409073829651,-0.0523407980799675,0.7762920260429382,0.45353344082832336,0.7112609148025513,-0.12955649197101593,0.7574203014373779,right,106.18033411678793,0
803,26.793433333333333,93.67799758911133,,,,,,,,,,,,,,,,,,,,0.3500000536441803,0.5238553285598755,-0.18552444875240326,0.9999893307685852,0.46790674328804016,0.6028746962547302,-0.1897059828042984,0.7398009300231934,0.38535410165786743,0.6921707987785339,-0.05793438479304314,0.7786186337471008,0.4538593888282776,0.7111937403678894,-0.13615486025810242,0.7576162219047546,right,100.02855748132946,0
804,26.826800000000002,93.27507019042969,,,,,,,,,,,,,,,,,,,,0.3474321663379669,0.5265008807182312,-0.19237037003040314,0.9999896287918091,0.46820423007011414,0.6039173007011414,-0.1927877813577652,0.7540677785873413,0.38557538390159607,0.6922029852867126,-0.06774307042360306,0.7887012362480164,0.45557108521461487,0.711037814617157,-0.1415524184703827,0.7667714357376099,right,99.16462136203083,0
805,26.860166666666668,93.53494644165039,,,,,,,,,,,,,,,,,,,,0.3468906283378601,0.5285072326660156,-0.19066426157951355,0.9999900460243225,0.46910759806632996,0.604421854019165,-0.18606674671173096,0.768084704875946,0.38547229766845703,0.6934335827827454,-0.07083884626626968,0.7999694347381592,0.45614901185035706,0.7113444805145264,-0.1443057805299759,0.7773231267929077,right,100.77682215094593,0
806,26.893533333333334,93.56904029846191,,,,,,,,,,,,,,,,,,,,0.3451516032218933,0.5301297307014465,-0.19202780723571777,0.9999905228614807,0.46989428997039795,0.6048311591148376,-0.1792449653148651,0.7861651182174683,0.38590651750564575,0.693389892578125,-0.047730702906847,0.8156270980834961,0.4562727212905884,0.7112285494804382,-0.111195869743824,0.7935706377029419,right,97.89932574141989,0
807,26.9269,92.62204170227051,,,,,,,,,,,,,,,,,,,,0.34346118569374084,0.5316811800003052,-0.19022418558597565,0.9999908804893494,0.47081267833709717,0.6049649715423584,-0.1747519075870514,0.8017330765724182,0.386086642742157,0.6932328343391418,-0.04512462019920349,0.8293288350105286,0.45634183287620544,0.7110714316368103,-0.09721504151821136,0.8081236481666565,right,95.8878446677225,0
808,26.960266666666666,93.77098083496094,,,,,,,,,,,,,,,,,,,,0.3424775004386902,0.5331228971481323,-0.18741948902606964,0.9999911189079285,0.47179216146469116,0.6058839559555054,-0.1668475717306137,0.8142595887184143,0.38608548045158386,0.693191647529602,-0.02590707316994667,0.8390015959739685,0.4565218687057495,0.7096538543701172,-0.07070519030094147,0.8183865547180176,right,94.5704166685752,0
809,26.993633333333335,93.46270561218262,,,,,,,,,,,,,,,,,,,,0.3409706950187683,0.534367561340332,-0.18703795969486237,0.9999914169311523,0.4719414710998535,0.6062403321266174,-0.16291610896587372,0.8268494606018066,0.38602909445762634,0.6927849650382996,-0.0051472121849656105,0.8493955135345459,0.4570873975753784,0.7094246745109558,-0.05293959751725197,0.8298166394233704,right,94.39044772794561,0
810,27.027,92.30995178222656,,,,,,,,,,,,,,,,,,,,0.33832573890686035,0.5359488725662231,-0.18768411874771118,0.9999917149543762,0.4714335799217224,0.606619656085968,-0.163112074136734,0.8400211334228516,0.3856888711452484,0.6924472451210022,-0.0013282779837027192,0.860321044921875,0.45788174867630005,0.7091665863990784,-0.05769520625472069,0.8418841361999512,right,94.05242171839897,0
811,27.060366666666667,92.46301651000977,,,,,,,,,,,,,,,,,,,,0.3343255817890167,0.5370548367500305,-0.18907374143600464,0.999991774559021,0.47094032168388367,0.6067904233932495,-0.17860813438892365,0.8530452847480774,0.38596537709236145,0.6917765736579895,-0.012696325778961182,0.8707820177078247,0.4595092535018921,0.7090703845024109,-0.0630241110920906,0.8532954454421997,right,92.37379841084532,0
812,27.093733333333333,93.42598915100098,,,,,,,,,,,,,,,,,,,,0.3283543288707733,0.538770854473114,-0.19029845297336578,0.9999918937683105,0.4704534113407135,0.6066469550132751,-0.1906946897506714,0.8664220571517944,0.3858570158481598,0.6915073394775391,-0.0176145788282156,0.8823429942131042,0.4594819247722626,0.7096166610717773,-0.06896281242370605,0.866263210773468,right,90.68504191622112,0
813,27.127100000000002,93.83726119995117,,,,,,,,,,,,,,,,,,,,0.32597053050994873,0.539159893989563,-0.1923624724149704,0.9999918341636658,0.47011318802833557,0.6065621972084045,-0.19423814117908478,0.8776555061340332,0.3856795132160187,0.6915133595466614,-0.02300252579152584,0.8919371962547302,0.4605133533477783,0.7097240686416626,-0.0760505199432373,0.8769498467445374,right,91.29423312905074,0
814,27.160466666666668,93.43099594116211,,,,,,,,,,,,,,,,,,,,0.3252161145210266,0.5402887463569641,-0.19030727446079254,0.999991774559021,0.4701833724975586,0.6065037846565247,-0.16981782019138336,0.8892446756362915,0.38559263944625854,0.6912696957588196,0.025848066434264183,0.9022800326347351,0.46053606271743774,0.7091386914253235,0.005537836812436581,0.888670802116394,right,91.17967587492204,0
815,27.193833333333334,94.51985359191895,,,,,,,,,,,,,,,,,,,,0.3213851749897003,0.5412744879722595,-0.188792884349823,0.9999914169311523,0.4700206220149994,0.6064280867576599,-0.16824179887771606,0.8995123505592346,0.3855951428413391,0.6908323764801025,0.03195441886782646,0.9113354682922363,0.4608149826526642,0.7083278298377991,0.022733725607395172,0.8989318609237671,right,89.95362028430642,0
816,27.2272,93.87803077697754,,,,,,,,,,,,,,,,,,,,0.32147830724716187,0.5422526597976685,-0.18717452883720398,0.9999904036521912,0.47014322876930237,0.6063094735145569,-0.17227421700954437,0.9084120392799377,0.38598689436912537,0.6906440854072571,0.013092939741909504,0.9190924763679504,0.46108773350715637,0.7076593041419983,-0.0015398608520627022,0.9077820181846619,right,89.28790469149533,0
817,27.260566666666666,94.09189224243164,,,,,,,,,,,,,,,,,,,,0.3203815221786499,0.5430456399917603,-0.1853238046169281,0.99998939037323,0.4701218008995056,0.6062917709350586,-0.17848320305347443,0.9162993431091309,0.38619494438171387,0.6906732320785522,0.005869853775948286,0.9260357022285461,0.4620587229728699,0.7076557874679565,-0.014409683644771576,0.915640115737915,right,90.01930288873275,0
818,27.293933333333335,93.5664176940918,,,,,,,,,,,,,,,,,,,,0.319648802280426,0.5438984632492065,-0.1852235049009323,0.999988317489624,0.47055771946907043,0.6062484383583069,-0.18470771610736847,0.9238145351409912,0.3871041238307953,0.6906750202178955,0.005087083671241999,0.9326363801956177,0.46222344040870667,0.7078344821929932,-0.0033664247021079063,0.9231179356575012,right,87.55385778779443,0
819,27.3273,92.33403205871582,,,,,,,,,,,,,,,,,,,,0.3184283673763275,0.5441404581069946,-0.18287746608257294,0.9999871850013733,0.4707513749599457,0.6064168810844421,-0.18396618962287903,0.9303967952728271,0.3874143362045288,0.6906971335411072,0.016133304685354233,0.9385746717453003,0.46236535906791687,0.7078440189361572,0.021682366728782654,0.9299317002296448,right,87.48483749133406,0
820,27.360666666666667,93.67990493774414,,,,,,,,,,,,,,,,,,,,0.3169717788696289,0.5442778468132019,-0.18291208148002625,0.999985933303833,0.4708394408226013,0.6060025095939636,-0.18320828676223755,0.9364220499992371,0.3881092071533203,0.6896877288818359,0.014267335645854473,0.943950891494751,0.46243205666542053,0.707744300365448,0.011818714439868927,0.9360871315002441,right,87.43635696959514,0
821,27.394033333333333,92.98086166381836,,,,,,,,,,,,,,,,,,,,0.3156789243221283,0.5439189076423645,-0.18069708347320557,0.9999847412109375,0.4709389805793762,0.6056187748908997,-0.1819315403699875,0.9417901635169983,0.3885033428668976,0.6893859505653381,0.012983232736587524,0.9488188624382019,0.46252578496932983,0.7083821892738342,0.007271751295775175,0.9416369199752808,right,87.68467183952647,0
822,27.427400000000002,93.54019165039062,,,,,,,,,,,,,,,,,,,,0.3160392940044403,0.5436195135116577,-0.17938843369483948,0.9999836683273315,0.4709106385707855,0.6049225926399231,-0.17434723675251007,0.9464089274406433,0.38852980732917786,0.6888023018836975,0.018317697569727898,0.953109622001648,0.46246910095214844,0.708393394947052,0.007244634907692671,0.946490466594696,right,87.98675259649347,0
823,27.460766666666668,93.52779388427734,,,,,,,,,,,,,,,,,,,,0.3161725699901581,0.5434964895248413,-0.17894785106182098,0.9999827742576599,0.47077539563179016,0.6048333644866943,-0.16815538704395294,0.9507302045822144,0.38844817876815796,0.6888228058815002,0.026555350050330162,0.9569922089576721,0.46240800619125366,0.7083954215049744,0.017685187980532646,0.9508382081985474,right,88.69045060406178,0
824,27.494133333333334,93.20712089538574,,,,,,,,,,,,,,,,,,,,0.31652578711509705,0.5426173806190491,-0.17876115441322327,0.9999823570251465,0.4688474237918854,0.6045876741409302,-0.16914671659469604,0.9545667767524719,0.38844814896583557,0.6888078451156616,0.01294180192053318,0.960506796836853,0.4624127447605133,0.7082945704460144,-0.012853001244366169,0.954750120639801,right,91.10933145757754,0
825,27.5275,93.41692924499512,,,,,,,,,,,,,,,,,,,,0.3171268403530121,0.5393776297569275,-0.17771105468273163,0.9999818801879883,0.4672256410121918,0.6042112112045288,-0.1696767657995224,0.9579282402992249,0.3881171941757202,0.688832700252533,-0.0015516688581556082,0.9636354446411133,0.4624160826206207,0.7083274126052856,-0.024673445150256157,0.9582450985908508,right,93.73452391765245,0
826,27.560866666666666,93.67489814758301,,,,,,,,,,,,,,,,,,,,0.32018518447875977,0.5355031490325928,-0.17778430879116058,0.9999818801879883,0.465878963470459,0.6035745739936829,-0.16704869270324707,0.960609495639801,0.388094425201416,0.6885009407997131,-0.0014922169502824545,0.9662924408912659,0.4623571038246155,0.7081003785133362,-0.026817401871085167,0.9610897302627563,right,95.89160887646797,0
827,27.594233333333335,93.49679946899414,,,,,,,,,,,,,,,,,,,,0.32282793521881104,0.5314103364944458,-0.17785213887691498,0.9999819993972778,0.46431541442871094,0.6035029888153076,-0.1755424290895462,0.9619234204292297,0.3878616988658905,0.6890113353729248,-0.035138849169015884,0.9677711725234985,0.46221408247947693,0.7081026434898376,-0.07288893312215805,0.9623070359230042,right,98.7618592145183,0
828,27.6276,94.04492378234863,,,,,,,,,,,,,,,,,,,,0.3246627748012543,0.5265302062034607,-0.1792336106300354,0.9999824166297913,0.4603588879108429,0.6023910045623779,-0.18046897649765015,0.9625373482704163,0.38833045959472656,0.6888926029205322,-0.057777371257543564,0.9687952399253845,0.46221208572387695,0.7079613208770752,-0.11678752303123474,0.9625548720359802,right,103.17397312877391,1
829,27.660966666666667,93.79410743713379,,,,,,,,,,,,,,,,,,,,0.3275594711303711,0.5213054418563843,-0.1791577935218811,0.9999830722808838,0.4561378061771393,0.6006585359573364,-0.18247850239276886,0.9641429781913757,0.3883133828639984,0.6890381574630737,-0.0748889222741127,0.9705724716186523,0.4622063934803009,0.7076430916786194,-0.1320650279521942,0.964144229888916,right,106.3084626918421,1
830,27.694333333333333,93.4300422668457,,,,,,,,,,,,,,,,,,,,0.3289935290813446,0.5173222422599792,-0.17314259707927704,0.9999836683273315,0.45362770557403564,0.5976727604866028,-0.1819642037153244,0.9633387923240662,0.38858020305633545,0.6874425411224365,-0.057094261050224304,0.970395028591156,0.4621329605579376,0.7066790461540222,-0.10677686333656311,0.9630270600318909,right,105.86945447665488,1
831,27.727700000000002,94.74897384643555,,,,,,,,,,,,,,,,,,,,0.3302673101425171,0.5126671195030212,-0.1712329089641571,0.9999843835830688,0.4462842643260956,0.5960339307785034,-0.1822589486837387,0.9627156257629395,0.38857558369636536,0.686102032661438,-0.05662482976913452,0.9703503847122192,0.46099957823753357,0.7066635489463806,-0.1093638688325882,0.9620600342750549,right,107.1434720948523,1
832,27.761066666666668,93.65129470825195,,,,,,,,,,,,,,,,,,,,0.33250266313552856,0.5090187788009644,-0.16876620054244995,0.9999848008155823,0.4420849680900574,0.5950348377227783,-0.17852571606636047,0.959484875202179,0.3880659341812134,0.6862509250640869,-0.0517534501850605,0.9683782458305359,0.4610031545162201,0.7066071033477783,-0.10980399698019028,0.958117663860321,right,110.55759584279325,1
833,27.794433333333334,93.77908706665039,,,,,,,,,,,,,,,,,,,,0.33538809418678284,0.504518449306488,-0.16464562714099884,0.9999852180480957,0.4346970021724701,0.5943418741226196,-0.1676112711429596,0.9560738801956177,0.38684895634651184,0.6890619993209839,-0.06575481593608856,0.9662280082702637,0.46106410026550293,0.7068126201629639,-0.14384996891021729,0.9536653757095337,right,124.36866856362948,1
834,27.8278,94.84505653381348,,,,,,,,,,,,,,,,,,,,0.3371172249317169,0.5014432668685913,-0.16588808596134186,0.9999855756759644,0.4290195405483246,0.5923248529434204,-0.16118738055229187,0.9529879689216614,0.38566556572914124,0.6890507936477661,-0.06503523141145706,0.9636611342430115,0.46232402324676514,0.7067797780036926,-0.15703988075256348,0.947884202003479,right,131.60204799146712,1
835,27.861166666666666,93.33992004394531,,,,,,,,,,,,,,,,,,,,0.34100282192230225,0.49630871415138245,-0.165745347738266,0.9999859929084778,0.4219895601272583,0.5912611484527588,-0.15962068736553192,0.9509710073471069,0.3853984773159027,0.6889968514442444,-0.09407290816307068,0.9621540904045105,0.4627876877784729,0.706556499004364,-0.19541098177433014,0.9438667893409729,right,139.7217554584444,1
836,27.894533333333335,92.18192100524902,,,,,,,,,,,,,,,,,,,,0.3411940932273865,0.4927411377429962,-0.16582365334033966,0.9999863505363464,0.408682644367218,0.589206337928772,-0.16070188581943512,0.9486605525016785,0.3847637474536896,0.6885073781013489,-0.12166598439216614,0.9593971371650696,0.46378424763679504,0.7061265707015991,-0.23164239525794983,0.937598466873169,right,146.56087562962327,1
837,27.9279,92.86618232727051,,,,,,,,,,,,,,,,,,,,0.34398457407951355,0.4887409508228302,-0.1659955531358719,0.9999867081642151,0.4020240604877472,0.5880869030952454,-0.16083601117134094,0.9475272297859192,0.3844298720359802,0.6880890130996704,-0.11395908892154694,0.9576318264007568,0.46362102031707764,0.706378698348999,-0.22519521415233612,0.9327436685562134,right,152.33017630175976,1
838,27.961266666666667,94.4061279296875,,,,,,,,,,,,,,,,,,,,0.34809374809265137,0.4850246012210846,-0.16596753895282745,0.999986469745636,0.39615342020988464,0.586700439453125,-0.15098191797733307,0.9455919861793518,0.3834715783596039,0.6872314810752869,-0.10381253808736801,0.955391526222229,0.4637584984302521,0.7063527703285217,-0.21451295912265778,0.9273331165313721,right,156.2101805706767,1
839,27.994633333333333,93.72305870056152,,,,,,,,,,,,,,,,,,,,0.35072797536849976,0.48305442929267883,-0.16459177434444427,0.9999859929084778,0.3895241618156433,0.5875920057296753,-0.13802483677864075,0.9384088516235352,0.383498877286911,0.687202513217926,-0.09617289155721664,0.948154866695404,0.46430668234825134,0.7063583731651306,-0.20588155090808868,0.9138205051422119,right,161.77256697688046,1
840,28.028000000000002,94.16794776916504,,,,,,,,,,,,,,,,,,,,0.35556721687316895,0.482186496257782,-0.1642875224351883,0.9999854564666748,0.38617458939552307,0.5877225399017334,-0.13884584605693817,0.9321519136428833,0.38352254033088684,0.6870817542076111,-0.09698359668254852,0.9415790438652039,0.46441003680229187,0.7060624957084656,-0.2053556889295578,0.9036924839019775,right,160.58263489447287,1
841,28.061366666666668,94.33507919311523,,,,,,,,,,,,,,,,,,,,0.3613930940628052,0.482151597738266,-0.16931921243667603,0.9999843835830688,0.38401126861572266,0.5881527662277222,-0.13245512545108795,0.9232406616210938,0.38354411721229553,0.6866312623023987,-0.08556298911571503,0.9324029684066772,0.46441224217414856,0.7059153318405151,-0.19567233324050903,0.8892701864242554,right,162.46669872035162,1
842,28.094733333333334,94.19894218444824,,,,,,,,,,,,,,,,,,,,0.3615482449531555,0.4815693497657776,-0.16835229098796844,0.9999831318855286,0.3796601891517639,0.5885517001152039,-0.1337476670742035,0.9114267826080322,0.38320207595825195,0.6865332126617432,-0.08621177822351456,0.9191637635231018,0.4646901488304138,0.7046316266059875,-0.2141575813293457,0.869438111782074,right,165.64293518772268,1
843,28.1281,94.38800811767578,,,,,,,,,,,,,,,,,,,,0.36141401529312134,0.480184406042099,-0.1693188101053238,0.9999826550483704,0.3767320513725281,0.5881744027137756,-0.13649924099445343,0.9086701273918152,0.383226603269577,0.686582624912262,-0.09552240371704102,0.9159285426139832,0.46403998136520386,0.7051435708999634,-0.23760418593883514,0.8647311925888062,right,165.38524004049364,1
844,28.161466666666666,94.07210350036621,,,,,,,,,,,,,,,,,,,,0.36180293560028076,0.47936439514160156,-0.17008592188358307,0.9999816417694092,0.3703734576702118,0.5868332982063293,-0.14464816451072693,0.8999963402748108,0.38354167342185974,0.6866293549537659,-0.10147018730640411,0.9068379998207092,0.46416258811950684,0.7057676315307617,-0.24614980816841125,0.8535618185997009,right,166.1064078116122,1
845,28.194833333333335,93.82796287536621,,,,,,,,,,,,,,,,,,,,0.36482396721839905,0.47940129041671753,-0.16993865370750427,0.9999803900718689,0.3700430989265442,0.5864153504371643,-0.14496174454689026,0.8836836218833923,0.3841368854045868,0.6868740320205688,-0.08236494660377502,0.8880957365036011,0.46413373947143555,0.7063953876495361,-0.24323171377182007,0.830264151096344,right,164.82649329885828,1
846,28.2282,93.35970878601074,,,,,,,,,,,,,,,,,,,,0.3658307194709778,0.479239284992218,-0.1678401231765747,0.9999789595603943,0.3680247962474823,0.5855441689491272,-0.14500384032726288,0.8704886436462402,0.3840915858745575,0.687066376209259,-0.08006368577480316,0.8741137385368347,0.4644203186035156,0.7066717743873596,-0.23132869601249695,0.8135478496551514,right,164.98962936940848,1
847,28.261566666666667,93.97506713867188,,,,,,,,,,,,,,,,,,,,0.3656242787837982,0.47951415181159973,-0.16548041999340057,0.9999781847000122,0.36610424518585205,0.5853090882301331,-0.14472445845603943,0.8606213331222534,0.3837222754955292,0.6877004504203796,-0.07897645235061646,0.8645416498184204,0.46442583203315735,0.707243025302887,-0.22435323894023895,0.8023980855941772,right,164.60635965797178,1
848,28.294933333333333,93.1100845336914,,,,,,,,,,,,,,,,,,,,0.3666284680366516,0.47989052534103394,-0.16479191184043884,0.9999774098396301,0.36441949009895325,0.5860598087310791,-0.11738947033882141,0.8441040515899658,0.3835032284259796,0.6880791187286377,0.0008600582950748503,0.8493658900260925,0.4644213020801544,0.707837700843811,-0.13417869806289673,0.7849773168563843,right,162.98014552671506,1
849,28.328300000000002,93.64604949951172,,,,,,,,,,,,,,,,,,,,0.36929643154144287,0.48046591877937317,-0.16409257054328918,0.9999761581420898,0.36464667320251465,0.5860803723335266,-0.10164197534322739,0.8181183934211731,0.38242021203041077,0.6881742477416992,0.01373263355344534,0.8263429403305054,0.4644148051738739,0.7079238891601562,-0.11268254369497299,0.759406328201294,right,163.46103897111448,1
850,28.361666666666668,94.35486793518066,,,,,,,,,,,,,,,,,,,,0.37075233459472656,0.48248550295829773,-0.16065874695777893,0.9999749660491943,0.36432936787605286,0.5880842804908752,-0.08866594731807709,0.7875402569770813,0.3824322819709778,0.6885855197906494,0.037825822830200195,0.798359751701355,0.4647103250026703,0.7080869674682617,-0.08066072314977646,0.7290768623352051,right,162.9071152763297,1
851,28.395033333333334,93.89901161193848,,,,,,,,,,,,,,,,,,,,0.37172314524650574,0.48396825790405273,-0.1607278287410736,0.9999739527702332,0.36544257402420044,0.5886877775192261,-0.08673883974552155,0.7589758634567261,0.3823544979095459,0.6888111233711243,0.038925863802433014,0.7726595401763916,0.4641842544078827,0.7080802321434021,-0.08294534683227539,0.7017361521720886,right,162.46266325460294,1
852,28.4284,94.13504600524902,,,,,,,,,,,,,,,,,,,,0.37217941880226135,0.48473110795021057,-0.16076606512069702,0.9999731779098511,0.36636045575141907,0.5887988805770874,-0.08292395621538162,0.737241268157959,0.38236382603645325,0.6888716816902161,0.040055807679891586,0.7547929286956787,0.4640122354030609,0.7080744504928589,-0.08829541504383087,0.6821022629737854,right,162.69564684636742,1
853,28.461766666666666,93.16802024841309,,,,,,,,,,,,,,,,,,,,0.3721528649330139,0.4854983985424042,-0.16097907721996307,0.9999729990959167,0.36691269278526306,0.5888270735740662,-0.08240774273872375,0.7166417837142944,0.3824519217014313,0.6888719201087952,0.03818270191550255,0.7389771342277527,0.46404558420181274,0.7081290483474731,-0.08395355194807053,0.6653749346733093,right,162.56374138925412,1
854,28.495133333333335,94.25592422485352,,,,,,,,,,,,,,,,,,,,0.37210169434547424,0.48623141646385193,-0.1611701101064682,0.9999730587005615,0.36727944016456604,0.5889620184898376,-0.07758324593305588,0.6933361887931824,0.38246431946754456,0.6889744997024536,0.04420201852917671,0.7213146686553955,0.464091420173645,0.7081259489059448,-0.08335476368665695,0.6456983685493469,right,162.65424219886984,1
855,28.5285,94.2237377166748,,,,,,,,,,,,,,,,,,,,0.37292811274528503,0.486223965883255,-0.16094188392162323,0.9999725222587585,0.3686344623565674,0.588983952999115,-0.08281973749399185,0.6652534008026123,0.3825065791606903,0.6892610192298889,0.03014996461570263,0.6985443234443665,0.4641225337982178,0.708095371723175,-0.09699174016714096,0.6223555207252502,right,162.70826556720232,1
856,28.561866666666667,94.07401084899902,,,,,,,,,,,,,,,,,,,,0.37286990880966187,0.48517242074012756,-0.16115093231201172,0.9999716281890869,0.3730708658695221,0.5887011885643005,-0.09970047324895859,0.6387431025505066,0.3826166093349457,0.6898447275161743,-0.020308244973421097,0.6741752624511719,0.4643288850784302,0.7080959677696228,-0.14926959574222565,0.5988399982452393,right,162.34237718096574,1
857,28.595233333333333,93.60623359680176,,,,,,,,,,,,,,,,,,,,0.3729219138622284,0.48516449332237244,-0.16159266233444214,0.9999708533287048,0.3769058287143707,0.588714063167572,-0.10719616711139679,0.6235182881355286,0.382781982421875,0.6900539994239807,-0.02641505002975464,0.6600959300994873,0.46455132961273193,0.7080940008163452,-0.1546725481748581,0.5849481225013733,right,161.94130373936846,1
858,28.628600000000002,93.48082542419434,,,,,,,,,,,,,,,,,,,,0.37278303503990173,0.48515450954437256,-0.16111496090888977,0.999968945980072,0.3808313012123108,0.5887522101402283,-0.10703311860561371,0.5965962409973145,0.3828219771385193,0.6907203197479248,-0.020871561020612717,0.6362918615341187,0.46467894315719604,0.7081719040870667,-0.14823698997497559,0.561995804309845,right,161.200154657189,1
859,28.661966666666668,92.96703338623047,,,,,,,,,,,,,,,,,,,,0.37273305654525757,0.4858322739601135,-0.1601352095603943,0.9999669790267944,0.384321928024292,0.5887266397476196,-0.10571000725030899,0.5769554972648621,0.3831469416618347,0.6908585429191589,-0.017655253410339355,0.6217425465583801,0.465078204870224,0.7081540822982788,-0.14451241493225098,0.5472011566162109,right,160.5777875650668,1
860,28.695333333333334,94.05112266540527,,,,,,,,,,,,,,,,,,,,0.3714524209499359,0.4861992597579956,-0.161903515458107,0.9999663829803467,0.3887203335762024,0.58855140209198,-0.12439239025115967,0.572055459022522,0.38363343477249146,0.6907477974891663,-0.042427562177181244,0.6177290081977844,0.4658288359642029,0.7078588604927063,-0.16426490247249603,0.5436432361602783,right,158.16924688071455,1
861,28.7287,94.29812431335449,,,,,,,,,,,,,,,,,,,,0.36857110261917114,0.48639610409736633,-0.16735662519931793,0.9999667406082153,0.3926387131214142,0.5884190797805786,-0.1254184991121292,0.5668545961380005,0.383711576461792,0.6907409429550171,-0.03672672063112259,0.6142921447753906,0.4657439887523651,0.7078896164894104,-0.15846312046051025,0.5398015379905701,right,154.43720867900228,1
862,28.762066666666666,93.09077262878418,,,,,,,,,,,,,,,,,,,,0.36473923921585083,0.4871562123298645,-0.16698530316352844,0.9999669790267944,0.39564505219459534,0.5886488556861877,-0.11162739992141724,0.5636226534843445,0.38369396328926086,0.6907287836074829,-0.0036782396491616964,0.6137717962265015,0.4650954604148865,0.7078618407249451,-0.12205798178911209,0.5387406945228577,right,151.51398860113753,1
863,28.795433333333335,92.5757884979248,,,,,,,,,,,,,,,,,,,,0.3601102828979492,0.4881635308265686,-0.1665867269039154,0.9999679923057556,0.39850205183029175,0.5893898010253906,-0.11163569241762161,0.5709688067436218,0.3836848735809326,0.6912527680397034,-0.00552780507132411,0.6212102770805359,0.4650883674621582,0.7078482508659363,-0.12390536814928055,0.5466528534889221,right,148.25407162292657,1
864,28.8288,92.6048755645752,,,,,,,,,,,,,,,,,,,,0.35531139373779297,0.48999834060668945,-0.1664193868637085,0.9999696612358093,0.40391460061073303,0.5893827080726624,-0.11557376384735107,0.5874490737915039,0.38404592871665955,0.6913670897483826,-0.015800628811120987,0.6380870342254639,0.4648677408695221,0.7080047726631165,-0.13121522963047028,0.5645737648010254,right,144.41738434936659,1
865,28.862166666666667,93.44291687011719,,,,,,,,,,,,,,,,,,,,0.3512072265148163,0.49125105142593384,-0.16961625218391418,0.999971330165863,0.40572866797447205,0.5893470644950867,-0.12053082883358002,0.6011708974838257,0.3842441439628601,0.6913964152336121,-0.0261798445135355,0.6514717936515808,0.46491512656211853,0.7078655958175659,-0.14184491336345673,0.5795824527740479,right,142.84557849141817,1
866,28.895533333333333,93.26791763305664,,,,,,,,,,,,,,,,,,,,0.3453032374382019,0.4938388168811798,-0.17573946714401245,0.9999733567237854,0.4086446166038513,0.5891655087471008,-0.14013701677322388,0.6272895336151123,0.3839974105358124,0.6916300654411316,-0.04917535185813904,0.6754437685012817,0.4648512601852417,0.7078858613967896,-0.17414610087871552,0.6057531833648682,right,139.8289301327755,1
867,28.928900000000002,93.80698204040527,,,,,,,,,,,,,,,,,,,,0.34313252568244934,0.49539291858673096,-0.18012940883636475,0.9999749064445496,0.4124094545841217,0.5891006588935852,-0.16349561512470245,0.6452147364616394,0.3841443359851837,0.6914432048797607,-0.08932935446500778,0.6908150315284729,0.4643286168575287,0.7078638672828674,-0.20839786529541016,0.6224270462989807,right,137.59983561330762,1
868,28.962266666666668,94.14219856262207,,,,,,,,,,,,,,,,,,,,0.33467400074005127,0.4976657032966614,-0.17843754589557648,0.999976634979248,0.41273999214172363,0.589191734790802,-0.1691693365573883,0.6692489981651306,0.3843339681625366,0.6914660334587097,-0.09400281310081482,0.7112199664115906,0.46346762776374817,0.7078630924224854,-0.20146843791007996,0.6463358402252197,right,134.14220170571312,1
869,28.995633333333334,93.96195411682129,,,,,,,,,,,,,,,,,,,,0.3283810019493103,0.49998730421066284,-0.17687420547008514,0.999978244304657,0.41497716307640076,0.5892475247383118,-0.17249952256679535,0.6921770572662354,0.3843837082386017,0.6913667917251587,-0.10239226371049881,0.730749785900116,0.46279996633529663,0.7078636884689331,-0.1985328644514084,0.6691854000091553,right,128.7819066156635,1
870,29.029,93.00398826599121,,,,,,,,,,,,,,,,,,,,0.322410523891449,0.5033117532730103,-0.1763913631439209,0.9999797940254211,0.41592615842819214,0.5892833471298218,-0.1700109988451004,0.7128171324729919,0.3851470649242401,0.6910420060157776,-0.08911110460758209,0.7481251358985901,0.4631158113479614,0.7081737518310547,-0.19419854879379272,0.6896579265594482,right,124.4308215561414,1
871,29.062366666666666,93.32990646362305,,,,,,,,,,,,,,,,,,,,0.32201340794563293,0.5063267350196838,-0.17467258870601654,0.9999811053276062,0.4199846088886261,0.5893777012825012,-0.14352871477603912,0.7310007810592651,0.3851509094238281,0.6895206570625305,-0.0411035381257534,0.7631471157073975,0.4629330039024353,0.7086974382400513,-0.10197260230779648,0.7068694829940796,right,120.43518123091684,1
872,29.095733333333335,93.00494194030762,,,,,,,,,,,,,,,,,,,,0.3213547468185425,0.5095706582069397,-0.17446669936180115,0.9999822378158569,0.42283815145492554,0.5894693732261658,-0.1437675952911377,0.7496446371078491,0.3859429955482483,0.6887877583503723,-0.043630681931972504,0.7778937816619873,0.46323949098587036,0.7069522142410278,-0.10530053079128265,0.7234694957733154,right,120.81974789018835,1
873,29.1291,93.33109855651855,,,,,,,,,,,,,,,,,,,,0.3195476233959198,0.5102537274360657,-0.17417921125888824,0.9999831914901733,0.42452436685562134,0.5902026891708374,-0.1446162313222885,0.7677097320556641,0.3859073519706726,0.6886561512947083,-0.021636517718434334,0.7908469438552856,0.4631766080856323,0.7062019109725952,-0.0702010914683342,0.7379029989242554,right,116.98592316002828,1
874,29.162466666666667,92.94295310974121,,,,,,,,,,,,,,,,,,,,0.3167499899864197,0.5115730166435242,-0.17041386663913727,0.9999837279319763,0.42479974031448364,0.5915604829788208,-0.13921642303466797,0.7817097902297974,0.3852517604827881,0.6887285113334656,0.002063814317807555,0.801502525806427,0.4627683162689209,0.7057750821113586,-0.0364370197057724,0.749858558177948,right,115.0594116027868,1
875,29.195833333333333,93.31297874450684,,,,,,,,,,,,,,,,,,,,0.31303322315216064,0.5128886699676514,-0.17031900584697723,0.9999842643737793,0.4258974492549896,0.5915138721466064,-0.1382998526096344,0.7962499260902405,0.3854464292526245,0.6888355016708374,-0.0022273531649261713,0.8130325078964233,0.46380800008773804,0.7040485143661499,-0.047097258269786835,0.763353705406189,right,115.00247388487276,1
876,29.229200000000002,92.99302101135254,,,,,,,,,,,,,,,,,,,,0.3105051815509796,0.5151559114456177,-0.1706831306219101,0.9999845623970032,0.42722460627555847,0.5918462872505188,-0.13554441928863525,0.8128119111061096,0.3852643668651581,0.6888558268547058,0.014574670232832432,0.8281431794166565,0.46388301253318787,0.7042075991630554,-0.025585860013961792,0.7817557454109192,right,111.13088061166825,1
877,29.262566666666668,92.76604652404785,,,,,,,,,,,,,,,,,,,,0.30723291635513306,0.517178475856781,-0.17241355776786804,0.9999841451644897,0.4278387129306793,0.5918465852737427,-0.16687718033790588,0.8283981680870056,0.38399142026901245,0.6888991594314575,-0.027647536247968674,0.841804563999176,0.46388065814971924,0.704301655292511,-0.04679238423705101,0.7986726760864258,right,110.33895395395766,1
878,29.295933333333334,92.70715713500977,,,,,,,,,,,,,,,,,,,,0.30595049262046814,0.5191335082054138,-0.1787157952785492,0.9999843835830688,0.4286934435367584,0.592496931552887,-0.18933869898319244,0.8439949750900269,0.38399961590766907,0.6892880201339722,-0.0671801045536995,0.8559514284133911,0.46381473541259766,0.7053954601287842,-0.1126028522849083,0.8163309693336487,right,111.94971480766492,1
879,29.3293,92.85926818847656,,,,,,,,,,,,,,,,,,,,0.3035174608230591,0.5201836228370667,-0.17950911819934845,0.9999843835830688,0.43151527643203735,0.5926632285118103,-0.1994694471359253,0.8582568764686584,0.38404881954193115,0.6893013119697571,-0.09807392954826355,0.8688682317733765,0.4638306498527527,0.70567387342453,-0.14307710528373718,0.8326743841171265,right,110.98297599014454,1
880,29.362666666666666,95.08895874023438,,,,,,,,,,,,,,,,,,,,0.3014695346355438,0.521811306476593,-0.17899061739444733,0.9999843835830688,0.43254539370536804,0.5927104949951172,-0.19643069803714752,0.8711948394775391,0.38385283946990967,0.6895334124565125,-0.09190025925636292,0.8805021643638611,0.46393129229545593,0.7062814235687256,-0.13518711924552917,0.847471296787262,right,110.07929520885148,1
881,29.396033333333335,93.58406066894531,,,,,,,,,,,,,,,,,,,,0.30154311656951904,0.5242798328399658,-0.17863838374614716,0.9999843835830688,0.43472594022750854,0.5927797555923462,-0.187098428606987,0.8831073045730591,0.3841940462589264,0.6893606185913086,-0.07702834159135818,0.8913630843162537,0.4639247953891754,0.706298828125,-0.11482248455286026,0.861330509185791,right,109.11860912356238,1
882,29.4294,94.18392181396484,,,,,,,,,,,,,,,,,,,,0.29943591356277466,0.5254720449447632,-0.17700399458408356,0.999983549118042,0.43560999631881714,0.5927608013153076,-0.18672184646129608,0.8930724859237671,0.3848526179790497,0.6882350444793701,-0.06797477602958679,0.8999643325805664,0.46439892053604126,0.7063596844673157,-0.08342055976390839,0.8726370334625244,right,105.90157179948937,1
883,29.462766666666667,94.54989433288574,,,,,,,,,,,,,,,,,,,,0.2988959848880768,0.5268793702125549,-0.17692264914512634,0.9999830722808838,0.4372060000896454,0.5930174589157104,-0.18368767201900482,0.9021521806716919,0.3856160342693329,0.6872583031654358,-0.04712682589888573,0.9078603386878967,0.46438056230545044,0.7063663601875305,-0.054919030517339706,0.8830124735832214,right,102.89760809722583,1
884,29.496133333333333,94.19608116149902,,,,,,,,,,,,,,,,,,,,0.2970137298107147,0.5281490683555603,-0.1767837554216385,0.9999829530715942,0.43944865465164185,0.5930407643318176,-0.18825168907642365,0.9104601144790649,0.3857438564300537,0.6873190402984619,-0.0469328910112381,0.9151266813278198,0.46405020356178284,0.7069745659828186,-0.057546038180589676,0.8926764130592346,right,98.90239944948553,1
885,29.529500000000002,93.50085258483887,,,,,,,,,,,,,,,,,,,,0.29601797461509705,0.5307535529136658,-0.17589636147022247,0.9999827146530151,0.44310635328292847,0.5931115746498108,-0.1896807849407196,0.9184984564781189,0.38642194867134094,0.6869869828224182,-0.04830626770853996,0.9223771691322327,0.46406635642051697,0.7069757580757141,-0.05822240188717842,0.902176022529602,right,97.42125890059656,1
886,29.562866666666668,92.8487777709961,,,,,,,,,,,,,,,,,,,,0.2965671718120575,0.5323907136917114,-0.1766076236963272,0.9999819397926331,0.4445871114730835,0.5935144424438477,-0.19135409593582153,0.9255672097206116,0.3869231343269348,0.6870445609092712,-0.04762943461537361,0.9288574457168579,0.46443700790405273,0.707065761089325,-0.05838584899902344,0.9106433987617493,right,98.14778582476707,1
887,29.596233333333334,92.68665313720703,,,,,,,,,,,,,,,,,,,,0.29663193225860596,0.5347201228141785,-0.17546643316745758,0.9999816417694092,0.4458310604095459,0.5944523215293884,-0.19080892205238342,0.9321446418762207,0.3878541588783264,0.6868817806243896,-0.03843965008854866,0.9351339936256409,0.46506285667419434,0.7069600820541382,-0.04304436966776848,0.9187540411949158,right,97.31802097377943,1
888,29.6296,93.57690811157227,,,,,,,,,,,,,,,,,,,,0.29645124077796936,0.5365580916404724,-0.1782645434141159,0.9999811053276062,0.4461528956890106,0.5950086116790771,-0.1922854632139206,0.9379174709320068,0.3885709047317505,0.6864034533500671,-0.04917207732796669,0.9405177235603333,0.465492308139801,0.7068652510643005,-0.06355329602956772,0.9256705045700073,right,96.9932606404815,1
889,29.662966666666666,93.69707107543945,,,,,,,,,,,,,,,,,,,,0.2958189845085144,0.5372402667999268,-0.1773691475391388,0.9999797940254211,0.4458463490009308,0.5955182909965515,-0.19445909559726715,0.9427390694618225,0.3885539770126343,0.6864267587661743,-0.05240320786833763,0.9450466632843018,0.46541592478752136,0.7075616717338562,-0.06757917255163193,0.9316501617431641,right,96.59292513200737,1
890,29.696333333333335,94.14410591125488,,,,,,,,,,,,,,,,,,,,0.29532626271247864,0.538325309753418,-0.1751461774110794,0.9999786019325256,0.4464273452758789,0.595714807510376,-0.19611097872257233,0.9470170140266418,0.3886367678642273,0.6864722967147827,-0.06016765162348747,0.9491003751754761,0.4662240445613861,0.7076582312583923,-0.07999352365732193,0.9371103644371033,right,96.31318177321904,1
891,29.7297,94.54679489135742,,,,,,,,,,,,,,,,,,,,0.29531407356262207,0.5390743613243103,-0.17492060363292694,0.9999768137931824,0.44686073064804077,0.5963653326034546,-0.19537214934825897,0.9502852559089661,0.38868850469589233,0.6865083575248718,-0.05576319992542267,0.952311635017395,0.4662134349346161,0.7075954675674438,-0.07562907785177231,0.9415601491928101,right,96.54705204533592,1
892,29.763066666666667,94.25187110900879,,,,,,,,,,,,,,,,,,,,0.29485729336738586,0.5403240919113159,-0.17388944327831268,0.9999752640724182,0.4473661482334137,0.596625566482544,-0.19422677159309387,0.9531422257423401,0.38866564631462097,0.6865371465682983,-0.052588630467653275,0.9548600912094116,0.46587052941322327,0.7075433731079102,-0.06961534172296524,0.9452544450759888,right,96.03466307784647,1
893,29.796433333333333,93.74690055847168,,,,,,,,,,,,,,,,,,,,0.29479771852493286,0.5415441989898682,-0.17074108123779297,0.9999743700027466,0.44773757457733154,0.5975262522697449,-0.18004857003688812,0.9559876918792725,0.38865917921066284,0.6869611740112305,-0.029665742069482803,0.9578011631965637,0.46553879976272583,0.707539439201355,-0.039182182401418686,0.9491761326789856,right,96.1442546419841,1
894,29.8298,94.12670135498047,,,,,,,,,,,,,,,,,,,,0.29486989974975586,0.5417426228523254,-0.17081649601459503,0.9999740123748779,0.4482366740703583,0.5977162718772888,-0.1767038255929947,0.9583128094673157,0.3889796733856201,0.6868771314620972,-0.02946552261710167,0.9601263999938965,0.465614378452301,0.7074496150016785,-0.0446397066116333,0.952335000038147,right,95.73909251756923,1
895,29.863166666666668,94.50411796569824,,,,,,,,,,,,,,,,,,,,0.2948871850967407,0.5416572093963623,-0.16909009218215942,0.9999735355377197,0.44856637716293335,0.5977647304534912,-0.1766909658908844,0.9603213667869568,0.38912031054496765,0.6868848204612732,-0.03202513977885246,0.962177038192749,0.46553316712379456,0.7075823545455933,-0.04557584226131439,0.9552808403968811,right,95.14487772088535,1
896,29.896533333333334,94.76494789123535,,,,,,,,,,,,,,,,,,,,0.2949070930480957,0.5413662791252136,-0.16694916784763336,0.9999729990959167,0.44850751757621765,0.5979931950569153,-0.1701967418193817,0.962142288684845,0.38911765813827515,0.687130331993103,-0.0312460046261549,0.9641311764717102,0.46552202105522156,0.7079560160636902,-0.04318493604660034,0.9577813148498535,right,95.4544325360585,1
897,29.9299,93.82200241088867,,,,,,,,,,,,,,,,,,,,0.29509633779525757,0.5408918261528015,-0.16712774336338043,0.9999732971191406,0.44840580224990845,0.5981528162956238,-0.17191587388515472,0.9645689725875854,0.3890626132488251,0.6877737641334534,-0.03275211900472641,0.9667652249336243,0.46549737453460693,0.7083664536476135,-0.045883458107709885,0.9608193039894104,right,96.69915923627418,1
898,29.963266666666666,93.23406219482422,,,,,,,,,,,,,,,,,,,,0.2954785227775574,0.5398308038711548,-0.1665506511926651,0.9999730587005615,0.44831138849258423,0.5981442928314209,-0.17292559146881104,0.9669981598854065,0.3889186382293701,0.688007116317749,-0.03352973982691765,0.9692201018333435,0.4654894471168518,0.7085162401199341,-0.04707343876361847,0.963653028011322,right,97.131782582498,1
899,29.996633333333335,93.64461898803711,,,,,,,,,,,,,,,,,,,,0.2961405813694,0.5360918045043945,-0.17388896644115448,0.9999740719795227,0.4472998082637787,0.5975123643875122,-0.17386452853679657,0.9692479968070984,0.3889145255088806,0.6880972385406494,-0.02653985284268856,0.9714534878730774,0.46569374203681946,0.7085108160972595,-0.04861605912446976,0.9661208987236023,right,98.62182593573537,1
900,30.03,92.61894226074219,,,,,,,,,,,,,,,,,,,,0.296637624502182,0.5323220491409302,-0.17464880645275116,0.9999752044677734,0.44694629311561584,0.5963613986968994,-0.18007181584835052,0.9711706042289734,0.38894155621528625,0.6878601312637329,-0.04468879476189613,0.9731159210205078,0.46569204330444336,0.7084776163101196,-0.06779295206069946,0.9679101705551147,right,99.21782062890232,1
901,30.063366666666667,92.64206886291504,,,,,,,,,,,,,,,,,,,,0.29862838983535767,0.5280339121818542,-0.17442485690116882,0.9999760389328003,0.4445740580558777,0.5959078073501587,-0.1776427924633026,0.9728329181671143,0.38872238993644714,0.6878219842910767,-0.03359097242355347,0.9745694398880005,0.46569186449050903,0.7082744836807251,-0.04893556609749794,0.9694332480430603,right,100.51615252936902,1
902,30.096733333333333,92.19980239868164,,,,,,,,,,,,,,,,,,,,0.30069077014923096,0.5239198207855225,-0.1730393022298813,0.9999770522117615,0.441252201795578,0.5951812863349915,-0.17356455326080322,0.9742197394371033,0.38856786489486694,0.6868751645088196,-0.04987993463873863,0.9758129715919495,0.4659082591533661,0.7082672715187073,-0.07508452236652374,0.9705501198768616,right,102.94933966004,1
903,30.1301,93.00613403320312,,,,,,,,,,,,,,,,,,,,0.30296650528907776,0.5207432508468628,-0.17297379672527313,0.9999778866767883,0.4384925663471222,0.5937173366546631,-0.16629591584205627,0.975487470626831,0.38868248462677,0.6863677501678467,-0.048869747668504715,0.9771876335144043,0.4653814435005188,0.7083622813224792,-0.07447738945484161,0.9717935919761658,right,106.33017807306729,1
904,30.163466666666668,94.16913986206055,,,,,,,,,,,,,,,,,,,,0.3072557747364044,0.5178272724151611,-0.17458105087280273,0.9999784827232361,0.4359368681907654,0.5936391353607178,-0.1727314442396164,0.9761320352554321,0.38867396116256714,0.6862046718597412,-0.04897262156009674,0.9782525897026062,0.46529632806777954,0.7083638310432434,-0.09246894717216492,0.9725964665412903,right,109.19472661149429,1
905,30.196833333333334,93.11485290527344,,,,,,,,,,,,,,,,,,,,0.310059517621994,0.5137425661087036,-0.17501550912857056,0.9999785423278809,0.43109360337257385,0.5934313535690308,-0.1755220890045166,0.9747043251991272,0.3883441686630249,0.686180830001831,-0.048517972230911255,0.9774267673492432,0.4651491045951843,0.7084282040596008,-0.09579471498727798,0.9705907702445984,right,112.54640912205159,1
906,30.2302,92.67902374267578,,,,,,,,,,,,,,,,,,,,0.3124077320098877,0.5104845762252808,-0.17497602105140686,0.9999787211418152,0.4270155131816864,0.5934059619903564,-0.17708300054073334,0.9715520739555359,0.38795962929725647,0.686572790145874,-0.04808611795306206,0.9753552079200745,0.46511396765708923,0.7076743841171265,-0.09612386673688889,0.9665027856826782,right,114.23674372847184,1
907,30.263566666666666,93.5511589050293,,,,,,,,,,,,,,,,,,,,0.3156398832798004,0.5096487998962402,-0.1731024980545044,0.9999791383743286,0.4236794114112854,0.5933788418769836,-0.16081401705741882,0.969032883644104,0.38784459233283997,0.6873361468315125,0.006994611117988825,0.9742421507835388,0.4651033282279968,0.7071653008460999,-0.038563188165426254,0.9637288451194763,right,118.40984147095584,1
908,30.296933333333335,94.3148136138916,,,,,,,,,,,,,,,,,,,,0.319415420293808,0.508232057094574,-0.1706400215625763,0.999979555606842,0.4215123951435089,0.5930319428443909,-0.1278974711894989,0.9657870531082153,0.3874327838420868,0.6874334812164307,0.03734123334288597,0.9730038642883301,0.46518415212631226,0.7052933573722839,-0.01627499610185623,0.9605809450149536,right,123.94198331085006,1
909,30.3303,93.9478874206543,,,,,,,,,,,,,,,,,,,,0.32219526171684265,0.5043461918830872,-0.16767986118793488,0.9999802708625793,0.41926246881484985,0.5917521119117737,-0.12459107488393784,0.9625759720802307,0.38690412044525146,0.6880813837051392,0.01487018819898367,0.9715902805328369,0.4660184681415558,0.7053664922714233,-0.03134796768426895,0.9569332003593445,right,129.23638630384144,1
910,30.363666666666667,92.88501739501953,,,,,,,,,,,,,,,,,,,,0.3291302025318146,0.4995557963848114,-0.1627899706363678,0.9999808669090271,0.4144766926765442,0.5904544591903687,-0.13004271686077118,0.9578786492347717,0.3858832120895386,0.6880956292152405,-0.016943082213401794,0.9690795540809631,0.4656984508037567,0.7053290009498596,-0.08871357887983322,0.9515170454978943,right,133.84067340750644,1
911,30.397033333333333,93.92499923706055,,,,,,,,,,,,,,,,,,,,0.3321860134601593,0.49572306871414185,-0.16102415323257446,0.9999814629554749,0.4076395034790039,0.5891197919845581,-0.13716638088226318,0.9536925554275513,0.3856615126132965,0.6881001591682434,-0.05191957205533981,0.9667473435401917,0.46576806902885437,0.7053942084312439,-0.1354241520166397,0.9462954998016357,right,140.46125399781565,1
912,30.4304,93.19400787353516,,,,,,,,,,,,,,,,,,,,0.3363063633441925,0.49181488156318665,-0.16134338080883026,0.9999818205833435,0.40286532044410706,0.5888151526451111,-0.13961689174175262,0.9467099905014038,0.38549885153770447,0.6870970129966736,-0.061271894723176956,0.9621236324310303,0.4656301438808441,0.7050846219062805,-0.15119925141334534,0.9372149109840393,right,147.16637177661673,1
913,30.463766666666668,92.52309799194336,,,,,,,,,,,,,,,,,,,,0.3415098488330841,0.4878179430961609,-0.16284309327602386,0.9999822378158569,0.39871636033058167,0.5886507630348206,-0.1398296356201172,0.9417079091072083,0.3843059241771698,0.6872457265853882,-0.06862396001815796,0.9582806825637817,0.4656306505203247,0.7054621577262878,-0.16267605125904083,0.9300088286399841,right,151.12335437069302,1
914,30.497133333333334,92.8950309753418,,,,,,,,,,,,,,,,,,,,0.34704092144966125,0.4861719012260437,-0.15374457836151123,0.9999814033508301,0.39453110098838806,0.5887386202812195,-0.11568614840507507,0.9355718493461609,0.38424232602119446,0.687351405620575,-0.058393385261297226,0.9538983106613159,0.4655672013759613,0.7054303884506226,-0.14584699273109436,0.922593355178833,right,154.84010774379666,1
915,30.5305,92.26322174072266,,,,,,,,,,,,,,,,,,,,0.35068753361701965,0.485186368227005,-0.1550782024860382,0.999980628490448,0.392028272151947,0.5888504385948181,-0.12166803330183029,0.9267463088035583,0.3837378919124603,0.687317430973053,-0.05839281901717186,0.94696044921875,0.46488285064697266,0.7047773003578186,-0.15364034473896027,0.9116480350494385,right,155.8422408255245,1
916,30.563866666666666,93.22690963745117,,,,,,,,,,,,,,,,,,,,0.3524928092956543,0.4849681258201599,-0.15635420382022858,0.9999800324440002,0.3887949585914612,0.5903276801109314,-0.11634460836648941,0.9229434728622437,0.38328489661216736,0.6878778338432312,-0.0521882027387619,0.9439932107925415,0.46488040685653687,0.7036644816398621,-0.1443673074245453,0.9063477516174316,right,158.76777209593666,1
917,30.597233333333335,93.00994873046875,,,,,,,,,,,,,,,,,,,,0.3546615540981293,0.4848569929599762,-0.16518951952457428,0.9999801516532898,0.3888353705406189,0.5904715061187744,-0.121400848031044,0.9180507659912109,0.3833860754966736,0.6885376572608948,-0.05809546634554863,0.9392474293708801,0.464568555355072,0.7036469578742981,-0.17191968858242035,0.8982516527175903,right,158.50856534165845,1
918,30.6306,92.82612800598145,,,,,,,,,,,,,,,,,,,,0.35931023955345154,0.48470205068588257,-0.16495254635810852,0.9999796748161316,0.38830551505088806,0.5905082821846008,-0.11678627878427505,0.9097554683685303,0.3847300410270691,0.6891729831695557,-0.049525659531354904,0.9321993589401245,0.46455368399620056,0.7040529847145081,-0.1591743677854538,0.8876194357872009,right,157.5324907142085,1
919,30.663966666666667,92.91195869445801,,,,,,,,,,,,,,,,,,,,0.3596508204936981,0.48580679297447205,-0.16490969061851501,0.9999784827232361,0.38653337955474854,0.5907822847366333,-0.11088965833187103,0.8912699222564697,0.3833383023738861,0.6907976865768433,-0.027893494814634323,0.9136017560958862,0.4645587205886841,0.7045158743858337,-0.15327493846416473,0.8618951439857483,right,158.04088470054924,1
920,30.697333333333333,93.78314018249512,,,,,,,,,,,,,,,,,,,,0.36165034770965576,0.4858097434043884,-0.16439127922058105,0.9999777674674988,0.386322021484375,0.5907866358757019,-0.11062127351760864,0.8729520440101624,0.38240236043930054,0.6914737820625305,-0.018998241052031517,0.8933475017547607,0.46354755759239197,0.7074011564254761,-0.14013740420341492,0.8367114067077637,right,157.16916096994134,1
921,30.7307,92.96703338623047,,,,,,,,,,,,,,,,,,,,0.36590343713760376,0.4852609932422638,-0.1618141382932663,0.9999765753746033,0.3870987296104431,0.5900012254714966,-0.10311881452798843,0.8491292595863342,0.38230326771736145,0.6914213299751282,-0.014631309546530247,0.8659527897834778,0.4625718593597412,0.7079542279243469,-0.12971147894859314,0.8036996126174927,right,157.2128044595759,1
922,30.76406666666667,92.73791313171387,,,,,,,,,,,,,,,,,,,,0.36967071890830994,0.48462486267089844,-0.16080734133720398,0.9999738931655884,0.3878682851791382,0.5889707207679749,-0.09835442155599594,0.8202080130577087,0.38231539726257324,0.6902062296867371,0.004653669893741608,0.8288589715957642,0.46227866411209106,0.7079343199729919,-0.09473441541194916,0.7634555697441101,right,155.90285975469894,1
923,30.797433333333334,94.51103210449219,,,,,,,,,,,,,,,,,,,,0.36917734146118164,0.4841057360172272,-0.16085730493068695,0.9999726414680481,0.38839852809906006,0.5882912278175354,-0.10236382484436035,0.7942759990692139,0.3824467062950134,0.689642608165741,-0.0041808392852544785,0.796979546546936,0.46251407265663147,0.7074468731880188,-0.10421743243932724,0.7319059371948242,right,155.97330403103268,1
924,30.8308,93.72973442077637,,,,,,,,,,,,,,,,,,,,0.3700043857097626,0.48425453901290894,-0.16233082115650177,0.9999723434448242,0.38874292373657227,0.5882270932197571,-0.10467679053544998,0.7694470882415771,0.38260263204574585,0.6894025802612305,-0.005230337381362915,0.7656598687171936,0.46252360939979553,0.70700603723526,-0.11073504388332367,0.7023549675941467,right,155.81327541983518,1
925,30.864166666666666,92.94271469116211,,,,,,,,,,,,,,,,,,,,0.36905452609062195,0.48454177379608154,-0.16412308812141418,0.9999722838401794,0.38894954323768616,0.5874300599098206,-0.10602658241987228,0.7521291971206665,0.3827216625213623,0.6891068816184998,-0.01746164821088314,0.7425494194030762,0.4623605012893677,0.7062156796455383,-0.12710778415203094,0.6795196533203125,right,155.77161878780154,1
926,30.897533333333335,93.03021430969238,,,,,,,,,,,,,,,,,,,,0.3679676949977875,0.4846811294555664,-0.16467571258544922,0.9999720454216003,0.3891637623310089,0.5875024199485779,-0.11438119411468506,0.7355755567550659,0.38310524821281433,0.6891031265258789,-0.03831114619970322,0.7172302007675171,0.4623473286628723,0.7059768438339233,-0.14219768345355988,0.6568969488143921,right,155.41947064604008,1
927,30.9309,94.03586387634277,,,,,,,,,,,,,,,,,,,,0.3673778772354126,0.48470810055732727,-0.1677386611700058,0.9999722242355347,0.3892957270145416,0.5875184535980225,-0.1184246763586998,0.7195079922676086,0.38311684131622314,0.6891559362411499,-0.04451495036482811,0.6935349106788635,0.46227899193763733,0.7059298157691956,-0.15014806389808655,0.6362067461013794,right,154.9157828870922,1
928,30.964266666666667,93.89996528625488,,,,,,,,,,,,,,,,,,,,0.36731886863708496,0.4859056770801544,-0.1707882136106491,0.9999721050262451,0.38938289880752563,0.587722897529602,-0.12284401804208755,0.700522780418396,0.38307687640190125,0.6891785264015198,-0.04660814628005028,0.665965735912323,0.46217823028564453,0.7058318257331848,-0.15203960239887238,0.6116971373558044,right,154.17336506316676,1
929,30.997633333333333,93.54901313781738,,,,,,,,,,,,,,,,,,,,0.3672466278076172,0.4861185848712921,-0.1740299016237259,0.9999725818634033,0.3907872438430786,0.5877110958099365,-0.13841316103935242,0.693547248840332,0.38308224081993103,0.6892489790916443,-0.06756611168384552,0.6509185433387756,0.4621562361717224,0.7058007717132568,-0.17462436854839325,0.5983051061630249,right,152.69840921769435,1
930,31.031,93.91617774963379,,,,,,,,,,,,,,,,,,,,0.36590248346328735,0.48658543825149536,-0.17427067458629608,0.9999729990959167,0.3919373154640198,0.5877428650856018,-0.13666585087776184,0.6875138878822327,0.3830955922603607,0.689251720905304,-0.07018693536520004,0.6391634345054626,0.46212834119796753,0.7058124542236328,-0.17995207011699677,0.587534487247467,right,152.69381462805634,1
931,31.06436666666667,93.78719329833984,,,,,,,,,,,,,,,,,,,,0.3622083365917206,0.48739904165267944,-0.17391224205493927,0.999973475933075,0.3924935460090637,0.5876832604408264,-0.13480831682682037,0.6781201958656311,0.3831348419189453,0.6890371441841125,-0.07237792760133743,0.6292749047279358,0.46326279640197754,0.706019937992096,-0.1883987933397293,0.5788929462432861,right,152.6529140885762,1
932,31.097733333333334,94.30909156799316,,,,,,,,,,,,,,,,,,,,0.36005109548568726,0.48829564452171326,-0.17424675822257996,0.9999738335609436,0.3925047218799591,0.5876975655555725,-0.13310575485229492,0.6614181399345398,0.38321438431739807,0.6889966130256653,-0.06675667315721512,0.6140979528427124,0.4636097252368927,0.7061754465103149,-0.1791294664144516,0.5643842220306396,right,153.5327961112945,1
933,31.1311,92.3929214477539,,,,,,,,,,,,,,,,,,,,0.35578998923301697,0.48864203691482544,-0.17337022721767426,0.9999746084213257,0.3926849663257599,0.5877084732055664,-0.13222946226596832,0.6509990692138672,0.3831424415111542,0.6890498995780945,-0.06482749432325363,0.6060129404067993,0.4635714590549469,0.7069634795188904,-0.17823296785354614,0.5572425127029419,right,152.4110718545627,1
934,31.164466666666666,93.0628776550293,,,,,,,,,,,,,,,,,,,,0.3547443747520447,0.48891744017601013,-0.17194224894046783,0.9999756813049316,0.3927256464958191,0.5877180099487305,-0.1325443983078003,0.6487042307853699,0.3831486701965332,0.6890844106674194,-0.06906172633171082,0.6059455275535583,0.4635872542858124,0.7069635987281799,-0.18445849418640137,0.5578640699386597,right,152.2846162543657,1
935,31.197833333333335,94.35486793518066,,,,,,,,,,,,,,,,,,,,0.35307565331459045,0.4901851713657379,-0.17113971710205078,0.999976634979248,0.3938511610031128,0.5882374048233032,-0.13124090433120728,0.6436432003974915,0.3831544518470764,0.6891838312149048,-0.06640446186065674,0.6046703457832336,0.4639487862586975,0.7070683240890503,-0.1836014986038208,0.5566218495368958,right,151.79823981340218,1
936,31.2312,93.95027160644531,,,,,,,,,,,,,,,,,,,,0.3504399359226227,0.4906248450279236,-0.17149507999420166,0.9999774694442749,0.39498063921928406,0.5884966254234314,-0.12909194827079773,0.6375890970230103,0.38317441940307617,0.6893395185470581,-0.06573215126991272,0.6019096374511719,0.46421685814857483,0.7070739269256592,-0.18323665857315063,0.5531521439552307,right,151.31053014361703,1
937,31.264566666666667,93.3220386505127,,,,,,,,,,,,,,,,,,,,0.3473643362522125,0.49065956473350525,-0.16857264935970306,0.9999785423278809,0.39742618799209595,0.5883238911628723,-0.1370372623205185,0.6431971192359924,0.3831746578216553,0.6893030405044556,-0.08793305605649948,0.6104336977005005,0.464279443025589,0.7070664167404175,-0.20393776893615723,0.5624011754989624,right,148.1069007092121,1
938,31.297933333333333,92.84567832946777,,,,,,,,,,,,,,,,,,,,0.3448547124862671,0.4905444383621216,-0.16855542361736298,0.9999796748161316,0.40104442834854126,0.5882301330566406,-0.15632054209709167,0.6589187383651733,0.38074782490730286,0.6906205415725708,-0.12119236588478088,0.6273488402366638,0.463369756937027,0.7071554660797119,-0.23591925203800201,0.5808908343315125,right,144.71633499333478,1
939,31.3313,93.70088577270508,,,,,,,,,,,,,,,,,,,,0.3438662886619568,0.49039170145988464,-0.17014317214488983,0.9999808073043823,0.4021282196044922,0.5881816744804382,-0.163985475897789,0.6767708659172058,0.3794001340866089,0.6914069652557373,-0.12390267848968506,0.6463502645492554,0.4632982015609741,0.7070745825767517,-0.2383461594581604,0.6003414988517761,right,143.96185912788496,1
940,31.36466666666667,92.30422973632812,,,,,,,,,,,,,,,,,,,,0.34465304017066956,0.4907490015029907,-0.17065608501434326,0.9999814033508301,0.40266168117523193,0.5884978175163269,-0.1563473790884018,0.6831334829330444,0.37826791405677795,0.6918521523475647,-0.1079445406794548,0.6549009680747986,0.4631328582763672,0.7069054245948792,-0.22766774892807007,0.6087958216667175,right,144.31944783981336,1
941,31.398033333333334,93.21975708007812,,,,,,,,,,,,,,,,,,,,0.34509173035621643,0.4907723665237427,-0.1731797605752945,0.9999819993972778,0.4030197560787201,0.5887320637702942,-0.1557525098323822,0.6909938454627991,0.3780829608440399,0.6922035217285156,-0.1055159866809845,0.6632425785064697,0.4630891680717468,0.70643150806427,-0.22177301347255707,0.6159526109695435,right,144.73111852039435,1
942,31.4314,93.45602989196777,,,,,,,,,,,,,,,,,,,,0.34543102979660034,0.4907855987548828,-0.17373418807983398,0.9999826550483704,0.4029609262943268,0.5890610218048096,-0.1543201208114624,0.6984282732009888,0.3779134750366211,0.6925331354141235,-0.10430679470300674,0.6723290681838989,0.4629878103733063,0.7061293721199036,-0.22157761454582214,0.6242600679397583,right,145.14077083479694,1
943,31.464766666666666,92.43202209472656,,,,,,,,,,,,,,,,,,,,0.3452378809452057,0.490723192691803,-0.17411422729492188,0.9999834299087524,0.4028453528881073,0.5893963575363159,-0.15285424888134003,0.7028011679649353,0.37776365876197815,0.692851722240448,-0.10215029865503311,0.6792466044425964,0.4629627466201782,0.7058574557304382,-0.22187621891498566,0.629931628704071,right,145.43988065486425,1
944,31.498133333333335,93.14393997192383,,,,,,,,,,,,,,,,,,,,0.3445422053337097,0.4906943142414093,-0.17595405876636505,0.999984085559845,0.402297705411911,0.5896969437599182,-0.1526973992586136,0.7061644792556763,0.37775200605392456,0.693169891834259,-0.0986810252070427,0.6852933168411255,0.46321406960487366,0.7054136991500854,-0.21875548362731934,0.6338185667991638,right,146.036032282343,1
945,31.5315,92.87405014038086,,,,,,,,,,,,,,,,,,,,0.34462082386016846,0.4905237555503845,-0.17633287608623505,0.9999847412109375,0.40174680948257446,0.5899448990821838,-0.1505661904811859,0.7126299738883972,0.3777959644794464,0.6933466196060181,-0.09649716317653656,0.6940275430679321,0.46335121989250183,0.7050577998161316,-0.21804286539554596,0.641323983669281,right,146.73581735872995,1
946,31.564866666666667,93.83010864257812,,,,,,,,,,,,,,,,,,,,0.34473717212677,0.48994219303131104,-0.17669156193733215,0.99998539686203,0.4010874927043915,0.590317964553833,-0.14713872969150543,0.721259593963623,0.3778303861618042,0.6933662295341492,-0.08926589041948318,0.7039982080459595,0.46349582076072693,0.7049369812011719,-0.20987075567245483,0.650790274143219,right,147.32420401444153,1
947,31.598233333333333,94.20490264892578,,,,,,,,,,,,,,,,,,,,0.34502097964286804,0.4899449050426483,-0.17663609981536865,0.999985933303833,0.400084525346756,0.5906434655189514,-0.14449213445186615,0.7300750017166138,0.37783902883529663,0.6934275031089783,-0.08721359819173813,0.71369469165802,0.46350929141044617,0.704895555973053,-0.20766852796077728,0.6596702933311462,right,148.78030594867002,1
948,31.6316,93.92809867858887,,,,,,,,,,,,,,,,,,,,0.34506163001060486,0.489847332239151,-0.1758064180612564,0.9999863505363464,0.3986457586288452,0.590640127658844,-0.14030195772647858,0.7347944378852844,0.37784844636917114,0.6934101581573486,-0.08634310960769653,0.7209033370018005,0.4635360538959503,0.7048326134681702,-0.20556789636611938,0.6665571928024292,right,150.63679147591654,1
949,31.66496666666667,92.96298027038574,,,,,,,,,,,,,,,,,,,,0.34546512365341187,0.4898364841938019,-0.17578630149364471,0.9999865889549255,0.3961901068687439,0.5906943678855896,-0.13337503373622894,0.7368612289428711,0.37770912051200867,0.6934015154838562,-0.07458053529262543,0.724233865737915,0.4635371267795563,0.7047404646873474,-0.19382578134536743,0.6677308082580566,right,152.80417491998395,1
950,31.698333333333334,93.48607063293457,,,,,,,,,,,,,,,,,,,,0.34581059217453003,0.48972731828689575,-0.17573677003383636,0.9999868869781494,0.3944171667098999,0.5909703969955444,-0.13214151561260223,0.7397922277450562,0.3777521848678589,0.6933563947677612,-0.07384707033634186,0.7289804816246033,0.46354034543037415,0.7047431468963623,-0.19266264140605927,0.6704320311546326,right,153.67951600633467,1
951,31.7317,92.21100807189941,,,,,,,,,,,,,,,,,,,,0.34644147753715515,0.4895775616168976,-0.1755017340183258,0.9999872446060181,0.39139920473098755,0.591097891330719,-0.12814739346504211,0.7432383894920349,0.3776191174983978,0.6933948993682861,-0.07535062730312347,0.735152542591095,0.4634822607040405,0.7047559022903442,-0.19814720749855042,0.6740286946296692,right,156.7217875024687,1
952,31.765066666666666,93.03593635559082,,,,,,,,,,,,,,,,,,,,0.3477054238319397,0.48948997259140015,-0.17531201243400574,0.9999874234199524,0.3888988792896271,0.5911432504653931,-0.12478993833065033,0.7426882386207581,0.3771430253982544,0.6934229731559753,-0.07299457490444183,0.7362615466117859,0.46337711811065674,0.7046298980712891,-0.19694456458091736,0.6723158955574036,right,159.11316495563884,1
953,31.798433333333335,93.7967300415039,,,,,,,,,,,,,,,,,,,,0.34823372960090637,0.489397257566452,-0.17502883076667786,0.9999874234199524,0.38812005519866943,0.5914314389228821,-0.11859903484582901,0.7376071214675903,0.3769386410713196,0.6934168338775635,-0.06222723424434662,0.7331648468971252,0.46299341320991516,0.7046310305595398,-0.1878996193408966,0.6661117076873779,right,159.58770853863484,1
954,31.8318,92.42510795593262,,,,,,,,,,,,,,,,,,,,0.34886521100997925,0.48928767442703247,-0.17440518736839294,0.9999873638153076,0.3880133330821991,0.5915225148200989,-0.12018107622861862,0.7362145185470581,0.37686166167259216,0.6934138536453247,-0.06523004174232483,0.7319809198379517,0.4629431962966919,0.7046932578086853,-0.1897069811820984,0.6630991101264954,right,159.63147173595786,1
955,31.865166666666667,93.06120872497559,,,,,,,,,,,,,,,,,,,,0.34947413206100464,0.48927679657936096,-0.1743961125612259,0.9999874830245972,0.3883114755153656,0.591509222984314,-0.12112948298454285,0.7389309406280518,0.37673187255859375,0.6936696767807007,-0.07266927510499954,0.7359839677810669,0.4629427194595337,0.7047803401947021,-0.2023192048072815,0.6658818125724792,right,159.35979158478395,1
956,31.898533333333333,93.42312812805176,,,,,,,,,,,,,,,,,,,,0.35012853145599365,0.4893706142902374,-0.17438368499279022,0.9999876618385315,0.38844260573387146,0.5915542840957642,-0.12154008448123932,0.7413434982299805,0.376724511384964,0.6937366127967834,-0.07220490276813507,0.7383773922920227,0.4626956284046173,0.7051514387130737,-0.2012389600276947,0.6669126749038696,right,159.00518872695235,1
957,31.9319,94.40398216247559,,,,,,,,,,,,,,,,,,,,0.3499292731285095,0.4893587827682495,-0.1751376837491989,0.9999878406524658,0.3906806707382202,0.5914629101753235,-0.1369953155517578,0.7448343634605408,0.3767249882221222,0.6939254403114319,-0.09551933407783508,0.7394541501998901,0.4626978635787964,0.7056810259819031,-0.21719689667224884,0.6677783727645874,right,157.15672226353817,1
958,31.96526666666667,93.03903579711914,,,,,,,,,,,,,,,,,,,,0.3502240478992462,0.48920148611068726,-0.17511509358882904,0.9999879598617554,0.39337337017059326,0.5910083055496216,-0.1397670954465866,0.7487576603889465,0.3767472505569458,0.6939465999603271,-0.10273914784193039,0.7405645847320557,0.46286740899086,0.706173837184906,-0.22419807314872742,0.6686379909515381,right,156.35403097526265,1
959,31.998633333333334,93.27101707458496,,,,,,,,,,,,,,,,,,,,0.35046324133872986,0.48902463912963867,-0.17515799403190613,0.9999881982803345,0.3940061628818512,0.590880274772644,-0.1459488868713379,0.7578836679458618,0.3765634298324585,0.6944320201873779,-0.11242496222257614,0.7478706240653992,0.46271950006484985,0.7077849507331848,-0.2353857159614563,0.6767745018005371,right,155.5698826924339,1
960,32.032000000000004,93.17708015441895,,,,,,,,,,,,,,,,,,,,0.35157090425491333,0.48857611417770386,-0.1727837473154068,0.9999882578849792,0.39399388432502747,0.5903786420822144,-0.14401592314243317,0.7647344470024109,0.37636855244636536,0.6944674253463745,-0.11054250597953796,0.755034863948822,0.4620639979839325,0.708916962146759,-0.23543669283390045,0.6840800642967224,right,154.9451682388719,1
961,32.06536666666667,93.2471752166748,,,,,,,,,,,,,,,,,,,,0.3538781702518463,0.488580584526062,-0.17277055978775024,0.9999880790710449,0.39400920271873474,0.589593768119812,-0.13854527473449707,0.766830325126648,0.3764113783836365,0.6938866972923279,-0.09367977827787399,0.7604076862335205,0.4613710045814514,0.7098709344863892,-0.22880485653877258,0.6889618635177612,right,153.8831529657111,1
962,32.098733333333335,93.80793571472168,,,,,,,,,,,,,,,,,,,,0.3552628457546234,0.48858878016471863,-0.16850054264068604,0.9999879598617554,0.3941947817802429,0.589264452457428,-0.13215315341949463,0.7731426358222961,0.3763923943042755,0.6933006048202515,-0.08147667348384857,0.7700810432434082,0.4610615670681,0.7097960710525513,-0.21402163803577423,0.7000953555107117,right,153.0581313933834,1
963,32.1321,93.18327903747559,,,,,,,,,,,,,,,,,,,,0.35616716742515564,0.48761042952537537,-0.16727189719676971,0.9999882578849792,0.39397963881492615,0.5888466238975525,-0.13286177814006805,0.7822406888008118,0.376313716173172,0.6931563019752502,-0.09417717158794403,0.7812813520431519,0.4608941972255707,0.7096826434135437,-0.23105677962303162,0.7129185199737549,right,153.50907661083073,1
964,32.16546666666667,93.88065338134766,,,,,,,,,,,,,,,,,,,,0.35676971077919006,0.48764482140541077,-0.16723813116550446,0.9999885559082031,0.39287593960762024,0.588792622089386,-0.12630224227905273,0.7919289469718933,0.3763074278831482,0.6926306486129761,-0.09404118359088898,0.794760525226593,0.4610183537006378,0.7095928192138672,-0.23791156709194183,0.7284568548202515,right,154.61860747590356,1
965,32.19883333333333,93.07575225830078,,,,,,,,,,,,,,,,,,,,0.3566821217536926,0.4876098930835724,-0.16622525453567505,0.9999889731407166,0.390604168176651,0.5885697603225708,-0.1249869167804718,0.7995513677597046,0.3763076961040497,0.6920241713523865,-0.0995461568236351,0.8060376048088074,0.46113264560699463,0.7095538377761841,-0.24968010187149048,0.7419191598892212,right,155.74074733714164,1
966,32.2322,93.9328670501709,,,,,,,,,,,,,,,,,,,,0.3567129969596863,0.48727288842201233,-0.16575917601585388,0.9999891519546509,0.38866737484931946,0.5883060097694397,-0.1254384070634842,0.8025320172309875,0.3763969838619232,0.6919532418251038,-0.10086947679519653,0.811981737613678,0.46152395009994507,0.7094951868057251,-0.2504880726337433,0.7489357590675354,right,156.32184748673424,1
967,32.265566666666665,94.33603286743164,,,,,,,,,,,,,,,,,,,,0.35750409960746765,0.48728200793266296,-0.16590721905231476,0.9999892115592957,0.3871367275714874,0.5883358716964722,-0.13397382199764252,0.8064989447593689,0.3764318823814392,0.6920594573020935,-0.10785466432571411,0.8172150254249573,0.4618282616138458,0.7095358371734619,-0.2545766234397888,0.7554676532745361,right,156.78972083022433,1
968,32.29893333333333,93.62196922302246,,,,,,,,,,,,,,,,,,,,0.35896798968315125,0.48715028166770935,-0.16602925956249237,0.9999886155128479,0.3869251012802124,0.5888450741767883,-0.13515214622020721,0.7983537912368774,0.376435786485672,0.6923344135284424,-0.10750880092382431,0.8096271753311157,0.4618871212005615,0.7095629572868347,-0.2516469955444336,0.7469766736030579,right,157.36654133441138,1
969,32.332300000000004,94.36678886413574,,,,,,,,,,,,,,,,,,,,0.360118567943573,0.4868292808532715,-0.16654355823993683,0.9999879598617554,0.38700351119041443,0.5889043807983398,-0.1364862620830536,0.7870239615440369,0.37643691897392273,0.6926348209381104,-0.10619952529668808,0.7977859377861023,0.46178555488586426,0.709672749042511,-0.24782231450080872,0.7333821654319763,right,157.13844949291652,1
970,32.36566666666667,94.88606452941895,,,,,,,,,,,,,,,,,,,,0.36107102036476135,0.48662805557250977,-0.1656954288482666,0.9999874234199524,0.38802582025527954,0.589129626750946,-0.13472676277160645,0.7789539694786072,0.3764224350452423,0.692733645439148,-0.10059086233377457,0.7910348773002625,0.46080172061920166,0.7103666067123413,-0.23781327903270721,0.7261139154434204,right,156.62371721578236,1
971,32.399033333333335,92.62681007385254,,,,,,,,,,,,,,,,,,,,0.3615299463272095,0.48656970262527466,-0.16525506973266602,0.9999871253967285,0.3891931176185608,0.5891326665878296,-0.1346646249294281,0.771604597568512,0.3763476610183716,0.6927388906478882,-0.10034788399934769,0.7864378690719604,0.4600975215435028,0.710350751876831,-0.2378104329109192,0.7218400835990906,right,156.40860936538508,1
972,32.4324,93.39404106140137,,,,,,,,,,,,,,,,,,,,0.3621082305908203,0.48652762174606323,-0.1653221994638443,0.9999869465827942,0.39099788665771484,0.588982880115509,-0.13470926880836487,0.7689478993415833,0.3756321668624878,0.692570686340332,-0.10187297314405441,0.7846214175224304,0.45706644654273987,0.7103275656700134,-0.2415962517261505,0.7200413346290588,right,155.91335106917188,1
973,32.46576666666667,93.46890449523926,,,,,,,,,,,,,,,,,,,,0.3622927963733673,0.4863843619823456,-0.1661400943994522,0.9999869465827942,0.3913837671279907,0.588764488697052,-0.1375328004360199,0.7644669413566589,0.3747803270816803,0.6923871636390686,-0.11170932650566101,0.7813488245010376,0.45671430230140686,0.7099042534828186,-0.2570927143096924,0.7166470885276794,right,155.7039647119922,1
974,32.49913333333333,99.66278076171875,,,,,,,,,,,,,,,,,,,,0.3626822531223297,0.48630714416503906,-0.16552294790744781,0.9999867081642151,0.3913331627845764,0.5886092782020569,-0.137399360537529,0.7567649483680725,0.37446489930152893,0.6923426985740662,-0.11170878261327744,0.7742977142333984,0.45634016394615173,0.7093471884727478,-0.25501877069473267,0.7085798978805542,right,155.95192356125295,1
975,32.5325,96.08316421508789,,,,,,,,,,,,,,,,,,,,0.3628985583782196,0.4863905906677246,-0.16542938351631165,0.9999866485595703,0.38907089829444885,0.588435173034668,-0.1372787356376648,0.7531743049621582,0.3744935393333435,0.6923443675041199,-0.1121658906340599,0.7721632122993469,0.4562602639198303,0.7091583013534546,-0.25829416513442993,0.7056908011436462,right,156.4449834103655,1
976,32.565866666666665,93.14823150634766,,,,,,,,,,,,,,,,,,,,0.362851619720459,0.4863758087158203,-0.16544850170612335,0.999986469745636,0.3867988586425781,0.5884435176849365,-0.1372280716896057,0.751918613910675,0.37426966428756714,0.6924379467964172,-0.11133994162082672,0.7697581052780151,0.45578011870384216,0.7093806862831116,-0.2578599750995636,0.7023677825927734,right,157.3041822247582,1
977,32.59923333333333,93.92786026000977,,,,,,,,,,,,,,,,,,,,0.3628762364387512,0.4868544340133667,-0.16559872031211853,0.9999862909317017,0.38588467240333557,0.5884450078010559,-0.12922145426273346,0.7502305507659912,0.37420541048049927,0.6924787759780884,-0.09774698317050934,0.7698962688446045,0.45573151111602783,0.7099255323410034,-0.24309608340263367,0.7015142440795898,right,157.4853547264069,1
978,32.632600000000004,92.26608276367188,,,,,,,,,,,,,,,,,,,,0.3629542589187622,0.4874013066291809,-0.16695161163806915,0.9999858736991882,0.38449761271476746,0.5886353850364685,-0.11544642597436905,0.7375816106796265,0.37381842732429504,0.6928784251213074,-0.07043848186731339,0.7600812911987305,0.45570069551467896,0.7106665968894958,-0.2190975546836853,0.6891922950744629,right,158.163540129116,1
979,32.66596666666667,93.40500831604004,,,,,,,,,,,,,,,,,,,,0.36258235573768616,0.48741403222084045,-0.16756978631019592,0.9999857544898987,0.38405653834342957,0.5886364579200745,-0.11642351001501083,0.7320465445518494,0.3731051981449127,0.6933714747428894,-0.0762953907251358,0.7566955089569092,0.45545390248298645,0.7109766602516174,-0.22450006008148193,0.6842328906059265,right,158.29794228224497,1
980,32.699333333333335,94.39611434936523,,,,,,,,,,,,,,,,,,,,0.36239558458328247,0.48764240741729736,-0.16849249601364136,0.9999856352806091,0.38338926434516907,0.5887251496315002,-0.1064964234828949,0.7253270149230957,0.3727343678474426,0.6937674880027771,-0.057997241616249084,0.7521777749061584,0.4554722309112549,0.710953950881958,-0.2102368175983429,0.6774039268493652,right,158.62654087982773,1
981,32.7327,93.52612495422363,,,,,,,,,,,,,,,,,,,,0.3623521327972412,0.4879644811153412,-0.16853190958499908,0.9999852776527405,0.382220596075058,0.5888521671295166,-0.09952674806118011,0.7163585424423218,0.37254422903060913,0.6939178705215454,-0.046661626547575,0.7469755411148071,0.45535653829574585,0.710934042930603,-0.19748832285404205,0.6696168780326843,right,158.97778158873692,1
982,32.76606666666667,92.57888793945312,,,,,,,,,,,,,,,,,,,,0.3627668619155884,0.48849746584892273,-0.1679031401872635,0.9999848008155823,0.38138455152511597,0.5890843868255615,-0.08436808735132217,0.7000609040260315,0.3724249005317688,0.6939386129379272,-0.019756760448217392,0.7375673055648804,0.45538848638534546,0.7109168767929077,-0.1667623370885849,0.6575472950935364,right,159.54609200943017,1
983,32.79943333333333,93.32394599914551,,,,,,,,,,,,,,,,,,,,0.3613308370113373,0.4884888231754303,-0.16842612624168396,0.9999848008155823,0.3815251886844635,0.5886163115501404,-0.0913214236497879,0.6988243460655212,0.37221387028694153,0.6939655542373657,-0.03973294794559479,0.7417592406272888,0.4553917348384857,0.7110059261322021,-0.18555642664432526,0.6610392332077026,right,159.60031770192137,1
984,32.8328,93.43266487121582,,,,,,,,,,,,,,,,,,,,0.3604544997215271,0.4884888231754303,-0.16960616409778595,0.9999849796295166,0.3816276788711548,0.5884478688240051,-0.11257568746805191,0.7030652761459351,0.37176060676574707,0.6945739984512329,-0.09017996490001678,0.7487012147903442,0.45556578040122986,0.7110186815261841,-0.24584440886974335,0.668757438659668,right,159.68257550615297,1
985,32.866166666666665,94.08831596374512,,,,,,,,,,,,,,,,,,,,0.3591953217983246,0.4882955849170685,-0.1696656048297882,0.9999847412109375,0.3815371096134186,0.5881742238998413,-0.1260608285665512,0.6998991370201111,0.3716091513633728,0.694582998752594,-0.10414005070924759,0.7472809553146362,0.4557548463344574,0.7110463380813599,-0.2532206177711487,0.6681362390518188,right,159.41103658676658,1
986,32.89953333333333,93.2149887084961,,,,,,,,,,,,,,,,,,,,0.35770952701568604,0.4883796274662018,-0.17068053781986237,0.9999844431877136,0.3809860050678253,0.588206946849823,-0.12069640308618546,0.6927233338356018,0.37160950899124146,0.6946590542793274,-0.08833834528923035,0.744066596031189,0.45578640699386597,0.71104896068573,-0.2408253401517868,0.6636413335800171,right,159.59841929739932,1
987,32.932900000000004,94.6197509765625,,,,,,,,,,,,,,,,,,,,0.3574405908584595,0.4883754849433899,-0.170500710606575,0.9999841451644897,0.3803400695323944,0.5882981419563293,-0.1213681548833847,0.6886745691299438,0.3715289831161499,0.6947782039642334,-0.09023135155439377,0.7412717938423157,0.45577681064605713,0.7110479474067688,-0.23965980112552643,0.6604538559913635,right,159.6604550650756,1
988,32.96626666666667,92.81706809997559,,,,,,,,,,,,,,,,,,,,0.3579883575439453,0.4884415566921234,-0.17053893208503723,0.9999836087226868,0.3802433907985687,0.5884270071983337,-0.11638405919075012,0.6782115697860718,0.37150388956069946,0.6948170065879822,-0.07920503616333008,0.7332247495651245,0.45578429102897644,0.7110453844070435,-0.23140941560268402,0.6506657004356384,right,159.69314414332848,1
989,32.999633333333335,94.03204917907715,,,,,,,,,,,,,,,,,,,,0.35802215337753296,0.48932313919067383,-0.17019863426685333,0.9999828934669495,0.3799358010292053,0.5896630883216858,-0.10279131680727005,0.6617195010185242,0.37149447202682495,0.6949800252914429,-0.0459744930267334,0.7194043397903442,0.4557889401912689,0.7110429406166077,-0.19130636751651764,0.6355056166648865,right,159.54297772725562,1
990,33.033,94.34318542480469,,,,,,,,,,,,,,,,,,,,0.3587079346179962,0.490073561668396,-0.1701865941286087,0.9999822378158569,0.3799467980861664,0.590559184551239,-0.09437309950590134,0.6435876488685608,0.3715129792690277,0.695465624332428,-0.029495280236005783,0.7040727734565735,0.455797404050827,0.7111311554908752,-0.1734554022550583,0.6196167469024658,right,159.46605422085239,1
991,33.06636666666667,92.64683723449707,,,,,,,,,,,,,,,,,,,,0.35903850197792053,0.4906117618083954,-0.16940909624099731,0.9999810457229614,0.38011494278907776,0.5910195112228394,-0.09276241064071655,0.6229532957077026,0.3717961609363556,0.6955735087394714,-0.03370528295636177,0.6859045028686523,0.45631399750709534,0.7112695574760437,-0.17759613692760468,0.6015732288360596,right,159.49556396827924,1
992,33.09973333333333,92.76294708251953,,,,,,,,,,,,,,,,,,,,0.358980655670166,0.4907548129558563,-0.16891327500343323,0.9999805688858032,0.38046544790267944,0.5913618803024292,-0.09440441429615021,0.6124069690704346,0.37231630086898804,0.6955455541610718,-0.0392291285097599,0.6771256923675537,0.4565240740776062,0.7114141583442688,-0.18636320531368256,0.59336918592453,right,159.03783313454653,1
993,33.1331,93.45006942749023,,,,,,,,,,,,,,,,,,,,0.35766974091529846,0.49096760153770447,-0.1667906939983368,0.9999802112579346,0.3807452321052551,0.5914883017539978,-0.0948505848646164,0.6044098138809204,0.37271377444267273,0.6954630017280579,-0.0409383624792099,0.6711702346801758,0.4567132294178009,0.7116912603378296,-0.19059884548187256,0.588505208492279,right,158.29301008514298,1
994,33.166466666666665,94.59877014160156,,,,,,,,,,,,,,,,,,,,0.35720863938331604,0.4911489486694336,-0.16677170991897583,0.9999798536300659,0.38137131929397583,0.5914952158927917,-0.09775277227163315,0.5946004390716553,0.37287047505378723,0.6953622102737427,-0.04399280622601509,0.6647031903266907,0.4568946957588196,0.71177077293396,-0.19313564896583557,0.5827854871749878,right,157.8782565292563,1
995,33.19983333333333,94.46907043457031,,,,,,,,,,,,,,,,,,,,0.35575729608535767,0.4913392961025238,-0.1641206294298172,0.999979555606842,0.38143664598464966,0.5918773412704468,-0.10263822227716446,0.5846980214118958,0.3729608654975891,0.6953127384185791,-0.04751443862915039,0.6586949825286865,0.45694756507873535,0.7117903232574463,-0.1932433545589447,0.5779603719711304,right,157.34590380640947,1
996,33.233200000000004,94.72203254699707,,,,,,,,,,,,,,,,,,,,0.3533606231212616,0.4929351210594177,-0.16419993340969086,0.9999791979789734,0.38195934891700745,0.5918907523155212,-0.10077022016048431,0.5614171028137207,0.3729974925518036,0.6953012347221375,-0.04495427757501602,0.6453574895858765,0.45696747303009033,0.7119250893592834,-0.19446229934692383,0.5657089352607727,right,157.28295707554773,1
997,33.26656666666667,95.08490562438965,,,,,,,,,,,,,,,,,,,,0.35206472873687744,0.4962654411792755,-0.16437171399593353,0.9999788403511047,0.383222371339798,0.5919851064682007,-0.09431320428848267,0.5296619534492493,0.3731321096420288,0.6952968835830688,-0.027014538645744324,0.6213577389717102,0.4570419192314148,0.7121020555496216,-0.17615196108818054,0.5434899926185608,right,156.95827336303626,1
998,33.299933333333335,93.88279914855957,,,,,,,,,,,,,,,,,,,,0.35081151127815247,0.5000245571136475,-0.1640285700559616,0.9999788403511047,0.38589930534362793,0.5919776558876038,-0.09469433128833771,0.5125887393951416,0.37319648265838623,0.6952930092811584,-0.033489029854536057,0.6193299889564514,0.45753830671310425,0.7121447324752808,-0.17899291217327118,0.5417100787162781,right,154.85826188981008,1
999,33.3333,92.73409843444824,,,,,,,,,,,,,,,,,,,,0.3488030731678009,0.5019348859786987,-0.16442646086215973,0.9999794363975525,0.38845282793045044,0.5919656157493591,-0.09991447627544403,0.5205357074737549,0.37318482995033264,0.6953943967819214,-0.05765629559755325,0.6377618908882141,0.45783087611198425,0.7121940851211548,-0.2114725261926651,0.56131511926651,right,152.38834725607023,1
1000,33.36666666666667,93.67990493774414,,,,,,,,,,,,,,,,,,,,0.34390851855278015,0.5036450624465942,-0.16511867940425873,0.999980092048645,0.3912093937397003,0.5917179584503174,-0.11212864518165588,0.5066449642181396,0.37292975187301636,0.6953848600387573,-0.07662263512611389,0.637317955493927,0.45676717162132263,0.7122496962547302,-0.23257802426815033,0.5623916983604431,right,149.49159500377849,1
1001,33.40003333333333,92.36788749694824,,,,,,,,,,,,,,,,,,,,0.3369888663291931,0.5037280321121216,-0.16409507393836975,0.999981164932251,0.39643460512161255,0.5909035801887512,-0.12433145195245743,0.518659234046936,0.3726228177547455,0.695199728012085,-0.09692607820034027,0.6578665971755981,0.4544771611690521,0.7126996517181396,-0.2509143650531769,0.5868673324584961,right,143.96316663576758,1
1002,33.4334,93.30916404724121,,,,,,,,,,,,,,,,,,,,0.33026424050331116,0.5050685405731201,-0.16414745151996613,0.9999822378158569,0.3974614441394806,0.5906715393066406,-0.15193939208984375,0.5353999733924866,0.37257707118988037,0.6950995922088623,-0.13692207634449005,0.6763492226600647,0.45418408513069153,0.7131947875022888,-0.2841466963291168,0.6091771721839905,right,141.0585111471469,1
1003,33.466766666666665,92.7591323852539,,,,,,,,,,,,,,,,,,,,0.32366272807121277,0.5063601136207581,-0.16406284272670746,0.9999829530715942,0.4013064503669739,0.590259850025177,-0.14571073651313782,0.5503746271133423,0.37382909655570984,0.6943375468254089,-0.12153276801109314,0.6896430850028992,0.45620980858802795,0.712671160697937,-0.25889137387275696,0.626153290271759,right,136.34540655407318,1
1004,33.50013333333333,93.62101554870605,,,,,,,,,,,,,,,,,,,,0.3203737437725067,0.507439911365509,-0.16887494921684265,0.9999837279319763,0.4040767252445221,0.5903043746948242,-0.1392941027879715,0.5688208341598511,0.3770877420902252,0.6942991614341736,-0.10780445486307144,0.7034509181976318,0.45728442072868347,0.7126392126083374,-0.23761481046676636,0.6430161595344543,right,134.5078592549767,1
1005,33.533500000000004,93.31583976745605,,,,,,,,,,,,,,,,,,,,0.3125147521495819,0.5076771378517151,-0.1685427874326706,0.9999843239784241,0.4051300883293152,0.5905333757400513,-0.1364501714706421,0.5837599039077759,0.3769530653953552,0.6944600939750671,-0.10236284136772156,0.7156420946121216,0.4566172957420349,0.7126300930976868,-0.22318756580352783,0.6581679582595825,right,131.04838805363596,1
1006,33.56686666666667,93.7809944152832,,,,,,,,,,,,,,,,,,,,0.30879679322242737,0.507308304309845,-0.16501040756702423,0.9999849200248718,0.4062410891056061,0.5906673669815063,-0.14021243155002594,0.6037881374359131,0.37642642855644226,0.6944529414176941,-0.11487626284360886,0.7301569581031799,0.4566032588481903,0.7114763855934143,-0.2284066528081894,0.6746256351470947,right,130.00059797489948,1
1007,33.600233333333335,93.52302551269531,,,,,,,,,,,,,,,,,,,,0.30864036083221436,0.5082276463508606,-0.16678713262081146,0.9999856352806091,0.40947937965393066,0.5909262895584106,-0.1405216008424759,0.6270338892936707,0.3762359321117401,0.6943751573562622,-0.11853566765785217,0.7471327781677246,0.4568660259246826,0.709187388420105,-0.23405995965003967,0.6941505670547485,right,129.19130516362748,1
1008,33.6336,92.88287162780762,,,,,,,,,,,,,,,,,,,,0.3101881742477417,0.5101184248924255,-0.16707180440425873,0.9999864101409912,0.41562899947166443,0.5911200642585754,-0.13934284448623657,0.6535386443138123,0.37615644931793213,0.6932520270347595,-0.09639820456504822,0.7650443911552429,0.45713701844215393,0.7088865637779236,-0.18399403989315033,0.7143625020980835,right,121.6458256636065,1
1009,33.66696666666667,92.30494499206543,,,,,,,,,,,,,,,,,,,,0.30964937806129456,0.512668251991272,-0.170248880982399,0.9999871850013733,0.41953009366989136,0.5919504761695862,-0.12943018972873688,0.6799805760383606,0.3760821521282196,0.6932750940322876,-0.041715219616889954,0.7824263572692871,0.45716342329978943,0.7089547514915466,-0.1168878972530365,0.7338786721229553,right,116.65605931243468,1
1010,33.70033333333333,94.09689903259277,,,,,,,,,,,,,,,,,,,,0.3066946864128113,0.5137232542037964,-0.1747024804353714,0.9999877214431763,0.4216890037059784,0.5921846628189087,-0.1452459692955017,0.6981294751167297,0.37614157795906067,0.6925254464149475,-0.058101627975702286,0.7917330265045166,0.4580981731414795,0.7077969908714294,-0.13114941120147705,0.7441723942756653,right,114.57787841837185,1
1011,33.7337,94.09093856811523,,,,,,,,,,,,,,,,,,,,0.30519405007362366,0.5144256949424744,-0.17415468394756317,0.9999882578849792,0.42678695917129517,0.5923991799354553,-0.15635304152965546,0.7155663371086121,0.3760583698749542,0.6923995614051819,-0.0591006800532341,0.8020385503768921,0.45822107791900635,0.7062481045722961,-0.13946186006069183,0.756823718547821,right,109.53723124067392,1
1012,33.767066666666665,93.88208389282227,,,,,,,,,,,,,,,,,,,,0.3047432601451874,0.515699028968811,-0.17783889174461365,0.999988853931427,0.4289637506008148,0.5927512049674988,-0.15585438907146454,0.7366763353347778,0.37617430090904236,0.692008912563324,-0.06487826257944107,0.8155251145362854,0.4582197368144989,0.7058724761009216,-0.1375933289527893,0.772758424282074,right,108.83474546757301,1
1013,33.80043333333333,93.85490417480469,,,,,,,,,,,,,,,,,,,,0.3030751347541809,0.5174788236618042,-0.1804313212633133,0.9999895691871643,0.4306533932685852,0.5933284163475037,-0.16060830652713776,0.7558773756027222,0.37623462080955505,0.6918137073516846,-0.06815791130065918,0.8281670808792114,0.4583192765712738,0.7050254344940186,-0.1396920084953308,0.788573682308197,right,108.35345643911687,1
1014,33.833800000000004,94.04802322387695,,,,,,,,,,,,,,,,,,,,0.30135053396224976,0.51875901222229,-0.18280960619449615,0.9999903440475464,0.4319915473461151,0.5935309529304504,-0.1717132031917572,0.7753738164901733,0.3762577474117279,0.6927012205123901,-0.0870475023984909,0.8411353826522827,0.45853716135025024,0.7050172686576843,-0.14632540941238403,0.8046309947967529,right,107.63687916780637,1
1015,33.86716666666667,93.90521049499512,,,,,,,,,,,,,,,,,,,,0.3001943826675415,0.5201402902603149,-0.18187052011489868,0.9999909996986389,0.4324815273284912,0.5939161777496338,-0.17183947563171387,0.7931027412414551,0.37661218643188477,0.6949170827865601,-0.0989231988787651,0.8534572124481201,0.4601278305053711,0.7051717042922974,-0.15544132888317108,0.8197368383407593,right,108.54111174408276,1
1016,33.900533333333335,92.66495704650879,,,,,,,,,,,,,,,,,,,,0.29839080572128296,0.522039532661438,-0.18270684778690338,0.9999914169311523,0.4318011701107025,0.5940390229225159,-0.18331198394298553,0.8053624033927917,0.3766002953052521,0.6948455572128296,-0.11546588689088821,0.8616732954978943,0.46009019017219543,0.705254316329956,-0.1859380006790161,0.8308609127998352,right,108.18873453085803,1
1017,33.9339,94.22898292541504,,,,,,,,,,,,,,,,,,,,0.2971722483634949,0.5237337350845337,-0.18345721065998077,0.9999919533729553,0.4311700165271759,0.594864010810852,-0.18249599635601044,0.8200430274009705,0.3760928511619568,0.695126473903656,-0.11216515302658081,0.8720656633377075,0.45971766114234924,0.705987274646759,-0.1832665652036667,0.8437873125076294,right,107.76505789059246,1
1018,33.96726666666667,93.04404258728027,,,,,,,,,,,,,,,,,,,,0.29565924406051636,0.5244603157043457,-0.18291018903255463,0.9999924302101135,0.43122968077659607,0.5951772332191467,-0.18884295225143433,0.8317258358001709,0.37579983472824097,0.6950772404670715,-0.1351841688156128,0.8804927468299866,0.45964521169662476,0.7063830494880676,-0.2099018096923828,0.8544033765792847,right,107.13224410172147,1
1019,34.00063333333333,93.94097328186035,,,,,,,,,,,,,,,,,,,,0.2947625517845154,0.5252801775932312,-0.18284274637699127,0.9999927282333374,0.43238142132759094,0.5953438878059387,-0.18985360860824585,0.8417330384254456,0.37579938769340515,0.6950579881668091,-0.13266022503376007,0.8879336714744568,0.4599139988422394,0.7062321901321411,-0.20435963571071625,0.8643901348114014,right,106.76237972302158,1
1020,34.034,93.53780746459961,,,,,,,,,,,,,,,,,,,,0.2941354513168335,0.5258514285087585,-0.18180525302886963,0.9999930262565613,0.43261274695396423,0.5956355333328247,-0.1927480250597,0.8504523038864136,0.3756400942802429,0.6950152516365051,-0.14305201172828674,0.8951161503791809,0.4599069058895111,0.7058335542678833,-0.22264093160629272,0.8741194009780884,right,106.68480710446643,1
1021,34.067366666666665,93.62602233886719,,,,,,,,,,,,,,,,,,,,0.2935341000556946,0.5268689393997192,-0.18155933916568756,0.9999932646751404,0.4327293932437897,0.5961970686912537,-0.19354870915412903,0.8588892221450806,0.3747609555721283,0.6950601935386658,-0.13666845858097076,0.90138840675354,0.4597157835960388,0.7049899697303772,-0.21318209171295166,0.8826754093170166,right,106.79247642901912,1
1022,34.10073333333333,93.71018409729004,,,,,,,,,,,,,,,,,,,,0.29239246249198914,0.5276443362236023,-0.1832277625799179,0.9999936819076538,0.43298280239105225,0.5965171456336975,-0.19179566204547882,0.868341326713562,0.37479719519615173,0.6950722336769104,-0.13136935234069824,0.9081188440322876,0.45999014377593994,0.7045279145240784,-0.2096421718597412,0.891181230545044,right,107.46082245662853,1
1023,34.134100000000004,93.69015693664551,,,,,,,,,,,,,,,,,,,,0.29130515456199646,0.5285658836364746,-0.18298761546611786,0.9999939799308777,0.4329928755760193,0.5969420671463013,-0.19148442149162292,0.8784017562866211,0.3750181198120117,0.6952905654907227,-0.12920528650283813,0.9152805209159851,0.46003517508506775,0.7046025395393372,-0.2066306322813034,0.9000468254089355,right,107.61626776973473,1
1024,34.16746666666667,93.99604797363281,,,,,,,,,,,,,,,,,,,,0.2915208041667938,0.5294191837310791,-0.1830095648765564,0.9999943375587463,0.43467456102371216,0.5970430970191956,-0.19220249354839325,0.8887421488761902,0.37480783462524414,0.6960221529006958,-0.1292809545993805,0.9224589467048645,0.4598928391933441,0.7046506404876709,-0.1984754055738449,0.9086527228355408,right,107.8129566864242,1
1025,34.200833333333335,93.57094764709473,,,,,,,,,,,,,,,,,,,,0.2914636433124542,0.5302606225013733,-0.18129494786262512,0.9999945759773254,0.43616384267807007,0.5970240235328674,-0.18690422177314758,0.8971495032310486,0.37481826543807983,0.6959712505340576,-0.1149098128080368,0.92840176820755,0.4595853388309479,0.704668402671814,-0.16816407442092896,0.9159336686134338,right,107.4537682607785,1
1026,34.2342,93.90521049499512,,,,,,,,,,,,,,,,,,,,0.2914474308490753,0.5311649441719055,-0.18023231625556946,0.9999948143959045,0.43678316473960876,0.597216010093689,-0.18356318771839142,0.9053642749786377,0.3751697242259979,0.6959483027458191,-0.11479823291301727,0.9342575073242188,0.4597838819026947,0.7048570513725281,-0.1704026609659195,0.923059344291687,right,107.61969073165615,1
1027,34.26756666666667,93.24121475219727,,,,,,,,,,,,,,,,,,,,0.2915964722633362,0.5322533845901489,-0.17984578013420105,0.9999948143959045,0.4371706247329712,0.5971986651420593,-0.17830336093902588,0.9112379550933838,0.375549852848053,0.6958191394805908,-0.10205797851085663,0.9384871125221252,0.45976874232292175,0.7049011588096619,-0.15411826968193054,0.9284952878952026,right,107.34641540561758,1
1028,34.30093333333333,94.29383277893066,,,,,,,,,,,,,,,,,,,,0.29172617197036743,0.5336748957633972,-0.17948149144649506,0.9999949336051941,0.43821415305137634,0.5972729325294495,-0.1783854365348816,0.9175814390182495,0.3756897747516632,0.6959080100059509,-0.10437415540218353,0.9430961608886719,0.4597725570201874,0.7053800821304321,-0.16172541677951813,0.9341395497322083,right,106.99515731642327,1
1029,34.3343,94.2835807800293,,,,,,,,,,,,,,,,,,,,0.2919028103351593,0.5345515012741089,-0.1797778457403183,0.9999949932098389,0.4405395984649658,0.5972585082054138,-0.17845667898654938,0.9222499132156372,0.37636199593544006,0.6957287192344666,-0.10361534357070923,0.9465563893318176,0.46010780334472656,0.705394446849823,-0.16062147915363312,0.9385385513305664,right,105.74393984623073,1
1030,34.367666666666665,93.7049388885498,,,,,,,,,,,,,,,,,,,,0.29203346371650696,0.5356178283691406,-0.18030324578285217,0.9999951720237732,0.44197285175323486,0.5972665548324585,-0.17966991662979126,0.9285312294960022,0.3773581385612488,0.6956609487533569,-0.09710416197776794,0.9508342742919922,0.4601087272167206,0.7057573795318604,-0.13421916961669922,0.943490743637085,right,105.03522407706068,1
1031,34.40103333333333,93.31512451171875,,,,,,,,,,,,,,,,,,,,0.29222896695137024,0.5362631678581238,-0.18159492313861847,0.9999953508377075,0.4436537027359009,0.5972682237625122,-0.1843230128288269,0.9340371489524841,0.37716448307037354,0.6957775950431824,-0.09936985373497009,0.9545150995254517,0.459891676902771,0.7063038349151611,-0.14111120998859406,0.9477407932281494,right,103.36436697179347,1
1032,34.434400000000004,92.87190437316895,,,,,,,,,,,,,,,,,,,,0.2922881543636322,0.5369202494621277,-0.18157681822776794,0.9999955296516418,0.44476500153541565,0.5977133512496948,-0.18337330222129822,0.9391053318977356,0.377155601978302,0.6960645914077759,-0.09214457869529724,0.9578741192817688,0.4598518908023834,0.7062274813652039,-0.1287267655134201,0.9516125321388245,right,102.85572777344358,1
1033,34.46776666666667,93.26410293579102,,,,,,,,,,,,,,,,,,,,0.2923147678375244,0.5374964475631714,-0.1814160943031311,0.9999957084655762,0.44577932357788086,0.5980222821235657,-0.18996399641036987,0.9441757798194885,0.3768252730369568,0.6967294216156006,-0.10737539082765579,0.9613335728645325,0.4598503112792969,0.7063799500465393,-0.12941041588783264,0.9555653929710388,right,102.40713303123165,1
1034,34.501133333333335,94.41494941711426,,,,,,,,,,,,,,,,,,,,0.2920088469982147,0.537407636642456,-0.17966799437999725,0.9999957084655762,0.44594424962997437,0.5978662967681885,-0.18941359221935272,0.9472543597221375,0.3769698143005371,0.6962143182754517,-0.10980256646871567,0.9632389545440674,0.4598328769207001,0.7062947750091553,-0.13495564460754395,0.9581541419029236,right,101.26873614366265,1
1035,34.5345,93.90425682067871,,,,,,,,,,,,,,,,,,,,0.2917802631855011,0.5375053882598877,-0.17940442264080048,0.9999958872795105,0.4457433223724365,0.5983684062957764,-0.18928945064544678,0.9513432383537292,0.3767849802970886,0.6963700652122498,-0.11527439206838608,0.9660543203353882,0.45984330773353577,0.706631064414978,-0.1443071961402893,0.9614858627319336,right,101.50044820289136,1
1036,34.56786666666667,93.38021278381348,,,,,,,,,,,,,,,,,,,,0.2914591431617737,0.5377200841903687,-0.1799434870481491,0.9999960660934448,0.4458523690700531,0.5986061096191406,-0.20042477548122406,0.9547100067138672,0.37670546770095825,0.6966990828514099,-0.14322300255298615,0.9682134985923767,0.4598422348499298,0.7071834206581116,-0.19579878449440002,0.9641034603118896,right,101.65038154330337,1
1037,34.60123333333333,94.49100494384766,,,,,,,,,,,,,,,,,,,,0.2910522520542145,0.5379053950309753,-0.17993946373462677,0.9999961853027344,0.4461078643798828,0.5985173583030701,-0.21045920252799988,0.9579094052314758,0.3765873908996582,0.6966745257377625,-0.16976384818553925,0.9703652858734131,0.45972970128059387,0.7073996067047119,-0.2281470000743866,0.9667328000068665,right,100.908430532244,1
1038,34.6346,93.25003623962402,,,,,,,,,,,,,,,,,,,,0.29063671827316284,0.5381048917770386,-0.17937171459197998,0.9999963045120239,0.4460870623588562,0.5984968543052673,-0.20913685858249664,0.9605445265769958,0.37667417526245117,0.6962215304374695,-0.16423241794109344,0.9720344543457031,0.4597049951553345,0.707392156124115,-0.21805450320243835,0.9688336253166199,right,99.98748660460576,1
1039,34.667966666666665,92.94390678405762,,,,,,,,,,,,,,,,,,,,0.2900017499923706,0.5385247468948364,-0.17883941531181335,0.9999964237213135,0.44629284739494324,0.5982165932655334,-0.20617462694644928,0.9632851481437683,0.37666597962379456,0.6947938203811646,-0.16019070148468018,0.973861038684845,0.459092915058136,0.7071179151535034,-0.20992358028888702,0.9710342884063721,right,97.4741110655588,1
1040,34.70133333333333,92.93007850646973,,,,,,,,,,,,,,,,,,,,0.2899443507194519,0.5395272970199585,-0.1794268935918808,0.999996542930603,0.44700366258621216,0.5981908440589905,-0.20799528062343597,0.9660556316375732,0.3767648935317993,0.6948303580284119,-0.1706465184688568,0.975726842880249,0.4591124355792999,0.707222044467926,-0.21819697320461273,0.973210334777832,right,96.41779609831165,1
1041,34.734700000000004,93.10197830200195,,,,,,,,,,,,,,,,,,,,0.2896527945995331,0.5400378108024597,-0.1788882613182068,0.9999966621398926,0.4471576511859894,0.5983220934867859,-0.20644882321357727,0.9687032103538513,0.3768443763256073,0.6948464512825012,-0.1691713035106659,0.9775599241256714,0.45933452248573303,0.7071386575698853,-0.2134707272052765,0.9753305315971375,right,96.68986769939818,1
1042,34.76806666666667,92.84520149230957,,,,,,,,,,,,,,,,,,,,0.28910383582115173,0.540510892868042,-0.17888201773166656,0.9999967217445374,0.44758695363998413,0.5984891057014465,-0.20531222224235535,0.9705358147621155,0.37701138854026794,0.6948426961898804,-0.16277696192264557,0.9787329435348511,0.45925626158714294,0.7075363993644714,-0.21205583214759827,0.9768936038017273,right,95.84213896933859,1
1043,34.801433333333335,92.57078170776367,,,,,,,,,,,,,,,,,,,,0.28912001848220825,0.5411072969436646,-0.18061746656894684,0.9999967217445374,0.44825395941734314,0.5985909104347229,-0.20792502164840698,0.971714198589325,0.37737491726875305,0.6948537230491638,-0.16230250895023346,0.979283332824707,0.4593072235584259,0.7075318694114685,-0.20878401398658752,0.9778085947036743,right,94.49222010884668,1
1044,34.8348,94.38800811767578,,,,,,,,,,,,,,,,,,,,0.28935059905052185,0.5415765047073364,-0.1820867359638214,0.9999967217445374,0.44860729575157166,0.5989128351211548,-0.20721925795078278,0.973208487033844,0.37753450870513916,0.6948266625404358,-0.1516675502061844,0.9801090359687805,0.45930778980255127,0.7074666619300842,-0.19984550774097443,0.9788607358932495,right,93.93000800697168,1
1045,34.86816666666667,93.9788818359375,,,,,,,,,,,,,,,,,,,,0.28936097025871277,0.5421685576438904,-0.1820114701986313,0.9999967217445374,0.4492279887199402,0.5993014574050903,-0.19436591863632202,0.9744848608970642,0.3775571882724762,0.6948395371437073,-0.12726204097270966,0.9808797836303711,0.45932912826538086,0.7079775333404541,-0.16985371708869934,0.9799202084541321,right,93.9271215509535,1
1046,34.90153333333333,93.48201751708984,,,,,,,,,,,,,,,,,,,,0.2892243564128876,0.542331337928772,-0.18229733407497406,0.9999967217445374,0.4496055543422699,0.5994555950164795,-0.19428646564483643,0.9757501482963562,0.3776881992816925,0.6948774456977844,-0.12321866303682327,0.9816243648529053,0.4594229757785797,0.7084978818893433,-0.16683407127857208,0.9808304309844971,right,93.55605411037973,1
1047,34.9349,94.23017501831055,,,,,,,,,,,,,,,,,,,,0.28896135091781616,0.5427647233009338,-0.18143853545188904,0.9999967217445374,0.4497097432613373,0.6001803874969482,-0.1866050362586975,0.9770956039428711,0.37774959206581116,0.6949842572212219,-0.10552415996789932,0.9825350642204285,0.4593889117240906,0.7094194889068604,-0.1378103494644165,0.9818626046180725,right,94.07164294975993,1
1048,34.968266666666665,93.43719482421875,,,,,,,,,,,,,,,,,,,,0.2891942858695984,0.5429695844650269,-0.18101157248020172,0.9999967217445374,0.4500342309474945,0.6004804968833923,-0.18656010925769806,0.9782524704933167,0.37802234292030334,0.6949514746665955,-0.10934615880250931,0.9832912683486938,0.45938166975975037,0.7095194458961487,-0.14563027024269104,0.9826956391334534,right,94.00458013876649,1
1049,35.00163333333333,93.92714500427246,,,,,,,,,,,,,,,,,,,,0.2893002927303314,0.5432165861129761,-0.17863711714744568,0.9999966621398926,0.4506644308567047,0.6005070805549622,-0.18438607454299927,0.9787791967391968,0.37852296233177185,0.6944356560707092,-0.1056756004691124,0.983483076095581,0.45955535769462585,0.7082309126853943,-0.13978706300258636,0.9831016063690186,right,93.13500843693146,1
1050,35.035000000000004,93.2159423828125,,,,,,,,,,,,,,,,,,,,0.28932076692581177,0.5433222055435181,-0.1771107316017151,0.9999966025352478,0.4512231647968292,0.6004963517189026,-0.17863743007183075,0.9794893860816956,0.37910622358322144,0.6940869688987732,-0.10051129758358002,0.9839557409286499,0.4597879946231842,0.7076057195663452,-0.12950626015663147,0.9837048649787903,right,92.72704972720797,1
1051,35.06836666666667,91.75801277160645,,,,,,,,,,,,,,,,,,,,0.28938648104667664,0.5436565279960632,-0.17453211545944214,0.9999964833259583,0.4516856074333191,0.6004879474639893,-0.16521058976650238,0.980225682258606,0.3793998956680298,0.6938741207122803,-0.08305363357067108,0.9845432043075562,0.45981350541114807,0.7073433995246887,-0.11188670247793198,0.9844311475753784,right,92.81703655532824,1
1052,35.101733333333335,94.01488304138184,,,,,,,,,,,,,,,,,,,,0.2891746759414673,0.5445409417152405,-0.17401383817195892,0.9999964237213135,0.4518384039402008,0.600561261177063,-0.16930298507213593,0.9811137318611145,0.37945082783699036,0.6938900351524353,-0.09171215444803238,0.9852221012115479,0.45967599749565125,0.7078515887260437,-0.11829447001218796,0.9852495193481445,right,92.72797800939793,1
1053,35.1351,94.70319747924805,,,,,,,,,,,,,,,,,,,,0.28811588883399963,0.5447450280189514,-0.17343425750732422,0.9999964237213135,0.45182156562805176,0.6007435917854309,-0.1712600588798523,0.9818588495254517,0.37941494584083557,0.6941328644752502,-0.1044597178697586,0.9856732487678528,0.45974889397621155,0.708265483379364,-0.13723896443843842,0.9858748316764832,right,93.01906745552002,1
1054,35.16846666666667,93.60289573669434,,,,,,,,,,,,,,,,,,,,0.2875101864337921,0.5448142886161804,-0.17345626652240753,0.9999964237213135,0.4518144130706787,0.6009671092033386,-0.1728655993938446,0.9825887084007263,0.3792547583580017,0.6944209933280945,-0.10566698014736176,0.9861578941345215,0.45975011587142944,0.7084566354751587,-0.13910803198814392,0.9865163564682007,right,93.5178894029986,1
1055,35.20183333333333,93.31607818603516,,,,,,,,,,,,,,,,,,,,0.2870500385761261,0.544830322265625,-0.174349844455719,0.9999964237213135,0.451805055141449,0.6011141538619995,-0.17371080815792084,0.9833041429519653,0.37839266657829285,0.6946598887443542,-0.10190922021865845,0.9865420460700989,0.459587424993515,0.7087202072143555,-0.1350928395986557,0.9870271682739258,right,93.80671839923461,1
1056,35.2352,93.00589561462402,,,,,,,,,,,,,,,,,,,,0.2869448959827423,0.5447958111763,-0.17849516868591309,0.9999963641166687,0.45182371139526367,0.6011107563972473,-0.175777867436409,0.9837797284126282,0.3782184422016144,0.6946777701377869,-0.10848905146121979,0.9866647720336914,0.4594542682170868,0.7089153528213501,-0.151325523853302,0.9872722029685974,right,94.10949736221482,1
1057,35.268566666666665,93.37592124938965,,,,,,,,,,,,,,,,,,,,0.2869512736797333,0.5447826385498047,-0.18161018192768097,0.9999963641166687,0.451833039522171,0.6011082530021667,-0.18787820637226105,0.9842129945755005,0.3781823217868805,0.6947394013404846,-0.11572083830833435,0.9867547750473022,0.45945289731025696,0.7089785933494568,-0.1627444177865982,0.9874062538146973,right,94.31886130720135,1
1058,35.30193333333333,93.2319164276123,,,,,,,,,,,,,,,,,,,,0.28669312596321106,0.5447914600372314,-0.1820458173751831,0.9999963641166687,0.45182809233665466,0.6011600494384766,-0.18876661360263824,0.9848363399505615,0.37804922461509705,0.6950937509536743,-0.1193263977766037,0.9870772957801819,0.45949772000312805,0.7089977860450745,-0.16357381641864777,0.9878314137458801,right,94.67975538439372,1
1059,35.335300000000004,93.16611289978027,,,,,,,,,,,,,,,,,,,,0.28657981753349304,0.5447848439216614,-0.18186300992965698,0.9999963641166687,0.45177119970321655,0.6012760996818542,-0.18864090740680695,0.9852819442749023,0.37797272205352783,0.6954472064971924,-0.12321391701698303,0.9872930645942688,0.45952343940734863,0.7090098261833191,-0.16608279943466187,0.9881660342216492,right,95.07962309758919,1
1060,35.36866666666667,93.09840202331543,,,,,,,,,,,,,,,,,,,,0.28635528683662415,0.5448130369186401,-0.1829463541507721,0.9999963045120239,0.45174816250801086,0.6013088822364807,-0.1891830712556839,0.9853564500808716,0.3780023157596588,0.6955387592315674,-0.13756828010082245,0.9872466921806335,0.45955079793930054,0.7090085744857788,-0.18872897326946259,0.98825603723526,right,95.28799895143888,1
1061,35.402033333333335,93.27387809753418,,,,,,,,,,,,,,,,,,,,0.28627678751945496,0.5446747541427612,-0.18293353915214539,0.9999963641166687,0.45160093903541565,0.6013355851173401,-0.20241960883140564,0.9855700731277466,0.37814754247665405,0.695587158203125,-0.16032674908638,0.9871904253959656,0.4595755636692047,0.7090198993682861,-0.21822696924209595,0.9883034229278564,right,95.97913861020959,1
1062,35.4354,92.56124496459961,,,,,,,,,,,,,,,,,,,,0.2863476276397705,0.5446135401725769,-0.18294693529605865,0.9999963641166687,0.4513632655143738,0.6013544201850891,-0.20465095341205597,0.9857625365257263,0.378147155046463,0.695678174495697,-0.15714214742183685,0.9871722459793091,0.4595886468887329,0.7091192007064819,-0.21559913456439972,0.9883046746253967,right,96.02156262737049,1
1063,35.46876666666667,92.77629852294922,,,,,,,,,,,,,,,,,,,,0.2865906059741974,0.5445836782455444,-0.1820678412914276,0.9999963641166687,0.45104077458381653,0.6014207601547241,-0.20221538841724396,0.9862100481987,0.37811070680618286,0.6959850788116455,-0.1495852917432785,0.9874961972236633,0.45960745215415955,0.7092256546020508,-0.2019745409488678,0.9886117577552795,right,96.09667288287098,1
1064,35.50213333333333,93.55401992797852,,,,,,,,,,,,,,,,,,,,0.28659364581108093,0.5443156361579895,-0.18079720437526703,0.9999963641166687,0.45080846548080444,0.6013779044151306,-0.20248587429523468,0.9862550497055054,0.3780277371406555,0.696111798286438,-0.15069372951984406,0.9874035716056824,0.45959413051605225,0.7094429135322571,-0.20650072395801544,0.9885140657424927,right,96.15222292267269,1
1065,35.5355,95.06678581237793,,,,,,,,,,,,,,,,,,,,0.2865597903728485,0.5439115166664124,-0.17963583767414093,0.9999963641166687,0.45040321350097656,0.6013696789741516,-0.20150920748710632,0.9864155054092407,0.37801769375801086,0.6961122751235962,-0.14946559071540833,0.9874688982963562,0.45958518981933594,0.7096999287605286,-0.20116417109966278,0.9884753823280334,right,96.37565398442544,1
1066,35.568866666666665,95.07322311401367,,,,,,,,,,,,,,,,,,,,0.28645843267440796,0.5437353849411011,-0.17857395112514496,0.9999963641166687,0.44991952180862427,0.6013672947883606,-0.2010660171508789,0.986596941947937,0.3780258893966675,0.6961080431938171,-0.13736949861049652,0.9875144362449646,0.45958882570266724,0.709752082824707,-0.18454258143901825,0.9885545372962952,right,96.50985555615192,1
1067,35.60223333333333,94.5131778717041,,,,,,,,,,,,,,,,,,,,0.28667399287223816,0.5433894395828247,-0.17827065289020538,0.9999963641166687,0.4491971433162689,0.6013029217720032,-0.20712341368198395,0.986463725566864,0.37814512848854065,0.6958959102630615,-0.16286101937294006,0.9872443079948425,0.45958399772644043,0.7097688913345337,-0.21277303993701935,0.9883522987365723,right,97.07659014496373,1
1068,35.635600000000004,93.60694885253906,,,,,,,,,,,,,,,,,,,,0.2868170142173767,0.5430719256401062,-0.1764184534549713,0.9999963045120239,0.44850555062294006,0.6011727452278137,-0.20587100088596344,0.986749529838562,0.3785942494869232,0.6957420110702515,-0.1717342883348465,0.987518846988678,0.4595886468887329,0.7097798585891724,-0.21726083755493164,0.9886876344680786,right,98.37663884086133,1
1069,35.66896666666667,94.37227249145508,,,,,,,,,,,,,,,,,,,,0.28682762384414673,0.5426775217056274,-0.174458846449852,0.9999961853027344,0.44802671670913696,0.6010171175003052,-0.20647433400154114,0.9865168333053589,0.37902143597602844,0.6954502463340759,-0.17273499071598053,0.9873462319374084,0.4595872461795807,0.709740400314331,-0.2224736213684082,0.988490879535675,right,98.92933446779607,1
1070,35.702333333333335,93.7800407409668,,,,,,,,,,,,,,,,,,,,0.2863098978996277,0.5421898365020752,-0.17433157563209534,0.9999961256980896,0.44771596789360046,0.6006739735603333,-0.20577043294906616,0.9865323901176453,0.3790720999240875,0.695294201374054,-0.16690675914287567,0.9874774217605591,0.45959052443504333,0.7098218202590942,-0.21574808657169342,0.988584041595459,right,99.08512923268974,1
1071,35.7357,93.55497360229492,,,,,,,,,,,,,,,,,,,,0.2858719527721405,0.5414546728134155,-0.17442414164543152,0.9999960660934448,0.44729089736938477,0.6002753973007202,-0.20543910562992096,0.9863110780715942,0.3790440261363983,0.6952047348022461,-0.16461990773677826,0.987373948097229,0.4595964550971985,0.7100167870521545,-0.2134154736995697,0.9884419441223145,right,99.4577883220034,1
1072,35.76906666666667,93.66178512573242,,,,,,,,,,,,,,,,,,,,0.28502118587493896,0.5409820079803467,-0.17462407052516937,0.9999960660934448,0.44547000527381897,0.5999089479446411,-0.21513789892196655,0.9861888289451599,0.3790383040904999,0.6946401000022888,-0.1877075880765915,0.9873178005218506,0.4595528841018677,0.7099996209144592,-0.24326273798942566,0.9884278178215027,right,100.2342031262774,1
1073,35.80243333333333,94.20895576477051,,,,,,,,,,,,,,,,,,,,0.284511923789978,0.5405696630477905,-0.1790071278810501,0.9999960660934448,0.4444080889225006,0.5998714566230774,-0.21912941336631775,0.9855929613113403,0.37892478704452515,0.694629430770874,-0.1789991855621338,0.9866653084754944,0.4594978094100952,0.7098342180252075,-0.2344319075345993,0.9875559210777283,right,100.8442306269435,1
1074,35.8358,94.24018859863281,,,,,,,,,,,,,,,,,,,,0.2843228578567505,0.5402747988700867,-0.17879091203212738,0.9999960064888,0.4431585371494293,0.5997818112373352,-0.21843190491199493,0.9851566553115845,0.37866508960723877,0.6946213245391846,-0.18108075857162476,0.9862201809883118,0.4594709277153015,0.7097784280776978,-0.23954620957374573,0.9870893359184265,right,101.43737816217495,1
1075,35.869166666666665,92.79513359069824,,,,,,,,,,,,,,,,,,,,0.28383326530456543,0.5400512218475342,-0.17877933382987976,0.9999958872795105,0.44216039776802063,0.5997079610824585,-0.21704751253128052,0.9838435053825378,0.3785735070705414,0.6944810748100281,-0.174682155251503,0.9847021698951721,0.45942866802215576,0.7097736597061157,-0.23398436605930328,0.985474169254303,right,101.30012215188262,1
1076,35.90253333333333,93.13797950744629,,,,,,,,,,,,,,,,,,,,0.2829916179180145,0.5398291945457458,-0.17913818359375,0.9999958276748657,0.44168606400489807,0.5994784832000732,-0.2165735810995102,0.982687771320343,0.37846219539642334,0.6943515539169312,-0.17306481301784515,0.983535647392273,0.459369421005249,0.7097740769386292,-0.2327868640422821,0.9840899109840393,right,101.23111777752271,1
1077,35.935900000000004,94.66385841369629,,,,,,,,,,,,,,,,,,,,0.28275731205940247,0.5396260619163513,-0.1795300543308258,0.9999958276748657,0.44119951128959656,0.5993342995643616,-0.2169521152973175,0.9821242690086365,0.37831535935401917,0.6941966414451599,-0.17949339747428894,0.9829441905021667,0.45929065346717834,0.7097827792167664,-0.24452339112758636,0.9832014441490173,right,101.29040358221846,1
1078,35.96926666666667,94.02322769165039,,,,,,,,,,,,,,,,,,,,0.2827727198600769,0.5394784212112427,-0.17953696846961975,0.9999958276748657,0.4409838020801544,0.5992616415023804,-0.21648816764354706,0.9816215634346008,0.37828829884529114,0.6938312649726868,-0.1757853776216507,0.9823099374771118,0.45921674370765686,0.7097436785697937,-0.2397426962852478,0.9823083877563477,right,101.31200082140586,1
1079,36.002633333333335,93.86277198791504,,,,,,,,,,,,,,,,,,,,0.28284475207328796,0.5391817688941956,-0.1795351654291153,0.9999958276748657,0.4408721327781677,0.5991397500038147,-0.21577535569667816,0.9816229939460754,0.37828439474105835,0.6933007836341858,-0.1748286336660385,0.9823194742202759,0.4592088460922241,0.7096271514892578,-0.2366453856229782,0.9821292757987976,right,101.41589171878057,1
1080,36.036,94.0098762512207,,,,,,,,,,,,,,,,,,,,0.2830149233341217,0.5390189290046692,-0.17953774333000183,0.9999958276748657,0.44071996212005615,0.5990439057350159,-0.21551251411437988,0.9817332625389099,0.3782804608345032,0.6930824518203735,-0.17455360293388367,0.9824410080909729,0.45921534299850464,0.7094205021858215,-0.2350437343120575,0.9819985628128052,right,101.61855016661038,1
1081,36.06936666666667,93.75572204589844,,,,,,,,,,,,,,,,,,,,0.28399863839149475,0.5386074781417847,-0.18073250353336334,0.9999958276748657,0.44069695472717285,0.5986403226852417,-0.21653810143470764,0.98173588514328,0.3783073425292969,0.6921856999397278,-0.18077799677848816,0.9825571179389954,0.4591720998287201,0.7090970873832703,-0.24658137559890747,0.9819158911705017,right,101.54514356452734,1
1082,36.10273333333333,94.15221214294434,,,,,,,,,,,,,,,,,,,,0.28426507115364075,0.5379428863525391,-0.18192264437675476,0.9999958276748657,0.44006019830703735,0.598422110080719,-0.22867248952388763,0.9817901253700256,0.3782598376274109,0.6919206380844116,-0.21425077319145203,0.9826774001121521,0.45910778641700745,0.7089071273803711,-0.2895330786705017,0.9818854331970215,right,102.32111416630825,1
1083,36.1361,93.10412406921387,,,,,,,,,,,,,,,,,,,,0.2848421037197113,0.5375334620475769,-0.18146386742591858,0.9999958276748657,0.4396693706512451,0.5984231233596802,-0.21945379674434662,0.9817839860916138,0.37807318568229675,0.6921622157096863,-0.2085018903017044,0.9827364683151245,0.4591159224510193,0.7088162302970886,-0.2766993045806885,0.9817981123924255,right,103.44009794357443,1
1084,36.169466666666665,95.17908096313477,,,,,,,,,,,,,,,,,,,,0.2851622700691223,0.5370163321495056,-0.18147066235542297,0.9999958872795105,0.43883296847343445,0.5983657836914062,-0.21823625266551971,0.9818088412284851,0.37780359387397766,0.6921747922897339,-0.20144487917423248,0.9827771782875061,0.4591173231601715,0.708618700504303,-0.2641741633415222,0.9818010926246643,right,103.94094533289946,1
1085,36.20283333333333,94.09308433532715,,,,,,,,,,,,,,,,,,,,0.2855183482170105,0.536041259765625,-0.18131786584854126,0.9999958872795105,0.43708086013793945,0.598330557346344,-0.21042677760124207,0.981689989566803,0.3775791525840759,0.6923849582672119,-0.17469996213912964,0.9827860593795776,0.45911455154418945,0.7083140015602112,-0.2414156049489975,0.98160719871521,right,105.12035622465572,1
1086,36.236200000000004,92.70906448364258,,,,,,,,,,,,,,,,,,,,0.28569310903549194,0.5342060327529907,-0.1805422306060791,0.9999958872795105,0.43593937158584595,0.5976622700691223,-0.2096147984266281,0.9808009266853333,0.3775638937950134,0.6922755837440491,-0.17474524676799774,0.9817291498184204,0.4591045677661896,0.7080366611480713,-0.24408866465091705,0.980381429195404,right,105.97741993115932,1
1087,36.26956666666667,93.60814094543457,,,,,,,,,,,,,,,,,,,,0.28592124581336975,0.5325605273246765,-0.18039612472057343,0.9999958276748657,0.43462222814559937,0.5972415208816528,-0.20706221461296082,0.9788472056388855,0.37773218750953674,0.6913349032402039,-0.16441185772418976,0.9798809885978699,0.4591059982776642,0.7076590061187744,-0.2417261153459549,0.9781584739685059,right,106.63084721373963,1
1088,36.302933333333335,96.36616706848145,,,,,,,,,,,,,,,,,,,,0.2866034209728241,0.530768871307373,-0.1793476939201355,0.999995768070221,0.4339602291584015,0.5970871448516846,-0.18757759034633636,0.9775711297988892,0.37773340940475464,0.6913564801216125,-0.11713986843824387,0.9790045619010925,0.45921552181243896,0.7074362635612488,-0.18816113471984863,0.9767619967460632,right,106.84405258063137,1
1089,36.3363,93.23906898498535,,,,,,,,,,,,,,,,,,,,0.2874320447444916,0.5286049842834473,-0.17831620573997498,0.9999956488609314,0.4330335259437561,0.5967763066291809,-0.17448100447654724,0.975234866142273,0.3778538405895233,0.6912443041801453,-0.09946855902671814,0.9770917296409607,0.45921462774276733,0.7068336606025696,-0.17100369930267334,0.9741026759147644,right,108.3306909858158,1
1090,36.36966666666667,94.57278251647949,,,,,,,,,,,,,,,,,,,,0.28782856464385986,0.5273047685623169,-0.17842663824558258,0.9999955892562866,0.4313051998615265,0.596638560295105,-0.16557982563972473,0.973243772983551,0.3777748644351959,0.6915462017059326,-0.08139786869287491,0.975939929485321,0.45921382308006287,0.7066033482551575,-0.15773968398571014,0.9719187021255493,right,111.03736961378515,1
1091,36.40303333333333,93.12915802001953,,,,,,,,,,,,,,,,,,,,0.28958389163017273,0.5233226418495178,-0.17805437743663788,0.9999954104423523,0.42897656559944153,0.596340537071228,-0.1564740538597107,0.9693176746368408,0.3776591718196869,0.6924747228622437,-0.07781816273927689,0.9733723402023315,0.45992425084114075,0.7063977718353271,-0.1573670357465744,0.9677106142044067,right,113.56527748225204,1
1092,36.4364,93.25528144836426,,,,,,,,,,,,,,,,,,,,0.29083922505378723,0.5199713706970215,-0.17715364694595337,0.9999950528144836,0.4269886612892151,0.5961033701896667,-0.14862750470638275,0.9641333818435669,0.377611368894577,0.6925025582313538,-0.07129917293787003,0.9700512886047363,0.459947794675827,0.7059421539306641,-0.15003085136413574,0.9622637033462524,right,115.45446427261258,1
1093,36.469766666666665,93.03903579711914,,,,,,,,,,,,,,,,,,,,0.2916950285434723,0.5171191692352295,-0.1762315183877945,0.9999948143959045,0.42385903000831604,0.595894992351532,-0.1596602499485016,0.9595829248428345,0.3777012526988983,0.6928833723068237,-0.09151751548051834,0.9662171602249146,0.46056923270225525,0.7052048444747925,-0.1671922504901886,0.9570583701133728,right,117.18199846184643,1
1094,36.50313333333333,92.70787239074707,,,,,,,,,,,,,,,,,,,,0.29593396186828613,0.515195906162262,-0.17565174400806427,0.9999942183494568,0.42327791452407837,0.5951583385467529,-0.15996292233467102,0.9516217708587646,0.37767332792282104,0.692946195602417,-0.09211856126785278,0.9605499505996704,0.46063631772994995,0.703039288520813,-0.1721077859401703,0.9495083093643188,right,118.83649224283137,1
1095,36.536500000000004,93.99795532226562,,,,,,,,,,,,,,,,,,,,0.2989863455295563,0.5135886073112488,-0.1709267944097519,0.9999938011169434,0.42105892300605774,0.5949644446372986,-0.14117494225502014,0.9380783438682556,0.3774224817752838,0.692730188369751,-0.06654803454875946,0.9509157538414001,0.4600340723991394,0.7026116847991943,-0.1461809277534485,0.9380529522895813,right,121.46338879779226,1
1096,36.56986666666667,92.34309196472168,,,,,,,,,,,,,,,,,,,,0.30083557963371277,0.5119658708572388,-0.1692008227109909,0.9999931454658508,0.4189406931400299,0.5945762991905212,-0.13758255541324615,0.9212587475776672,0.3769620656967163,0.692639946937561,-0.05753638595342636,0.9397044777870178,0.4600195288658142,0.702204704284668,-0.14129969477653503,0.924089789390564,right,124.97834901559474,1
1097,36.603233333333336,94.63119506835938,,,,,,,,,,,,,,,,,,,,0.3060339391231537,0.5104400515556335,-0.16801553964614868,0.9999927878379822,0.41790056228637695,0.5943201780319214,-0.13014660775661469,0.9116948843002319,0.3762863576412201,0.6929291486740112,-0.053356822580099106,0.9346491098403931,0.4599093496799469,0.7023312449455261,-0.14137394726276398,0.916377604007721,right,129.47462816561344,1
1098,36.6366,94.27714347839355,,,,,,,,,,,,,,,,,,,,0.3111787736415863,0.5069526433944702,-0.1683078110218048,0.999992311000824,0.41633340716362,0.5936073064804077,-0.13027594983577728,0.9056629538536072,0.3762805163860321,0.6929517984390259,-0.05888856574892998,0.9317626953125,0.4601649045944214,0.7023180723190308,-0.149063378572464,0.9109296202659607,right,134.38007902199737,1
1099,36.66996666666667,92.68403053283691,,,,,,,,,,,,,,,,,,,,0.31605589389801025,0.5029768347740173,-0.16860279440879822,0.9999919533729553,0.41411590576171875,0.5931253433227539,-0.12352760881185532,0.8970310091972351,0.3762145936489105,0.6929667592048645,-0.06660274416208267,0.9275028705596924,0.4600565731525421,0.702390730381012,-0.17761580646038055,0.9028794765472412,right,140.41445857335287,1
1100,36.70333333333333,92.12708473205566,,,,,,,,,,,,,,,,,,,,0.3238987922668457,0.4992799460887909,-0.16902324557304382,0.9999917149543762,0.4116469919681549,0.5921129584312439,-0.10545109957456589,0.8860029578208923,0.37643182277679443,0.6928612589836121,-0.049256276339292526,0.9236488342285156,0.4603602886199951,0.7024413347244263,-0.17537352442741394,0.8942239284515381,right,144.7253531683649,1
1101,36.7367,93.34826469421387,,,,,,,,,,,,,,,,,,,,0.32718297839164734,0.49691104888916016,-0.16914427280426025,0.9999905824661255,0.4086407721042633,0.5916280746459961,-0.10288675129413605,0.8642132878303528,0.37622833251953125,0.6928600072860718,-0.047867387533187866,0.9136093258857727,0.4603770077228546,0.7033993005752563,-0.17486312985420227,0.878838837146759,right,144.87050627484908,1
1102,36.770066666666665,93.60575675964355,,,,,,,,,,,,,,,,,,,,0.33035141229629517,0.4918564260005951,-0.17063170671463013,0.9999902844429016,0.4045215845108032,0.5907348990440369,-0.11569744348526001,0.8556198477745056,0.3763369917869568,0.6931251287460327,-0.10147981345653534,0.9084452390670776,0.4603758454322815,0.705653727054596,-0.23597508668899536,0.869757890701294,right,148.13083846755782,1
1103,36.80343333333333,92.71073341369629,,,,,,,,,,,,,,,,,,,,0.3351494073867798,0.4898320734500885,-0.1631215661764145,0.9999890327453613,0.3989763855934143,0.5904681086540222,-0.12170066684484482,0.8418821692466736,0.3753202557563782,0.6926238536834717,-0.1095576286315918,0.8974206447601318,0.4598402678966522,0.7061895132064819,-0.2312362641096115,0.8538541197776794,right,150.22253213618401,1
1104,36.836800000000004,92.51904487609863,,,,,,,,,,,,,,,,,,,,0.33904293179512024,0.4879900813102722,-0.15920782089233398,0.9999873638153076,0.39246928691864014,0.5899817943572998,-0.13354653120040894,0.8188016414642334,0.37516212463378906,0.6925614476203918,-0.13325633108615875,0.8758663535118103,0.4596933424472809,0.7068192362785339,-0.25808054208755493,0.8271226286888123,right,155.49458761087004,1
1105,36.87016666666667,92.89789199829102,,,,,,,,,,,,,,,,,,,,0.3463817536830902,0.4878070056438446,-0.15848717093467712,0.9999860525131226,0.38924741744995117,0.5900252461433411,-0.13396619260311127,0.8002001643180847,0.3751527965068817,0.6929062008857727,-0.13462884724140167,0.862497091293335,0.4589794874191284,0.7082411646842957,-0.26722294092178345,0.8094825148582458,right,157.86562055440473,1
1106,36.903533333333336,93.47796440124512,,,,,,,,,,,,,,,,,,,,0.35296329855918884,0.48891884088516235,-0.1596352458000183,0.9999852776527405,0.3879145681858063,0.5901418924331665,-0.1452869176864624,0.7979265451431274,0.37506482005119324,0.6931549906730652,-0.146986186504364,0.8614871501922607,0.4581521153450012,0.7080851197242737,-0.28685903549194336,0.8078669905662537,right,156.56977141148977,1
1107,36.9369,94.39802169799805,,,,,,,,,,,,,,,,,,,,0.359222412109375,0.4880524277687073,-0.16037094593048096,0.9999849200248718,0.3858366012573242,0.59046870470047,-0.1508871614933014,0.785597562789917,0.37536993622779846,0.6936749219894409,-0.15451011061668396,0.8514233827590942,0.4584571123123169,0.7083280086517334,-0.30265966057777405,0.7962920069694519,right,158.70056023151886,1
1108,36.97026666666667,93.4457778930664,,,,,,,,,,,,,,,,,,,,0.3646623194217682,0.48806828260421753,-0.16088074445724487,0.9999843835830688,0.3835027515888214,0.5902031064033508,-0.14939287304878235,0.7712523341178894,0.3751180171966553,0.6932651400566101,-0.14079639315605164,0.8408318161964417,0.4591517746448517,0.7084630131721497,-0.2875688672065735,0.7839583158493042,right,159.9334910239436,1
1109,37.00363333333333,93.90473365783691,,,,,,,,,,,,,,,,,,,,0.37080150842666626,0.48576873540878296,-0.1642528921365738,0.9999826550483704,0.3835085928440094,0.5896856188774109,-0.14185284078121185,0.7362669706344604,0.3737011253833771,0.6932650804519653,-0.13780167698860168,0.8089735507965088,0.45827600359916687,0.7083939909934998,-0.27874520421028137,0.7497714161872864,right,159.43423942032072,1
1110,37.037,93.7798023223877,,,,,,,,,,,,,,,,,,,,0.3768216371536255,0.48584219813346863,-0.16503313183784485,0.9999796748161316,0.38209134340286255,0.5897443890571594,-0.13207848370075226,0.6892309188842773,0.3731559216976166,0.6932806372642517,-0.10519654303789139,0.7600963711738586,0.4545731842517853,0.7087931036949158,-0.2486988753080368,0.7018420100212097,right,160.54205636473986,1
1111,37.070366666666665,93.22595596313477,,,,,,,,,,,,,,,,,,,,0.3803570568561554,0.4843240976333618,-0.16502344608306885,0.9999783635139465,0.38282957673072815,0.5888792872428894,-0.1322619915008545,0.6639313697814941,0.3740909993648529,0.6932768225669861,-0.11579898744821548,0.7365821003913879,0.4546014368534088,0.7105092406272888,-0.2685282528400421,0.6776489019393921,right,160.27406757493156,1
1112,37.10373333333333,93.6589241027832,,,,,,,,,,,,,,,,,,,,0.3849206864833832,0.4843403697013855,-0.16681310534477234,0.9999781847000122,0.38385313749313354,0.5880325436592102,-0.13081446290016174,0.6472851037979126,0.3739335536956787,0.6932560801506042,-0.12112583220005035,0.724140465259552,0.45470669865608215,0.7131928205490112,-0.2814042270183563,0.6644070744514465,right,159.74987947810604,1
1113,37.137100000000004,92.5149917602539,,,,,,,,,,,,,,,,,,,,0.38580530881881714,0.4842589795589447,-0.1708933264017105,0.9999785423278809,0.3840365409851074,0.5875769853591919,-0.13143087923526764,0.6364212036132812,0.373624324798584,0.693788468837738,-0.13319316506385803,0.7177442908287048,0.4548579454421997,0.7139250040054321,-0.29161861538887024,0.6575372815132141,right,159.48648676109568,1
1114,37.17046666666667,93.34230422973633,,,,,,,,,,,,,,,,,,,,0.38880228996276855,0.4840303659439087,-0.17131710052490234,0.9999783039093018,0.3847081661224365,0.5873382687568665,-0.11845672130584717,0.6184593439102173,0.3735950291156769,0.6937621235847473,-0.12175298482179642,0.70847088098526,0.4549429416656494,0.714149534702301,-0.28798648715019226,0.6481921076774597,right,160.0330215371287,1
1115,37.203833333333336,93.53995323181152,,,,,,,,,,,,,,,,,,,,0.39001643657684326,0.4840236008167267,-0.17471253871917725,0.9999787211418152,0.38608476519584656,0.5873376727104187,-0.12564346194267273,0.610907793045044,0.3735765814781189,0.6939480900764465,-0.12315302342176437,0.7042836546897888,0.45516061782836914,0.7141221165657043,-0.28315991163253784,0.6449633836746216,right,159.9357786285173,1
1116,37.2372,94.03109550476074,,,,,,,,,,,,,,,,,,,,0.39010846614837646,0.4843024015426636,-0.16638536751270294,0.9999787211418152,0.38694873452186584,0.5873906016349792,-0.11536440253257751,0.5943843722343445,0.3736826777458191,0.6936630606651306,-0.09860239177942276,0.6929939985275269,0.45573890209198,0.713699460029602,-0.24023613333702087,0.6366753578186035,right,161.3068768817721,1
1117,37.27056666666667,94.50197219848633,,,,,,,,,,,,,,,,,,,,0.39095380902290344,0.48426198959350586,-0.16747574508190155,0.9999792575836182,0.38801246881484985,0.5874243974685669,-0.1183406189084053,0.5891715288162231,0.3752083480358124,0.692830502986908,-0.09630822390317917,0.6871418952941895,0.45606788992881775,0.7133503556251526,-0.24336488544940948,0.6324495077133179,right,163.0588488719175,1
1118,37.30393333333333,93.40739250183105,,,,,,,,,,,,,,,,,,,,0.3932250738143921,0.483824223279953,-0.17269453406333923,0.9999797940254211,0.39075198769569397,0.5874415040016174,-0.12178269773721695,0.5857197642326355,0.376312792301178,0.6924579739570618,-0.09949958324432373,0.6857432126998901,0.4552426338195801,0.7135396599769592,-0.2515746057033539,0.631784200668335,right,162.4725412338351,1
1119,37.3373,93.8100814819336,,,,,,,,,,,,,,,,,,,,0.395452618598938,0.48331737518310547,-0.17457568645477295,0.9999806880950928,0.39159855246543884,0.58734530210495,-0.13802611827850342,0.5956658720970154,0.3769073188304901,0.6924248933792114,-0.10843759030103683,0.6938088536262512,0.4552766978740692,0.7135366201400757,-0.27141302824020386,0.6413983106613159,right,163.4814239303538,1
1120,37.370666666666665,93.22428703308105,,,,,,,,,,,,,,,,,,,,0.39535725116729736,0.4825434386730194,-0.1708952784538269,0.9999812245368958,0.3943527638912201,0.5869702100753784,-0.1392572820186615,0.5912340879440308,0.37688350677490234,0.6923728585243225,-0.13364757597446442,0.6907468438148499,0.45561355352401733,0.7134538888931274,-0.2948560416698456,0.6397997140884399,right,163.89555923233038,1
1121,37.40403333333333,93.26481819152832,,,,,,,,,,,,,,,,,,,,0.39565348625183105,0.4820414185523987,-0.17082729935646057,0.9999817609786987,0.3956671357154846,0.5867910981178284,-0.1438271552324295,0.5894116759300232,0.37686169147491455,0.6922644972801208,-0.1407947689294815,0.6868481636047363,0.4557305574417114,0.7131068706512451,-0.29677680134773254,0.6373290419578552,right,163.44729404033805,1
1122,37.437400000000004,94.40183639526367,,,,,,,,,,,,,,,,,,,,0.39734339714050293,0.48211613297462463,-0.17008081078529358,0.9999822378158569,0.3965783715248108,0.5870574116706848,-0.14338375627994537,0.5890740752220154,0.37690016627311707,0.6921399831771851,-0.13587501645088196,0.6873244643211365,0.45548856258392334,0.7132443785667419,-0.2912299335002899,0.6394158005714417,right,162.74459680034258,1
1123,37.47076666666667,93.66393089294434,,,,,,,,,,,,,,,,,,,,0.3975924551486969,0.48218631744384766,-0.16854505240917206,0.9999825954437256,0.3987921178340912,0.587121307849884,-0.1459142118692398,0.5898036360740662,0.3768714666366577,0.6921411156654358,-0.14432570338249207,0.6910257339477539,0.4547271430492401,0.7136138677597046,-0.3015693724155426,0.6451533436775208,right,162.2632733314986,1
1124,37.504133333333336,93.68085861206055,,,,,,,,,,,,,,,,,,,,0.3983305096626282,0.48216965794563293,-0.16322170197963715,0.9999820590019226,0.39918234944343567,0.5873072743415833,-0.14164265990257263,0.5758063197135925,0.3768584728240967,0.6921250820159912,-0.1346496194601059,0.6820694208145142,0.4542897045612335,0.713595449924469,-0.2884218990802765,0.6387890577316284,right,162.46828885503533,1
1125,37.5375,94.36511993408203,,,,,,,,,,,,,,,,,,,,0.3988354504108429,0.48150721192359924,-0.16335320472717285,0.9999814629554749,0.39968135952949524,0.5872538089752197,-0.1446780115365982,0.5547969341278076,0.37704014778137207,0.6919340491294861,-0.1324922740459442,0.6625062823295593,0.4554149806499481,0.7135571241378784,-0.2809865176677704,0.621084451675415,right,162.71007660106855,1
1126,37.57086666666667,93.72282028198242,,,,,,,,,,,,,,,,,,,,0.40038633346557617,0.48155561089515686,-0.16339778900146484,0.9999816417694092,0.3998129665851593,0.5876782536506653,-0.1427978277206421,0.5495746731758118,0.3769688308238983,0.6919310092926025,-0.13077513873577118,0.6593056321144104,0.45576006174087524,0.7130986452102661,-0.2761785089969635,0.6207388639450073,right,163.33439927238106,1
1127,37.60423333333333,94.1469669342041,,,,,,,,,,,,,,,,,,,,0.4004203677177429,0.48158884048461914,-0.16559237241744995,0.9999825954437256,0.3997390568256378,0.5881662368774414,-0.1481325924396515,0.5666311979293823,0.37634792923927307,0.6926583647727966,-0.13778971135616302,0.6726444363594055,0.45593369007110596,0.7131055593490601,-0.2883095443248749,0.6363999843597412,right,163.22377396612814,1
1128,37.6376,93.52803230285645,,,,,,,,,,,,,,,,,,,,0.40051567554473877,0.4816438555717468,-0.16767525672912598,0.999983549118042,0.40005460381507874,0.5881067514419556,-0.14767895638942719,0.5883712768554688,0.37605226039886475,0.692724883556366,-0.14131002128124237,0.691438615322113,0.4563533365726471,0.7130981683731079,-0.29953810572624207,0.6567239761352539,right,162.95695394616075,1
1129,37.670966666666665,94.04587745666504,,,,,,,,,,,,,,,,,,,,0.4013636112213135,0.4823971688747406,-0.1677371710538864,0.999984085559845,0.4004358947277069,0.5884130001068115,-0.14162741601467133,0.5971038937568665,0.3756401836872101,0.6927221417427063,-0.11612247675657272,0.6996051669120789,0.4564429819583893,0.7129157185554504,-0.2729041874408722,0.6662377119064331,right,162.7790607502439,1
1130,37.70433333333333,94.45405006408691,,,,,,,,,,,,,,,,,,,,0.40112799406051636,0.48230886459350586,-0.16791504621505737,0.9999846816062927,0.40076181292533875,0.5883118510246277,-0.14313942193984985,0.6070521473884583,0.37544044852256775,0.6927010416984558,-0.11627033352851868,0.707074761390686,0.456628680229187,0.7127414345741272,-0.27027761936187744,0.6755773425102234,right,162.54397558817328,1
1131,37.737700000000004,94.60616111755371,,,,,,,,,,,,,,,,,,,,0.4010889530181885,0.4823116362094879,-0.16840316355228424,0.99998539686203,0.4007507860660553,0.588305652141571,-0.14275740087032318,0.6236188411712646,0.37510889768600464,0.692692220211029,-0.11376963555812836,0.7204447388648987,0.4566871225833893,0.7125361561775208,-0.26839151978492737,0.6901320219039917,right,162.33756606299616,1
1132,37.77106666666667,93.71685981750488,,,,,,,,,,,,,,,,,,,,0.4004705250263214,0.48255178332328796,-0.1666145622730255,0.9999858140945435,0.40038609504699707,0.5883158445358276,-0.1386033594608307,0.6339259743690491,0.3746841549873352,0.6926891207695007,-0.10661371052265167,0.729449987411499,0.4566841423511505,0.7125015258789062,-0.257247656583786,0.7003174424171448,right,162.22821071822892,1
1133,37.804433333333336,91.78709983825684,,,,,,,,,,,,,,,,,,,,0.399090051651001,0.4825519025325775,-0.16679823398590088,0.9999861717224121,0.4000624418258667,0.5882895588874817,-0.13773058354854584,0.6390677094459534,0.37449580430984497,0.6926310658454895,-0.10509229451417923,0.7335840463638306,0.45663216710090637,0.7124631404876709,-0.25696641206741333,0.7052006125450134,right,162.16303491677715,1
1134,37.8378,94.9239730834961,,,,,,,,,,,,,,,,,,,,0.3978172838687897,0.4825432598590851,-0.16682399809360504,0.9999866485595703,0.3996923267841339,0.5882607102394104,-0.13727238774299622,0.6458684802055359,0.37438103556632996,0.6925875544548035,-0.1037265956401825,0.7397037744522095,0.4566550552845001,0.7124367356300354,-0.2568036615848541,0.71196448802948,right,162.10462503757122,1
1135,37.87116666666667,93.28103065490723,,,,,,,,,,,,,,,,,,,,0.3971560299396515,0.4827779531478882,-0.16543447971343994,0.9999865889549255,0.39945080876350403,0.588250994682312,-0.13435903191566467,0.6444940567016602,0.37433117628097534,0.6925739049911499,-0.09517902135848999,0.7402908205986023,0.4566579759120941,0.7124048471450806,-0.24616122245788574,0.7131853103637695,right,162.04503197553143,1
1136,37.90453333333333,93.07718276977539,,,,,,,,,,,,,,,,,,,,0.39629465341567993,0.4827613830566406,-0.16517429053783417,0.9999868273735046,0.39983806014060974,0.5878809094429016,-0.13640938699245453,0.6489656567573547,0.3742991089820862,0.692570149898529,-0.09857244789600372,0.7445294260978699,0.45681867003440857,0.7123964428901672,-0.2502841651439667,0.7184057235717773,right,161.38832952630608,1
1137,37.9379,94.36392784118652,,,,,,,,,,,,,,,,,,,,0.3951290547847748,0.4833797514438629,-0.16519573330879211,0.9999869465827942,0.4000389873981476,0.5881220698356628,-0.13189291954040527,0.6486198902130127,0.37431854009628296,0.6925675272941589,-0.08350022882223129,0.7456372380256653,0.4572191536426544,0.7122529149055481,-0.23326259851455688,0.7193418741226196,right,161.15097833662804,1
1138,37.971266666666665,93.38188171386719,,,,,,,,,,,,,,,,,,,,0.3949339687824249,0.4833487272262573,-0.16523458063602448,0.9999868273735046,0.4012161195278168,0.5877781510353088,-0.13202771544456482,0.6416786313056946,0.37432771921157837,0.6924904584884644,-0.08898146450519562,0.7423248887062073,0.45753398537635803,0.7120816111564636,-0.23969227075576782,0.715803325176239,right,160.6248757410681,1
1139,38.00463333333333,93.85418891906738,,,,,,,,,,,,,,,,,,,,0.3938923180103302,0.48338016867637634,-0.1653323620557785,0.9999871253967285,0.4013717770576477,0.5882555842399597,-0.13241294026374817,0.6396873593330383,0.3743789494037628,0.6925562620162964,-0.09107110649347305,0.7427337169647217,0.45822834968566895,0.711907684803009,-0.24262918531894684,0.7172026634216309,right,160.58856171618913,1
1140,38.038000000000004,94.29121017456055,,,,,,,,,,,,,,,,,,,,0.3934170603752136,0.483489990234375,-0.16528631746768951,0.9999871850013733,0.4028659462928772,0.5884107351303101,-0.13220475614070892,0.6372377872467041,0.3743780553340912,0.6926683783531189,-0.08965224027633667,0.7433674335479736,0.45885905623435974,0.7116608023643494,-0.24337421357631683,0.7184411287307739,right,159.32047714687673,1
1141,38.07136666666667,93.35708618164062,,,,,,,,,,,,,,,,,,,,0.39192602038383484,0.4834398627281189,-0.17302028834819794,0.9999874234199524,0.4028949439525604,0.5884685516357422,-0.13240018486976624,0.640703558921814,0.37422066926956177,0.6926677227020264,-0.09063277393579483,0.7471300363540649,0.45885854959487915,0.7114483714103699,-0.24710653722286224,0.7211934328079224,right,159.24095245565522,1
1142,38.104733333333336,93.36686134338379,,,,,,,,,,,,,,,,,,,,0.3914463222026825,0.48343679308891296,-0.1727215200662613,0.9999872446060181,0.40307149291038513,0.5886107683181763,-0.12571373581886292,0.6412214636802673,0.37421518564224243,0.6926203370094299,-0.08332089334726334,0.7478111982345581,0.45904621481895447,0.7114019393920898,-0.23700785636901855,0.7218850255012512,right,159.2977549650011,1
1143,38.1381,93.93095970153809,,,,,,,,,,,,,,,,,,,,0.39105424284935,0.4841455817222595,-0.1725713163614273,0.999987006187439,0.40307435393333435,0.5888959169387817,-0.11459220945835114,0.6398486495018005,0.37423795461654663,0.6926609873771667,-0.06667900085449219,0.748547375202179,0.45930904150009155,0.711377739906311,-0.22353850305080414,0.7222175002098083,right,159.69993479203077,1
1144,38.17146666666667,93.74284744262695,,,,,,,,,,,,,,,,,,,,0.391084223985672,0.4841497540473938,-0.1725214570760727,0.9999861121177673,0.4042612314224243,0.5891403555870056,-0.11440805345773697,0.6231310367584229,0.37424132227897644,0.6927934885025024,-0.06886357814073563,0.7339388132095337,0.4593595862388611,0.7112337946891785,-0.22441641986370087,0.7074889540672302,right,159.50911472084465,1
1145,38.20483333333333,92.40078926086426,,,,,,,,,,,,,,,,,,,,0.39100968837738037,0.48414498567581177,-0.17242395877838135,0.9999855756759644,0.4071052670478821,0.5891786217689514,-0.12523895502090454,0.6213057041168213,0.374424546957016,0.6926941275596619,-0.09408179670572281,0.7317209243774414,0.4593280851840973,0.7109960317611694,-0.2466634064912796,0.7054619789123535,right,158.47815817064145,1
1146,38.2382,94.01488304138184,,,,,,,,,,,,,,,,,,,,0.39006534218788147,0.4863239526748657,-0.16935764253139496,0.9999856352806091,0.4072215259075165,0.5919332504272461,-0.11954999715089798,0.6230958700180054,0.3744565546512604,0.6931723356246948,-0.08450424671173096,0.7373863458633423,0.45887356996536255,0.7113549709320068,-0.23451875150203705,0.7115567922592163,right,158.08989710894542,1
1147,38.271566666666665,92.62895584106445,,,,,,,,,,,,,,,,,,,,0.384705513715744,0.48853930830955505,-0.1692749559879303,0.9999862313270569,0.40713149309158325,0.5942989587783813,-0.12088658660650253,0.6421288847923279,0.3746996521949768,0.6940950155258179,-0.09346490353345871,0.7540336847305298,0.45880770683288574,0.7117158770561218,-0.24788857996463776,0.7290464043617249,right,156.32464763696134,1
1148,38.30493333333333,94.3758487701416,,,,,,,,,,,,,,,,,,,,0.3829019367694855,0.489236056804657,-0.17389965057373047,0.9999867677688599,0.41049638390541077,0.5939581990242004,-0.13063637912273407,0.65645432472229,0.374699205160141,0.694280207157135,-0.12077457457780838,0.7680574059486389,0.4589942693710327,0.7117377519607544,-0.2849870026111603,0.7434160709381104,right,155.21920627230676,1
1149,38.338300000000004,94.03300285339355,,,,,,,,,,,,,,,,,,,,0.38064637780189514,0.4904579818248749,-0.18266914784908295,0.9999873638153076,0.41682642698287964,0.5937365293502808,-0.1402699500322342,0.6681029796600342,0.3749057948589325,0.6944118738174438,-0.11394928395748138,0.7787012457847595,0.4595293700695038,0.7117128968238831,-0.2735142409801483,0.7543849945068359,right,150.16398780854897,1
1150,38.37166666666667,98.4039306640625,,,,,,,,,,,,,,,,,,,,0.3751201629638672,0.49472755193710327,-0.17939364910125732,0.999987781047821,0.41753196716308594,0.5938679575920105,-0.12714286148548126,0.6674482226371765,0.3749503195285797,0.6946109533309937,-0.06868136674165726,0.7822770476341248,0.45942479372024536,0.7117573022842407,-0.2056143879890442,0.7583007216453552,right,148.15199666394187,1
1151,38.405033333333336,169.74997520446777,,,,,,,,,,,,,,,,,,,,0.3733534812927246,0.4972212016582489,-0.17224086821079254,0.9999880790710449,0.4207378029823303,0.5938447713851929,-0.12521551549434662,0.6714567542076111,0.3773822486400604,0.6944200992584229,-0.06743791699409485,0.7881861329078674,0.45891430974006653,0.7118301391601562,-0.2028069794178009,0.7644646167755127,right,146.16080974613803,1
1152,38.4384,94.91109848022461,,,,,,,,,,,,,,,,,,,,0.3680610954761505,0.49869242310523987,-0.17207671701908112,0.9999885559082031,0.422097384929657,0.5938385725021362,-0.12775500118732452,0.6820427775382996,0.3773341178894043,0.6947036385536194,-0.0707191601395607,0.7973846793174744,0.45653656125068665,0.7137921452522278,-0.2075408399105072,0.773245096206665,right,142.60548311365403,1
1153,38.47176666666667,93.7657356262207,,,,,,,,,,,,,,,,,,,,0.3628019690513611,0.5004918575286865,-0.17008262872695923,0.9999891519546509,0.42304885387420654,0.5937021970748901,-0.13661161065101624,0.6986178159713745,0.37689313292503357,0.6949408650398254,-0.09165878593921661,0.809448778629303,0.45633888244628906,0.7144626975059509,-0.21557658910751343,0.7856854796409607,right,140.33049431055906,1
1154,38.50513333333333,95.01504898071289,,,,,,,,,,,,,,,,,,,,0.35803720355033875,0.5035359263420105,-0.16894720494747162,0.9999896883964539,0.42415010929107666,0.5936263799667358,-0.15133926272392273,0.7199903726577759,0.37680527567863464,0.6954030394554138,-0.111503966152668,0.823185384273529,0.4547766149044037,0.7155888080596924,-0.23114164173603058,0.7999893426895142,right,134.85698596127477,1
1155,38.5385,93.92929077148438,,,,,,,,,,,,,,,,,,,,0.3555518686771393,0.5076075792312622,-0.17313693463802338,0.9999901056289673,0.4250115156173706,0.5944916605949402,-0.12209632247686386,0.7327018976211548,0.3768332004547119,0.6956445574760437,-0.06108517199754715,0.8332028388977051,0.4545590579509735,0.7161031365394592,-0.1795581877231598,0.809292733669281,right,135.47214419813363,1
1156,38.571866666666665,94.24877166748047,,,,,,,,,,,,,,,,,,,,0.35204270482063293,0.509718656539917,-0.17349235713481903,0.9999902844429016,0.42579349875450134,0.5954485535621643,-0.1166195198893547,0.7376237511634827,0.37625652551651,0.695893406867981,-0.0494556650519371,0.8377633690834045,0.4537787139415741,0.7161487340927124,-0.16174402832984924,0.812317430973053,right,132.42737308622614,1
1157,38.60523333333333,93.9178466796875,,,,,,,,,,,,,,,,,,,,0.34995725750923157,0.5102315545082092,-0.17362624406814575,0.9999906420707703,0.4314550757408142,0.5954797267913818,-0.1233663335442543,0.7455540299415588,0.37614086270332336,0.6961380243301392,-0.05907794460654259,0.8428304195404053,0.4517262876033783,0.7161083221435547,-0.17487899959087372,0.8172264695167542,right,128.1075556873033,1
1158,38.638600000000004,94.24996376037598,,,,,,,,,,,,,,,,,,,,0.34760257601737976,0.5116161108016968,-0.17370571196079254,0.9999910593032837,0.43388471007347107,0.5956447124481201,-0.13833653926849365,0.7543777227401733,0.37551745772361755,0.6968252062797546,-0.09059877693653107,0.8484641909599304,0.4500555694103241,0.7160803079605103,-0.18364764750003815,0.8237366080284119,right,124.80676046759032,1
1159,38.67196666666667,93.8260555267334,,,,,,,,,,,,,,,,,,,,0.3435193598270416,0.5129637718200684,-0.1796378493309021,0.9999914169311523,0.4381714165210724,0.5964924693107605,-0.14585144817829132,0.7626218199729919,0.37516558170318604,0.6968030333518982,-0.09189952909946442,0.8521220684051514,0.4491782784461975,0.7160341143608093,-0.18961594998836517,0.8272422552108765,right,120.60360585816434,1
1160,38.705333333333336,93.11985969543457,,,,,,,,,,,,,,,,,,,,0.3382869362831116,0.5135466456413269,-0.1848243921995163,0.999991774559021,0.43874502182006836,0.5968140363693237,-0.1512666642665863,0.772001326084137,0.375144362449646,0.6955485939979553,-0.09083791822195053,0.8568382263183594,0.44747141003608704,0.7160153985023499,-0.19006527960300446,0.8323712348937988,right,115.83059151746575,1
1161,38.7387,93.48678588867188,,,,,,,,,,,,,,,,,,,,0.3347820043563843,0.5140982866287231,-0.1851211041212082,0.9999921321868896,0.438080757856369,0.5970592498779297,-0.18338453769683838,0.7802259922027588,0.375357985496521,0.6955238580703735,-0.14830316603183746,0.8601462244987488,0.44842442870140076,0.7152461409568787,-0.2556316554546356,0.8358428478240967,right,117.38029548182833,1
1162,38.77206666666667,92.84615516662598,,,,,,,,,,,,,,,,,,,,0.33298376202583313,0.5158424973487854,-0.18981513381004333,0.9999925494194031,0.44127121567726135,0.5979332327842712,-0.17235490679740906,0.795383870601654,0.37590035796165466,0.6961397528648376,-0.12517701089382172,0.8695257902145386,0.45215272903442383,0.7152637839317322,-0.23805813491344452,0.8456220626831055,right,115.59405936479864,1
1163,38.80543333333333,92.5910472869873,,,,,,,,,,,,,,,,,,,,0.33221668004989624,0.5162571668624878,-0.18889272212982178,0.9999927282333374,0.44540518522262573,0.5978621244430542,-0.17331215739250183,0.807834267616272,0.37605491280555725,0.6960355043411255,-0.12377258390188217,0.876438558101654,0.4508185386657715,0.7152786254882812,-0.2329089343547821,0.8530392050743103,right,108.73978581756012,1
1164,38.8388,93.1389331817627,,,,,,,,,,,,,,,,,,,,0.32936587929725647,0.517267107963562,-0.18854503333568573,0.9999930262565613,0.44628340005874634,0.5979442596435547,-0.17214906215667725,0.8198363184928894,0.37584128975868225,0.6962358951568604,-0.12029324471950531,0.8830875754356384,0.45032742619514465,0.7153467535972595,-0.21832193434238434,0.8607118129730225,right,106.99113448199915,1
1165,38.872166666666665,92.38505363464355,,,,,,,,,,,,,,,,,,,,0.3242531418800354,0.5192840695381165,-0.18025116622447968,0.9999933242797852,0.4458776116371155,0.5983224511146545,-0.17188911139965057,0.8292036056518555,0.3757093548774719,0.6965664625167847,-0.1333739310503006,0.8890425562858582,0.45367246866226196,0.714493453502655,-0.2232665866613388,0.8677734136581421,right,108.81658573969887,1
1166,38.90553333333333,92.51904487609863,,,,,,,,,,,,,,,,,,,,0.3220340311527252,0.52069091796875,-0.17564548552036285,0.9999935030937195,0.44533771276474,0.5986089110374451,-0.17008189857006073,0.8375774621963501,0.3753899037837982,0.6964840292930603,-0.12979234755039215,0.8941770792007446,0.4533526599407196,0.7134236693382263,-0.20192275941371918,0.8737848401069641,right,107.60411448874991,1
1167,38.938900000000004,93.48583221435547,,,,,,,,,,,,,,,,,,,,0.31999471783638,0.5219436883926392,-0.17590481042861938,0.9999938607215881,0.4457157850265503,0.5986562967300415,-0.16833649575710297,0.8458807468414307,0.375396728515625,0.6959956884384155,-0.11654104292392731,0.8984779715538025,0.4537273943424225,0.7131615877151489,-0.18542435765266418,0.878295361995697,right,104.9565225801135,1
1168,38.97226666666667,92.99683570861816,,,,,,,,,,,,,,,,,,,,0.31781572103500366,0.5223841071128845,-0.17705047130584717,0.999994158744812,0.4454762637615204,0.598687469959259,-0.1708308309316635,0.852337658405304,0.3754068613052368,0.6952517628669739,-0.11223820596933365,0.9008291363716125,0.4546037018299103,0.7105659246444702,-0.18430030345916748,0.8808456659317017,right,104.9202269754944,1
1169,39.005633333333336,93.46199035644531,,,,,,,,,,,,,,,,,,,,0.31573957204818726,0.5238488912582397,-0.17688854038715363,0.9999943971633911,0.4464206397533417,0.5985583066940308,-0.17314158380031586,0.8587214350700378,0.3752898573875427,0.6952402591705322,-0.11000271886587143,0.9035937786102295,0.45496514439582825,0.7107416987419128,-0.17623522877693176,0.8844363689422607,right,102.29419337933292,1
1170,39.039,93.58906745910645,,,,,,,,,,,,,,,,,,,,0.3119667172431946,0.5247547030448914,-0.17723776400089264,0.9999945759773254,0.4462279975414276,0.5979681611061096,-0.1836012303829193,0.8680180311203003,0.3748593330383301,0.6956508159637451,-0.12928356230258942,0.9093862771987915,0.45484739542007446,0.710884690284729,-0.19665461778640747,0.8914424180984497,right,102.49859973868206,1
1171,39.07236666666667,94.19417381286621,,,,,,,,,,,,,,,,,,,,0.31075289845466614,0.5256603360176086,-0.1781652420759201,0.999994695186615,0.4463789165019989,0.5978904366493225,-0.1832471340894699,0.8762020468711853,0.3747660517692566,0.6956461071968079,-0.12725327908992767,0.9144203066825867,0.4551166296005249,0.7106306552886963,-0.19379793107509613,0.897620677947998,right,101.51464396727859,1
1172,39.10573333333333,94.25806999206543,,,,,,,,,,,,,,,,,,,,0.3092000186443329,0.5276601314544678,-0.1795770227909088,0.9999949336051941,0.44622567296028137,0.5981202721595764,-0.1810849905014038,0.8835071325302124,0.3747178912162781,0.6956859230995178,-0.11785823851823807,0.9191644787788391,0.45519527792930603,0.71073317527771,-0.18002991378307343,0.903200089931488,right,101.90903593674305,1
1173,39.1391,92.79489517211914,,,,,,,,,,,,,,,,,,,,0.30806976556777954,0.5295659303665161,-0.1797281950712204,0.9999951124191284,0.44611185789108276,0.5990265011787415,-0.17649908363819122,0.8904663920402527,0.373837947845459,0.6969521641731262,-0.09352920204401016,0.924018919467926,0.45454880595207214,0.7109882235527039,-0.15579047799110413,0.9091266393661499,right,101.66461410020263,1
1174,39.172466666666665,92.63205528259277,,,,,,,,,,,,,,,,,,,,0.3063773214817047,0.5302155613899231,-0.18081767857074738,0.9999953508377075,0.4460628926753998,0.5995396375656128,-0.17671652138233185,0.8979647755622864,0.37340232729911804,0.6976133584976196,-0.09729508310556412,0.929412841796875,0.4539508521556854,0.7110073566436768,-0.16422729194164276,0.9157029390335083,right,102.17230297401012,1
1175,39.20583333333333,93.26004981994629,,,,,,,,,,,,,,,,,,,,0.3035404086112976,0.5305099487304688,-0.18154743313789368,0.9999955892562866,0.4456216096878052,0.5998448133468628,-0.17626160383224487,0.9065167903900146,0.37313005328178406,0.6981887221336365,-0.09948016703128815,0.9354994893074036,0.45349738001823425,0.7110376358032227,-0.1567203551530838,0.9231248497962952,right,102.48296180519188,1
1176,39.239200000000004,93.95217895507812,,,,,,,,,,,,,,,,,,,,0.30066442489624023,0.5310614705085754,-0.18226832151412964,0.999995768070221,0.44521722197532654,0.5999892354011536,-0.17898239195346832,0.9140794277191162,0.3729963004589081,0.6985500454902649,-0.09995729476213455,0.940538227558136,0.4534938931465149,0.7114455103874207,-0.1483837515115738,0.9293069839477539,right,102.58417576052761,1
1177,39.27256666666667,93.82200241088867,,,,,,,,,,,,,,,,,,,,0.29997894167900085,0.5313955545425415,-0.18225936591625214,0.9999959468841553,0.4451633095741272,0.6001654267311096,-0.18204021453857422,0.9208492040634155,0.3705017566680908,0.7000971436500549,-0.1007460430264473,0.9448418617248535,0.4525999426841736,0.7121849060058594,-0.14651504158973694,0.9344343543052673,right,102.35650645029853,1
1178,39.305933333333336,94.59710121154785,,,,,,,,,,,,,,,,,,,,0.2990190088748932,0.5320441722869873,-0.18184468150138855,0.9999960660934448,0.4452073872089386,0.6001572012901306,-0.18944135308265686,0.9272316098213196,0.3708033859729767,0.7002440094947815,-0.11785634607076645,0.9493094086647034,0.4527323544025421,0.7120352983474731,-0.16294188797473907,0.9398585557937622,right,102.9828476461962,1
1179,39.3393,93.60432624816895,,,,,,,,,,,,,,,,,,,,0.2982346713542938,0.5323537588119507,-0.18322943150997162,0.9999962449073792,0.4455278217792511,0.6001349091529846,-0.19483472406864166,0.9334948658943176,0.37273460626602173,0.6997421383857727,-0.1270391345024109,0.9536269307136536,0.45566248893737793,0.7108676433563232,-0.16857534646987915,0.9450395107269287,right,103.72058589927536,1
1180,39.37266666666667,92.69881248474121,,,,,,,,,,,,,,,,,,,,0.2972521483898163,0.533099889755249,-0.18333977460861206,0.9999964833259583,0.4456615746021271,0.6001170873641968,-0.19473330676555634,0.9396182298660278,0.37318021059036255,0.6997200846672058,-0.12495056539773941,0.9578637480735779,0.4558746814727783,0.7113469839096069,-0.1605163961648941,0.9501053690910339,right,103.79101584202647,1
1181,39.40603333333333,101.11808776855469,,,,,,,,,,,,,,,,,,,,0.29568976163864136,0.533612847328186,-0.183316171169281,0.9999966621398926,0.4457777440547943,0.599847674369812,-0.20558561384677887,0.9450704455375671,0.37464261054992676,0.6989091038703918,-0.15107527375221252,0.9616409540176392,0.4565214514732361,0.7112860083580017,-0.18939727544784546,0.9546384811401367,right,103.40120943959995,1
1182,39.4394,94.55108642578125,,,,,,,,,,,,,,,,,,,,0.29464107751846313,0.5345780253410339,-0.18253766000270844,0.9999968409538269,0.44589823484420776,0.5999370217323303,-0.20417971909046173,0.9498448967933655,0.3745609223842621,0.6994974613189697,-0.14477023482322693,0.9649370312690735,0.4568488597869873,0.7116702198982239,-0.18643157184123993,0.9585853815078735,right,103.55618894525726,1
1183,39.472766666666665,94.75493431091309,,,,,,,,,,,,,,,,,,,,0.29418954253196716,0.5353938937187195,-0.18247011303901672,0.9999970197677612,0.44616395235061646,0.6000216603279114,-0.20868855714797974,0.9543461799621582,0.3752492666244507,0.6989192962646484,-0.15654665231704712,0.9680149555206299,0.4580310881137848,0.7116571068763733,-0.19386769831180573,0.9622942209243774,right,103.50386656109585,1
1184,39.50613333333333,93.7809944152832,,,,,,,,,,,,,,,,,,,,0.2935844361782074,0.5364824533462524,-0.18253406882286072,0.9999971985816956,0.44702550768852234,0.6000213027000427,-0.21924389898777008,0.9585599899291992,0.3752380907535553,0.6992664933204651,-0.17939536273479462,0.9709239602088928,0.45893341302871704,0.7120814919471741,-0.2167282998561859,0.9657460451126099,right,103.38046841435286,1
1185,39.539500000000004,94.41614151000977,,,,,,,,,,,,,,,,,,,,0.2927102744579315,0.5376125574111938,-0.18179182708263397,0.9999973177909851,0.4477934241294861,0.6001768112182617,-0.21686016023159027,0.9622675180435181,0.3753615915775299,0.6992567181587219,-0.16549052298069,0.9734619855880737,0.4590981602668762,0.7118598818778992,-0.20567035675048828,0.9687895178794861,right,102.39873284730932,1
1186,39.57286666666667,94.06518936157227,,,,,,,,,,,,,,,,,,,,0.29077431559562683,0.5380415320396423,-0.1808585822582245,0.9999974370002747,0.4489789605140686,0.6001529097557068,-0.21358704566955566,0.9656147360801697,0.3756524622440338,0.6985185146331787,-0.15897978842258453,0.9757813811302185,0.45902860164642334,0.7113784551620483,-0.20495115220546722,0.9715909361839294,right,99.08022854767997,1
1187,39.606233333333336,94.04325485229492,,,,,,,,,,,,,,,,,,,,0.2884191870689392,0.5387331247329712,-0.1782381385564804,0.9999974966049194,0.448932021856308,0.6001506447792053,-0.2127598524093628,0.9685831069946289,0.37619277834892273,0.6976605653762817,-0.15861959755420685,0.9778289198875427,0.4590756893157959,0.7113667726516724,-0.20041115581989288,0.9740927815437317,right,98.42001892079382,1
1188,39.6396,94.9850082397461,,,,,,,,,,,,,,,,,,,,0.2875363230705261,0.5398125052452087,-0.17819549143314362,0.9999975562095642,0.4488929510116577,0.6004972457885742,-0.21123160421848297,0.9712787866592407,0.3771266043186188,0.697486162185669,-0.15070082247257233,0.9796547293663025,0.45923683047294617,0.7112196683883667,-0.17676080763339996,0.976335346698761,right,98.78404997685097,1
1189,39.67296666666667,94.5279598236084,,,,,,,,,,,,,,,,,,,,0.2858896851539612,0.5402544736862183,-0.17867647111415863,0.999997615814209,0.44886335730552673,0.6004935503005981,-0.21520110964775085,0.9739252924919128,0.3775283098220825,0.6966545581817627,-0.18181878328323364,0.9815027713775635,0.459236204624176,0.7112181782722473,-0.2070399522781372,0.9785295724868774,right,97.99327557637993,1
1190,39.70633333333333,93.92619132995605,,,,,,,,,,,,,,,,,,,,0.28524258732795715,0.5409005880355835,-0.17606572806835175,0.999997615814209,0.4488436281681061,0.6005024313926697,-0.20964019000530243,0.976172924041748,0.3776661455631256,0.6964665651321411,-0.17508724331855774,0.9830538630485535,0.4592135548591614,0.7111726403236389,-0.19310501217842102,0.9804149866104126,right,97.46960696621764,1
1191,39.7397,94.77996826171875,,,,,,,,,,,,,,,,,,,,0.28443652391433716,0.541129469871521,-0.173820361495018,0.9999975562095642,0.44882312417030334,0.6004088521003723,-0.21041512489318848,0.9780559539794922,0.3784152567386627,0.6955334544181824,-0.18310806155204773,0.9842996001243591,0.4591929614543915,0.7106584906578064,-0.20897401869297028,0.9819825291633606,right,97.25597852687648,1
1192,39.773066666666665,94.42424774169922,,,,,,,,,,,,,,,,,,,,0.2841428518295288,0.5414705872535706,-0.17411406338214874,0.9999974966049194,0.4488389194011688,0.6002205610275269,-0.21300822496414185,0.9797132611274719,0.3794727623462677,0.6947425007820129,-0.19108512997627258,0.9853751063346863,0.4593014717102051,0.710063636302948,-0.22499731183052063,0.983346700668335,right,96.80480945436766,1
1193,39.80643333333333,93.23477745056152,,,,,,,,,,,,,,,,,,,,0.2827066481113434,0.5418922901153564,-0.17432907223701477,0.9999974966049194,0.4487258195877075,0.6001914739608765,-0.2172776460647583,0.9813505411148071,0.37950944900512695,0.6945821046829224,-0.18452857434749603,0.9864762425422668,0.45926058292388916,0.7098750472068787,-0.21740718185901642,0.9846873879432678,right,96.76608865481577,1
1194,39.839800000000004,94.17915344238281,,,,,,,,,,,,,,,,,,,,0.282673180103302,0.5424100160598755,-0.17386452853679657,0.9999974966049194,0.44846510887145996,0.6002777218818665,-0.22038064897060394,0.9826937317848206,0.37948399782180786,0.694648027420044,-0.18195952475070953,0.9873178005218506,0.45921576023101807,0.7097841501235962,-0.21720971167087555,0.9857421517372131,right,96.8700396084627,1
1195,39.87316666666667,93.6279296875,,,,,,,,,,,,,,,,,,,,0.28295958042144775,0.5431788563728333,-0.17608100175857544,0.9999974966049194,0.44836291670799255,0.6003568768501282,-0.21988750994205475,0.9839532375335693,0.3794645071029663,0.6944718956947327,-0.17289328575134277,0.988105297088623,0.4589989483356476,0.7101894021034241,-0.21334895491600037,0.9866760969161987,right,96.73468527142064,1
1196,39.906533333333336,92.57006645202637,,,,,,,,,,,,,,,,,,,,0.2831132113933563,0.5432718992233276,-0.17800381779670715,0.9999975562095642,0.44823962450027466,0.6006073355674744,-0.21916818618774414,0.9852432012557983,0.37947770953178406,0.6944504976272583,-0.14606262743473053,0.988996148109436,0.4587009847164154,0.7110845446586609,-0.17258018255233765,0.9876958131790161,right,96.6513327354731,1
1197,39.9399,93.1849479675293,,,,,,,,,,,,,,,,,,,,0.28274741768836975,0.5431560277938843,-0.18012768030166626,0.999997615814209,0.4477793276309967,0.6006129384040833,-0.2196790874004364,0.9864675402641296,0.37957605719566345,0.6941632032394409,-0.1486312747001648,0.9898558259010315,0.4587433934211731,0.7110307812690735,-0.17487438023090363,0.988670825958252,right,96.64884039817666,1
1198,39.97326666666667,96.06719017028809,,,,,,,,,,,,,,,,,,,,0.28269627690315247,0.5431181192398071,-0.18167909979820251,0.9999976754188538,0.4475031793117523,0.6004506349563599,-0.2214675098657608,0.987490713596344,0.37981972098350525,0.6937415599822998,-0.14980241656303406,0.9905304312705994,0.4588993489742279,0.7104787826538086,-0.17625857889652252,0.9894249439239502,right,96.64260125580529,1
1199,40.00663333333333,94.52104568481445,,,,,,,,,,,,,,,,,,,,0.2827754616737366,0.5419965982437134,-0.18156994879245758,0.9999977350234985,0.4466581344604492,0.6003239750862122,-0.22663000226020813,0.988309383392334,0.3798260986804962,0.6936028003692627,-0.1759682297706604,0.9910134077072144,0.45901307463645935,0.7102988958358765,-0.22270162403583527,0.9899677038192749,right,97.64193560599239,1
1200,40.04,94.39516067504883,,,,,,,,,,,,,,,,,,,,0.2830827832221985,0.5407321453094482,-0.18125039339065552,0.9999977946281433,0.44563043117523193,0.6002928018569946,-0.2263125330209732,0.9891441464424133,0.3797888159751892,0.6936134099960327,-0.17870739102363586,0.9915825724601746,0.4590100646018982,0.710070013999939,-0.22226540744304657,0.990598738193512,right,98.8391439202632,1
1201,40.073366666666665,92.24915504455566,,,,,,,,,,,,,,,,,,,,0.28408682346343994,0.5392165780067444,-0.18134044110774994,0.9999978542327881,0.4447949230670929,0.6001915335655212,-0.22880931198596954,0.9900076985359192,0.37974977493286133,0.6941236257553101,-0.1879832148551941,0.9922119975090027,0.45872586965560913,0.7105216383934021,-0.2327926903963089,0.9912754893302917,right,100.94150420266239,1
1202,40.10673333333333,93.00398826599121,,,,,,,,,,,,,,,,,,,,0.28410619497299194,0.5358447432518005,-0.18126557767391205,0.9999979138374329,0.44167855381965637,0.5999986529350281,-0.22784468531608582,0.9907203912734985,0.3793970048427582,0.6947651505470276,-0.18719574809074402,0.9926987886428833,0.45885756611824036,0.7102596759796143,-0.22643740475177765,0.9917853474617004,right,103.5451397358674,1
1203,40.140100000000004,94.25616264343262,,,,,,,,,,,,,,,,,,,,0.28457140922546387,0.5326920747756958,-0.18161427974700928,0.9999979138374329,0.43760615587234497,0.5998235940933228,-0.2322482019662857,0.9912278056144714,0.3791355788707733,0.6947473883628845,-0.1853700876235962,0.9929797649383545,0.4588734209537506,0.7098410129547119,-0.2312663197517395,0.9920498132705688,right,105.40349509629755,1
1204,40.17346666666667,93.22094917297363,,,,,,,,,,,,,,,,,,,,0.28540775179862976,0.5290390849113464,-0.1815732717514038,0.9999978542327881,0.43463730812072754,0.5995290875434875,-0.22766122221946716,0.9915560483932495,0.37845277786254883,0.6950791478157043,-0.1795995980501175,0.9931575655937195,0.45886287093162537,0.7099574208259583,-0.22697092592716217,0.9920965433120728,right,107.8999402315145,1
1205,40.206833333333336,94.25115585327148,,,,,,,,,,,,,,,,,,,,0.2867185175418854,0.5245654582977295,-0.18278561532497406,0.9999978542327881,0.4316624402999878,0.5982359051704407,-0.22610417008399963,0.9916146397590637,0.3780343234539032,0.6948872208595276,-0.178958922624588,0.9931548833847046,0.45917436480522156,0.7099137902259827,-0.24494832754135132,0.991845965385437,right,110.84631513323785,1
1206,40.2402,93.52326393127441,,,,,,,,,,,,,,,,,,,,0.28860151767730713,0.5194960236549377,-0.1831567883491516,0.9999978542327881,0.4292508661746979,0.5963559746742249,-0.22588658332824707,0.9914891123771667,0.37803390622138977,0.6943939328193665,-0.18466733396053314,0.9930247068405151,0.4593260586261749,0.7098348736763,-0.25936245918273926,0.9915016889572144,right,113.0181176493833,1
1207,40.27356666666667,93.95480155944824,,,,,,,,,,,,,,,,,,,,0.2899976968765259,0.5165719389915466,-0.18550632894039154,0.9999978542327881,0.42774683237075806,0.5946928262710571,-0.22829322516918182,0.9917346239089966,0.37803348898887634,0.6935043931007385,-0.18865720927715302,0.9932460188865662,0.4594205319881439,0.7096020579338074,-0.2678142189979553,0.9916743040084839,right,115.00892161408036,1
1208,40.30693333333333,93.83296966552734,,,,,,,,,,,,,,,,,,,,0.2914818525314331,0.5122231245040894,-0.18260130286216736,0.9999978542327881,0.4235911965370178,0.5941564440727234,-0.22387900948524475,0.9913644790649414,0.37803035974502563,0.6932497620582581,-0.18766863644123077,0.9929710030555725,0.46029141545295715,0.7085536122322083,-0.2743977904319763,0.9908750653266907,right,120.52125330238651,1
1209,40.3403,92.25893020629883,,,,,,,,,,,,,,,,,,,,0.2957744598388672,0.5104381442070007,-0.18343034386634827,0.9999977946281433,0.4212954342365265,0.5935726165771484,-0.20884969830513,0.990983784198761,0.37797853350639343,0.6932576894760132,-0.1621493250131607,0.992811918258667,0.46044105291366577,0.7080895304679871,-0.2661358416080475,0.9902346730232239,right,123.39546501486606,1
1210,40.373666666666665,92.88978576660156,,,,,,,,,,,,,,,,,,,,0.30296894907951355,0.5076514482498169,-0.17967981100082397,0.999997615814209,0.4167586863040924,0.5932132005691528,-0.18540076911449432,0.9878643751144409,0.37804192304611206,0.6924260854721069,-0.13600170612335205,0.9907411336898804,0.46066516637802124,0.7070321440696716,-0.24702806770801544,0.9860816597938538,right,129.0371900975679,1
1211,40.40703333333333,93.53995323181152,,,,,,,,,,,,,,,,,,,,0.30912378430366516,0.505944013595581,-0.17128857970237732,0.9999974966049194,0.41472381353378296,0.5927868485450745,-0.16088145971298218,0.9857032895088196,0.37782546877861023,0.6928192377090454,-0.10202585905790329,0.9895297884941101,0.46099597215652466,0.7070720791816711,-0.20597364008426666,0.9838685989379883,right,131.18239649754867,1
1212,40.440400000000004,92.45491027832031,,,,,,,,,,,,,,,,,,,,0.31458207964897156,0.5040221214294434,-0.17122702300548553,0.9999972581863403,0.41346049308776855,0.592085063457489,-0.14670579135417938,0.9819487929344177,0.3776269853115082,0.6928440928459167,-0.09172273427248001,0.9879451990127563,0.46093907952308655,0.706095814704895,-0.19776807725429535,0.9809967875480652,right,135.3553693816089,1
1213,40.47376666666667,93.91999244689941,,,,,,,,,,,,,,,,,,,,0.322794646024704,0.4991728365421295,-0.17138932645320892,0.999997079372406,0.4121275246143341,0.5903750061988831,-0.15584126114845276,0.9803492426872253,0.37697166204452515,0.6928642988204956,-0.11421387642621994,0.9873430132865906,0.46090444922447205,0.7048903107643127,-0.22796504199504852,0.97980135679245,right,140.45417076199072,1
1214,40.507133333333336,93.9016342163086,,,,,,,,,,,,,,,,,,,,0.3269699215888977,0.49573850631713867,-0.17163392901420593,0.9999968409538269,0.4088808000087738,0.5888808965682983,-0.1439686417579651,0.978053092956543,0.3769838511943817,0.6922888159751892,-0.10312847048044205,0.9862366914749146,0.46090155839920044,0.7046862244606018,-0.22729361057281494,0.9773125052452087,right,145.47414263105284,1
1215,40.5405,94.62499618530273,,,,,,,,,,,,,,,,,,,,0.3331965208053589,0.4921468198299408,-0.17189843952655792,0.999996542930603,0.4031639099121094,0.5890138149261475,-0.13737721741199493,0.9750937819480896,0.37665319442749023,0.6922497153282166,-0.09503217786550522,0.9848097562789917,0.4605558514595032,0.7053102254867554,-0.226535826921463,0.9740803241729736,right,148.7192639795959,1
1216,40.57386666666667,93.73211860656738,,,,,,,,,,,,,,,,,,,,0.3362707495689392,0.4894768297672272,-0.16851262748241425,0.9999959468841553,0.3949390947818756,0.5891908407211304,-0.1501471996307373,0.9725432991981506,0.3752567172050476,0.6924059987068176,-0.11365366727113724,0.9825043678283691,0.46060875058174133,0.7061842083930969,-0.250716894865036,0.9698377251625061,right,153.32810879213838,1
1217,40.60723333333333,94.757080078125,,,,,,,,,,,,,,,,,,,,0.3425157070159912,0.48831096291542053,-0.16912177205085754,0.9999954700469971,0.3891604244709015,0.5894104838371277,-0.15512271225452423,0.9692780375480652,0.3747166693210602,0.6929296255111694,-0.13210131227970123,0.9790921211242676,0.45877376198768616,0.7074453234672546,-0.26419273018836975,0.9637373685836792,right,156.37185524854308,1
1218,40.6406,92.17500686645508,,,,,,,,,,,,,,,,,,,,0.3474816083908081,0.48907309770584106,-0.16931220889091492,0.9999952912330627,0.386000394821167,0.5905827283859253,-0.15768733620643616,0.9672929644584656,0.3739564120769501,0.6937545537948608,-0.1380467563867569,0.9779810905456543,0.4567458927631378,0.7074483633041382,-0.28518539667129517,0.9615876078605652,right,157.45928200821425,1
1219,40.673966666666665,93.02616119384766,,,,,,,,,,,,,,,,,,,,0.352339506149292,0.48981037735939026,-0.16747359931468964,0.9999948740005493,0.3819757401943207,0.590647280216217,-0.1406322866678238,0.963205873966217,0.374596506357193,0.693334698677063,-0.11116189509630203,0.9757623076438904,0.4568350911140442,0.7085258960723877,-0.27142173051834106,0.9580866694450378,right,159.38730679417057,1
1220,40.70733333333333,96.4500904083252,,,,,,,,,,,,,,,,,,,,0.35755226016044617,0.4877661466598511,-0.16760000586509705,0.9999945163726807,0.3784419596195221,0.5902688503265381,-0.13628053665161133,0.9598475694656372,0.37457817792892456,0.6933672428131104,-0.11259721219539642,0.9740578532218933,0.45742928981781006,0.7085540294647217,-0.27851930260658264,0.9550327658653259,right,161.918529294853,1
1221,40.740700000000004,94.20299530029297,,,,,,,,,,,,,,,,,,,,0.36447805166244507,0.48630163073539734,-0.16830061376094818,0.9999929666519165,0.3752776086330414,0.5902943015098572,-0.11807115375995636,0.9411145448684692,0.3730374276638031,0.6933563351631165,-0.07458361238241196,0.9595291614532471,0.4538261890411377,0.7106813192367554,-0.23817923665046692,0.9327569007873535,right,162.5907996652164,1
1222,40.77406666666667,94.42305564880371,,,,,,,,,,,,,,,,,,,,0.368853360414505,0.4866701662540436,-0.16830365359783173,0.9999919533729553,0.37340182065963745,0.5908880829811096,-0.10527130961418152,0.9273622035980225,0.3732040226459503,0.693523645401001,-0.046166881918907166,0.9519302845001221,0.4533967971801758,0.711772620677948,-0.19843104481697083,0.9209985136985779,right,163.21417225720685,1
1223,40.807433333333336,94.40302848815918,,,,,,,,,,,,,,,,,,,,0.3748743236064911,0.48691388964653015,-0.16790194809436798,0.9999908804893494,0.37374767661094666,0.5914750695228577,-0.08486605435609818,0.900087296962738,0.3730669915676117,0.6938722133636475,-0.009897462092339993,0.9344529509544373,0.4535358250141144,0.7133055925369263,-0.15887121856212616,0.8974838256835938,right,164.11110020988724,1
1224,40.8408,93.47295761108398,,,,,,,,,,,,,,,,,,,,0.3756787180900574,0.4859056770801544,-0.16885371506214142,0.9999902248382568,0.37320488691329956,0.5914643406867981,-0.08647067099809647,0.8715830445289612,0.37290430068969727,0.6940260529518127,-0.017896536737680435,0.9163219928741455,0.45368584990501404,0.7134515047073364,-0.17220352590084076,0.873062252998352,right,164.47673336424785,1
1225,40.87416666666667,92.48995780944824,,,,,,,,,,,,,,,,,,,,0.3742448389530182,0.4848220944404602,-0.1699138581752777,0.9999897480010986,0.3737678527832031,0.5913774967193604,-0.09982550889253616,0.8600884675979614,0.3726853132247925,0.6945536136627197,-0.039359886199235916,0.9084261059761047,0.45349472761154175,0.714000940322876,-0.19201570749282837,0.8629763722419739,right,164.45106736037454,1
1226,40.90753333333333,93.22810173034668,,,,,,,,,,,,,,,,,,,,0.3768073320388794,0.48479095101356506,-0.17097263038158417,0.9999895691871643,0.37406179308891296,0.5913110971450806,-0.09320893883705139,0.8458384871482849,0.372590571641922,0.6945732235908508,-0.036245234310626984,0.9023154973983765,0.45356661081314087,0.7140286564826965,-0.19588430225849152,0.8541039824485779,right,164.45592516087186,1
