frame,timeframe,frame_processing_time_ms,left_hip_x,left_hip_y,left_hip_z,left_hip_conf,left_knee_x,left_knee_y,left_knee_z,left_knee_conf,left_ankle_x,left_ankle_y,left_ankle_z,left_ankle_conf,left_foot_index_x,left_foot_index_y,left_foot_index_z,left_foot_index_conf,left_foot_direction,left_knee_angle,left_knee_incorrect,right_hip_x,right_hip_y,right_hip_z,right_hip_conf,right_knee_x,right_knee_y,right_knee_z,right_knee_conf,right_ankle_x,right_ankle_y,right_ankle_z,right_ankle_conf,right_foot_index_x,right_foot_index_y,right_foot_index_z,right_foot_index_conf,right_foot_direction,right_knee_angle,right_knee_incorrect
0,0.0,384.1269016265869,,,,,,,,,,,,,,,,,,,,493.125,988.125,0,0.97905743,465.0,1189.6875,0,1.0197678,441.5625,1386.5625,0,1.0285261,427.5,1447.5,0,0.9000417,forward,180.0,1
1,0.03336666666666667,195.38402557373047,,,,,,,,,,,,,,,,,,,,497.8125,988.125,0,0.9790136,465.0,1189.6875,0,1.0209928,441.5625,1386.5625,0,1.0296278,427.5,1447.5,0,0.9019022,forward,180.0,1
2,0.06673333333333334,191.18690490722656,,,,,,,,,,,,,,,,,,,,502.5,983.4375,0,0.9885124,469.6875,1189.6875,0,1.0286505,441.5625,1386.5625,0,1.0316072,427.5,1447.5,0,0.9150697,forward,180.0,1
3,0.10010000000000001,193.1021213531494,,,,,,,,,,,,,,,,,,,,507.1875,988.125,0,0.9988396,469.6875,1189.6875,0,1.0364504,441.5625,1381.875,0,1.037998,427.5,1447.5,0,0.93003166,forward,155.2333371532856,1
4,0.13346666666666668,213.75298500061035,,,,,,,,,,,,,,,,,,,,511.875,983.4375,0,0.992033,469.6875,1189.6875,0,1.0376698,441.5625,1381.875,0,1.0365376,427.5,1447.5,0,0.9197134,forward,167.47208706304116,1
5,0.16683333333333333,192.43907928466797,,,,,,,,,,,,,,,,,,,,511.875,983.4375,0,0.99662125,469.6875,1189.6875,0,1.0428759,441.5625,1381.875,0,1.0379105,427.5,1447.5,0,0.9242387,forward,167.47208706304116,1
6,0.20020000000000002,192.20876693725586,,,,,,,,,,,,,,,,,,,,511.875,988.125,0,0.9859923,469.6875,1189.6875,0,1.0338905,441.5625,1381.875,0,1.0278924,427.5,1447.5,0,0.91645247,forward,155.2333371532856,1
7,0.23356666666666667,192.67892837524414,,,,,,,,,,,,,,,,,,,,511.875,988.125,0,0.98038715,469.6875,1189.6875,0,1.0285016,441.5625,1381.875,0,1.0247658,427.5,1447.5,0,0.91196644,forward,155.2333371532856,1
8,0.26693333333333336,190.57488441467285,,,,,,,,,,,,,,,,,,,,511.875,983.4375,0,0.9814865,469.6875,1185.0,0,1.0314612,441.5625,1381.875,0,1.0267304,427.5,1447.5,0,0.8982897,forward,167.76125009024443,1
9,0.3003,185.82916259765625,,,,,,,,,,,,,,,,,,,,511.875,988.125,0,0.9862462,465.0,1189.6875,0,1.0284092,441.5625,1381.875,0,1.0271804,427.5,1447.5,0,0.91908365,forward,155.2333371532856,1
10,0.33366666666666667,187.69407272338867,,,,,,,,,,,,,,,,,,,,511.875,988.125,0,0.99092585,465.0,1189.6875,0,1.0361879,441.5625,1386.5625,0,1.0356573,427.5,1447.5,0,0.9261044,forward,167.76125009024443,1
11,0.3670333333333333,190.5360221862793,,,,,,,,,,,,,,,,,,,,507.1875,988.125,0,0.99527025,465.0,1189.6875,0,1.0334669,441.5625,1386.5625,0,1.0363292,427.5,1452.1875,0,0.9276153,forward,167.76125009024443,1
12,0.40040000000000003,190.5977725982666,,,,,,,,,,,,,,,,,,,,502.5,988.125,0,0.9993191,465.0,1189.6875,0,1.0435649,441.5625,1386.5625,0,1.040447,427.5,1447.5,0,0.92775106,forward,167.76125009024443,1
13,0.4337666666666667,193.99213790893555,,,,,,,,,,,,,,,,,,,,502.5,988.125,0,1.0077728,465.0,1189.6875,0,1.0428102,441.5625,1386.5625,0,1.0428456,432.1875,1452.1875,0,0.9455521,forward,167.76125009024443,1
14,0.46713333333333334,187.24989891052246,,,,,,,,,,,,,,,,,,,,497.8125,988.125,0,0.9980875,460.3125,1189.6875,0,1.0371215,441.5625,1386.5625,0,1.0408323,427.5,1452.1875,0,0.9401075,forward,167.76125009024443,1
15,0.5005000000000001,193.6180591583252,,,,,,,,,,,,,,,,,,,,488.4375,988.125,0,0.998476,460.3125,1189.6875,0,1.0349259,441.5625,1386.5625,0,1.039258,432.1875,1452.1875,0,0.9323692,forward,167.76125009024443,1
16,0.5338666666666667,191.30802154541016,,,,,,,,,,,,,,,,,,,,488.4375,988.125,0,1.005037,460.3125,1189.6875,0,1.0414466,441.5625,1386.5625,0,1.0433052,427.5,1447.5,0,0.92450106,forward,167.76125009024443,1
17,0.5672333333333334,192.3849582672119,,,,,,,,,,,,,,,,,,,,483.75,988.125,0,0.9975256,450.9375,1194.375,0,1.0307407,436.875,1386.5625,0,1.0350063,432.1875,1452.1875,0,0.9291579,forward,167.47208706304116,1
18,0.6006,189.1629695892334,,,,,,,,,,,,,,,,,,,,479.0625,988.125,0,0.98654616,450.9375,1194.375,0,1.0232699,436.875,1386.5625,0,1.0339303,432.1875,1452.1875,0,0.93207824,forward,167.47208706304116,1
19,0.6339666666666667,190.14596939086914,,,,,,,,,,,,,,,,,,,,474.375,988.125,0,0.98105156,446.25,1194.375,0,1.020367,441.5625,1386.5625,0,1.0297766,432.1875,1452.1875,0,0.9241754,forward,167.47208706304116,1
20,0.6673333333333333,195.05691528320312,,,,,,,,,,,,,,,,,,,,469.6875,992.8125,0,0.9807825,446.25,1194.375,0,1.0177176,436.875,1386.5625,0,1.0360446,432.1875,1452.1875,0,0.9207793,forward,155.2333371532856,1
21,0.7007,190.87719917297363,,,,,,,,,,,,,,,,,,,,465.0,992.8125,0,0.97437143,441.5625,1194.375,0,1.0146252,436.875,1386.5625,0,1.0293615,432.1875,1452.1875,0,0.921368,forward,155.2333371532856,1
22,0.7340666666666666,189.0738010406494,,,,,,,,,,,,,,,,,,,,465.0,992.8125,0,0.96347,436.875,1194.375,0,1.0051714,436.875,1386.5625,0,1.0228983,432.1875,1452.1875,0,0.9161477,forward,155.2333371532856,1
23,0.7674333333333333,189.24427032470703,,,,,,,,,,,,,,,,,,,,460.3125,992.8125,0,0.96155846,436.875,1199.0625,0,1.0009148,436.875,1386.5625,0,1.0197873,432.1875,1452.1875,0,0.90807784,forward,162.24721037140148,1
24,0.8008000000000001,190.64998626708984,,,,,,,,,,,,,,,,,,,,460.3125,992.8125,0,0.9654982,436.875,1194.375,0,1.0074661,436.875,1386.5625,0,1.0237341,432.1875,1452.1875,0,0.8927251,forward,155.2333371532856,1
25,0.8341666666666667,196.57659530639648,,,,,,,,,,,,,,,,,,,,460.3125,992.8125,0,0.9623151,441.5625,1194.375,0,0.9982046,436.875,1386.5625,0,1.0216894,432.1875,1452.1875,0,0.8999287,forward,155.2333371532856,1
26,0.8675333333333334,199.0640163421631,,,,,,,,,,,,,,,,,,,,465.0,992.8125,0,0.96488583,441.5625,1194.375,0,1.0026064,436.875,1386.5625,0,1.0235789,432.1875,1452.1875,0,0.8993224,forward,155.2333371532856,1
27,0.9009,189.72015380859375,,,,,,,,,,,,,,,,,,,,465.0,992.8125,0,0.9657211,441.5625,1194.375,0,1.0039308,436.875,1386.5625,0,1.0231205,432.1875,1452.1875,0,0.90281403,forward,155.2333371532856,1
28,0.9342666666666667,188.65418434143066,,,,,,,,,,,,,,,,,,,,465.0,992.8125,0,0.96776676,441.5625,1194.375,0,1.0083979,441.5625,1386.5625,0,1.0241908,432.1875,1452.1875,0,0.894709,forward,155.2333371532856,1
29,0.9676333333333333,189.33486938476562,,,,,,,,,,,,,,,,,,,,465.0,992.8125,0,0.97129905,441.5625,1199.0625,0,1.0077307,441.5625,1386.5625,0,1.0280129,432.1875,1452.1875,0,0.90622234,forward,162.24721037140148,1
30,1.0010000000000001,203.22680473327637,,,,,,,,,,,,,,,,,,,,469.6875,997.5,0,0.9649637,441.5625,1199.0625,0,0.9973184,441.5625,1386.5625,0,1.0149426,432.1875,1452.1875,0,0.90534806,forward,150.00846046164594,1
31,1.0343666666666667,204.5590877532959,,,,,,,,,,,,,,,,,,,,469.6875,992.8125,0,0.97267866,446.25,1194.375,0,1.0066184,441.5625,1386.5625,0,1.0235864,432.1875,1452.1875,0,0.9167198,forward,155.2333371532856,1
32,1.0677333333333334,191.04981422424316,,,,,,,,,,,,,,,,,,,,474.375,992.8125,0,0.96797764,446.25,1194.375,0,1.0030091,441.5625,1386.5625,0,1.0177312,432.1875,1452.1875,0,0.9099806,forward,155.2333371532856,1
33,1.1011,216.7527675628662,,,,,,,,,,,,,,,,,,,,474.375,992.8125,0,0.9757676,450.9375,1194.375,0,1.0123999,441.5625,1386.5625,0,1.020071,432.1875,1452.1875,0,0.9001262,forward,155.2333371532856,1
34,1.1344666666666667,196.01798057556152,,,,,,,,,,,,,,,,,,,,479.0625,992.8125,0,0.97525203,450.9375,1194.375,0,1.0109326,441.5625,1386.5625,0,1.0194534,432.1875,1452.1875,0,0.9074761,forward,155.2333371532856,1
35,1.1678333333333333,189.6841526031494,,,,,,,,,,,,,,,,,,,,479.0625,992.8125,0,0.981973,455.625,1194.375,0,1.0199534,441.5625,1386.5625,0,1.0268335,432.1875,1452.1875,0,0.90879166,forward,155.2333371532856,1
36,1.2012,189.5768642425537,,,,,,,,,,,,,,,,,,,,479.0625,992.8125,0,0.9823868,455.625,1194.375,0,1.0229487,441.5625,1386.5625,0,1.0299227,432.1875,1447.5,0,0.9075515,forward,155.2333371532856,1
37,1.2345666666666666,190.57297706604004,,,,,,,,,,,,,,,,,,,,479.0625,988.125,0,0.9822022,455.625,1194.375,0,1.0274448,441.5625,1386.5625,0,1.0312043,432.1875,1447.5,0,0.8987874,forward,167.47208706304116,1
38,1.2679333333333334,192.16585159301758,,,,,,,,,,,,,,,,,,,,479.0625,988.125,0,0.9870057,455.625,1194.375,0,1.0297592,441.5625,1386.5625,0,1.0347593,432.1875,1447.5,0,0.90682185,forward,167.47208706304116,1
39,1.3013000000000001,190.08207321166992,,,,,,,,,,,,,,,,,,,,479.0625,988.125,0,0.98596346,455.625,1194.375,0,1.0285034,441.5625,1386.5625,0,1.0317059,432.1875,1447.5,0,0.90566194,forward,167.47208706304116,1
40,1.3346666666666667,189.54086303710938,,,,,,,,,,,,,,,,,,,,483.75,988.125,0,0.9919685,455.625,1194.375,0,1.0313596,441.5625,1386.5625,0,1.0349779,432.1875,1447.5,0,0.9140109,forward,167.47208706304116,1
41,1.3680333333333334,193.04919242858887,,,,,,,,,,,,,,,,,,,,483.75,988.125,0,0.9894976,455.625,1194.375,0,1.0287058,441.5625,1386.5625,0,1.0326184,432.1875,1447.5,0,0.9015012,forward,167.47208706304116,1
42,1.4014,193.79687309265137,,,,,,,,,,,,,,,,,,,,483.75,992.8125,0,0.9861532,455.625,1194.375,0,1.0253022,441.5625,1386.5625,0,1.027286,432.1875,1447.5,0,0.9118539,forward,155.2333371532856,1
43,1.4347666666666667,193.1929588317871,,,,,,,,,,,,,,,,,,,,483.75,988.125,0,0.98657835,455.625,1194.375,0,1.0230052,441.5625,1386.5625,0,1.0277071,432.1875,1447.5,0,0.9134847,forward,167.47208706304116,1
44,1.4681333333333333,193.4640407562256,,,,,,,,,,,,,,,,,,,,483.75,988.125,0,0.98092407,455.625,1194.375,0,1.0149835,441.5625,1386.5625,0,1.02023,432.1875,1447.5,0,0.9102681,forward,167.47208706304116,1
45,1.5015,194.97394561767578,,,,,,,,,,,,,,,,,,,,483.75,988.125,0,0.9808076,455.625,1189.6875,0,1.0146494,441.5625,1386.5625,0,1.0211933,432.1875,1447.5,0,0.8988622,forward,167.76125009024443,1
46,1.5348666666666666,193.8321590423584,,,,,,,,,,,,,,,,,,,,483.75,988.125,0,0.9780873,455.625,1194.375,0,1.007408,441.5625,1386.5625,0,1.0189555,427.5,1447.5,0,0.8983539,forward,167.47208706304116,1
47,1.5682333333333334,193.403959274292,,,,,,,,,,,,,,,,,,,,483.75,992.8125,0,0.9753263,455.625,1194.375,0,0.99995387,441.5625,1386.5625,0,1.0153686,432.1875,1452.1875,0,0.907418,forward,155.2333371532856,1
48,1.6016000000000001,190.80710411071777,,,,,,,,,,,,,,,,,,,,483.75,992.8125,0,0.97017246,455.625,1194.375,0,0.99237084,441.5625,1386.5625,0,1.0112598,432.1875,1452.1875,0,0.89089036,forward,155.2333371532856,1
49,1.6349666666666667,192.99888610839844,,,,,,,,,,,,,,,,,,,,483.75,992.8125,0,0.9651617,455.625,1189.6875,0,0.9855621,441.5625,1386.5625,0,1.0012683,432.1875,1447.5,0,0.8695283,forward,162.65855407245826,1
50,1.6683333333333334,190.7510757446289,,,,,,,,,,,,,,,,,,,,479.0625,997.5,0,0.9632755,460.3125,1194.375,0,0.97662807,441.5625,1386.5625,0,0.99819565,432.1875,1452.1875,0,0.8598145,forward,150.13064113549942,0
51,1.7017,191.17307662963867,,,,,,,,,,,,,,,,,,,,483.75,1002.1875,0,0.973498,460.3125,1194.375,0,0.97862077,441.5625,1386.5625,0,1.0008477,432.1875,1452.1875,0,0.8561055,forward,146.19212145007418,1
52,1.7350666666666668,193.94397735595703,,,,,,,,,,,,,,,,,,,,483.75,1006.875,0,0.9672619,460.3125,1199.0625,0,0.9674267,441.5625,1386.5625,0,0.985734,432.1875,1452.1875,0,0.85233176,forward,140.9672447584345,1
53,1.7684333333333333,194.0150260925293,,,,,,,,,,,,,,,,,,,,483.75,1011.5625,0,0.975765,460.3125,1199.0625,0,0.9783751,441.5625,1386.5625,0,0.9983364,432.1875,1452.1875,0,0.8634199,forward,137.62723676891835,1
54,1.8018,193.91798973083496,,,,,,,,,,,,,,,,,,,,483.75,1016.25,0,0.9868274,460.3125,1203.75,0,0.9810545,441.5625,1386.5625,0,1.0095228,432.1875,1452.1875,0,0.88066614,forward,133.59323315584382,1
55,1.8351666666666666,193.80593299865723,,,,,,,,,,,,,,,,,,,,483.75,1020.9375,0,0.994295,460.3125,1203.75,0,0.9773134,441.5625,1386.5625,0,1.0094376,432.1875,1452.1875,0,0.8876734,forward,130.6330062136159,1
56,1.8685333333333334,193.90511512756348,,,,,,,,,,,,,,,,,,,,488.4375,1030.3125,0,1.0019026,460.3125,1208.4375,0,0.98207366,441.5625,1386.5625,0,1.0127726,427.5,1452.1875,0,0.8822613,forward,124.51859537968534,1
57,1.9019,193.4030055999756,,,,,,,,,,,,,,,,,,,,483.75,1030.3125,0,0.9834732,460.3125,1208.4375,0,0.98428476,446.25,1381.875,0,1.0128415,432.1875,1452.1875,0,0.8695667,forward,121.48481997905778,1
58,1.9352666666666667,192.3820972442627,,,,,,,,,,,,,,,,,,,,488.4375,1039.6875,0,0.96410507,455.625,1213.125,0,0.9699183,446.25,1386.5625,0,1.00127,427.5,1452.1875,0,0.87307405,forward,118.99369943898593,1
59,1.9686333333333335,193.5112476348877,,,,,,,,,,,,,,,,,,,,488.4375,1044.375,0,0.9405949,455.625,1217.8125,0,0.96024334,441.5625,1386.5625,0,0.99561113,427.5,1456.875,0,0.87020385,forward,116.23352118603633,1
60,2.0020000000000002,193.4981346130371,,,,,,,,,,,,,,,,,,,,488.4375,1049.0625,0,0.919914,460.3125,1217.8125,0,0.9562376,446.25,1386.5625,0,0.99092525,432.1875,1452.1875,0,0.85960877,forward,113.90048004574437,1
61,2.0353666666666665,193.69006156921387,,,,,,,,,,,,,,,,,,,,488.4375,1053.75,0,0.9227324,460.3125,1217.8125,0,0.9497972,446.25,1386.5625,0,0.99035656,432.1875,1452.1875,0,0.8625879,forward,111.6954930580686,1
62,2.0687333333333333,194.9141025543213,,,,,,,,,,,,,,,,,,,,488.4375,1058.4375,0,0.9273006,465.0,1222.5,0,0.9540255,446.25,1386.5625,0,0.99547243,432.1875,1452.1875,0,0.8506106,forward,109.14089942346558,1
63,2.1021,194.74291801452637,,,,,,,,,,,,,,,,,,,,493.125,1058.4375,0,0.8937778,469.6875,1217.8125,0,0.9324261,446.25,1381.875,0,0.9790909,432.1875,1452.1875,0,0.85094285,forward,107.04211746848213,1
64,2.135466666666667,190.4282569885254,,,,,,,,,,,,,,,,,,,,488.4375,1058.4375,0,0.89054215,474.375,1217.8125,0,0.9381808,446.25,1381.875,0,0.9810536,432.1875,1447.5,0,0.83440393,forward,107.04211746848213,0
65,2.168833333333333,189.58806991577148,,,,,,,,,,,,,,,,,,,,488.4375,1053.75,0,0.877277,474.375,1217.8125,0,0.9319053,450.9375,1381.875,0,0.97173685,432.1875,1447.5,0,0.8254117,forward,109.14089942346558,0
66,2.2022,190.83523750305176,,,,,,,,,,,,,,,,,,,,488.4375,1058.4375,0,0.8656144,479.0625,1217.8125,0,0.92880297,450.9375,1381.875,0,0.9649128,432.1875,1447.5,0,0.8201152,forward,107.04211746848213,0
67,2.2355666666666667,188.74406814575195,,,,,,,,,,,,,,,,,,,,488.4375,1063.125,0,0.8737527,479.0625,1222.5,0,0.939414,450.9375,1381.875,0,0.96664554,436.875,1452.1875,0,0.8217433,forward,104.64886277816753,0
68,2.2689333333333335,188.32707405090332,,,,,,,,,,,,,,,,,,,,483.75,1063.125,0,0.86005753,479.0625,1222.5,0,0.9349513,450.9375,1381.875,0,0.9689342,436.875,1452.1875,0,0.83413476,forward,104.64886277816753,0
69,2.3023000000000002,188.58790397644043,,,,,,,,,,,,,,,,,,,,488.4375,1067.8125,0,0.8640963,479.0625,1222.5,0,0.9343494,450.9375,1381.875,0,0.96520954,436.875,1447.5,0,0.8378842,forward,102.63981137911436,0
70,2.3356666666666666,193.13812255859375,,,,,,,,,,,,,,,,,,,,488.4375,1067.8125,0,0.8621738,479.0625,1217.8125,0,0.9360405,450.9375,1381.875,0,0.97070384,436.875,1447.5,0,0.8443552,forward,103.10093176083876,0
71,2.3690333333333333,189.23497200012207,,,,,,,,,,,,,,,,,,,,488.4375,1067.8125,0,0.8512445,479.0625,1222.5,0,0.9215269,450.9375,1381.875,0,0.9623561,436.875,1452.1875,0,0.844422,forward,102.63981137911436,0
72,2.4024,189.71729278564453,,,,,,,,,,,,,,,,,,,,488.4375,1072.5,0,0.8484261,479.0625,1222.5,0,0.909718,450.9375,1386.5625,0,0.96176517,436.875,1452.1875,0,0.8455931,forward,103.10093176083876,0
73,2.435766666666667,188.89689445495605,,,,,,,,,,,,,,,,,,,,488.4375,1081.875,0,0.8515663,474.375,1222.5,0,0.90395784,450.9375,1386.5625,0,0.96140623,436.875,1452.1875,0,0.8594198,forward,99.42857468329751,0
74,2.469133333333333,188.91215324401855,,,,,,,,,,,,,,,,,,,,488.4375,1077.1875,0,0.850206,474.375,1222.5,0,0.90605855,450.9375,1386.5625,0,0.9585751,436.875,1452.1875,0,0.8516886,forward,101.2355205686199,0
75,2.5025,193.89009475708008,,,,,,,,,,,,,,,,,,,,488.4375,1081.875,0,0.845057,474.375,1222.5,0,0.89964175,450.9375,1386.5625,0,0.9522116,436.875,1452.1875,0,0.85852724,forward,99.42857468329751,0
76,2.5358666666666667,193.39513778686523,,,,,,,,,,,,,,,,,,,,488.4375,1086.5625,0,0.8480723,474.375,1227.1875,0,0.8967167,450.9375,1386.5625,0,0.9485828,436.875,1452.1875,0,0.84624654,forward,97.0353199929829,0
77,2.5692333333333335,194.9782371520996,,,,,,,,,,,,,,,,,,,,488.4375,1091.25,0,0.84744054,469.6875,1227.1875,0,0.8884481,450.9375,1386.5625,0,0.9430987,436.875,1452.1875,0,0.8490601,forward,95.28001270732953,1
78,2.6026000000000002,193.9239501953125,,,,,,,,,,,,,,,,,,,,488.4375,1091.25,0,0.8482524,474.375,1227.1875,0,0.90090793,450.9375,1386.5625,0,0.9507364,436.875,1452.1875,0,0.85015655,forward,95.28001270732953,0
79,2.6359666666666666,193.6960220336914,,,,,,,,,,,,,,,,,,,,488.4375,1091.25,0,0.8499621,469.6875,1227.1875,0,0.89366007,450.9375,1386.5625,0,0.9479357,436.875,1452.1875,0,0.85513073,forward,95.28001270732953,1
80,2.6693333333333333,192.90971755981445,,,,,,,,,,,,,,,,,,,,488.4375,1086.5625,0,0.8542268,474.375,1227.1875,0,0.90894806,450.9375,1386.5625,0,0.95749485,436.875,1452.1875,0,0.8551709,forward,97.0353199929829,0
81,2.7027,192.6898956298828,,,,,,,,,,,,,,,,,,,,488.4375,1081.875,0,0.8490484,474.375,1222.5,0,0.9108751,450.9375,1386.5625,0,0.9645784,436.875,1452.1875,0,0.8523952,forward,99.42857468329751,0
82,2.736066666666667,193.36438179016113,,,,,,,,,,,,,,,,,,,,483.75,1077.1875,0,0.85122,474.375,1222.5,0,0.92835003,450.9375,1386.5625,0,0.97932374,432.1875,1452.1875,0,0.84760404,forward,101.2355205686199,0
83,2.769433333333333,193.3157444000244,,,,,,,,,,,,,,,,,,,,488.4375,1077.1875,0,0.8542939,474.375,1227.1875,0,0.9284784,450.9375,1386.5625,0,0.9707459,432.1875,1452.1875,0,0.8542628,forward,100.70767707052416,0
84,2.8028,192.15774536132812,,,,,,,,,,,,,,,,,,,,488.4375,1067.8125,0,0.8615495,474.375,1222.5,0,0.9334132,450.9375,1386.5625,0,0.97517663,432.1875,1452.1875,0,0.8511795,forward,105.03306606942897,0
85,2.8361666666666667,192.626953125,,,,,,,,,,,,,,,,,,,,488.4375,1072.5,0,0.8823811,469.6875,1227.1875,0,0.94495296,446.25,1386.5625,0,0.97497374,432.1875,1452.1875,0,0.8392357,forward,102.63981137911436,0
86,2.8695333333333335,193.11785697937012,,,,,,,,,,,,,,,,,,,,483.75,1072.5,0,0.90918434,469.6875,1227.1875,0,0.96017975,446.25,1381.875,0,0.9858111,432.1875,1452.1875,0,0.8417345,forward,100.37716561162637,0
87,2.9029000000000003,192.66414642333984,,,,,,,,,,,,,,,,,,,,483.75,1072.5,0,0.9034591,465.0,1222.5,0,0.94387645,446.25,1381.875,0,0.9821652,432.1875,1452.1875,0,0.8536037,forward,100.70767707052416,1
88,2.9362666666666666,193.76802444458008,,,,,,,,,,,,,,,,,,,,483.75,1067.8125,0,0.89944464,460.3125,1222.5,0,0.9372175,446.25,1381.875,0,0.98279923,432.1875,1456.875,0,0.87227756,forward,102.63981137911436,1
89,2.9696333333333333,193.24111938476562,,,,,,,,,,,,,,,,,,,,483.75,1063.125,0,0.940158,460.3125,1222.5,0,0.9601159,446.25,1386.5625,0,1.0013752,432.1875,1456.875,0,0.8894613,forward,107.04211746848213,1
90,3.003,192.72494316101074,,,,,,,,,,,,,,,,,,,,479.0625,1053.75,0,0.9545678,460.3125,1222.5,0,0.97812885,446.25,1386.5625,0,1.0097699,432.1875,1456.875,0,0.88973176,forward,111.34588641114135,1
91,3.036366666666667,193.01199913024902,,,,,,,,,,,,,,,,,,,,479.0625,1049.0625,0,0.9939181,460.3125,1217.8125,0,1.0052962,446.25,1386.5625,0,1.0238228,432.1875,1452.1875,0,0.8868098,forward,113.90048004574437,1
92,3.069733333333333,193.29500198364258,,,,,,,,,,,,,,,,,,,,479.0625,1039.6875,0,0.9927331,455.625,1213.125,0,0.9954783,441.5625,1386.5625,0,1.0214996,432.1875,1456.875,0,0.89823484,forward,118.99369943898593,1
93,3.1031,193.28808784484863,,,,,,,,,,,,,,,,,,,,479.0625,1035.0,0,1.0065761,455.625,1213.125,0,0.9999433,441.5625,1386.5625,0,1.0228084,432.1875,1456.875,0,0.9099916,forward,121.48481997905778,1
94,3.1364666666666667,192.93475151062012,,,,,,,,,,,,,,,,,,,,474.375,1025.625,0,1.0129901,455.625,1203.75,0,1.0025342,441.5625,1386.5625,0,1.0284147,432.1875,1456.875,0,0.90649736,forward,127.9405666711323,1
95,3.1698333333333335,193.36390495300293,,,,,,,,,,,,,,,,,,,,474.375,1020.9375,0,1.0116518,455.625,1203.75,0,1.0002859,441.5625,1386.5625,0,1.0271378,432.1875,1452.1875,0,0.8909844,forward,130.6330062136159,1
96,3.2032000000000003,193.52412223815918,,,,,,,,,,,,,,,,,,,,474.375,1016.25,0,1.0062965,450.9375,1199.0625,0,0.9982148,441.5625,1386.5625,0,1.020827,432.1875,1452.1875,0,0.89065766,forward,134.6670098266904,1
97,3.2365666666666666,193.1610107421875,,,,,,,,,,,,,,,,,,,,469.6875,1011.5625,0,0.9852729,446.25,1199.0625,0,0.9894378,441.5625,1386.5625,0,1.012171,427.5,1456.875,0,0.88879555,forward,137.62723676891835,1
98,3.2699333333333334,192.47794151306152,,,,,,,,,,,,,,,,,,,,469.6875,1006.875,0,0.9818198,446.25,1194.375,0,0.98070216,441.5625,1381.875,0,1.0040755,432.1875,1452.1875,0,0.87707424,forward,137.62723676891835,1
99,3.3033,193.71390342712402,,,,,,,,,,,,,,,,,,,,469.6875,1006.875,0,0.9880644,446.25,1194.375,0,0.9926725,441.5625,1386.5625,0,1.0127873,432.1875,1452.1875,0,0.8788044,forward,142.852113460558,1
100,3.336666666666667,193.30096244812012,,,,,,,,,,,,,,,,,,,,469.6875,1002.1875,0,0.97271293,446.25,1194.375,0,0.98787177,441.5625,1386.5625,0,1.0054632,432.1875,1452.1875,0,0.87683547,forward,146.19212145007418,1
101,3.370033333333333,194.24772262573242,,,,,,,,,,,,,,,,,,,,469.6875,1002.1875,0,0.9735427,446.25,1194.375,0,0.98846936,441.5625,1386.5625,0,1.0148132,432.1875,1452.1875,0,0.8857248,forward,146.19212145007418,1
102,3.4034,195.36328315734863,,,,,,,,,,,,,,,,,,,,469.6875,997.5,0,0.9652148,446.25,1194.375,0,0.98939794,441.5625,1386.5625,0,1.013121,432.1875,1452.1875,0,0.8803888,forward,150.13064113549942,1
103,3.4367666666666667,196.99478149414062,,,,,,,,,,,,,,,,,,,,465.0,997.5,0,0.9544617,446.25,1189.6875,0,0.98798215,441.5625,1386.5625,0,1.0084177,432.1875,1452.1875,0,0.8775754,forward,158.72003438703302,1
104,3.4701333333333335,194.10204887390137,,,,,,,,,,,,,,,,,,,,465.0,997.5,0,0.958078,446.25,1189.6875,0,0.9905704,441.5625,1386.5625,0,1.013153,432.1875,1452.1875,0,0.87615186,forward,158.72003438703302,1
105,3.5035000000000003,193.57013702392578,,,,,,,,,,,,,,,,,,,,465.0,997.5,0,0.9590839,446.25,1194.375,0,0.9905187,441.5625,1386.5625,0,1.0169528,432.1875,1452.1875,0,0.88641727,forward,150.13064113549942,1
106,3.5368666666666666,196.46000862121582,,,,,,,,,,,,,,,,,,,,465.0,992.8125,0,0.9614085,446.25,1194.375,0,0.99726653,441.5625,1386.5625,0,1.0182886,432.1875,1452.1875,0,0.88651395,forward,155.2333371532856,1
107,3.5702333333333334,194.11301612854004,,,,,,,,,,,,,,,,,,,,465.0,992.8125,0,0.9586899,446.25,1194.375,0,0.9937041,441.5625,1386.5625,0,1.0137175,432.1875,1452.1875,0,0.8808617,forward,155.2333371532856,1
108,3.6036,193.28713417053223,,,,,,,,,,,,,,,,,,,,465.0,992.8125,0,0.96042705,446.25,1194.375,0,0.9965785,441.5625,1386.5625,0,1.0146377,432.1875,1452.1875,0,0.88784945,forward,155.2333371532856,1
109,3.636966666666667,196.641206741333,,,,,,,,,,,,,,,,,,,,465.0,997.5,0,0.9611753,446.25,1194.375,0,1.0008537,441.5625,1386.5625,0,1.0177128,432.1875,1452.1875,0,0.8934982,forward,150.13064113549942,1
110,3.6703333333333332,194.4901943206787,,,,,,,,,,,,,,,,,,,,465.0,997.5,0,0.96119875,446.25,1194.375,0,1.0016692,441.5625,1386.5625,0,1.0156903,432.1875,1452.1875,0,0.89637846,forward,150.13064113549942,1
111,3.7037,194.62299346923828,,,,,,,,,,,,,,,,,,,,465.0,992.8125,0,0.9612124,446.25,1194.375,0,1.0007466,441.5625,1386.5625,0,1.0135175,432.1875,1452.1875,0,0.88920224,forward,155.2333371532856,1
112,3.7370666666666668,194.15616989135742,,,,,,,,,,,,,,,,,,,,465.0,992.8125,0,0.96053135,446.25,1194.375,0,0.9995637,441.5625,1386.5625,0,1.0120755,432.1875,1452.1875,0,0.8892422,forward,155.2333371532856,1
113,3.7704333333333335,192.96002388000488,,,,,,,,,,,,,,,,,,,,465.0,997.5,0,0.9558872,446.25,1194.375,0,0.9931338,441.5625,1386.5625,0,1.0097606,432.1875,1452.1875,0,0.897107,forward,150.13064113549942,1
114,3.8038,189.40424919128418,,,,,,,,,,,,,,,,,,,,465.0,997.5,0,0.95474327,446.25,1194.375,0,0.99086094,441.5625,1386.5625,0,1.0072143,432.1875,1452.1875,0,0.8950982,forward,150.13064113549942,1
115,3.8371666666666666,191.00189208984375,,,,,,,,,,,,,,,,,,,,465.0,997.5,0,0.95567656,446.25,1194.375,0,0.9887659,441.5625,1386.5625,0,1.0077077,432.1875,1452.1875,0,0.89039445,forward,150.13064113549942,1
116,3.8705333333333334,188.67206573486328,,,,,,,,,,,,,,,,,,,,465.0,997.5,0,0.9511043,446.25,1194.375,0,0.9847521,441.5625,1386.5625,0,1.0033729,432.1875,1452.1875,0,0.87877446,forward,150.13064113549942,1
117,3.9039,194.42200660705566,,,,,,,,,,,,,,,,,,,,465.0,997.5,0,0.9437866,446.25,1194.375,0,0.9776458,441.5625,1386.5625,0,0.99742633,432.1875,1452.1875,0,0.8803468,forward,150.13064113549942,1
118,3.937266666666667,193.6628818511963,,,,,,,,,,,,,,,,,,,,469.6875,997.5,0,0.9455519,446.25,1194.375,0,0.97922075,441.5625,1386.5625,0,0.99998933,432.1875,1452.1875,0,0.88182414,forward,150.13064113549942,1
119,3.9706333333333332,193.42374801635742,,,,,,,,,,,,,,,,,,,,469.6875,997.5,0,0.9459233,446.25,1194.375,0,0.9781826,441.5625,1386.5625,0,0.99874085,432.1875,1452.1875,0,0.8799113,forward,150.13064113549942,1
120,4.0040000000000004,193.05109977722168,,,,,,,,,,,,,,,,,,,,469.6875,997.5,0,0.94074786,450.9375,1194.375,0,0.97062314,441.5625,1381.875,0,0.98984,432.1875,1447.5,0,0.86608815,forward,144.90576444385977,1
121,4.037366666666666,192.67606735229492,,,,,,,,,,,,,,,,,,,,469.6875,997.5,0,0.9410069,450.9375,1194.375,0,0.9701549,441.5625,1386.5625,0,0.991259,432.1875,1452.1875,0,0.87729454,forward,150.13064113549942,1
122,4.070733333333333,192.7320957183838,,,,,,,,,,,,,,,,,,,,469.6875,997.5,0,0.93965214,450.9375,1194.375,0,0.9692678,441.5625,1386.5625,0,0.9910141,432.1875,1452.1875,0,0.87258744,forward,150.13064113549942,1
123,4.1041,192.69418716430664,,,,,,,,,,,,,,,,,,,,469.6875,997.5,0,0.9331714,450.9375,1194.375,0,0.9653423,441.5625,1386.5625,0,0.9878063,432.1875,1452.1875,0,0.86752707,forward,150.13064113549942,1
124,4.137466666666667,193.7248706817627,,,,,,,,,,,,,,,,,,,,474.375,997.5,0,0.95034707,455.625,1194.375,0,0.97912276,441.5625,1386.5625,0,0.9944979,432.1875,1447.5,0,0.85791165,forward,150.13064113549942,1
125,4.170833333333333,192.72899627685547,,,,,,,,,,,,,,,,,,,,479.0625,1002.1875,0,0.9568964,455.625,1194.375,0,0.9849663,441.5625,1386.5625,0,1.0031385,432.1875,1452.1875,0,0.8714578,forward,146.19212145007418,1
126,4.2042,193.31884384155273,,,,,,,,,,,,,,,,,,,,479.0625,1006.875,0,0.95357466,455.625,1194.375,0,0.9759101,441.5625,1386.5625,0,0.99677914,432.1875,1452.1875,0,0.8712363,forward,142.852113460558,1
127,4.237566666666667,193.9551830291748,,,,,,,,,,,,,,,,,,,,479.0625,1006.875,0,0.9525588,455.625,1194.375,0,0.97533816,441.5625,1386.5625,0,0.9929531,432.1875,1452.1875,0,0.86720484,forward,142.852113460558,1
128,4.270933333333334,193.01104545593262,,,,,,,,,,,,,,,,,,,,479.0625,1011.5625,0,0.96758443,455.625,1199.0625,0,0.9852171,441.5625,1381.875,0,0.9992218,432.1875,1452.1875,0,0.8678864,forward,133.59323315584382,1
129,4.3043000000000005,193.09210777282715,,,,,,,,,,,,,,,,,,,,479.0625,1016.25,0,0.98563766,455.625,1203.75,0,0.9944353,441.5625,1386.5625,0,1.009897,432.1875,1452.1875,0,0.8800281,forward,133.59323315584382,1
130,4.337666666666666,193.42517852783203,,,,,,,,,,,,,,,,,,,,479.0625,1016.25,0,0.9941887,450.9375,1203.75,0,0.99464095,441.5625,1386.5625,0,1.0146643,432.1875,1452.1875,0,0.8800216,forward,133.59323315584382,1
131,4.371033333333333,194.3199634552002,,,,,,,,,,,,,,,,,,,,479.0625,1020.9375,0,0.9882318,446.25,1208.4375,0,0.98409057,441.5625,1386.5625,0,1.0069491,432.1875,1456.875,0,0.8768343,forward,130.17126186439685,1
132,4.4044,193.53985786437988,,,,,,,,,,,,,,,,,,,,479.0625,1025.625,0,1.00844,446.25,1213.125,0,0.99527395,441.5625,1386.5625,0,1.0145768,432.1875,1452.1875,0,0.8755721,forward,127.13748646376929,1
133,4.437766666666667,193.67718696594238,,,,,,,,,,,,,,,,,,,,483.75,1030.3125,0,1.0158588,446.25,1213.125,0,1.0061541,441.5625,1386.5625,0,1.0123205,432.1875,1456.875,0,0.87938815,forward,124.17725952154136,1
134,4.471133333333333,193.36199760437012,,,,,,,,,,,,,,,,,,,,483.75,1039.6875,0,0.9994376,446.25,1213.125,0,1.0000341,441.5625,1386.5625,0,1.0030469,427.5,1456.875,0,0.8881625,forward,118.99369943898593,1
135,4.5045,193.13788414001465,,,,,,,,,,,,,,,,,,,,483.75,1039.6875,0,0.99609864,450.9375,1217.8125,0,1.005527,441.5625,1386.5625,0,1.0119429,432.1875,1456.875,0,0.90271336,forward,118.72464172610817,1
136,4.537866666666667,193.42279434204102,,,,,,,,,,,,,,,,,,,,483.75,1044.375,0,0.9898056,455.625,1217.8125,0,1.0052605,441.5625,1386.5625,0,1.0172377,432.1875,1452.1875,0,0.8969104,forward,116.23352118603633,1
137,4.571233333333334,193.70388984680176,,,,,,,,,,,,,,,,,,,,488.4375,1053.75,0,0.9855261,460.3125,1222.5,0,0.9933096,441.5625,1386.5625,0,1.0111023,432.1875,1456.875,0,0.8982266,forward,111.34588641114135,1
138,4.6046000000000005,193.32194328308105,,,,,,,,,,,,,,,,,,,,488.4375,1063.125,0,0.95455515,460.3125,1222.5,0,0.9820833,446.25,1386.5625,0,1.0020419,432.1875,1456.875,0,0.88449204,forward,107.04211746848213,1
139,4.637966666666666,194.28420066833496,,,,,,,,,,,,,,,,,,,,488.4375,1063.125,0,0.9421805,465.0,1222.5,0,0.9818759,446.25,1386.5625,0,1.0044923,432.1875,1452.1875,0,0.87274814,forward,107.04211746848213,1
140,4.671333333333333,193.9408779144287,,,,,,,,,,,,,,,,,,,,488.4375,1067.8125,0,0.932606,465.0,1222.5,0,0.9700469,446.25,1386.5625,0,0.9980006,432.1875,1452.1875,0,0.86169124,forward,105.03306606942897,1
141,4.7047,194.49281692504883,,,,,,,,,,,,,,,,,,,,488.4375,1077.1875,0,0.9117501,460.3125,1222.5,0,0.9492651,446.25,1386.5625,0,0.9849234,432.1875,1452.1875,0,0.8718389,forward,101.2355205686199,1
142,4.738066666666667,197.6010799407959,,,,,,,,,,,,,,,,,,,,488.4375,1081.875,0,0.882205,460.3125,1222.5,0,0.92676455,446.25,1391.25,0,0.9688941,432.1875,1456.875,0,0.8603066,forward,101.98316831790054,1
143,4.771433333333333,199.79596138000488,,,,,,,,,,,,,,,,,,,,488.4375,1081.875,0,0.87616885,460.3125,1227.1875,0,0.92517734,446.25,1386.5625,0,0.9666457,432.1875,1456.875,0,0.8556096,forward,98.8422658783053,1
144,4.8048,195.31011581420898,,,,,,,,,,,,,,,,,,,,488.4375,1086.5625,0,0.8889053,460.3125,1227.1875,0,0.9404569,446.25,1386.5625,0,0.9797697,432.1875,1452.1875,0,0.8496511,forward,97.0353199929829,1
145,4.838166666666667,195.22404670715332,,,,,,,,,,,,,,,,,,,,488.4375,1091.25,0,0.87194467,460.3125,1227.1875,0,0.9219577,446.25,1386.5625,0,0.971788,432.1875,1452.1875,0,0.8465269,forward,95.28001270732953,1
146,4.871533333333334,194.86069679260254,,,,,,,,,,,,,,,,,,,,488.4375,1095.9375,0,0.86637616,460.3125,1227.1875,0,0.9095911,446.25,1386.5625,0,0.9650113,427.5,1456.875,0,0.8565738,forward,93.57062904208188,1
147,4.9049000000000005,194.60105895996094,,,,,,,,,,,,,,,,,,,,488.4375,1105.3125,0,0.878024,455.625,1231.875,0,0.9107687,446.25,1391.25,0,0.96549106,427.5,1456.875,0,0.8582983,forward,91.90233700712092,1
148,4.938266666666666,197.99399375915527,,,,,,,,,,,,,,,,,,,,488.4375,1110.0,0,0.88914275,455.625,1231.875,0,0.91497374,446.25,1391.25,0,0.966895,427.5,1452.1875,0,0.86799777,forward,90.27097818403251,1
149,4.971633333333333,197.5569725036621,,,,,,,,,,,,,,,,,,,,493.125,1105.3125,0,0.8977866,450.9375,1231.875,0,0.9217819,441.5625,1386.5625,0,0.9766962,432.1875,1452.1875,0,0.8723003,forward,89.63969123963292,1
150,5.005,196.5029239654541,,,,,,,,,,,,,,,,,,,,488.4375,1114.6875,0,0.9188121,446.25,1241.25,0,0.9231783,446.25,1391.25,0,0.9757951,427.5,1452.1875,0,0.878048,forward,87.4853112299639,1
151,5.038366666666667,196.49982452392578,,,,,,,,,,,,,,,,,,,,488.4375,1114.6875,0,0.91273654,441.5625,1241.25,0,0.92895603,446.25,1386.5625,0,0.9743031,427.5,1452.1875,0,0.883854,forward,85.42231317921171,1
152,5.071733333333333,196.55609130859375,,,,,,,,,,,,,,,,,,,,488.4375,1114.6875,0,0.9192362,441.5625,1241.25,0,0.93678635,446.25,1386.5625,0,0.9780557,427.5,1452.1875,0,0.88852155,forward,85.42231317921171,1
153,5.1051,196.62809371948242,,,,,,,,,,,,,,,,,,,,488.4375,1114.6875,0,0.92482024,436.875,1241.25,0,0.94501483,441.5625,1386.5625,0,0.9809438,427.5,1452.1875,0,0.8964443,forward,85.42231317921171,1
154,5.138466666666667,197.5231170654297,,,,,,,,,,,,,,,,,,,,483.75,1119.375,0,0.9336102,432.1875,1245.9375,0,0.95645076,441.5625,1391.25,0,0.978576,427.5,1452.1875,0,0.9016027,forward,85.42231317921171,1
155,5.171833333333334,196.31409645080566,,,,,,,,,,,,,,,,,,,,483.75,1119.375,0,0.9376017,432.1875,1241.25,0,0.96174765,441.5625,1386.5625,0,0.98334396,427.5,1452.1875,0,0.9051722,forward,83.79095435612331,1
156,5.2052000000000005,196.22182846069336,,,,,,,,,,,,,,,,,,,,483.75,1119.375,0,0.9510375,427.5,1236.5625,0,0.9654969,441.5625,1386.5625,0,0.98689926,427.5,1452.1875,0,0.9042262,forward,84.25594281312594,1
157,5.238566666666666,196.24805450439453,,,,,,,,,,,,,,,,,,,,483.75,1119.375,0,0.9585592,422.8125,1231.875,0,0.96744984,441.5625,1386.5625,0,0.9958674,427.5,1452.1875,0,0.9086451,forward,84.84251998300829,1
158,5.271933333333333,196.91014289855957,,,,,,,,,,,,,,,,,,,,483.75,1119.375,0,0.9633373,422.8125,1231.875,0,0.9640368,441.5625,1386.5625,0,0.99725306,427.5,1452.1875,0,0.9141768,forward,84.84251998300829,1
159,5.3053,196.66504859924316,,,,,,,,,,,,,,,,,,,,483.75,1119.375,0,0.96234405,422.8125,1236.5625,0,0.9642104,441.5625,1386.5625,0,0.9947573,427.5,1452.1875,0,0.9069673,forward,84.25594281312594,1
160,5.338666666666667,199.52988624572754,,,,,,,,,,,,,,,,,,,,483.75,1119.375,0,0.95685685,427.5,1236.5625,0,0.9660305,441.5625,1386.5625,0,0.99258757,427.5,1452.1875,0,0.90502185,forward,84.25594281312594,1
161,5.372033333333333,192.626953125,,,,,,,,,,,,,,,,,,,,483.75,1114.6875,0,0.9559587,427.5,1236.5625,0,0.9692987,441.5625,1381.875,0,0.9937855,427.5,1452.1875,0,0.9103807,forward,83.79095435612331,1
162,5.4054,194.5340633392334,,,,,,,,,,,,,,,,,,,,483.75,1114.6875,0,0.9397829,432.1875,1241.25,0,0.967215,441.5625,1386.5625,0,0.9849678,427.5,1452.1875,0,0.90059114,forward,85.42231317921171,1
163,5.438766666666667,194.1850185394287,,,,,,,,,,,,,,,,,,,,488.4375,1110.0,0,0.9362964,436.875,1236.5625,0,0.9608412,441.5625,1386.5625,0,0.987497,427.5,1452.1875,0,0.8916439,forward,87.4853112299639,1
164,5.472133333333334,190.5837059020996,,,,,,,,,,,,,,,,,,,,488.4375,1105.3125,0,0.92748255,441.5625,1236.5625,0,0.9548321,441.5625,1386.5625,0,0.98703337,427.5,1452.1875,0,0.89452773,forward,89.15360326492485,1
165,5.5055000000000005,192.3527717590332,,,,,,,,,,,,,,,,,,,,488.4375,1100.625,0,0.9188711,446.25,1231.875,0,0.9552092,441.5625,1386.5625,0,0.989645,432.1875,1452.1875,0,0.8777931,forward,91.30798327459388,1
166,5.538866666666666,189.74995613098145,,,,,,,,,,,,,,,,,,,,488.4375,1095.9375,0,0.8814354,450.9375,1227.1875,0,0.9282984,441.5625,1386.5625,0,0.97792405,432.1875,1452.1875,0,0.8710568,forward,93.57062904208188,1
167,5.572233333333333,190.70696830749512,,,,,,,,,,,,,,,,,,,,488.4375,1091.25,0,0.8607392,455.625,1217.8125,0,0.9203099,446.25,1386.5625,0,0.9760549,432.1875,1452.1875,0,0.855549,forward,96.85018533203855,1
168,5.6056,193.8331127166748,,,,,,,,,,,,,,,,,,,,483.75,1086.5625,0,0.8599264,460.3125,1222.5,0,0.9230854,446.25,1386.5625,0,0.97233087,432.1875,1452.1875,0,0.8544422,forward,97.67326739764414,1
169,5.638966666666667,193.52388381958008,,,,,,,,,,,,,,,,,,,,488.4375,1077.1875,0,0.871572,460.3125,1222.5,0,0.93398434,446.25,1386.5625,0,0.97933745,432.1875,1452.1875,0,0.8477558,forward,101.2355205686199,1
170,5.6723333333333334,193.81999969482422,,,,,,,,,,,,,,,,,,,,488.4375,1072.5,0,0.88791,460.3125,1217.8125,0,0.93742144,446.25,1381.875,0,0.9807363,432.1875,1452.1875,0,0.85328996,forward,101.2355205686199,1
171,5.7057,193.526029586792,,,,,,,,,,,,,,,,,,,,488.4375,1072.5,0,0.89092886,460.3125,1217.8125,0,0.93853354,446.25,1386.5625,0,0.9781325,432.1875,1452.1875,0,0.8647044,forward,103.79011420322293,1
172,5.739066666666667,193.81213188171387,,,,,,,,,,,,,,,,,,,,483.75,1067.8125,0,0.91151094,455.625,1217.8125,0,0.94818735,446.25,1386.5625,0,0.9881281,427.5,1452.1875,0,0.87122554,forward,105.65552539544179,1
173,5.772433333333334,194.10109519958496,,,,,,,,,,,,,,,,,,,,488.4375,1063.125,0,0.95001435,455.625,1217.8125,0,0.97578573,446.25,1386.5625,0,1.0097132,427.5,1452.1875,0,0.87945724,forward,107.58765970403199,1
174,5.8058000000000005,189.9089813232422,,,,,,,,,,,,,,,,,,,,488.4375,1053.75,0,0.95291364,450.9375,1217.8125,0,0.9804677,441.5625,1386.5625,0,1.0045903,432.1875,1452.1875,0,0.8778392,forward,111.6954930580686,1
175,5.839166666666666,191.87092781066895,,,,,,,,,,,,,,,,,,,,483.75,1049.0625,0,0.9669939,446.25,1217.8125,0,0.9837346,441.5625,1386.5625,0,0.99969053,427.5,1456.875,0,0.8770474,forward,113.90048004574437,1
176,5.872533333333333,190.60301780700684,,,,,,,,,,,,,,,,,,,,483.75,1039.6875,0,0.989968,441.5625,1213.125,0,1.0027992,441.5625,1386.5625,0,1.0144657,432.1875,1456.875,0,0.8744533,forward,118.99369943898593,1
177,5.9059,190.09685516357422,,,,,,,,,,,,,,,,,,,,483.75,1035.0,0,1.0058098,436.875,1203.75,0,1.017062,436.875,1386.5625,0,1.0233902,427.5,1456.875,0,0.8698397,forward,123.1164049907685,1
178,5.939266666666667,190.230131149292,,,,,,,,,,,,,,,,,,,,479.0625,1025.625,0,1.0189689,432.1875,1199.0625,0,1.0263958,436.875,1381.875,0,1.0320246,427.5,1452.1875,0,0.86929524,forward,125.44944613106045,1
179,5.9726333333333335,190.53006172180176,,,,,,,,,,,,,,,,,,,,479.0625,1020.9375,0,1.011328,432.1875,1199.0625,0,1.0144237,436.875,1381.875,0,1.0216666,427.5,1456.875,0,0.8726483,forward,127.9405666711323,1
180,6.006,194.2429542541504,,,,,,,,,,,,,,,,,,,,479.0625,1016.25,0,0.99724656,432.1875,1194.375,0,1.0048594,436.875,1381.875,0,1.0145261,427.5,1452.1875,0,0.8680515,forward,131.97457028420683,1
181,6.039366666666667,193.1898593902588,,,,,,,,,,,,,,,,,,,,479.0625,1011.5625,0,1.0008668,432.1875,1194.375,0,1.0072727,436.875,1381.875,0,1.0177932,427.5,1452.1875,0,0.8648584,forward,134.6670098266904,1
182,6.072733333333334,194.6737766265869,,,,,,,,,,,,,,,,,,,,479.0625,1006.875,0,0.9997891,432.1875,1194.375,0,1.0124286,441.5625,1381.875,0,1.0232353,427.5,1452.1875,0,0.84615993,forward,137.62723676891835,1
183,6.1061000000000005,193.58015060424805,,,,,,,,,,,,,,,,,,,,479.0625,1006.875,0,0.9895814,436.875,1194.375,0,1.0054657,441.5625,1381.875,0,1.01706,427.5,1452.1875,0,0.85595953,forward,137.62723676891835,1
184,6.139466666666666,194.40388679504395,,,,,,,,,,,,,,,,,,,,479.0625,1002.1875,0,0.98157626,436.875,1194.375,0,1.0063915,441.5625,1381.875,0,1.0195147,427.5,1452.1875,0,0.8577751,forward,140.9672447584345,1
185,6.172833333333333,193.48621368408203,,,,,,,,,,,,,,,,,,,,479.0625,1002.1875,0,0.9836649,441.5625,1189.6875,0,1.0052435,441.5625,1386.5625,0,1.0215858,427.5,1452.1875,0,0.8557458,forward,155.38002639751684,1
186,6.2062,193.19486618041992,,,,,,,,,,,,,,,,,,,,479.0625,997.5,0,0.9788253,441.5625,1189.6875,0,1.0079408,441.5625,1386.5625,0,1.0296091,427.5,1452.1875,0,0.86149645,forward,158.72003438703302,1
187,6.239566666666667,193.4058666229248,,,,,,,,,,,,,,,,,,,,479.0625,997.5,0,0.9727262,446.25,1189.6875,0,1.0094348,441.5625,1386.5625,0,1.0284773,427.5,1452.1875,0,0.8684309,forward,158.72003438703302,1
188,6.2729333333333335,193.01390647888184,,,,,,,,,,,,,,,,,,,,479.0625,992.8125,0,0.97224605,446.25,1189.6875,0,1.0075929,441.5625,1386.5625,0,1.0298864,427.5,1452.1875,0,0.8820416,forward,162.65855407245826,1
189,6.3063,193.6171054840088,,,,,,,,,,,,,,,,,,,,479.0625,992.8125,0,0.9696709,450.9375,1189.6875,0,1.0076381,441.5625,1386.5625,0,1.0294197,427.5,1452.1875,0,0.88719505,forward,162.65855407245826,1
190,6.339666666666667,194.25106048583984,,,,,,,,,,,,,,,,,,,,479.0625,992.8125,0,0.9738331,450.9375,1189.6875,0,1.0187197,441.5625,1386.5625,0,1.0365671,432.1875,1452.1875,0,0.88133264,forward,162.65855407245826,1
191,6.373033333333334,193.27211380004883,,,,,,,,,,,,,,,,,,,,479.0625,988.125,0,0.9746535,450.9375,1189.6875,0,1.0217547,441.5625,1386.5625,0,1.0383495,427.5,1452.1875,0,0.8892113,forward,167.76125009024443,1
192,6.4064000000000005,193.6781406402588,,,,,,,,,,,,,,,,,,,,479.0625,988.125,0,0.97695637,455.625,1189.6875,0,1.0275869,441.5625,1386.5625,0,1.0411178,427.5,1447.5,0,0.9000685,forward,167.76125009024443,1
193,6.439766666666666,201.54094696044922,,,,,,,,,,,,,,,,,,,,479.0625,988.125,0,0.9803976,455.625,1194.375,0,1.0309618,441.5625,1386.5625,0,1.03917,427.5,1447.5,0,0.9033221,forward,167.47208706304116,1
194,6.473133333333333,193.50600242614746,,,,,,,,,,,,,,,,,,,,479.0625,988.125,0,0.9865257,455.625,1194.375,0,1.0395601,441.5625,1386.5625,0,1.0456995,427.5,1447.5,0,0.8947313,forward,167.47208706304116,1
195,6.5065,187.6530647277832,,,,,,,,,,,,,,,,,,,,479.0625,988.125,0,0.9879854,455.625,1194.375,0,1.0404645,441.5625,1386.5625,0,1.0440161,427.5,1447.5,0,0.911561,forward,167.47208706304116,1
196,6.539866666666667,187.4098777770996,,,,,,,,,,,,,,,,,,,,479.0625,988.125,0,0.98795044,455.625,1194.375,0,1.039633,441.5625,1386.5625,0,1.0439258,427.5,1447.5,0,0.91351044,forward,167.47208706304116,1
197,6.5732333333333335,187.24608421325684,,,,,,,,,,,,,,,,,,,,479.0625,988.125,0,0.98975796,455.625,1194.375,0,1.0417933,441.5625,1386.5625,0,1.0466588,427.5,1447.5,0,0.9132673,forward,167.47208706304116,1
198,6.6066,191.39695167541504,,,,,,,,,,,,,,,,,,,,479.0625,983.4375,0,0.9883773,455.625,1194.375,0,1.0428174,441.5625,1386.5625,0,1.0446069,427.5,1447.5,0,0.9006157,forward,167.47208706304116,1
199,6.639966666666667,191.98012351989746,,,,,,,,,,,,,,,,,,,,479.0625,988.125,0,0.99238026,455.625,1194.375,0,1.0443416,436.875,1386.5625,0,1.0465677,427.5,1447.5,0,0.9133582,forward,155.37059539321697,1
200,6.673333333333334,208.9669704437256,,,,,,,,,,,,,,,,,,,,479.0625,988.125,0,0.984967,455.625,1194.375,0,1.0337305,436.875,1386.5625,0,1.0397338,427.5,1447.5,0,0.9139531,forward,155.37059539321697,1
201,6.7067000000000005,192.1379566192627,,,,,,,,,,,,,,,,,,,,483.75,983.4375,0,0.98606485,455.625,1189.6875,0,1.0385549,441.5625,1386.5625,0,1.0441103,427.5,1447.5,0,0.9112093,forward,167.89850833017582,1
202,6.740066666666666,194.1208839416504,,,,,,,,,,,,,,,,,,,,483.75,983.4375,0,0.9915745,455.625,1189.6875,0,1.0433695,441.5625,1386.5625,0,1.045118,427.5,1447.5,0,0.9065108,forward,167.89850833017582,1
203,6.773433333333333,194.86093521118164,,,,,,,,,,,,,,,,,,,,479.0625,983.4375,0,0.99027294,455.625,1194.375,0,1.0393833,441.5625,1386.5625,0,1.0439124,427.5,1447.5,0,0.9093763,forward,167.47208706304116,1
204,6.8068,192.65985488891602,,,,,,,,,,,,,,,,,,,,479.0625,988.125,0,0.98417854,455.625,1194.375,0,1.032659,441.5625,1391.25,0,1.0401006,427.5,1452.1875,0,0.91284186,forward,167.89850833017582,1
205,6.840166666666667,192.13104248046875,,,,,,,,,,,,,,,,,,,,479.0625,988.125,0,0.9782821,450.9375,1194.375,0,1.0275661,441.5625,1386.5625,0,1.0379297,427.5,1452.1875,0,0.91372156,forward,155.37059539321697,1
206,6.8735333333333335,209.49387550354004,,,,,,,,,,,,,,,,,,,,479.0625,988.125,0,0.9758791,450.9375,1194.375,0,1.02403,441.5625,1386.5625,0,1.0362537,427.5,1452.1875,0,0.9099722,forward,155.37059539321697,1
207,6.9069,199.04613494873047,,,,,,,,,,,,,,,,,,,,479.0625,988.125,0,0.9799417,450.9375,1194.375,0,1.0265343,441.5625,1386.5625,0,1.039922,427.5,1452.1875,0,0.9006163,forward,155.37059539321697,1
208,6.940266666666667,189.11194801330566,,,,,,,,,,,,,,,,,,,,479.0625,992.8125,0,0.9725845,446.25,1194.375,0,1.012256,441.5625,1386.5625,0,1.0263251,427.5,1452.1875,0,0.8936808,forward,150.32587757899427,1
209,6.973633333333334,190.81926345825195,,,,,,,,,,,,,,,,,,,,479.0625,992.8125,0,0.97258365,446.25,1194.375,0,1.0078356,441.5625,1386.5625,0,1.0241838,427.5,1452.1875,0,0.89376116,forward,150.32587757899427,1
210,7.007000000000001,191.2670135498047,,,,,,,,,,,,,,,,,,,,479.0625,997.5,0,0.96965927,446.25,1194.375,0,1.0064958,441.5625,1386.5625,0,1.0174959,427.5,1452.1875,0,0.8773602,forward,146.4326179158911,1
211,7.040366666666666,190.3378963470459,,,,,,,,,,,,,,,,,,,,479.0625,997.5,0,0.96963453,446.25,1194.375,0,1.0011184,441.5625,1381.875,0,1.0168742,427.5,1452.1875,0,0.8770852,forward,141.20774122425144,1
212,7.073733333333333,193.9249038696289,,,,,,,,,,,,,,,,,,,,479.0625,1002.1875,0,0.9651626,446.25,1194.375,0,0.9934282,441.5625,1386.5625,0,1.0062282,427.5,1452.1875,0,0.8702092,forward,143.13144107095758,1
213,7.1071,195.40715217590332,,,,,,,,,,,,,,,,,,,,479.0625,1002.1875,0,0.9586475,446.25,1194.375,0,0.9805088,441.5625,1386.5625,0,0.9990426,427.5,1452.1875,0,0.86563444,forward,143.13144107095758,1
214,7.140466666666667,198.71902465820312,,,,,,,,,,,,,,,,,,,,479.0625,1006.875,0,0.97622913,446.25,1199.0625,0,0.99201185,441.5625,1381.875,0,1.0004734,427.5,1452.1875,0,0.852785,forward,133.8725607662434,1
215,7.1738333333333335,191.38813018798828,,,,,,,,,,,,,,,,,,,,479.0625,1006.875,0,0.9782027,446.25,1199.0625,0,0.99491537,441.5625,1381.875,0,1.0049767,427.5,1452.1875,0,0.8504946,forward,133.8725607662434,1
216,7.2072,189.62693214416504,,,,,,,,,,,,,,,,,,,,479.0625,1011.5625,0,0.98371613,446.25,1199.0625,0,0.99376786,441.5625,1386.5625,0,1.0088582,427.5,1452.1875,0,0.8569957,forward,134.98116674895078,1
217,7.240566666666667,193.11881065368652,,,,,,,,,,,,,,,,,,,,479.0625,1016.25,0,0.98382115,446.25,1199.0625,0,0.9906371,441.5625,1386.5625,0,1.0038046,427.5,1452.1875,0,0.84638536,forward,132.32077641750965,1
218,7.273933333333334,190.7370090484619,,,,,,,,,,,,,,,,,,,,479.0625,1020.9375,0,0.98157156,441.5625,1199.0625,0,0.9857091,436.875,1386.5625,0,1.0032026,422.8125,1452.1875,0,0.849736,forward,129.85967283008296,1
219,7.307300000000001,190.87791442871094,,,,,,,,,,,,,,,,,,,,479.0625,1020.9375,0,1.0058093,441.5625,1203.75,0,1.0043304,441.5625,1386.5625,0,1.0177139,422.8125,1452.1875,0,0.8473097,forward,128.28677280443515,1
220,7.3406666666666665,189.98003005981445,,,,,,,,,,,,,,,,,,,,479.0625,1025.625,0,1.0225996,436.875,1203.75,0,1.0152981,441.5625,1386.5625,0,1.0245516,422.8125,1452.1875,0,0.8621922,forward,125.82566921700845,1
221,7.374033333333333,191.01810455322266,,,,,,,,,,,,,,,,,,,,479.0625,1030.3125,0,1.0151162,436.875,1208.4375,0,1.0129359,436.875,1386.5625,0,1.0117958,422.8125,1452.1875,0,0.85927,forward,122.40369792556149,1
222,7.4074,193.93682479858398,,,,,,,,,,,,,,,,,,,,479.0625,1030.3125,0,1.0138314,432.1875,1208.4375,0,1.0145109,441.5625,1386.5625,0,1.0151596,422.8125,1452.1875,0,0.8481566,forward,122.40369792556149,1
223,7.440766666666667,192.0487880706787,,,,,,,,,,,,,,,,,,,,479.0625,1035.0,0,1.0095241,432.1875,1213.125,0,1.01809,441.5625,1386.5625,0,1.0214639,422.8125,1452.1875,0,0.8457434,forward,119.36992252493393,1
224,7.4741333333333335,192.61503219604492,,,,,,,,,,,,,,,,,,,,479.0625,1039.6875,0,0.98574877,432.1875,1213.125,0,1.0076113,441.5625,1386.5625,0,1.0136403,422.8125,1452.1875,0,0.8463679,forward,117.06533054760892,1
225,7.5075,192.39091873168945,,,,,,,,,,,,,,,,,,,,479.0625,1044.375,0,0.9887083,432.1875,1217.8125,0,1.007839,441.5625,1386.5625,0,1.0164614,422.8125,1452.1875,0,0.85886574,forward,114.30515229465932,1
226,7.540866666666667,192.7778720855713,,,,,,,,,,,,,,,,,,,,479.0625,1049.0625,0,0.98465216,432.1875,1217.8125,0,1.0069042,441.5625,1386.5625,0,1.0184275,422.8125,1452.1875,0,0.85256255,forward,112.1273853058237,1
227,7.574233333333334,192.64912605285645,,,,,,,,,,,,,,,,,,,,479.0625,1053.75,0,0.97302914,427.5,1217.8125,0,1.0035626,441.5625,1386.5625,0,1.0186133,422.8125,1452.1875,0,0.8562479,forward,110.05484175173974,1
228,7.6076,192.10481643676758,,,,,,,,,,,,,,,,,,,,479.0625,1058.4375,0,0.9681001,427.5,1222.5,0,1.0032729,441.5625,1386.5625,0,1.0125628,422.8125,1452.1875,0,0.85637164,forward,107.50024811713672,1
229,7.6409666666666665,192.3351287841797,,,,,,,,,,,,,,,,,,,,479.0625,1067.8125,0,0.9427835,427.5,1227.1875,0,0.9851105,441.5625,1386.5625,0,0.99771523,422.8125,1452.1875,0,0.86246264,forward,103.12337145312132,1
230,7.674333333333333,191.91217422485352,,,,,,,,,,,,,,,,,,,,479.0625,1072.5,0,0.94676846,427.5,1222.5,0,0.98210263,441.5625,1386.5625,0,0.99553716,422.8125,1452.1875,0,0.8638312,forward,101.76808001754688,1
231,7.7077,193.70698928833008,,,,,,,,,,,,,,,,,,,,479.0625,1077.1875,0,0.9678842,427.5,1227.1875,0,1.004632,441.5625,1386.5625,0,1.0113802,422.8125,1452.1875,0,0.87138724,forward,99.37482532723227,1
232,7.741066666666667,192.1701431274414,,,,,,,,,,,,,,,,,,,,479.0625,1081.875,0,0.9553375,427.5,1231.875,0,0.9926343,441.5625,1381.875,0,1.002956,422.8125,1452.1875,0,0.87388235,forward,94.95779955007525,1
233,7.7744333333333335,192.97361373901367,,,,,,,,,,,,,,,,,,,,479.0625,1081.875,0,0.92499316,432.1875,1227.1875,0,0.96632427,441.5625,1386.5625,0,0.98499656,422.8125,1452.1875,0,0.8642825,forward,97.5916539822913,1
234,7.8078,193.59993934631348,,,,,,,,,,,,,,,,,,,,479.0625,1086.5625,0,0.928697,432.1875,1231.875,0,0.9716756,441.5625,1386.5625,0,0.9886432,422.8125,1452.1875,0,0.87173676,forward,95.32900821480331,1
235,7.841166666666667,192.28887557983398,,,,,,,,,,,,,,,,,,,,483.75,1091.25,0,0.9384111,432.1875,1236.5625,0,0.97510505,441.5625,1386.5625,0,0.9917135,422.8125,1452.1875,0,0.869099,forward,93.17462820513428,1
236,7.874533333333334,192.4600601196289,,,,,,,,,,,,,,,,,,,,483.75,1095.9375,0,0.9473804,432.1875,1236.5625,0,0.97978103,441.5625,1386.5625,0,0.9978064,422.8125,1452.1875,0,0.87116975,forward,91.44272413428352,1
237,7.9079,193.63784790039062,,,,,,,,,,,,,,,,,,,,483.75,1100.625,0,0.9355639,432.1875,1236.5625,0,0.96258867,441.5625,1386.5625,0,0.98885393,422.8125,1452.1875,0,0.8737111,forward,89.75644389273135,1
238,7.9412666666666665,193.82500648498535,,,,,,,,,,,,,,,,,,,,483.75,1105.3125,0,0.9543928,432.1875,1236.5625,0,0.96889776,441.5625,1386.5625,0,0.9938376,422.8125,1452.1875,0,0.8733318,forward,88.11100449255862,1
239,7.974633333333333,192.56901741027832,,,,,,,,,,,,,,,,,,,,483.75,1105.3125,0,0.93995214,432.1875,1236.5625,0,0.96248615,441.5625,1386.5625,0,0.98810995,422.8125,1452.1875,0,0.86904883,forward,88.11100449255862,1
240,8.008000000000001,192.06809997558594,,,,,,,,,,,,,,,,,,,,483.75,1110.0,0,0.95430565,432.1875,1236.5625,0,0.9713431,441.5625,1386.5625,0,0.99856305,422.8125,1452.1875,0,0.8782352,forward,86.50230706461953,1
241,8.041366666666667,192.83103942871094,,,,,,,,,,,,,,,,,,,,483.75,1110.0,0,0.9493692,432.1875,1241.25,0,0.96633315,441.5625,1386.5625,0,0.99081814,422.8125,1452.1875,0,0.879425,forward,86.04800644180644,1
242,8.074733333333333,193.1130886077881,,,,,,,,,,,,,,,,,,,,483.75,1105.3125,0,0.95964766,432.1875,1236.5625,0,0.9789767,441.5625,1381.875,0,1.0010898,422.8125,1452.1875,0,0.883694,forward,86.04800644180644,1
243,8.1081,192.3818588256836,,,,,,,,,,,,,,,,,,,,483.75,1110.0,0,0.9479686,432.1875,1236.5625,0,0.97072864,441.5625,1381.875,0,0.9930904,422.8125,1452.1875,0,0.88206863,forward,84.43930901386734,1
244,8.141466666666666,192.7046775817871,,,,,,,,,,,,,,,,,,,,483.75,1105.3125,0,0.96356237,432.1875,1236.5625,0,0.9822841,441.5625,1381.875,0,1.003481,422.8125,1452.1875,0,0.8769204,forward,86.04800644180644,1
245,8.174833333333334,194.98801231384277,,,,,,,,,,,,,,,,,,,,483.75,1110.0,0,0.94761086,432.1875,1241.25,0,0.9701439,441.5625,1381.875,0,0.9895046,422.8125,1452.1875,0,0.8823934,forward,84.06328957834398,1
246,8.2082,189.07523155212402,,,,,,,,,,,,,,,,,,,,483.75,1110.0,0,0.95271003,432.1875,1241.25,0,0.9737567,441.5625,1381.875,0,0.99434364,422.8125,1452.1875,0,0.8803742,forward,84.06328957834398,1
247,8.241566666666667,198.18997383117676,,,,,,,,,,,,,,,,,,,,483.75,1110.0,0,0.929912,432.1875,1241.25,0,0.95682764,441.5625,1381.875,0,0.979589,422.8125,1452.1875,0,0.8664874,forward,84.06328957834398,1
248,8.274933333333333,193.45998764038086,,,,,,,,,,,,,,,,,,,,483.75,1105.3125,0,0.9552145,432.1875,1241.25,0,0.9770171,441.5625,1381.875,0,0.9960211,422.8125,1452.1875,0,0.8699951,forward,85.70872897851672,1
249,8.308300000000001,190.8860206604004,,,,,,,,,,,,,,,,,,,,483.75,1100.625,0,0.946893,432.1875,1241.25,0,0.969599,441.5625,1386.5625,0,0.9952597,422.8125,1452.1875,0,0.8798497,forward,89.37972608353134,1
250,8.341666666666667,191.17212295532227,,,,,,,,,,,,,,,,,,,,483.75,1100.625,0,0.95992625,432.1875,1236.5625,0,0.9807917,441.5625,1386.5625,0,1.0008507,422.8125,1452.1875,0,0.8773085,forward,89.75644389273135,1
251,8.375033333333333,192.8880214691162,,,,,,,,,,,,,,,,,,,,483.75,1095.9375,0,0.94536746,432.1875,1236.5625,0,0.9719366,441.5625,1386.5625,0,0.9893323,422.8125,1452.1875,0,0.8773004,forward,91.44272413428352,1
252,8.4084,192.41714477539062,,,,,,,,,,,,,,,,,,,,483.75,1086.5625,0,0.9620525,432.1875,1231.875,0,0.98895496,441.5625,1386.5625,0,1.0014534,422.8125,1452.1875,0,0.879493,forward,95.32900821480331,1
253,8.441766666666666,191.30802154541016,,,,,,,,,,,,,,,,,,,,483.75,1081.875,0,0.97959566,432.1875,1231.875,0,1.0083154,441.5625,1386.5625,0,1.0187824,422.8125,1452.1875,0,0.87464505,forward,97.11217955974428,1
254,8.475133333333334,191.61391258239746,,,,,,,,,,,,,,,,,,,,483.75,1077.1875,0,0.98549104,432.1875,1231.875,0,1.010601,441.5625,1386.5625,0,1.0255821,427.5,1452.1875,0,0.8792209,forward,98.9533609943403,1
255,8.5085,190.31977653503418,,,,,,,,,,,,,,,,,,,,483.75,1067.8125,0,0.9934357,432.1875,1227.1875,0,1.0165373,441.5625,1386.5625,0,1.0304239,427.5,1456.875,0,0.8800638,forward,103.12337145312132,1
256,8.541866666666667,202.54206657409668,,,,,,,,,,,,,,,,,,,,483.75,1053.75,0,1.0043751,432.1875,1222.5,0,1.0316372,441.5625,1381.875,0,1.0378641,427.5,1452.1875,0,0.87285733,forward,107.17953698090606,1
257,8.575233333333333,191.0111904144287,,,,,,,,,,,,,,,,,,,,483.75,1044.375,0,1.0165341,436.875,1217.8125,0,1.0289092,441.5625,1386.5625,0,1.0362633,427.5,1452.1875,0,0.8588047,forward,114.30515229465932,1
258,8.608600000000001,188.52615356445312,,,,,,,,,,,,,,,,,,,,479.0625,1039.6875,0,1.0096489,436.875,1213.125,0,1.0176399,441.5625,1386.5625,0,1.028132,422.8125,1456.875,0,0.8670281,forward,117.06533054760892,1
259,8.641966666666667,189.24403190612793,,,,,,,,,,,,,,,,,,,,483.75,1035.0,0,1.0391829,436.875,1208.4375,0,1.0263549,441.5625,1386.5625,0,1.0381825,422.8125,1452.1875,0,0.8620405,forward,120.09910594823648,1
260,8.675333333333333,197.91388511657715,,,,,,,,,,,,,,,,,,,,483.75,1030.3125,0,1.0373324,436.875,1203.75,0,1.0236213,436.875,1386.5625,0,1.0345024,422.8125,1452.1875,0,0.85206556,forward,123.52107723968345,1
261,8.7087,197.96109199523926,,,,,,,,,,,,,,,,,,,,483.75,1025.625,0,1.0120606,436.875,1199.0625,0,1.0076249,436.875,1386.5625,0,1.0238991,422.8125,1452.1875,0,0.85585797,forward,127.55508085275797,1
262,8.742066666666666,188.91000747680664,,,,,,,,,,,,,,,,,,,,483.75,1016.25,0,1.002013,441.5625,1194.375,0,1.0060636,441.5625,1386.5625,0,1.0170758,427.5,1452.1875,0,0.8515117,forward,135.08454952172264,1
263,8.775433333333334,188.63630294799805,,,,,,,,,,,,,,,,,,,,479.0625,1011.5625,0,0.99334395,441.5625,1199.0625,0,0.99995446,436.875,1386.5625,0,1.0141873,427.5,1452.1875,0,0.8525005,forward,134.98116674895078,1
264,8.8088,188.24315071105957,,,,,,,,,,,,,,,,,,,,479.0625,1006.875,0,0.9771476,441.5625,1194.375,0,0.9940421,441.5625,1381.875,0,1.0082142,427.5,1452.1875,0,0.86401355,forward,134.98116674895078,1
265,8.842166666666667,187.93702125549316,,,,,,,,,,,,,,,,,,,,483.75,1002.1875,0,0.9781666,446.25,1194.375,0,0.99621785,441.5625,1386.5625,0,1.0113065,427.5,1452.1875,0,0.8558465,forward,143.13144107095758,1
266,8.875533333333333,190.9618377685547,,,,,,,,,,,,,,,,,,,,479.0625,1002.1875,0,0.97954047,446.25,1189.6875,0,0.99804914,441.5625,1386.5625,0,1.0182929,427.5,1452.1875,0,0.86214936,forward,152.7339563775493,1
267,8.908900000000001,192.08097457885742,,,,,,,,,,,,,,,,,,,,479.0625,1002.1875,0,0.96551955,446.25,1189.6875,0,0.9902195,441.5625,1386.5625,0,1.0181984,427.5,1452.1875,0,0.8675231,forward,152.7339563775493,1
268,8.942266666666667,191.267728805542,,,,,,,,,,,,,,,,,,,,479.0625,997.5,0,0.97267985,446.25,1189.6875,0,1.0018711,441.5625,1386.5625,0,1.0255891,427.5,1452.1875,0,0.86632395,forward,155.65935400791642,1
269,8.975633333333333,192.8701400756836,,,,,,,,,,,,,,,,,,,,479.0625,997.5,0,0.9739096,450.9375,1189.6875,0,1.0087752,441.5625,1386.5625,0,1.0312815,427.5,1452.1875,0,0.86995405,forward,155.65935400791642,1
270,9.009,190.01507759094238,,,,,,,,,,,,,,,,,,,,479.0625,992.8125,0,0.9757202,450.9375,1189.6875,0,1.00848,441.5625,1386.5625,0,1.0294311,427.5,1452.1875,0,0.8702283,forward,158.96053085284993,1
271,9.042366666666666,192.21901893615723,,,,,,,,,,,,,,,,,,,,479.0625,992.8125,0,0.97821605,450.9375,1194.375,0,1.017238,441.5625,1386.5625,0,1.0326025,427.5,1452.1875,0,0.8786081,forward,150.32587757899427,1
272,9.075733333333334,190.76991081237793,,,,,,,,,,,,,,,,,,,,479.0625,992.8125,0,0.9720716,450.9375,1194.375,0,1.0183854,436.875,1386.5625,0,1.0329418,427.5,1452.1875,0,0.8837024,forward,150.32587757899427,1
273,9.1091,193.47405433654785,,,,,,,,,,,,,,,,,,,,479.0625,988.125,0,0.96906257,450.9375,1194.375,0,1.0218209,441.5625,1386.5625,0,1.0287689,427.5,1447.5,0,0.87765396,forward,155.37059539321697,1
274,9.142466666666667,190.4001235961914,,,,,,,,,,,,,,,,,,,,479.0625,988.125,0,0.97048897,450.9375,1194.375,0,1.0229073,441.5625,1386.5625,0,1.031112,427.5,1452.1875,0,0.88685566,forward,155.37059539321697,1
275,9.175833333333333,191.81180000305176,,,,,,,,,,,,,,,,,,,,479.0625,988.125,0,0.9683813,450.9375,1194.375,0,1.022834,441.5625,1386.5625,0,1.0303559,427.5,1452.1875,0,0.8890728,forward,155.37059539321697,1
276,9.209200000000001,191.66326522827148,,,,,,,,,,,,,,,,,,,,479.0625,988.125,0,0.9702909,446.25,1194.375,0,1.0207531,441.5625,1386.5625,0,1.0260539,427.5,1452.1875,0,0.8934068,forward,155.37059539321697,1
277,9.242566666666667,198.5630989074707,,,,,,,,,,,,,,,,,,,,474.375,988.125,0,0.97385365,446.25,1194.375,0,1.0241473,441.5625,1386.5625,0,1.0258641,427.5,1452.1875,0,0.8883724,forward,155.37059539321697,1
278,9.275933333333333,195.42717933654785,,,,,,,,,,,,,,,,,,,,474.375,988.125,0,0.9701679,446.25,1194.375,0,1.0186565,436.875,1386.5625,0,1.0208876,427.5,1452.1875,0,0.89665747,forward,155.37059539321697,1
279,9.3093,194.31281089782715,,,,,,,,,,,,,,,,,,,,474.375,988.125,0,0.9687248,446.25,1194.375,0,1.0169435,436.875,1386.5625,0,1.0220419,427.5,1452.1875,0,0.9012048,forward,155.37059539321697,1
280,9.342666666666666,197.04389572143555,,,,,,,,,,,,,,,,,,,,474.375,988.125,0,0.9692135,446.25,1194.375,0,1.0121678,436.875,1386.5625,0,1.0220613,427.5,1452.1875,0,0.9063946,forward,155.37059539321697,1
281,9.376033333333334,193.89581680297852,,,,,,,,,,,,,,,,,,,,474.375,983.4375,0,0.9742023,446.25,1194.375,0,1.0227604,436.875,1386.5625,0,1.0297749,427.5,1452.1875,0,0.9003967,forward,167.47208706304116,1
282,9.4094,194.29683685302734,,,,,,,,,,,,,,,,,,,,474.375,983.4375,0,0.9781972,446.25,1194.375,0,1.0224727,441.5625,1386.5625,0,1.0311619,427.5,1452.1875,0,0.9106629,forward,167.47208706304116,1
283,9.442766666666667,193.84121894836426,,,,,,,,,,,,,,,,,,,,474.375,983.4375,0,0.97613764,446.25,1194.375,0,1.02022,436.875,1386.5625,0,1.0269878,427.5,1452.1875,0,0.9051918,forward,167.47208706304116,1
284,9.476133333333333,194.58794593811035,,,,,,,,,,,,,,,,,,,,474.375,983.4375,0,0.9740606,446.25,1194.375,0,1.0160875,436.875,1386.5625,0,1.0259283,427.5,1452.1875,0,0.90689087,forward,167.47208706304116,1
285,9.509500000000001,194.12589073181152,,,,,,,,,,,,,,,,,,,,474.375,983.4375,0,0.97361624,446.25,1189.6875,0,1.0169926,436.875,1386.5625,0,1.024317,427.5,1447.5,0,0.8968742,forward,167.89850833017582,1
286,9.542866666666667,195.814847946167,,,,,,,,,,,,,,,,,,,,474.375,983.4375,0,0.9767449,446.25,1194.375,0,1.0197029,436.875,1386.5625,0,1.0312055,427.5,1452.1875,0,0.90047765,forward,167.47208706304116,1
287,9.576233333333333,194.7178840637207,,,,,,,,,,,,,,,,,,,,474.375,988.125,0,0.97895926,446.25,1194.375,0,1.0187197,436.875,1386.5625,0,1.0280302,427.5,1452.1875,0,0.90117097,forward,155.37059539321697,1
288,9.6096,194.26512718200684,,,,,,,,,,,,,,,,,,,,479.0625,988.125,0,0.98094213,446.25,1194.375,0,1.019624,436.875,1386.5625,0,1.0286466,427.5,1452.1875,0,0.8977026,forward,155.37059539321697,1
289,9.642966666666666,194.21911239624023,,,,,,,,,,,,,,,,,,,,479.0625,988.125,0,0.9722268,446.25,1194.375,0,1.0130603,436.875,1386.5625,0,1.0196182,427.5,1452.1875,0,0.8857651,forward,155.37059539321697,1
290,9.676333333333334,194.52810287475586,,,,,,,,,,,,,,,,,,,,479.0625,988.125,0,0.97512823,446.25,1194.375,0,1.016102,436.875,1386.5625,0,1.0217125,427.5,1447.5,0,0.89542055,forward,155.37059539321697,1
291,9.7097,193.67575645446777,,,,,,,,,,,,,,,,,,,,479.0625,992.8125,0,0.9730197,446.25,1194.375,0,1.003935,441.5625,1386.5625,0,1.0186286,427.5,1452.1875,0,0.90386534,forward,150.32587757899427,1
292,9.743066666666667,194.9288845062256,,,,,,,,,,,,,,,,,,,,479.0625,997.5,0,0.9755912,446.25,1199.0625,0,1.003407,436.875,1386.5625,0,1.0155699,427.5,1452.1875,0,0.8992935,forward,145.1010008873546,1
293,9.776433333333333,194.55885887145996,,,,,,,,,,,,,,,,,,,,479.0625,997.5,0,0.9749604,446.25,1199.0625,0,0.9998803,436.875,1386.5625,0,1.0094979,427.5,1452.1875,0,0.8872789,forward,145.1010008873546,1
294,9.809800000000001,194.40603256225586,,,,,,,,,,,,,,,,,,,,479.0625,997.5,0,0.97178817,450.9375,1194.375,0,0.99517417,441.5625,1386.5625,0,1.0088096,427.5,1452.1875,0,0.8759402,forward,146.4326179158911,1
295,9.843166666666667,194.75197792053223,,,,,,,,,,,,,,,,,,,,483.75,1002.1875,0,0.9711232,450.9375,1199.0625,0,0.9942014,441.5625,1386.5625,0,1.0089245,427.5,1452.1875,0,0.8774943,forward,141.20774122425144,1
296,9.876533333333333,194.99492645263672,,,,,,,,,,,,,,,,,,,,483.75,1006.875,0,0.9639285,446.25,1199.0625,0,0.9845811,441.5625,1386.5625,0,1.0017511,427.5,1452.1875,0,0.87634826,forward,137.9065643793179,1
297,9.9099,193.85075569152832,,,,,,,,,,,,,,,,,,,,483.75,1006.875,0,0.9715836,446.25,1199.0625,0,0.9863666,441.5625,1386.5625,0,0.9998884,422.8125,1452.1875,0,0.869246,forward,137.9065643793179,1
298,9.943266666666666,193.6788558959961,,,,,,,,,,,,,,,,,,,,483.75,1006.875,0,0.9744102,446.25,1199.0625,0,0.98735213,441.5625,1386.5625,0,0.99887896,422.8125,1452.1875,0,0.8577525,forward,137.9065643793179,1
299,9.976633333333334,194.26798820495605,,,,,,,,,,,,,,,,,,,,483.75,1011.5625,0,0.9836656,446.25,1203.75,0,0.9928653,441.5625,1386.5625,0,1.0048304,422.8125,1452.1875,0,0.8607415,forward,133.8725607662434,1
300,10.01,193.66121292114258,,,,,,,,,,,,,,,,,,,,483.75,1016.25,0,0.9806723,446.25,1203.75,0,0.9865316,441.5625,1386.5625,0,1.0051893,422.8125,1456.875,0,0.86111027,forward,130.94716313587628,1
301,10.043366666666667,194.06580924987793,,,,,,,,,,,,,,,,,,,,483.75,1016.25,0,0.9883004,446.25,1203.75,0,0.9867976,441.5625,1386.5625,0,1.0089769,422.8125,1456.875,0,0.8582156,forward,130.94716313587628,1
302,10.076733333333333,194.5350170135498,,,,,,,,,,,,,,,,,,,,483.75,1016.25,0,0.97784853,441.5625,1203.75,0,0.9795278,441.5625,1386.5625,0,1.0028869,422.8125,1456.875,0,0.8579844,forward,130.94716313587628,1
303,10.110100000000001,194.54503059387207,,,,,,,,,,,,,,,,,,,,483.75,1020.9375,0,0.9816049,441.5625,1208.4375,0,0.9777551,436.875,1386.5625,0,0.9982747,422.8125,1456.875,0,0.8665478,forward,127.52519184442932,1
304,10.143466666666667,193.74704360961914,,,,,,,,,,,,,,,,,,,,483.75,1025.625,0,0.99615526,441.5625,1208.4375,0,0.98838675,441.5625,1386.5625,0,1.0039759,422.8125,1452.1875,0,0.8591556,forward,124.86480151298818,1
305,10.176833333333333,190.29498100280762,,,,,,,,,,,,,,,,,,,,488.4375,1030.3125,0,0.98986596,436.875,1208.4375,0,0.98460007,436.875,1386.5625,0,0.9960667,422.8125,1452.1875,0,0.86110115,forward,122.40369792556149,1
306,10.2102,189.35871124267578,,,,,,,,,,,,,,,,,,,,488.4375,1030.3125,0,1.0081214,436.875,1208.4375,0,0.9950217,436.875,1386.5625,0,1.006989,422.8125,1452.1875,0,0.8549456,forward,122.40369792556149,1
307,10.243566666666666,188.7187957763672,,,,,,,,,,,,,,,,,,,,483.75,1035.0,0,1.006091,432.1875,1213.125,0,0.9980544,436.875,1386.5625,0,1.0064453,418.125,1452.1875,0,0.86660886,forward,119.36992252493393,1
308,10.276933333333334,188.0338191986084,,,,,,,,,,,,,,,,,,,,483.75,1039.6875,0,1.0012331,432.1875,1213.125,0,0.99941003,436.875,1386.5625,0,1.0109057,418.125,1452.1875,0,0.85831654,forward,117.06533054760892,1
309,10.3103,189.81504440307617,,,,,,,,,,,,,,,,,,,,483.75,1039.6875,0,0.987684,432.1875,1213.125,0,0.9929701,441.5625,1386.5625,0,1.0045462,422.8125,1452.1875,0,0.85272974,forward,117.06533054760892,1
310,10.343666666666667,191.3599967956543,,,,,,,,,,,,,,,,,,,,483.75,1044.375,0,0.99470425,432.1875,1217.8125,0,1.002145,441.5625,1386.5625,0,1.012874,422.8125,1452.1875,0,0.851074,forward,114.30515229465932,1
311,10.377033333333333,189.29505348205566,,,,,,,,,,,,,,,,,,,,483.75,1049.0625,0,0.97721386,432.1875,1217.8125,0,0.9977361,441.5625,1386.5625,0,1.0030675,422.8125,1456.875,0,0.86826336,forward,112.1273853058237,1
312,10.410400000000001,191.59507751464844,,,,,,,,,,,,,,,,,,,,483.75,1053.75,0,0.98415124,432.1875,1217.8125,0,1.0025074,441.5625,1386.5625,0,1.016154,422.8125,1452.1875,0,0.8732916,forward,110.05484175173974,1
313,10.443766666666667,191.85495376586914,,,,,,,,,,,,,,,,,,,,483.75,1058.4375,0,0.9767577,432.1875,1222.5,0,1.001599,441.5625,1386.5625,0,1.0109504,422.8125,1452.1875,0,0.872395,forward,107.50024811713672,1
314,10.477133333333333,191.087007522583,,,,,,,,,,,,,,,,,,,,483.75,1067.8125,0,0.97690946,432.1875,1222.5,0,1.0033306,441.5625,1386.5625,0,1.0227045,422.8125,1452.1875,0,0.86808944,forward,103.6092614521429,1
315,10.5105,191.18809700012207,,,,,,,,,,,,,,,,,,,,488.4375,1072.5,0,0.95251477,432.1875,1227.1875,0,0.9840499,441.5625,1386.5625,0,1.0020636,422.8125,1452.1875,0,0.8709615,forward,101.2160067618283,1
316,10.543866666666666,192.98887252807617,,,,,,,,,,,,,,,,,,,,488.4375,1077.1875,0,0.9378966,432.1875,1227.1875,0,0.97592527,441.5625,1386.5625,0,0.9911597,422.8125,1452.1875,0,0.8657756,forward,99.37482532723227,1
317,10.577233333333334,192.9011344909668,,,,,,,,,,,,,,,,,,,,488.4375,1081.875,0,0.92639065,432.1875,1227.1875,0,0.9662073,441.5625,1386.5625,0,0.9830544,418.125,1452.1875,0,0.86801314,forward,97.5916539822913,1
318,10.6106,192.8398609161377,,,,,,,,,,,,,,,,,,,,488.4375,1081.875,0,0.9625955,432.1875,1231.875,0,0.99387693,441.5625,1386.5625,0,1.0119835,422.8125,1452.1875,0,0.8682494,forward,97.11217955974428,1
319,10.643966666666667,192.46506690979004,,,,,,,,,,,,,,,,,,,,488.4375,1091.25,0,0.9430361,432.1875,1227.1875,0,0.9724697,441.5625,1386.5625,0,0.9963001,422.8125,1452.1875,0,0.86772346,forward,94.17346966988838,1
320,10.677333333333333,193.44091415405273,,,,,,,,,,,,,,,,,,,,488.4375,1095.9375,0,0.92622346,432.1875,1227.1875,0,0.95899916,441.5625,1386.5625,0,0.98037076,418.125,1452.1875,0,0.8679123,forward,92.52803026971564,1
321,10.710700000000001,194.08297538757324,,,,,,,,,,,,,,,,,,,,483.75,1100.625,0,0.925686,432.1875,1227.1875,0,0.9529809,441.5625,1386.5625,0,0.97794247,418.125,1452.1875,0,0.86441875,forward,90.91933284177655,1
322,10.744066666666667,187.9098415374756,,,,,,,,,,,,,,,,,,,,488.4375,1105.3125,0,0.94255507,432.1875,1231.875,0,0.96770096,441.5625,1386.5625,0,0.99008244,418.125,1452.1875,0,0.8711709,forward,88.65668707428856,1
323,10.777433333333333,190.1531219482422,,,,,,,,,,,,,,,,,,,,488.4375,1105.3125,0,0.94729257,432.1875,1231.875,0,0.9708903,441.5625,1386.5625,0,0.9942309,418.125,1452.1875,0,0.8781451,forward,88.65668707428856,1
324,10.8108,188.84992599487305,,,,,,,,,,,,,,,,,,,,488.4375,1110.0,0,0.95456064,432.1875,1231.875,0,0.97949344,441.5625,1386.5625,0,1.0059557,422.8125,1452.1875,0,0.8859712,forward,87.08118416420675,1
325,10.844166666666666,190.28711318969727,,,,,,,,,,,,,,,,,,,,488.4375,1110.0,0,0.9510685,432.1875,1236.5625,0,0.97258776,441.5625,1386.5625,0,0.99792016,422.8125,1452.1875,0,0.88431954,forward,86.50230706461953,1
326,10.877533333333334,190.03701210021973,,,,,,,,,,,,,,,,,,,,488.4375,1114.6875,0,0.94681215,432.1875,1236.5625,0,0.9683974,441.5625,1386.5625,0,0.9919485,422.8125,1452.1875,0,0.8835287,forward,84.92680415453772,1
327,10.9109,189.45074081420898,,,,,,,,,,,,,,,,,,,,488.4375,1114.6875,0,0.95237184,432.1875,1236.5625,0,0.9747023,441.5625,1381.875,0,0.9978863,422.8125,1447.5,0,0.8790719,forward,82.86380610378554,1
328,10.944266666666667,192.9769515991211,,,,,,,,,,,,,,,,,,,,488.4375,1114.6875,0,0.93528795,432.1875,1236.5625,0,0.958483,441.5625,1386.5625,0,0.984051,422.8125,1452.1875,0,0.8732798,forward,84.92680415453772,1
329,10.977633333333333,192.5058364868164,,,,,,,,,,,,,,,,,,,,488.4375,1114.6875,0,0.94122696,432.1875,1236.5625,0,0.95952314,441.5625,1386.5625,0,0.9847356,422.8125,1452.1875,0,0.87558395,forward,84.92680415453772,1
330,11.011000000000001,194.21958923339844,,,,,,,,,,,,,,,,,,,,488.4375,1119.375,0,0.94747984,432.1875,1236.5625,0,0.9613749,441.5625,1381.875,0,0.9885195,422.8125,1447.5,0,0.8778706,forward,81.31840008180946,1
331,11.044366666666667,192.86584854125977,,,,,,,,,,,,,,,,,,,,488.4375,1114.6875,0,0.95400757,432.1875,1236.5625,0,0.9719677,441.5625,1381.875,0,0.99509907,422.8125,1447.5,0,0.8782767,forward,82.86380610378554,1
332,11.077733333333333,193.3450698852539,,,,,,,,,,,,,,,,,,,,488.4375,1114.6875,0,0.93865156,432.1875,1236.5625,0,0.9624555,441.5625,1386.5625,0,0.98395485,422.8125,1452.1875,0,0.8791828,forward,84.92680415453772,1
333,11.1111,193.46308708190918,,,,,,,,,,,,,,,,,,,,488.4375,1114.6875,0,0.93091655,432.1875,1236.5625,0,0.95464265,441.5625,1386.5625,0,0.9823667,418.125,1452.1875,0,0.87453365,forward,84.92680415453772,1
334,11.144466666666666,192.6889419555664,,,,,,,,,,,,,,,,,,,,488.4375,1110.0,0,0.9420962,432.1875,1236.5625,0,0.9688705,441.5625,1381.875,0,0.99000144,422.8125,1452.1875,0,0.88074833,forward,84.43930901386734,1
335,11.177833333333334,193.62211227416992,,,,,,,,,,,,,,,,,,,,488.4375,1110.0,0,0.9416407,432.1875,1236.5625,0,0.9711238,441.5625,1386.5625,0,0.9907166,422.8125,1452.1875,0,0.87822294,forward,86.50230706461953,1
336,11.2112,192.65484809875488,,,,,,,,,,,,,,,,,,,,488.4375,1105.3125,0,0.93877274,432.1875,1236.5625,0,0.97586215,441.5625,1386.5625,0,0.98542655,418.125,1452.1875,0,0.8665209,forward,88.11100449255862,1
337,11.244566666666667,217.15211868286133,,,,,,,,,,,,,,,,,,,,488.4375,1100.625,0,0.9446072,432.1875,1236.5625,0,0.9766654,441.5625,1386.5625,0,0.9880893,422.8125,1452.1875,0,0.869323,forward,89.75644389273135,1
338,11.277933333333333,192.8691864013672,,,,,,,,,,,,,,,,,,,,488.4375,1100.625,0,0.93412906,432.1875,1236.5625,0,0.96251404,441.5625,1381.875,0,0.98083746,422.8125,1452.1875,0,0.85595423,forward,87.69344584197917,1
339,11.311300000000001,192.84987449645996,,,,,,,,,,,,,,,,,,,,493.125,1091.25,0,0.95531046,436.875,1231.875,0,0.9834731,441.5625,1381.875,0,0.9938159,422.8125,1452.1875,0,0.867874,forward,91.44272413428352,1
340,11.344666666666667,192.20519065856934,,,,,,,,,,,,,,,,,,,,493.125,1081.875,0,0.9606923,436.875,1227.1875,0,0.9899532,441.5625,1386.5625,0,0.9974255,422.8125,1452.1875,0,0.874473,forward,97.5916539822913,1
341,11.378033333333333,192.72089004516602,,,,,,,,,,,,,,,,,,,,488.4375,1072.5,0,0.9517758,436.875,1222.5,0,0.99232584,441.5625,1386.5625,0,0.9946312,422.8125,1452.1875,0,0.869665,forward,101.76808001754688,1
342,11.4114,191.90406799316406,,,,,,,,,,,,,,,,,,,,488.4375,1063.125,0,0.9898279,436.875,1222.5,0,1.0106099,441.5625,1386.5625,0,1.0186906,422.8125,1452.1875,0,0.8726671,forward,105.51662614343593,1
343,11.444766666666666,192.95692443847656,,,,,,,,,,,,,,,,,,,,493.125,1058.4375,0,1.0005181,436.875,1222.5,0,1.0145264,441.5625,1386.5625,0,1.0152403,422.8125,1452.1875,0,0.87313634,forward,107.50024811713672,1
344,11.478133333333334,193.00413131713867,,,,,,,,,,,,,,,,,,,,493.125,1044.375,0,0.9991838,436.875,1213.125,0,1.0050349,441.5625,1386.5625,0,1.009215,422.8125,1452.1875,0,0.8653276,forward,114.8875635587733,1
345,11.5115,191.36309623718262,,,,,,,,,,,,,,,,,,,,488.4375,1039.6875,0,0.99429476,436.875,1208.4375,0,0.9950286,441.5625,1386.5625,0,0.99837863,422.8125,1456.875,0,0.863235,forward,117.92133895940086,1
346,11.544866666666667,189.42999839782715,,,,,,,,,,,,,,,,,,,,488.4375,1035.0,0,1.0259693,436.875,1208.4375,0,1.0105637,441.5625,1386.5625,0,1.0192392,422.8125,1452.1875,0,0.8594625,forward,120.09910594823648,1
347,11.578233333333333,188.74502182006836,,,,,,,,,,,,,,,,,,,,488.4375,1025.625,0,1.0242084,441.5625,1199.0625,0,1.0022584,441.5625,1386.5625,0,1.0227197,422.8125,1452.1875,0,0.8472427,forward,127.55508085275797,1
348,11.611600000000001,190.76871871948242,,,,,,,,,,,,,,,,,,,,488.4375,1020.9375,0,1.0159222,441.5625,1199.0625,0,1.0013983,441.5625,1381.875,0,1.020316,422.8125,1452.1875,0,0.85606253,forward,125.82566921700845,1
349,11.644966666666667,188.187837600708,,,,,,,,,,,,,,,,,,,,488.4375,1016.25,0,0.9903598,441.5625,1194.375,0,0.98774445,441.5625,1386.5625,0,1.0053283,422.8125,1456.875,0,0.8576804,forward,135.08454952172264,1
350,11.678333333333333,193.06707382202148,,,,,,,,,,,,,,,,,,,,488.4375,1011.5625,0,0.9940568,446.25,1194.375,0,0.9917081,441.5625,1381.875,0,1.0107403,422.8125,1456.875,0,0.8537166,forward,132.32077641750965,1
351,11.7117,194.5059299468994,,,,,,,,,,,,,,,,,,,,488.4375,1006.875,0,1.0009799,446.25,1194.375,0,1.0044649,441.5625,1381.875,0,1.0193275,422.8125,1452.1875,0,0.85780543,forward,134.98116674895078,1
352,11.745066666666666,195.82605361938477,,,,,,,,,,,,,,,,,,,,488.4375,1006.875,0,1.0018326,446.25,1194.375,0,1.010351,441.5625,1381.875,0,1.0235627,422.8125,1452.1875,0,0.8661411,forward,134.98116674895078,1
353,11.778433333333334,195.4631805419922,,,,,,,,,,,,,,,,,,,,488.4375,1006.875,0,0.9866593,446.25,1194.375,0,0.99463904,441.5625,1386.5625,0,1.0145657,427.5,1452.1875,0,0.87738293,forward,140.20604344059046,1
354,11.8118,195.6942081451416,,,,,,,,,,,,,,,,,,,,488.4375,1002.1875,0,0.9948929,450.9375,1189.6875,0,1.0117891,441.5625,1386.5625,0,1.021697,427.5,1452.1875,0,0.87077725,forward,152.7339563775493,1
355,11.845166666666668,196.06280326843262,,,,,,,,,,,,,,,,,,,,488.4375,997.5,0,0.98931086,450.9375,1194.375,0,1.0152435,441.5625,1386.5625,0,1.030571,427.5,1452.1875,0,0.88712746,forward,146.4326179158911,1
356,11.878533333333333,196.72703742980957,,,,,,,,,,,,,,,,,,,,488.4375,997.5,0,0.991933,455.625,1194.375,0,1.0213722,441.5625,1386.5625,0,1.0305059,427.5,1447.5,0,0.88228095,forward,146.4326179158911,1
357,11.911900000000001,195.1460838317871,,,,,,,,,,,,,,,,,,,,488.4375,997.5,0,0.99374855,455.625,1194.375,0,1.0288645,441.5625,1386.5625,0,1.034811,427.5,1447.5,0,0.8929082,forward,146.4326179158911,1
358,11.945266666666667,193.2981014251709,,,,,,,,,,,,,,,,,,,,488.4375,992.8125,0,0.9874095,455.625,1194.375,0,1.0281869,441.5625,1386.5625,0,1.035263,427.5,1452.1875,0,0.8914745,forward,150.32587757899427,1
359,11.978633333333333,193.0100917816162,,,,,,,,,,,,,,,,,,,,488.4375,992.8125,0,0.98804164,455.625,1194.375,0,1.031548,441.5625,1386.5625,0,1.0344859,427.5,1447.5,0,0.89659667,forward,150.32587757899427,1
360,12.012,192.98577308654785,,,,,,,,,,,,,,,,,,,,488.4375,992.8125,0,0.99118644,455.625,1194.375,0,1.0402782,441.5625,1386.5625,0,1.0438364,427.5,1447.5,0,0.88536346,forward,150.32587757899427,1
361,12.045366666666666,192.95215606689453,,,,,,,,,,,,,,,,,,,,488.4375,992.8125,0,0.99476886,455.625,1194.375,0,1.0436637,441.5625,1386.5625,0,1.047128,427.5,1447.5,0,0.8961183,forward,150.32587757899427,1
362,12.078733333333334,192.85202026367188,,,,,,,,,,,,,,,,,,,,488.4375,992.8125,0,0.9980483,455.625,1194.375,0,1.0473317,441.5625,1386.5625,0,1.048851,427.5,1447.5,0,0.8997539,forward,150.32587757899427,1
363,12.1121,192.54779815673828,,,,,,,,,,,,,,,,,,,,488.4375,992.8125,0,0.9987811,455.625,1194.375,0,1.0434526,441.5625,1386.5625,0,1.0436499,427.5,1447.5,0,0.90130556,forward,150.32587757899427,1
364,12.145466666666668,195.01018524169922,,,,,,,,,,,,,,,,,,,,488.4375,992.8125,0,1.0029407,455.625,1194.375,0,1.0466918,441.5625,1386.5625,0,1.0457733,427.5,1447.5,0,0.8944291,forward,150.32587757899427,1
365,12.178833333333333,192.88110733032227,,,,,,,,,,,,,,,,,,,,483.75,992.8125,0,1.0010648,455.625,1194.375,0,1.038291,441.5625,1391.25,0,1.0413611,427.5,1447.5,0,0.90039027,forward,162.8537905159531,1
366,12.212200000000001,194.7779655456543,,,,,,,,,,,,,,,,,,,,483.75,992.8125,0,1.0012369,455.625,1194.375,0,1.0435975,441.5625,1386.5625,0,1.043569,427.5,1447.5,0,0.89326096,forward,150.32587757899427,1
367,12.245566666666667,193.4349536895752,,,,,,,,,,,,,,,,,,,,483.75,992.8125,0,0.9994546,455.625,1194.375,0,1.0444143,441.5625,1386.5625,0,1.0437424,427.5,1447.5,0,0.89245176,forward,150.32587757899427,1
368,12.278933333333333,189.49604034423828,,,,,,,,,,,,,,,,,,,,483.75,988.125,0,0.99759114,455.625,1194.375,0,1.0448213,441.5625,1386.5625,0,1.0422701,427.5,1447.5,0,0.88755786,forward,155.37059539321697,1
369,12.3123,189.29791450500488,,,,,,,,,,,,,,,,,,,,483.75,988.125,0,0.99958557,450.9375,1194.375,0,1.0421016,441.5625,1386.5625,0,1.0427821,427.5,1447.5,0,0.88975865,forward,155.37059539321697,1
370,12.345666666666666,189.05901908874512,,,,,,,,,,,,,,,,,,,,483.75,988.125,0,0.9981508,450.9375,1194.375,0,1.0403895,441.5625,1386.5625,0,1.0419259,427.5,1447.5,0,0.8903247,forward,155.37059539321697,1
371,12.379033333333334,199.39827919006348,,,,,,,,,,,,,,,,,,,,483.75,988.125,0,0.99843746,450.9375,1194.375,0,1.040417,441.5625,1386.5625,0,1.0401678,427.5,1447.5,0,0.890095,forward,155.37059539321697,1
372,12.4124,191.6370391845703,,,,,,,,,,,,,,,,,,,,483.75,988.125,0,0.9948293,450.9375,1194.375,0,1.0388767,441.5625,1386.5625,0,1.0391214,427.5,1447.5,0,0.8825708,forward,155.37059539321697,1
373,12.445766666666668,190.57893753051758,,,,,,,,,,,,,,,,,,,,483.75,988.125,0,0.9954428,450.9375,1194.375,0,1.039846,441.5625,1386.5625,0,1.0415562,427.5,1447.5,0,0.8853011,forward,155.37059539321697,1
374,12.479133333333333,200.24490356445312,,,,,,,,,,,,,,,,,,,,483.75,988.125,0,0.99401724,450.9375,1194.375,0,1.0372435,441.5625,1386.5625,0,1.0373237,427.5,1447.5,0,0.8853351,forward,155.37059539321697,1
375,12.512500000000001,203.92394065856934,,,,,,,,,,,,,,,,,,,,483.75,988.125,0,0.9915794,450.9375,1194.375,0,1.033774,441.5625,1386.5625,0,1.0352025,422.8125,1447.5,0,0.8883409,forward,155.37059539321697,1
376,12.545866666666667,193.40896606445312,,,,,,,,,,,,,,,,,,,,483.75,988.125,0,0.98673856,446.25,1194.375,0,1.0336757,441.5625,1386.5625,0,1.0342457,422.8125,1447.5,0,0.87845993,forward,155.37059539321697,1
377,12.579233333333333,195.80984115600586,,,,,,,,,,,,,,,,,,,,479.0625,988.125,0,0.98797715,446.25,1194.375,0,1.0312063,441.5625,1386.5625,0,1.0352736,422.8125,1447.5,0,0.88181376,forward,155.37059539321697,1
378,12.6126,193.13836097717285,,,,,,,,,,,,,,,,,,,,479.0625,992.8125,0,0.98604786,446.25,1194.375,0,1.0262312,441.5625,1386.5625,0,1.0335815,422.8125,1452.1875,0,0.89066577,forward,150.32587757899427,1
379,12.645966666666666,190.7508373260498,,,,,,,,,,,,,,,,,,,,483.75,992.8125,0,0.9831083,446.25,1194.375,0,1.0223194,441.5625,1386.5625,0,1.0285453,422.8125,1452.1875,0,0.87728596,forward,150.32587757899427,1
380,12.679333333333334,192.06809997558594,,,,,,,,,,,,,,,,,,,,483.75,997.5,0,0.98018456,446.25,1194.375,0,1.0114355,441.5625,1386.5625,0,1.0252116,422.8125,1452.1875,0,0.8738609,forward,146.4326179158911,1
381,12.7127,192.33393669128418,,,,,,,,,,,,,,,,,,,,483.75,1002.1875,0,0.981982,446.25,1194.375,0,1.0049435,441.5625,1381.875,0,1.0201783,427.5,1452.1875,0,0.8759805,forward,137.9065643793179,1
382,12.746066666666668,192.16418266296387,,,,,,,,,,,,,,,,,,,,483.75,1002.1875,0,0.9858978,446.25,1194.375,0,1.0059497,441.5625,1381.875,0,1.0197321,427.5,1452.1875,0,0.87331516,forward,137.9065643793179,1
383,12.779433333333333,192.27194786071777,,,,,,,,,,,,,,,,,,,,483.75,1006.875,0,0.9882773,446.25,1199.0625,0,0.9963553,441.5625,1381.875,0,1.0148575,422.8125,1452.1875,0,0.8808118,forward,133.8725607662434,1
384,12.812800000000001,195.0531005859375,,,,,,,,,,,,,,,,,,,,483.75,1006.875,0,0.9854276,446.25,1199.0625,0,0.9985497,441.5625,1381.875,0,1.0102904,422.8125,1452.1875,0,0.86640346,forward,133.8725607662434,1
385,12.846166666666667,193.7389373779297,,,,,,,,,,,,,,,,,,,,483.75,1011.5625,0,0.99220896,446.25,1199.0625,0,0.996457,441.5625,1381.875,0,1.0111488,422.8125,1452.1875,0,0.8625661,forward,130.94716313587628,1
386,12.879533333333333,192.2318935394287,,,,,,,,,,,,,,,,,,,,483.75,1016.25,0,0.9952371,441.5625,1199.0625,0,0.9968236,441.5625,1386.5625,0,1.0138825,422.8125,1452.1875,0,0.8594934,forward,132.32077641750965,1
387,12.9129,193.36485862731934,,,,,,,,,,,,,,,,,,,,483.75,1016.25,0,0.99099493,441.5625,1199.0625,0,0.9883456,441.5625,1386.5625,0,1.0096874,422.8125,1456.875,0,0.8562951,forward,132.32077641750965,1
388,12.946266666666666,192.97528266906738,,,,,,,,,,,,,,,,,,,,488.4375,1025.625,0,0.99177456,441.5625,1203.75,0,0.9895792,441.5625,1386.5625,0,1.0048833,422.8125,1456.875,0,0.8499589,forward,125.82566921700845,1
389,12.979633333333334,193.5138702392578,,,,,,,,,,,,,,,,,,,,488.4375,1025.625,0,1.0096469,436.875,1208.4375,0,1.007366,441.5625,1386.5625,0,1.0175188,422.8125,1452.1875,0,0.84507453,forward,124.86480151298818,1
390,13.013,193.48812103271484,,,,,,,,,,,,,,,,,,,,488.4375,1030.3125,0,1.0095322,436.875,1213.125,0,1.0039293,441.5625,1386.5625,0,1.009302,418.125,1456.875,0,0.86161715,forward,121.83102611236062,1
391,13.046366666666668,193.22586059570312,,,,,,,,,,,,,,,,,,,,488.4375,1035.0,0,1.0281799,436.875,1213.125,0,1.0279944,441.5625,1386.5625,0,1.0308192,422.8125,1452.1875,0,0.8527635,forward,119.36992252493393,1
392,13.079733333333333,193.14193725585938,,,,,,,,,,,,,,,,,,,,488.4375,1039.6875,0,1.0057762,436.875,1213.125,0,1.0190386,441.5625,1386.5625,0,1.0153024,422.8125,1456.875,0,0.8572719,forward,117.06533054760892,1
393,13.113100000000001,192.63410568237305,,,,,,,,,,,,,,,,,,,,488.4375,1044.375,0,1.0166756,432.1875,1217.8125,0,1.028225,441.5625,1386.5625,0,1.0244796,422.8125,1452.1875,0,0.8510572,forward,114.30515229465932,1
394,13.146466666666667,192.60573387145996,,,,,,,,,,,,,,,,,,,,493.125,1049.0625,0,0.99300265,436.875,1222.5,0,1.0196998,441.5625,1386.5625,0,1.0081164,422.8125,1456.875,0,0.86175853,forward,111.7505586600563,1
395,13.179833333333333,192.56281852722168,,,,,,,,,,,,,,,,,,,,488.4375,1058.4375,0,0.982888,432.1875,1227.1875,0,1.0130922,441.5625,1386.5625,0,1.0006698,422.8125,1456.875,0,0.87307084,forward,107.17953698090606,1
396,13.2132,192.96622276306152,,,,,,,,,,,,,,,,,,,,488.4375,1063.125,0,0.9877318,432.1875,1227.1875,0,1.0189809,441.5625,1386.5625,0,1.0148251,422.8125,1456.875,0,0.8752695,forward,105.10699342682211,1
397,13.246566666666666,199.0351676940918,,,,,,,,,,,,,,,,,,,,488.4375,1067.8125,0,0.9779171,432.1875,1227.1875,0,1.0101242,441.5625,1386.5625,0,1.0089499,422.8125,1452.1875,0,0.8730756,forward,103.12337145312132,1
398,13.279933333333334,194.11492347717285,,,,,,,,,,,,,,,,,,,,488.4375,1072.5,0,0.9778644,432.1875,1231.875,0,1.0107852,441.5625,1386.5625,0,1.013484,422.8125,1452.1875,0,0.871557,forward,100.86072568563333,1
399,13.3133,199.56612586975098,,,,,,,,,,,,,,,,,,,,488.4375,1081.875,0,0.9596492,427.5,1231.875,0,0.9934969,441.5625,1386.5625,0,0.9972635,422.8125,1452.1875,0,0.865637,forward,97.11217955974428,1
400,13.346666666666668,201.62415504455566,,,,,,,,,,,,,,,,,,,,488.4375,1081.875,0,0.9521897,427.5,1231.875,0,0.99412525,441.5625,1386.5625,0,0.9918239,418.125,1452.1875,0,0.86854255,forward,97.11217955974428,1
401,13.380033333333333,195.1889991760254,,,,,,,,,,,,,,,,,,,,488.4375,1091.25,0,0.97616494,427.5,1231.875,0,1.0075428,441.5625,1386.5625,0,1.0026115,418.125,1452.1875,0,0.8701613,forward,93.59710414395255,1
402,13.413400000000001,189.68796730041504,,,,,,,,,,,,,,,,,,,,488.4375,1091.25,0,0.98256433,427.5,1231.875,0,1.0028919,441.5625,1386.5625,0,1.007753,418.125,1452.1875,0,0.87649465,forward,93.59710414395255,1
403,13.446766666666667,194.0460205078125,,,,,,,,,,,,,,,,,,,,488.4375,1095.9375,0,0.9567535,427.5,1231.875,0,0.9853412,441.5625,1386.5625,0,0.99373746,418.125,1452.1875,0,0.8695278,forward,91.91082390240038,1
404,13.480133333333333,191.22004508972168,,,,,,,,,,,,,,,,,,,,488.4375,1100.625,0,0.9615501,427.5,1231.875,0,0.9877525,441.5625,1386.5625,0,0.9969777,418.125,1452.1875,0,0.8738487,forward,90.26538450222765,1
405,13.5135,191.80011749267578,,,,,,,,,,,,,,,,,,,,483.75,1100.625,0,0.9661897,427.5,1231.875,0,0.98898196,441.5625,1386.5625,0,1.0041106,418.125,1452.1875,0,0.8756783,forward,90.26538450222765,1
406,13.546866666666666,194.0469741821289,,,,,,,,,,,,,,,,,,,,488.4375,1105.3125,0,0.9769292,427.5,1231.875,0,1.0006176,441.5625,1381.875,0,1.0159913,418.125,1452.1875,0,0.87636405,forward,86.50230706461953,1
407,13.580233333333334,192.49296188354492,,,,,,,,,,,,,,,,,,,,483.75,1105.3125,0,0.95306474,427.5,1231.875,0,0.9777937,441.5625,1386.5625,0,0.9931363,418.125,1452.1875,0,0.87402374,forward,88.65668707428856,1
408,13.6136,193.53222846984863,,,,,,,,,,,,,,,,,,,,488.4375,1110.0,0,0.9548174,427.5,1231.875,0,0.9741521,441.5625,1386.5625,0,0.9942439,418.125,1452.1875,0,0.88049614,forward,87.08118416420675,1
409,13.646966666666668,193.12715530395508,,,,,,,,,,,,,,,,,,,,483.75,1110.0,0,0.9497913,427.5,1236.5625,0,0.9709587,441.5625,1386.5625,0,0.9913229,418.125,1452.1875,0,0.88337046,forward,86.50230706461953,1
410,13.680333333333333,192.8880214691162,,,,,,,,,,,,,,,,,,,,488.4375,1110.0,0,0.9629693,427.5,1231.875,0,0.9816528,441.5625,1381.875,0,0.99985766,418.125,1452.1875,0,0.8861044,forward,84.92680415453772,1
411,13.713700000000001,192.37518310546875,,,,,,,,,,,,,,,,,,,,488.4375,1110.0,0,0.9480603,427.5,1236.5625,0,0.97107375,441.5625,1381.875,0,0.9884629,418.125,1452.1875,0,0.88437843,forward,84.43930901386734,1
412,13.747066666666667,191.91288948059082,,,,,,,,,,,,,,,,,,,,488.4375,1114.6875,0,0.93993485,427.5,1236.5625,0,0.961957,441.5625,1386.5625,0,0.98146546,418.125,1452.1875,0,0.876765,forward,84.92680415453772,1
413,13.780433333333333,191.5731430053711,,,,,,,,,,,,,,,,,,,,488.4375,1110.0,0,0.9526044,427.5,1236.5625,0,0.97836685,441.5625,1381.875,0,0.98839396,418.125,1452.1875,0,0.8848523,forward,84.43930901386734,1
414,13.8138,193.73226165771484,,,,,,,,,,,,,,,,,,,,488.4375,1110.0,0,0.9632617,427.5,1236.5625,0,0.9872252,441.5625,1381.875,0,0.99817014,418.125,1452.1875,0,0.88740754,forward,84.43930901386734,1
415,13.847166666666666,191.49112701416016,,,,,,,,,,,,,,,,,,,,488.4375,1110.0,0,0.9590223,432.1875,1236.5625,0,0.98038995,441.5625,1386.5625,0,0.9947324,418.125,1452.1875,0,0.88816583,forward,86.50230706461953,1
416,13.880533333333334,203.24015617370605,,,,,,,,,,,,,,,,,,,,488.4375,1110.0,0,0.94849765,432.1875,1236.5625,0,0.97340286,441.5625,1386.5625,0,0.98686004,418.125,1452.1875,0,0.8825667,forward,86.50230706461953,1
417,13.9139,197.04794883728027,,,,,,,,,,,,,,,,,,,,488.4375,1110.0,0,0.962195,432.1875,1236.5625,0,0.98497343,441.5625,1386.5625,0,0.99866664,418.125,1452.1875,0,0.88000464,forward,86.50230706461953,1
418,13.947266666666668,196.9289779663086,,,,,,,,,,,,,,,,,,,,488.4375,1105.3125,0,0.9667753,432.1875,1236.5625,0,0.9874267,441.5625,1386.5625,0,1.0012069,418.125,1452.1875,0,0.8743049,forward,88.11100449255862,1
419,13.980633333333333,194.28205490112305,,,,,,,,,,,,,,,,,,,,488.4375,1105.3125,0,0.95215535,432.1875,1236.5625,0,0.9785254,441.5625,1386.5625,0,0.9911964,418.125,1452.1875,0,0.87494606,forward,88.11100449255862,1
420,14.014000000000001,193.01295280456543,,,,,,,,,,,,,,,,,,,,488.4375,1105.3125,0,0.95620996,432.1875,1236.5625,0,0.98339874,441.5625,1386.5625,0,0.9914648,418.125,1452.1875,0,0.8723722,forward,88.11100449255862,1
421,14.047366666666667,194.82183456420898,,,,,,,,,,,,,,,,,,,,488.4375,1095.9375,0,0.950652,432.1875,1236.5625,0,0.97579575,441.5625,1386.5625,0,0.98293126,418.125,1452.1875,0,0.8616943,forward,91.44272413428352,1
422,14.080733333333333,194.7190761566162,,,,,,,,,,,,,,,,,,,,488.4375,1091.25,0,0.996985,432.1875,1231.875,0,1.0152179,441.5625,1381.875,0,1.018794,422.8125,1452.1875,0,0.8641154,forward,91.44272413428352,1
423,14.1141,192.58403778076172,,,,,,,,,,,,,,,,,,,,488.4375,1081.875,0,0.98524785,432.1875,1231.875,0,1.0132601,441.5625,1386.5625,0,1.0152745,422.8125,1452.1875,0,0.8691368,forward,97.11217955974428,1
424,14.147466666666666,200.59823989868164,,,,,,,,,,,,,,,,,,,,493.125,1077.1875,0,0.98670053,432.1875,1231.875,0,1.0151403,441.5625,1386.5625,0,1.0183177,422.8125,1452.1875,0,0.8784691,forward,98.9533609943403,1
425,14.180833333333334,194.60487365722656,,,,,,,,,,,,,,,,,,,,488.4375,1072.5,0,1.0012852,432.1875,1227.1875,0,1.0256433,441.5625,1386.5625,0,1.0258467,422.8125,1452.1875,0,0.87530327,forward,101.2160067618283,1
426,14.2142,194.13185119628906,,,,,,,,,,,,,,,,,,,,488.4375,1058.4375,0,1.0117729,432.1875,1222.5,0,1.0290743,441.5625,1386.5625,0,1.0290883,422.8125,1452.1875,0,0.8829749,forward,107.50024811713672,1
427,14.247566666666668,196.35391235351562,,,,,,,,,,,,,,,,,,,,493.125,1049.0625,0,1.0157795,432.1875,1217.8125,0,1.0253656,441.5625,1386.5625,0,1.0282155,422.8125,1456.875,0,0.87389004,forward,112.1273853058237,1
428,14.280933333333333,197.55983352661133,,,,,,,,,,,,,,,,,,,,488.4375,1044.375,0,1.0205497,432.1875,1213.125,0,1.0258313,441.5625,1386.5625,0,1.0242695,422.8125,1456.875,0,0.8700974,forward,114.8875635587733,1
429,14.314300000000001,199.7060775756836,,,,,,,,,,,,,,,,,,,,488.4375,1039.6875,0,1.0279224,436.875,1208.4375,0,1.0211041,441.5625,1386.5625,0,1.021105,422.8125,1452.1875,0,0.8746761,forward,117.92133895940086,1
430,14.347666666666667,197.52001762390137,,,,,,,,,,,,,,,,,,,,488.4375,1035.0,0,1.0485634,436.875,1208.4375,0,1.0306456,441.5625,1386.5625,0,1.0401506,422.8125,1452.1875,0,0.85198265,forward,120.09910594823648,1
431,14.381033333333333,191.61701202392578,,,,,,,,,,,,,,,,,,,,488.4375,1025.625,0,1.0299406,436.875,1203.75,0,1.0123307,441.5625,1386.5625,0,1.0280385,422.8125,1452.1875,0,0.85277355,forward,125.82566921700845,1
432,14.4144,199.76115226745605,,,,,,,,,,,,,,,,,,,,488.4375,1020.9375,0,1.0058392,441.5625,1199.0625,0,0.9995232,441.5625,1386.5625,0,1.0195527,422.8125,1456.875,0,0.85389256,forward,129.85967283008296,1
433,14.447766666666666,205.10578155517578,,,,,,,,,,,,,,,,,,,,488.4375,1011.5625,0,1.0057021,441.5625,1194.375,0,1.0039837,441.5625,1386.5625,0,1.0205419,422.8125,1456.875,0,0.85784674,forward,137.54565310914933,1
434,14.481133333333334,192.44694709777832,,,,,,,,,,,,,,,,,,,,488.4375,1006.875,0,1.014272,446.25,1194.375,0,1.0186008,441.5625,1381.875,0,1.0304074,422.8125,1452.1875,0,0.8509871,forward,134.98116674895078,1
435,14.5145,193.1750774383545,,,,,,,,,,,,,,,,,,,,483.75,1006.875,0,0.9878744,446.25,1194.375,0,1.0010529,441.5625,1381.875,0,1.0204146,422.8125,1452.1875,0,0.86100495,forward,134.98116674895078,1
436,14.547866666666668,193.3269500732422,,,,,,,,,,,,,,,,,,,,483.75,1006.875,0,0.9895657,446.25,1194.375,0,0.9964355,441.5625,1386.5625,0,1.0206263,422.8125,1452.1875,0,0.87295747,forward,140.20604344059046,1
437,14.581233333333333,195.7402229309082,,,,,,,,,,,,,,,,,,,,483.75,1006.875,0,0.9783988,446.25,1189.6875,0,0.99196696,441.5625,1386.5625,0,1.0161146,422.8125,1452.1875,0,0.8751542,forward,150.07356604610817,1
438,14.614600000000001,197.90005683898926,,,,,,,,,,,,,,,,,,,,483.75,1002.1875,0,0.9889113,450.9375,1189.6875,0,1.0050148,441.5625,1386.5625,0,1.029243,422.8125,1452.1875,0,0.8847281,forward,152.7339563775493,1
439,14.647966666666667,192.80385971069336,,,,,,,,,,,,,,,,,,,,488.4375,997.5,0,0.9860281,450.9375,1189.6875,0,1.0127814,441.5625,1386.5625,0,1.0353107,422.8125,1452.1875,0,0.88394237,forward,155.65935400791642,1
440,14.681333333333333,191.96105003356934,,,,,,,,,,,,,,,,,,,,483.75,997.5,0,0.9818286,450.9375,1189.6875,0,1.0166904,441.5625,1386.5625,0,1.0317194,422.8125,1447.5,0,0.87609017,forward,155.65935400791642,1
441,14.7147,205.1079273223877,,,,,,,,,,,,,,,,,,,,483.75,997.5,0,0.9801024,450.9375,1194.375,0,1.0117161,441.5625,1386.5625,0,1.030725,422.8125,1452.1875,0,0.88350177,forward,146.4326179158911,1
442,14.748066666666666,195.89924812316895,,,,,,,,,,,,,,,,,,,,483.75,992.8125,0,0.9871975,450.9375,1194.375,0,1.02384,441.5625,1386.5625,0,1.0382541,422.8125,1452.1875,0,0.8848927,forward,150.32587757899427,1
443,14.781433333333334,196.05565071105957,,,,,,,,,,,,,,,,,,,,483.75,992.8125,0,0.9889092,455.625,1194.375,0,1.0304735,441.5625,1386.5625,0,1.0432664,422.8125,1447.5,0,0.8842703,forward,150.32587757899427,1
444,14.8148,202.49700546264648,,,,,,,,,,,,,,,,,,,,483.75,988.125,0,0.9896264,450.9375,1194.375,0,1.0364157,441.5625,1386.5625,0,1.0437002,422.8125,1447.5,0,0.88539356,forward,155.37059539321697,1
445,14.848166666666668,197.7529525756836,,,,,,,,,,,,,,,,,,,,483.75,988.125,0,0.99451524,450.9375,1194.375,0,1.037678,441.5625,1386.5625,0,1.0428704,422.8125,1452.1875,0,0.8943374,forward,155.37059539321697,1
446,14.881533333333334,195.19615173339844,,,,,,,,,,,,,,,,,,,,483.75,992.8125,0,0.9938435,450.9375,1194.375,0,1.0357128,441.5625,1386.5625,0,1.0392051,422.8125,1447.5,0,0.8919886,forward,150.32587757899427,1
447,14.9149,199.5377540588379,,,,,,,,,,,,,,,,,,,,483.75,988.125,0,0.99256784,450.9375,1194.375,0,1.0391461,441.5625,1386.5625,0,1.0402089,422.8125,1447.5,0,0.880655,forward,155.37059539321697,1
448,14.948266666666667,196.1202621459961,,,,,,,,,,,,,,,,,,,,483.75,988.125,0,0.99390614,450.9375,1194.375,0,1.0401876,441.5625,1386.5625,0,1.037209,422.8125,1447.5,0,0.88698924,forward,155.37059539321697,1
449,14.981633333333333,194.78297233581543,,,,,,,,,,,,,,,,,,,,483.75,988.125,0,0.9937657,450.9375,1194.375,0,1.0387318,436.875,1391.25,0,1.0362332,422.8125,1447.5,0,0.8893199,forward,167.89850833017582,1
450,15.015,195.79291343688965,,,,,,,,,,,,,,,,,,,,483.75,983.4375,0,0.9911621,450.9375,1194.375,0,1.0393579,436.875,1386.5625,0,1.0354384,422.8125,1447.5,0,0.89021254,forward,167.47208706304116,1
451,15.048366666666666,195.24002075195312,,,,,,,,,,,,,,,,,,,,483.75,983.4375,0,0.9925716,450.9375,1194.375,0,1.0404344,436.875,1386.5625,0,1.035943,422.8125,1447.5,0,0.8940473,forward,167.47208706304116,1
452,15.081733333333334,195.0216293334961,,,,,,,,,,,,,,,,,,,,483.75,983.4375,0,0.9956776,450.9375,1194.375,0,1.0420249,436.875,1386.5625,0,1.0355966,422.8125,1447.5,0,0.8971891,forward,167.47208706304116,1
453,15.1151,194.90623474121094,,,,,,,,,,,,,,,,,,,,483.75,983.4375,0,0.9925283,450.9375,1194.375,0,1.0384016,436.875,1391.25,0,1.0341744,422.8125,1447.5,0,0.9010676,forward,180.0,1
454,15.148466666666668,195.9822177886963,,,,,,,,,,,,,,,,,,,,483.75,983.4375,0,0.99581563,450.9375,1194.375,0,1.0429822,436.875,1386.5625,0,1.0382135,422.8125,1447.5,0,0.90253836,forward,167.47208706304116,1
455,15.181833333333334,196.59090042114258,,,,,,,,,,,,,,,,,,,,483.75,983.4375,0,0.9906583,450.9375,1194.375,0,1.0418289,436.875,1386.5625,0,1.0370281,422.8125,1447.5,0,0.8930625,forward,167.47208706304116,1
456,15.2152,196.02274894714355,,,,,,,,,,,,,,,,,,,,483.75,983.4375,0,0.9898459,450.9375,1194.375,0,1.0391493,436.875,1386.5625,0,1.0368035,422.8125,1447.5,0,0.8940531,forward,167.47208706304116,1
457,15.248566666666667,195.78003883361816,,,,,,,,,,,,,,,,,,,,483.75,983.4375,0,0.99228555,450.9375,1194.375,0,1.0410893,436.875,1386.5625,0,1.0360897,422.8125,1447.5,0,0.8987739,forward,167.47208706304116,1
458,15.281933333333333,195.99080085754395,,,,,,,,,,,,,,,,,,,,483.75,983.4375,0,0.9914186,450.9375,1194.375,0,1.0406423,436.875,1386.5625,0,1.0364268,422.8125,1447.5,0,0.8972821,forward,167.47208706304116,1
459,15.3153,195.49107551574707,,,,,,,,,,,,,,,,,,,,483.75,983.4375,0,0.9893853,455.625,1189.6875,0,1.040712,436.875,1386.5625,0,1.0332606,422.8125,1447.5,0,0.889153,forward,167.89850833017582,1
460,15.348666666666666,195.43886184692383,,,,,,,,,,,,,,,,,,,,483.75,983.4375,0,0.9910493,455.625,1194.375,0,1.0415673,436.875,1386.5625,0,1.0348909,422.8125,1447.5,0,0.895998,forward,167.47208706304116,1
461,15.382033333333334,194.99707221984863,,,,,,,,,,,,,,,,,,,,483.75,983.4375,0,0.99128616,455.625,1194.375,0,1.0405948,436.875,1386.5625,0,1.0334736,422.8125,1447.5,0,0.9006398,forward,167.47208706304116,1
462,15.4154,195.4519748687744,,,,,,,,,,,,,,,,,,,,483.75,983.4375,0,0.9899826,455.625,1194.375,0,1.0401165,436.875,1386.5625,0,1.0319756,422.8125,1447.5,0,0.90317535,forward,167.47208706304116,1
463,15.448766666666668,195.82486152648926,,,,,,,,,,,,,,,,,,,,483.75,983.4375,0,0.9865822,455.625,1189.6875,0,1.0407146,436.875,1386.5625,0,1.0312611,422.8125,1447.5,0,0.8992115,forward,167.89850833017582,1
464,15.482133333333334,196.2108612060547,,,,,,,,,,,,,,,,,,,,483.75,983.4375,0,0.9959568,455.625,1194.375,0,1.0487401,436.875,1386.5625,0,1.0386375,422.8125,1447.5,0,0.9042893,forward,167.47208706304116,1
465,15.5155,196.09713554382324,,,,,,,,,,,,,,,,,,,,483.75,983.4375,0,0.99622333,455.625,1194.375,0,1.0421684,436.875,1391.25,0,1.0332613,422.8125,1447.5,0,0.9134563,forward,180.0,1
466,15.548866666666667,196.56777381896973,,,,,,,,,,,,,,,,,,,,483.75,983.4375,0,0.9977406,455.625,1194.375,0,1.0437574,436.875,1386.5625,0,1.037019,422.8125,1447.5,0,0.91192627,forward,167.47208706304116,1
467,15.582233333333333,196.34580612182617,,,,,,,,,,,,,,,,,,,,483.75,983.4375,0,0.9985221,455.625,1194.375,0,1.0444092,436.875,1386.5625,0,1.036442,422.8125,1447.5,0,0.9121729,forward,167.47208706304116,1
468,15.6156,196.84195518493652,,,,,,,,,,,,,,,,,,,,483.75,983.4375,0,0.99740094,455.625,1194.375,0,1.0466521,436.875,1386.5625,0,1.0360651,422.8125,1447.5,0,0.9035514,forward,167.47208706304116,1
469,15.648966666666666,196.17486000061035,,,,,,,,,,,,,,,,,,,,483.75,983.4375,0,0.99776053,450.9375,1194.375,0,1.0444646,436.875,1386.5625,0,1.034136,422.8125,1447.5,0,0.90768385,forward,167.47208706304116,1
470,15.682333333333334,196.22087478637695,,,,,,,,,,,,,,,,,,,,483.75,983.4375,0,0.99635327,450.9375,1194.375,0,1.04148,436.875,1391.25,0,1.0319581,422.8125,1447.5,0,0.90991163,forward,180.0,1
471,15.7157,196.26283645629883,,,,,,,,,,,,,,,,,,,,483.75,983.4375,0,0.9944327,450.9375,1194.375,0,1.0398666,436.875,1386.5625,0,1.0305955,422.8125,1447.5,0,0.91057205,forward,167.47208706304116,1
472,15.749066666666668,196.31123542785645,,,,,,,,,,,,,,,,,,,,483.75,983.4375,0,0.992032,450.9375,1194.375,0,1.0427827,436.875,1386.5625,0,1.0290625,422.8125,1447.5,0,0.89649445,forward,167.47208706304116,1
473,15.782433333333334,196.3968276977539,,,,,,,,,,,,,,,,,,,,483.75,983.4375,0,0.9924762,450.9375,1194.375,0,1.0400177,436.875,1386.5625,0,1.0326558,422.8125,1447.5,0,0.9078454,forward,167.47208706304116,1
474,15.8158,196.3050365447998,,,,,,,,,,,,,,,,,,,,483.75,983.4375,0,0.9937891,450.9375,1194.375,0,1.0389345,436.875,1386.5625,0,1.0325358,422.8125,1447.5,0,0.9119774,forward,167.47208706304116,1
475,15.849166666666667,196.64573669433594,,,,,,,,,,,,,,,,,,,,483.75,983.4375,0,0.99250865,450.9375,1194.375,0,1.0383383,436.875,1386.5625,0,1.031091,422.8125,1447.5,0,0.9109124,forward,167.47208706304116,1
476,15.882533333333333,195.68490982055664,,,,,,,,,,,,,,,,,,,,483.75,983.4375,0,0.9857063,450.9375,1189.6875,0,1.0362445,441.5625,1386.5625,0,1.028494,422.8125,1447.5,0,0.90380895,forward,167.89850833017582,1
477,15.9159,195.83606719970703,,,,,,,,,,,,,,,,,,,,483.75,983.4375,0,0.98638296,450.9375,1194.375,0,1.0326254,436.875,1386.5625,0,1.0276968,422.8125,1447.5,0,0.90903515,forward,167.47208706304116,1
478,15.949266666666666,196.99716567993164,,,,,,,,,,,,,,,,,,,,483.75,983.4375,0,0.9860978,450.9375,1194.375,0,1.0327239,441.5625,1386.5625,0,1.0289202,422.8125,1447.5,0,0.9091079,forward,167.47208706304116,1
479,15.982633333333334,196.00987434387207,,,,,,,,,,,,,,,,,,,,483.75,988.125,0,0.9896424,450.9375,1194.375,0,1.0323558,441.5625,1386.5625,0,1.0266302,422.8125,1447.5,0,0.90931773,forward,155.37059539321697,1
480,16.016000000000002,196.05088233947754,,,,,,,,,,,,,,,,,,,,488.4375,988.125,0,0.9828626,450.9375,1194.375,0,1.0252261,441.5625,1386.5625,0,1.0208063,422.8125,1447.5,0,0.8894629,forward,155.37059539321697,1
481,16.049366666666668,195.94311714172363,,,,,,,,,,,,,,,,,,,,488.4375,992.8125,0,0.9868678,450.9375,1199.0625,0,1.0234848,441.5625,1386.5625,0,1.02216,422.8125,1447.5,0,0.8986414,forward,150.14571870157732,1
482,16.082733333333334,195.41382789611816,,,,,,,,,,,,,,,,,,,,488.4375,997.5,0,0.9881854,450.9375,1199.0625,0,1.0209484,441.5625,1386.5625,0,1.0208576,422.8125,1447.5,0,0.8914976,forward,145.1010008873546,1
483,16.1161,195.43886184692383,,,,,,,,,,,,,,,,,,,,488.4375,997.5,0,0.9889384,450.9375,1199.0625,0,1.018733,441.5625,1386.5625,0,1.020823,422.8125,1452.1875,0,0.8882323,forward,145.1010008873546,1
484,16.149466666666665,194.73910331726074,,,,,,,,,,,,,,,,,,,,488.4375,1002.1875,0,0.9817009,446.25,1199.0625,0,1.0097425,441.5625,1386.5625,0,1.0142184,422.8125,1447.5,0,0.8816148,forward,141.20774122425144,1
485,16.182833333333335,196.01106643676758,,,,,,,,,,,,,,,,,,,,488.4375,1006.875,0,0.99193645,446.25,1203.75,0,1.0037639,441.5625,1386.5625,0,1.0171874,422.8125,1452.1875,0,0.88482016,forward,137.1737376111769,1
486,16.2162,215.562105178833,,,,,,,,,,,,,,,,,,,,488.4375,1006.875,0,0.98765725,446.25,1199.0625,0,1.0035856,441.5625,1386.5625,0,1.0093377,422.8125,1452.1875,0,0.87146896,forward,137.9065643793179,1
487,16.249566666666666,198.0140209197998,,,,,,,,,,,,,,,,,,,,488.4375,1011.5625,0,0.99870235,446.25,1203.75,0,1.0072453,441.5625,1386.5625,0,1.0163836,422.8125,1452.1875,0,0.87059414,forward,133.8725607662434,1
488,16.282933333333332,196.68197631835938,,,,,,,,,,,,,,,,,,,,488.4375,1011.5625,0,1.0020287,446.25,1203.75,0,1.0067267,441.5625,1386.5625,0,1.0114436,422.8125,1452.1875,0,0.8605732,forward,133.8725607662434,1
489,16.316300000000002,197.72076606750488,,,,,,,,,,,,,,,,,,,,488.4375,1016.25,0,1.0046067,441.5625,1203.75,0,1.0031633,441.5625,1386.5625,0,1.0110769,418.125,1452.1875,0,0.8618313,forward,130.94716313587628,1
490,16.349666666666668,189.65911865234375,,,,,,,,,,,,,,,,,,,,488.4375,1016.25,0,1.0050178,441.5625,1203.75,0,1.0016311,441.5625,1386.5625,0,1.0137382,418.125,1452.1875,0,0.8574199,forward,130.94716313587628,1
491,16.383033333333334,188.99202346801758,,,,,,,,,,,,,,,,,,,,488.4375,1025.625,0,1.0078524,441.5625,1208.4375,0,1.0014668,441.5625,1386.5625,0,1.0170465,418.125,1456.875,0,0.85720104,forward,124.86480151298818,1
492,16.4164,190.86718559265137,,,,,,,,,,,,,,,,,,,,493.125,1025.625,0,1.0160162,436.875,1208.4375,0,1.0034184,441.5625,1386.5625,0,1.0118178,422.8125,1452.1875,0,0.8438754,forward,124.86480151298818,1
493,16.449766666666665,188.7660026550293,,,,,,,,,,,,,,,,,,,,493.125,1030.3125,0,1.0175785,436.875,1213.125,0,1.0055106,441.5625,1386.5625,0,1.0177943,418.125,1456.875,0,0.85439396,forward,121.83102611236062,1
494,16.483133333333335,189.60905075073242,,,,,,,,,,,,,,,,,,,,493.125,1035.0,0,1.0120213,436.875,1217.8125,0,1.0016555,441.5625,1386.5625,0,1.0147163,418.125,1456.875,0,0.86701447,forward,119.07084785941102,1
495,16.5165,191.73312187194824,,,,,,,,,,,,,,,,,,,,493.125,1035.0,0,0.9923377,432.1875,1217.8125,0,0.994914,441.5625,1386.5625,0,1.0027347,418.125,1456.875,0,0.86442745,forward,119.07084785941102,1
496,16.549866666666667,192.09790229797363,,,,,,,,,,,,,,,,,,,,493.125,1039.6875,0,1.0009696,432.1875,1217.8125,0,1.0042588,441.5625,1386.5625,0,1.0125468,422.8125,1456.875,0,0.8591145,forward,116.60974427198433,1
497,16.583233333333332,189.0859603881836,,,,,,,,,,,,,,,,,,,,493.125,1044.375,0,1.0263208,436.875,1217.8125,0,1.023994,441.5625,1386.5625,0,1.0282769,422.8125,1452.1875,0,0.8441569,forward,114.30515229465932,1
498,16.616600000000002,188.65489959716797,,,,,,,,,,,,,,,,,,,,493.125,1049.0625,0,1.0110822,436.875,1222.5,0,1.0186622,441.5625,1386.5625,0,1.0130804,422.8125,1456.875,0,0.8640169,forward,111.7505586600563,1
499,16.649966666666668,190.0649070739746,,,,,,,,,,,,,,,,,,,,493.125,1053.75,0,1.0092239,436.875,1222.5,0,1.0145091,441.5625,1386.5625,0,1.0146143,422.8125,1456.875,0,0.8586559,forward,109.57279167122067,1
500,16.683333333333334,192.46697425842285,,,,,,,,,,,,,,,,,,,,493.125,1058.4375,0,0.9965411,436.875,1227.1875,0,1.0114836,441.5625,1386.5625,0,1.0068502,422.8125,1456.875,0,0.8655802,forward,107.17953698090606,1
501,16.7167,188.83395195007324,,,,,,,,,,,,,,,,,,,,493.125,1063.125,0,1.0123744,441.5625,1227.1875,0,1.0259666,441.5625,1386.5625,0,1.0229622,422.8125,1456.875,0,0.86966956,forward,105.10699342682211,1
502,16.750066666666665,189.20302391052246,,,,,,,,,,,,,,,,,,,,493.125,1063.125,0,0.99048185,441.5625,1227.1875,0,1.0159857,441.5625,1386.5625,0,1.0091313,422.8125,1456.875,0,0.8764363,forward,105.10699342682211,1
503,16.783433333333335,188.51304054260254,,,,,,,,,,,,,,,,,,,,493.125,1067.8125,0,0.99744534,441.5625,1231.875,0,1.018097,441.5625,1386.5625,0,1.0150142,422.8125,1456.875,0,0.8738781,forward,102.84434765933412,1
504,16.8168,187.8361701965332,,,,,,,,,,,,,,,,,,,,493.125,1077.1875,0,0.9851556,436.875,1231.875,0,1.0113776,441.5625,1386.5625,0,1.0109311,422.8125,1456.875,0,0.87090135,forward,98.9533609943403,1
505,16.850166666666667,192.70992279052734,,,,,,,,,,,,,,,,,,,,493.125,1081.875,0,0.99562955,436.875,1231.875,0,1.0191135,441.5625,1386.5625,0,1.0187197,422.8125,1452.1875,0,0.86849165,forward,97.11217955974428,1
506,16.883533333333332,192.42000579833984,,,,,,,,,,,,,,,,,,,,493.125,1086.5625,0,0.9928205,436.875,1236.5625,0,1.0129195,441.5625,1386.5625,0,1.0059078,422.8125,1452.1875,0,0.8707157,forward,94.95779955007525,1
507,16.916900000000002,192.83294677734375,,,,,,,,,,,,,,,,,,,,493.125,1091.25,0,0.9703617,432.1875,1236.5625,0,0.99393845,441.5625,1386.5625,0,0.9980962,418.125,1452.1875,0,0.86870897,forward,93.17462820513428,1
508,16.950266666666668,193.07208061218262,,,,,,,,,,,,,,,,,,,,493.125,1095.9375,0,0.9640391,432.1875,1236.5625,0,0.9896067,441.5625,1386.5625,0,0.9934571,418.125,1452.1875,0,0.8627298,forward,91.44272413428352,1
509,16.983633333333334,192.9330825805664,,,,,,,,,,,,,,,,,,,,493.125,1095.9375,0,0.99723595,432.1875,1231.875,0,1.0089302,441.5625,1381.875,0,1.0134423,418.125,1452.1875,0,0.8585509,forward,89.75644389273135,1
510,17.017,192.6870346069336,,,,,,,,,,,,,,,,,,,,493.125,1095.9375,0,0.9612845,432.1875,1236.5625,0,0.98599285,441.5625,1386.5625,0,0.9980664,418.125,1452.1875,0,0.8609662,forward,91.44272413428352,1
511,17.050366666666665,192.5671100616455,,,,,,,,,,,,,,,,,,,,493.125,1100.625,0,0.9633323,432.1875,1231.875,0,0.984674,441.5625,1386.5625,0,1.0006139,418.125,1452.1875,0,0.8609551,forward,90.26538450222765,1
512,17.083733333333335,194.3831443786621,,,,,,,,,,,,,,,,,,,,488.4375,1105.3125,0,0.96066153,432.1875,1231.875,0,0.9821278,441.5625,1386.5625,0,1.0004995,418.125,1452.1875,0,0.86615145,forward,88.65668707428856,1
513,17.1171,192.28506088256836,,,,,,,,,,,,,,,,,,,,488.4375,1105.3125,0,0.96896124,432.1875,1236.5625,0,0.98881125,441.5625,1386.5625,0,1.004653,418.125,1452.1875,0,0.86982155,forward,88.11100449255862,1
514,17.150466666666667,193.62282752990723,,,,,,,,,,,,,,,,,,,,488.4375,1105.3125,0,0.948411,427.5,1236.5625,0,0.9748466,441.5625,1386.5625,0,0.99230057,418.125,1452.1875,0,0.868808,forward,88.11100449255862,1
515,17.183833333333332,192.6560401916504,,,,,,,,,,,,,,,,,,,,488.4375,1110.0,0,0.9580913,427.5,1236.5625,0,0.9819903,441.5625,1386.5625,0,0.9972074,418.125,1452.1875,0,0.8734683,forward,86.50230706461953,1
516,17.217200000000002,193.2060718536377,,,,,,,,,,,,,,,,,,,,488.4375,1110.0,0,0.97105455,427.5,1236.5625,0,0.99175096,441.5625,1386.5625,0,1.0024699,418.125,1452.1875,0,0.8768627,forward,86.50230706461953,1
517,17.250566666666668,193.08209419250488,,,,,,,,,,,,,,,,,,,,488.4375,1105.3125,0,0.9763893,427.5,1236.5625,0,0.99808645,441.5625,1386.5625,0,1.0081035,418.125,1452.1875,0,0.87705696,forward,88.11100449255862,1
518,17.283933333333334,193.84002685546875,,,,,,,,,,,,,,,,,,,,488.4375,1110.0,0,0.9661652,427.5,1236.5625,0,0.98757017,441.5625,1386.5625,0,1.0016015,418.125,1452.1875,0,0.8814495,forward,86.50230706461953,1
519,17.3173,194.11206245422363,,,,,,,,,,,,,,,,,,,,488.4375,1110.0,0,0.9633162,427.5,1236.5625,0,0.9804821,441.5625,1386.5625,0,0.9991523,418.125,1452.1875,0,0.88038623,forward,86.50230706461953,1
520,17.350666666666665,198.34113121032715,,,,,,,,,,,,,,,,,,,,488.4375,1105.3125,0,0.9588461,432.1875,1236.5625,0,0.9746982,441.5625,1386.5625,0,0.9953109,418.125,1452.1875,0,0.8718363,forward,88.11100449255862,1
521,17.384033333333335,190.79828262329102,,,,,,,,,,,,,,,,,,,,488.4375,1105.3125,0,0.9717083,432.1875,1236.5625,0,0.98517394,441.5625,1386.5625,0,1.0051498,418.125,1452.1875,0,0.87861395,forward,88.11100449255862,1
522,17.4174,190.1388168334961,,,,,,,,,,,,,,,,,,,,488.4375,1105.3125,0,0.9721366,432.1875,1236.5625,0,0.987617,441.5625,1386.5625,0,1.006148,418.125,1452.1875,0,0.87030476,forward,88.11100449255862,1
523,17.450766666666667,190.13667106628418,,,,,,,,,,,,,,,,,,,,488.4375,1095.9375,0,0.97138715,427.5,1231.875,0,0.9956212,441.5625,1386.5625,0,1.0079671,418.125,1452.1875,0,0.8667972,forward,91.91082390240038,1
524,17.484133333333332,191.025972366333,,,,,,,,,,,,,,,,,,,,488.4375,1091.25,0,0.9952555,432.1875,1231.875,0,1.0111849,441.5625,1386.5625,0,1.0197315,422.8125,1452.1875,0,0.8683963,forward,93.59710414395255,1
525,17.517500000000002,191.40291213989258,,,,,,,,,,,,,,,,,,,,488.4375,1086.5625,0,0.9726498,432.1875,1231.875,0,0.9972778,441.5625,1386.5625,0,1.0032074,422.8125,1452.1875,0,0.8663304,forward,95.32900821480331,1
526,17.550866666666668,194.43082809448242,,,,,,,,,,,,,,,,,,,,488.4375,1081.875,0,0.99688506,432.1875,1231.875,0,1.0157647,441.5625,1386.5625,0,1.0199931,422.8125,1452.1875,0,0.87243,forward,97.11217955974428,1
527,17.584233333333334,188.84921073913574,,,,,,,,,,,,,,,,,,,,488.4375,1077.1875,0,0.96952313,432.1875,1227.1875,0,0.9998376,441.5625,1386.5625,0,1.0039274,422.8125,1452.1875,0,0.8618026,forward,99.37482532723227,1
528,17.6176,187.61205673217773,,,,,,,,,,,,,,,,,,,,483.75,1067.8125,0,0.9776744,432.1875,1222.5,0,1.0037694,441.5625,1386.5625,0,1.0106033,422.8125,1452.1875,0,0.8723387,forward,103.6092614521429,1
529,17.650966666666665,187.6368522644043,,,,,,,,,,,,,,,,,,,,483.75,1053.75,0,0.99863935,432.1875,1222.5,0,1.0130374,441.5625,1386.5625,0,1.0169337,422.8125,1452.1875,0,0.87169945,forward,109.57279167122067,1
530,17.684333333333335,187.70503997802734,,,,,,,,,,,,,,,,,,,,483.75,1049.0625,0,1.0104527,432.1875,1217.8125,0,1.0161173,441.5625,1386.5625,0,1.0251042,422.8125,1452.1875,0,0.8616899,forward,112.1273853058237,1
531,17.7177,190.4141902923584,,,,,,,,,,,,,,,,,,,,483.75,1044.375,0,1.0136429,432.1875,1217.8125,0,1.0147103,441.5625,1386.5625,0,1.0190833,422.8125,1452.1875,0,0.8502502,forward,114.30515229465932,1
532,17.751066666666667,191.65277481079102,,,,,,,,,,,,,,,,,,,,483.75,1039.6875,0,1.0175734,436.875,1213.125,0,1.010836,441.5625,1386.5625,0,1.0167824,418.125,1452.1875,0,0.8562258,forward,117.06533054760892,1
533,17.784433333333332,191.4539337158203,,,,,,,,,,,,,,,,,,,,488.4375,1035.0,0,1.0247562,436.875,1208.4375,0,1.0161783,441.5625,1386.5625,0,1.0235631,422.8125,1452.1875,0,0.8565382,forward,120.09910594823648,1
534,17.817800000000002,192.34204292297363,,,,,,,,,,,,,,,,,,,,488.4375,1025.625,0,1.0188384,436.875,1203.75,0,1.0109496,441.5625,1386.5625,0,1.0254148,422.8125,1452.1875,0,0.85029894,forward,125.82566921700845,1
535,17.851166666666668,189.50605392456055,,,,,,,,,,,,,,,,,,,,488.4375,1020.9375,0,1.0141579,441.5625,1199.0625,0,1.0033484,441.5625,1386.5625,0,1.0186653,422.8125,1452.1875,0,0.84770256,forward,129.85967283008296,1
536,17.884533333333334,192.34108924865723,,,,,,,,,,,,,,,,,,,,483.75,1016.25,0,1.0118909,441.5625,1199.0625,0,1.0032265,441.5625,1381.875,0,1.0176098,422.8125,1456.875,0,0.8524586,forward,128.28677280443515,1
537,17.9179,190.55914878845215,,,,,,,,,,,,,,,,,,,,483.75,1011.5625,0,1.0100281,441.5625,1194.375,0,1.0071968,441.5625,1381.875,0,1.0216858,422.8125,1452.1875,0,0.8547854,forward,132.32077641750965,1
538,17.951266666666665,192.31915473937988,,,,,,,,,,,,,,,,,,,,488.4375,1006.875,0,1.0110532,446.25,1194.375,0,1.0155224,441.5625,1381.875,0,1.0239472,422.8125,1452.1875,0,0.8545177,forward,134.98116674895078,1
539,17.984633333333335,190.22703170776367,,,,,,,,,,,,,,,,,,,,483.75,1006.875,0,1.0081668,446.25,1194.375,0,1.0205173,441.5625,1381.875,0,1.0318074,422.8125,1452.1875,0,0.8660462,forward,134.98116674895078,1
540,18.018,192.05927848815918,,,,,,,,,,,,,,,,,,,,488.4375,1002.1875,0,1.0029496,446.25,1194.375,0,1.0197068,441.5625,1381.875,0,1.0316306,422.8125,1452.1875,0,0.868185,forward,137.9065643793179,1
541,18.051366666666667,191.55406951904297,,,,,,,,,,,,,,,,,,,,488.4375,1002.1875,0,0.99706566,446.25,1194.375,0,1.0208911,441.5625,1381.875,0,1.0302229,422.8125,1452.1875,0,0.8770888,forward,137.9065643793179,1
542,18.084733333333332,192.61622428894043,,,,,,,,,,,,,,,,,,,,488.4375,1002.1875,0,0.98908067,450.9375,1194.375,0,1.0155983,441.5625,1381.875,0,1.0248427,422.8125,1452.1875,0,0.8715849,forward,137.9065643793179,1
543,18.118100000000002,191.55192375183105,,,,,,,,,,,,,,,,,,,,488.4375,997.5,0,0.98614746,450.9375,1194.375,0,1.0152013,441.5625,1386.5625,0,1.0301363,422.8125,1452.1875,0,0.8776547,forward,146.4326179158911,1
544,18.151466666666668,191.8957233428955,,,,,,,,,,,,,,,,,,,,488.4375,997.5,0,0.9840276,450.9375,1194.375,0,1.0188766,441.5625,1386.5625,0,1.0270352,422.8125,1447.5,0,0.8806164,forward,146.4326179158911,1
545,18.184833333333334,191.55216217041016,,,,,,,,,,,,,,,,,,,,488.4375,997.5,0,0.9938247,455.625,1194.375,0,1.0294608,441.5625,1386.5625,0,1.0333915,422.8125,1447.5,0,0.8857338,forward,146.4326179158911,1
546,18.2182,192.95382499694824,,,,,,,,,,,,,,,,,,,,488.4375,992.8125,0,0.99699485,455.625,1194.375,0,1.034095,441.5625,1386.5625,0,1.0382464,422.8125,1447.5,0,0.8829478,forward,150.32587757899427,1
547,18.251566666666665,192.23380088806152,,,,,,,,,,,,,,,,,,,,488.4375,992.8125,0,0.9893977,455.625,1194.375,0,1.0337107,441.5625,1386.5625,0,1.0395398,422.8125,1447.5,0,0.89268255,forward,150.32587757899427,1
548,18.284933333333335,192.918062210083,,,,,,,,,,,,,,,,,,,,483.75,988.125,0,0.98634386,455.625,1194.375,0,1.03531,441.5625,1386.5625,0,1.0401123,427.5,1447.5,0,0.8857432,forward,155.37059539321697,1
549,18.3183,203.9332389831543,,,,,,,,,,,,,,,,,,,,483.75,988.125,0,0.9882591,455.625,1194.375,0,1.0379021,441.5625,1386.5625,0,1.041022,427.5,1447.5,0,0.900475,forward,155.37059539321697,1
550,18.351666666666667,191.56193733215332,,,,,,,,,,,,,,,,,,,,483.75,988.125,0,0.991223,455.625,1194.375,0,1.0426476,441.5625,1386.5625,0,1.0413625,422.8125,1447.5,0,0.8928204,forward,155.37059539321697,1
551,18.385033333333332,193.35198402404785,,,,,,,,,,,,,,,,,,,,483.75,988.125,0,1.0018008,455.625,1194.375,0,1.0500723,441.5625,1386.5625,0,1.0435274,422.8125,1447.5,0,0.90486723,forward,155.37059539321697,1
552,18.418400000000002,193.4068202972412,,,,,,,,,,,,,,,,,,,,483.75,988.125,0,0.9983969,455.625,1194.375,0,1.0462703,441.5625,1391.25,0,1.0436857,422.8125,1447.5,0,0.9020673,forward,167.89850833017582,1
553,18.451766666666668,191.97797775268555,,,,,,,,,,,,,,,,,,,,483.75,988.125,0,0.9970083,455.625,1194.375,0,1.0444167,436.875,1391.25,0,1.0398947,422.8125,1447.5,0,0.9092823,forward,167.89850833017582,1
554,18.485133333333334,192.86727905273438,,,,,,,,,,,,,,,,,,,,483.75,983.4375,0,0.9963492,455.625,1194.375,0,1.0448291,436.875,1391.25,0,1.0395885,422.8125,1447.5,0,0.9075611,forward,180.0,1
555,18.5185,192.11483001708984,,,,,,,,,,,,,,,,,,,,483.75,983.4375,0,0.99332035,455.625,1189.6875,0,1.0430346,436.875,1391.25,0,1.0363122,422.8125,1447.5,0,0.902899,forward,167.89850833017582,1
556,18.551866666666665,228.76214981079102,,,,,,,,,,,,,,,,,,,,483.75,983.4375,0,0.9925773,455.625,1189.6875,0,1.0428625,441.5625,1391.25,0,1.0385597,422.8125,1447.5,0,0.9053646,forward,167.89850833017582,1
557,18.585233333333335,194.4751739501953,,,,,,,,,,,,,,,,,,,,483.75,983.4375,0,0.99057823,455.625,1189.6875,0,1.0411124,441.5625,1391.25,0,1.0389509,422.8125,1447.5,0,0.9030652,forward,167.89850833017582,1
558,18.6186,197.5870132446289,,,,,,,,,,,,,,,,,,,,483.75,983.4375,0,0.9912033,455.625,1189.6875,0,1.0389123,441.5625,1391.25,0,1.0401373,422.8125,1447.5,0,0.903746,forward,167.89850833017582,1
559,18.651966666666667,189.22686576843262,,,,,,,,,,,,,,,,,,,,483.75,978.75,0,0.985818,455.625,1189.6875,0,1.0401462,441.5625,1386.5625,0,1.0391147,422.8125,1447.5,0,0.8952752,forward,167.61919811950452,1
560,18.685333333333332,190.3069019317627,,,,,,,,,,,,,,,,,,,,483.75,978.75,0,0.9907702,455.625,1189.6875,0,1.0432818,441.5625,1386.5625,0,1.0423756,422.8125,1447.5,0,0.89621204,forward,167.61919811950452,1
561,18.718700000000002,189.18299674987793,,,,,,,,,,,,,,,,,,,,483.75,983.4375,0,0.9936439,455.625,1194.375,0,1.0429688,441.5625,1386.5625,0,1.0409099,422.8125,1447.5,0,0.89804333,forward,162.45649531162124,1
562,18.752066666666668,188.73023986816406,,,,,,,,,,,,,,,,,,,,483.75,983.4375,0,0.99261534,455.625,1194.375,0,1.0411129,441.5625,1386.5625,0,1.0402298,422.8125,1447.5,0,0.89825636,forward,162.45649531162124,1
563,18.785433333333334,191.53904914855957,,,,,,,,,,,,,,,,,,,,483.75,983.4375,0,0.9981049,455.625,1194.375,0,1.047309,441.5625,1386.5625,0,1.0441062,422.8125,1447.5,0,0.89838994,forward,162.45649531162124,1
564,18.8188,191.6220188140869,,,,,,,,,,,,,,,,,,,,483.75,983.4375,0,0.99817485,455.625,1194.375,0,1.0440106,441.5625,1386.5625,0,1.0425966,422.8125,1447.5,0,0.9001951,forward,162.45649531162124,1
565,18.852166666666665,191.79320335388184,,,,,,,,,,,,,,,,,,,,483.75,988.125,0,0.9947431,455.625,1194.375,0,1.0416873,436.875,1391.25,0,1.0409087,422.8125,1447.5,0,0.9002504,forward,155.51770644968033,1
566,18.885533333333335,191.6501522064209,,,,,,,,,,,,,,,,,,,,483.75,988.125,0,0.9941808,455.625,1194.375,0,1.04453,441.5625,1386.5625,0,1.0411143,422.8125,1447.5,0,0.8954952,forward,150.35500364179705,1
567,18.9189,191.7588710784912,,,,,,,,,,,,,,,,,,,,488.4375,988.125,0,0.99179035,455.625,1194.375,0,1.0423098,441.5625,1386.5625,0,1.0390611,422.8125,1447.5,0,0.8923955,forward,150.35500364179705,1
568,18.952266666666667,192.7659511566162,,,,,,,,,,,,,,,,,,,,488.4375,988.125,0,0.99163455,455.625,1194.375,0,1.04357,441.5625,1386.5625,0,1.040988,422.8125,1447.5,0,0.88967013,forward,150.35500364179705,1
569,18.985633333333332,191.4381980895996,,,,,,,,,,,,,,,,,,,,488.4375,988.125,0,0.987505,455.625,1194.375,0,1.0354028,441.5625,1386.5625,0,1.0364292,422.8125,1447.5,0,0.902022,forward,150.35500364179705,1
570,19.019000000000002,192.34204292297363,,,,,,,,,,,,,,,,,,,,488.4375,988.125,0,0.98135656,455.625,1194.375,0,1.0317587,441.5625,1386.5625,0,1.0316062,422.8125,1447.5,0,0.8956476,forward,150.35500364179705,1
571,19.052366666666668,191.2209987640381,,,,,,,,,,,,,,,,,,,,488.4375,992.8125,0,0.9837003,455.625,1194.375,0,1.0327253,441.5625,1386.5625,0,1.0331105,422.8125,1447.5,0,0.88978636,forward,145.31028582757435,1
572,19.085733333333334,191.0989284515381,,,,,,,,,,,,,,,,,,,,488.4375,997.5,0,0.9817509,450.9375,1194.375,0,1.0211208,441.5625,1386.5625,0,1.0257497,422.8125,1447.5,0,0.8936198,forward,141.41702616447117,1
573,19.1191,191.5912628173828,,,,,,,,,,,,,,,,,,,,483.75,997.5,0,0.98546815,450.9375,1194.375,0,1.0182292,441.5625,1386.5625,0,1.0297801,422.8125,1452.1875,0,0.8893424,forward,141.41702616447117,1
574,19.152466666666665,191.87092781066895,,,,,,,,,,,,,,,,,,,,483.75,1002.1875,0,0.9842485,446.25,1199.0625,0,1.011258,441.5625,1386.5625,0,1.0233045,422.8125,1452.1875,0,0.88568866,forward,137.431630559312,1
575,19.185833333333335,190.99783897399902,,,,,,,,,,,,,,,,,,,,483.75,1002.1875,0,0.98241436,446.25,1194.375,0,1.0078864,441.5625,1386.5625,0,1.0202595,422.8125,1452.1875,0,0.87442577,forward,138.11584931953766,1
576,19.2192,191.34092330932617,,,,,,,,,,,,,,,,,,,,483.75,1006.875,0,0.9910685,446.25,1199.0625,0,1.008091,441.5625,1386.5625,0,1.0244389,422.8125,1452.1875,0,0.87503004,forward,134.13045371437852,1
577,19.252566666666667,192.43693351745605,,,,,,,,,,,,,,,,,,,,483.75,1011.5625,0,0.985942,446.25,1199.0625,0,0.9937042,441.5625,1386.5625,0,1.0120198,422.8125,1452.1875,0,0.8690448,forward,131.2050560840114,1
578,19.285933333333332,190.94395637512207,,,,,,,,,,,,,,,,,,,,488.4375,1016.25,0,0.996474,446.25,1203.75,0,1.0009565,441.5625,1386.5625,0,1.0175238,422.8125,1452.1875,0,0.86319554,forward,127.82480571483693,1
579,19.319300000000002,191.28918647766113,,,,,,,,,,,,,,,,,,,,488.4375,1016.25,0,1.0003929,441.5625,1203.75,0,1.0030189,441.5625,1386.5625,0,1.017021,422.8125,1452.1875,0,0.84781253,forward,127.82480571483693,1
580,19.352666666666668,191.66016578674316,,,,,,,,,,,,,,,,,,,,488.4375,1020.9375,0,1.0077943,441.5625,1208.4375,0,1.0004933,441.5625,1386.5625,0,1.0194327,422.8125,1452.1875,0,0.8521143,forward,124.82848409556811,1
581,19.386033333333334,191.23291969299316,,,,,,,,,,,,,,,,,,,,488.4375,1025.625,0,1.0014081,441.5625,1208.4375,0,0.9950819,441.5625,1386.5625,0,1.0074763,422.8125,1456.875,0,0.85389525,forward,122.16809376412698,1
582,19.4194,191.73121452331543,,,,,,,,,,,,,,,,,,,,488.4375,1030.3125,0,1.0186261,436.875,1213.125,0,1.0059605,441.5625,1386.5625,0,1.0186081,418.125,1452.1875,0,0.854006,forward,119.44241156110687,1
583,19.452766666666665,191.53690338134766,,,,,,,,,,,,,,,,,,,,488.4375,1035.0,0,1.0118124,436.875,1213.125,0,1.006455,441.5625,1386.5625,0,1.0176872,418.125,1456.875,0,0.85225624,forward,116.98130797368017,1
584,19.486133333333335,191.59507751464844,,,,,,,,,,,,,,,,,,,,488.4375,1039.6875,0,1.0297217,432.1875,1217.8125,0,1.0265939,441.5625,1386.5625,0,1.0315108,418.125,1452.1875,0,0.85039806,forward,114.45905215512235,1
585,19.5195,190.8588409423828,,,,,,,,,,,,,,,,,,,,488.4375,1044.375,0,1.0038998,432.1875,1222.5,0,1.0128813,441.5625,1386.5625,0,1.0141685,422.8125,1456.875,0,0.8621255,forward,112.09647582316958,1
586,19.552866666666667,191.3759708404541,,,,,,,,,,,,,,,,,,,,488.4375,1049.0625,0,1.0045592,432.1875,1222.5,0,1.0202048,441.5625,1386.5625,0,1.0158689,422.8125,1456.875,0,0.8572223,forward,109.79188384584458,1
587,19.586233333333332,191.15304946899414,,,,,,,,,,,,,,,,,,,,488.4375,1053.75,0,0.9830777,432.1875,1222.5,0,1.0088423,441.5625,1386.5625,0,1.0006604,422.8125,1456.875,0,0.8645081,forward,107.61411685700895,1
588,19.619600000000002,191.00713729858398,,,,,,,,,,,,,,,,,,,,493.125,1058.4375,0,1.0096097,432.1875,1222.5,0,1.0266299,441.5625,1386.5625,0,1.0213975,422.8125,1452.1875,0,0.8638476,forward,105.541573302925,1
589,19.652966666666668,210.32381057739258,,,,,,,,,,,,,,,,,,,,488.4375,1063.125,0,0.9819815,432.1875,1227.1875,0,1.0158393,441.5625,1386.5625,0,1.0156072,422.8125,1452.1875,0,0.8701354,forward,103.30831988162433,1
590,19.686333333333334,194.68188285827637,,,,,,,,,,,,,,,,,,,,488.4375,1067.8125,0,0.98054063,432.1875,1227.1875,0,1.0172652,441.5625,1386.5625,0,1.015588,422.8125,1452.1875,0,0.87399447,forward,101.32469790792354,1
591,19.7197,189.95189666748047,,,,,,,,,,,,,,,,,,,,488.4375,1077.1875,0,0.9763825,427.5,1231.875,0,1.0132723,441.5625,1386.5625,0,1.0100362,418.125,1452.1875,0,0.8765594,forward,97.29129665963167,1
592,19.753066666666665,189.62788581848145,,,,,,,,,,,,,,,,,,,,493.125,1077.1875,0,0.9995998,427.5,1231.875,0,1.0264041,441.5625,1381.875,0,1.0233518,418.125,1452.1875,0,0.8701699,forward,95.25580708631492,1
593,19.786433333333335,189.48006629943848,,,,,,,,,,,,,,,,,,,,493.125,1081.875,0,0.9778565,427.5,1231.875,0,1.0129954,441.5625,1386.5625,0,1.0079515,418.125,1452.1875,0,0.87407136,forward,95.45011522503565,1
594,19.8198,189.46003913879395,,,,,,,,,,,,,,,,,,,,488.4375,1091.25,0,0.9820246,432.1875,1231.875,0,1.0065413,441.5625,1381.875,0,1.0087214,418.125,1452.1875,0,0.87919503,forward,89.89955023592717,1
595,19.853166666666667,189.75114822387695,,,,,,,,,,,,,,,,,,,,488.4375,1091.25,0,0.97033954,427.5,1231.875,0,0.9960058,441.5625,1386.5625,0,0.99712414,418.125,1452.1875,0,0.8789253,forward,91.93503980924392,1
596,19.886533333333333,188.2338523864746,,,,,,,,,,,,,,,,,,,,488.4375,1095.9375,0,0.9856922,427.5,1231.875,0,1.006591,441.5625,1381.875,0,1.016891,418.125,1452.1875,0,0.8666106,forward,88.213269994375,1
597,19.919900000000002,190.0327205657959,,,,,,,,,,,,,,,,,,,,488.4375,1100.625,0,0.9515772,427.5,1231.875,0,0.97738194,441.5625,1386.5625,0,0.9895001,418.125,1452.1875,0,0.8787548,forward,88.60332016751902,1
598,19.953266666666668,191.22695922851562,,,,,,,,,,,,,,,,,,,,488.4375,1100.625,0,0.95657325,427.5,1231.875,0,0.9831756,441.5625,1386.5625,0,0.9951134,418.125,1452.1875,0,0.87913597,forward,88.60332016751902,1
599,19.986633333333334,190.98901748657227,,,,,,,,,,,,,,,,,,,,488.4375,1100.625,0,0.9484704,427.5,1236.5625,0,0.9811934,441.5625,1381.875,0,0.9915111,418.125,1452.1875,0,0.87818295,forward,86.2553706921577,1
600,20.02,193.2086944580078,,,,,,,,,,,,,,,,,,,,488.4375,1105.3125,0,0.9503808,427.5,1236.5625,0,0.9844395,441.5625,1381.875,0,0.9932972,418.125,1452.1875,0,0.88130844,forward,84.60993129198496,1
601,20.053366666666665,193.1910514831543,,,,,,,,,,,,,,,,,,,,488.4375,1105.3125,0,0.94354105,427.5,1241.25,0,0.977594,441.5625,1386.5625,0,0.97796524,418.125,1452.1875,0,0.8705776,forward,86.2553706921577,1
602,20.086733333333335,193.38607788085938,,,,,,,,,,,,,,,,,,,,488.4375,1105.3125,0,0.95587337,427.5,1241.25,0,0.9886532,441.5625,1386.5625,0,0.9949572,418.125,1452.1875,0,0.87964046,forward,86.2553706921577,1
603,20.1201,193.80521774291992,,,,,,,,,,,,,,,,,,,,488.4375,1110.0,0,0.94780743,427.5,1241.25,0,0.9768605,441.5625,1386.5625,0,0.9808705,418.125,1452.1875,0,0.8746865,forward,84.60993129198496,1
604,20.153466666666667,193.01486015319824,,,,,,,,,,,,,,,,,,,,493.125,1110.0,0,0.9820434,427.5,1236.5625,0,1.0031221,441.5625,1381.875,0,1.014424,418.125,1452.1875,0,0.8822459,forward,83.00123386404587,1
605,20.186833333333333,193.24707984924316,,,,,,,,,,,,,,,,,,,,493.125,1110.0,0,0.96778303,427.5,1241.25,0,0.9926379,441.5625,1381.875,0,1.0002221,418.125,1452.1875,0,0.8894728,forward,82.71931357607502,1
606,20.220200000000002,193.7549114227295,,,,,,,,,,,,,,,,,,,,488.4375,1110.0,0,0.9533659,427.5,1241.25,0,0.98186505,441.5625,1386.5625,0,0.9892851,418.125,1452.1875,0,0.88152325,forward,84.60993129198496,1
607,20.253566666666668,194.05102729797363,,,,,,,,,,,,,,,,,,,,488.4375,1110.0,0,0.9473802,427.5,1241.25,0,0.97564083,441.5625,1386.5625,0,0.981134,418.125,1452.1875,0,0.87463135,forward,84.60993129198496,1
608,20.286933333333334,192.77095794677734,,,,,,,,,,,,,,,,,,,,488.4375,1105.3125,0,0.9627913,427.5,1241.25,0,0.9889004,441.5625,1386.5625,0,0.9947134,418.125,1452.1875,0,0.8786988,forward,86.2553706921577,1
609,20.3203,192.3978328704834,,,,,,,,,,,,,,,,,,,,488.4375,1100.625,0,0.9608261,427.5,1236.5625,0,0.99032426,441.5625,1386.5625,0,0.9960825,418.125,1452.1875,0,0.87519825,forward,88.213269994375,1
610,20.353666666666665,193.0098533630371,,,,,,,,,,,,,,,,,,,,488.4375,1095.9375,0,0.9505445,427.5,1236.5625,0,0.9850596,441.5625,1386.5625,0,0.98058784,418.125,1452.1875,0,0.8719325,forward,89.89955023592717,1
611,20.387033333333335,192.33202934265137,,,,,,,,,,,,,,,,,,,,488.4375,1095.9375,0,0.95618075,432.1875,1236.5625,0,0.9828931,441.5625,1386.5625,0,0.97808444,418.125,1456.875,0,0.8682002,forward,89.89955023592717,1
612,20.4204,197.40605354309082,,,,,,,,,,,,,,,,,,,,488.4375,1091.25,0,0.973532,432.1875,1236.5625,0,0.99794364,441.5625,1386.5625,0,0.9950987,418.125,1452.1875,0,0.8745822,forward,91.63145430677793,1
613,20.453766666666667,197.97921180725098,,,,,,,,,,,,,,,,,,,,493.125,1081.875,0,0.98670256,432.1875,1231.875,0,1.0089998,441.5625,1381.875,0,1.0102913,418.125,1452.1875,0,0.88162154,forward,93.4146256517189,1
614,20.487133333333333,188.46988677978516,,,,,,,,,,,,,,,,,,,,493.125,1077.1875,0,0.96431255,432.1875,1231.875,0,1.0033327,441.5625,1386.5625,0,1.0002258,418.125,1452.1875,0,0.8763138,forward,97.29129665963167,1
615,20.520500000000002,187.96420097351074,,,,,,,,,,,,,,,,,,,,493.125,1067.8125,0,0.97382814,432.1875,1227.1875,0,1.0106254,441.5625,1386.5625,0,1.0046821,418.125,1456.875,0,0.8871853,forward,101.32469790792354,1
616,20.553866666666668,187.73984909057617,,,,,,,,,,,,,,,,,,,,493.125,1058.4375,0,1.0087688,432.1875,1227.1875,0,1.0310194,441.5625,1386.5625,0,1.0264078,422.8125,1452.1875,0,0.8796859,forward,105.38086343570828,1
617,20.587233333333334,187.7272129058838,,,,,,,,,,,,,,,,,,,,493.125,1053.75,0,1.0118217,432.1875,1222.5,0,1.0288367,441.5625,1386.5625,0,1.0229838,422.8125,1452.1875,0,0.8715172,forward,107.61411685700895,1
618,20.6206,190.86408615112305,,,,,,,,,,,,,,,,,,,,493.125,1044.375,0,1.0048373,436.875,1217.8125,0,1.0180246,441.5625,1386.5625,0,1.0121415,422.8125,1456.875,0,0.86679256,forward,112.15446017779735,1
619,20.653966666666665,193.29190254211426,,,,,,,,,,,,,,,,,,,,493.125,1035.0,0,1.0203617,436.875,1213.125,0,1.0186055,441.5625,1386.5625,0,1.019547,418.125,1456.875,0,0.8733091,forward,116.98130797368017,1
620,20.687333333333335,190.43874740600586,,,,,,,,,,,,,,,,,,,,493.125,1035.0,0,1.036736,436.875,1208.4375,0,1.0229628,441.5625,1386.5625,0,1.0293217,418.125,1452.1875,0,0.86785877,forward,117.40239819937528,1
621,20.7207,192.05904006958008,,,,,,,,,,,,,,,,,,,,488.4375,1030.3125,0,1.0459363,436.875,1203.75,0,1.023054,441.5625,1386.5625,0,1.0421809,418.125,1452.1875,0,0.8586523,forward,120.3987198186441,1
622,20.754066666666667,190.59300422668457,,,,,,,,,,,,,,,,,,,,488.4375,1020.9375,0,1.0250297,441.5625,1199.0625,0,1.0087405,441.5625,1386.5625,0,1.0274945,418.125,1452.1875,0,0.86984134,forward,126.08356216514356,1
623,20.787433333333333,192.40593910217285,,,,,,,,,,,,,,,,,,,,488.4375,1016.25,0,1.0168381,441.5625,1194.375,0,1.0084629,441.5625,1386.5625,0,1.0255725,422.8125,1452.1875,0,0.8592041,forward,130.06895777030272,1
624,20.820800000000002,189.9878978729248,,,,,,,,,,,,,,,,,,,,488.4375,1011.5625,0,1.0087779,441.5625,1194.375,0,1.00794,441.5625,1386.5625,0,1.0232035,422.8125,1456.875,0,0.869663,forward,132.5300613577294,1
625,20.854166666666668,192.41714477539062,,,,,,,,,,,,,,,,,,,,488.4375,1006.875,0,1.0121253,446.25,1194.375,0,1.0234963,441.5625,1386.5625,0,1.0353163,422.8125,1452.1875,0,0.8659852,forward,135.19045168917054,1
626,20.887533333333334,190.19603729248047,,,,,,,,,,,,,,,,,,,,488.4375,1006.875,0,0.99896944,446.25,1194.375,0,1.0133777,441.5625,1386.5625,0,1.0333406,422.8125,1452.1875,0,0.8765182,forward,135.19045168917054,1
627,20.9209,192.216157913208,,,,,,,,,,,,,,,,,,,,488.4375,1006.875,0,0.9926344,446.25,1194.375,0,1.0095214,441.5625,1386.5625,0,1.029559,422.8125,1452.1875,0,0.8880814,forward,135.19045168917054,1
628,20.954266666666665,191.81108474731445,,,,,,,,,,,,,,,,,,,,488.4375,1002.1875,0,0.99766105,450.9375,1194.375,0,1.0187563,441.5625,1386.5625,0,1.0367122,422.8125,1452.1875,0,0.8864238,forward,138.11584931953766,1
629,20.987633333333335,191.65682792663574,,,,,,,,,,,,,,,,,,,,483.75,1002.1875,0,0.99231815,450.9375,1194.375,0,1.0170095,441.5625,1386.5625,0,1.0325257,422.8125,1452.1875,0,0.8827175,forward,138.11584931953766,1
630,21.021,192.79003143310547,,,,,,,,,,,,,,,,,,,,483.75,997.5,0,0.98603153,450.9375,1194.375,0,1.0169693,441.5625,1386.5625,0,1.0326935,422.8125,1452.1875,0,0.879535,forward,141.41702616447117,1
631,21.054366666666667,191.8931007385254,,,,,,,,,,,,,,,,,,,,483.75,997.5,0,0.9867647,450.9375,1194.375,0,1.0200933,441.5625,1386.5625,0,1.0358876,422.8125,1452.1875,0,0.88366485,forward,141.41702616447117,1
632,21.087733333333333,191.80893898010254,,,,,,,,,,,,,,,,,,,,483.75,997.5,0,0.9849566,450.9375,1194.375,0,1.0209409,441.5625,1386.5625,0,1.0343748,422.8125,1452.1875,0,0.88919127,forward,141.41702616447117,1
633,21.121100000000002,198.75383377075195,,,,,,,,,,,,,,,,,,,,483.75,992.8125,0,0.9905318,450.9375,1194.375,0,1.0316978,441.5625,1386.5625,0,1.0419004,427.5,1447.5,0,0.884815,forward,145.31028582757435,1
634,21.154466666666668,189.3138885498047,,,,,,,,,,,,,,,,,,,,483.75,992.8125,0,0.98833084,450.9375,1194.375,0,1.0313756,441.5625,1386.5625,0,1.0422839,427.5,1447.5,0,0.88941133,forward,145.31028582757435,1
635,21.187833333333334,189.1310214996338,,,,,,,,,,,,,,,,,,,,483.75,992.8125,0,0.9956435,450.9375,1194.375,0,1.0366135,441.5625,1386.5625,0,1.0429364,427.5,1452.1875,0,0.89634657,forward,145.31028582757435,1
636,21.2212,189.66412544250488,,,,,,,,,,,,,,,,,,,,479.0625,992.8125,0,0.9940162,450.9375,1194.375,0,1.0341475,441.5625,1386.5625,0,1.0392852,422.8125,1452.1875,0,0.9009223,forward,145.31028582757435,1
637,21.254566666666665,190.6280517578125,,,,,,,,,,,,,,,,,,,,479.0625,988.125,0,0.99588996,450.9375,1194.375,0,1.0440964,441.5625,1386.5625,0,1.0412145,422.8125,1447.5,0,0.89098096,forward,150.35500364179705,1
638,21.287933333333335,190.20700454711914,,,,,,,,,,,,,,,,,,,,479.0625,988.125,0,0.99369085,450.9375,1194.375,0,1.0405687,441.5625,1386.5625,0,1.0417821,422.8125,1447.5,0,0.8927568,forward,150.35500364179705,1
639,21.3213,191.27988815307617,,,,,,,,,,,,,,,,,,,,479.0625,992.8125,0,0.9901909,450.9375,1194.375,0,1.0320011,441.5625,1391.25,0,1.031122,422.8125,1447.5,0,0.90088403,forward,150.47298863545763,1
640,21.354666666666667,190.70696830749512,,,,,,,,,,,,,,,,,,,,479.0625,988.125,0,0.9881719,450.9375,1194.375,0,1.0359099,441.5625,1386.5625,0,1.0367928,422.8125,1447.5,0,0.9000109,forward,150.35500364179705,1
641,21.388033333333333,189.6989345550537,,,,,,,,,,,,,,,,,,,,479.0625,988.125,0,0.99047184,450.9375,1194.375,0,1.0374103,441.5625,1386.5625,0,1.0367503,422.8125,1447.5,0,0.9035505,forward,150.35500364179705,1
642,21.421400000000002,188.63701820373535,,,,,,,,,,,,,,,,,,,,479.0625,988.125,0,0.991493,450.9375,1194.375,0,1.0402851,441.5625,1386.5625,0,1.0408516,422.8125,1447.5,0,0.899562,forward,150.35500364179705,1
643,21.454766666666668,190.53316116333008,,,,,,,,,,,,,,,,,,,,479.0625,988.125,0,0.991945,450.9375,1194.375,0,1.0404584,441.5625,1386.5625,0,1.0394657,422.8125,1447.5,0,0.90061057,forward,150.35500364179705,1
644,21.488133333333334,195.28698921203613,,,,,,,,,,,,,,,,,,,,479.0625,988.125,0,0.98711264,450.9375,1194.375,0,1.035711,441.5625,1391.25,0,1.033904,422.8125,1447.5,0,0.9056417,forward,155.51770644968033,1
645,21.5215,189.37182426452637,,,,,,,,,,,,,,,,,,,,479.0625,988.125,0,0.9850254,455.625,1194.375,0,1.035407,441.5625,1386.5625,0,1.0338596,422.8125,1447.5,0,0.9017634,forward,150.35500364179705,1
646,21.554866666666666,194.04006004333496,,,,,,,,,,,,,,,,,,,,479.0625,988.125,0,0.98293376,455.625,1194.375,0,1.0355816,441.5625,1386.5625,0,1.0373254,422.8125,1447.5,0,0.89622325,forward,150.35500364179705,1
647,21.588233333333335,187.42012977600098,,,,,,,,,,,,,,,,,,,,479.0625,988.125,0,0.98621917,455.625,1194.375,0,1.0370302,441.5625,1386.5625,0,1.0407531,422.8125,1447.5,0,0.89781886,forward,150.35500364179705,1
648,21.6216,187.14499473571777,,,,,,,,,,,,,,,,,,,,479.0625,988.125,0,0.98863983,455.625,1194.375,0,1.0382903,441.5625,1386.5625,0,1.041472,422.8125,1447.5,0,0.902372,forward,150.35500364179705,1
649,21.654966666666667,187.41488456726074,,,,,,,,,,,,,,,,,,,,479.0625,988.125,0,0.98866796,455.625,1194.375,0,1.0376775,441.5625,1386.5625,0,1.0413182,422.8125,1447.5,0,0.9033848,forward,150.35500364179705,1
650,21.688333333333333,187.2389316558838,,,,,,,,,,,,,,,,,,,,479.0625,988.125,0,0.99250746,455.625,1194.375,0,1.0408453,441.5625,1386.5625,0,1.0446079,422.8125,1447.5,0,0.90278614,forward,150.35500364179705,1
651,21.721700000000002,192.3360824584961,,,,,,,,,,,,,,,,,,,,479.0625,988.125,0,0.9884453,455.625,1194.375,0,1.0381964,441.5625,1386.5625,0,1.0411603,422.8125,1447.5,0,0.9033308,forward,150.35500364179705,1
652,21.755066666666668,191.32709503173828,,,,,,,,,,,,,,,,,,,,479.0625,988.125,0,0.99405265,455.625,1194.375,0,1.043248,441.5625,1386.5625,0,1.0451726,422.8125,1447.5,0,0.9060502,forward,150.35500364179705,1
653,21.788433333333334,190.94181060791016,,,,,,,,,,,,,,,,,,,,479.0625,988.125,0,0.9940516,450.9375,1194.375,0,1.0422316,441.5625,1386.5625,0,1.0428774,422.8125,1447.5,0,0.9084165,forward,150.35500364179705,1
654,21.8218,192.13533401489258,,,,,,,,,,,,,,,,,,,,479.0625,988.125,0,0.9941623,450.9375,1194.375,0,1.0423183,441.5625,1386.5625,0,1.0447979,422.8125,1447.5,0,0.90494156,forward,150.35500364179705,1
655,21.855166666666666,191.38097763061523,,,,,,,,,,,,,,,,,,,,479.0625,992.8125,0,0.99230427,450.9375,1194.375,0,1.036962,436.875,1386.5625,0,1.0379436,422.8125,1452.1875,0,0.90983534,forward,145.31028582757435,1
656,21.888533333333335,191.18785858154297,,,,,,,,,,,,,,,,,,,,483.75,992.8125,0,0.9905869,450.9375,1194.375,0,1.0375905,436.875,1386.5625,0,1.0383728,422.8125,1452.1875,0,0.9051884,forward,145.31028582757435,1
657,21.9219,191.1790370941162,,,,,,,,,,,,,,,,,,,,483.75,992.8125,0,0.9855329,450.9375,1194.375,0,1.0293908,436.875,1386.5625,0,1.033525,422.8125,1452.1875,0,0.90645826,forward,145.31028582757435,1
658,21.955266666666667,191.5578842163086,,,,,,,,,,,,,,,,,,,,483.75,992.8125,0,0.98523533,450.9375,1194.375,0,1.0303637,436.875,1386.5625,0,1.0349662,422.8125,1447.5,0,0.9023068,forward,145.31028582757435,1
659,21.988633333333333,191.13707542419434,,,,,,,,,,,,,,,,,,,,483.75,992.8125,0,0.98129433,446.25,1194.375,0,1.0268493,436.875,1386.5625,0,1.0323272,422.8125,1447.5,0,0.89364743,forward,145.31028582757435,1
660,22.022000000000002,191.58387184143066,,,,,,,,,,,,,,,,,,,,483.75,992.8125,0,0.980324,446.25,1194.375,0,1.023793,436.875,1386.5625,0,1.0313636,422.8125,1447.5,0,0.89226735,forward,145.31028582757435,1
661,22.055366666666668,191.41578674316406,,,,,,,,,,,,,,,,,,,,483.75,997.5,0,0.9761412,446.25,1194.375,0,1.0177319,436.875,1386.5625,0,1.0286961,422.8125,1447.5,0,0.88643223,forward,141.41702616447117,1
662,22.088733333333334,191.47205352783203,,,,,,,,,,,,,,,,,,,,483.75,997.5,0,0.9767142,446.25,1194.375,0,1.0131613,436.875,1381.875,0,1.0239493,422.8125,1447.5,0,0.88619924,forward,137.431630559312,1
663,22.1221,190.74201583862305,,,,,,,,,,,,,,,,,,,,483.75,1002.1875,0,0.9703424,446.25,1194.375,0,1.0046707,436.875,1386.5625,0,1.0185517,422.8125,1452.1875,0,0.89193463,forward,138.11584931953766,1
664,22.155466666666666,190.9019947052002,,,,,,,,,,,,,,,,,,,,483.75,1002.1875,0,0.9738181,446.25,1194.375,0,1.0060053,436.875,1386.5625,0,1.0154076,422.8125,1452.1875,0,0.88607883,forward,138.11584931953766,1
665,22.188833333333335,191.53714179992676,,,,,,,,,,,,,,,,,,,,483.75,1006.875,0,0.97375023,446.25,1199.0625,0,1.0062956,436.875,1386.5625,0,1.0134404,422.8125,1452.1875,0,0.8770253,forward,134.13045371437852,1
666,22.2222,191.48707389831543,,,,,,,,,,,,,,,,,,,,483.75,1006.875,0,0.98053604,446.25,1199.0625,0,1.0070887,436.875,1386.5625,0,1.0151722,422.8125,1452.1875,0,0.86400384,forward,134.13045371437852,1
667,22.255566666666667,190.80877304077148,,,,,,,,,,,,,,,,,,,,483.75,1006.875,0,0.99027014,446.25,1199.0625,0,1.0118047,436.875,1386.5625,0,1.02045,422.8125,1452.1875,0,0.8632498,forward,134.13045371437852,1
668,22.288933333333333,191.4658546447754,,,,,,,,,,,,,,,,,,,,483.75,1011.5625,0,0.9911402,446.25,1203.75,0,1.0059094,436.875,1386.5625,0,1.0184613,422.8125,1452.1875,0,0.86181486,forward,130.75020334520403,1
669,22.322300000000002,190.8888816833496,,,,,,,,,,,,,,,,,,,,483.75,1016.25,0,0.998088,441.5625,1203.75,0,1.011445,436.875,1386.5625,0,1.0241492,422.8125,1452.1875,0,0.86108506,forward,127.82480571483693,1
670,22.355666666666668,190.72890281677246,,,,,,,,,,,,,,,,,,,,483.75,1016.25,0,0.99900126,441.5625,1203.75,0,1.0083202,436.875,1386.5625,0,1.0213277,422.8125,1452.1875,0,0.86168563,forward,127.82480571483693,1
671,22.389033333333334,190.48595428466797,,,,,,,,,,,,,,,,,,,,483.75,1020.9375,0,1.0050505,441.5625,1203.75,0,1.0070639,436.875,1386.5625,0,1.017684,422.8125,1452.1875,0,0.85506094,forward,125.16441538339579,1
672,22.4224,190.68002700805664,,,,,,,,,,,,,,,,,,,,479.0625,1020.9375,0,1.0062324,441.5625,1208.4375,0,1.0023288,436.875,1386.5625,0,1.0144773,422.8125,1452.1875,0,0.86558175,forward,124.82848409556811,1
673,22.455766666666666,190.49644470214844,,,,,,,,,,,,,,,,,,,,483.75,1020.9375,0,1.0054437,441.5625,1208.4375,0,0.99690306,436.875,1386.5625,0,1.0099082,422.8125,1452.1875,0,0.86441165,forward,124.82848409556811,1
674,22.489133333333335,191.13397598266602,,,,,,,,,,,,,,,,,,,,483.75,1030.3125,0,1.0093884,436.875,1213.125,0,0.99469745,436.875,1386.5625,0,1.0046713,422.8125,1456.875,0,0.87284815,forward,119.44241156110687,1
675,22.5225,190.4757022857666,,,,,,,,,,,,,,,,,,,,483.75,1030.3125,0,1.0249605,432.1875,1213.125,0,1.0077755,441.5625,1386.5625,0,1.0213962,422.8125,1452.1875,0,0.8686356,forward,119.44241156110687,1
676,22.555866666666667,192.34514236450195,,,,,,,,,,,,,,,,,,,,479.0625,1035.0,0,1.0178325,432.1875,1213.125,0,1.0091593,436.875,1386.5625,0,1.0154548,422.8125,1452.1875,0,0.8774652,forward,116.98130797368017,1
677,22.589233333333333,198.8821029663086,,,,,,,,,,,,,,,,,,,,479.0625,1039.6875,0,0.99881023,432.1875,1217.8125,0,1.0019051,441.5625,1386.5625,0,1.0088867,422.8125,1456.875,0,0.87630117,forward,114.45905215512235,1
678,22.622600000000002,197.3741054534912,,,,,,,,,,,,,,,,,,,,483.75,1044.375,0,1.006517,432.1875,1217.8125,0,1.0031309,441.5625,1386.5625,0,1.0196689,422.8125,1452.1875,0,0.87033284,forward,112.15446017779735,1
679,22.655966666666668,189.53871726989746,,,,,,,,,,,,,,,,,,,,483.75,1049.0625,0,1.001296,427.5,1217.8125,0,1.0021639,441.5625,1386.5625,0,1.016413,422.8125,1452.1875,0,0.871199,forward,109.97669318896172,1
680,22.689333333333334,187.9260540008545,,,,,,,,,,,,,,,,,,,,483.75,1053.75,0,0.9884122,427.5,1222.5,0,1.001251,441.5625,1386.5625,0,1.0131855,422.8125,1452.1875,0,0.8720341,forward,107.61411685700895,1
681,22.7227,188.77387046813965,,,,,,,,,,,,,,,,,,,,483.75,1063.125,0,0.9941243,427.5,1222.5,0,1.007955,441.5625,1386.5625,0,1.0143379,422.8125,1452.1875,0,0.8785656,forward,103.55795132922421,1
682,22.756066666666666,187.47591972351074,,,,,,,,,,,,,,,,,,,,483.75,1063.125,0,0.9674516,427.5,1222.5,0,0.9969561,441.5625,1386.5625,0,1.0085783,422.8125,1452.1875,0,0.8761838,forward,103.55795132922421,1
683,22.789433333333335,191.4381980895996,,,,,,,,,,,,,,,,,,,,483.75,1072.5,0,0.974618,427.5,1222.5,0,1.0022818,441.5625,1386.5625,0,1.0184057,422.8125,1452.1875,0,0.8690293,forward,99.80940520333516,1
684,22.8228,191.66803359985352,,,,,,,,,,,,,,,,,,,,483.75,1077.1875,0,0.9759297,427.5,1227.1875,0,1.001943,441.5625,1386.5625,0,1.0181203,422.8125,1452.1875,0,0.8741323,forward,97.57615178203449,1
685,22.856166666666667,191.66302680969238,,,,,,,,,,,,,,,,,,,,483.75,1081.875,0,0.9638446,427.5,1227.1875,0,0.99514604,441.5625,1386.5625,0,1.0054975,418.125,1452.1875,0,0.88492537,forward,95.79298043709352,1
686,22.889533333333333,192.49987602233887,,,,,,,,,,,,,,,,,,,,483.75,1086.5625,0,0.96158755,427.5,1227.1875,0,0.99312603,441.5625,1386.5625,0,1.0026286,418.125,1452.1875,0,0.8887381,forward,94.06107636624276,1
687,22.922900000000002,192.76809692382812,,,,,,,,,,,,,,,,,,,,483.75,1091.25,0,0.97936743,427.5,1231.875,0,0.9994617,441.5625,1386.5625,0,1.0083851,418.125,1452.1875,0,0.88593894,forward,91.93503980924392,1
688,22.956266666666668,195.5718994140625,,,,,,,,,,,,,,,,,,,,483.75,1095.9375,0,0.97723424,427.5,1231.875,0,0.9979222,441.5625,1386.5625,0,1.0148189,418.125,1452.1875,0,0.88498694,forward,90.24875956769175,1
689,22.989633333333334,188.69972229003906,,,,,,,,,,,,,,,,,,,,483.75,1095.9375,0,0.9591805,427.5,1231.875,0,0.98477226,441.5625,1386.5625,0,1.004593,418.125,1452.1875,0,0.87828064,forward,90.24875956769175,1
690,23.023,188.11893463134766,,,,,,,,,,,,,,,,,,,,483.75,1100.625,0,0.9632565,422.8125,1231.875,0,0.98647606,441.5625,1386.5625,0,1.0072949,418.125,1452.1875,0,0.88600415,forward,88.60332016751902,1
691,23.056366666666666,189.30411338806152,,,,,,,,,,,,,,,,,,,,483.75,1100.625,0,0.97286415,427.5,1231.875,0,0.9915526,441.5625,1386.5625,0,1.0134186,418.125,1452.1875,0,0.880932,forward,88.60332016751902,1
692,23.089733333333335,188.77220153808594,,,,,,,,,,,,,,,,,,,,483.75,1105.3125,0,0.9547422,427.5,1231.875,0,0.9772718,441.5625,1386.5625,0,1.0020106,418.125,1452.1875,0,0.88515437,forward,86.99462273957992,1
693,23.1231,193.3889389038086,,,,,,,,,,,,,,,,,,,,483.75,1105.3125,0,0.9412427,427.5,1231.875,0,0.9693111,441.5625,1386.5625,0,0.99199784,418.125,1452.1875,0,0.87903416,forward,86.99462273957992,1
694,23.156466666666667,194.24891471862793,,,,,,,,,,,,,,,,,,,,488.4375,1105.3125,0,0.9487238,427.5,1231.875,0,0.97339123,441.5625,1386.5625,0,0.9957311,418.125,1452.1875,0,0.8847467,forward,86.99462273957992,1
695,23.189833333333333,193.13669204711914,,,,,,,,,,,,,,,,,,,,488.4375,1110.0,0,0.9472978,427.5,1231.875,0,0.9714091,441.5625,1386.5625,0,0.999055,418.125,1452.1875,0,0.8835355,forward,85.41911982949811,1
696,23.223200000000002,193.69196891784668,,,,,,,,,,,,,,,,,,,,488.4375,1110.0,0,0.94249535,427.5,1236.5625,0,0.97297335,441.5625,1386.5625,0,0.9918779,418.125,1452.1875,0,0.8789319,forward,84.95913316626317,1
697,23.256566666666668,192.3379898071289,,,,,,,,,,,,,,,,,,,,488.4375,1110.0,0,0.9265951,427.5,1236.5625,0,0.96250904,441.5625,1386.5625,0,0.97831845,418.125,1452.1875,0,0.8717234,forward,84.95913316626317,1
698,23.289933333333334,192.93904304504395,,,,,,,,,,,,,,,,,,,,488.4375,1110.0,0,0.9335762,427.5,1236.5625,0,0.966725,441.5625,1386.5625,0,0.9790261,418.125,1452.1875,0,0.86689854,forward,84.95913316626317,1
699,23.3233,192.3670768737793,,,,,,,,,,,,,,,,,,,,488.4375,1105.3125,0,0.93356776,427.5,1236.5625,0,0.969195,441.5625,1386.5625,0,0.984285,418.125,1452.1875,0,0.87070036,forward,86.56783059420226,1
700,23.356666666666666,190.5839443206787,,,,,,,,,,,,,,,,,,,,488.4375,1100.625,0,0.95720327,427.5,1231.875,0,0.98521495,441.5625,1386.5625,0,1.0027895,418.125,1452.1875,0,0.87280923,forward,88.60332016751902,1
701,23.390033333333335,188.0500316619873,,,,,,,,,,,,,,,,,,,,488.4375,1100.625,0,0.937843,427.5,1236.5625,0,0.97643846,441.5625,1386.5625,0,0.9805615,418.125,1452.1875,0,0.86854506,forward,88.213269994375,1
702,23.4234,188.73214721679688,,,,,,,,,,,,,,,,,,,,488.4375,1100.625,0,0.9396455,427.5,1236.5625,0,0.97573066,441.5625,1386.5625,0,0.9756243,413.4375,1452.1875,0,0.86071765,forward,88.213269994375,1
703,23.456766666666667,194.08607482910156,,,,,,,,,,,,,,,,,,,,488.4375,1095.9375,0,0.94453156,427.5,1236.5625,0,0.97437584,441.5625,1386.5625,0,0.97892225,418.125,1452.1875,0,0.8688047,forward,89.89955023592717,1
704,23.490133333333333,189.36991691589355,,,,,,,,,,,,,,,,,,,,488.4375,1086.5625,0,0.9677743,432.1875,1231.875,0,0.9969735,441.5625,1381.875,0,1.0093372,418.125,1452.1875,0,0.87370616,forward,91.63145430677793,1
705,23.523500000000002,188.01307678222656,,,,,,,,,,,,,,,,,,,,488.4375,1081.875,0,0.9419707,427.5,1231.875,0,0.9858134,441.5625,1386.5625,0,0.9837436,418.125,1452.1875,0,0.8733562,forward,95.45011522503565,1
706,23.556866666666668,188.57383728027344,,,,,,,,,,,,,,,,,,,,488.4375,1077.1875,0,0.96428704,432.1875,1231.875,0,0.99991924,441.5625,1386.5625,0,1.0049143,418.125,1452.1875,0,0.8815868,forward,97.29129665963167,1
707,23.590233333333334,188.62318992614746,,,,,,,,,,,,,,,,,,,,488.4375,1067.8125,0,0.97289526,432.1875,1227.1875,0,1.0090809,441.5625,1386.5625,0,1.0047197,418.125,1452.1875,0,0.8815258,forward,101.32469790792354,1
708,23.6236,192.37709045410156,,,,,,,,,,,,,,,,,,,,488.4375,1053.75,0,0.9846832,432.1875,1222.5,0,1.0188396,441.5625,1386.5625,0,1.0199943,418.125,1452.1875,0,0.8732422,forward,107.61411685700895,1
709,23.656966666666666,192.76714324951172,,,,,,,,,,,,,,,,,,,,488.4375,1044.375,0,0.99667275,432.1875,1217.8125,0,1.0128729,441.5625,1386.5625,0,1.0156977,418.125,1456.875,0,0.8718779,forward,112.15446017779735,1
710,23.690333333333335,192.02899932861328,,,,,,,,,,,,,,,,,,,,488.4375,1039.6875,0,1.0030113,432.1875,1208.4375,0,1.0142049,441.5625,1386.5625,0,1.0218127,418.125,1452.1875,0,0.86133075,forward,115.22463121053966,1
711,23.7237,191.78199768066406,,,,,,,,,,,,,,,,,,,,488.4375,1035.0,0,1.0107614,432.1875,1208.4375,0,1.0093272,441.5625,1386.5625,0,1.0125251,418.125,1452.1875,0,0.86152816,forward,117.40239819937528,1
712,23.757066666666667,191.65420532226562,,,,,,,,,,,,,,,,,,,,488.4375,1030.3125,0,1.0314183,436.875,1203.75,0,1.0184711,436.875,1386.5625,0,1.0329148,418.125,1452.1875,0,0.85335195,forward,120.3987198186441,1
713,23.790433333333333,192.87705421447754,,,,,,,,,,,,,,,,,,,,488.4375,1020.9375,0,1.01926,436.875,1199.0625,0,1.0151874,436.875,1386.5625,0,1.0267,418.125,1452.1875,0,0.86239964,forward,126.08356216514356,1
714,23.823800000000002,192.15083122253418,,,,,,,,,,,,,,,,,,,,483.75,1016.25,0,1.0060678,441.5625,1199.0625,0,1.0066761,436.875,1386.5625,0,1.0216452,422.8125,1452.1875,0,0.8533428,forward,128.54466575257027,1
715,23.857166666666668,193.436861038208,,,,,,,,,,,,,,,,,,,,483.75,1011.5625,0,1.003344,441.5625,1194.375,0,1.0122637,436.875,1386.5625,0,1.0268514,422.8125,1452.1875,0,0.86041486,forward,132.5300613577294,1
716,23.890533333333334,192.57616996765137,,,,,,,,,,,,,,,,,,,,488.4375,1006.875,0,1.0033096,446.25,1194.375,0,1.0224406,441.5625,1381.875,0,1.0279522,422.8125,1447.5,0,0.8419215,forward,131.2050560840114,1
717,23.9239,192.52300262451172,,,,,,,,,,,,,,,,,,,,483.75,1006.875,0,0.9958655,446.25,1194.375,0,1.0111101,441.5625,1386.5625,0,1.0271877,422.8125,1452.1875,0,0.8666127,forward,135.19045168917054,1
718,23.957266666666666,191.06817245483398,,,,,,,,,,,,,,,,,,,,483.75,1002.1875,0,0.98883116,446.25,1194.375,0,1.0115421,441.5625,1386.5625,0,1.0288364,422.8125,1452.1875,0,0.8771042,forward,138.11584931953766,1
719,23.990633333333335,188.8260841369629,,,,,,,,,,,,,,,,,,,,483.75,1002.1875,0,0.97473717,446.25,1194.375,0,1.002539,441.5625,1386.5625,0,1.0231715,422.8125,1452.1875,0,0.87665427,forward,138.11584931953766,1
720,24.024,190.14811515808105,,,,,,,,,,,,,,,,,,,,483.75,997.5,0,0.97615147,450.9375,1194.375,0,1.011155,441.5625,1386.5625,0,1.0285858,427.5,1447.5,0,0.87067914,forward,141.41702616447117,1
721,24.057366666666667,191.91408157348633,,,,,,,,,,,,,,,,,,,,483.75,997.5,0,0.974455,450.9375,1194.375,0,1.0048455,441.5625,1386.5625,0,1.0265721,427.5,1452.1875,0,0.884884,forward,141.41702616447117,1
722,24.090733333333333,190.62519073486328,,,,,,,,,,,,,,,,,,,,483.75,997.5,0,0.97954744,450.9375,1194.375,0,1.0120683,441.5625,1386.5625,0,1.0284402,427.5,1452.1875,0,0.89433634,forward,141.41702616447117,1
723,24.124100000000002,191.10918045043945,,,,,,,,,,,,,,,,,,,,483.75,997.5,0,0.98312545,455.625,1194.375,0,1.0178515,441.5625,1386.5625,0,1.0349799,427.5,1452.1875,0,0.8905494,forward,141.41702616447117,1
724,24.157466666666668,189.34392929077148,,,,,,,,,,,,,,,,,,,,483.75,997.5,0,0.99508667,455.625,1194.375,0,1.0320139,441.5625,1386.5625,0,1.0443206,427.5,1447.5,0,0.8839026,forward,141.41702616447117,1
725,24.190833333333334,191.8032169342041,,,,,,,,,,,,,,,,,,,,483.75,997.5,0,1.0040141,455.625,1194.375,0,1.0424252,441.5625,1386.5625,0,1.0461686,427.5,1447.5,0,0.89933443,forward,141.41702616447117,1
726,24.2242,192.74020195007324,,,,,,,,,,,,,,,,,,,,483.75,992.8125,0,0.9987513,455.625,1194.375,0,1.0393376,441.5625,1386.5625,0,1.0424428,427.5,1447.5,0,0.89845645,forward,145.31028582757435,1
727,24.257566666666666,191.71524047851562,,,,,,,,,,,,,,,,,,,,483.75,992.8125,0,0.99976265,455.625,1194.375,0,1.0415944,441.5625,1391.25,0,1.0433241,427.5,1447.5,0,0.90546954,forward,150.47298863545763,1
728,24.290933333333335,192.57497787475586,,,,,,,,,,,,,,,,,,,,483.75,992.8125,0,0.9952148,455.625,1194.375,0,1.0426791,441.5625,1391.25,0,1.0421761,427.5,1447.5,0,0.89689195,forward,150.47298863545763,1
729,24.3243,192.7330493927002,,,,,,,,,,,,,,,,,,,,483.75,992.8125,0,0.9924518,455.625,1194.375,0,1.041426,441.5625,1386.5625,0,1.0414644,427.5,1447.5,0,0.8919033,forward,145.31028582757435,1
730,24.357666666666667,193.61376762390137,,,,,,,,,,,,,,,,,,,,483.75,992.8125,0,0.9941876,455.625,1194.375,0,1.0390803,436.875,1391.25,0,1.0385367,422.8125,1447.5,0,0.9049926,forward,150.47298863545763,1
731,24.391033333333333,193.20392608642578,,,,,,,,,,,,,,,,,,,,483.75,988.125,0,0.99309087,455.625,1194.375,0,1.0422058,436.875,1386.5625,0,1.0378053,422.8125,1447.5,0,0.8962129,forward,150.35500364179705,1
732,24.424400000000002,192.89922714233398,,,,,,,,,,,,,,,,,,,,483.75,992.8125,0,0.990185,455.625,1194.375,0,1.041045,436.875,1386.5625,0,1.035872,422.8125,1447.5,0,0.9021511,forward,145.31028582757435,1
733,24.457766666666668,193.32623481750488,,,,,,,,,,,,,,,,,,,,483.75,988.125,0,0.99333465,455.625,1194.375,0,1.0433006,436.875,1386.5625,0,1.0402962,422.8125,1447.5,0,0.9054867,forward,150.35500364179705,1
734,24.491133333333334,194.9748992919922,,,,,,,,,,,,,,,,,,,,483.75,992.8125,0,0.99527246,455.625,1194.375,0,1.0386319,436.875,1391.25,0,1.0377312,422.8125,1452.1875,0,0.9120415,forward,150.47298863545763,1
735,24.5245,193.8927173614502,,,,,,,,,,,,,,,,,,,,483.75,988.125,0,0.9933551,455.625,1194.375,0,1.0422668,441.5625,1386.5625,0,1.0404799,427.5,1447.5,0,0.91072714,forward,150.35500364179705,1
736,24.557866666666666,192.4138069152832,,,,,,,,,,,,,,,,,,,,483.75,992.8125,0,0.9933379,455.625,1194.375,0,1.0405862,436.875,1391.25,0,1.0407128,422.8125,1447.5,0,0.91086495,forward,150.47298863545763,1
737,24.591233333333335,192.5520896911621,,,,,,,,,,,,,,,,,,,,483.75,988.125,0,0.9949621,455.625,1194.375,0,1.0422671,441.5625,1386.5625,0,1.045465,427.5,1447.5,0,0.9071938,forward,150.35500364179705,1
738,24.6246,191.8351650238037,,,,,,,,,,,,,,,,,,,,483.75,992.8125,0,0.9905618,455.625,1194.375,0,1.0357203,436.875,1391.25,0,1.0382369,427.5,1447.5,0,0.9110037,forward,150.47298863545763,1
739,24.657966666666667,191.91765785217285,,,,,,,,,,,,,,,,,,,,483.75,992.8125,0,0.9903537,455.625,1194.375,0,1.0339593,436.875,1391.25,0,1.0345135,427.5,1452.1875,0,0.9110278,forward,150.47298863545763,1
740,24.691333333333333,192.40903854370117,,,,,,,,,,,,,,,,,,,,483.75,992.8125,0,0.99442,455.625,1194.375,0,1.0392723,436.875,1391.25,0,1.0403409,422.8125,1447.5,0,0.9116906,forward,150.47298863545763,1
741,24.724700000000002,191.62702560424805,,,,,,,,,,,,,,,,,,,,483.75,988.125,0,0.9906714,455.625,1194.375,0,1.0388768,441.5625,1386.5625,0,1.0410473,422.8125,1447.5,0,0.89997995,forward,150.35500364179705,1
742,24.758066666666668,190.47284126281738,,,,,,,,,,,,,,,,,,,,483.75,992.8125,0,0.9884112,455.625,1194.375,0,1.0349717,441.5625,1391.25,0,1.0367318,427.5,1447.5,0,0.9032955,forward,150.47298863545763,1
743,24.791433333333334,190.55724143981934,,,,,,,,,,,,,,,,,,,,483.75,988.125,0,0.98971033,455.625,1194.375,0,1.0372741,441.5625,1391.25,0,1.0408977,422.8125,1447.5,0,0.9026773,forward,155.51770644968033,1
744,24.8248,191.79296493530273,,,,,,,,,,,,,,,,,,,,483.75,992.8125,0,0.99151385,455.625,1194.375,0,1.0391138,441.5625,1391.25,0,1.0423107,422.8125,1447.5,0,0.9047334,forward,150.47298863545763,1
745,24.858166666666666,191.619873046875,,,,,,,,,,,,,,,,,,,,483.75,988.125,0,0.9911405,455.625,1194.375,0,1.0388764,441.5625,1386.5625,0,1.0422285,422.8125,1447.5,0,0.8900715,forward,150.35500364179705,1
746,24.891533333333335,191.70904159545898,,,,,,,,,,,,,,,,,,,,483.75,992.8125,0,0.99397284,455.625,1194.375,0,1.0380082,441.5625,1386.5625,0,1.0413773,422.8125,1447.5,0,0.8998251,forward,145.31028582757435,1
747,24.9249,191.18905067443848,,,,,,,,,,,,,,,,,,,,483.75,992.8125,0,0.9891776,455.625,1194.375,0,1.0362396,441.5625,1386.5625,0,1.0397654,422.8125,1447.5,0,0.8945668,forward,145.31028582757435,1
748,24.958266666666667,191.8790340423584,,,,,,,,,,,,,,,,,,,,488.4375,992.8125,0,0.98461694,455.625,1194.375,0,1.029206,441.5625,1386.5625,0,1.0329826,422.8125,1447.5,0,0.8898033,forward,145.31028582757435,1
749,24.991633333333333,192.0180320739746,,,,,,,,,,,,,,,,,,,,488.4375,992.8125,0,0.9795579,455.625,1194.375,0,1.0241748,441.5625,1386.5625,0,1.0319531,422.8125,1447.5,0,0.8880644,forward,145.31028582757435,1
750,25.025000000000002,191.61391258239746,,,,,,,,,,,,,,,,,,,,488.4375,992.8125,0,0.98004943,455.625,1194.375,0,1.0236622,441.5625,1386.5625,0,1.0315667,422.8125,1447.5,0,0.89442813,forward,145.31028582757435,1
751,25.058366666666668,189.54110145568848,,,,,,,,,,,,,,,,,,,,488.4375,997.5,0,0.98311037,455.625,1194.375,0,1.0234449,441.5625,1386.5625,0,1.034739,422.8125,1447.5,0,0.88385975,forward,141.41702616447117,1
752,25.091733333333334,189.2716884613037,,,,,,,,,,,,,,,,,,,,488.4375,997.5,0,0.98201954,455.625,1194.375,0,1.0158639,441.5625,1386.5625,0,1.0326123,422.8125,1447.5,0,0.88053167,forward,141.41702616447117,1
753,25.1251,188.50207328796387,,,,,,,,,,,,,,,,,,,,488.4375,1002.1875,0,0.9890039,455.625,1194.375,0,1.019933,441.5625,1386.5625,0,1.0304458,422.8125,1447.5,0,0.8773465,forward,138.11584931953766,1
754,25.158466666666666,189.46290016174316,,,,,,,,,,,,,,,,,,,,488.4375,1002.1875,0,0.9886755,455.625,1194.375,0,1.0174434,441.5625,1386.5625,0,1.0303302,422.8125,1452.1875,0,0.87411404,forward,138.11584931953766,1
755,25.191833333333335,189.0432834625244,,,,,,,,,,,,,,,,,,,,488.4375,1006.875,0,0.98324573,450.9375,1199.0625,0,1.0080053,441.5625,1386.5625,0,1.0203365,422.8125,1452.1875,0,0.8736459,forward,134.13045371437852,1
756,25.2252,191.4041042327881,,,,,,,,,,,,,,,,,,,,488.4375,1011.5625,0,0.9834186,450.9375,1199.0625,0,0.9986231,441.5625,1386.5625,0,1.013852,422.8125,1452.1875,0,0.87103355,forward,131.2050560840114,1
757,25.258566666666667,191.4651393890381,,,,,,,,,,,,,,,,,,,,488.4375,1011.5625,0,0.99125016,450.9375,1203.75,0,1.0002596,441.5625,1386.5625,0,1.0144699,422.8125,1452.1875,0,0.8628913,forward,130.75020334520403,1
758,25.291933333333333,193.18604469299316,,,,,,,,,,,,,,,,,,,,488.4375,1016.25,0,0.99915093,446.25,1203.75,0,1.0052173,441.5625,1386.5625,0,1.0264924,422.8125,1452.1875,0,0.85628504,forward,127.82480571483693,1
759,25.325300000000002,192.7940845489502,,,,,,,,,,,,,,,,,,,,488.4375,1020.9375,0,1.0013709,446.25,1208.4375,0,0.9962199,441.5625,1386.5625,0,1.0218226,418.125,1456.875,0,0.85530627,forward,124.82848409556811,1
760,25.358666666666668,192.57712364196777,,,,,,,,,,,,,,,,,,,,488.4375,1020.9375,0,1.011723,446.25,1208.4375,0,1.0063516,441.5625,1386.5625,0,1.025638,418.125,1456.875,0,0.8567255,forward,124.82848409556811,1
761,25.392033333333334,192.46983528137207,,,,,,,,,,,,,,,,,,,,488.4375,1030.3125,0,1.0141263,441.5625,1208.4375,0,1.0074985,441.5625,1386.5625,0,1.028359,418.125,1456.875,0,0.86399066,forward,119.70699017670029,1
762,25.4254,192.78383255004883,,,,,,,,,,,,,,,,,,,,493.125,1030.3125,0,1.0226662,441.5625,1213.125,0,1.0133862,441.5625,1386.5625,0,1.0292718,422.8125,1452.1875,0,0.85449135,forward,119.44241156110687,1
763,25.458766666666666,192.8119659423828,,,,,,,,,,,,,,,,,,,,493.125,1035.0,0,1.0400964,441.5625,1213.125,0,1.0298405,441.5625,1381.875,0,1.0388488,422.8125,1452.1875,0,0.86112106,forward,114.45905215512235,1
764,25.492133333333335,192.5520896911621,,,,,,,,,,,,,,,,,,,,493.125,1039.6875,0,1.0319538,441.5625,1213.125,0,1.0227847,441.5625,1386.5625,0,1.0260842,418.125,1456.875,0,0.875987,forward,114.67671599635517,1
765,25.5255,192.4879550933838,,,,,,,,,,,,,,,,,,,,493.125,1039.6875,0,1.0187278,441.5625,1217.8125,0,1.0153296,441.5625,1386.5625,0,1.0148659,418.125,1456.875,0,0.8665768,forward,114.45905215512235,1
766,25.558866666666667,192.04401969909668,,,,,,,,,,,,,,,,,,,,493.125,1044.375,0,1.0107052,436.875,1217.8125,0,1.0166819,441.5625,1386.5625,0,1.0151877,422.8125,1456.875,0,0.8645396,forward,112.15446017779735,1
767,25.592233333333333,192.0320987701416,,,,,,,,,,,,,,,,,,,,493.125,1049.0625,0,1.004143,436.875,1222.5,0,1.0242331,441.5625,1386.5625,0,1.0200496,422.8125,1456.875,0,0.87005895,forward,109.79188384584458,1
768,25.625600000000002,191.9229030609131,,,,,,,,,,,,,,,,,,,,493.125,1053.75,0,0.9907628,436.875,1222.5,0,1.0203941,441.5625,1386.5625,0,1.0145566,422.8125,1456.875,0,0.8704001,forward,107.61411685700895,1
769,25.658966666666668,192.05498695373535,,,,,,,,,,,,,,,,,,,,493.125,1058.4375,0,0.9986985,432.1875,1222.5,0,1.0246912,441.5625,1386.5625,0,1.0225294,418.125,1452.1875,0,0.8691375,forward,105.541573302925,1
770,25.692333333333334,192.25692749023438,,,,,,,,,,,,,,,,,,,,493.125,1063.125,0,0.97378194,432.1875,1227.1875,0,1.0141077,441.5625,1386.5625,0,1.0107403,418.125,1456.875,0,0.87626374,forward,103.30831988162433,1
771,25.7257,192.34418869018555,,,,,,,,,,,,,,,,,,,,493.125,1067.8125,0,0.96931624,432.1875,1227.1875,0,1.0127552,441.5625,1386.5625,0,1.0124646,418.125,1452.1875,0,0.88086784,forward,101.32469790792354,1
772,25.759066666666666,192.7480697631836,,,,,,,,,,,,,,,,,,,,493.125,1072.5,0,0.9894922,432.1875,1227.1875,0,1.015646,441.5625,1386.5625,0,1.0186744,418.125,1452.1875,0,0.8811128,forward,99.41733321663051,1
773,25.792433333333335,191.07890129089355,,,,,,,,,,,,,,,,,,,,493.125,1077.1875,0,0.9709374,432.1875,1231.875,0,1.0049793,441.5625,1386.5625,0,1.0031433,418.125,1452.1875,0,0.883572,forward,97.29129665963167,1
774,25.8258,193.1300163269043,,,,,,,,,,,,,,,,,,,,493.125,1081.875,0,0.9683421,432.1875,1231.875,0,1.0074235,441.5625,1386.5625,0,1.0078638,418.125,1452.1875,0,0.87661076,forward,95.45011522503565,1
775,25.859166666666667,192.3692226409912,,,,,,,,,,,,,,,,,,,,493.125,1086.5625,0,0.9433261,432.1875,1231.875,0,0.9844562,441.5625,1386.5625,0,0.9891115,418.125,1452.1875,0,0.87675214,forward,93.66694388009468,1
776,25.892533333333333,192.457914352417,,,,,,,,,,,,,,,,,,,,493.125,1086.5625,0,0.9546151,432.1875,1231.875,0,0.9949113,441.5625,1386.5625,0,0.9981617,418.125,1452.1875,0,0.8658358,forward,93.66694388009468,1
777,25.925900000000002,192.07191467285156,,,,,,,,,,,,,,,,,,,,493.125,1091.25,0,0.936535,432.1875,1236.5625,0,0.98402417,441.5625,1386.5625,0,0.9861046,418.125,1452.1875,0,0.8730633,forward,91.63145430677793,1
778,25.959266666666668,191.91622734069824,,,,,,,,,,,,,,,,,,,,493.125,1095.9375,0,0.9574147,432.1875,1231.875,0,0.99582636,441.5625,1386.5625,0,1.0045573,418.125,1452.1875,0,0.8606744,forward,90.24875956769175,1
779,25.992633333333334,191.90716743469238,,,,,,,,,,,,,,,,,,,,488.4375,1095.9375,0,0.9466052,427.5,1231.875,0,0.98161507,441.5625,1386.5625,0,0.9899305,418.125,1452.1875,0,0.8735018,forward,90.24875956769175,1
780,26.026,192.27194786071777,,,,,,,,,,,,,,,,,,,,493.125,1100.625,0,0.94474787,427.5,1231.875,0,0.98144674,441.5625,1386.5625,0,0.9919219,418.125,1452.1875,0,0.8695652,forward,88.60332016751902,1
781,26.059366666666666,192.98195838928223,,,,,,,,,,,,,,,,,,,,493.125,1100.625,0,0.951061,427.5,1231.875,0,0.98709726,441.5625,1386.5625,0,1.0018888,418.125,1452.1875,0,0.8696996,forward,88.60332016751902,1
782,26.092733333333335,193.33410263061523,,,,,,,,,,,,,,,,,,,,493.125,1100.625,0,0.960117,427.5,1236.5625,0,0.99487925,441.5625,1386.5625,0,1.0057391,418.125,1452.1875,0,0.876307,forward,88.213269994375,1
783,26.1261,193.99285316467285,,,,,,,,,,,,,,,,,,,,493.125,1105.3125,0,0.9496687,427.5,1236.5625,0,0.9875442,441.5625,1386.5625,0,0.9996729,418.125,1452.1875,0,0.88449,forward,86.56783059420226,1
784,26.159466666666667,188.26794624328613,,,,,,,,,,,,,,,,,,,,493.125,1105.3125,0,0.95156807,427.5,1241.25,0,0.9889292,441.5625,1386.5625,0,1.0014777,418.125,1452.1875,0,0.8847839,forward,86.2553706921577,1
785,26.192833333333333,187.50476837158203,,,,,,,,,,,,,,,,,,,,493.125,1105.3125,0,0.94549,427.5,1241.25,0,0.9848969,441.5625,1386.5625,0,0.9956789,418.125,1452.1875,0,0.88624704,forward,86.2553706921577,1
786,26.226200000000002,187.35313415527344,,,,,,,,,,,,,,,,,,,,493.125,1105.3125,0,0.9421909,427.5,1241.25,0,0.9839351,441.5625,1386.5625,0,0.99226284,418.125,1452.1875,0,0.8849132,forward,86.2553706921577,1
787,26.259566666666668,187.65497207641602,,,,,,,,,,,,,,,,,,,,493.125,1100.625,0,0.94098634,427.5,1241.25,0,0.9817306,441.5625,1386.5625,0,0.98973465,418.125,1452.1875,0,0.87705004,forward,87.94165093370987,1
788,26.292933333333334,190.37318229675293,,,,,,,,,,,,,,,,,,,,488.4375,1100.625,0,0.9520652,427.5,1236.5625,0,0.98581547,441.5625,1386.5625,0,0.9941859,418.125,1452.1875,0,0.8771074,forward,88.213269994375,1
789,26.3263,192.69704818725586,,,,,,,,,,,,,,,,,,,,488.4375,1095.9375,0,0.9418199,427.5,1236.5625,0,0.977805,441.5625,1386.5625,0,0.98238486,418.125,1452.1875,0,0.8782011,forward,89.89955023592717,1
790,26.359666666666666,190.76013565063477,,,,,,,,,,,,,,,,,,,,493.125,1095.9375,0,0.94889057,432.1875,1236.5625,0,0.9890876,441.5625,1386.5625,0,0.9905161,418.125,1452.1875,0,0.88317364,forward,89.89955023592717,1
791,26.393033333333335,192.3680305480957,,,,,,,,,,,,,,,,,,,,493.125,1091.25,0,0.9782349,427.5,1236.5625,0,1.0010666,441.5625,1386.5625,0,0.9991106,418.125,1452.1875,0,0.8832325,forward,91.63145430677793,1
792,26.4264,189.9709701538086,,,,,,,,,,,,,,,,,,,,493.125,1086.5625,0,0.97623134,432.1875,1231.875,0,1.0046076,441.5625,1386.5625,0,1.002441,418.125,1452.1875,0,0.8892903,forward,93.66694388009468,1
793,26.459766666666667,191.7130947113037,,,,,,,,,,,,,,,,,,,,493.125,1077.1875,0,0.9947568,432.1875,1231.875,0,1.020743,441.5625,1386.5625,0,1.0204395,418.125,1452.1875,0,0.8886206,forward,97.29129665963167,1
794,26.493133333333333,190.21105766296387,,,,,,,,,,,,,,,,,,,,493.125,1067.8125,0,0.98748857,432.1875,1227.1875,0,1.0228972,441.5625,1386.5625,0,1.0212805,418.125,1452.1875,0,0.88687855,forward,101.32469790792354,1
795,26.526500000000002,191.61224365234375,,,,,,,,,,,,,,,,,,,,493.125,1058.4375,0,1.011215,432.1875,1222.5,0,1.0276613,441.5625,1386.5625,0,1.0256145,422.8125,1452.1875,0,0.879691,forward,105.541573302925,1
796,26.559866666666668,189.52012062072754,,,,,,,,,,,,,,,,,,,,493.125,1049.0625,0,1.0120181,432.1875,1222.5,0,1.0280694,441.5625,1386.5625,0,1.0268066,418.125,1452.1875,0,0.8778149,forward,109.79188384584458,1
797,26.593233333333334,191.69211387634277,,,,,,,,,,,,,,,,,,,,493.125,1039.6875,0,1.0100875,432.1875,1217.8125,0,1.0219717,441.5625,1386.5625,0,1.0224371,418.125,1452.1875,0,0.8626006,forward,114.45905215512235,1
798,26.6266,189.49031829833984,,,,,,,,,,,,,,,,,,,,488.4375,1035.0,0,1.0227559,432.1875,1213.125,0,1.0205398,441.5625,1386.5625,0,1.023783,418.125,1452.1875,0,0.8646349,forward,116.98130797368017,1
799,26.659966666666666,191.90287590026855,,,,,,,,,,,,,,,,,,,,493.125,1030.3125,0,1.0406377,436.875,1208.4375,0,1.0257981,441.5625,1386.5625,0,1.0347457,418.125,1452.1875,0,0.8538077,forward,119.70699017670029,1
800,26.693333333333335,189.7130012512207,,,,,,,,,,,,,,,,,,,,488.4375,1025.625,0,1.033678,436.875,1203.75,0,1.0169902,441.5625,1386.5625,0,1.0327005,418.125,1452.1875,0,0.86107457,forward,122.7033117959691,1
801,26.7267,191.93434715270996,,,,,,,,,,,,,,,,,,,,488.4375,1020.9375,0,1.0138326,441.5625,1199.0625,0,1.0102212,436.875,1386.5625,0,1.0204384,418.125,1452.1875,0,0.86054516,forward,126.08356216514356,1
802,26.760066666666667,191.1478042602539,,,,,,,,,,,,,,,,,,,,488.4375,1011.5625,0,1.0188427,441.5625,1194.375,0,1.0174818,436.875,1386.5625,0,1.0262017,418.125,1452.1875,0,0.8588131,forward,132.5300613577294,1
803,26.793433333333333,192.18778610229492,,,,,,,,,,,,,,,,,,,,488.4375,1006.875,0,1.0094969,441.5625,1194.375,0,1.0179297,441.5625,1386.5625,0,1.0246277,422.8125,1452.1875,0,0.85228217,forward,135.19045168917054,1
804,26.826800000000002,191.3928985595703,,,,,,,,,,,,,,,,,,,,488.4375,1006.875,0,1.0051502,446.25,1194.375,0,1.016924,441.5625,1381.875,0,1.0235924,422.8125,1452.1875,0,0.84937596,forward,131.2050560840114,1
805,26.860166666666668,191.0688877105713,,,,,,,,,,,,,,,,,,,,488.4375,1006.875,0,0.9908229,446.25,1194.375,0,1.0079155,441.5625,1386.5625,0,1.0198461,422.8125,1452.1875,0,0.8606236,forward,135.19045168917054,1
806,26.893533333333334,191.10679626464844,,,,,,,,,,,,,,,,,,,,488.4375,1002.1875,0,0.99663824,446.25,1194.375,0,1.0154438,441.5625,1386.5625,0,1.0329949,422.8125,1452.1875,0,0.866714,forward,138.11584931953766,1
807,26.9269,194.7958469390869,,,,,,,,,,,,,,,,,,,,488.4375,1002.1875,0,0.9942434,450.9375,1194.375,0,1.0205352,441.5625,1386.5625,0,1.0341097,422.8125,1452.1875,0,0.8769229,forward,138.11584931953766,1
808,26.960266666666666,193.79210472106934,,,,,,,,,,,,,,,,,,,,488.4375,997.5,0,0.9916253,450.9375,1194.375,0,1.0187364,441.5625,1386.5625,0,1.0315578,422.8125,1447.5,0,0.88236773,forward,141.41702616447117,1
809,26.993633333333335,188.99106979370117,,,,,,,,,,,,,,,,,,,,488.4375,997.5,0,0.9791391,455.625,1194.375,0,1.0156716,441.5625,1386.5625,0,1.0271709,422.8125,1447.5,0,0.8770305,forward,141.41702616447117,1
810,27.027,190.8888816833496,,,,,,,,,,,,,,,,,,,,483.75,997.5,0,0.98031694,455.625,1194.375,0,1.0173473,441.5625,1386.5625,0,1.0289474,422.8125,1447.5,0,0.88878345,forward,141.41702616447117,1
811,27.060366666666667,191.12300872802734,,,,,,,,,,,,,,,,,,,,483.75,997.5,0,0.9862484,455.625,1194.375,0,1.0259811,441.5625,1386.5625,0,1.0349793,422.8125,1447.5,0,0.882439,forward,141.41702616447117,1
812,27.093733333333333,190.88101387023926,,,,,,,,,,,,,,,,,,,,483.75,997.5,0,0.9867444,455.625,1194.375,0,1.0288504,441.5625,1386.5625,0,1.0377408,422.8125,1447.5,0,0.88403755,forward,141.41702616447117,1
813,27.127100000000002,191.18690490722656,,,,,,,,,,,,,,,,,,,,483.75,992.8125,0,0.98450136,455.625,1194.375,0,1.0273614,441.5625,1386.5625,0,1.0332389,422.8125,1452.1875,0,0.89604807,forward,145.31028582757435,1
814,27.160466666666668,191.77508354187012,,,,,,,,,,,,,,,,,,,,483.75,992.8125,0,0.99043524,455.625,1194.375,0,1.0340797,441.5625,1386.5625,0,1.037805,422.8125,1447.5,0,0.8945056,forward,145.31028582757435,1
815,27.193833333333334,192.73996353149414,,,,,,,,,,,,,,,,,,,,483.75,992.8125,0,0.9958154,455.625,1194.375,0,1.0376742,441.5625,1386.5625,0,1.0401313,422.8125,1447.5,0,0.89890754,forward,145.31028582757435,1
816,27.2272,192.58594512939453,,,,,,,,,,,,,,,,,,,,483.75,992.8125,0,0.9938353,455.625,1194.375,0,1.0415846,441.5625,1386.5625,0,1.0375719,422.8125,1447.5,0,0.8883794,forward,145.31028582757435,1
817,27.260566666666666,192.2321319580078,,,,,,,,,,,,,,,,,,,,483.75,992.8125,0,0.9942114,455.625,1194.375,0,1.0380638,441.5625,1391.25,0,1.0336379,422.8125,1452.1875,0,0.90012145,forward,150.47298863545763,1
818,27.293933333333335,192.69776344299316,,,,,,,,,,,,,,,,,,,,483.75,992.8125,0,0.9929253,455.625,1194.375,0,1.039779,436.875,1386.5625,0,1.0346435,422.8125,1447.5,0,0.89301074,forward,145.31028582757435,1
819,27.3273,193.82500648498535,,,,,,,,,,,,,,,,,,,,483.75,992.8125,0,0.9941374,455.625,1194.375,0,1.038238,436.875,1391.25,0,1.0337048,422.8125,1447.5,0,0.89815784,forward,150.47298863545763,1
820,27.360666666666667,192.56210327148438,,,,,,,,,,,,,,,,,,,,483.75,988.125,0,0.9943864,455.625,1194.375,0,1.0403075,436.875,1386.5625,0,1.0359135,422.8125,1447.5,0,0.892276,forward,150.35500364179705,1
821,27.394033333333333,192.93594360351562,,,,,,,,,,,,,,,,,,,,483.75,988.125,0,0.9955288,455.625,1194.375,0,1.041774,436.875,1391.25,0,1.0364709,422.8125,1447.5,0,0.89885104,forward,155.51770644968033,1
822,27.427400000000002,192.58689880371094,,,,,,,,,,,,,,,,,,,,483.75,988.125,0,0.99476963,455.625,1194.375,0,1.0400658,441.5625,1386.5625,0,1.0360382,422.8125,1447.5,0,0.9026953,forward,150.35500364179705,1
823,27.460766666666668,192.66319274902344,,,,,,,,,,,,,,,,,,,,483.75,992.8125,0,0.9981408,455.625,1194.375,0,1.0415045,441.5625,1386.5625,0,1.0396445,422.8125,1447.5,0,0.9046487,forward,145.31028582757435,1
824,27.494133333333334,193.03417205810547,,,,,,,,,,,,,,,,,,,,483.75,988.125,0,0.99734676,455.625,1194.375,0,1.0412099,441.5625,1386.5625,0,1.0430759,422.8125,1447.5,0,0.90188754,forward,150.35500364179705,1
825,27.5275,191.93792343139648,,,,,,,,,,,,,,,,,,,,483.75,992.8125,0,0.9915345,455.625,1194.375,0,1.0329032,441.5625,1386.5625,0,1.0334983,422.8125,1452.1875,0,0.9048146,forward,145.31028582757435,1
826,27.560866666666666,192.65484809875488,,,,,,,,,,,,,,,,,,,,483.75,988.125,0,0.9926863,455.625,1194.375,0,1.0382073,441.5625,1386.5625,0,1.0380205,422.8125,1447.5,0,0.9030243,forward,150.35500364179705,1
827,27.594233333333335,194.31805610656738,,,,,,,,,,,,,,,,,,,,483.75,988.125,0,0.9908691,455.625,1194.375,0,1.0350794,441.5625,1386.5625,0,1.0360506,422.8125,1452.1875,0,0.9068439,forward,150.35500364179705,1
828,27.6276,193.84384155273438,,,,,,,,,,,,,,,,,,,,483.75,988.125,0,0.99038255,455.625,1194.375,0,1.0382987,441.5625,1386.5625,0,1.0377661,422.8125,1447.5,0,0.8978696,forward,150.35500364179705,1
829,27.660966666666667,193.2363510131836,,,,,,,,,,,,,,,,,,,,483.75,988.125,0,0.988727,455.625,1194.375,0,1.0342879,436.875,1386.5625,0,1.0356898,422.8125,1447.5,0,0.9033771,forward,150.35500364179705,1
830,27.694333333333333,193.44091415405273,,,,,,,,,,,,,,,,,,,,483.75,988.125,0,0.99305433,455.625,1194.375,0,1.037102,441.5625,1386.5625,0,1.0375786,422.8125,1447.5,0,0.9076194,forward,150.35500364179705,1
831,27.727700000000002,194.00310516357422,,,,,,,,,,,,,,,,,,,,483.75,992.8125,0,0.9892043,455.625,1194.375,0,1.0312409,441.5625,1386.5625,0,1.0332003,422.8125,1452.1875,0,0.9106381,forward,145.31028582757435,1
832,27.761066666666668,193.47667694091797,,,,,,,,,,,,,,,,,,,,483.75,988.125,0,0.9923988,455.625,1194.375,0,1.0415347,441.5625,1386.5625,0,1.0408545,422.8125,1447.5,0,0.89446986,forward,150.35500364179705,1
833,27.794433333333334,193.41683387756348,,,,,,,,,,,,,,,,,,,,483.75,992.8125,0,0.9899344,455.625,1194.375,0,1.0380218,441.5625,1386.5625,0,1.0383689,422.8125,1447.5,0,0.90255976,forward,145.31028582757435,1
834,27.8278,192.67582893371582,,,,,,,,,,,,,,,,,,,,483.75,988.125,0,0.9923833,455.625,1194.375,0,1.04058,441.5625,1386.5625,0,1.0391787,422.8125,1447.5,0,0.9011072,forward,150.35500364179705,1
835,27.861166666666666,193.403959274292,,,,,,,,,,,,,,,,,,,,483.75,992.8125,0,0.9912151,455.625,1194.375,0,1.0385683,441.5625,1386.5625,0,1.0376935,422.8125,1447.5,0,0.9030869,forward,145.31028582757435,1
836,27.894533333333335,193.07923316955566,,,,,,,,,,,,,,,,,,,,483.75,988.125,0,0.9887936,455.625,1194.375,0,1.0409702,441.5625,1386.5625,0,1.0402784,422.8125,1447.5,0,0.888867,forward,150.35500364179705,1
837,27.9279,193.32385063171387,,,,,,,,,,,,,,,,,,,,483.75,992.8125,0,0.9844147,455.625,1194.375,0,1.0360502,441.5625,1386.5625,0,1.0372009,422.8125,1447.5,0,0.8927082,forward,145.31028582757435,1
838,27.961266666666667,195.39189338684082,,,,,,,,,,,,,,,,,,,,483.75,992.8125,0,0.98271954,455.625,1194.375,0,1.0296068,441.5625,1386.5625,0,1.0334122,422.8125,1447.5,0,0.89642346,forward,145.31028582757435,1
839,27.994633333333333,194.66900825500488,,,,,,,,,,,,,,,,,,,,483.75,992.8125,0,0.9741073,455.625,1194.375,0,1.0170691,441.5625,1386.5625,0,1.0265819,422.8125,1447.5,0,0.896665,forward,145.31028582757435,1
840,28.028000000000002,194.46706771850586,,,,,,,,,,,,,,,,,,,,483.75,992.8125,0,0.97697055,455.625,1189.6875,0,1.0242549,441.5625,1386.5625,0,1.0295544,422.8125,1447.5,0,0.8813367,forward,146.57972897235445,1
841,28.061366666666668,195.4188346862793,,,,,,,,,,,,,,,,,,,,483.75,997.5,0,0.9818188,455.625,1194.375,0,1.0198293,441.5625,1386.5625,0,1.0253005,422.8125,1447.5,0,0.8809173,forward,141.41702616447117,1
842,28.094733333333334,195.8291530609131,,,,,,,,,,,,,,,,,,,,483.75,997.5,0,0.98770684,455.625,1194.375,0,1.0188524,441.5625,1386.5625,0,1.0281407,422.8125,1452.1875,0,0.8886186,forward,141.41702616447117,1
843,28.1281,201.1549472808838,,,,,,,,,,,,,,,,,,,,483.75,1002.1875,0,0.99187315,450.9375,1194.375,0,1.0161304,441.5625,1386.5625,0,1.0257719,422.8125,1452.1875,0,0.884177,forward,138.11584931953766,1
844,28.161466666666666,188.06099891662598,,,,,,,,,,,,,,,,,,,,483.75,1006.875,0,0.9821346,450.9375,1199.0625,0,1.0064938,436.875,1386.5625,0,1.0159494,422.8125,1452.1875,0,0.88360184,forward,134.13045371437852,1
845,28.194833333333335,194.21911239624023,,,,,,,,,,,,,,,,,,,,488.4375,1006.875,0,0.99406254,450.9375,1199.0625,0,1.0092328,441.5625,1386.5625,0,1.017637,422.8125,1452.1875,0,0.866443,forward,134.13045371437852,1
846,28.2282,192.49415397644043,,,,,,,,,,,,,,,,,,,,483.75,1011.5625,0,0.9934092,446.25,1203.75,0,1.0007775,441.5625,1386.5625,0,1.0161933,422.8125,1452.1875,0,0.8738153,forward,130.75020334520403,1
847,28.261566666666667,191.15400314331055,,,,,,,,,,,,,,,,,,,,488.4375,1016.25,0,0.99267316,446.25,1203.75,0,0.9998888,441.5625,1386.5625,0,1.0156724,422.8125,1452.1875,0,0.8638909,forward,127.82480571483693,1
848,28.294933333333333,203.8288116455078,,,,,,,,,,,,,,,,,,,,488.4375,1016.25,0,0.99045455,446.25,1203.75,0,0.99536806,441.5625,1386.5625,0,1.018431,422.8125,1456.875,0,0.86331296,forward,127.82480571483693,1
849,28.328300000000002,190.79208374023438,,,,,,,,,,,,,,,,,,,,488.4375,1020.9375,0,1.0026779,446.25,1203.75,0,1.0015697,441.5625,1386.5625,0,1.0195374,422.8125,1452.1875,0,0.8533739,forward,125.16441538339579,1
850,28.361666666666668,191.8199062347412,,,,,,,,,,,,,,,,,,,,488.4375,1020.9375,0,0.9882334,441.5625,1208.4375,0,0.9901184,441.5625,1386.5625,0,1.0045246,418.125,1456.875,0,0.8620316,forward,124.82848409556811,1
851,28.395033333333334,190.86265563964844,,,,,,,,,,,,,,,,,,,,493.125,1025.625,0,1.0103512,441.5625,1208.4375,0,1.0019999,441.5625,1386.5625,0,1.0149634,418.125,1456.875,0,0.8655114,forward,122.16809376412698,1
852,28.4284,195.16491889953613,,,,,,,,,,,,,,,,,,,,493.125,1030.3125,0,1.015341,441.5625,1208.4375,0,1.0057484,441.5625,1386.5625,0,1.0157874,418.125,1456.875,0,0.86418366,forward,119.70699017670029,1
853,28.461766666666666,191.88809394836426,,,,,,,,,,,,,,,,,,,,493.125,1035.0,0,1.0177937,441.5625,1213.125,0,1.0093646,441.5625,1386.5625,0,1.0153393,422.8125,1456.875,0,0.8668102,forward,116.98130797368017,1
854,28.495133333333335,192.6579475402832,,,,,,,,,,,,,,,,,,,,493.125,1039.6875,0,1.0033574,436.875,1213.125,0,1.0009847,441.5625,1386.5625,0,0.999156,422.8125,1456.875,0,0.87652797,forward,114.67671599635517,1
855,28.5285,195.8920955657959,,,,,,,,,,,,,,,,,,,,493.125,1039.6875,0,0.9854376,436.875,1217.8125,0,0.99711126,441.5625,1386.5625,0,0.9962038,422.8125,1456.875,0,0.8684392,forward,114.45905215512235,1
856,28.561866666666667,190.7479763031006,,,,,,,,,,,,,,,,,,,,493.125,1044.375,0,0.9837667,436.875,1217.8125,0,1.0006325,441.5625,1386.5625,0,0.9987718,422.8125,1456.875,0,0.8761199,forward,112.15446017779735,1
857,28.595233333333333,190.17672538757324,,,,,,,,,,,,,,,,,,,,493.125,1049.0625,0,0.9893694,436.875,1217.8125,0,1.0143486,441.5625,1386.5625,0,1.0108777,422.8125,1452.1875,0,0.86636627,forward,109.97669318896172,1
858,28.628600000000002,192.90494918823242,,,,,,,,,,,,,,,,,,,,493.125,1058.4375,0,0.9840287,436.875,1222.5,0,1.012118,441.5625,1386.5625,0,1.0076791,422.8125,1456.875,0,0.877255,forward,105.541573302925,1
859,28.661966666666668,191.93315505981445,,,,,,,,,,,,,,,,,,,,493.125,1063.125,0,0.9617528,432.1875,1227.1875,0,1.0074804,441.5625,1386.5625,0,0.9980712,418.125,1456.875,0,0.8899712,forward,103.30831988162433,1
860,28.695333333333334,194.1061019897461,,,,,,,,,,,,,,,,,,,,493.125,1063.125,0,0.957666,432.1875,1227.1875,0,1.0052662,441.5625,1386.5625,0,1.00507,422.8125,1456.875,0,0.8828982,forward,103.30831988162433,1
861,28.7287,196.48480415344238,,,,,,,,,,,,,,,,,,,,493.125,1072.5,0,0.96632135,432.1875,1227.1875,0,1.0043921,441.5625,1386.5625,0,1.0061111,418.125,1456.875,0,0.8872381,forward,99.41733321663051,1
862,28.762066666666666,188.6458396911621,,,,,,,,,,,,,,,,,,,,493.125,1072.5,0,0.9623643,432.1875,1231.875,0,1.0041425,441.5625,1386.5625,0,1.0032283,418.125,1456.875,0,0.89463174,forward,99.1986613509247,1
863,28.795433333333335,188.87996673583984,,,,,,,,,,,,,,,,,,,,493.125,1077.1875,0,0.96041554,427.5,1231.875,0,1.0002768,441.5625,1386.5625,0,1.0051309,422.8125,1456.875,0,0.8876573,forward,97.29129665963167,1
864,28.8288,186.65409088134766,,,,,,,,,,,,,,,,,,,,493.125,1081.875,0,0.9585861,427.5,1231.875,0,1.0033673,441.5625,1386.5625,0,1.0026073,422.8125,1452.1875,0,0.88302493,forward,95.45011522503565,1
865,28.862166666666667,186.10477447509766,,,,,,,,,,,,,,,,,,,,493.125,1086.5625,0,0.95864964,427.5,1231.875,0,0.99359834,441.5625,1386.5625,0,0.99795413,418.125,1452.1875,0,0.87953365,forward,93.66694388009468,1
866,28.895533333333333,190.58895111083984,,,,,,,,,,,,,,,,,,,,493.125,1091.25,0,0.9186198,427.5,1231.875,0,0.9707811,441.5625,1386.5625,0,0.96596426,418.125,1456.875,0,0.8608696,forward,91.93503980924392,1
867,28.928900000000002,192.49486923217773,,,,,,,,,,,,,,,,,,,,493.125,1091.25,0,0.93170154,427.5,1231.875,0,0.9823897,441.5625,1386.5625,0,0.9834993,418.125,1452.1875,0,0.8704779,forward,91.93503980924392,1
868,28.962266666666668,191.23196601867676,,,,,,,,,,,,,,,,,,,,493.125,1091.25,0,0.94780093,427.5,1231.875,0,0.99541473,441.5625,1386.5625,0,0.9944854,418.125,1452.1875,0,0.8742322,forward,91.93503980924392,1
869,28.995633333333334,191.27225875854492,,,,,,,,,,,,,,,,,,,,493.125,1095.9375,0,0.95859885,427.5,1231.875,0,0.9980819,441.5625,1386.5625,0,0.99968696,418.125,1452.1875,0,0.8743705,forward,90.24875956769175,1
870,29.029,197.72696495056152,,,,,,,,,,,,,,,,,,,,493.125,1095.9375,0,0.9414866,427.5,1231.875,0,0.9820031,441.5625,1386.5625,0,0.98368216,418.125,1452.1875,0,0.8805841,forward,90.24875956769175,1
871,29.062366666666666,197.53313064575195,,,,,,,,,,,,,,,,,,,,493.125,1095.9375,0,0.949256,427.5,1231.875,0,0.98808134,441.5625,1386.5625,0,0.9940235,418.125,1452.1875,0,0.87806606,forward,90.24875956769175,1
872,29.095733333333335,189.73207473754883,,,,,,,,,,,,,,,,,,,,493.125,1100.625,0,0.94017446,427.5,1231.875,0,0.9818076,441.5625,1386.5625,0,0.9910461,418.125,1452.1875,0,0.8769034,forward,88.60332016751902,1
873,29.1291,191.43176078796387,,,,,,,,,,,,,,,,,,,,493.125,1100.625,0,0.94018555,427.5,1231.875,0,0.98107857,441.5625,1386.5625,0,0.9906553,418.125,1452.1875,0,0.8773334,forward,88.60332016751902,1
874,29.162466666666667,200.67310333251953,,,,,,,,,,,,,,,,,,,,493.125,1100.625,0,0.9497644,427.5,1231.875,0,0.987704,441.5625,1386.5625,0,0.9979513,418.125,1452.1875,0,0.87706244,forward,88.60332016751902,1
875,29.195833333333333,198.18496704101562,,,,,,,,,,,,,,,,,,,,493.125,1100.625,0,0.93672884,427.5,1236.5625,0,0.9761462,441.5625,1386.5625,0,0.9889109,418.125,1452.1875,0,0.87732553,forward,88.213269994375,1
876,29.229200000000002,189.3310546875,,,,,,,,,,,,,,,,,,,,493.125,1100.625,0,0.9502121,427.5,1231.875,0,0.9863732,441.5625,1386.5625,0,0.9965963,418.125,1452.1875,0,0.87601125,forward,88.60332016751902,1
877,29.262566666666668,189.5887851715088,,,,,,,,,,,,,,,,,,,,493.125,1095.9375,0,0.95551205,427.5,1231.875,0,0.9863429,441.5625,1386.5625,0,0.9978716,418.125,1452.1875,0,0.8750781,forward,90.24875956769175,1
878,29.295933333333334,189.54706192016602,,,,,,,,,,,,,,,,,,,,493.125,1095.9375,0,0.9542753,427.5,1236.5625,0,0.98710716,441.5625,1386.5625,0,0.99425554,418.125,1452.1875,0,0.8776103,forward,89.89955023592717,1
879,29.3293,198.78721237182617,,,,,,,,,,,,,,,,,,,,493.125,1091.25,0,0.94234717,427.5,1236.5625,0,0.9845784,441.5625,1386.5625,0,0.9909898,418.125,1452.1875,0,0.8737457,forward,91.63145430677793,1
880,29.362666666666666,195.3108310699463,,,,,,,,,,,,,,,,,,,,493.125,1091.25,0,0.95523745,432.1875,1231.875,0,0.9915701,441.5625,1386.5625,0,0.99724615,418.125,1452.1875,0,0.8793327,forward,91.93503980924392,1
881,29.396033333333335,194.40197944641113,,,,,,,,,,,,,,,,,,,,493.125,1086.5625,0,0.9563229,432.1875,1231.875,0,0.9893705,441.5625,1386.5625,0,0.9952842,418.125,1452.1875,0,0.87960494,forward,93.66694388009468,1
882,29.4294,195.1141357421875,,,,,,,,,,,,,,,,,,,,493.125,1081.875,0,0.96448433,427.5,1231.875,0,1.0010674,441.5625,1386.5625,0,1.0071425,418.125,1452.1875,0,0.8793128,forward,95.45011522503565,1
883,29.462766666666667,194.96488571166992,,,,,,,,,,,,,,,,,,,,493.125,1077.1875,0,0.97482085,427.5,1231.875,0,1.0096855,441.5625,1386.5625,0,1.0100067,418.125,1452.1875,0,0.87694895,forward,97.29129665963167,1
884,29.496133333333333,196.09594345092773,,,,,,,,,,,,,,,,,,,,493.125,1072.5,0,0.97807634,427.5,1231.875,0,1.0170811,441.5625,1386.5625,0,1.0194108,418.125,1452.1875,0,0.87394005,forward,99.1986613509247,1
885,29.529500000000002,195.2500343322754,,,,,,,,,,,,,,,,,,,,493.125,1063.125,0,0.9912255,432.1875,1222.5,0,1.0213646,441.5625,1386.5625,0,1.0214314,418.125,1452.1875,0,0.8800948,forward,103.55795132922421,1
886,29.562866666666668,197.78990745544434,,,,,,,,,,,,,,,,,,,,493.125,1053.75,0,1.0021317,432.1875,1222.5,0,1.0251664,441.5625,1386.5625,0,1.0282699,418.125,1452.1875,0,0.87103105,forward,107.61411685700895,1
887,29.596233333333334,193.84503364562988,,,,,,,,,,,,,,,,,,,,493.125,1049.0625,0,0.9975555,432.1875,1222.5,0,1.0185616,441.5625,1386.5625,0,1.0162609,418.125,1456.875,0,0.87370974,forward,109.79188384584458,1
888,29.6296,187.5741481781006,,,,,,,,,,,,,,,,,,,,493.125,1039.6875,0,1.0071111,432.1875,1213.125,0,1.0183647,441.5625,1386.5625,0,1.0201488,418.125,1456.875,0,0.8638959,forward,114.67671599635517,1
889,29.662966666666666,191.89095497131348,,,,,,,,,,,,,,,,,,,,493.125,1035.0,0,1.0279717,436.875,1208.4375,0,1.0211388,441.5625,1386.5625,0,1.0266442,418.125,1452.1875,0,0.86639977,forward,117.40239819937528,1
890,29.696333333333335,192.32916831970215,,,,,,,,,,,,,,,,,,,,493.125,1030.3125,0,1.0336064,436.875,1208.4375,0,1.0195088,441.5625,1386.5625,0,1.0271764,418.125,1452.1875,0,0.8576064,forward,119.70699017670029,1
891,29.7297,191.7719841003418,,,,,,,,,,,,,,,,,,,,493.125,1025.625,0,1.0227315,436.875,1203.75,0,1.0140461,436.875,1386.5625,0,1.0223451,418.125,1452.1875,0,0.86167735,forward,122.7033117959691,1
892,29.763066666666667,192.14582443237305,,,,,,,,,,,,,,,,,,,,488.4375,1020.9375,0,1.0236971,441.5625,1199.0625,0,1.0148128,436.875,1386.5625,0,1.0249125,422.8125,1452.1875,0,0.85281646,forward,126.08356216514356,1
893,29.796433333333333,192.10314750671387,,,,,,,,,,,,,,,,,,,,488.4375,1016.25,0,1.0141025,441.5625,1194.375,0,1.0070975,441.5625,1386.5625,0,1.0210593,422.8125,1452.1875,0,0.8527968,forward,130.06895777030272,1
894,29.8298,191.697359085083,,,,,,,,,,,,,,,,,,,,488.4375,1011.5625,0,1.0057521,446.25,1194.375,0,1.0121143,441.5625,1381.875,0,1.0223634,422.8125,1452.1875,0,0.84753925,forward,128.54466575257027,1
895,29.863166666666668,190.93084335327148,,,,,,,,,,,,,,,,,,,,488.4375,1006.875,0,0.99633026,446.25,1194.375,0,1.0051897,441.5625,1386.5625,0,1.016161,422.8125,1452.1875,0,0.85739076,forward,135.19045168917054,1
896,29.896533333333334,191.32208824157715,,,,,,,,,,,,,,,,,,,,488.4375,1006.875,0,0.9983988,446.25,1194.375,0,1.014085,441.5625,1386.5625,0,1.0228629,422.8125,1452.1875,0,0.8607127,forward,135.19045168917054,1
897,29.9299,191.55001640319824,,,,,,,,,,,,,,,,,,,,488.4375,1002.1875,0,0.99301195,450.9375,1194.375,0,1.0118834,441.5625,1386.5625,0,1.0213352,422.8125,1452.1875,0,0.87023926,forward,138.11584931953766,1
898,29.963266666666666,191.75410270690918,,,,,,,,,,,,,,,,,,,,488.4375,1002.1875,0,0.9880061,450.9375,1194.375,0,1.0116655,441.5625,1381.875,0,1.0191398,422.8125,1452.1875,0,0.86344075,forward,134.13045371437852,1
899,29.996633333333335,191.1017894744873,,,,,,,,,,,,,,,,,,,,488.4375,1002.1875,0,0.99041176,450.9375,1194.375,0,1.0165323,441.5625,1386.5625,0,1.0290403,422.8125,1447.5,0,0.8708266,forward,138.11584931953766,1
900,30.03,191.07794761657715,,,,,,,,,,,,,,,,,,,,488.4375,1002.1875,0,0.98684895,450.9375,1194.375,0,1.014518,441.5625,1386.5625,0,1.025109,422.8125,1452.1875,0,0.8776021,forward,138.11584931953766,1
901,30.063366666666667,191.6499137878418,,,,,,,,,,,,,,,,,,,,488.4375,997.5,0,0.9768386,455.625,1194.375,0,1.0107069,441.5625,1386.5625,0,1.0248619,422.8125,1452.1875,0,0.89018184,forward,141.41702616447117,1
902,30.096733333333333,193.88699531555176,,,,,,,,,,,,,,,,,,,,488.4375,997.5,0,0.9856156,455.625,1194.375,0,1.0266412,441.5625,1386.5625,0,1.0360279,422.8125,1447.5,0,0.8852241,forward,141.41702616447117,1
903,30.1301,189.1920566558838,,,,,,,,,,,,,,,,,,,,483.75,997.5,0,0.99070436,455.625,1194.375,0,1.0301754,441.5625,1386.5625,0,1.0401738,422.8125,1447.5,0,0.8821949,forward,141.41702616447117,1
904,30.163466666666668,188.9669895172119,,,,,,,,,,,,,,,,,,,,483.75,992.8125,0,0.99234104,455.625,1194.375,0,1.0338008,441.5625,1386.5625,0,1.0378151,422.8125,1447.5,0,0.88093066,forward,145.31028582757435,1
905,30.196833333333334,190.7639503479004,,,,,,,,,,,,,,,,,,,,483.75,992.8125,0,0.99510425,455.625,1194.375,0,1.0338149,436.875,1386.5625,0,1.0412643,422.8125,1452.1875,0,0.8998947,forward,145.31028582757435,1
906,30.2302,191.21932983398438,,,,,,,,,,,,,,,,,,,,483.75,992.8125,0,0.9935543,455.625,1194.375,0,1.0356202,441.5625,1386.5625,0,1.0400755,422.8125,1447.5,0,0.8956084,forward,145.31028582757435,1
907,30.263566666666666,193.51673126220703,,,,,,,,,,,,,,,,,,,,483.75,992.8125,0,0.99767166,455.625,1194.375,0,1.0424516,441.5625,1386.5625,0,1.0401292,422.8125,1447.5,0,0.8988018,forward,145.31028582757435,1
908,30.296933333333335,192.5978660583496,,,,,,,,,,,,,,,,,,,,483.75,992.8125,0,0.9949241,455.625,1194.375,0,1.0409863,436.875,1386.5625,0,1.0394948,422.8125,1452.1875,0,0.89638925,forward,145.31028582757435,1
909,30.3303,192.23713874816895,,,,,,,,,,,,,,,,,,,,479.0625,992.8125,0,0.9912862,455.625,1194.375,0,1.0351729,436.875,1386.5625,0,1.0331827,422.8125,1452.1875,0,0.90150094,forward,145.31028582757435,1
910,30.363666666666667,191.80583953857422,,,,,,,,,,,,,,,,,,,,479.0625,988.125,0,0.99383223,455.625,1194.375,0,1.0396192,436.875,1386.5625,0,1.0378406,422.8125,1452.1875,0,0.90064836,forward,150.35500364179705,1
911,30.397033333333333,192.82007217407227,,,,,,,,,,,,,,,,,,,,479.0625,988.125,0,0.9932998,455.625,1194.375,0,1.0408816,436.875,1386.5625,0,1.0383537,422.8125,1447.5,0,0.89125854,forward,150.35500364179705,1
912,30.4304,192.8257942199707,,,,,,,,,,,,,,,,,,,,479.0625,988.125,0,0.99119645,455.625,1194.375,0,1.0396242,436.875,1386.5625,0,1.0371904,422.8125,1452.1875,0,0.89601016,forward,150.35500364179705,1
913,30.463766666666668,192.1060085296631,,,,,,,,,,,,,,,,,,,,479.0625,988.125,0,0.98844063,455.625,1194.375,0,1.0352268,436.875,1386.5625,0,1.0346724,422.8125,1452.1875,0,0.90332127,forward,150.35500364179705,1
914,30.497133333333334,192.15893745422363,,,,,,,,,,,,,,,,,,,,479.0625,988.125,0,0.98879975,455.625,1194.375,0,1.037432,436.875,1386.5625,0,1.0350194,422.8125,1452.1875,0,0.9011914,forward,150.35500364179705,1
915,30.5305,193.52984428405762,,,,,,,,,,,,,,,,,,,,479.0625,988.125,0,0.99059725,455.625,1194.375,0,1.0398492,436.875,1386.5625,0,1.0358367,422.8125,1447.5,0,0.8944734,forward,150.35500364179705,1
916,30.563866666666666,192.88110733032227,,,,,,,,,,,,,,,,,,,,479.0625,988.125,0,0.98605597,455.625,1189.6875,0,1.0355928,436.875,1386.5625,0,1.0357368,422.8125,1452.1875,0,0.8927492,forward,150.47298863545763,1
917,30.597233333333335,191.8320655822754,,,,,,,,,,,,,,,,,,,,479.0625,988.125,0,0.9851124,450.9375,1194.375,0,1.0330709,436.875,1386.5625,0,1.0355864,422.8125,1452.1875,0,0.8959884,forward,150.35500364179705,1
918,30.6306,191.8950080871582,,,,,,,,,,,,,,,,,,,,479.0625,988.125,0,0.98430026,455.625,1189.6875,0,1.0332751,436.875,1386.5625,0,1.0341101,422.8125,1447.5,0,0.88870174,forward,150.47298863545763,1
919,30.663966666666667,193.7251091003418,,,,,,,,,,,,,,,,,,,,479.0625,988.125,0,0.9877609,455.625,1189.6875,0,1.0374796,436.875,1386.5625,0,1.0338924,422.8125,1447.5,0,0.88397336,forward,150.47298863545763,1
920,30.697333333333333,193.45474243164062,,,,,,,,,,,,,,,,,,,,479.0625,988.125,0,0.9887244,450.9375,1194.375,0,1.0355124,436.875,1386.5625,0,1.0356474,422.8125,1447.5,0,0.89727587,forward,150.35500364179705,1
921,30.7307,192.69299507141113,,,,,,,,,,,,,,,,,,,,479.0625,988.125,0,0.98951626,450.9375,1194.375,0,1.0351217,436.875,1386.5625,0,1.0348573,422.8125,1447.5,0,0.89974606,forward,150.35500364179705,1
922,30.76406666666667,192.58403778076172,,,,,,,,,,,,,,,,,,,,479.0625,988.125,0,0.992365,450.9375,1194.375,0,1.0382056,436.875,1386.5625,0,1.034087,422.8125,1447.5,0,0.8982562,forward,150.35500364179705,1
923,30.797433333333334,192.09814071655273,,,,,,,,,,,,,,,,,,,,483.75,988.125,0,0.9929396,450.9375,1194.375,0,1.0393333,436.875,1386.5625,0,1.0354996,422.8125,1447.5,0,0.8994553,forward,150.35500364179705,1
924,30.8308,192.3520565032959,,,,,,,,,,,,,,,,,,,,479.0625,988.125,0,0.9948238,450.9375,1194.375,0,1.0380204,436.875,1386.5625,0,1.0362086,422.8125,1452.1875,0,0.9052696,forward,150.35500364179705,1
925,30.864166666666666,192.2740936279297,,,,,,,,,,,,,,,,,,,,479.0625,988.125,0,0.9910331,450.9375,1194.375,0,1.0357577,436.875,1386.5625,0,1.034,422.8125,1452.1875,0,0.9086841,forward,150.35500364179705,1
926,30.897533333333335,192.44384765625,,,,,,,,,,,,,,,,,,,,479.0625,988.125,0,0.99078083,450.9375,1194.375,0,1.0393775,436.875,1386.5625,0,1.032306,422.8125,1452.1875,0,0.9023604,forward,150.35500364179705,1
927,30.9309,192.99721717834473,,,,,,,,,,,,,,,,,,,,479.0625,988.125,0,0.9949875,450.9375,1194.375,0,1.0416598,436.875,1386.5625,0,1.0367951,422.8125,1452.1875,0,0.905315,forward,150.35500364179705,1
928,30.964266666666667,197.6311206817627,,,,,,,,,,,,,,,,,,,,483.75,988.125,0,0.99372005,450.9375,1194.375,0,1.0427332,436.875,1386.5625,0,1.0357406,422.8125,1452.1875,0,0.9001152,forward,150.35500364179705,1
929,30.997633333333333,194.57173347473145,,,,,,,,,,,,,,,,,,,,483.75,988.125,0,0.99211264,450.9375,1194.375,0,1.039619,436.875,1386.5625,0,1.0360601,422.8125,1452.1875,0,0.9120045,forward,150.35500364179705,1
930,31.031,194.5669651031494,,,,,,,,,,,,,,,,,,,,483.75,988.125,0,0.99077314,450.9375,1194.375,0,1.0404894,436.875,1386.5625,0,1.0365137,422.8125,1452.1875,0,0.9031195,forward,150.35500364179705,1
931,31.06436666666667,195.06406784057617,,,,,,,,,,,,,,,,,,,,483.75,992.8125,0,0.9861291,450.9375,1194.375,0,1.0311365,436.875,1386.5625,0,1.0304499,422.8125,1452.1875,0,0.91192436,forward,145.31028582757435,1
932,31.097733333333334,195.3587532043457,,,,,,,,,,,,,,,,,,,,483.75,988.125,0,0.9870713,450.9375,1194.375,0,1.0324464,436.875,1386.5625,0,1.0332422,422.8125,1452.1875,0,0.90604496,forward,150.35500364179705,1
933,31.1311,195.2970027923584,,,,,,,,,,,,,,,,,,,,483.75,992.8125,0,0.98881215,450.9375,1199.0625,0,1.028351,436.875,1386.5625,0,1.0320389,422.8125,1452.1875,0,0.91636705,forward,146.36960803663789,1
934,31.164466666666666,194.90385055541992,,,,,,,,,,,,,,,,,,,,483.75,992.8125,0,0.98874736,450.9375,1199.0625,0,1.0266407,436.875,1386.5625,0,1.0339782,422.8125,1452.1875,0,0.90308946,forward,146.36960803663789,1
935,31.197833333333335,194.95296478271484,,,,,,,,,,,,,,,,,,,,483.75,997.5,0,0.97987914,450.9375,1199.0625,0,1.0139215,436.875,1386.5625,0,1.0242746,422.8125,1452.1875,0,0.9062635,forward,141.3248902224152,1
936,31.2312,195.0857639312744,,,,,,,,,,,,,,,,,,,,483.75,992.8125,0,0.9844797,450.9375,1199.0625,0,1.0205103,436.875,1386.5625,0,1.0251118,422.8125,1452.1875,0,0.89226186,forward,146.36960803663789,1
937,31.264566666666667,193.87292861938477,,,,,,,,,,,,,,,,,,,,483.75,997.5,0,0.985257,450.9375,1199.0625,0,1.0162053,436.875,1386.5625,0,1.0237443,422.8125,1452.1875,0,0.9042941,forward,141.3248902224152,1
938,31.297933333333333,197.4630355834961,,,,,,,,,,,,,,,,,,,,483.75,997.5,0,0.98614824,450.9375,1194.375,0,1.0153911,436.875,1386.5625,0,1.0219262,422.8125,1452.1875,0,0.8908791,forward,141.41702616447117,1
939,31.3313,196.29526138305664,,,,,,,,,,,,,,,,,,,,483.75,1002.1875,0,0.9896877,450.9375,1199.0625,0,1.0163708,436.875,1386.5625,0,1.0253196,422.8125,1452.1875,0,0.8932619,forward,137.431630559312,1
940,31.36466666666667,196.519136428833,,,,,,,,,,,,,,,,,,,,483.75,1006.875,0,0.99310315,450.9375,1199.0625,0,1.0129989,436.875,1386.5625,0,1.0214152,422.8125,1452.1875,0,0.8743293,forward,134.13045371437852,1
941,31.398033333333334,194.61512565612793,,,,,,,,,,,,,,,,,,,,483.75,1006.875,0,1.0085377,450.9375,1203.75,0,1.0205041,436.875,1386.5625,0,1.0296268,422.8125,1452.1875,0,0.88177687,forward,134.05138019013754,1
942,31.4314,194.8530673980713,,,,,,,,,,,,,,,,,,,,483.75,1006.875,0,1.0102615,446.25,1199.0625,0,1.0225117,436.875,1386.5625,0,1.0298655,422.8125,1452.1875,0,0.8697197,forward,134.13045371437852,1
943,31.464766666666666,194.85807418823242,,,,,,,,,,,,,,,,,,,,483.75,1011.5625,0,1.0130818,446.25,1203.75,0,1.0202495,436.875,1386.5625,0,1.0293958,422.8125,1452.1875,0,0.8705046,forward,130.75020334520403,1
944,31.498133333333335,195.57690620422363,,,,,,,,,,,,,,,,,,,,483.75,1016.25,0,1.0012041,441.5625,1203.75,0,1.0095618,436.875,1386.5625,0,1.022415,422.8125,1452.1875,0,0.8610816,forward,127.82480571483693,1
945,31.5315,195.00994682312012,,,,,,,,,,,,,,,,,,,,483.75,1020.9375,0,0.9972851,441.5625,1203.75,0,1.0035608,436.875,1386.5625,0,1.0141352,422.8125,1456.875,0,0.865054,forward,125.16441538339579,1
946,31.564866666666667,195.5409049987793,,,,,,,,,,,,,,,,,,,,483.75,1020.9375,0,1.0146611,441.5625,1208.4375,0,1.0165093,436.875,1386.5625,0,1.0286155,422.8125,1452.1875,0,0.8650034,forward,124.82848409556811,1
947,31.598233333333333,194.78869438171387,,,,,,,,,,,,,,,,,,,,483.75,1025.625,0,1.0163537,436.875,1208.4375,0,1.0177758,436.875,1386.5625,0,1.0263859,422.8125,1452.1875,0,0.8656087,forward,122.16809376412698,1
948,31.6316,195.47772407531738,,,,,,,,,,,,,,,,,,,,483.75,1030.3125,0,1.0332825,436.875,1208.4375,0,1.0277016,436.875,1386.5625,0,1.0331467,422.8125,1452.1875,0,0.86370325,forward,119.70699017670029,1
949,31.66496666666667,194.69904899597168,,,,,,,,,,,,,,,,,,,,483.75,1035.0,0,1.0342715,436.875,1213.125,0,1.0255331,436.875,1386.5625,0,1.0283043,422.8125,1452.1875,0,0.8679394,forward,116.98130797368017,1
950,31.698333333333334,195.2042579650879,,,,,,,,,,,,,,,,,,,,483.75,1035.0,0,1.0220039,436.875,1213.125,0,1.0228766,436.875,1386.5625,0,1.0233526,422.8125,1456.875,0,0.87155235,forward,116.98130797368017,1
951,31.7317,195.99413871765137,,,,,,,,,,,,,,,,,,,,479.0625,1039.6875,0,1.0028856,432.1875,1213.125,0,1.0125891,436.875,1386.5625,0,1.0170758,422.8125,1456.875,0,0.8700193,forward,114.67671599635517,1
952,31.765066666666666,195.220947265625,,,,,,,,,,,,,,,,,,,,479.0625,1044.375,0,1.0125465,432.1875,1213.125,0,1.0135381,436.875,1386.5625,0,1.0233798,422.8125,1452.1875,0,0.8588253,forward,112.49894900751954,1
953,31.798433333333335,194.37003135681152,,,,,,,,,,,,,,,,,,,,479.0625,1049.0625,0,0.9932977,432.1875,1217.8125,0,1.0076411,436.875,1386.5625,0,1.009866,422.8125,1456.875,0,0.8734422,forward,109.97669318896172,1
954,31.8318,195.44291496276855,,,,,,,,,,,,,,,,,,,,483.75,1058.4375,0,1.0064547,432.1875,1222.5,0,1.0250902,441.5625,1386.5625,0,1.0224004,422.8125,1452.1875,0,0.8703306,forward,105.541573302925,1
955,31.865166666666667,195.5738067626953,,,,,,,,,,,,,,,,,,,,483.75,1058.4375,0,1.0014755,432.1875,1222.5,0,1.0231613,441.5625,1386.5625,0,1.022139,422.8125,1452.1875,0,0.8769419,forward,105.541573302925,1
956,31.898533333333333,194.77081298828125,,,,,,,,,,,,,,,,,,,,483.75,1067.8125,0,0.99555254,432.1875,1222.5,0,1.0185995,441.5625,1386.5625,0,1.0269673,422.8125,1452.1875,0,0.8750255,forward,101.65058663793118,1
957,31.9319,195.3449249267578,,,,,,,,,,,,,,,,,,,,483.75,1072.5,0,0.9833005,427.5,1222.5,0,1.0084021,441.5625,1386.5625,0,1.0178089,422.8125,1452.1875,0,0.88789016,forward,99.80940520333516,1
958,31.96526666666667,196.2587833404541,,,,,,,,,,,,,,,,,,,,483.75,1077.1875,0,0.98501015,427.5,1227.1875,0,1.0106682,441.5625,1386.5625,0,1.0154226,422.8125,1452.1875,0,0.8872336,forward,97.57615178203449,1
959,31.998633333333334,195.29008865356445,,,,,,,,,,,,,,,,,,,,483.75,1081.875,0,0.953003,427.5,1227.1875,0,0.99099696,441.5625,1386.5625,0,0.98554397,418.125,1452.1875,0,0.87770677,forward,95.79298043709352,1
960,32.032000000000004,195.94192504882812,,,,,,,,,,,,,,,,,,,,483.75,1086.5625,0,0.9532292,427.5,1227.1875,0,0.9917234,441.5625,1386.5625,0,0.9918897,418.125,1452.1875,0,0.8859724,forward,94.06107636624276,1
961,32.06536666666667,196.18511199951172,,,,,,,,,,,,,,,,,,,,483.75,1086.5625,0,0.9673269,427.5,1227.1875,0,1.0002984,441.5625,1386.5625,0,1.0008129,418.125,1452.1875,0,0.88570404,forward,94.06107636624276,1
962,32.098733333333335,196.48218154907227,,,,,,,,,,,,,,,,,,,,483.75,1091.25,0,0.96074474,427.5,1231.875,0,0.9926508,441.5625,1386.5625,0,0.9964682,418.125,1452.1875,0,0.8901417,forward,91.93503980924392,1
963,32.1321,196.13122940063477,,,,,,,,,,,,,,,,,,,,488.4375,1095.9375,0,0.9735019,427.5,1231.875,0,0.9977504,441.5625,1386.5625,0,1.0024915,418.125,1452.1875,0,0.89601684,forward,90.24875956769175,1
964,32.16546666666667,196.08402252197266,,,,,,,,,,,,,,,,,,,,483.75,1095.9375,0,0.94666374,427.5,1231.875,0,0.97729886,441.5625,1386.5625,0,0.9834002,418.125,1452.1875,0,0.88840365,forward,90.24875956769175,1
965,32.19883333333333,197.0350742340088,,,,,,,,,,,,,,,,,,,,483.75,1095.9375,0,0.9664541,427.5,1231.875,0,0.9936609,441.5625,1386.5625,0,1.0017762,418.125,1452.1875,0,0.89572835,forward,90.24875956769175,1
966,32.2322,196.0439682006836,,,,,,,,,,,,,,,,,,,,488.4375,1095.9375,0,0.9530814,427.5,1231.875,0,0.98347163,441.5625,1386.5625,0,0.99340963,418.125,1452.1875,0,0.8909325,forward,90.24875956769175,1
967,32.265566666666665,195.9371566772461,,,,,,,,,,,,,,,,,,,,488.4375,1095.9375,0,0.95053434,427.5,1231.875,0,0.98097086,441.5625,1386.5625,0,0.9892756,418.125,1452.1875,0,0.8899604,forward,90.24875956769175,1
968,32.29893333333333,195.73283195495605,,,,,,,,,,,,,,,,,,,,488.4375,1100.625,0,0.9593904,427.5,1231.875,0,0.9843907,441.5625,1386.5625,0,0.993253,418.125,1452.1875,0,0.893065,forward,88.60332016751902,1
969,32.332300000000004,196.65789604187012,,,,,,,,,,,,,,,,,,,,488.4375,1100.625,0,0.96364754,427.5,1231.875,0,0.9894191,441.5625,1386.5625,0,0.9972968,418.125,1452.1875,0,0.8924036,forward,88.60332016751902,1
970,32.36566666666667,195.79100608825684,,,,,,,,,,,,,,,,,,,,488.4375,1100.625,0,0.9526267,427.5,1231.875,0,0.9830613,441.5625,1386.5625,0,0.987642,418.125,1452.1875,0,0.89067054,forward,88.60332016751902,1
971,32.399033333333335,195.9829330444336,,,,,,,,,,,,,,,,,,,,488.4375,1095.9375,0,0.9599726,427.5,1231.875,0,0.9872694,441.5625,1386.5625,0,0.9948679,418.125,1452.1875,0,0.8857639,forward,90.24875956769175,1
972,32.4324,196.55704498291016,,,,,,,,,,,,,,,,,,,,488.4375,1095.9375,0,0.9575253,427.5,1231.875,0,0.98435074,441.5625,1386.5625,0,0.9904049,418.125,1452.1875,0,0.8898886,forward,90.24875956769175,1
973,32.46576666666667,194.24104690551758,,,,,,,,,,,,,,,,,,,,488.4375,1095.9375,0,0.99393713,427.5,1231.875,0,1.0135286,441.5625,1386.5625,0,1.0165254,418.125,1452.1875,0,0.88954747,forward,90.24875956769175,1
974,32.49913333333333,190.18006324768066,,,,,,,,,,,,,,,,,,,,483.75,1091.25,0,0.9639169,427.5,1231.875,0,0.994704,441.5625,1386.5625,0,0.9904179,418.125,1452.1875,0,0.8829907,forward,91.93503980924392,1
975,32.5325,189.27621841430664,,,,,,,,,,,,,,,,,,,,488.4375,1086.5625,0,0.9717016,427.5,1231.875,0,1.000669,441.5625,1386.5625,0,1.000122,418.125,1452.1875,0,0.8822969,forward,93.66694388009468,1
976,32.565866666666665,191.1149024963379,,,,,,,,,,,,,,,,,,,,488.4375,1077.1875,0,0.96954226,427.5,1227.1875,0,1.0028038,441.5625,1386.5625,0,1.0020864,418.125,1452.1875,0,0.88463956,forward,97.57615178203449,1
977,32.59923333333333,193.0701732635498,,,,,,,,,,,,,,,,,,,,488.4375,1077.1875,0,1.0027679,427.5,1227.1875,0,1.0223329,441.5625,1386.5625,0,1.0274794,422.8125,1452.1875,0,0.8782887,forward,97.57615178203449,1
978,32.632600000000004,192.91090965270996,,,,,,,,,,,,,,,,,,,,488.4375,1067.8125,0,0.99790484,427.5,1222.5,0,1.0191137,441.5625,1386.5625,0,1.0177095,418.125,1452.1875,0,0.88721305,forward,101.65058663793118,1
979,32.66596666666667,192.9018497467041,,,,,,,,,,,,,,,,,,,,488.4375,1058.4375,0,0.9948089,427.5,1222.5,0,1.0192679,441.5625,1386.5625,0,1.0092793,418.125,1456.875,0,0.88211405,forward,105.541573302925,1
980,32.699333333333335,202.69083976745605,,,,,,,,,,,,,,,,,,,,488.4375,1049.0625,0,0.99677515,427.5,1217.8125,0,1.0144696,441.5625,1386.5625,0,1.0081404,418.125,1456.875,0,0.8748697,forward,109.97669318896172,1
981,32.7327,196.20299339294434,,,,,,,,,,,,,,,,,,,,488.4375,1039.6875,0,1.0156136,432.1875,1213.125,0,1.0216484,441.5625,1386.5625,0,1.024043,418.125,1452.1875,0,0.85112613,forward,114.67671599635517,1
982,32.76606666666667,195.26195526123047,,,,,,,,,,,,,,,,,,,,488.4375,1035.0,0,1.0092185,432.1875,1208.4375,0,1.017343,436.875,1386.5625,0,1.0163796,418.125,1452.1875,0,0.8557206,forward,117.40239819937528,1
983,32.79943333333333,195.21784782409668,,,,,,,,,,,,,,,,,,,,483.75,1030.3125,0,1.0283022,432.1875,1208.4375,0,1.0223303,436.875,1386.5625,0,1.0245881,418.125,1452.1875,0,0.8536415,forward,119.70699017670029,1
984,32.8328,194.87404823303223,,,,,,,,,,,,,,,,,,,,483.75,1025.625,0,1.0180936,432.1875,1203.75,0,1.0148696,436.875,1386.5625,0,1.024838,418.125,1452.1875,0,0.8549354,forward,122.7033117959691,1
985,32.866166666666665,196.35820388793945,,,,,,,,,,,,,,,,,,,,483.75,1020.9375,0,1.0330917,436.875,1199.0625,0,1.0232214,436.875,1386.5625,0,1.0313345,422.8125,1452.1875,0,0.84491277,forward,126.08356216514356,1
986,32.89953333333333,196.59996032714844,,,,,,,,,,,,,,,,,,,,483.75,1016.25,0,1.018387,436.875,1199.0625,0,1.0142744,436.875,1386.5625,0,1.0263383,422.8125,1452.1875,0,0.8506325,forward,128.54466575257027,1
987,32.932900000000004,196.14195823669434,,,,,,,,,,,,,,,,,,,,483.75,1011.5625,0,1.0131555,441.5625,1194.375,0,1.0183668,436.875,1386.5625,0,1.0244001,422.8125,1452.1875,0,0.8492478,forward,132.5300613577294,1
988,32.96626666666667,196.05088233947754,,,,,,,,,,,,,,,,,,,,483.75,1006.875,0,1.0055754,441.5625,1194.375,0,1.0145055,436.875,1386.5625,0,1.0256401,422.8125,1452.1875,0,0.8579763,forward,135.19045168917054,1
989,32.999633333333335,196.120023727417,,,,,,,,,,,,,,,,,,,,483.75,1006.875,0,1.0057001,441.5625,1194.375,0,1.0173652,436.875,1386.5625,0,1.0276937,422.8125,1452.1875,0,0.8641118,forward,135.19045168917054,1
990,33.033,197.82710075378418,,,,,,,,,,,,,,,,,,,,483.75,1002.1875,0,1.0031948,446.25,1194.375,0,1.0233169,436.875,1381.875,0,1.0356424,422.8125,1452.1875,0,0.8676915,forward,134.13045371437852,1
991,33.06636666666667,197.9379653930664,,,,,,,,,,,,,,,,,,,,483.75,1002.1875,0,0.9838675,446.25,1194.375,0,1.0061715,436.875,1386.5625,0,1.0251285,422.8125,1452.1875,0,0.8832884,forward,138.11584931953766,1
992,33.09973333333333,196.07019424438477,,,,,,,,,,,,,,,,,,,,483.75,997.5,0,0.98529565,446.25,1194.375,0,1.0116918,436.875,1386.5625,0,1.025403,422.8125,1452.1875,0,0.87656355,forward,141.41702616447117,1
993,33.1331,199.5680332183838,,,,,,,,,,,,,,,,,,,,483.75,997.5,0,0.9833803,446.25,1194.375,0,1.0105544,436.875,1386.5625,0,1.0255566,422.8125,1452.1875,0,0.8790443,forward,141.41702616447117,1
994,33.166466666666665,196.2299346923828,,,,,,,,,,,,,,,,,,,,483.75,997.5,0,0.9875669,450.9375,1194.375,0,1.017441,436.875,1386.5625,0,1.0290636,422.8125,1447.5,0,0.8755452,forward,141.41702616447117,1
995,33.19983333333333,189.1191005706787,,,,,,,,,,,,,,,,,,,,483.75,997.5,0,0.9896485,450.9375,1194.375,0,1.0235183,436.875,1386.5625,0,1.0314908,422.8125,1447.5,0,0.87730634,forward,141.41702616447117,1
996,33.233200000000004,187.34002113342285,,,,,,,,,,,,,,,,,,,,483.75,992.8125,0,0.99625635,450.9375,1194.375,0,1.0334544,436.875,1386.5625,0,1.0400863,422.8125,1447.5,0,0.886762,forward,145.31028582757435,1
997,33.26656666666667,190.84787368774414,,,,,,,,,,,,,,,,,,,,483.75,992.8125,0,0.99232805,450.9375,1194.375,0,1.0330052,436.875,1386.5625,0,1.0359187,422.8125,1447.5,0,0.88904667,forward,145.31028582757435,1
998,33.299933333333335,190.93012809753418,,,,,,,,,,,,,,,,,,,,483.75,992.8125,0,0.99445325,450.9375,1194.375,0,1.0361798,441.5625,1386.5625,0,1.0344002,422.8125,1447.5,0,0.8816587,forward,145.31028582757435,1
999,33.3333,192.22211837768555,,,,,,,,,,,,,,,,,,,,483.75,992.8125,0,0.9945681,450.9375,1194.375,0,1.0377214,436.875,1386.5625,0,1.0355144,422.8125,1452.1875,0,0.8892105,forward,145.31028582757435,1
1000,33.36666666666667,192.54803657531738,,,,,,,,,,,,,,,,,,,,479.0625,992.8125,0,0.9934915,450.9375,1194.375,0,1.0386997,436.875,1386.5625,0,1.0345285,422.8125,1452.1875,0,0.8952019,forward,145.31028582757435,1
1001,33.40003333333333,193.1920051574707,,,,,,,,,,,,,,,,,,,,479.0625,992.8125,0,0.9903655,450.9375,1194.375,0,1.0347772,436.875,1386.5625,0,1.0334505,422.8125,1452.1875,0,0.89335096,forward,145.31028582757435,1
1002,33.4334,192.58713722229004,,,,,,,,,,,,,,,,,,,,479.0625,988.125,0,0.993726,450.9375,1194.375,0,1.0365996,436.875,1386.5625,0,1.0344709,422.8125,1447.5,0,0.89342415,forward,150.35500364179705,1
1003,33.466766666666665,192.3220157623291,,,,,,,,,,,,,,,,,,,,479.0625,988.125,0,0.9923525,450.9375,1194.375,0,1.0358009,436.875,1386.5625,0,1.0351421,422.8125,1447.5,0,0.8937595,forward,150.35500364179705,1
1004,33.50013333333333,202.45718955993652,,,,,,,,,,,,,,,,,,,,479.0625,988.125,0,0.99552697,450.9375,1194.375,0,1.0385661,436.875,1386.5625,0,1.0363712,422.8125,1452.1875,0,0.8991495,forward,150.35500364179705,1
1005,33.533500000000004,195.89805603027344,,,,,,,,,,,,,,,,,,,,479.0625,988.125,0,0.9938934,450.9375,1194.375,0,1.038562,436.875,1386.5625,0,1.0369322,422.8125,1447.5,0,0.89445937,forward,150.35500364179705,1
1006,33.56686666666667,196.14720344543457,,,,,,,,,,,,,,,,,,,,479.0625,988.125,0,0.9935,450.9375,1194.375,0,1.0385923,436.875,1386.5625,0,1.0350174,422.8125,1447.5,0,0.8871094,forward,150.35500364179705,1
1007,33.600233333333335,195.389986038208,,,,,,,,,,,,,,,,,,,,479.0625,988.125,0,0.995353,450.9375,1194.375,0,1.0373185,436.875,1386.5625,0,1.0379506,422.8125,1447.5,0,0.8983294,forward,150.35500364179705,1
1008,33.6336,196.09808921813965,,,,,,,,,,,,,,,,,,,,479.0625,988.125,0,0.99536383,450.9375,1194.375,0,1.0372984,436.875,1386.5625,0,1.0364883,422.8125,1447.5,0,0.90221477,forward,150.35500364179705,1
1009,33.66696666666667,195.6498622894287,,,,,,,,,,,,,,,,,,,,479.0625,988.125,0,0.9955325,455.625,1194.375,0,1.0394261,436.875,1386.5625,0,1.0372183,422.8125,1447.5,0,0.8974124,forward,150.35500364179705,1
1010,33.70033333333333,196.19011878967285,,,,,,,,,,,,,,,,,,,,479.0625,988.125,0,0.99982154,450.9375,1194.375,0,1.042155,436.875,1386.5625,0,1.0394373,422.8125,1447.5,0,0.89381623,forward,150.35500364179705,1
1011,33.7337,196.49410247802734,,,,,,,,,,,,,,,,,,,,479.0625,988.125,0,0.99934506,450.9375,1194.375,0,1.0380809,436.875,1386.5625,0,1.0393734,422.8125,1447.5,0,0.9006396,forward,150.35500364179705,1
1012,33.767066666666665,196.06781005859375,,,,,,,,,,,,,,,,,,,,479.0625,988.125,0,0.99510396,450.9375,1194.375,0,1.0344896,436.875,1391.25,0,1.036284,422.8125,1452.1875,0,0.90277183,forward,155.51770644968033,1
1013,33.80043333333333,196.3520050048828,,,,,,,,,,,,,,,,,,,,479.0625,988.125,0,0.99775743,450.9375,1194.375,0,1.0359174,436.875,1391.25,0,1.0383332,422.8125,1452.1875,0,0.9064605,forward,155.51770644968033,1
1014,33.833800000000004,196.88010215759277,,,,,,,,,,,,,,,,,,,,483.75,988.125,0,1.0010748,450.9375,1194.375,0,1.0426809,436.875,1386.5625,0,1.0382262,422.8125,1447.5,0,0.888709,forward,150.35500364179705,1
1015,33.86716666666667,196.0129737854004,,,,,,,,,,,,,,,,,,,,483.75,988.125,0,1.0005146,455.625,1194.375,0,1.0427208,436.875,1386.5625,0,1.0349436,422.8125,1447.5,0,0.8900384,forward,150.35500364179705,1
1016,33.900533333333335,195.1439380645752,,,,,,,,,,,,,,,,,,,,479.0625,992.8125,0,0.9937009,450.9375,1194.375,0,1.0339787,436.875,1391.25,0,1.0288366,422.8125,1452.1875,0,0.90178204,forward,150.47298863545763,1
1017,33.9339,195.8479881286621,,,,,,,,,,,,,,,,,,,,483.75,992.8125,0,0.99370307,450.9375,1194.375,0,1.0351882,436.875,1391.25,0,1.0302982,422.8125,1452.1875,0,0.89967483,forward,150.47298863545763,1
1018,33.96726666666667,195.59502601623535,,,,,,,,,,,,,,,,,,,,483.75,988.125,0,0.99098784,455.625,1194.375,0,1.0346491,436.875,1391.25,0,1.0296764,422.8125,1452.1875,0,0.898052,forward,155.51770644968033,1
1019,34.00063333333333,196.1510181427002,,,,,,,,,,,,,,,,,,,,483.75,988.125,0,0.99514556,455.625,1194.375,0,1.0407248,436.875,1386.5625,0,1.0342436,422.8125,1447.5,0,0.8931668,forward,150.35500364179705,1
1020,34.034,196.14315032958984,,,,,,,,,,,,,,,,,,,,483.75,992.8125,0,0.9896459,455.625,1194.375,0,1.0348101,436.875,1386.5625,0,1.0306116,422.8125,1452.1875,0,0.8987744,forward,145.31028582757435,1
1021,34.067366666666665,195.695161819458,,,,,,,,,,,,,,,,,,,,483.75,992.8125,0,0.9928653,455.625,1194.375,0,1.0351775,436.875,1386.5625,0,1.0303838,422.8125,1452.1875,0,0.9013041,forward,145.31028582757435,1
1022,34.10073333333333,195.8601474761963,,,,,,,,,,,,,,,,,,,,483.75,992.8125,0,0.98699605,455.625,1194.375,0,1.0298016,436.875,1386.5625,0,1.030962,422.8125,1452.1875,0,0.90126264,forward,145.31028582757435,1
1023,34.134100000000004,195.2650547027588,,,,,,,,,,,,,,,,,,,,483.75,988.125,0,0.9856043,455.625,1189.6875,0,1.0310631,441.5625,1386.5625,0,1.030405,422.8125,1447.5,0,0.8932018,forward,150.47298863545763,1
1024,34.16746666666667,195.2970027923584,,,,,,,,,,,,,,,,,,,,483.75,988.125,0,0.97837925,455.625,1189.6875,0,1.026591,441.5625,1386.5625,0,1.0223136,422.8125,1447.5,0,0.88590556,forward,150.47298863545763,1
1025,34.200833333333335,195.267915725708,,,,,,,,,,,,,,,,,,,,483.75,992.8125,0,0.9744185,455.625,1194.375,0,1.0157583,441.5625,1386.5625,0,1.0193944,422.8125,1452.1875,0,0.8956937,forward,145.31028582757435,1
1026,34.2342,195.4491138458252,,,,,,,,,,,,,,,,,,,,488.4375,992.8125,0,0.9824098,455.625,1194.375,0,1.020006,441.5625,1386.5625,0,1.0234722,422.8125,1452.1875,0,0.8860835,forward,145.31028582757435,1
1027,34.26756666666667,195.61123847961426,,,,,,,,,,,,,,,,,,,,488.4375,997.5,0,0.9703223,450.9375,1194.375,0,1.0068059,441.5625,1386.5625,0,1.0079224,422.8125,1447.5,0,0.88237464,forward,141.41702616447117,1
1028,34.30093333333333,195.465087890625,,,,,,,,,,,,,,,,,,,,488.4375,997.5,0,0.97863495,450.9375,1199.0625,0,1.0103899,441.5625,1386.5625,0,1.0128095,422.8125,1447.5,0,0.87822837,forward,141.3248902224152,1
1029,34.3343,196.47502899169922,,,,,,,,,,,,,,,,,,,,488.4375,1002.1875,0,0.97181195,450.9375,1199.0625,0,1.00048,441.5625,1386.5625,0,1.0095642,422.8125,1452.1875,0,0.8756965,forward,137.431630559312,1
1030,34.367666666666665,196.3179111480713,,,,,,,,,,,,,,,,,,,,488.4375,1002.1875,0,0.9818933,450.9375,1194.375,0,1.0048628,441.5625,1386.5625,0,1.009368,422.8125,1452.1875,0,0.8739289,forward,138.11584931953766,1
1031,34.40103333333333,196.38609886169434,,,,,,,,,,,,,,,,,,,,488.4375,1006.875,0,0.9766224,450.9375,1199.0625,0,0.9985984,441.5625,1386.5625,0,1.006825,422.8125,1452.1875,0,0.865756,forward,134.13045371437852,1
1032,34.434400000000004,196.3512897491455,,,,,,,,,,,,,,,,,,,,488.4375,1006.875,0,0.9836785,446.25,1199.0625,0,0.9979609,441.5625,1386.5625,0,1.007063,422.8125,1452.1875,0,0.8628773,forward,134.13045371437852,1
1033,34.46776666666667,195.7111358642578,,,,,,,,,,,,,,,,,,,,488.4375,1011.5625,0,0.9841145,446.25,1199.0625,0,0.99569964,441.5625,1386.5625,0,1.008556,418.125,1452.1875,0,0.8598093,forward,131.2050560840114,1
1034,34.501133333333335,197.09110260009766,,,,,,,,,,,,,,,,,,,,488.4375,1016.25,0,0.9861937,446.25,1203.75,0,0.9919784,436.875,1386.5625,0,1.0068947,418.125,1456.875,0,0.85808635,forward,127.82480571483693,1
1035,34.5345,195.09029388427734,,,,,,,,,,,,,,,,,,,,488.4375,1016.25,0,0.99254525,446.25,1203.75,0,0.9933977,436.875,1386.5625,0,1.0086665,418.125,1452.1875,0,0.847394,forward,127.82480571483693,1
1036,34.56786666666667,195.7840919494629,,,,,,,,,,,,,,,,,,,,488.4375,1025.625,0,0.9910766,441.5625,1208.4375,0,0.9895982,436.875,1386.5625,0,1.002969,418.125,1456.875,0,0.8601764,forward,122.16809376412698,1
1037,34.60123333333333,196.14911079406738,,,,,,,,,,,,,,,,,,,,488.4375,1025.625,0,0.9967501,441.5625,1208.4375,0,0.99747235,436.875,1386.5625,0,1.0057206,418.125,1456.875,0,0.8703328,forward,122.16809376412698,1
1038,34.6346,196.60592079162598,,,,,,,,,,,,,,,,,,,,488.4375,1030.3125,0,1.0125952,441.5625,1208.4375,0,1.0082543,436.875,1386.5625,0,1.0117478,418.125,1452.1875,0,0.8627868,forward,119.70699017670029,1
1039,34.667966666666665,195.92905044555664,,,,,,,,,,,,,,,,,,,,488.4375,1035.0,0,1.0089166,436.875,1213.125,0,1.0093126,436.875,1386.5625,0,1.0100887,418.125,1452.1875,0,0.86386275,forward,116.98130797368017,1
1040,34.70133333333333,196.03681564331055,,,,,,,,,,,,,,,,,,,,488.4375,1039.6875,0,0.9995697,436.875,1213.125,0,1.0033019,436.875,1386.5625,0,1.0014224,418.125,1456.875,0,0.87150615,forward,114.67671599635517,1
1041,34.734700000000004,195.8639621734619,,,,,,,,,,,,,,,,,,,,488.4375,1044.375,0,0.99649143,432.1875,1217.8125,0,1.0040569,441.5625,1386.5625,0,1.0008769,418.125,1456.875,0,0.87648094,forward,112.15446017779735,1
1042,34.76806666666667,196.76804542541504,,,,,,,,,,,,,,,,,,,,493.125,1049.0625,0,0.98897386,432.1875,1217.8125,0,1.0104921,441.5625,1386.5625,0,1.0046372,418.125,1456.875,0,0.8718608,forward,109.97669318896172,1
1043,34.801433333333335,195.76311111450195,,,,,,,,,,,,,,,,,,,,488.4375,1053.75,0,0.98514324,432.1875,1222.5,0,1.0122421,441.5625,1386.5625,0,1.0063802,422.8125,1452.1875,0,0.8702334,forward,107.61411685700895,1
1044,34.8348,190.2449131011963,,,,,,,,,,,,,,,,,,,,488.4375,1053.75,0,0.974431,432.1875,1222.5,0,1.0073413,441.5625,1386.5625,0,1.0045573,422.8125,1452.1875,0,0.8751632,forward,107.61411685700895,1
1045,34.86816666666667,191.5740966796875,,,,,,,,,,,,,,,,,,,,488.4375,1058.4375,0,0.9689094,427.5,1222.5,0,1.0108851,441.5625,1386.5625,0,1.0064965,422.8125,1456.875,0,0.88653886,forward,105.541573302925,1
1046,34.90153333333333,189.5740032196045,,,,,,,,,,,,,,,,,,,,488.4375,1063.125,0,0.96646863,427.5,1222.5,0,1.0122759,441.5625,1386.5625,0,1.0119033,422.8125,1452.1875,0,0.8871734,forward,103.55795132922421,1
1047,34.9349,192.65294075012207,,,,,,,,,,,,,,,,,,,,488.4375,1072.5,0,0.9783155,427.5,1222.5,0,1.0152947,441.5625,1386.5625,0,1.0122759,422.8125,1452.1875,0,0.890517,forward,99.80940520333516,1
1048,34.968266666666665,190.0782585144043,,,,,,,,,,,,,,,,,,,,493.125,1077.1875,0,0.9761497,427.5,1227.1875,0,1.0154004,441.5625,1386.5625,0,1.0133657,418.125,1452.1875,0,0.88525206,forward,97.57615178203449,1
1049,35.00163333333333,192.86489486694336,,,,,,,,,,,,,,,,,,,,488.4375,1077.1875,0,0.9458765,427.5,1227.1875,0,0.9948154,441.5625,1386.5625,0,0.991246,418.125,1452.1875,0,0.88669616,forward,97.57615178203449,1
1050,35.035000000000004,189.50867652893066,,,,,,,,,,,,,,,,,,,,488.4375,1086.5625,0,0.9510827,427.5,1227.1875,0,0.9919388,441.5625,1386.5625,0,0.9920068,418.125,1452.1875,0,0.88455415,forward,94.06107636624276,1
1051,35.06836666666667,192.45100021362305,,,,,,,,,,,,,,,,,,,,488.4375,1086.5625,0,0.951826,427.5,1231.875,0,0.99217534,441.5625,1386.5625,0,0.98927283,418.125,1452.1875,0,0.8853092,forward,93.66694388009468,1
1052,35.101733333333335,189.78214263916016,,,,,,,,,,,,,,,,,,,,488.4375,1091.25,0,0.96732134,427.5,1227.1875,0,0.9983269,441.5625,1386.5625,0,1.0043076,418.125,1452.1875,0,0.8836908,forward,92.37479612469059,1
1053,35.1351,191.80917739868164,,,,,,,,,,,,,,,,,,,,488.4375,1095.9375,0,0.9437543,427.5,1231.875,0,0.9819404,441.5625,1386.5625,0,0.98271894,418.125,1452.1875,0,0.8825988,forward,90.24875956769175,1
1054,35.16846666666667,189.67700004577637,,,,,,,,,,,,,,,,,,,,488.4375,1095.9375,0,0.9403835,422.8125,1231.875,0,0.9778403,441.5625,1386.5625,0,0.9852687,418.125,1452.1875,0,0.88132143,forward,90.24875956769175,1
1055,35.20183333333333,191.93315505981445,,,,,,,,,,,,,,,,,,,,488.4375,1100.625,0,0.95880544,422.8125,1231.875,0,0.98382485,441.5625,1386.5625,0,0.9970762,418.125,1452.1875,0,0.88876355,forward,88.60332016751902,1
1056,35.2352,192.9459571838379,,,,,,,,,,,,,,,,,,,,488.4375,1100.625,0,0.9764725,422.8125,1231.875,0,0.9959636,441.5625,1381.875,0,1.0092444,418.125,1452.1875,0,0.8897327,forward,86.56783059420226,1
1057,35.268566666666665,192.4569606781006,,,,,,,,,,,,,,,,,,,,488.4375,1100.625,0,0.9572402,422.8125,1231.875,0,0.98278964,441.5625,1386.5625,0,0.996052,418.125,1452.1875,0,0.8905582,forward,88.60332016751902,1
1058,35.30193333333333,190.08994102478027,,,,,,,,,,,,,,,,,,,,488.4375,1105.3125,0,0.94698566,422.8125,1231.875,0,0.9762361,441.5625,1386.5625,0,0.9877293,418.125,1452.1875,0,0.8887352,forward,86.99462273957992,1
1059,35.335300000000004,192.5051212310791,,,,,,,,,,,,,,,,,,,,488.4375,1105.3125,0,0.94050276,422.8125,1231.875,0,0.97184247,441.5625,1386.5625,0,0.9810253,418.125,1452.1875,0,0.8807552,forward,86.99462273957992,1
1060,35.36866666666667,189.7451877593994,,,,,,,,,,,,,,,,,,,,488.4375,1105.3125,0,0.9645171,422.8125,1231.875,0,0.9909514,441.5625,1386.5625,0,1.0023406,418.125,1452.1875,0,0.88765925,forward,86.99462273957992,1
1061,35.402033333333335,192.94095039367676,,,,,,,,,,,,,,,,,,,,488.4375,1105.3125,0,0.95146924,427.5,1231.875,0,0.97979796,441.5625,1386.5625,0,0.99357116,418.125,1452.1875,0,0.88997847,forward,86.99462273957992,1
1062,35.4354,189.83912467956543,,,,,,,,,,,,,,,,,,,,488.4375,1105.3125,0,0.9614378,427.5,1231.875,0,0.9862344,441.5625,1386.5625,0,1.0019487,418.125,1452.1875,0,0.88719475,forward,86.99462273957992,1
1063,35.46876666666667,192.9478645324707,,,,,,,,,,,,,,,,,,,,488.4375,1100.625,0,0.9544333,427.5,1231.875,0,0.97916114,441.5625,1386.5625,0,0.99370384,418.125,1452.1875,0,0.88485193,forward,88.60332016751902,1
1064,35.50213333333333,191.2829875946045,,,,,,,,,,,,,,,,,,,,488.4375,1100.625,0,0.9641223,427.5,1227.1875,0,0.9893529,441.5625,1386.5625,0,1.0057685,418.125,1452.1875,0,0.8818303,forward,89.12065929657876,1
1065,35.5355,191.06817245483398,,,,,,,,,,,,,,,,,,,,488.4375,1100.625,0,0.9426749,427.5,1231.875,0,0.9750912,441.5625,1386.5625,0,0.97590697,418.125,1452.1875,0,0.8783182,forward,88.60332016751902,1
1066,35.568866666666665,192.4281120300293,,,,,,,,,,,,,,,,,,,,488.4375,1095.9375,0,0.95787036,427.5,1231.875,0,0.98199373,441.5625,1386.5625,0,0.98817754,418.125,1452.1875,0,0.8839878,forward,90.24875956769175,1
1067,35.60223333333333,191.76387786865234,,,,,,,,,,,,,,,,,,,,488.4375,1091.25,0,0.9504173,427.5,1227.1875,0,0.97922903,441.5625,1386.5625,0,0.9812504,418.125,1452.1875,0,0.886922,forward,92.37479612469059,1
1068,35.635600000000004,191.67709350585938,,,,,,,,,,,,,,,,,,,,488.4375,1086.5625,0,0.96048665,427.5,1227.1875,0,0.9920013,441.5625,1386.5625,0,0.9985427,418.125,1452.1875,0,0.89704365,forward,94.06107636624276,1
1069,35.66896666666667,191.48612022399902,,,,,,,,,,,,,,,,,,,,488.4375,1077.1875,0,0.9555272,427.5,1227.1875,0,0.99830014,441.5625,1386.5625,0,0.9952981,418.125,1452.1875,0,0.8912825,forward,97.57615178203449,1
1070,35.702333333333335,191.8649673461914,,,,,,,,,,,,,,,,,,,,483.75,1072.5,0,0.9457069,427.5,1222.5,0,0.9908512,441.5625,1386.5625,0,0.989624,418.125,1452.1875,0,0.894287,forward,99.80940520333516,1
1071,35.7357,191.37907028198242,,,,,,,,,,,,,,,,,,,,488.4375,1067.8125,0,0.95441175,427.5,1222.5,0,0.9956595,441.5625,1386.5625,0,0.99347293,418.125,1456.875,0,0.8911991,forward,101.65058663793118,1
1072,35.76906666666667,191.96200370788574,,,,,,,,,,,,,,,,,,,,488.4375,1053.75,0,0.99236935,432.1875,1222.5,0,1.0203638,441.5625,1386.5625,0,1.0177147,422.8125,1452.1875,0,0.88049674,forward,107.61411685700895,1
1073,35.80243333333333,191.29204750061035,,,,,,,,,,,,,,,,,,,,488.4375,1049.0625,0,1.0044814,432.1875,1213.125,0,1.0223421,441.5625,1386.5625,0,1.01992,418.125,1452.1875,0,0.8670311,forward,110.42640545343559,1
1074,35.8358,192.36993789672852,,,,,,,,,,,,,,,,,,,,483.75,1039.6875,0,0.9903312,432.1875,1208.4375,0,1.0021696,441.5625,1386.5625,0,1.0032642,418.125,1452.1875,0,0.86476964,forward,115.22463121053966,1
1075,35.869166666666665,191.62797927856445,,,,,,,,,,,,,,,,,,,,483.75,1035.0,0,1.0031748,432.1875,1203.75,0,1.0124522,436.875,1386.5625,0,1.0119457,418.125,1452.1875,0,0.8659519,forward,118.22095282980847,1
1076,35.90253333333333,191.73812866210938,,,,,,,,,,,,,,,,,,,,483.75,1025.625,0,1.0195968,432.1875,1203.75,0,1.0189598,436.875,1386.5625,0,1.0203152,418.125,1452.1875,0,0.8589159,forward,122.7033117959691,1
1077,35.935900000000004,191.33996963500977,,,,,,,,,,,,,,,,,,,,483.75,1020.9375,0,1.020072,432.1875,1199.0625,0,1.0131935,436.875,1386.5625,0,1.0240363,418.125,1452.1875,0,0.85435176,forward,126.08356216514356,1
1078,35.96926666666667,190.88292121887207,,,,,,,,,,,,,,,,,,,,483.75,1020.9375,0,1.0037903,436.875,1199.0625,0,1.0065111,436.875,1386.5625,0,1.0114691,418.125,1456.875,0,0.8653683,forward,126.08356216514356,1
1079,36.002633333333335,191.6501522064209,,,,,,,,,,,,,,,,,,,,479.0625,1016.25,0,1.0086151,436.875,1199.0625,0,1.007789,436.875,1386.5625,0,1.0195433,418.125,1452.1875,0,0.85762763,forward,128.54466575257027,1
1080,36.036,190.5539035797119,,,,,,,,,,,,,,,,,,,,483.75,1011.5625,0,1.0022721,441.5625,1194.375,0,1.0086355,436.875,1386.5625,0,1.0196896,418.125,1452.1875,0,0.8561859,forward,132.5300613577294,1
1081,36.06936666666667,191.3762092590332,,,,,,,,,,,,,,,,,,,,479.0625,1006.875,0,1.0045033,441.5625,1189.6875,0,1.0188572,436.875,1381.875,0,1.0230156,422.8125,1452.1875,0,0.8598398,forward,132.5300613577294,1
1082,36.10273333333333,191.7719841003418,,,,,,,,,,,,,,,,,,,,479.0625,1006.875,0,0.9791938,441.5625,1189.6875,0,1.0009373,436.875,1386.5625,0,1.0125703,422.8125,1452.1875,0,0.8730981,forward,137.6927641656127,1
1083,36.1361,192.10505485534668,,,,,,,,,,,,,,,,,,,,479.0625,1006.875,0,0.9862422,446.25,1189.6875,0,1.0063331,436.875,1386.5625,0,1.0207487,422.8125,1452.1875,0,0.8826171,forward,137.6927641656127,1
1084,36.169466666666665,190.2928352355957,,,,,,,,,,,,,,,,,,,,479.0625,1002.1875,0,0.97431445,446.25,1189.6875,0,0.9969734,436.875,1386.5625,0,1.0142319,422.8125,1452.1875,0,0.8780967,forward,140.35315449705382,1
1085,36.20283333333333,191.09582901000977,,,,,,,,,,,,,,,,,,,,479.0625,997.5,0,0.97265875,446.25,1189.6875,0,0.9989397,436.875,1386.5625,0,1.0115817,422.8125,1447.5,0,0.87218523,forward,143.27855212742094,1
1086,36.236200000000004,191.30706787109375,,,,,,,,,,,,,,,,,,,,479.0625,997.5,0,0.9714904,446.25,1194.375,0,0.9977325,436.875,1386.5625,0,1.0157852,422.8125,1452.1875,0,0.8898913,forward,141.41702616447117,1
1087,36.26956666666667,191.24102592468262,,,,,,,,,,,,,,,,,,,,474.375,997.5,0,0.97684944,446.25,1194.375,0,1.0022712,436.875,1386.5625,0,1.0192058,422.8125,1452.1875,0,0.8932307,forward,141.41702616447117,1
1088,36.302933333333335,191.14923477172852,,,,,,,,,,,,,,,,,,,,474.375,997.5,0,0.97757685,446.25,1194.375,0,1.0062692,436.875,1386.5625,0,1.0199952,422.8125,1452.1875,0,0.8933469,forward,141.41702616447117,1
1089,36.3363,191.50590896606445,,,,,,,,,,,,,,,,,,,,469.6875,997.5,0,0.98038757,446.25,1194.375,0,1.0119587,436.875,1386.5625,0,1.0258422,422.8125,1452.1875,0,0.8927272,forward,141.41702616447117,1
1090,36.36966666666667,191.1489963531494,,,,,,,,,,,,,,,,,,,,469.6875,997.5,0,0.97640836,446.25,1194.375,0,1.0134733,436.875,1386.5625,0,1.0264348,422.8125,1452.1875,0,0.8978432,forward,141.41702616447117,1
1091,36.40303333333333,191.59317016601562,,,,,,,,,,,,,,,,,,,,469.6875,997.5,0,0.9814689,446.25,1194.375,0,1.0114452,436.875,1386.5625,0,1.0267477,422.8125,1452.1875,0,0.9040133,forward,141.41702616447117,1
1092,36.4364,190.7200813293457,,,,,,,,,,,,,,,,,,,,465.0,997.5,0,0.98773086,441.5625,1194.375,0,1.0172036,436.875,1386.5625,0,1.034164,422.8125,1452.1875,0,0.9003544,forward,141.41702616447117,1
1093,36.469766666666665,191.2398338317871,,,,,,,,,,,,,,,,,,,,460.3125,992.8125,0,0.98971486,436.875,1194.375,0,1.018812,436.875,1386.5625,0,1.0308616,422.8125,1452.1875,0,0.8895412,forward,145.31028582757435,1
1094,36.50313333333333,192.40498542785645,,,,,,,,,,,,,,,,,,,,455.625,997.5,0,0.985883,432.1875,1194.375,0,1.009625,436.875,1386.5625,0,1.0335388,422.8125,1452.1875,0,0.89238554,forward,141.41702616447117,1
1095,36.536500000000004,198.49085807800293,,,,,,,,,,,,,,,,,,,,450.9375,997.5,0,0.9858116,432.1875,1194.375,0,1.0024633,436.875,1386.5625,0,1.0240798,422.8125,1452.1875,0,0.8867016,forward,141.41702616447117,1
1096,36.56986666666667,189.10789489746094,,,,,,,,,,,,,,,,,,,,441.5625,997.5,0,0.9898567,427.5,1199.0625,0,1.0132153,436.875,1386.5625,0,1.0239732,422.8125,1452.1875,0,0.89667594,forward,141.3248902224152,1
1097,36.603233333333336,186.97381019592285,,,,,,,,,,,,,,,,,,,,436.875,997.5,0,0.9909307,422.8125,1194.375,0,1.0150808,436.875,1386.5625,0,1.0236187,422.8125,1452.1875,0,0.90377903,forward,141.41702616447117,1
1098,36.6366,190.6602382659912,,,,,,,,,,,,,,,,,,,,427.5,997.5,0,0.98599637,418.125,1194.375,0,1.0047804,436.875,1386.5625,0,1.0229884,422.8125,1456.875,0,0.90578806,forward,141.41702616447117,1
1099,36.66996666666667,190.6592845916748,,,,,,,,,,,,,,,,,,,,422.8125,997.5,0,0.98415375,418.125,1194.375,0,1.0048065,432.1875,1386.5625,0,1.019731,422.8125,1456.875,0,0.9105549,forward,141.41702616447117,1
1100,36.70333333333333,192.67010688781738,,,,,,,,,,,,,,,,,,,,422.8125,997.5,0,0.9838009,418.125,1199.0625,0,1.0045909,432.1875,1386.5625,0,1.0192764,422.8125,1452.1875,0,0.90518,forward,141.3248902224152,1
1101,36.7367,206.29119873046875,,,,,,,,,,,,,,,,,,,,418.125,992.8125,0,0.9989079,413.4375,1194.375,0,1.019104,432.1875,1386.5625,0,1.0390972,422.8125,1452.1875,0,0.8968402,forward,145.31028582757435,1
1102,36.770066666666665,197.51787185668945,,,,,,,,,,,,,,,,,,,,413.4375,992.8125,0,0.98807156,413.4375,1194.375,0,1.0006008,432.1875,1386.5625,0,1.0307267,422.8125,1452.1875,0,0.8971199,forward,145.31028582757435,1
1103,36.80343333333333,194.8108673095703,,,,,,,,,,,,,,,,,,,,413.4375,997.5,0,0.98381436,413.4375,1194.375,0,0.9766344,432.1875,1386.5625,0,1.0232543,422.8125,1452.1875,0,0.9235363,forward,141.41702616447117,1
1104,36.836800000000004,193.41492652893066,,,,,,,,,,,,,,,,,,,,413.4375,997.5,0,0.991099,413.4375,1194.375,0,0.9530138,432.1875,1386.5625,0,1.0222628,418.125,1452.1875,0,0.92468584,forward,141.41702616447117,1
1105,36.87016666666667,194.00501251220703,,,,,,,,,,,,,,,,,,,,413.4375,997.5,0,0.98003674,413.4375,1189.6875,0,0.9256339,432.1875,1381.875,0,1.0160279,418.125,1447.5,0,0.92009795,forward,138.11584931953766,1
1106,36.903533333333336,195.47271728515625,,,,,,,,,,,,,,,,,,,,408.75,992.8125,0,0.96610165,413.4375,1189.6875,0,0.90239906,432.1875,1381.875,0,1.0092182,413.4375,1452.1875,0,0.9261292,forward,141.41702616447117,1
1107,36.9369,195.06096839904785,,,,,,,,,,,,,,,,,,,,408.75,983.4375,0,0.96203744,413.4375,1185.0,0,0.8849046,427.5,1381.875,0,0.99072486,413.4375,1447.5,0,0.94144917,forward,150.47298863545763,1
1108,36.97026666666667,195.48392295837402,,,,,,,,,,,,,,,,,,,,408.75,978.75,0,0.9543551,413.4375,1180.3125,0,0.8735397,432.1875,1381.875,0,0.9614495,418.125,1452.1875,0,0.9352086,forward,162.8537905159531,1
1109,37.00363333333333,190.12212753295898,,,,,,,,,,,,,,,,,,,,413.4375,974.0625,0,0.95452654,413.4375,1185.0,0,0.8734425,432.1875,1381.875,0,0.9592954,418.125,1447.5,0,0.9331808,forward,167.61919811950452,1
1110,37.037,188.28988075256348,,,,,,,,,,,,,,,,,,,,408.75,964.6875,0,0.9748169,413.4375,1180.3125,0,0.89768326,432.1875,1381.875,0,0.9875685,422.8125,1442.8125,0,0.9397036,forward,180.0,1
1111,37.070366666666665,194.72575187683105,,,,,,,,,,,,,,,,,,,,413.4375,960.0,0,0.9433832,413.4375,1185.0,0,0.8644767,432.1875,1381.875,0,0.95268,422.8125,1447.5,0,0.92298037,forward,167.61919811950452,1
1112,37.10373333333333,188.05384635925293,,,,,,,,,,,,,,,,,,,,413.4375,960.0,0,0.90866596,413.4375,1189.6875,0,0.8441923,432.1875,1386.5625,0,0.9300027,422.8125,1447.5,0,0.8909985,forward,167.61919811950452,1
1113,37.137100000000004,188.98415565490723,,,,,,,,,,,,,,,,,,,,408.75,964.6875,0,0.90082026,418.125,1189.6875,0,0.8505838,432.1875,1391.25,0,0.93220526,422.8125,1447.5,0,0.88189244,forward,168.40473011494163,1
1114,37.17046666666667,187.50691413879395,,,,,,,,,,,,,,,,,,,,408.75,969.375,0,0.9017744,418.125,1189.6875,0,0.8566383,432.1875,1391.25,0,0.9295027,418.125,1442.8125,0,0.8797965,forward,163.57358253993564,1
1115,37.203833333333336,190.32716751098633,,,,,,,,,,,,,,,,,,,,408.75,974.0625,0,0.8951553,418.125,1189.6875,0,0.8600166,432.1875,1386.5625,0,0.9276043,418.125,1447.5,0,0.9007244,forward,147.46612871742266,1
1116,37.2372,192.46625900268555,,,,,,,,,,,,,,,,,,,,408.75,978.75,0,0.911005,418.125,1189.6875,0,0.8793508,432.1875,1386.5625,0,0.93899953,418.125,1447.5,0,0.93400156,forward,144.30774944395358,1
1117,37.27056666666667,188.53306770324707,,,,,,,,,,,,,,,,,,,,404.0625,969.375,0,0.9290968,418.125,1185.0,0,0.8851223,432.1875,1386.5625,0,0.94632244,422.8125,1447.5,0,0.95682466,forward,159.84693059791815,1
1118,37.30393333333333,187.66093254089355,,,,,,,,,,,,,,,,,,,,408.75,974.0625,0,0.9661786,413.4375,1185.0,0,0.91229916,432.1875,1386.5625,0,0.9750796,422.8125,1447.5,0,0.960673,forward,156.68855132444907,1
1119,37.3373,205.81793785095215,,,,,,,,,,,,,,,,,,,,404.0625,978.75,0,0.97257173,413.4375,1185.0,0,0.9209962,432.1875,1381.875,0,0.9733842,427.5,1447.5,0,0.9410012,forward,141.51029101654476,1
1120,37.370666666666665,195.2519416809082,,,,,,,,,,,,,,,,,,,,399.375,983.4375,0,0.9558995,413.4375,1189.6875,0,0.93003166,432.1875,1381.875,0,0.9703135,427.5,1447.5,0,0.8998385,forward,136.34758820866148,1
1121,37.40403333333333,195.42217254638672,,,,,,,,,,,,,,,,,,,,399.375,983.4375,0,0.9555714,408.75,1189.6875,0,0.9331983,432.1875,1381.875,0,0.977579,422.8125,1452.1875,0,0.8993877,forward,136.34758820866148,1
1122,37.437400000000004,193.05109977722168,,,,,,,,,,,,,,,,,,,,399.375,983.4375,0,0.96624833,408.75,1189.6875,0,0.94457793,432.1875,1381.875,0,1.0056652,427.5,1447.5,0,0.8873073,forward,136.34758820866148,1
1123,37.47076666666667,187.5131130218506,,,,,,,,,,,,,,,,,,,,399.375,983.4375,0,0.9736159,408.75,1194.375,0,0.9543798,432.1875,1381.875,0,1.0207117,422.8125,1452.1875,0,0.88833606,forward,135.15965103091116,1
1124,37.504133333333336,187.84809112548828,,,,,,,,,,,,,,,,,,,,399.375,988.125,0,0.9803554,408.75,1189.6875,0,0.96304965,432.1875,1381.875,0,1.0422242,422.8125,1452.1875,0,0.89605105,forward,133.80483613825086,1
1125,37.5375,188.9510154724121,,,,,,,,,,,,,,,,,,,,404.0625,988.125,0,0.97532785,408.75,1189.6875,0,0.96630704,432.1875,1381.875,0,1.0514929,422.8125,1452.1875,0,0.9127725,forward,133.80483613825086,1
1126,37.57086666666667,189.77880477905273,,,,,,,,,,,,,,,,,,,,413.4375,988.125,0,0.9857944,408.75,1189.6875,0,0.9740579,432.1875,1386.5625,0,1.0582439,422.8125,1452.1875,0,0.91747934,forward,138.96753894613414,1
1127,37.60423333333333,192.9011344909668,,,,,,,,,,,,,,,,,,,,413.4375,992.8125,0,0.98220766,408.75,1194.375,0,0.9875079,432.1875,1386.5625,0,1.0568664,418.125,1452.1875,0,0.9376867,forward,133.80483613825086,1
1128,37.6376,196.3787078857422,,,,,,,,,,,,,,,,,,,,418.125,992.8125,0,0.9830279,408.75,1194.375,0,0.98211694,432.1875,1386.5625,0,1.0549235,418.125,1452.1875,0,0.94171935,forward,133.80483613825086,1
1129,37.670966666666665,192.48294830322266,,,,,,,,,,,,,,,,,,,,422.8125,997.5,0,0.98133814,408.75,1194.375,0,0.9940144,432.1875,1386.5625,0,1.0572743,418.125,1447.5,0,0.9351685,forward,131.45377712492407,1
1130,37.70433333333333,192.12889671325684,,,,,,,,,,,,,,,,,,,,422.8125,997.5,0,0.96244913,413.4375,1194.375,0,0.98659873,432.1875,1386.5625,0,1.0477197,418.125,1447.5,0,0.904165,forward,131.45377712492407,1
1131,37.737700000000004,193.342924118042,,,,,,,,,,,,,,,,,,,,427.5,997.5,0,0.9819697,413.4375,1194.375,0,0.9944905,432.1875,1386.5625,0,1.0516562,418.125,1447.5,0,0.90091467,forward,131.45377712492407,1
1132,37.77106666666667,192.9028034210205,,,,,,,,,,,,,,,,,,,,432.1875,997.5,0,0.98428667,422.8125,1194.375,0,0.99252045,432.1875,1386.5625,0,1.0543367,418.125,1452.1875,0,0.92032325,forward,131.45377712492407,1
1133,37.804433333333336,194.18001174926758,,,,,,,,,,,,,,,,,,,,441.5625,1002.1875,0,0.993078,422.8125,1199.0625,0,0.9960965,432.1875,1386.5625,0,1.062757,418.125,1452.1875,0,0.9316075,forward,127.46838151976492,1
1134,37.8378,192.45481491088867,,,,,,,,,,,,,,,,,,,,450.9375,997.5,0,0.99441016,427.5,1194.375,0,1.0050995,432.1875,1386.5625,0,1.0576507,422.8125,1452.1875,0,0.9251895,forward,131.45377712492407,1
1135,37.87116666666667,193.93110275268555,,,,,,,,,,,,,,,,,,,,460.3125,997.5,0,1.0040057,427.5,1194.375,0,1.0012556,432.1875,1386.5625,0,1.0569735,422.8125,1452.1875,0,0.92424065,forward,131.45377712492407,1
1136,37.90453333333333,194.17691230773926,,,,,,,,,,,,,,,,,,,,469.6875,1002.1875,0,1.0011524,432.1875,1199.0625,0,0.9996797,436.875,1386.5625,0,1.0571268,422.8125,1452.1875,0,0.9319372,forward,127.46838151976492,1
1137,37.9379,193.59302520751953,,,,,,,,,,,,,,,,,,,,479.0625,1002.1875,0,1.0049026,441.5625,1199.0625,0,1.003439,436.875,1391.25,0,1.0585971,422.8125,1456.875,0,0.93035305,forward,131.45377712492407,1
1138,37.971266666666665,194.0152645111084,,,,,,,,,,,,,,,,,,,,488.4375,1002.1875,0,1.0200104,450.9375,1199.0625,0,1.01979,436.875,1386.5625,0,1.0649005,427.5,1452.1875,0,0.93689835,forward,127.46838151976492,1
1139,38.00463333333333,192.3048496246338,,,,,,,,,,,,,,,,,,,,497.8125,1002.1875,0,1.0235265,460.3125,1199.0625,0,1.0232987,436.875,1391.25,0,1.0613031,427.5,1452.1875,0,0.9207748,forward,131.45377712492407,1
1140,38.038000000000004,192.5790309906006,,,,,,,,,,,,,,,,,,,,507.1875,1002.1875,0,1.0149075,469.6875,1199.0625,0,1.0190833,441.5625,1391.25,0,1.0575054,427.5,1456.875,0,0.9221026,forward,131.45377712492407,1
1141,38.07136666666667,193.37987899780273,,,,,,,,,,,,,,,,,,,,516.5625,1006.875,0,0.99770975,479.0625,1199.0625,0,1.0032222,441.5625,1386.5625,0,1.0393677,422.8125,1456.875,0,0.9191671,forward,125.26800241751756,0
1142,38.104733333333336,193.83692741394043,,,,,,,,,,,,,,,,,,,,521.25,1006.875,0,0.9881412,488.4375,1199.0625,0,1.0072925,450.9375,1381.875,0,1.0339414,422.8125,1456.875,0,0.9121265,forward,121.8877520483431,0
1143,38.1381,193.6028003692627,,,,,,,,,,,,,,,,,,,,530.625,1002.1875,0,0.9690305,507.1875,1194.375,0,1.0002168,455.625,1377.1875,0,1.0210857,427.5,1452.1875,0,0.91032434,forward,121.8877520483431,0
1144,38.17146666666667,193.92085075378418,,,,,,,,,,,,,,,,,,,,540.0,1002.1875,0,0.93968046,525.9375,1185.0,0,0.9711892,465.0,1372.5,0,0.9991545,436.875,1452.1875,0,0.88380975,forward,121.21318163293905,0
1145,38.20483333333333,193.7582492828369,,,,,,,,,,,,,,,,,,,,549.375,1002.1875,0,0.91029924,558.75,1175.625,0,0.968057,479.0625,1358.4375,0,0.9734935,465.0,1452.1875,0,0.9105147,forward,114.1251357946589,0
1146,38.2382,193.61209869384766,,,,,,,,,,,,,,,,,,,,549.375,997.5,0,0.8937342,577.5,1166.25,0,0.96947944,493.125,1349.0625,0,0.95820606,497.8125,1447.5,0,0.9456111,forward,112.37220543932496,0
1147,38.271566666666665,193.51482391357422,,,,,,,,,,,,,,,,,,,,554.0625,992.8125,0,0.8740664,600.9375,1156.875,0,0.9479706,516.5625,1330.3125,0,0.9154595,530.625,1438.125,0,0.97016776,forward,104.95353831201226,0
1148,38.30493333333333,193.43328475952148,,,,,,,,,,,,,,,,,,,,554.0625,988.125,0,0.8750286,624.375,1138.125,0,0.93901426,535.3125,1306.875,0,0.9093634,554.0625,1428.75,0,0.94137603,forward,97.61939337813894,0
1149,38.338300000000004,192.9931640625,,,,,,,,,,,,,,,,,,,,558.75,983.4375,0,0.8646352,647.8125,1128.75,0,0.91154265,568.125,1292.8125,0,0.8441627,586.875,1405.3125,0,0.84680974,forward,93.73014604419657,0
1150,38.37166666666667,193.7408447265625,,,,,,,,,,,,,,,,,,,,558.75,978.75,0,0.8680458,666.5625,1105.3125,0,0.9113809,600.9375,1283.4375,0,0.8623861,647.8125,1386.5625,0,0.81779784,forward,95.53157147755688,0
1151,38.405033333333336,192.18993186950684,,,,,,,,,,,,,,,,,,,,554.0625,969.375,0,0.8881842,666.5625,1081.875,0,0.9250326,624.375,1274.0625,0,0.8766048,671.25,1386.5625,0,0.8191644,forward,101.78366439676414,0
1152,38.4384,197.48687744140625,,,,,,,,,,,,,,,,,,,,554.0625,969.375,0,0.8692784,675.9375,1049.0625,0,0.95142174,647.8125,1255.3125,0,0.85927916,713.4375,1344.375,0,0.86354655,forward,110.30019165933307,0
1153,38.47176666666667,193.3300495147705,,,,,,,,,,,,,,,,,,,,549.375,960.0,0,0.85390365,680.625,1020.9375,0,0.95779926,671.25,1231.875,0,0.85224044,732.1875,1311.5625,0,0.8616712,forward,105.38514299796965,0
1154,38.50513333333333,194.34189796447754,,,,,,,,,,,,,,,,,,,,549.375,960.0,0,0.8407079,685.3125,1002.1875,0,0.9569115,699.375,1231.875,0,0.890446,783.75,1297.5,0,0.88884014,forward,100.58380270286357,0
1155,38.5385,193.69769096374512,,,,,,,,,,,,,,,,,,,,549.375,955.3125,0,0.84746933,680.625,988.125,0,0.96139014,713.4375,1222.5,0,0.92345977,797.8125,1274.0625,0,0.92121214,forward,98.21321107143302,0
1156,38.571866666666665,193.71485710144043,,,,,,,,,,,,,,,,,,,,549.375,955.3125,0,0.82630086,675.9375,964.6875,0,0.93021643,718.125,1189.6875,0,0.87483215,788.4375,1241.25,0,0.8412091,forward,76.07904392706905,0
1157,38.60523333333333,195.15681266784668,,,,,,,,,,,,,,,,,,,,558.75,945.9375,0,0.8314934,661.875,941.25,0,0.9047271,722.8125,1166.25,0,0.82055366,774.375,1208.4375,0,0.80399436,forward,74.90917368250385,0
1158,38.638600000000004,191.39528274536133,,,,,,,,,,,,,,,,,,,,558.75,936.5625,0,0.82943946,652.5,922.5,0,0.86855245,718.125,1128.75,0,0.76623863,760.3125,1175.625,0,0.7698843,forward,65.15246298386516,0
1159,38.67196666666667,208.61005783081055,,,,,,,,,,,,,,,,,,,,554.0625,931.875,0,0.835955,633.75,913.125,0,0.89356077,704.0625,1114.6875,0,0.81578624,746.25,1166.25,0,0.78081036,forward,63.99900126331853,0
1160,38.705333333333336,195.47486305236816,,,,,,,,,,,,,,,,,,,,558.75,917.8125,0,0.83403707,619.6875,908.4375,0,0.867834,680.625,1095.9375,0,0.75991917,727.5,1147.5,0,0.690614,forward,55.46935651873718,0
1161,38.7387,195.8141326904297,,,,,,,,,,,,,,,,,,,,563.4375,922.5,0,0.8107603,596.25,908.4375,0,0.8563657,657.1875,1072.5,0,0.7531097,699.375,1110.0,0,0.6584273,forward,47.93710317978675,0
1162,38.77206666666667,195.5101490020752,,,,,,,,,,,,,,,,,,,,563.4375,936.5625,0,0.7746246,582.1875,913.125,0,0.87204444,633.75,1067.8125,0,0.7354076,661.875,1086.5625,0,0.64164305,forward,47.156576903198015,0
1163,38.80543333333333,196.08187675476074,,,,,,,,,,,,,,,,,,,,572.8125,955.3125,0,0.7748504,582.1875,913.125,0,0.70723605,605.625,1091.25,0,0.70305455,633.75,1119.375,0,0.59697866,forward,60.04799975080884,0
1164,38.8388,195.77503204345703,,,,,,,,,,,,,,,,,,,,572.8125,950.625,0,0.76721245,554.0625,903.75,0,0.7159393,577.5,1086.5625,0,0.75591695,605.625,1133.4375,0,0.68485224,forward,63.03631717785203,1
1165,38.872166666666665,194.7329044342041,,,,,,,,,,,,,,,,,,,,568.125,941.25,0,0.8143086,525.9375,922.5,0,0.790625,558.75,1095.9375,0,0.8398218,572.8125,1156.875,0,0.79154456,forward,52.413833148928646,1
1166,38.90553333333333,194.98705863952637,,,,,,,,,,,,,,,,,,,,563.4375,945.9375,0,0.8489566,507.1875,931.875,0,0.84845597,535.3125,1119.375,0,0.8795496,540.0,1175.625,0,0.8177772,forward,56.64020362791968,1
1167,38.938900000000004,194.77510452270508,,,,,,,,,,,,,,,,,,,,568.125,960.0,0,0.8976486,493.125,950.625,0,0.9601768,516.5625,1142.8125,0,0.9289572,511.875,1208.4375,0,0.91541255,forward,57.424046062773776,1
1168,38.97226666666667,195.1618194580078,,,,,,,,,,,,,,,,,,,,568.125,964.6875,0,0.901677,479.0625,974.0625,0,0.9742138,502.5,1175.625,0,0.9614873,474.375,1245.9375,0,0.91148835,forward,61.65583752341786,1
1169,39.005633333333336,194.3659782409668,,,,,,,,,,,,,,,,,,,,568.125,964.6875,0,0.91482306,465.0,997.5,0,0.9835271,488.4375,1208.4375,0,0.95588946,441.5625,1283.4375,0,0.9214581,forward,72.37127517436035,1
1170,39.039,194.52309608459473,,,,,,,,,,,,,,,,,,,,568.125,974.0625,0,0.927446,460.3125,1025.625,0,1.008405,479.0625,1227.1875,0,0.9538822,413.4375,1306.875,0,0.930969,forward,72.2894624870293,1
1171,39.07236666666667,195.0850486755371,,,,,,,,,,,,,,,,,,,,568.125,974.0625,0,0.94468653,455.625,1049.0625,0,1.0204903,474.375,1250.625,0,0.96145725,422.8125,1330.3125,0,0.9198631,forward,78.3749165745375,1
1172,39.10573333333333,194.28515434265137,,,,,,,,,,,,,,,,,,,,568.125,974.0625,0,0.94741976,455.625,1072.5,0,1.0162977,469.6875,1278.75,0,0.98660076,422.8125,1353.75,0,0.90354466,forward,87.01929664360557,1
1173,39.1391,195.2383518218994,,,,,,,,,,,,,,,,,,,,563.4375,978.75,0,0.9521916,460.3125,1095.9375,0,1.0009269,469.6875,1297.5,0,1.0081239,422.8125,1381.875,0,0.95764464,forward,89.99400864561159,1
1174,39.172466666666665,195.72091102600098,,,,,,,,,,,,,,,,,,,,563.4375,978.75,0,0.954182,465.0,1114.6875,0,0.9974998,479.0625,1311.5625,0,1.0265881,427.5,1395.9375,0,0.9580938,forward,93.4275750608609,1
1175,39.20583333333333,194.82922554016113,,,,,,,,,,,,,,,,,,,,558.75,983.4375,0,0.942261,469.6875,1128.75,0,0.9831885,488.4375,1325.625,0,1.044283,432.1875,1410.0,0,0.91457266,forward,96.38624953141422,1
1176,39.239200000000004,195.60790061950684,,,,,,,,,,,,,,,,,,,,554.0625,983.4375,0,0.9415032,479.0625,1142.8125,0,0.97317004,502.5,1335.0,0,1.0527211,450.9375,1414.6875,0,0.90810186,forward,99.02263505161628,1
1177,39.27256666666667,194.85998153686523,,,,,,,,,,,,,,,,,,,,549.375,983.4375,0,0.9407528,488.4375,1156.875,0,0.9663819,516.5625,1330.3125,0,1.0404055,465.0,1428.75,0,0.96235025,forward,96.76570284018293,1
1178,39.305933333333336,194.54383850097656,,,,,,,,,,,,,,,,,,,,544.6875,988.125,0,0.92907643,497.8125,1166.25,0,0.9554788,525.9375,1330.3125,0,1.0324752,488.4375,1424.0625,0,0.9718777,forward,95.27831429819136,1
1179,39.3393,196.03514671325684,,,,,,,,,,,,,,,,,,,,544.6875,988.125,0,0.9210933,502.5,1170.9375,0,0.9450367,530.625,1325.625,0,1.0169787,497.8125,1424.0625,0,0.9811409,forward,94.04195671832984,1
1180,39.37266666666667,190.8738613128662,,,,,,,,,,,,,,,,,,,,544.6875,988.125,0,0.91592735,511.875,1170.9375,0,0.9365354,535.3125,1330.3125,0,1.0064499,502.5,1424.0625,0,0.9644121,forward,95.58572552899935,1
1181,39.40603333333333,190.26780128479004,,,,,,,,,,,,,,,,,,,,540.0,992.8125,0,0.9244225,516.5625,1175.625,0,0.94716454,540.0,1339.6875,0,1.0161564,511.875,1419.375,0,0.9597677,forward,97.1690849708649,1
1182,39.4394,190.27400016784668,,,,,,,,,,,,,,,,,,,,540.0,992.8125,0,0.93355316,525.9375,1180.3125,0,0.95822334,540.0,1353.75,0,1.0338752,507.1875,1419.375,0,0.9410537,forward,102.4501573308737,1
1183,39.472766666666665,190.19007682800293,,,,,,,,,,,,,,,,,,,,540.0,997.5,0,0.9468148,530.625,1185.0,0,0.9771624,544.6875,1363.125,0,1.0417786,511.875,1414.6875,0,0.8946361,forward,104.18293799600733,1
1184,39.50613333333333,190.25278091430664,,,,,,,,,,,,,,,,,,,,540.0,997.5,0,0.9512692,535.3125,1185.0,0,0.9828752,544.6875,1363.125,0,1.0541277,511.875,1414.6875,0,0.8772686,forward,104.18293799600733,1
1185,39.539500000000004,190.748929977417,,,,,,,,,,,,,,,,,,,,535.3125,997.5,0,0.94094014,535.3125,1185.0,0,0.98201907,544.6875,1363.125,0,1.0480042,511.875,1414.6875,0,0.88290673,forward,104.18293799600733,1
1186,39.57286666666667,190.7949447631836,,,,,,,,,,,,,,,,,,,,535.3125,997.5,0,0.9526707,530.625,1185.0,0,0.9936472,544.6875,1363.125,0,1.0566611,511.875,1414.6875,0,0.89316523,forward,104.18293799600733,1
1187,39.606233333333336,190.71674346923828,,,,,,,,,,,,,,,,,,,,530.625,997.5,0,0.93718445,530.625,1185.0,0,0.98566103,544.6875,1363.125,0,1.0458167,511.875,1414.6875,0,0.8847762,forward,104.18293799600733,1
1188,39.6396,190.22512435913086,,,,,,,,,,,,,,,,,,,,525.9375,997.5,0,0.94454753,530.625,1185.0,0,0.9959805,544.6875,1363.125,0,1.0492772,507.1875,1414.6875,0,0.89143926,forward,104.18293799600733,1
1189,39.67296666666667,191.3440227508545,,,,,,,,,,,,,,,,,,,,521.25,997.5,0,0.944087,525.9375,1185.0,0,0.9976566,549.375,1363.125,0,1.0521278,507.1875,1414.6875,0,0.89944017,forward,104.18293799600733,1
1190,39.70633333333333,190.87934494018555,,,,,,,,,,,,,,,,,,,,521.25,997.5,0,0.9398304,525.9375,1185.0,0,0.99572,544.6875,1363.125,0,1.0496655,507.1875,1414.6875,0,0.9107219,forward,104.18293799600733,1
1191,39.7397,190.7651424407959,,,,,,,,,,,,,,,,,,,,516.5625,997.5,0,0.9218384,525.9375,1180.3125,0,0.98762274,544.6875,1358.4375,0,1.0387695,502.5,1414.6875,0,0.9224878,forward,102.20627897442225,1
1192,39.773066666666665,190.59085845947266,,,,,,,,,,,,,,,,,,,,516.5625,1002.1875,0,0.9153782,521.25,1185.0,0,0.9878624,544.6875,1358.4375,0,1.0386562,502.5,1414.6875,0,0.9453734,forward,100.47349830928862,1
1193,39.80643333333333,190.36006927490234,,,,,,,,,,,,,,,,,,,,516.5625,1002.1875,0,0.8932688,521.25,1180.3125,0,0.97809595,549.375,1353.75,0,1.0176091,507.1875,1414.6875,0,0.92282104,forward,98.58272763661508,1
1194,39.839800000000004,190.43517112731934,,,,,,,,,,,,,,,,,,,,516.5625,997.5,0,0.9032903,521.25,1175.625,0,0.9893194,549.375,1353.75,0,1.0026169,507.1875,1414.6875,0,0.8910673,forward,100.31550830174871,1
1195,39.87316666666667,190.37795066833496,,,,,,,,,,,,,,,,,,,,516.5625,992.8125,0,0.89461,521.25,1175.625,0,0.9596114,554.0625,1363.125,0,0.9254185,502.5,1419.375,0,0.8217261,forward,105.87218541899782,1
1196,39.906533333333336,190.63878059387207,,,,,,,,,,,,,,,,,,,,511.875,988.125,0,0.87488455,525.9375,1166.25,0,0.90252435,558.75,1353.75,0,0.7686835,511.875,1428.75,0,0.71302235,forward,103.98141474632428,1
1197,39.9399,190.7188892364502,,,,,,,,,,,,,,,,,,,,511.875,983.4375,0,0.8887125,516.5625,1161.5625,0,0.89296705,563.4375,1339.6875,0,0.734523,521.25,1424.0625,0,0.71949136,forward,100.31550830174871,1
1198,39.97326666666667,192.5358772277832,,,,,,,,,,,,,,,,,,,,511.875,983.4375,0,0.88145846,516.5625,1161.5625,0,0.86924255,558.75,1339.6875,0,0.73352265,525.9375,1424.0625,0,0.71532536,forward,100.31550830174871,1
1199,40.00663333333333,190.35887718200684,,,,,,,,,,,,,,,,,,,,511.875,983.4375,0,0.8714067,521.25,1161.5625,0,0.8523997,549.375,1344.375,0,0.74273896,521.25,1428.75,0,0.72034097,forward,102.11188403642234,1
1200,40.04,193.46094131469727,,,,,,,,,,,,,,,,,,,,521.25,974.0625,0,0.8601934,521.25,1166.25,0,0.84851646,549.375,1358.4375,0,0.803851,516.5625,1428.75,0,0.7458428,forward,111.88169574761292,1
1201,40.073366666666665,190.63091278076172,,,,,,,,,,,,,,,,,,,,525.9375,964.6875,0,0.8457747,525.9375,1170.9375,0,0.8904275,549.375,1358.4375,0,0.84844506,511.875,1419.375,0,0.7487668,forward,117.02119638956108,1
1202,40.10673333333333,190.74606895446777,,,,,,,,,,,,,,,,,,,,530.625,964.6875,0,0.83900005,535.3125,1180.3125,0,0.87856305,554.0625,1363.125,0,0.8356124,521.25,1419.375,0,0.7603483,forward,121.10750338053705,1
1203,40.140100000000004,191.6050910949707,,,,,,,,,,,,,,,,,,,,530.625,960.0,0,0.8130884,535.3125,1175.625,0,0.8402318,554.0625,1363.125,0,0.82319796,521.25,1419.375,0,0.71920097,forward,122.97703409043899,1
1204,40.17346666666667,190.46783447265625,,,,,,,,,,,,,,,,,,,,525.9375,955.3125,0,0.82046336,535.3125,1166.25,0,0.85935104,554.0625,1363.125,0,0.8616376,516.5625,1419.375,0,0.71216476,forward,123.82866817615482,1
1205,40.206833333333336,190.34194946289062,,,,,,,,,,,,,,,,,,,,530.625,945.9375,0,0.82186085,540.0,1156.875,0,0.8628118,554.0625,1363.125,0,0.88910985,511.875,1419.375,0,0.7364505,forward,128.33091417291539,1
1206,40.2402,190.77491760253906,,,,,,,,,,,,,,,,,,,,530.625,945.9375,0,0.8048308,540.0,1161.5625,0,0.84232587,554.0625,1363.125,0,0.8689587,507.1875,1419.375,0,0.7513079,forward,129.1635150951197,1
1207,40.27356666666667,190.73104858398438,,,,,,,,,,,,,,,,,,,,530.625,955.3125,0,0.8240674,535.3125,1170.9375,0,0.8565582,554.0625,1363.125,0,0.8716391,507.1875,1419.375,0,0.76508975,forward,124.93172363447559,1
1208,40.30693333333333,192.28601455688477,,,,,,,,,,,,,,,,,,,,525.9375,950.625,0,0.8258151,530.625,1170.9375,0,0.8707333,554.0625,1363.125,0,0.89345527,507.1875,1419.375,0,0.78647625,forward,128.65837557649309,1
1209,40.3403,192.85321235656738,,,,,,,,,,,,,,,,,,,,525.9375,950.625,0,0.8237499,525.9375,1175.625,0,0.8828959,554.0625,1363.125,0,0.88307476,507.1875,1419.375,0,0.7810886,forward,131.53483360746247,1
1210,40.373666666666665,192.56186485290527,,,,,,,,,,,,,,,,,,,,521.25,969.375,0,0.8387923,525.9375,1180.3125,0,0.90192026,554.0625,1363.125,0,0.87077844,507.1875,1419.375,0,0.7631,forward,117.94912410706797,1
1211,40.40703333333333,191.52212142944336,,,,,,,,,,,,,,,,,,,,516.5625,974.0625,0,0.86807597,535.3125,1185.0,0,0.8994864,554.0625,1367.8125,0,0.8736714,511.875,1419.375,0,0.7382614,forward,117.94912410706797,1
1212,40.440400000000004,187.84713745117188,,,,,,,,,,,,,,,,,,,,521.25,974.0625,0,0.8818568,530.625,1175.625,0,0.88258266,549.375,1358.4375,0,0.91319543,516.5625,1410.0,0,0.83773214,forward,112.60891360924853,1
1213,40.47376666666667,193.53485107421875,,,,,,,,,,,,,,,,,,,,516.5625,978.75,0,0.9134618,525.9375,1180.3125,0,0.9226662,544.6875,1358.4375,0,0.9798578,521.25,1414.6875,0,0.8962871,forward,110.8125378745749,1
1214,40.507133333333336,194.09608840942383,,,,,,,,,,,,,,,,,,,,516.5625,978.75,0,0.91741914,525.9375,1175.625,0,0.9268831,549.375,1353.75,0,0.9781573,525.9375,1414.6875,0,0.8800496,forward,108.46147886124811,1
1215,40.5405,194.4589614868164,,,,,,,,,,,,,,,,,,,,521.25,983.4375,0,0.9014734,525.9375,1170.9375,0,0.9290521,549.375,1349.0625,0,0.97308534,530.625,1419.375,0,0.8842746,forward,104.18293799600733,1
1216,40.57386666666667,194.51594352722168,,,,,,,,,,,,,,,,,,,,521.25,983.4375,0,0.87068856,525.9375,1166.25,0,0.93650246,549.375,1353.75,0,0.9874561,521.25,1414.6875,0,0.9077421,forward,105.87218541899782,1
1217,40.60723333333333,194.40603256225586,,,,,,,,,,,,,,,,,,,,521.25,988.125,0,0.9011066,525.9375,1170.9375,0,0.9726353,549.375,1358.4375,0,1.0371953,521.25,1414.6875,0,0.9198506,forward,105.87218541899782,1
1218,40.6406,201.06911659240723,,,,,,,,,,,,,,,,,,,,525.9375,992.8125,0,0.88986415,525.9375,1175.625,0,0.95993334,549.375,1358.4375,0,1.027752,521.25,1414.6875,0,0.9007273,forward,104.00265470909588,1
1219,40.673966666666665,194.74196434020996,,,,,,,,,,,,,,,,,,,,525.9375,992.8125,0,0.8991579,525.9375,1175.625,0,0.9651226,549.375,1358.4375,0,1.0387006,521.25,1414.6875,0,0.90972793,forward,104.00265470909588,1
1220,40.70733333333333,190.20819664001465,,,,,,,,,,,,,,,,,,,,525.9375,992.8125,0,0.8944902,525.9375,1180.3125,0,0.95506227,549.375,1358.4375,0,1.0397415,521.25,1414.6875,0,0.9002867,forward,104.18293799600733,1
1221,40.740700000000004,191.7421817779541,,,,,,,,,,,,,,,,,,,,535.3125,997.5,0,0.9206883,530.625,1180.3125,0,0.96179974,549.375,1363.125,0,1.0560746,516.5625,1414.6875,0,0.90210426,forward,104.00265470909588,1
1222,40.77406666666667,193.35007667541504,,,,,,,,,,,,,,,,,,,,540.0,1002.1875,0,0.9156319,535.3125,1180.3125,0,0.95292866,549.375,1358.4375,0,1.0559535,521.25,1414.6875,0,0.8953345,forward,100.31550830174871,1
1223,40.807433333333336,193.0398941040039,,,,,,,,,,,,,,,,,,,,544.6875,997.5,0,0.9271437,540.0,1180.3125,0,0.967168,549.375,1358.4375,0,1.0676469,521.25,1414.6875,0,0.90375555,forward,102.20627897442225,1
1224,40.8408,192.6572322845459,,,,,,,,,,,,,,,,,,,,549.375,997.5,0,0.9361775,540.0,1180.3125,0,0.96947414,549.375,1363.125,0,1.0691826,521.25,1414.6875,0,0.91286933,forward,104.00265470909588,1
1225,40.87416666666667,191.331148147583,,,,,,,,,,,,,,,,,,,,558.75,997.5,0,0.9383686,544.6875,1180.3125,0,0.9665921,549.375,1363.125,0,1.0707667,521.25,1414.6875,0,0.9150268,forward,104.00265470909588,1
1226,40.90753333333333,191.38002395629883,,,,,,,,,,,,,,,,,,,,563.4375,997.5,0,0.9506618,554.0625,1180.3125,0,0.9680921,549.375,1363.125,0,1.0841322,521.25,1414.6875,0,0.9130418,forward,104.00265470909588,1
1227,40.9409,191.3130283355713,,,,,,,,,,,,,,,,,,,,568.125,997.5,0,0.9487097,554.0625,1185.0,0,0.9624476,549.375,1363.125,0,1.0817052,521.25,1414.6875,0,0.93377066,forward,104.18293799600733,1
1228,40.974266666666665,192.6898956298828,,,,,,,,,,,,,,,,,,,,572.8125,1002.1875,0,0.9598512,554.0625,1185.0,0,0.9728389,549.375,1363.125,0,1.0909287,525.9375,1414.6875,0,0.9509113,forward,102.20627897442225,1
1229,41.00763333333333,191.7111873626709,,,,,,,,,,,,,,,,,,,,577.5,1002.1875,0,0.96285295,554.0625,1185.0,0,0.9735392,549.375,1358.4375,0,1.0914695,521.25,1414.6875,0,0.9723381,forward,100.47349830928862,1
1230,41.041000000000004,191.19620323181152,,,,,,,,,,,,,,,,,,,,582.1875,1002.1875,0,0.94632435,549.375,1180.3125,0,0.96776664,554.0625,1344.375,0,1.0602369,521.25,1419.375,0,0.975981,forward,95.27831429819136,1
1231,41.07436666666667,191.0231113433838,,,,,,,,,,,,,,,,,,,,582.1875,1002.1875,0,0.9350718,544.6875,1180.3125,0,0.9670185,558.75,1335.0,0,1.0411482,516.5625,1419.375,0,0.98071265,forward,92.1511860456563,1
1232,41.107733333333336,205.3549289703369,,,,,,,,,,,,,,,,,,,,586.875,997.5,0,0.92426664,540.0,1170.9375,0,0.9737549,568.125,1330.3125,0,1.0401491,521.25,1419.375,0,1.0187107,forward,91.87793005989366,1
1233,41.1411,198.52399826049805,,,,,,,,,,,,,,,,,,,,586.875,997.5,0,0.91084075,530.625,1166.25,0,0.977887,577.5,1325.625,0,1.0263932,535.3125,1419.375,0,0.9728519,forward,90.12499970455971,1
1234,41.17446666666667,194.87714767456055,,,,,,,,,,,,,,,,,,,,586.875,992.8125,0,0.9266608,530.625,1161.5625,0,0.9797558,577.5,1325.625,0,1.0347745,540.0,1428.75,0,1.005004,forward,91.70835914642527,1
1235,41.20783333333333,196.26116752624512,,,,,,,,,,,,,,,,,,,,591.5625,992.8125,0,0.9194809,530.625,1152.1875,0,0.9696034,568.125,1335.0,0,1.0365717,549.375,1433.4375,0,1.0008081,forward,95.19841479767774,1
1236,41.2412,195.53303718566895,,,,,,,,,,,,,,,,,,,,591.5625,992.8125,0,0.9435134,540.0,1156.875,0,0.9789322,558.75,1349.0625,0,1.0479131,554.0625,1433.4375,0,1.0142224,forward,100.669485833571,1
1237,41.274566666666665,198.42195510864258,,,,,,,,,,,,,,,,,,,,596.25,992.8125,0,0.9346898,549.375,1166.25,0,0.9676446,540.0,1367.8125,0,1.0374143,558.75,1438.125,0,0.9735139,forward,108.35087095457281,1
1238,41.30793333333333,196.11811637878418,,,,,,,,,,,,,,,,,,,,600.9375,988.125,0,0.9442048,558.75,1170.9375,0,0.97432935,521.25,1367.8125,0,1.03,535.3125,1447.5,0,0.97837496,forward,109.88219877818273,1
1239,41.341300000000004,196.0430145263672,,,,,,,,,,,,,,,,,,,,600.9375,992.8125,0,0.96637666,558.75,1175.625,0,0.98171186,511.875,1377.1875,0,1.0405215,507.1875,1447.5,0,0.9736235,forward,112.0586664236785,0
1240,41.37466666666667,195.16491889953613,,,,,,,,,,,,,,,,,,,,600.9375,992.8125,0,0.96500146,558.75,1175.625,0,0.9809771,516.5625,1377.1875,0,1.057816,488.4375,1433.4375,0,0.9547246,forward,112.0586664236785,1
1241,41.408033333333336,195.65701484680176,,,,,,,,,,,,,,,,,,,,600.9375,992.8125,0,0.95443606,554.0625,1175.625,0,0.9822959,521.25,1372.5,0,1.0567526,474.375,1424.0625,0,0.9077028,forward,109.88219877818273,1
1242,41.4414,196.23994827270508,,,,,,,,,,,,,,,,,,,,605.625,992.8125,0,0.95945185,558.75,1175.625,0,0.9833056,521.25,1372.5,0,1.062371,474.375,1424.0625,0,0.92221546,forward,109.88219877818273,1
1243,41.47476666666667,196.00796699523926,,,,,,,,,,,,,,,,,,,,600.9375,992.8125,0,0.96629083,554.0625,1175.625,0,0.9923495,521.25,1372.5,0,1.0758035,493.125,1433.4375,0,0.9440723,forward,109.88219877818273,1
1244,41.50813333333333,195.83797454833984,,,,,,,,,,,,,,,,,,,,600.9375,992.8125,0,0.9732444,554.0625,1175.625,0,0.99483085,516.5625,1372.5,0,1.0799088,502.5,1438.125,0,0.9582206,forward,109.88219877818273,1
1245,41.5415,196.02298736572266,,,,,,,,,,,,,,,,,,,,596.25,992.8125,0,0.9676094,549.375,1170.9375,0,0.9951345,516.5625,1372.5,0,1.0734401,502.5,1442.8125,0,0.9718798,forward,110.16789575100496,1
1246,41.574866666666665,196.38514518737793,,,,,,,,,,,,,,,,,,,,596.25,992.8125,0,0.9693114,544.6875,1170.9375,0,0.9937937,511.875,1372.5,0,1.0681529,502.5,1447.5,0,0.99889445,forward,110.16789575100496,1
1247,41.60823333333333,195.73712348937988,,,,,,,,,,,,,,,,,,,,591.5625,992.8125,0,0.9649519,540.0,1170.9375,0,0.99328554,511.875,1372.5,0,1.074336,497.8125,1447.5,0,1.0030265,forward,110.16789575100496,1
1248,41.641600000000004,197.1120834350586,,,,,,,,,,,,,,,,,,,,586.875,992.8125,0,0.9694842,540.0,1170.9375,0,0.9920962,507.1875,1377.1875,0,1.0812372,488.4375,1452.1875,0,0.99709404,forward,112.49367410226976,1
1249,41.67496666666667,197.18098640441895,,,,,,,,,,,,,,,,,,,,586.875,992.8125,0,0.9724767,540.0,1175.625,0,0.99750054,502.5,1377.1875,0,1.086231,483.75,1452.1875,0,0.99842393,forward,112.0586664236785,1
1250,41.708333333333336,196.15483283996582,,,,,,,,,,,,,,,,,,,,582.1875,992.8125,0,0.9724711,535.3125,1175.625,0,0.99632907,502.5,1372.5,0,1.0798283,479.0625,1452.1875,0,0.9909556,forward,109.88219877818273,1
1251,41.7417,196.55990600585938,,,,,,,,,,,,,,,,,,,,577.5,992.8125,0,0.96152115,535.3125,1175.625,0,0.991987,497.8125,1372.5,0,1.0734947,483.75,1447.5,0,0.96966815,forward,109.88219877818273,1
1252,41.77506666666667,195.7089900970459,,,,,,,,,,,,,,,,,,,,572.8125,997.5,0,0.9624381,530.625,1180.3125,0,0.99641955,497.8125,1377.1875,0,1.0832044,483.75,1452.1875,0,0.97116214,forward,109.88219877818273,1
1253,41.80843333333333,195.8017349243164,,,,,,,,,,,,,,,,,,,,572.8125,997.5,0,0.9671469,525.9375,1185.0,0,1.0071162,497.8125,1377.1875,0,1.0948793,483.75,1452.1875,0,0.9807826,forward,109.80353398461949,1
1254,41.8418,196.06614112854004,,,,,,,,,,,,,,,,,,,,563.4375,997.5,0,0.96954954,525.9375,1189.6875,0,1.0030844,497.8125,1381.875,0,1.094477,488.4375,1452.1875,0,0.9666823,forward,111.88169574761292,1
1255,41.875166666666665,195.19472122192383,,,,,,,,,,,,,,,,,,,,558.75,997.5,0,0.97172517,521.25,1189.6875,0,0.99983,497.8125,1381.875,0,1.0894054,483.75,1452.1875,0,0.95951146,forward,111.88169574761292,1
1256,41.90853333333333,195.85800170898438,,,,,,,,,,,,,,,,,,,,554.0625,997.5,0,0.97130764,521.25,1189.6875,0,1.0007927,502.5,1381.875,0,1.0835655,483.75,1452.1875,0,0.9793435,forward,111.88169574761292,1
1257,41.941900000000004,196.1519718170166,,,,,,,,,,,,,,,,,,,,540.0,997.5,0,0.94792426,516.5625,1189.6875,0,0.9913944,502.5,1381.875,0,1.0819409,483.75,1452.1875,0,0.98906064,forward,111.88169574761292,1
1258,41.97526666666667,196.35915756225586,,,,,,,,,,,,,,,,,,,,535.3125,997.5,0,0.9403571,511.875,1189.6875,0,0.98607254,502.5,1381.875,0,1.0788057,488.4375,1452.1875,0,0.98220456,forward,111.88169574761292,1
1259,42.008633333333336,196.3791847229004,,,,,,,,,,,,,,,,,,,,525.9375,997.5,0,0.94012576,511.875,1189.6875,0,0.9850289,502.5,1381.875,0,1.078895,488.4375,1452.1875,0,0.9497149,forward,111.88169574761292,1
1260,42.042,189.37301635742188,,,,,,,,,,,,,,,,,,,,521.25,992.8125,0,0.9485848,502.5,1189.6875,0,0.995843,497.8125,1381.875,0,1.0837696,488.4375,1452.1875,0,0.95861584,forward,114.08207484986028,1
1261,42.07536666666667,189.9261474609375,,,,,,,,,,,,,,,,,,,,511.875,997.5,0,0.95648146,497.8125,1194.375,0,0.9918057,497.8125,1381.875,0,1.0857782,488.4375,1447.5,0,0.9705318,forward,112.12738530582368,1
1262,42.10873333333333,195.38402557373047,,,,,,,,,,,,,,,,,,,,511.875,1002.1875,0,0.9731343,497.8125,1194.375,0,0.99968684,497.8125,1381.875,0,1.0946131,488.4375,1447.5,0,0.97158784,forward,109.92700620357633,1
1263,42.1421,190.09828567504883,,,,,,,,,,,,,,,,,,,,507.1875,1002.1875,0,0.9646026,493.125,1194.375,0,0.9952351,493.125,1381.875,0,1.0837498,488.4375,1447.5,0,0.9479765,forward,109.92700620357633,1
1264,42.175466666666665,188.55905532836914,,,,,,,,,,,,,,,,,,,,502.5,1002.1875,0,0.9703902,488.4375,1194.375,0,0.999659,493.125,1381.875,0,1.0926175,488.4375,1452.1875,0,0.9565136,forward,109.92700620357633,1
1265,42.20883333333333,188.69805335998535,,,,,,,,,,,,,,,,,,,,497.8125,1002.1875,0,0.9769497,488.4375,1194.375,0,0.9956713,493.125,1381.875,0,1.0958123,488.4375,1452.1875,0,0.97176707,forward,109.92700620357633,1
1266,42.242200000000004,192.55614280700684,,,,,,,,,,,,,,,,,,,,497.8125,1002.1875,0,0.9756129,483.75,1189.6875,0,0.9936278,493.125,1381.875,0,1.0944483,488.4375,1452.1875,0,0.9811441,forward,109.80353398461949,1
1267,42.27556666666667,192.89803504943848,,,,,,,,,,,,,,,,,,,,493.125,1002.1875,0,0.98926544,483.75,1194.375,0,1.0091282,493.125,1381.875,0,1.1025882,488.4375,1447.5,0,0.9716934,forward,109.92700620357633,1
1268,42.308933333333336,191.87307357788086,,,,,,,,,,,,,,,,,,,,493.125,997.5,0,0.99472296,483.75,1194.375,0,1.0142841,493.125,1381.875,0,1.0942736,488.4375,1447.5,0,0.98628366,forward,112.12738530582368,1
1269,42.3423,191.51878356933594,,,,,,,,,,,,,,,,,,,,488.4375,1002.1875,0,0.99296206,483.75,1194.375,0,1.0134254,493.125,1386.5625,0,1.0933974,488.4375,1447.5,0,0.9674759,forward,111.88169574761292,1
1270,42.37566666666667,191.88308715820312,,,,,,,,,,,,,,,,,,,,488.4375,997.5,0,0.9838815,483.75,1199.0625,0,1.0060847,493.125,1386.5625,0,1.0853076,483.75,1447.5,0,0.9692801,forward,114.47844431915047,1
1271,42.40903333333333,197.28684425354004,,,,,,,,,,,,,,,,,,,,483.75,997.5,0,0.9851745,479.0625,1199.0625,0,1.0016894,493.125,1386.5625,0,1.0850476,483.75,1447.5,0,0.9420178,forward,114.47844431915047,1
1272,42.4424,193.56012344360352,,,,,,,,,,,,,,,,,,,,483.75,997.5,0,0.9843669,479.0625,1199.0625,0,1.0050263,493.125,1386.5625,0,1.0875165,488.4375,1452.1875,0,0.9740361,forward,114.47844431915047,1
1273,42.475766666666665,194.48494911193848,,,,,,,,,,,,,,,,,,,,483.75,997.5,0,0.9915836,479.0625,1199.0625,0,1.0067481,493.125,1386.5625,0,1.0956371,483.75,1452.1875,0,0.9832101,forward,114.47844431915047,1
1274,42.50913333333333,187.76607513427734,,,,,,,,,,,,,,,,,,,,479.0625,997.5,0,0.98757195,479.0625,1199.0625,0,1.0060762,493.125,1386.5625,0,1.0965598,488.4375,1452.1875,0,0.9809408,forward,114.47844431915047,1
1275,42.542500000000004,187.96682357788086,,,,,,,,,,,,,,,,,,,,479.0625,997.5,0,0.98689556,479.0625,1199.0625,0,1.003633,493.125,1386.5625,0,1.0968758,488.4375,1447.5,0,0.9609298,forward,114.47844431915047,1
1276,42.57586666666667,188.6599063873291,,,,,,,,,,,,,,,,,,,,483.75,997.5,0,0.9946229,479.0625,1199.0625,0,1.0079618,493.125,1386.5625,0,1.103066,488.4375,1452.1875,0,0.9746995,forward,114.47844431915047,1
1277,42.609233333333336,187.9899501800537,,,,,,,,,,,,,,,,,,,,483.75,997.5,0,0.9904271,479.0625,1194.375,0,1.0026426,493.125,1386.5625,0,1.0951543,483.75,1452.1875,0,0.9761003,forward,114.08207484986028,1
1278,42.6426,192.7638053894043,,,,,,,,,,,,,,,,,,,,483.75,997.5,0,0.982105,479.0625,1194.375,0,0.99743134,493.125,1381.875,0,1.0844412,483.75,1452.1875,0,0.9617665,forward,112.12738530582368,1
1279,42.67596666666667,191.5590763092041,,,,,,,,,,,,,,,,,,,,483.75,997.5,0,0.98767143,479.0625,1194.375,0,1.0009686,493.125,1381.875,0,1.0939156,488.4375,1452.1875,0,0.97619444,forward,112.12738530582368,1
1280,42.70933333333333,191.41292572021484,,,,,,,,,,,,,,,,,,,,488.4375,997.5,0,0.9840375,483.75,1194.375,0,1.0011847,493.125,1381.875,0,1.0944284,488.4375,1447.5,0,0.9660033,forward,112.12738530582368,1
1281,42.7427,191.29085540771484,,,,,,,,,,,,,,,,,,,,493.125,1002.1875,0,0.99199605,483.75,1194.375,0,1.003133,493.125,1381.875,0,1.1035699,488.4375,1452.1875,0,0.9847338,forward,109.92700620357633,1
1282,42.776066666666665,191.68925285339355,,,,,,,,,,,,,,,,,,,,493.125,1002.1875,0,0.9874548,488.4375,1194.375,0,1.0016227,493.125,1381.875,0,1.1032195,488.4375,1452.1875,0,0.98973304,forward,109.92700620357633,1
1283,42.80943333333333,192.49200820922852,,,,,,,,,,,,,,,,,,,,497.8125,1002.1875,0,0.9870199,488.4375,1199.0625,0,1.0029811,493.125,1381.875,0,1.1050107,488.4375,1452.1875,0,0.9891083,forward,110.25785459592174,1
1284,42.842800000000004,193.46904754638672,,,,,,,,,,,,,,,,,,,,497.8125,1002.1875,0,0.98484194,488.4375,1194.375,0,1.0088129,497.8125,1381.875,0,1.1075681,488.4375,1447.5,0,0.9769188,forward,109.92700620357633,1
1285,42.87616666666667,192.28076934814453,,,,,,,,,,,,,,,,,,,,502.5,1002.1875,0,0.9821619,488.4375,1199.0625,0,1.0071722,497.8125,1381.875,0,1.1040224,488.4375,1452.1875,0,0.9916514,forward,110.25785459592174,1
1286,42.909533333333336,192.518949508667,,,,,,,,,,,,,,,,,,,,507.1875,1002.1875,0,0.98609126,493.125,1199.0625,0,1.0066713,497.8125,1381.875,0,1.1087313,488.4375,1452.1875,0,0.998263,forward,110.25785459592174,1
1287,42.9429,197.54314422607422,,,,,,,,,,,,,,,,,,,,511.875,1002.1875,0,0.9790583,497.8125,1199.0625,0,1.00611,497.8125,1381.875,0,1.1109682,488.4375,1452.1875,0,1.0060757,forward,110.25785459592174,1
1288,42.97626666666667,201.2960910797119,,,,,,,,,,,,,,,,,,,,516.5625,997.5,0,0.9603418,497.8125,1194.375,0,0.9958104,497.8125,1381.875,0,1.1019918,488.4375,1452.1875,0,1.0020514,forward,112.12738530582368,1
1289,43.00963333333333,194.35596466064453,,,,,,,,,,,,,,,,,,,,516.5625,997.5,0,0.96463364,497.8125,1194.375,0,0.9994111,497.8125,1381.875,0,1.1016529,488.4375,1452.1875,0,1.018657,forward,112.12738530582368,1
1290,43.043,187.95323371887207,,,,,,,,,,,,,,,,,,,,521.25,997.5,0,0.95140225,502.5,1194.375,0,0.9926903,497.8125,1381.875,0,1.0935988,488.4375,1452.1875,0,1.0075166,forward,112.12738530582368,1
1291,43.076366666666665,187.44707107543945,,,,,,,,,,,,,,,,,,,,525.9375,997.5,0,0.9490954,507.1875,1194.375,0,0.9892893,497.8125,1381.875,0,1.086001,488.4375,1452.1875,0,1.003837,forward,112.12738530582368,1
1292,43.10973333333333,188.41195106506348,,,,,,,,,,,,,,,,,,,,535.3125,997.5,0,0.94979036,507.1875,1189.6875,0,0.9898945,497.8125,1377.1875,0,1.0851045,488.4375,1452.1875,0,0.995577,forward,109.92700620357633,1
1293,43.143100000000004,200.26898384094238,,,,,,,,,,,,,,,,,,,,540.0,997.5,0,0.9436772,507.1875,1189.6875,0,0.9841165,502.5,1377.1875,0,1.0893083,483.75,1456.875,0,1.01194,forward,109.92700620357633,1
1294,43.17646666666667,195.7089900970459,,,,,,,,,,,,,,,,,,,,540.0,1002.1875,0,0.9476983,507.1875,1185.0,0,0.98080635,507.1875,1372.5,0,1.0948565,483.75,1456.875,0,1.0052123,forward,105.87218541899782,1
1295,43.209833333333336,195.14107704162598,,,,,,,,,,,,,,,,,,,,540.0,997.5,0,0.9505402,502.5,1180.3125,0,0.9809884,511.875,1372.5,0,1.0948896,483.75,1456.875,0,0.9975506,forward,107.82687496303441,1
1296,43.2432,195.26100158691406,,,,,,,,,,,,,,,,,,,,544.6875,997.5,0,0.95208764,502.5,1180.3125,0,0.977492,516.5625,1372.5,0,1.0881029,483.75,1452.1875,0,0.9816835,forward,107.82687496303441,1
1297,43.27656666666667,193.1898593902588,,,,,,,,,,,,,,,,,,,,544.6875,992.8125,0,0.9575156,502.5,1170.9375,0,0.98143154,521.25,1372.5,0,1.0948465,488.4375,1452.1875,0,0.9829713,forward,110.16789575100496,1
1298,43.30993333333333,189.46313858032227,,,,,,,,,,,,,,,,,,,,549.375,992.8125,0,0.9575508,507.1875,1170.9375,0,0.9810577,511.875,1372.5,0,1.0858417,497.8125,1456.875,0,0.98536676,forward,110.16789575100496,1
1299,43.3433,189.24427032470703,,,,,,,,,,,,,,,,,,,,549.375,992.8125,0,0.9526136,511.875,1175.625,0,0.98127043,497.8125,1372.5,0,1.052367,502.5,1452.1875,0,0.9830928,forward,109.88219877818273,1
1300,43.376666666666665,192.49510765075684,,,,,,,,,,,,,,,,,,,,554.0625,992.8125,0,0.95826256,516.5625,1180.3125,0,0.9966886,488.4375,1381.875,0,1.042001,497.8125,1461.5625,0,1.0033342,forward,114.03532544526358,1
1301,43.41003333333333,191.20311737060547,,,,,,,,,,,,,,,,,,,,558.75,992.8125,0,0.9555539,521.25,1180.3125,0,0.99431634,479.0625,1381.875,0,1.0361828,488.4375,1461.5625,0,1.0007223,forward,114.03532544526358,0
1302,43.443400000000004,200.3631591796875,,,,,,,,,,,,,,,,,,,,558.75,992.8125,0,0.9649652,516.5625,1180.3125,0,0.9954686,483.75,1381.875,0,1.0405871,474.375,1461.5625,0,0.98319316,forward,114.03532544526358,1
1303,43.47676666666667,195.60813903808594,,,,,,,,,,,,,,,,,,,,558.75,992.8125,0,0.9707597,516.5625,1180.3125,0,1.0020325,483.75,1381.875,0,1.0634232,469.6875,1452.1875,0,0.94995713,forward,114.03532544526358,1
1304,43.510133333333336,195.145845413208,,,,,,,,,,,,,,,,,,,,558.75,992.8125,0,0.9692633,516.5625,1180.3125,0,1.0022473,488.4375,1386.5625,0,1.0719028,465.0,1452.1875,0,0.9158546,forward,116.36110379652838,1
1305,43.5435,195.00994682312012,,,,,,,,,,,,,,,,,,,,554.0625,992.8125,0,0.965221,516.5625,1180.3125,0,1.0008729,488.4375,1381.875,0,1.0807453,465.0,1452.1875,0,0.9220277,forward,114.03532544526358,1
1306,43.57686666666667,195.9857940673828,,,,,,,,,,,,,,,,,,,,554.0625,992.8125,0,0.97966063,511.875,1180.3125,0,1.0075029,488.4375,1381.875,0,1.0868669,465.0,1452.1875,0,0.9356972,forward,114.03532544526358,1
1307,43.61023333333333,196.76685333251953,,,,,,,,,,,,,,,,,,,,554.0625,992.8125,0,0.9951912,511.875,1180.3125,0,1.0153838,488.4375,1381.875,0,1.0846034,469.6875,1456.875,0,0.9638363,forward,114.03532544526358,1
1308,43.6436,195.5561637878418,,,,,,,,,,,,,,,,,,,,554.0625,992.8125,0,0.9859343,511.875,1180.3125,0,1.0070243,483.75,1377.1875,0,1.08465,465.0,1456.875,0,0.97969675,forward,111.8588577997678,1
1309,43.676966666666665,195.94430923461914,,,,,,,,,,,,,,,,,,,,549.375,992.8125,0,0.96258426,507.1875,1180.3125,0,0.99411714,483.75,1372.5,0,1.0712302,469.6875,1452.1875,0,0.9765266,forward,109.80353398461949,1
1310,43.71033333333333,194.97394561767578,,,,,,,,,,,,,,,,,,,,549.375,992.8125,0,0.9712887,507.1875,1180.3125,0,1.0001991,483.75,1372.5,0,1.073509,465.0,1452.1875,0,0.98683596,forward,109.80353398461949,1
1311,43.743700000000004,194.97394561767578,,,,,,,,,,,,,,,,,,,,544.6875,992.8125,0,0.96232665,502.5,1180.3125,0,0.99126184,483.75,1367.8125,0,1.0686435,465.0,1442.8125,0,0.9721322,forward,107.8488444405829,1
1312,43.77706666666667,195.19519805908203,,,,,,,,,,,,,,,,,,,,540.0,992.8125,0,0.96110636,502.5,1180.3125,0,0.99112165,483.75,1363.125,0,1.0682608,465.0,1442.8125,0,0.97491837,forward,105.97931373068096,1
1313,43.810433333333336,194.57387924194336,,,,,,,,,,,,,,,,,,,,540.0,992.8125,0,0.95213103,502.5,1175.625,0,0.98141456,483.75,1363.125,0,1.067975,465.0,1438.125,0,0.9538164,forward,105.87218541899782,1
1314,43.8438,194.8399543762207,,,,,,,,,,,,,,,,,,,,535.3125,992.8125,0,0.94630647,502.5,1180.3125,0,0.9822273,479.0625,1367.8125,0,1.0566249,465.0,1438.125,0,0.9623995,forward,107.8488444405829,1
1315,43.87716666666667,194.9310302734375,,,,,,,,,,,,,,,,,,,,535.3125,997.5,0,0.94260573,497.8125,1185.0,0,0.96942466,479.0625,1363.125,0,1.0538518,465.0,1442.8125,0,0.96977925,forward,104.18293799600733,1
1316,43.91053333333333,195.88613510131836,,,,,,,,,,,,,,,,,,,,530.625,992.8125,0,0.963235,497.8125,1185.0,0,0.98190486,479.0625,1367.8125,0,1.0677333,465.0,1442.8125,0,0.9658891,forward,108.05747549367439,1
1317,43.9439,195.6779956817627,,,,,,,,,,,,,,,,,,,,525.9375,992.8125,0,0.9580991,497.8125,1185.0,0,0.98377347,479.0625,1367.8125,0,1.0670602,469.6875,1442.8125,0,0.94581956,forward,108.05747549367439,1
1318,43.977266666666665,194.78678703308105,,,,,,,,,,,,,,,,,,,,521.25,992.8125,0,0.96641845,493.125,1185.0,0,0.9912827,479.0625,1372.5,0,1.0797994,465.0,1442.8125,0,0.9582157,forward,109.92700620357633,1
1319,44.01063333333333,194.5030689239502,,,,,,,,,,,,,,,,,,,,516.5625,992.8125,0,0.96488607,493.125,1189.6875,0,0.9924593,479.0625,1372.5,0,1.0858246,465.0,1442.8125,0,0.94208443,forward,110.25785459592174,1
1320,44.044000000000004,195.512056350708,,,,,,,,,,,,,,,,,,,,511.875,992.8125,0,0.98034275,488.4375,1189.6875,0,1.0044626,479.0625,1372.5,0,1.0993838,465.0,1442.8125,0,0.95359385,forward,110.25785459592174,1
1321,44.07736666666667,194.88883018493652,,,,,,,,,,,,,,,,,,,,507.1875,997.5,0,0.9791727,483.75,1194.375,0,1.0018132,479.0625,1372.5,0,1.101623,465.0,1442.8125,0,0.9420123,forward,108.46147886124811,1
1322,44.110733333333336,194.6711540222168,,,,,,,,,,,,,,,,,,,,502.5,997.5,0,0.9858437,483.75,1194.375,0,1.0053893,479.0625,1372.5,0,1.1092942,465.0,1442.8125,0,0.9593618,forward,108.46147886124811,1
1323,44.1441,195.24025917053223,,,,,,,,,,,,,,,,,,,,497.8125,997.5,0,1.0018291,483.75,1194.375,0,1.0180378,479.0625,1372.5,0,1.1193355,469.6875,1442.8125,0,0.9416084,forward,108.46147886124811,1
1324,44.17746666666667,196.89512252807617,,,,,,,,,,,,,,,,,,,,493.125,997.5,0,0.9829085,479.0625,1194.375,0,1.0007372,479.0625,1372.5,0,1.0953879,465.0,1442.8125,0,0.94789994,forward,108.46147886124811,1
1325,44.21083333333333,196.5618133544922,,,,,,,,,,,,,,,,,,,,488.4375,997.5,0,0.99610746,474.375,1194.375,0,1.004914,479.0625,1372.5,0,1.1021502,469.6875,1438.125,0,0.92684805,forward,108.46147886124811,1
1326,44.2442,195.3749656677246,,,,,,,,,,,,,,,,,,,,483.75,997.5,0,0.995008,469.6875,1194.375,0,1.0049462,479.0625,1372.5,0,1.1047027,469.6875,1442.8125,0,0.9468466,forward,108.46147886124811,1
1327,44.277566666666665,195.84894180297852,,,,,,,,,,,,,,,,,,,,479.0625,997.5,0,0.9912673,465.0,1194.375,0,1.0020539,479.0625,1372.5,0,1.1042554,465.0,1442.8125,0,0.94691724,forward,108.46147886124811,1
1328,44.31093333333333,196.02704048156738,,,,,,,,,,,,,,,,,,,,474.375,997.5,0,0.9893608,465.0,1194.375,0,1.0026517,479.0625,1372.5,0,1.1069634,469.6875,1442.8125,0,0.9428488,forward,108.46147886124811,1
1329,44.344300000000004,196.20203971862793,,,,,,,,,,,,,,,,,,,,469.6875,1002.1875,0,0.9877096,465.0,1194.375,0,1.0032327,479.0625,1372.5,0,1.1067948,469.6875,1442.8125,0,0.9326645,forward,106.26109975900076,1
1330,44.37766666666667,196.3639259338379,,,,,,,,,,,,,,,,,,,,465.0,1002.1875,0,0.9911887,460.3125,1194.375,0,0.9997835,479.0625,1372.5,0,1.1027608,465.0,1442.8125,0,0.946937,forward,106.26109975900076,1
1331,44.411033333333336,196.25496864318848,,,,,,,,,,,,,,,,,,,,460.3125,1002.1875,0,0.9876904,460.3125,1194.375,0,1.0000253,479.0625,1372.5,0,1.105291,465.0,1447.5,0,0.95910376,forward,106.26109975900076,1
1332,44.4444,197.79586791992188,,,,,,,,,,,,,,,,,,,,460.3125,1002.1875,0,0.98780954,455.625,1194.375,0,0.99469614,479.0625,1372.5,0,1.1035293,465.0,1447.5,0,0.9500507,forward,106.26109975900076,1
1333,44.47776666666667,196.3961124420166,,,,,,,,,,,,,,,,,,,,455.625,1002.1875,0,0.9928926,455.625,1194.375,0,0.99731576,479.0625,1372.5,0,1.1079266,469.6875,1442.8125,0,0.94534266,forward,106.26109975900076,1
1334,44.51113333333333,195.77431678771973,,,,,,,,,,,,,,,,,,,,455.625,1002.1875,0,0.9882659,455.625,1194.375,0,1.0022038,474.375,1372.5,0,1.1036601,465.0,1442.8125,0,0.9476447,forward,106.26109975900076,1
1335,44.5445,196.38490676879883,,,,,,,,,,,,,,,,,,,,450.9375,1002.1875,0,0.99024796,450.9375,1194.375,0,1.0026529,474.375,1377.1875,0,1.1034987,465.0,1447.5,0,0.9610373,forward,108.05747549367439,1
1336,44.577866666666665,196.10309600830078,,,,,,,,,,,,,,,,,,,,446.25,1002.1875,0,0.99144906,450.9375,1194.375,0,1.0040263,474.375,1377.1875,0,1.100855,465.0,1447.5,0,0.95596564,forward,108.05747549367439,1
1337,44.61123333333333,195.98793983459473,,,,,,,,,,,,,,,,,,,,446.25,1002.1875,0,0.99162585,446.25,1194.375,0,1.0015539,474.375,1372.5,0,1.0999087,465.0,1447.5,0,0.9587753,forward,106.26109975900076,1
1338,44.644600000000004,196.51484489440918,,,,,,,,,,,,,,,,,,,,446.25,1002.1875,0,0.9934914,446.25,1194.375,0,0.99574196,474.375,1372.5,0,1.102498,465.0,1447.5,0,0.95017993,forward,106.26109975900076,1
1339,44.67796666666667,195.88208198547363,,,,,,,,,,,,,,,,,,,,446.25,1002.1875,0,0.9847898,446.25,1194.375,0,0.9893736,474.375,1372.5,0,1.0972962,465.0,1447.5,0,0.9414687,forward,106.26109975900076,1
1340,44.711333333333336,195.78027725219727,,,,,,,,,,,,,,,,,,,,446.25,1002.1875,0,0.9864154,446.25,1194.375,0,0.99364775,474.375,1372.5,0,1.0972497,465.0,1447.5,0,0.9471985,forward,106.26109975900076,1
1341,44.7447,196.64406776428223,,,,,,,,,,,,,,,,,,,,446.25,1002.1875,0,0.9905153,446.25,1194.375,0,0.99919546,474.375,1372.5,0,1.1004877,465.0,1447.5,0,0.9517209,forward,106.26109975900076,1
1342,44.77806666666667,193.93301010131836,,,,,,,,,,,,,,,,,,,,441.5625,1002.1875,0,0.98776996,446.25,1194.375,0,0.9958563,474.375,1372.5,0,1.0978894,465.0,1447.5,0,0.94288623,forward,106.26109975900076,1
1343,44.81143333333333,195.0368881225586,,,,,,,,,,,,,,,,,,,,446.25,1002.1875,0,0.9861525,446.25,1194.375,0,0.98882556,474.375,1372.5,0,1.0975041,465.0,1442.8125,0,0.92924106,forward,106.26109975900076,1
1344,44.8448,201.10392570495605,,,,,,,,,,,,,,,,,,,,446.25,1002.1875,0,0.9838448,446.25,1194.375,0,0.9867554,474.375,1372.5,0,1.0956256,465.0,1447.5,0,0.9401913,forward,106.26109975900076,1
1345,44.878166666666665,194.70906257629395,,,,,,,,,,,,,,,,,,,,446.25,997.5,0,0.9810041,446.25,1194.375,0,0.9892819,474.375,1372.5,0,1.0940232,465.0,1442.8125,0,0.93006885,forward,108.46147886124811,1
1346,44.91153333333333,195.3420639038086,,,,,,,,,,,,,,,,,,,,446.25,997.5,0,0.9794737,446.25,1189.6875,0,0.9884617,474.375,1372.5,0,1.0901843,465.0,1442.8125,0,0.9206159,forward,108.05747549367439,1
1347,44.944900000000004,195.55926322937012,,,,,,,,,,,,,,,,,,,,446.25,997.5,0,0.979894,450.9375,1189.6875,0,0.991042,474.375,1372.5,0,1.0934033,469.6875,1442.8125,0,0.9234234,forward,108.05747549367439,1
1348,44.97826666666667,195.88303565979004,,,,,,,,,,,,,,,,,,,,450.9375,997.5,0,0.97481835,450.9375,1189.6875,0,0.99317193,474.375,1372.5,0,1.0952498,465.0,1442.8125,0,0.928312,forward,108.05747549367439,1
1349,45.011633333333336,196.82908058166504,,,,,,,,,,,,,,,,,,,,455.625,997.5,0,0.9798832,450.9375,1189.6875,0,0.99336183,474.375,1372.5,0,1.0947232,465.0,1442.8125,0,0.926388,forward,108.05747549367439,1
1350,45.045,196.28095626831055,,,,,,,,,,,,,,,,,,,,455.625,997.5,0,0.98238903,455.625,1189.6875,0,0.99011475,479.0625,1372.5,0,1.090673,469.6875,1442.8125,0,0.9148549,forward,108.05747549367439,1
1351,45.07836666666667,196.24805450439453,,,,,,,,,,,,,,,,,,,,460.3125,997.5,0,0.97438776,455.625,1189.6875,0,0.9863268,479.0625,1372.5,0,1.0864594,469.6875,1442.8125,0,0.92238927,forward,108.05747549367439,1
1352,45.11173333333333,196.4399814605713,,,,,,,,,,,,,,,,,,,,460.3125,997.5,0,0.9764416,460.3125,1189.6875,0,0.99130833,479.0625,1372.5,0,1.0939915,469.6875,1442.8125,0,0.9332146,forward,108.05747549367439,1
1353,45.1451,194.3819522857666,,,,,,,,,,,,,,,,,,,,465.0,1002.1875,0,0.97779864,460.3125,1189.6875,0,0.9843446,479.0625,1372.5,0,1.0845869,469.6875,1442.8125,0,0.9246056,forward,105.97931373068096,1
1354,45.178466666666665,199.5089054107666,,,,,,,,,,,,,,,,,,,,469.6875,1002.1875,0,0.9824985,460.3125,1194.375,0,0.990274,479.0625,1372.5,0,1.0888567,469.6875,1438.125,0,0.91996527,forward,106.26109975900076,1
1355,45.21183333333333,194.47803497314453,,,,,,,,,,,,,,,,,,,,474.375,1002.1875,0,0.99369067,465.0,1194.375,0,1.0032108,479.0625,1372.5,0,1.1025519,469.6875,1442.8125,0,0.93792737,forward,106.26109975900076,1
1356,45.245200000000004,195.76597213745117,,,,,,,,,,,,,,,,,,,,479.0625,1002.1875,0,0.9838374,469.6875,1194.375,0,0.9948027,479.0625,1372.5,0,1.0936987,469.6875,1438.125,0,0.9424665,forward,106.26109975900076,1
1357,45.27856666666667,194.7801113128662,,,,,,,,,,,,,,,,,,,,483.75,1002.1875,0,0.9906269,469.6875,1194.375,0,1.0014915,479.0625,1372.5,0,1.0945728,469.6875,1438.125,0,0.9435234,forward,106.26109975900076,1
1358,45.311933333333336,191.76816940307617,,,,,,,,,,,,,,,,,,,,488.4375,997.5,0,0.98535675,474.375,1189.6875,0,1.002793,479.0625,1372.5,0,1.0944791,469.6875,1438.125,0,0.92641187,forward,108.05747549367439,1
1359,45.3453,189.53680992126465,,,,,,,,,,,,,,,,,,,,493.125,1002.1875,0,0.99234384,479.0625,1189.6875,0,1.0064896,479.0625,1372.5,0,1.0939431,469.6875,1438.125,0,0.9358711,forward,105.97931373068096,1
1360,45.37866666666667,192.08502769470215,,,,,,,,,,,,,,,,,,,,497.8125,997.5,0,0.9861145,479.0625,1189.6875,0,1.008313,479.0625,1372.5,0,1.1002386,469.6875,1438.125,0,0.9622469,forward,108.05747549367439,1
1361,45.41203333333333,190.98591804504395,,,,,,,,,,,,,,,,,,,,502.5,997.5,0,0.9901741,483.75,1189.6875,0,1.0097361,479.0625,1372.5,0,1.0945977,469.6875,1438.125,0,0.95303005,forward,108.05747549367439,1
1362,45.4454,191.61605834960938,,,,,,,,,,,,,,,,,,,,502.5,997.5,0,0.9904077,483.75,1189.6875,0,1.00549,479.0625,1372.5,0,1.0978284,469.6875,1438.125,0,0.95240283,forward,108.05747549367439,1
1363,45.478766666666665,193.09401512145996,,,,,,,,,,,,,,,,,,,,507.1875,997.5,0,0.9703845,488.4375,1189.6875,0,0.99545085,479.0625,1372.5,0,1.0867054,469.6875,1438.125,0,0.95343155,forward,108.05747549367439,1
1364,45.51213333333333,193.09735298156738,,,,,,,,,,,,,,,,,,,,507.1875,1002.1875,0,0.9782522,488.4375,1189.6875,0,1.0017073,479.0625,1372.5,0,1.0919049,469.6875,1438.125,0,0.96924543,forward,105.97931373068096,1
1365,45.545500000000004,192.57712364196777,,,,,,,,,,,,,,,,,,,,511.875,997.5,0,0.96567047,493.125,1189.6875,0,0.9934763,479.0625,1372.5,0,1.0807151,465.0,1442.8125,0,0.96003485,forward,108.05747549367439,1
1366,45.57886666666667,188.6751651763916,,,,,,,,,,,,,,,,,,,,516.5625,997.5,0,0.9629804,493.125,1189.6875,0,0.99565136,479.0625,1372.5,0,1.0806217,465.0,1442.8125,0,0.95739084,forward,108.05747549367439,1
1367,45.612233333333336,187.73293495178223,,,,,,,,,,,,,,,,,,,,516.5625,992.8125,0,0.9571755,493.125,1185.0,0,0.99442774,479.0625,1372.5,0,1.0729436,465.0,1438.125,0,0.94062674,forward,109.92700620357633,1
1368,45.6456,187.3762607574463,,,,,,,,,,,,,,,,,,,,521.25,997.5,0,0.96140146,493.125,1185.0,0,0.9973221,479.0625,1372.5,0,1.0786915,465.0,1442.8125,0,0.95249355,forward,107.8488444405829,1
1369,45.67896666666667,188.77315521240234,,,,,,,,,,,,,,,,,,,,525.9375,992.8125,0,0.9459996,493.125,1185.0,0,0.98658526,479.0625,1372.5,0,1.0646323,465.0,1442.8125,0,0.9555599,forward,109.92700620357633,1
1370,45.71233333333333,191.17403030395508,,,,,,,,,,,,,,,,,,,,525.9375,997.5,0,0.95507634,497.8125,1185.0,0,0.9878876,479.0625,1372.5,0,1.0571585,465.0,1442.8125,0,0.94631505,forward,107.8488444405829,1
1371,45.7457,190.48619270324707,,,,,,,,,,,,,,,,,,,,530.625,992.8125,0,0.95405537,497.8125,1180.3125,0,0.98656726,479.0625,1372.5,0,1.0573089,465.0,1442.8125,0,0.9325876,forward,109.80353398461949,1
1372,45.779066666666665,189.73278999328613,,,,,,,,,,,,,,,,,,,,530.625,992.8125,0,0.950772,497.8125,1180.3125,0,0.9791051,479.0625,1372.5,0,1.0537295,465.0,1442.8125,0,0.94583,forward,109.80353398461949,1
1373,45.81243333333333,191.20311737060547,,,,,,,,,,,,,,,,,,,,535.3125,992.8125,0,0.96327186,497.8125,1180.3125,0,0.98421204,479.0625,1367.8125,0,1.0554209,465.0,1442.8125,0,0.9398952,forward,107.8488444405829,1
1374,45.845800000000004,191.0421848297119,,,,,,,,,,,,,,,,,,,,535.3125,992.8125,0,0.9701873,497.8125,1180.3125,0,0.99258494,479.0625,1367.8125,0,1.0649819,465.0,1442.8125,0,0.942146,forward,107.8488444405829,1
1375,45.87916666666667,192.75403022766113,,,,,,,,,,,,,,,,,,,,535.3125,992.8125,0,0.97522116,497.8125,1180.3125,0,0.9982103,479.0625,1367.8125,0,1.0711745,465.0,1442.8125,0,0.93385804,forward,107.8488444405829,1
1376,45.912533333333336,190.11211395263672,,,,,,,,,,,,,,,,,,,,535.3125,992.8125,0,0.97119,493.125,1180.3125,0,0.99273413,479.0625,1367.8125,0,1.0656128,465.0,1442.8125,0,0.93893886,forward,107.8488444405829,1
1377,45.9459,192.43812561035156,,,,,,,,,,,,,,,,,,,,535.3125,992.8125,0,0.96829224,493.125,1180.3125,0,0.9913266,479.0625,1367.8125,0,1.0628122,465.0,1438.125,0,0.9444655,forward,107.8488444405829,1
1378,45.97926666666667,190.97590446472168,,,,,,,,,,,,,,,,,,,,530.625,992.8125,0,0.9635968,493.125,1180.3125,0,0.9897821,479.0625,1367.8125,0,1.0600158,460.3125,1438.125,0,0.9402349,forward,107.8488444405829,1
1379,46.01263333333333,193.2528018951416,,,,,,,,,,,,,,,,,,,,530.625,992.8125,0,0.96888864,493.125,1180.3125,0,0.9926538,474.375,1367.8125,0,1.0668726,460.3125,1438.125,0,0.93040365,forward,107.8488444405829,1
1380,46.046,190.18912315368652,,,,,,,,,,,,,,,,,,,,530.625,992.8125,0,0.96612763,493.125,1180.3125,0,0.99296725,474.375,1367.8125,0,1.0624986,460.3125,1438.125,0,0.9443457,forward,107.8488444405829,1
1381,46.079366666666665,193.33481788635254,,,,,,,,,,,,,,,,,,,,530.625,992.8125,0,0.95129025,493.125,1180.3125,0,0.9802947,474.375,1363.125,0,1.0505075,460.3125,1438.125,0,0.9424025,forward,105.97931373068096,1
1382,46.11273333333333,193.72200965881348,,,,,,,,,,,,,,,,,,,,530.625,992.8125,0,0.9545059,493.125,1180.3125,0,0.98071396,474.375,1363.125,0,1.0562739,460.3125,1438.125,0,0.9339633,forward,105.97931373068096,1
1383,46.146100000000004,192.93522834777832,,,,,,,,,,,,,,,,,,,,530.625,988.125,0,0.95616287,493.125,1180.3125,0,0.9865658,474.375,1363.125,0,1.0581813,460.3125,1438.125,0,0.9205901,forward,108.05747549367439,1
1384,46.17946666666667,192.42405891418457,,,,,,,,,,,,,,,,,,,,525.9375,992.8125,0,0.95464015,493.125,1180.3125,0,0.9847728,474.375,1363.125,0,1.0591887,460.3125,1438.125,0,0.93953073,forward,105.97931373068096,1
1385,46.212833333333336,191.94388389587402,,,,,,,,,,,,,,,,,,,,525.9375,992.8125,0,0.9468828,493.125,1185.0,0,0.98310256,474.375,1367.8125,0,1.0627177,460.3125,1438.125,0,0.93724656,forward,108.05747549367439,1
1386,46.2462,192.34085083007812,,,,,,,,,,,,,,,,,,,,521.25,992.8125,0,0.94642353,493.125,1185.0,0,0.98401654,474.375,1372.5,0,1.0610949,460.3125,1438.125,0,0.9350858,forward,109.92700620357633,1
1387,46.27956666666667,192.49415397644043,,,,,,,,,,,,,,,,,,,,521.25,997.5,0,0.95453835,488.4375,1185.0,0,0.99271536,474.375,1372.5,0,1.0673835,460.3125,1438.125,0,0.9312997,forward,107.8488444405829,1
1388,46.31293333333333,192.23499298095703,,,,,,,,,,,,,,,,,,,,516.5625,992.8125,0,0.94082606,488.4375,1185.0,0,0.98437524,474.375,1372.5,0,1.061002,460.3125,1438.125,0,0.93466526,forward,109.92700620357633,1
1389,46.3463,192.00587272644043,,,,,,,,,,,,,,,,,,,,511.875,992.8125,0,0.9386976,488.4375,1189.6875,0,0.9843645,474.375,1372.5,0,1.0601189,460.3125,1438.125,0,0.93871117,forward,110.25785459592174,1
1390,46.379666666666665,191.62869453430176,,,,,,,,,,,,,,,,,,,,507.1875,997.5,0,0.94861937,483.75,1189.6875,0,0.9851064,474.375,1372.5,0,1.0648112,460.3125,1438.125,0,0.9386102,forward,108.05747549367439,1
1391,46.41303333333333,197.88289070129395,,,,,,,,,,,,,,,,,,,,507.1875,992.8125,0,0.95790845,483.75,1185.0,0,0.9926196,469.6875,1372.5,0,1.0668886,460.3125,1438.125,0,0.913694,forward,109.92700620357633,1
1392,46.446400000000004,187.98518180847168,,,,,,,,,,,,,,,,,,,,502.5,997.5,0,0.953055,483.75,1189.6875,0,0.9854582,469.6875,1372.5,0,1.0604725,460.3125,1438.125,0,0.9420834,forward,108.05747549367439,1
1393,46.47976666666667,187.20221519470215,,,,,,,,,,,,,,,,,,,,497.8125,997.5,0,0.95839113,479.0625,1189.6875,0,0.981312,469.6875,1372.5,0,1.056715,460.3125,1438.125,0,0.9342621,forward,108.05747549367439,1
1394,46.513133333333336,187.59989738464355,,,,,,,,,,,,,,,,,,,,493.125,997.5,0,0.9593998,474.375,1189.6875,0,0.990564,469.6875,1372.5,0,1.0716301,460.3125,1438.125,0,0.94055235,forward,108.05747549367439,1
1395,46.5465,187.20412254333496,,,,,,,,,,,,,,,,,,,,488.4375,997.5,0,0.9563358,474.375,1189.6875,0,0.98225,469.6875,1372.5,0,1.062305,460.3125,1438.125,0,0.921162,forward,108.05747549367439,1
1396,46.57986666666667,189.95976448059082,,,,,,,,,,,,,,,,,,,,483.75,997.5,0,0.9644057,469.6875,1189.6875,0,0.9900712,469.6875,1372.5,0,1.0759559,460.3125,1438.125,0,0.9154071,forward,108.05747549367439,1
1397,46.61323333333333,191.99490547180176,,,,,,,,,,,,,,,,,,,,479.0625,997.5,0,0.9616314,465.0,1189.6875,0,0.9844872,469.6875,1372.5,0,1.0678908,460.3125,1438.125,0,0.91362476,forward,108.05747549367439,1
1398,46.6466,190.92512130737305,,,,,,,,,,,,,,,,,,,,474.375,997.5,0,0.96416056,465.0,1189.6875,0,0.98191756,469.6875,1372.5,0,1.0679007,460.3125,1438.125,0,0.9138101,forward,108.05747549367439,1
1399,46.679966666666665,192.34371185302734,,,,,,,,,,,,,,,,,,,,474.375,997.5,0,0.9643205,460.3125,1194.375,0,0.9771343,469.6875,1372.5,0,1.0612521,460.3125,1438.125,0,0.9121487,forward,108.46147886124811,1
1400,46.71333333333333,190.5190944671631,,,,,,,,,,,,,,,,,,,,469.6875,1002.1875,0,0.9718299,455.625,1194.375,0,0.9768311,469.6875,1372.5,0,1.0703797,460.3125,1438.125,0,0.8966831,forward,106.26109975900076,1
1401,46.746700000000004,192.52300262451172,,,,,,,,,,,,,,,,,,,,465.0,1002.1875,0,0.97080994,455.625,1194.375,0,0.97569144,469.6875,1377.1875,0,1.0751815,460.3125,1442.8125,0,0.9100092,forward,108.05747549367439,1
1402,46.78006666666667,191.87092781066895,,,,,,,,,,,,,,,,,,,,460.3125,1002.1875,0,0.97987634,455.625,1189.6875,0,0.9854549,469.6875,1372.5,0,1.0801895,460.3125,1442.8125,0,0.9205967,forward,105.97931373068096,1
1403,46.813433333333336,192.35491752624512,,,,,,,,,,,,,,,,,,,,460.3125,1002.1875,0,0.9776671,450.9375,1194.375,0,0.9870506,469.6875,1372.5,0,1.0806857,460.3125,1438.125,0,0.90182185,forward,106.26109975900076,1
1404,46.8468,189.56995010375977,,,,,,,,,,,,,,,,,,,,455.625,1002.1875,0,0.9777843,450.9375,1189.6875,0,0.9851739,469.6875,1372.5,0,1.0788114,460.3125,1438.125,0,0.9054561,forward,105.97931373068096,1
1405,46.88016666666667,192.48485565185547,,,,,,,,,,,,,,,,,,,,450.9375,997.5,0,0.98066527,446.25,1194.375,0,0.99153686,469.6875,1372.5,0,1.0825925,460.3125,1438.125,0,0.9170347,forward,108.46147886124811,1
1406,46.91353333333333,189.6059513092041,,,,,,,,,,,,,,,,,,,,450.9375,1002.1875,0,0.97941947,446.25,1194.375,0,0.99387467,469.6875,1372.5,0,1.0846686,460.3125,1438.125,0,0.917958,forward,106.26109975900076,1
1407,46.9469,191.44105911254883,,,,,,,,,,,,,,,,,,,,450.9375,1002.1875,0,0.97404623,446.25,1194.375,0,0.98719996,469.6875,1372.5,0,1.0844293,460.3125,1438.125,0,0.9072734,forward,106.26109975900076,1
1408,46.980266666666665,190.2029514312744,,,,,,,,,,,,,,,,,,,,446.25,1002.1875,0,0.97047234,446.25,1194.375,0,0.9803357,469.6875,1372.5,0,1.0778657,460.3125,1438.125,0,0.9049194,forward,106.26109975900076,1
1409,47.01363333333333,198.23312759399414,,,,,,,,,,,,,,,,,,,,446.25,1002.1875,0,0.9746118,446.25,1194.375,0,0.9839877,469.6875,1372.5,0,1.0787888,460.3125,1438.125,0,0.90147614,forward,106.26109975900076,1
1410,47.047000000000004,198.17328453063965,,,,,,,,,,,,,,,,,,,,446.25,1002.1875,0,0.97055376,446.25,1194.375,0,0.9794768,469.6875,1372.5,0,1.0724428,460.3125,1442.8125,0,0.9190045,forward,106.26109975900076,1
1411,47.08036666666667,196.62117958068848,,,,,,,,,,,,,,,,,,,,446.25,1002.1875,0,0.97533965,446.25,1194.375,0,0.98034644,469.6875,1372.5,0,1.0796909,460.3125,1442.8125,0,0.9214825,forward,106.26109975900076,1
1412,47.113733333333336,195.42407989501953,,,,,,,,,,,,,,,,,,,,446.25,997.5,0,0.97566336,446.25,1194.375,0,0.97784317,469.6875,1372.5,0,1.0761371,460.3125,1438.125,0,0.91393167,forward,108.46147886124811,1
1413,47.1471,195.6779956817627,,,,,,,,,,,,,,,,,,,,446.25,997.5,0,0.9800252,446.25,1189.6875,0,0.9811738,469.6875,1372.5,0,1.0783634,460.3125,1438.125,0,0.9133159,forward,108.05747549367439,1
1414,47.18046666666667,197.10612297058105,,,,,,,,,,,,,,,,,,,,441.5625,1002.1875,0,0.9804038,446.25,1194.375,0,0.98186195,469.6875,1372.5,0,1.0758833,455.625,1442.8125,0,0.91602564,forward,106.26109975900076,1
1415,47.21383333333333,191.51616096496582,,,,,,,,,,,,,,,,,,,,441.5625,1002.1875,0,0.98044646,446.25,1194.375,0,0.98032486,469.6875,1372.5,0,1.0732155,455.625,1442.8125,0,0.91549635,forward,106.26109975900076,1
1416,47.2472,191.56193733215332,,,,,,,,,,,,,,,,,,,,441.5625,1002.1875,0,0.9700881,446.25,1194.375,0,0.9713249,469.6875,1372.5,0,1.0622714,455.625,1442.8125,0,0.9047928,forward,106.26109975900076,1
1417,47.280566666666665,190.812349319458,,,,,,,,,,,,,,,,,,,,446.25,1002.1875,0,0.9658048,446.25,1189.6875,0,0.9670754,469.6875,1372.5,0,1.0581154,460.3125,1442.8125,0,0.9086414,forward,105.97931373068096,1
1418,47.31393333333333,191.79320335388184,,,,,,,,,,,,,,,,,,,,446.25,1002.1875,0,0.97329605,446.25,1194.375,0,0.96788657,469.6875,1372.5,0,1.0586977,455.625,1442.8125,0,0.9141648,forward,106.26109975900076,1
1419,47.347300000000004,192.11292266845703,,,,,,,,,,,,,,,,,,,,446.25,1002.1875,0,0.9730313,446.25,1189.6875,0,0.96696997,469.6875,1372.5,0,1.0549248,455.625,1442.8125,0,0.90632486,forward,105.97931373068096,1
1420,47.38066666666667,192.89398193359375,,,,,,,,,,,,,,,,,,,,446.25,1002.1875,0,0.977429,446.25,1189.6875,0,0.972608,469.6875,1372.5,0,1.0589404,455.625,1438.125,0,0.8985972,forward,105.97931373068096,1
1421,47.414033333333336,195.2519416809082,,,,,,,,,,,,,,,,,,,,450.9375,1002.1875,0,0.97420424,446.25,1189.6875,0,0.9765587,469.6875,1367.8125,0,1.0494711,455.625,1438.125,0,0.90736496,forward,104.18293799600733,1
1422,47.4474,196.61593437194824,,,,,,,,,,,,,,,,,,,,450.9375,1002.1875,0,0.981197,446.25,1189.6875,0,0.9815334,469.6875,1372.5,0,1.0472873,455.625,1438.125,0,0.9144741,forward,105.97931373068096,1
1423,47.48076666666667,192.80385971069336,,,,,,,,,,,,,,,,,,,,455.625,997.5,0,0.9803548,450.9375,1189.6875,0,0.9876537,469.6875,1372.5,0,1.0459864,455.625,1438.125,0,0.9076488,forward,108.05747549367439,1
1424,47.514133333333334,190.02223014831543,,,,,,,,,,,,,,,,,,,,455.625,997.5,0,0.9753609,455.625,1189.6875,0,0.99179894,469.6875,1372.5,0,1.0497704,455.625,1438.125,0,0.9076003,forward,108.05747549367439,1
1425,47.5475,193.13502311706543,,,,,,,,,,,,,,,,,,,,460.3125,997.5,0,0.9877541,455.625,1189.6875,0,1.001393,469.6875,1372.5,0,1.062471,455.625,1438.125,0,0.90068257,forward,108.05747549367439,1
1426,47.580866666666665,188.0488395690918,,,,,,,,,,,,,,,,,,,,465.0,992.8125,0,0.98378146,460.3125,1189.6875,0,0.99763757,469.6875,1372.5,0,1.0498612,455.625,1438.125,0,0.91487205,forward,110.25785459592174,1
1427,47.61423333333333,187.44969367980957,,,,,,,,,,,,,,,,,,,,465.0,992.8125,0,0.9902996,460.3125,1189.6875,0,1.0029948,469.6875,1372.5,0,1.0520997,455.625,1438.125,0,0.90785766,forward,110.25785459592174,1
1428,47.647600000000004,186.94019317626953,,,,,,,,,,,,,,,,,,,,469.6875,992.8125,0,0.99362963,465.0,1189.6875,0,1.002769,469.6875,1372.5,0,1.0484232,460.3125,1438.125,0,0.9176463,forward,110.25785459592174,1
1429,47.68096666666667,187.58082389831543,,,,,,,,,,,,,,,,,,,,474.375,988.125,0,0.9833837,465.0,1189.6875,0,0.995123,469.6875,1372.5,0,1.0370162,460.3125,1433.4375,0,0.90261304,forward,112.60891360924853,1
1430,47.714333333333336,196.0892677307129,,,,,,,,,,,,,,,,,,,,479.0625,983.4375,0,0.978075,469.6875,1189.6875,0,0.99841213,469.6875,1372.5,0,1.0332808,460.3125,1433.4375,0,0.9198277,forward,115.15166567965915,1
1431,47.7477,192.81721115112305,,,,,,,,,,,,,,,,,,,,483.75,983.4375,0,0.97413164,469.6875,1185.0,0,0.99836314,469.6875,1367.8125,0,1.0260432,460.3125,1433.4375,0,0.9144769,forward,112.60891360924853,1
1432,47.78106666666667,189.9728775024414,,,,,,,,,,,,,,,,,,,,488.4375,983.4375,0,0.98212755,474.375,1185.0,0,0.9989641,469.6875,1367.8125,0,1.018536,460.3125,1433.4375,0,0.91916907,forward,112.60891360924853,1
1433,47.814433333333334,189.04900550842285,,,,,,,,,,,,,,,,,,,,493.125,983.4375,0,0.9867652,474.375,1185.0,0,1.0078753,474.375,1367.8125,0,1.0196464,460.3125,1433.4375,0,0.9238991,forward,112.60891360924853,1
1434,47.8478,190.57202339172363,,,,,,,,,,,,,,,,,,,,497.8125,983.4375,0,0.98918283,479.0625,1185.0,0,1.0044391,474.375,1372.5,0,1.0173591,460.3125,1433.4375,0,0.9406465,forward,114.47844431915047,1
1435,47.881166666666665,190.71722030639648,,,,,,,,,,,,,,,,,,,,502.5,983.4375,0,0.9638667,483.75,1185.0,0,0.9901097,474.375,1372.5,0,1.0094982,460.3125,1438.125,0,0.93490016,forward,114.47844431915047,1
1436,47.91453333333333,191.3599967956543,,,,,,,,,,,,,,,,,,,,507.1875,983.4375,0,0.9446558,483.75,1185.0,0,0.97045463,474.375,1367.8125,0,1.0107865,460.3125,1438.125,0,0.918905,forward,112.60891360924853,1
1437,47.947900000000004,191.29490852355957,,,,,,,,,,,,,,,,,,,,511.875,983.4375,0,0.9349608,488.4375,1185.0,0,0.9644584,474.375,1367.8125,0,1.018724,460.3125,1442.8125,0,0.9116751,forward,112.60891360924853,1
1438,47.98126666666667,190.748929977417,,,,,,,,,,,,,,,,,,,,511.875,983.4375,0,0.9513321,488.4375,1189.6875,0,0.97318745,474.375,1367.8125,0,1.0257261,455.625,1442.8125,0,0.9448087,forward,113.35528994498551,1
1439,48.014633333333336,190.53173065185547,,,,,,,,,,,,,,,,,,,,516.5625,983.4375,0,0.9593054,488.4375,1189.6875,0,0.97696507,474.375,1372.5,0,1.0394586,455.625,1442.8125,0,0.93861794,forward,115.15166567965915,1
1440,48.048,192.57807731628418,,,,,,,,,,,,,,,,,,,,516.5625,978.75,0,0.95585513,493.125,1185.0,0,0.9726782,474.375,1367.8125,0,1.0311897,455.625,1442.8125,0,0.94699216,forward,115.15166567965915,1
1441,48.08136666666667,193.0234432220459,,,,,,,,,,,,,,,,,,,,521.25,978.75,0,0.97167754,493.125,1185.0,0,0.99062055,479.0625,1367.8125,0,1.0346456,455.625,1438.125,0,0.9382963,forward,115.15166567965915,1
1442,48.114733333333334,191.52522087097168,,,,,,,,,,,,,,,,,,,,525.9375,978.75,0,0.9695332,493.125,1185.0,0,0.9812237,479.0625,1367.8125,0,1.028271,455.625,1438.125,0,0.9464779,forward,115.15166567965915,1
1443,48.1481,195.23286819458008,,,,,,,,,,,,,,,,,,,,530.625,978.75,0,0.9751162,497.8125,1185.0,0,0.993168,479.0625,1363.125,0,1.0368847,455.625,1438.125,0,0.9471255,forward,113.35528994498551,1
1444,48.181466666666665,187.72506713867188,,,,,,,,,,,,,,,,,,,,530.625,978.75,0,0.9691067,497.8125,1185.0,0,0.98347425,479.0625,1363.125,0,1.0371034,455.625,1438.125,0,0.9461576,forward,113.35528994498551,1
1445,48.21483333333333,188.40479850769043,,,,,,,,,,,,,,,,,,,,530.625,978.75,0,0.9695492,497.8125,1185.0,0,0.9810815,479.0625,1363.125,0,1.0357863,455.625,1438.125,0,0.9502372,forward,113.35528994498551,1
1446,48.248200000000004,188.0640983581543,,,,,,,,,,,,,,,,,,,,530.625,978.75,0,0.9688932,497.8125,1185.0,0,0.98086226,479.0625,1363.125,0,1.0374818,455.625,1438.125,0,0.9599553,forward,113.35528994498551,1
1447,48.28156666666667,187.84475326538086,,,,,,,,,,,,,,,,,,,,535.3125,978.75,0,0.9544543,493.125,1185.0,0,0.9689772,474.375,1358.4375,0,1.0272565,455.625,1442.8125,0,0.9477074,forward,111.62250927985188,1
1448,48.314933333333336,189.5759105682373,,,,,,,,,,,,,,,,,,,,535.3125,978.75,0,0.95392156,493.125,1185.0,0,0.96825576,469.6875,1363.125,0,1.0220971,455.625,1442.8125,0,0.95125127,forward,113.35528994498551,1
1449,48.3483,191.36500358581543,,,,,,,,,,,,,,,,,,,,535.3125,978.75,0,0.96178305,493.125,1185.0,0,0.9814061,469.6875,1358.4375,0,1.0235736,450.9375,1442.8125,0,0.9499243,forward,111.62250927985188,1
1450,48.38166666666667,190.09995460510254,,,,,,,,,,,,,,,,,,,,535.3125,978.75,0,0.9556775,488.4375,1189.6875,0,0.9687177,465.0,1353.75,0,1.014419,450.9375,1447.5,0,0.9392259,forward,111.115554368837,1
1451,48.415033333333334,191.42866134643555,,,,,,,,,,,,,,,,,,,,535.3125,978.75,0,0.9595008,483.75,1185.0,0,0.97490156,460.3125,1363.125,0,1.0145035,446.25,1452.1875,0,0.9192994,forward,113.35528994498551,1
1452,48.4484,190.1717185974121,,,,,,,,,,,,,,,,,,,,535.3125,978.75,0,0.95691293,483.75,1185.0,0,0.96895343,455.625,1363.125,0,1.0017221,436.875,1447.5,0,0.8937739,forward,113.35528994498551,1
1453,48.481766666666665,191.5431022644043,,,,,,,,,,,,,,,,,,,,535.3125,978.75,0,0.9658106,479.0625,1185.0,0,0.9864888,446.25,1372.5,0,1.01433,427.5,1442.8125,0,0.88909006,forward,117.02119638956108,1
1454,48.51513333333333,189.33510780334473,,,,,,,,,,,,,,,,,,,,530.625,978.75,0,0.96592915,479.0625,1185.0,0,0.9830957,441.5625,1372.5,0,1.0139242,422.8125,1447.5,0,0.89981973,forward,117.02119638956108,1
1455,48.548500000000004,191.1449432373047,,,,,,,,,,,,,,,,,,,,525.9375,978.75,0,0.9665024,479.0625,1189.6875,0,0.9784058,441.5625,1377.1875,0,1.0082067,422.8125,1452.1875,0,0.9190008,forward,119.81865481696991,1
1456,48.58186666666667,189.09025192260742,,,,,,,,,,,,,,,,,,,,525.9375,978.75,0,0.9656626,474.375,1189.6875,0,0.9823643,441.5625,1381.875,0,1.0062286,422.8125,1456.875,0,0.90618706,forward,121.77334436100651,1
1457,48.615233333333336,191.6060447692871,,,,,,,,,,,,,,,,,,,,521.25,983.4375,0,0.97325486,474.375,1189.6875,0,0.98236203,441.5625,1381.875,0,1.0134624,422.8125,1452.1875,0,0.8929227,forward,118.97588593359768,1
1458,48.6486,189.49508666992188,,,,,,,,,,,,,,,,,,,,516.5625,983.4375,0,0.9732131,474.375,1189.6875,0,0.9773027,441.5625,1381.875,0,1.0153522,418.125,1456.875,0,0.908923,forward,118.97588593359768,1
1459,48.68196666666667,192.3370361328125,,,,,,,,,,,,,,,,,,,,516.5625,983.4375,0,0.976997,469.6875,1189.6875,0,0.9734057,441.5625,1381.875,0,1.0164033,418.125,1456.875,0,0.8957387,forward,118.97588593359768,1
1460,48.715333333333334,189.58425521850586,,,,,,,,,,,,,,,,,,,,511.875,988.125,0,0.9794471,469.6875,1194.375,0,0.9733063,441.5625,1381.875,0,1.0251634,413.4375,1456.875,0,0.9054282,forward,117.02119638956108,1
1461,48.7487,191.81084632873535,,,,,,,,,,,,,,,,,,,,507.1875,983.4375,0,0.9693145,465.0,1189.6875,0,0.95793563,441.5625,1381.875,0,1.0175192,413.4375,1456.875,0,0.90233576,forward,118.97588593359768,1
1462,48.782066666666665,189.72206115722656,,,,,,,,,,,,,,,,,,,,497.8125,983.4375,0,0.9638239,460.3125,1189.6875,0,0.9576268,441.5625,1381.875,0,1.0115217,413.4375,1456.875,0,0.89432514,forward,118.97588593359768,1
1463,48.81543333333333,192.2769546508789,,,,,,,,,,,,,,,,,,,,497.8125,983.4375,0,0.9614412,460.3125,1189.6875,0,0.95068276,441.5625,1381.875,0,1.0142807,413.4375,1456.875,0,0.8963896,forward,118.97588593359768,1
1464,48.848800000000004,189.1641616821289,,,,,,,,,,,,,,,,,,,,488.4375,983.4375,0,0.97484803,455.625,1194.375,0,0.97699213,441.5625,1381.875,0,1.017287,413.4375,1452.1875,0,0.9086338,forward,119.81865481696991,1
1465,48.88216666666667,191.31731986999512,,,,,,,,,,,,,,,,,,,,483.75,983.4375,0,0.95687455,450.9375,1189.6875,0,0.9527661,436.875,1381.875,0,1.0090781,413.4375,1452.1875,0,0.908516,forward,118.97588593359768,1
1466,48.915533333333336,190.7501220703125,,,,,,,,,,,,,,,,,,,,479.0625,983.4375,0,0.94401705,446.25,1189.6875,0,0.9503908,436.875,1381.875,0,0.997707,413.4375,1452.1875,0,0.8920034,forward,118.97588593359768,1
1467,48.9489,194.42510604858398,,,,,,,,,,,,,,,,,,,,474.375,983.4375,0,0.9442773,441.5625,1189.6875,0,0.94474447,436.875,1381.875,0,1.0066336,413.4375,1452.1875,0,0.8908238,forward,118.97588593359768,1
1468,48.98226666666667,196.04015350341797,,,,,,,,,,,,,,,,,,,,469.6875,983.4375,0,0.94934976,436.875,1189.6875,0,0.94721687,436.875,1381.875,0,1.011802,413.4375,1456.875,0,0.8924106,forward,118.97588593359768,1
1469,49.015633333333334,194.6280002593994,,,,,,,,,,,,,,,,,,,,460.3125,983.4375,0,0.9482715,436.875,1189.6875,0,0.94335634,436.875,1386.5625,0,1.0224739,413.4375,1456.875,0,0.8889076,forward,121.031209748746,1
1470,49.049,192.0180320739746,,,,,,,,,,,,,,,,,,,,455.625,983.4375,0,0.94494784,432.1875,1189.6875,0,0.9441787,436.875,1381.875,0,1.0188388,413.4375,1456.875,0,0.8948248,forward,118.97588593359768,1
1471,49.082366666666665,191.03384017944336,,,,,,,,,,,,,,,,,,,,450.9375,983.4375,0,0.9486691,427.5,1189.6875,0,0.9451087,436.875,1381.875,0,1.0240862,418.125,1456.875,0,0.90237963,forward,118.97588593359768,1
1472,49.11573333333333,191.0569667816162,,,,,,,,,,,,,,,,,,,,446.25,983.4375,0,0.9491699,427.5,1189.6875,0,0.9407815,436.875,1381.875,0,1.0176661,413.4375,1456.875,0,0.8990252,forward,118.97588593359768,1
1473,49.149100000000004,191.5261745452881,,,,,,,,,,,,,,,,,,,,441.5625,983.4375,0,0.9471438,427.5,1189.6875,0,0.9353622,436.875,1381.875,0,1.0145421,413.4375,1456.875,0,0.9050921,forward,118.97588593359768,1
1474,49.18246666666667,194.11087036132812,,,,,,,,,,,,,,,,,,,,436.875,988.125,0,0.9460623,422.8125,1194.375,0,0.9328556,436.875,1381.875,0,1.0093253,413.4375,1456.875,0,0.89430594,forward,117.02119638956108,1
1475,49.215833333333336,193.817138671875,,,,,,,,,,,,,,,,,,,,436.875,988.125,0,0.95852673,422.8125,1194.375,0,0.9396765,432.1875,1386.5625,0,1.0064652,413.4375,1456.875,0,0.90262246,forward,118.97588593359768,1
1476,49.2492,194.37813758850098,,,,,,,,,,,,,,,,,,,,432.1875,988.125,0,0.9611823,418.125,1194.375,0,0.94109535,436.875,1381.875,0,1.0063525,413.4375,1452.1875,0,0.89952374,forward,117.02119638956108,1
1477,49.28256666666667,194.81277465820312,,,,,,,,,,,,,,,,,,,,427.5,988.125,0,0.9616015,418.125,1194.375,0,0.95021284,432.1875,1386.5625,0,1.0002978,413.4375,1452.1875,0,0.8982509,forward,118.97588593359768,1
1478,49.315933333333334,192.50988960266113,,,,,,,,,,,,,,,,,,,,427.5,988.125,0,0.96741724,418.125,1194.375,0,0.95290303,432.1875,1386.5625,0,1.0091581,413.4375,1452.1875,0,0.8960484,forward,118.97588593359768,1
1479,49.3493,190.72604179382324,,,,,,,,,,,,,,,,,,,,427.5,988.125,0,0.96045035,413.4375,1194.375,0,0.94815147,432.1875,1386.5625,0,1.0012103,413.4375,1452.1875,0,0.89138275,forward,118.97588593359768,1
1480,49.382666666666665,192.2469139099121,,,,,,,,,,,,,,,,,,,,422.8125,988.125,0,0.95151854,413.4375,1194.375,0,0.9537619,432.1875,1386.5625,0,0.9868244,413.4375,1452.1875,0,0.8834467,forward,118.97588593359768,1
1481,49.41603333333333,190.155029296875,,,,,,,,,,,,,,,,,,,,422.8125,983.4375,0,0.9453449,413.4375,1194.375,0,0.9470672,432.1875,1386.5625,0,0.9840574,413.4375,1452.1875,0,0.8840053,forward,121.77334436100651,1
1482,49.449400000000004,192.25597381591797,,,,,,,,,,,,,,,,,,,,422.8125,983.4375,0,0.9482926,413.4375,1194.375,0,0.9448526,432.1875,1386.5625,0,0.9896964,413.4375,1452.1875,0,0.8793344,forward,121.77334436100651,1
1483,49.48276666666667,190.9787654876709,,,,,,,,,,,,,,,,,,,,422.8125,983.4375,0,0.94462705,413.4375,1189.6875,0,0.9490201,432.1875,1386.5625,0,0.98797405,413.4375,1452.1875,0,0.88147193,forward,121.031209748746,1
1484,49.516133333333336,192.0161247253418,,,,,,,,,,,,,,,,,,,,422.8125,978.75,0,0.9376854,413.4375,1189.6875,0,0.9498448,432.1875,1386.5625,0,0.9764332,413.4375,1452.1875,0,0.8766147,forward,123.82866817615482,1
1485,49.5495,189.4400119781494,,,,,,,,,,,,,,,,,,,,427.5,978.75,0,0.93740964,413.4375,1189.6875,0,0.9502841,432.1875,1386.5625,0,0.97991645,413.4375,1452.1875,0,0.8795105,forward,123.82866817615482,1
1486,49.58286666666667,192.54279136657715,,,,,,,,,,,,,,,,,,,,427.5,978.75,0,0.93293595,413.4375,1189.6875,0,0.94425,432.1875,1386.5625,0,0.97419107,413.4375,1452.1875,0,0.8695327,forward,123.82866817615482,1
1487,49.616233333333334,190.29998779296875,,,,,,,,,,,,,,,,,,,,427.5,978.75,0,0.9401063,413.4375,1189.6875,0,0.94508874,432.1875,1386.5625,0,0.98503006,413.4375,1452.1875,0,0.876106,forward,123.82866817615482,1
1488,49.6496,194.86069679260254,,,,,,,,,,,,,,,,,,,,432.1875,983.4375,0,0.9360981,413.4375,1189.6875,0,0.94244766,432.1875,1381.875,0,0.9834318,413.4375,1452.1875,0,0.87528396,forward,118.97588593359768,1
1489,49.682966666666665,190.26589393615723,,,,,,,,,,,,,,,,,,,,432.1875,983.4375,0,0.9371059,413.4375,1189.6875,0,0.935562,432.1875,1386.5625,0,0.9831186,413.4375,1452.1875,0,0.87711155,forward,121.031209748746,1
1490,49.71633333333333,192.30294227600098,,,,,,,,,,,,,,,,,,,,432.1875,983.4375,0,0.9359875,413.4375,1189.6875,0,0.93011403,432.1875,1386.5625,0,0.9831104,413.4375,1452.1875,0,0.87587464,forward,121.031209748746,1
1491,49.749700000000004,189.6979808807373,,,,,,,,,,,,,,,,,,,,436.875,988.125,0,0.93870914,418.125,1189.6875,0,0.9276042,432.1875,1386.5625,0,0.98478436,413.4375,1452.1875,0,0.8743679,forward,118.48845767833538,1
1492,49.78306666666667,192.54517555236816,,,,,,,,,,,,,,,,,,,,436.875,988.125,0,0.9369097,418.125,1189.6875,0,0.93375796,432.1875,1386.5625,0,0.97660017,413.4375,1452.1875,0,0.8719585,forward,118.48845767833538,1
1493,49.816433333333336,190.18793106079102,,,,,,,,,,,,,,,,,,,,441.5625,988.125,0,0.9426658,422.8125,1189.6875,0,0.93399525,436.875,1386.5625,0,0.9780226,413.4375,1452.1875,0,0.8659183,forward,118.48845767833538,1
1494,49.8498,192.01302528381348,,,,,,,,,,,,,,,,,,,,446.25,988.125,0,0.94220096,427.5,1194.375,0,0.9300249,436.875,1386.5625,0,0.9717946,413.4375,1452.1875,0,0.8592558,forward,118.97588593359768,1
1495,49.88316666666667,190.0022029876709,,,,,,,,,,,,,,,,,,,,446.25,988.125,0,0.9440747,427.5,1189.6875,0,0.9193199,436.875,1386.5625,0,0.98051214,413.4375,1452.1875,0,0.8609171,forward,118.48845767833538,1
1496,49.916533333333334,192.01278686523438,,,,,,,,,,,,,,,,,,,,455.625,988.125,0,0.93062794,427.5,1189.6875,0,0.90689087,436.875,1386.5625,0,0.97750735,413.4375,1456.875,0,0.86411226,forward,118.48845767833538,1
1497,49.9499,190.12689590454102,,,,,,,,,,,,,,,,,,,,460.3125,988.125,0,0.91904026,432.1875,1189.6875,0,0.90026236,436.875,1386.5625,0,0.97013104,413.4375,1456.875,0,0.83791864,forward,118.48845767833538,1
1498,49.983266666666665,192.08192825317383,,,,,,,,,,,,,,,,,,,,465.0,983.4375,0,0.92182773,432.1875,1189.6875,0,0.9051405,436.875,1386.5625,0,0.9776999,413.4375,1456.875,0,0.85911846,forward,121.031209748746,1
1499,50.01663333333333,191.92218780517578,,,,,,,,,,,,,,,,,,,,469.6875,983.4375,0,0.9082006,436.875,1189.6875,0,0.90286696,436.875,1386.5625,0,0.97166026,413.4375,1456.875,0,0.8286309,forward,121.031209748746,1
1500,50.050000000000004,191.878080368042,,,,,,,,,,,,,,,,,,,,474.375,988.125,0,0.91223216,436.875,1189.6875,0,0.9125124,436.875,1386.5625,0,0.98537123,413.4375,1456.875,0,0.8371881,forward,118.48845767833538,1
1501,50.08336666666667,191.62297248840332,,,,,,,,,,,,,,,,,,,,479.0625,988.125,0,0.93038875,441.5625,1194.375,0,0.92663014,436.875,1381.875,0,0.98637974,413.4375,1456.875,0,0.8602294,forward,117.02119638956108,1
1502,50.116733333333336,195.32418251037598,,,,,,,,,,,,,,,,,,,,483.75,992.8125,0,0.9210533,441.5625,1194.375,0,0.92342734,436.875,1381.875,0,0.9729155,413.4375,1456.875,0,0.83948785,forward,114.47844431915047,1
1503,50.1501,202.16608047485352,,,,,,,,,,,,,,,,,,,,483.75,992.8125,0,0.9321753,436.875,1194.375,0,0.92964053,432.1875,1381.875,0,0.9825867,413.4375,1456.875,0,0.8742304,forward,114.47844431915047,1
1504,50.18346666666667,196.3481903076172,,,,,,,,,,,,,,,,,,,,483.75,992.8125,0,0.9353845,436.875,1189.6875,0,0.9351445,432.1875,1381.875,0,0.98284495,413.4375,1456.875,0,0.871038,forward,114.08207484986028,1
1505,50.216833333333334,195.3561305999756,,,,,,,,,,,,,,,,,,,,483.75,992.8125,0,0.93325615,436.875,1194.375,0,0.9345572,427.5,1381.875,0,0.9786489,413.4375,1456.875,0,0.87380314,forward,114.47844431915047,1
1506,50.2502,194.98133659362793,,,,,,,,,,,,,,,,,,,,483.75,992.8125,0,0.9303371,432.1875,1189.6875,0,0.93404543,422.8125,1381.875,0,0.9770311,404.0625,1456.875,0,0.8825109,forward,114.08207484986028,1
1507,50.283566666666665,195.29294967651367,,,,,,,,,,,,,,,,,,,,483.75,992.8125,0,0.9356952,432.1875,1194.375,0,0.9339975,413.4375,1386.5625,0,0.9792696,399.375,1461.5625,0,0.9135711,forward,116.43313386318707,1
1508,50.31693333333333,195.13320922851562,,,,,,,,,,,,,,,,,,,,483.75,992.8125,0,0.9384647,432.1875,1194.375,0,0.9429982,408.75,1386.5625,0,0.9912263,394.6875,1461.5625,0,0.90867895,forward,116.43313386318707,1
1509,50.350300000000004,195.68705558776855,,,,,,,,,,,,,,,,,,,,479.0625,992.8125,0,0.93699324,432.1875,1194.375,0,0.9455428,408.75,1391.25,0,0.9908998,394.6875,1461.5625,0,0.90831345,forward,118.48845767833538,1
1510,50.38366666666667,195.01495361328125,,,,,,,,,,,,,,,,,,,,474.375,992.8125,0,0.94094336,432.1875,1194.375,0,0.94511616,404.0625,1391.25,0,0.9980782,394.6875,1466.25,0,0.908126,forward,118.48845767833538,1
1511,50.417033333333336,194.5347785949707,,,,,,,,,,,,,,,,,,,,474.375,992.8125,0,0.92031574,427.5,1194.375,0,0.9307636,404.0625,1391.25,0,0.9785856,394.6875,1466.25,0,0.8602556,forward,118.48845767833538,1
1512,50.4504,195.098876953125,,,,,,,,,,,,,,,,,,,,465.0,992.8125,0,0.91980004,427.5,1199.0625,0,0.9195924,404.0625,1391.25,0,0.9786336,394.6875,1466.25,0,0.90093315,forward,118.97588593359768,1
1513,50.48376666666667,195.69110870361328,,,,,,,,,,,,,,,,,,,,460.3125,992.8125,0,0.91086185,422.8125,1194.375,0,0.9124824,404.0625,1391.25,0,0.97184134,394.6875,1466.25,0,0.8780036,forward,118.48845767833538,1
1514,50.517133333333334,195.55926322937012,,,,,,,,,,,,,,,,,,,,455.625,992.8125,0,0.9289845,418.125,1194.375,0,0.9207033,404.0625,1391.25,0,0.97951806,394.6875,1466.25,0,0.9155837,forward,118.48845767833538,1
1515,50.5505,195.52898406982422,,,,,,,,,,,,,,,,,,,,450.9375,992.8125,0,0.9258925,418.125,1194.375,0,0.9177327,404.0625,1386.5625,0,0.9734874,394.6875,1461.5625,0,0.91134214,forward,116.43313386318707,1
1516,50.583866666666665,195.9207057952881,,,,,,,,,,,,,,,,,,,,441.5625,992.8125,0,0.9221792,413.4375,1199.0625,0,0.915993,404.0625,1386.5625,0,0.9743768,394.6875,1461.5625,0,0.9213877,forward,117.02119638956108,1
1517,50.61723333333333,194.90504264831543,,,,,,,,,,,,,,,,,,,,441.5625,992.8125,0,0.9217179,408.75,1194.375,0,0.92079926,404.0625,1386.5625,0,0.9727639,394.6875,1461.5625,0,0.9181372,forward,116.43313386318707,1
1518,50.650600000000004,195.73116302490234,,,,,,,,,,,,,,,,,,,,436.875,992.8125,0,0.935513,408.75,1194.375,0,0.9287486,404.0625,1386.5625,0,0.97995067,394.6875,1461.5625,0,0.92978835,forward,116.43313386318707,1
1519,50.68396666666667,196.20990753173828,,,,,,,,,,,,,,,,,,,,436.875,992.8125,0,0.93062985,408.75,1194.375,0,0.9300098,404.0625,1386.5625,0,0.9761337,394.6875,1461.5625,0,0.92500097,forward,116.43313386318707,1
1520,50.717333333333336,195.53279876708984,,,,,,,,,,,,,,,,,,,,436.875,992.8125,0,0.9375857,408.75,1194.375,0,0.92810047,404.0625,1386.5625,0,0.9773923,394.6875,1461.5625,0,0.9254584,forward,116.43313386318707,1
1521,50.7507,196.3980197906494,,,,,,,,,,,,,,,,,,,,436.875,992.8125,0,0.9278499,408.75,1194.375,0,0.92911804,404.0625,1386.5625,0,0.97486967,394.6875,1461.5625,0,0.9251765,forward,116.43313386318707,1
1522,50.78406666666667,195.44315338134766,,,,,,,,,,,,,,,,,,,,436.875,988.125,0,0.92883784,408.75,1194.375,0,0.9333805,404.0625,1381.875,0,0.97548044,394.6875,1461.5625,0,0.92442834,forward,117.02119638956108,1
1523,50.817433333333334,196.4249610900879,,,,,,,,,,,,,,,,,,,,436.875,988.125,0,0.92568874,408.75,1194.375,0,0.92536795,404.0625,1381.875,0,0.968257,394.6875,1461.5625,0,0.92415756,forward,117.02119638956108,1
1524,50.8508,195.59764862060547,,,,,,,,,,,,,,,,,,,,436.875,992.8125,0,0.9277868,408.75,1194.375,0,0.9212239,404.0625,1381.875,0,0.9622981,394.6875,1461.5625,0,0.92556334,forward,114.47844431915047,1
1525,50.884166666666665,194.95916366577148,,,,,,,,,,,,,,,,,,,,441.5625,992.8125,0,0.92438126,413.4375,1194.375,0,0.92646766,404.0625,1381.875,0,0.9672217,394.6875,1461.5625,0,0.9313878,forward,114.47844431915047,1
1526,50.91753333333333,195.59693336486816,,,,,,,,,,,,,,,,,,,,446.25,992.8125,0,0.9164121,413.4375,1194.375,0,0.9138583,404.0625,1386.5625,0,0.9644351,394.6875,1461.5625,0,0.91631967,forward,116.43313386318707,1
1527,50.950900000000004,197.12090492248535,,,,,,,,,,,,,,,,,,,,450.9375,992.8125,0,0.906106,418.125,1194.375,0,0.903363,404.0625,1386.5625,0,0.95707405,394.6875,1461.5625,0,0.9052098,forward,116.43313386318707,1
1528,50.98426666666667,195.4641342163086,,,,,,,,,,,,,,,,,,,,450.9375,992.8125,0,0.9099126,418.125,1194.375,0,0.9077035,404.0625,1386.5625,0,0.96713597,394.6875,1461.5625,0,0.92360187,forward,116.43313386318707,1
1529,51.017633333333336,191.59293174743652,,,,,,,,,,,,,,,,,,,,455.625,992.8125,0,0.90979344,422.8125,1194.375,0,0.9122161,404.0625,1391.25,0,0.97114694,394.6875,1461.5625,0,0.92382413,forward,118.48845767833538,1
1530,51.051,189.8200511932373,,,,,,,,,,,,,,,,,,,,455.625,992.8125,0,0.9149184,422.8125,1194.375,0,0.90411234,404.0625,1391.25,0,0.9644923,394.6875,1461.5625,0,0.92495567,forward,118.48845767833538,1
1531,51.08436666666667,189.924955368042,,,,,,,,,,,,,,,,,,,,455.625,992.8125,0,0.9132946,422.8125,1194.375,0,0.9063071,404.0625,1391.25,0,0.96340805,394.6875,1461.5625,0,0.9235988,forward,118.48845767833538,1
1532,51.117733333333334,190.24395942687988,,,,,,,,,,,,,,,,,,,,460.3125,992.8125,0,0.9103615,422.8125,1194.375,0,0.90052915,404.0625,1391.25,0,0.9600811,394.6875,1461.5625,0,0.90940845,forward,118.48845767833538,1
1533,51.1511,197.7977752685547,,,,,,,,,,,,,,,,,,,,460.3125,992.8125,0,0.91652554,427.5,1194.375,0,0.9020974,404.0625,1391.25,0,0.96421325,394.6875,1461.5625,0,0.92266726,forward,118.48845767833538,1
1534,51.184466666666665,194.71502304077148,,,,,,,,,,,,,,,,,,,,460.3125,992.8125,0,0.91245735,422.8125,1194.375,0,0.89997685,404.0625,1391.25,0,0.9627957,394.6875,1461.5625,0,0.91304505,forward,118.48845767833538,1
1535,51.21783333333333,200.80900192260742,,,,,,,,,,,,,,,,,,,,460.3125,992.8125,0,0.91133916,422.8125,1194.375,0,0.9023906,404.0625,1391.25,0,0.96186084,394.6875,1461.5625,0,0.91396797,forward,118.48845767833538,1
1536,51.251200000000004,194.3957805633545,,,,,,,,,,,,,,,,,,,,455.625,992.8125,0,0.9140086,422.8125,1194.375,0,0.9121876,404.0625,1391.25,0,0.96859896,394.6875,1461.5625,0,0.902345,forward,118.48845767833538,1
1537,51.28456666666667,188.80319595336914,,,,,,,,,,,,,,,,,,,,450.9375,992.8125,0,0.9269458,422.8125,1194.375,0,0.9240241,404.0625,1391.25,0,0.97888833,394.6875,1461.5625,0,0.92657137,forward,118.48845767833538,1
1538,51.317933333333336,188.41290473937988,,,,,,,,,,,,,,,,,,,,450.9375,992.8125,0,0.92811507,418.125,1194.375,0,0.92501956,404.0625,1391.25,0,0.9810289,394.6875,1461.5625,0,0.926291,forward,118.48845767833538,1
1539,51.3513,188.0781650543213,,,,,,,,,,,,,,,,,,,,446.25,992.8125,0,0.93593985,418.125,1194.375,0,0.9232348,404.0625,1391.25,0,0.9800767,394.6875,1461.5625,0,0.93852836,forward,118.48845767833538,1
1540,51.38466666666667,190.59491157531738,,,,,,,,,,,,,,,,,,,,446.25,992.8125,0,0.93357044,413.4375,1194.375,0,0.92363703,404.0625,1386.5625,0,0.97766596,394.6875,1461.5625,0,0.9334501,forward,116.43313386318707,1
1541,51.418033333333334,189.64910507202148,,,,,,,,,,,,,,,,,,,,441.5625,992.8125,0,0.92566544,413.4375,1194.375,0,0.9185408,404.0625,1386.5625,0,0.97500044,394.6875,1461.5625,0,0.9293744,forward,116.43313386318707,1
1542,51.4514,189.6040439605713,,,,,,,,,,,,,,,,,,,,441.5625,992.8125,0,0.9248073,408.75,1194.375,0,0.92476475,404.0625,1386.5625,0,0.978096,394.6875,1461.5625,0,0.9313462,forward,116.43313386318707,1
1543,51.484766666666665,190.53387641906738,,,,,,,,,,,,,,,,,,,,441.5625,992.8125,0,0.93836963,408.75,1194.375,0,0.93123984,404.0625,1386.5625,0,0.9857446,394.6875,1461.5625,0,0.94499993,forward,116.43313386318707,1
1544,51.51813333333333,191.81203842163086,,,,,,,,,,,,,,,,,,,,441.5625,992.8125,0,0.9389764,408.75,1194.375,0,0.9309948,404.0625,1386.5625,0,0.9855921,394.6875,1461.5625,0,0.946614,forward,116.43313386318707,1
1545,51.551500000000004,190.17386436462402,,,,,,,,,,,,,,,,,,,,441.5625,992.8125,0,0.9335586,413.4375,1194.375,0,0.92217356,404.0625,1386.5625,0,0.9814141,394.6875,1461.5625,0,0.9419715,forward,116.43313386318707,1
1546,51.58486666666667,191.8659210205078,,,,,,,,,,,,,,,,,,,,441.5625,992.8125,0,0.932415,413.4375,1194.375,0,0.9153417,404.0625,1386.5625,0,0.9746361,394.6875,1461.5625,0,0.9288353,forward,116.43313386318707,1
1547,51.618233333333336,188.31896781921387,,,,,,,,,,,,,,,,,,,,446.25,992.8125,0,0.9341038,413.4375,1194.375,0,0.92088056,404.0625,1386.5625,0,0.9745189,394.6875,1461.5625,0,0.92747855,forward,116.43313386318707,1
1548,51.6516,194.41890716552734,,,,,,,,,,,,,,,,,,,,450.9375,992.8125,0,0.93231153,418.125,1194.375,0,0.91178775,404.0625,1391.25,0,0.9755553,394.6875,1461.5625,0,0.92896605,forward,118.48845767833538,1
1549,51.68496666666667,188.14516067504883,,,,,,,,,,,,,,,,,,,,450.9375,992.8125,0,0.9266097,418.125,1194.375,0,0.9140327,404.0625,1391.25,0,0.9719664,394.6875,1461.5625,0,0.92000294,forward,118.48845767833538,1
1550,51.718333333333334,186.9790554046631,,,,,,,,,,,,,,,,,,,,455.625,992.8125,0,0.9266565,422.8125,1194.375,0,0.9142772,404.0625,1391.25,0,0.9767357,390.0,1461.5625,0,0.9210503,forward,118.48845767833538,1
1551,51.7517,187.20412254333496,,,,,,,,,,,,,,,,,,,,455.625,997.5,0,0.9295734,422.8125,1199.0625,0,0.91271555,404.0625,1391.25,0,0.9764889,390.0,1461.5625,0,0.927536,forward,116.43313386318707,1
1552,51.785066666666665,186.70105934143066,,,,,,,,,,,,,,,,,,,,460.3125,992.8125,0,0.9279443,422.8125,1199.0625,0,0.9165159,404.0625,1391.25,0,0.98412967,390.0,1461.5625,0,0.9326527,forward,118.97588593359768,1
1553,51.81843333333333,191.33806228637695,,,,,,,,,,,,,,,,,,,,460.3125,992.8125,0,0.92357844,422.8125,1199.0625,0,0.9183053,404.0625,1391.25,0,0.9759404,390.0,1461.5625,0,0.92015195,forward,118.97588593359768,1
1554,51.851800000000004,194.29492950439453,,,,,,,,,,,,,,,,,,,,465.0,992.8125,0,0.92835903,422.8125,1199.0625,0,0.9275676,408.75,1391.25,0,0.9817811,390.0,1461.5625,0,0.93001086,forward,118.97588593359768,1
1555,51.88516666666667,195.26290893554688,,,,,,,,,,,,,,,,,,,,465.0,992.8125,0,0.9273294,422.8125,1199.0625,0,0.9289099,408.75,1391.25,0,0.9863798,390.0,1461.5625,0,0.9293604,forward,118.97588593359768,1
1556,51.918533333333336,191.2519931793213,,,,,,,,,,,,,,,,,,,,465.0,997.5,0,0.9317107,422.8125,1199.0625,0,0.9341301,404.0625,1391.25,0,0.99362254,390.0,1461.5625,0,0.9344603,forward,116.43313386318707,1
1557,51.9519,192.22402572631836,,,,,,,,,,,,,,,,,,,,465.0,992.8125,0,0.9336945,427.5,1199.0625,0,0.93904775,404.0625,1391.25,0,0.99491274,390.0,1461.5625,0,0.93352354,forward,118.97588593359768,1
1558,51.98526666666667,192.2628879547119,,,,,,,,,,,,,,,,,,,,465.0,997.5,0,0.94077146,422.8125,1199.0625,0,0.94494,404.0625,1391.25,0,1.002498,394.6875,1466.25,0,0.93965757,forward,116.43313386318707,1
1559,52.018633333333334,192.33417510986328,,,,,,,,,,,,,,,,,,,,465.0,992.8125,0,0.9388113,422.8125,1199.0625,0,0.9397032,404.0625,1391.25,0,1.0018256,390.0,1461.5625,0,0.93810725,forward,118.97588593359768,1
1560,52.052,192.0311450958252,,,,,,,,,,,,,,,,,,,,465.0,997.5,0,0.9401007,422.8125,1199.0625,0,0.9412355,404.0625,1391.25,0,1.0036724,390.0,1461.5625,0,0.94169414,forward,116.43313386318707,1
1561,52.085366666666665,192.8269863128662,,,,,,,,,,,,,,,,,,,,465.0,997.5,0,0.9360871,422.8125,1199.0625,0,0.9373416,404.0625,1391.25,0,0.99807525,390.0,1461.5625,0,0.9324316,forward,116.43313386318707,1
1562,52.11873333333333,192.51585006713867,,,,,,,,,,,,,,,,,,,,465.0,997.5,0,0.9390769,422.8125,1199.0625,0,0.94215935,404.0625,1391.25,0,1.0022278,394.6875,1461.5625,0,0.9400393,forward,116.43313386318707,1
1563,52.152100000000004,191.93220138549805,,,,,,,,,,,,,,,,,,,,465.0,992.8125,0,0.9382276,422.8125,1199.0625,0,0.9402777,404.0625,1391.25,0,0.99972945,390.0,1461.5625,0,0.9388628,forward,118.97588593359768,1
1564,52.18546666666667,191.56193733215332,,,,,,,,,,,,,,,,,,,,465.0,992.8125,0,0.93730116,422.8125,1194.375,0,0.94545877,404.0625,1391.25,0,0.99988496,394.6875,1461.5625,0,0.9354171,forward,118.48845767833538,1
1565,52.218833333333336,192.3239231109619,,,,,,,,,,,,,,,,,,,,465.0,992.8125,0,0.9422499,427.5,1194.375,0,0.9454815,404.0625,1386.5625,0,1.0013368,394.6875,1461.5625,0,0.9446788,forward,116.43313386318707,1
1566,52.2522,192.70992279052734,,,,,,,,,,,,,,,,,,,,465.0,997.5,0,0.93854713,422.8125,1194.375,0,0.94271946,404.0625,1386.5625,0,0.9956147,394.6875,1461.5625,0,0.9382466,forward,114.08207484986028,1
1567,52.28556666666667,192.39306449890137,,,,,,,,,,,,,,,,,,,,460.3125,997.5,0,0.93141186,422.8125,1194.375,0,0.93568015,404.0625,1386.5625,0,0.9864915,394.6875,1461.5625,0,0.9297701,forward,114.08207484986028,1
1568,52.318933333333334,192.2621726989746,,,,,,,,,,,,,,,,,,,,465.0,997.5,0,0.9355633,422.8125,1199.0625,0,0.93951833,404.0625,1386.5625,0,0.99106383,394.6875,1461.5625,0,0.93082136,forward,114.47844431915047,1
1569,52.3523,192.58379936218262,,,,,,,,,,,,,,,,,,,,460.3125,1002.1875,0,0.9345498,422.8125,1199.0625,0,0.9402667,404.0625,1386.5625,0,0.98649335,394.6875,1461.5625,0,0.9218253,forward,112.12738530582368,1
1570,52.385666666666665,193.14002990722656,,,,,,,,,,,,,,,,,,,,465.0,1006.875,0,0.927219,422.8125,1199.0625,0,0.9307324,408.75,1386.5625,0,0.9746486,394.6875,1461.5625,0,0.91889894,forward,109.92700620357633,1
1571,52.41903333333333,193.33791732788086,,,,,,,,,,,,,,,,,,,,465.0,1011.5625,0,0.9419438,422.8125,1203.75,0,0.93816787,408.75,1386.5625,0,0.98527,394.6875,1466.25,0,0.9224643,forward,108.05747549367439,1
1572,52.452400000000004,192.67725944519043,,,,,,,,,,,,,,,,,,,,465.0,1016.25,0,0.9504218,422.8125,1203.75,0,0.9402437,408.75,1391.25,0,0.9861593,394.6875,1461.5625,0,0.9195126,forward,107.8488444405829,1
1573,52.48576666666667,192.27194786071777,,,,,,,,,,,,,,,,,,,,465.0,1020.9375,0,0.94824135,427.5,1203.75,0,0.94421715,408.75,1386.5625,0,0.9912237,394.6875,1461.5625,0,0.9167086,forward,104.00265470909588,1
1574,52.519133333333336,191.97821617126465,,,,,,,,,,,,,,,,,,,,465.0,1020.9375,0,0.9398509,427.5,1203.75,0,0.93493116,408.75,1386.5625,0,0.9865576,394.6875,1461.5625,0,0.920166,forward,104.00265470909588,1
1575,52.5525,192.14892387390137,,,,,,,,,,,,,,,,,,,,465.0,1030.3125,0,0.954052,432.1875,1203.75,0,0.9413767,408.75,1386.5625,0,0.9767146,394.6875,1461.5625,0,0.9197886,forward,100.29485923999019,1
1576,52.58586666666667,192.51108169555664,,,,,,,,,,,,,,,,,,,,469.6875,1035.0,0,0.93581915,432.1875,1208.4375,0,0.9350274,408.75,1386.5625,0,0.9654237,394.6875,1461.5625,0,0.8966272,forward,98.49848350531656,1
1577,52.619233333333334,191.71881675720215,,,,,,,,,,,,,,,,,,,,469.6875,1035.0,0,0.9206511,436.875,1208.4375,0,0.9314125,408.75,1386.5625,0,0.9661528,394.6875,1461.5625,0,0.9136405,forward,98.49848350531656,1
1578,52.6526,192.25811958312988,,,,,,,,,,,,,,,,,,,,469.6875,1039.6875,0,0.9174739,436.875,1208.4375,0,0.9275314,408.75,1391.25,0,0.9658995,394.6875,1461.5625,0,0.89625293,forward,98.54192888465624,1
1579,52.685966666666666,192.2769546508789,,,,,,,,,,,,,,,,,,,,469.6875,1044.375,0,0.9190176,436.875,1213.125,0,0.9341389,408.75,1391.25,0,0.960173,394.6875,1461.5625,0,0.8983605,forward,96.74555314998261,1
1580,52.71933333333333,192.10076332092285,,,,,,,,,,,,,,,,,,,,465.0,1053.75,0,0.9222381,436.875,1217.8125,0,0.93473625,408.75,1391.25,0,0.9467262,394.6875,1461.5625,0,0.8684494,forward,93.3161091798252,1
1581,52.752700000000004,192.98315048217773,,,,,,,,,,,,,,,,,,,,465.0,1053.75,0,0.90776783,436.875,1217.8125,0,0.92530155,408.75,1391.25,0,0.9433845,394.6875,1461.5625,0,0.85309863,forward,93.3161091798252,1
1582,52.78606666666667,192.32988357543945,,,,,,,,,,,,,,,,,,,,465.0,1053.75,0,0.92190015,436.875,1217.8125,0,0.9366462,408.75,1391.25,0,0.94706964,394.6875,1461.5625,0,0.8756593,forward,93.3161091798252,1
1583,52.819433333333336,192.52896308898926,,,,,,,,,,,,,,,,,,,,465.0,1058.4375,0,0.9229393,441.5625,1217.8125,0,0.93419933,408.75,1391.25,0,0.9428037,399.375,1461.5625,0,0.8628939,forward,91.66925839787048,0
1584,52.8528,192.1212673187256,,,,,,,,,,,,,,,,,,,,465.0,1063.125,0,0.9198945,446.25,1217.8125,0,0.9380065,408.75,1391.25,0,0.9354503,399.375,1461.5625,0,0.87769306,forward,90.06681646762503,0
1585,52.88616666666667,193.32408905029297,,,,,,,,,,,,,,,,,,,,465.0,1063.125,0,0.923789,446.25,1222.5,0,0.94057214,408.75,1395.9375,0,0.92673075,399.375,1461.5625,0,0.8761736,forward,91.66925839787048,0
1586,52.919533333333334,192.09909439086914,,,,,,,,,,,,,,,,,,,,465.0,1063.125,0,0.90011346,450.9375,1227.1875,0,0.92377037,408.75,1391.25,0,0.9309041,399.375,1456.875,0,0.8568752,forward,90.01169584140149,0
1587,52.9529,192.04211235046387,,,,,,,,,,,,,,,,,,,,465.0,1067.8125,0,0.8957708,450.9375,1231.875,0,0.92510366,408.75,1395.9375,0,0.92415076,399.375,1461.5625,0,0.875828,forward,90.01169584140149,0
1588,52.986266666666666,191.70713424682617,,,,,,,,,,,,,,,,,,,,460.3125,1063.125,0,0.89772606,455.625,1231.875,0,0.93570006,408.75,1391.25,0,0.92756844,404.0625,1461.5625,0,0.8736724,forward,90.12499970455971,0
1589,53.01963333333333,198.31228256225586,,,,,,,,,,,,,,,,,,,,460.3125,1063.125,0,0.8878547,455.625,1231.875,0,0.9330488,408.75,1391.25,0,0.9305935,404.0625,1456.875,0,0.8749572,forward,90.12499970455971,0
1590,53.053000000000004,195.22905349731445,,,,,,,,,,,,,,,,,,,,455.625,1063.125,0,0.87344193,455.625,1231.875,0,0.93109643,408.75,1391.25,0,0.93958783,404.0625,1456.875,0,0.842614,forward,90.12499970455971,0
1591,53.08636666666667,194.38600540161133,,,,,,,,,,,,,,,,,,,,455.625,1067.8125,0,0.8625331,450.9375,1231.875,0,0.9153608,408.75,1391.25,0,0.9256321,404.0625,1456.875,0,0.8414439,forward,88.42833639953594,0
1592,53.119733333333336,195.04308700561523,,,,,,,,,,,,,,,,,,,,455.625,1072.5,0,0.8839184,450.9375,1231.875,0,0.9361899,408.75,1391.25,0,0.9305874,404.0625,1456.875,0,0.82544935,forward,86.78148561758121,0
1593,53.1531,195.4970359802246,,,,,,,,,,,,,,,,,,,,455.625,1077.1875,0,0.8847897,450.9375,1236.5625,0,0.94263184,408.75,1391.25,0,0.93404233,404.0625,1456.875,0,0.8507126,forward,85.2377168069117,0
1594,53.18646666666667,195.30701637268066,,,,,,,,,,,,,,,,,,,,455.625,1086.5625,0,0.8976959,450.9375,1236.5625,0,0.9443183,408.75,1391.25,0,0.9321413,404.0625,1456.875,0,0.82893527,forward,82.07267847355094,0
1595,53.219833333333334,197.48306274414062,,,,,,,,,,,,,,,,,,,,455.625,1086.5625,0,0.87652385,450.9375,1236.5625,0,0.9364778,408.75,1395.9375,0,0.93419623,404.0625,1456.875,0,0.8202628,forward,83.61644728422044,0
1596,53.2532,196.8529224395752,,,,,,,,,,,,,,,,,,,,460.3125,1091.25,0,0.8806082,446.25,1241.25,0,0.92929935,408.75,1395.9375,0,0.9331722,404.0625,1456.875,0,0.78595936,forward,82.07267847355094,0
1597,53.286566666666666,191.3611888885498,,,,,,,,,,,,,,,,,,,,455.625,1091.25,0,0.8810104,446.25,1241.25,0,0.93293256,408.75,1395.9375,0,0.94026923,404.0625,1456.875,0,0.7819618,forward,82.07267847355094,0
1598,53.31993333333333,192.84462928771973,,,,,,,,,,,,,,,,,,,,460.3125,1095.9375,0,0.89430267,441.5625,1245.9375,0,0.93433124,408.75,1395.9375,0,0.93831885,404.0625,1456.875,0,0.7641074,forward,80.56462211455897,0
1599,53.353300000000004,190.40608406066895,,,,,,,,,,,,,,,,,,,,460.3125,1095.9375,0,0.8761865,441.5625,1241.25,0,0.9138738,408.75,1395.9375,0,0.9345814,404.0625,1452.1875,0,0.77319133,forward,80.54600747156134,0
1600,53.38666666666667,190.42301177978516,,,,,,,,,,,,,,,,,,,,460.3125,1091.25,0,0.8927256,441.5625,1241.25,0,0.9300372,408.75,1395.9375,0,0.94302726,404.0625,1452.1875,0,0.81706554,forward,82.07267847355094,0
1601,53.420033333333336,190.13094902038574,,,,,,,,,,,,,,,,,,,,460.3125,1095.9375,0,0.88204837,441.5625,1241.25,0,0.92326033,408.75,1400.625,0,0.94119555,404.0625,1452.1875,0,0.80751306,forward,82.08977628223084,0
1602,53.4534,190.25731086730957,,,,,,,,,,,,,,,,,,,,460.3125,1095.9375,0,0.88507944,436.875,1241.25,0,0.9226619,408.75,1400.625,0,0.93851054,404.0625,1452.1875,0,0.7888293,forward,82.08977628223084,0
1603,53.48676666666667,190.59205055236816,,,,,,,,,,,,,,,,,,,,460.3125,1095.9375,0,0.8849914,436.875,1241.25,0,0.9221252,408.75,1400.625,0,0.93669295,404.0625,1452.1875,0,0.77627486,forward,82.08977628223084,0
1604,53.520133333333334,190.18077850341797,,,,,,,,,,,,,,,,,,,,460.3125,1095.9375,0,0.88926333,436.875,1241.25,0,0.934109,408.75,1395.9375,0,0.942276,404.0625,1452.1875,0,0.7986664,forward,80.54600747156134,0
1605,53.5535,190.86623191833496,,,,,,,,,,,,,,,,,,,,455.625,1091.25,0,0.88758206,441.5625,1236.5625,0,0.92772126,408.75,1395.9375,0,0.9386092,404.0625,1452.1875,0,0.7973416,forward,82.08977628223084,0
1606,53.586866666666666,190.76919555664062,,,,,,,,,,,,,,,,,,,,455.625,1086.5625,0,0.8987409,441.5625,1241.25,0,0.9355612,408.75,1395.9375,0,0.93894184,404.0625,1456.875,0,0.7703007,forward,83.63527487666626,0
1607,53.62023333333333,190.9618377685547,,,,,,,,,,,,,,,,,,,,455.625,1086.5625,0,0.8635063,441.5625,1241.25,0,0.9073406,408.75,1400.625,0,0.92748785,404.0625,1452.1875,0,0.725588,forward,85.17904368733576,0
1608,53.653600000000004,190.9937858581543,,,,,,,,,,,,,,,,,,,,455.625,1081.875,0,0.8737676,441.5625,1236.5625,0,0.92424357,408.75,1395.9375,0,0.9378135,404.0625,1456.875,0,0.80774057,forward,85.17904368733576,0
1609,53.68696666666667,189.90397453308105,,,,,,,,,,,,,,,,,,,,455.625,1081.875,0,0.8617838,436.875,1236.5625,0,0.9138013,408.75,1395.9375,0,0.93654656,404.0625,1456.875,0,0.78323776,forward,85.17904368733576,0
1610,53.720333333333336,215.5132293701172,,,,,,,,,,,,,,,,,,,,455.625,1077.1875,0,0.8802612,436.875,1236.5625,0,0.9259103,408.75,1395.9375,0,0.94909155,404.0625,1456.875,0,0.80161744,forward,86.78148561758121,0
1611,53.7537,191.12706184387207,,,,,,,,,,,,,,,,,,,,455.625,1072.5,0,0.86848354,432.1875,1231.875,0,0.928087,408.75,1395.9375,0,0.95258325,404.0625,1452.1875,0,0.81084824,forward,88.36484505944676,1
1612,53.78706666666667,216.28975868225098,,,,,,,,,,,,,,,,,,,,455.625,1072.5,0,0.9089852,427.5,1231.875,0,0.9453758,408.75,1395.9375,0,0.95526206,399.375,1456.875,0,0.8222139,forward,88.36484505944676,1
1613,53.820433333333334,202.8040885925293,,,,,,,,,,,,,,,,,,,,455.625,1072.5,0,0.9086157,427.5,1231.875,0,0.94500446,408.75,1395.9375,0,0.96209455,399.375,1452.1875,0,0.8353858,forward,88.36484505944676,1
1614,53.8538,204.40196990966797,,,,,,,,,,,,,,,,,,,,455.625,1081.875,0,0.9160698,427.5,1236.5625,0,0.94704443,408.75,1395.9375,0,0.9618512,399.375,1456.875,0,0.79188085,forward,85.17904368733576,1
1615,53.887166666666666,210.70313453674316,,,,,,,,,,,,,,,,,,,,455.625,1072.5,0,0.88825643,422.8125,1231.875,0,0.9334296,408.75,1395.9375,0,0.9585838,399.375,1452.1875,0,0.7952136,forward,88.36484505944676,1
1616,53.92053333333333,194.227933883667,,,,,,,,,,,,,,,,,,,,455.625,1072.5,0,0.8981072,422.8125,1231.875,0,0.93630695,408.75,1395.9375,0,0.9586724,399.375,1452.1875,0,0.79626137,forward,88.36484505944676,1
1617,53.953900000000004,188.6160373687744,,,,,,,,,,,,,,,,,,,,455.625,1072.5,0,0.89971733,422.8125,1231.875,0,0.9405369,408.75,1395.9375,0,0.9597426,399.375,1452.1875,0,0.8115976,forward,88.36484505944676,1
1618,53.98726666666667,191.34283065795898,,,,,,,,,,,,,,,,,,,,455.625,1072.5,0,0.89252555,422.8125,1231.875,0,0.92580605,408.75,1395.9375,0,0.9565164,399.375,1452.1875,0,0.7911831,forward,88.36484505944676,1
1619,54.020633333333336,195.7557201385498,,,,,,,,,,,,,,,,,,,,455.625,1063.125,0,0.8985573,418.125,1231.875,0,0.9335433,408.75,1395.9375,0,0.9550415,399.375,1452.1875,0,0.8037386,forward,91.70835914642527,1
1620,54.054,197.68309593200684,,,,,,,,,,,,,,,,,,,,450.9375,1063.125,0,0.906211,418.125,1227.1875,0,0.9367106,404.0625,1395.9375,0,0.95668584,399.375,1452.1875,0,0.80825937,forward,91.63917559681812,1
1621,54.08736666666667,197.03197479248047,,,,,,,,,,,,,,,,,,,,450.9375,1067.8125,0,0.911705,408.75,1231.875,0,0.9371687,408.75,1395.9375,0,0.9508122,394.6875,1452.1875,0,0.79737866,forward,90.01169584140149,1
1622,54.120733333333334,195.10889053344727,,,,,,,,,,,,,,,,,,,,450.9375,1067.8125,0,0.91764855,408.75,1227.1875,0,0.939126,404.0625,1395.9375,0,0.955255,399.375,1456.875,0,0.78996646,forward,89.9923248148634,1
1623,54.1541,189.6965503692627,,,,,,,,,,,,,,,,,,,,446.25,1063.125,0,0.90327644,404.0625,1227.1875,0,0.9336456,404.0625,1395.9375,0,0.95603126,399.375,1452.1875,0,0.7996099,forward,91.63917559681812,1
1624,54.187466666666666,213.60111236572266,,,,,,,,,,,,,,,,,,,,450.9375,1063.125,0,0.90243286,404.0625,1227.1875,0,0.9324218,404.0625,1395.9375,0,0.95900613,394.6875,1452.1875,0,0.7998085,forward,91.63917559681812,1
1625,54.22083333333333,205.19614219665527,,,,,,,,,,,,,,,,,,,,450.9375,1067.8125,0,0.9113618,404.0625,1227.1875,0,0.9371053,404.0625,1391.25,0,0.9587472,394.6875,1452.1875,0,0.80536574,forward,88.36484505944676,1
1626,54.254200000000004,200.93727111816406,,,,,,,,,,,,,,,,,,,,450.9375,1063.125,0,0.9014195,408.75,1222.5,0,0.9323845,404.0625,1391.25,0,0.95152473,394.6875,1452.1875,0,0.80111516,forward,89.9923248148634,1
1627,54.28756666666667,202.50797271728516,,,,,,,,,,,,,,,,,,,,450.9375,1063.125,0,0.9116658,413.4375,1231.875,0,0.93893075,404.0625,1395.9375,0,0.95264614,394.6875,1452.1875,0,0.8227048,forward,91.70835914642527,1
1628,54.320933333333336,195.97220420837402,,,,,,,,,,,,,,,,,,,,455.625,1063.125,0,0.9056203,422.8125,1227.1875,0,0.939189,408.75,1395.9375,0,0.95230746,399.375,1452.1875,0,0.83881855,forward,91.63917559681812,1
1629,54.3543,190.57202339172363,,,,,,,,,,,,,,,,,,,,455.625,1067.8125,0,0.8913962,427.5,1227.1875,0,0.94429415,408.75,1395.9375,0,0.9451096,399.375,1452.1875,0,0.83158123,forward,89.9923248148634,1
1630,54.38766666666667,191.17283821105957,,,,,,,,,,,,,,,,,,,,455.625,1063.125,0,0.8718154,436.875,1227.1875,0,0.9296688,408.75,1395.9375,0,0.9400486,404.0625,1456.875,0,0.82024956,forward,91.63917559681812,0
1631,54.421033333333334,192.39401817321777,,,,,,,,,,,,,,,,,,,,455.625,1067.8125,0,0.8928763,441.5625,1231.875,0,0.94004834,408.75,1395.9375,0,0.93692607,404.0625,1456.875,0,0.8124164,forward,90.01169584140149,0
1632,54.4544,192.27313995361328,,,,,,,,,,,,,,,,,,,,460.3125,1067.8125,0,0.8816632,441.5625,1231.875,0,0.9387988,408.75,1395.9375,0,0.9423295,404.0625,1456.875,0,0.84218574,forward,90.01169584140149,0
1633,54.487766666666666,193.84384155273438,,,,,,,,,,,,,,,,,,,,455.625,1067.8125,0,0.888515,436.875,1231.875,0,0.94845605,408.75,1395.9375,0,0.9529756,404.0625,1456.875,0,0.8287895,forward,90.01169584140149,0
1634,54.52113333333333,193.30120086669922,,,,,,,,,,,,,,,,,,,,460.3125,1063.125,0,0.8801496,436.875,1227.1875,0,0.9348813,408.75,1395.9375,0,0.9494606,399.375,1452.1875,0,0.8258256,forward,91.63917559681812,0
1635,54.554500000000004,192.83485412597656,,,,,,,,,,,,,,,,,,,,460.3125,1067.8125,0,0.8938722,432.1875,1227.1875,0,0.9415312,408.75,1395.9375,0,0.95432234,399.375,1452.1875,0,0.8232753,forward,89.9923248148634,1
1636,54.58786666666667,190.63305854797363,,,,,,,,,,,,,,,,,,,,455.625,1063.125,0,0.89039433,427.5,1227.1875,0,0.93385863,408.75,1395.9375,0,0.95431495,399.375,1452.1875,0,0.79532146,forward,91.63917559681812,1
1637,54.621233333333336,189.24212455749512,,,,,,,,,,,,,,,,,,,,455.625,1063.125,0,0.8976973,422.8125,1227.1875,0,0.93604016,408.75,1395.9375,0,0.95836264,399.375,1452.1875,0,0.81368196,forward,91.63917559681812,1
1638,54.6546,199.01800155639648,,,,,,,,,,,,,,,,,,,,455.625,1063.125,0,0.89256436,418.125,1231.875,0,0.9390558,408.75,1395.9375,0,0.955289,399.375,1452.1875,0,0.823882,forward,91.70835914642527,1
1639,54.68796666666667,196.44689559936523,,,,,,,,,,,,,,,,,,,,450.9375,1063.125,0,0.90580845,413.4375,1231.875,0,0.94783354,404.0625,1400.625,0,0.95563084,394.6875,1456.875,0,0.8277081,forward,93.3358389018419,1
1640,54.721333333333334,188.5669231414795,,,,,,,,,,,,,,,,,,,,450.9375,1063.125,0,0.90215695,408.75,1227.1875,0,0.9470999,408.75,1395.9375,0,0.9624663,394.6875,1452.1875,0,0.8290285,forward,91.63917559681812,1
1641,54.7547,189.9268627166748,,,,,,,,,,,,,,,,,,,,450.9375,1058.4375,0,0.90470284,408.75,1222.5,0,0.9463752,404.0625,1395.9375,0,0.9619263,394.6875,1452.1875,0,0.81266254,forward,93.3161091798252,1
1642,54.788066666666666,193.00508499145508,,,,,,,,,,,,,,,,,,,,455.625,1058.4375,0,0.9006723,408.75,1217.8125,0,0.9432984,404.0625,1395.9375,0,0.96232533,394.6875,1452.1875,0,0.8076936,forward,93.40203906300411,1
1643,54.82143333333333,189.79573249816895,,,,,,,,,,,,,,,,,,,,455.625,1058.4375,0,0.9219153,404.0625,1217.8125,0,0.9579916,404.0625,1391.25,0,0.9726182,394.6875,1456.875,0,0.8588468,forward,91.66925839787048,1
1644,54.854800000000004,192.76189804077148,,,,,,,,,,,,,,,,,,,,455.625,1053.75,0,0.9146664,408.75,1213.125,0,0.95525336,404.0625,1391.25,0,0.97358286,394.6875,1452.1875,0,0.82390815,forward,93.40203906300411,1
1645,54.88816666666667,195.01590728759766,,,,,,,,,,,,,,,,,,,,455.625,1053.75,0,0.91953325,408.75,1213.125,0,0.9528295,404.0625,1391.25,0,0.9601153,394.6875,1456.875,0,0.80136716,forward,93.40203906300411,1
1646,54.921533333333336,197.17717170715332,,,,,,,,,,,,,,,,,,,,455.625,1049.0625,0,0.9156962,408.75,1208.4375,0,0.9415594,408.75,1391.25,0,0.9578601,394.6875,1456.875,0,0.7521719,forward,95.19841479767774,1
1647,54.9549,195.21021842956543,,,,,,,,,,,,,,,,,,,,455.625,1044.375,0,0.9124227,408.75,1208.4375,0,0.9370417,408.75,1391.25,0,0.95994115,394.6875,1456.875,0,0.7400024,forward,96.84526557963247,1
1648,54.98826666666667,203.95183563232422,,,,,,,,,,,,,,,,,,,,455.625,1039.6875,0,0.90541035,408.75,1208.4375,0,0.934521,408.75,1386.5625,0,0.9587822,394.6875,1456.875,0,0.75422704,forward,96.74555314998261,1
1649,55.021633333333334,241.42909049987793,,,,,,,,,,,,,,,,,,,,460.3125,1030.3125,0,0.9161613,413.4375,1203.75,0,0.93680876,408.75,1386.5625,0,0.9673104,394.6875,1456.875,0,0.7900491,forward,100.29485923999019,1
1650,55.055,201.90000534057617,,,,,,,,,,,,,,,,,,,,460.3125,1030.3125,0,0.9461847,413.4375,1199.0625,0,0.9522886,408.75,1386.5625,0,0.98416287,394.6875,1461.5625,0,0.8629137,forward,100.41145959455818,1
1651,55.088366666666666,212.3429775238037,,,,,,,,,,,,,,,,,,,,460.3125,1025.625,0,0.9496838,413.4375,1199.0625,0,0.95223755,408.75,1386.5625,0,0.9833605,394.6875,1461.5625,0,0.883548,forward,102.16438994989213,1
1652,55.12173333333333,190.97518920898438,,,,,,,,,,,,,,,,,,,,460.3125,1020.9375,0,0.93033236,413.4375,1194.375,0,0.9255496,408.75,1386.5625,0,0.9724105,390.0,1456.875,0,0.8773982,forward,104.11907949392872,1
1653,55.155100000000004,190.03605842590332,,,,,,,,,,,,,,,,,,,,460.3125,1020.9375,0,0.9360452,413.4375,1194.375,0,0.9335652,404.0625,1386.5625,0,0.97883743,394.6875,1456.875,0,0.8946251,forward,104.11907949392872,1
1654,55.18846666666667,193.2213306427002,,,,,,,,,,,,,,,,,,,,460.3125,1016.25,0,0.93973225,413.4375,1194.375,0,0.93404543,404.0625,1381.875,0,0.9717324,394.6875,1461.5625,0,0.86555564,forward,103.98141474632428,1
1655,55.221833333333336,192.8579807281494,,,,,,,,,,,,,,,,,,,,460.3125,1011.5625,0,0.9384068,413.4375,1194.375,0,0.9261619,404.0625,1381.875,0,0.96553147,394.6875,1461.5625,0,0.86742353,forward,105.87218541899782,1
1656,55.2552,191.7729377746582,,,,,,,,,,,,,,,,,,,,460.3125,1006.875,0,0.93849814,413.4375,1194.375,0,0.9242028,404.0625,1381.875,0,0.9656483,394.6875,1461.5625,0,0.889679,forward,107.8488444405829,1
1657,55.28856666666667,192.23427772521973,,,,,,,,,,,,,,,,,,,,460.3125,1006.875,0,0.9359499,413.4375,1194.375,0,0.9259443,404.0625,1381.875,0,0.9675418,394.6875,1461.5625,0,0.89518845,forward,107.8488444405829,1
1658,55.321933333333334,190.90723991394043,,,,,,,,,,,,,,,,,,,,460.3125,1002.1875,0,0.9369819,418.125,1194.375,0,0.9303494,404.0625,1386.5625,0,0.9794239,394.6875,1461.5625,0,0.9032073,forward,111.88169574761292,1
1659,55.3553,190.0169849395752,,,,,,,,,,,,,,,,,,,,465.0,997.5,0,0.9465643,418.125,1194.375,0,0.9415122,404.0625,1386.5625,0,0.9949277,394.6875,1461.5625,0,0.93051493,forward,114.08207484986028,1
1660,55.388666666666666,192.28482246398926,,,,,,,,,,,,,,,,,,,,465.0,997.5,0,0.94633055,418.125,1194.375,0,0.9411162,404.0625,1386.5625,0,0.99621385,394.6875,1461.5625,0,0.9343692,forward,114.08207484986028,1
1661,55.42203333333333,190.92178344726562,,,,,,,,,,,,,,,,,,,,460.3125,997.5,0,0.9498879,418.125,1194.375,0,0.9467143,404.0625,1386.5625,0,1.0053079,390.0,1461.5625,0,0.9399214,forward,114.08207484986028,1
1662,55.455400000000004,190.1719570159912,,,,,,,,,,,,,,,,,,,,465.0,992.8125,0,0.9498153,418.125,1194.375,0,0.9457965,404.0625,1386.5625,0,1.0041608,390.0,1461.5625,0,0.9532672,forward,116.43313386318707,1
1663,55.48876666666667,190.7367706298828,,,,,,,,,,,,,,,,,,,,465.0,992.8125,0,0.95467377,418.125,1199.0625,0,0.9521191,404.0625,1386.5625,0,1.0146446,390.0,1461.5625,0,0.9639223,forward,117.02119638956108,1
1664,55.522133333333336,193.94516944885254,,,,,,,,,,,,,,,,,,,,460.3125,992.8125,0,0.94744074,422.8125,1199.0625,0,0.94250965,404.0625,1386.5625,0,1.0076787,390.0,1461.5625,0,0.96689427,forward,117.02119638956108,1
1665,55.5555,190.86408615112305,,,,,,,,,,,,,,,,,,,,460.3125,988.125,0,0.94147986,422.8125,1199.0625,0,0.9389899,404.0625,1386.5625,0,1.0060873,390.0,1461.5625,0,0.9671477,forward,119.81865481696991,1
1666,55.58886666666667,189.64004516601562,,,,,,,,,,,,,,,,,,,,460.3125,988.125,0,0.9426453,422.8125,1199.0625,0,0.93241,404.0625,1386.5625,0,1.0048926,390.0,1461.5625,0,0.9697546,forward,119.81865481696991,1
1667,55.622233333333334,191.3599967956543,,,,,,,,,,,,,,,,,,,,460.3125,988.125,0,0.9448211,422.8125,1199.0625,0,0.9342245,404.0625,1386.5625,0,1.0048096,390.0,1461.5625,0,0.9705042,forward,119.81865481696991,1
1668,55.6556,192.47698783874512,,,,,,,,,,,,,,,,,,,,460.3125,992.8125,0,0.9449876,422.8125,1199.0625,0,0.9332818,404.0625,1386.5625,0,1.0034776,390.0,1461.5625,0,0.9711069,forward,117.02119638956108,1
1669,55.688966666666666,190.9658908843994,,,,,,,,,,,,,,,,,,,,460.3125,988.125,0,0.93648237,422.8125,1203.75,0,0.9280586,404.0625,1386.5625,0,0.9982432,390.0,1461.5625,0,0.95526403,forward,121.10750338053705,1
1670,55.72233333333333,190.3688907623291,,,,,,,,,,,,,,,,,,,,460.3125,988.125,0,0.9416565,422.8125,1203.75,0,0.9329871,404.0625,1386.5625,0,1.0018957,390.0,1461.5625,0,0.9597966,forward,121.10750338053705,1
1671,55.755700000000004,190.34123420715332,,,,,,,,,,,,,,,,,,,,460.3125,988.125,0,0.94040227,422.8125,1203.75,0,0.92677605,404.0625,1386.5625,0,0.9994024,390.0,1461.5625,0,0.9614291,forward,121.10750338053705,1
1672,55.78906666666667,191.43223762512207,,,,,,,,,,,,,,,,,,,,460.3125,988.125,0,0.9426781,422.8125,1199.0625,0,0.9322177,404.0625,1386.5625,0,1.0009856,390.0,1461.5625,0,0.96034336,forward,119.81865481696991,1
1673,55.822433333333336,190.92988967895508,,,,,,,,,,,,,,,,,,,,460.3125,988.125,0,0.9344511,418.125,1199.0625,0,0.92673403,404.0625,1386.5625,0,0.9948003,390.0,1461.5625,0,0.95330894,forward,119.81865481696991,1
1674,55.8558,191.67828559875488,,,,,,,,,,,,,,,,,,,,455.625,988.125,0,0.9401622,418.125,1199.0625,0,0.9308363,404.0625,1386.5625,0,1.000798,390.0,1461.5625,0,0.96192515,forward,119.81865481696991,1
1675,55.88916666666667,190.78707695007324,,,,,,,,,,,,,,,,,,,,455.625,988.125,0,0.9402274,418.125,1199.0625,0,0.9290056,404.0625,1386.5625,0,0.99913,390.0,1461.5625,0,0.9595522,forward,119.81865481696991,1
1676,55.922533333333334,190.93704223632812,,,,,,,,,,,,,,,,,,,,455.625,988.125,0,0.9420167,418.125,1199.0625,0,0.9325496,404.0625,1386.5625,0,1.0013686,390.0,1461.5625,0,0.9549237,forward,119.81865481696991,1
1677,55.9559,191.70403480529785,,,,,,,,,,,,,,,,,,,,455.625,988.125,0,0.9374391,422.8125,1199.0625,0,0.92724216,404.0625,1386.5625,0,1.0008656,390.0,1461.5625,0,0.94816965,forward,119.81865481696991,1
1678,55.989266666666666,191.8048858642578,,,,,,,,,,,,,,,,,,,,455.625,988.125,0,0.9446526,422.8125,1199.0625,0,0.92953336,404.0625,1386.5625,0,1.0040243,394.6875,1461.5625,0,0.95542645,forward,119.81865481696991,1
1679,56.02263333333333,192.53802299499512,,,,,,,,,,,,,,,,,,,,455.625,988.125,0,0.94045484,418.125,1199.0625,0,0.9238477,404.0625,1386.5625,0,1.0003046,390.0,1461.5625,0,0.95486844,forward,119.81865481696991,1
1680,56.056000000000004,187.06321716308594,,,,,,,,,,,,,,,,,,,,455.625,988.125,0,0.9441492,418.125,1199.0625,0,0.92929333,404.0625,1386.5625,0,1.0038949,390.0,1461.5625,0,0.95321107,forward,119.81865481696991,1
1681,56.08936666666667,186.87891960144043,,,,,,,,,,,,,,,,,,,,455.625,988.125,0,0.9408823,418.125,1199.0625,0,0.92972004,404.0625,1386.5625,0,1.0043204,390.0,1461.5625,0,0.95368344,forward,119.81865481696991,1
1682,56.122733333333336,215.38901329040527,,,,,,,,,,,,,,,,,,,,455.625,988.125,0,0.9382847,418.125,1199.0625,0,0.9280021,404.0625,1386.5625,0,1.0031767,390.0,1461.5625,0,0.9564637,forward,119.81865481696991,1
1683,56.1561,198.85683059692383,,,,,,,,,,,,,,,,,,,,455.625,988.125,0,0.9392282,418.125,1199.0625,0,0.9256248,404.0625,1386.5625,0,1.0024579,390.0,1461.5625,0,0.95357037,forward,119.81865481696991,1
1684,56.18946666666667,192.89493560791016,,,,,,,,,,,,,,,,,,,,455.625,992.8125,0,0.94588536,418.125,1199.0625,0,0.93330127,404.0625,1386.5625,0,1.0076567,390.0,1461.5625,0,0.95537704,forward,117.02119638956108,1
1685,56.222833333333334,237.92672157287598,,,,,,,,,,,,,,,,,,,,455.625,992.8125,0,0.94185686,418.125,1199.0625,0,0.9287336,404.0625,1386.5625,0,1.0020566,390.0,1461.5625,0,0.9528031,forward,117.02119638956108,1
1686,56.2562,200.20294189453125,,,,,,,,,,,,,,,,,,,,460.3125,992.8125,0,0.94132984,418.125,1199.0625,0,0.9284371,404.0625,1386.5625,0,1.000883,390.0,1461.5625,0,0.95147914,forward,117.02119638956108,1
1687,56.289566666666666,195.80411911010742,,,,,,,,,,,,,,,,,,,,460.3125,992.8125,0,0.9375832,418.125,1199.0625,0,0.9199766,404.0625,1386.5625,0,0.9886912,390.0,1461.5625,0,0.9384772,forward,117.02119638956108,1
1688,56.32293333333333,196.0299015045166,,,,,,,,,,,,,,,,,,,,460.3125,997.5,0,0.931569,418.125,1199.0625,0,0.9184567,404.0625,1386.5625,0,0.9859744,390.0,1461.5625,0,0.9321033,forward,114.47844431915047,1
1689,56.356300000000005,200.9289264678955,,,,,,,,,,,,,,,,,,,,460.3125,997.5,0,0.93409145,418.125,1199.0625,0,0.9179235,404.0625,1386.5625,0,0.9824477,390.0,1461.5625,0,0.9273044,forward,114.47844431915047,1
1690,56.38966666666667,197.39913940429688,,,,,,,,,,,,,,,,,,,,460.3125,997.5,0,0.93092704,418.125,1199.0625,0,0.92729586,404.0625,1386.5625,0,0.98166025,390.0,1461.5625,0,0.91980016,forward,114.47844431915047,1
1691,56.423033333333336,195.4357624053955,,,,,,,,,,,,,,,,,,,,465.0,1002.1875,0,0.92770773,422.8125,1199.0625,0,0.9242848,404.0625,1386.5625,0,0.9732367,390.0,1461.5625,0,0.9092641,forward,112.12738530582368,1
1692,56.4564,195.8479881286621,,,,,,,,,,,,,,,,,,,,465.0,1006.875,0,0.9340414,418.125,1199.0625,0,0.9302986,404.0625,1386.5625,0,0.9802656,390.0,1461.5625,0,0.91254735,forward,109.92700620357633,1
1693,56.48976666666667,189.62907791137695,,,,,,,,,,,,,,,,,,,,465.0,1011.5625,0,0.9373955,418.125,1199.0625,0,0.9263735,404.0625,1386.5625,0,0.9834955,390.0,1461.5625,0,0.91124696,forward,107.8488444405829,1
1694,56.523133333333334,190.9348964691162,,,,,,,,,,,,,,,,,,,,465.0,1016.25,0,0.9523809,418.125,1203.75,0,0.9403055,404.0625,1386.5625,0,0.9939977,390.0,1461.5625,0,0.91310036,forward,105.97931373068096,1
1695,56.5565,189.69392776489258,,,,,,,,,,,,,,,,,,,,460.3125,1020.9375,0,0.9505844,418.125,1203.75,0,0.94486415,404.0625,1386.5625,0,0.99249256,390.0,1461.5625,0,0.91527194,forward,104.00265470909588,1
1696,56.589866666666666,189.92996215820312,,,,,,,,,,,,,,,,,,,,465.0,1025.625,0,0.9469502,413.4375,1208.4375,0,0.9473164,404.0625,1386.5625,0,0.9895991,390.0,1461.5625,0,0.92334425,forward,102.20627897442225,1
1697,56.62323333333333,200.42085647583008,,,,,,,,,,,,,,,,,,,,465.0,1030.3125,0,0.95710135,413.4375,1213.125,0,0.9519232,404.0625,1391.25,0,0.9845894,390.0,1461.5625,0,0.9141558,forward,102.20627897442225,1
1698,56.656600000000005,196.59996032714844,,,,,,,,,,,,,,,,,,,,460.3125,1035.0,0,0.93831754,413.4375,1213.125,0,0.9378095,404.0625,1386.5625,0,0.98177004,390.0,1461.5625,0,0.91120267,forward,98.58272763661508,1
1699,56.68996666666667,194.74387168884277,,,,,,,,,,,,,,,,,,,,460.3125,1035.0,0,0.9397804,413.4375,1213.125,0,0.94277805,404.0625,1386.5625,0,0.9788987,390.0,1461.5625,0,0.90385056,forward,98.58272763661508,1
1700,56.723333333333336,196.37608528137207,,,,,,,,,,,,,,,,,,,,460.3125,1039.6875,0,0.95501596,413.4375,1213.125,0,0.95867276,404.0625,1386.5625,0,0.98103786,390.0,1461.5625,0,0.88177234,forward,96.76570284018293,1
1701,56.7567,196.5351104736328,,,,,,,,,,,,,,,,,,,,460.3125,1039.6875,0,0.92679644,408.75,1213.125,0,0.9438502,404.0625,1386.5625,0,0.9784906,390.0,1461.5625,0,0.886962,forward,96.76570284018293,1
1702,56.79006666666667,194.74482536315918,,,,,,,,,,,,,,,,,,,,460.3125,1044.375,0,0.92549855,408.75,1217.8125,0,0.94466734,408.75,1386.5625,0,0.9727855,390.0,1456.875,0,0.86547625,forward,95.08876925717584,1
1703,56.823433333333334,198.60196113586426,,,,,,,,,,,,,,,,,,,,460.3125,1049.0625,0,0.93109274,408.75,1217.8125,0,0.95356226,408.75,1391.25,0,0.96959376,390.0,1456.875,0,0.8548919,forward,95.01277248484898,1
1704,56.8568,196.3510513305664,,,,,,,,,,,,,,,,,,,,455.625,1049.0625,0,0.94024634,408.75,1222.5,0,0.96384966,408.75,1391.25,0,0.97013307,390.0,1456.875,0,0.8679373,forward,95.08876925717584,1
1705,56.890166666666666,192.72184371948242,,,,,,,,,,,,,,,,,,,,455.625,1053.75,0,0.9387974,408.75,1222.5,0,0.96676445,408.75,1391.25,0,0.971411,390.0,1456.875,0,0.85264874,forward,93.3358389018419,1
1706,56.92353333333333,188.3678436279297,,,,,,,,,,,,,,,,,,,,455.625,1058.4375,0,0.93791586,408.75,1222.5,0,0.97277635,408.75,1391.25,0,0.9684896,390.0,1456.875,0,0.8626271,forward,91.63917559681812,1
1707,56.956900000000005,198.2138156890869,,,,,,,,,,,,,,,,,,,,455.625,1058.4375,0,0.9421793,408.75,1222.5,0,0.9746804,404.0625,1391.25,0,0.96641815,390.0,1456.875,0,0.8602938,forward,91.63917559681812,1
1708,56.99026666666667,193.71318817138672,,,,,,,,,,,,,,,,,,,,455.625,1063.125,0,0.94821054,408.75,1227.1875,0,0.9739845,404.0625,1391.25,0,0.9562981,390.0,1456.875,0,0.83740544,forward,90.01169584140149,1
1709,57.023633333333336,192.7807331085205,,,,,,,,,,,,,,,,,,,,455.625,1067.8125,0,0.93868315,408.75,1222.5,0,0.9691059,404.0625,1391.25,0,0.96175826,390.0,1456.875,0,0.8563787,forward,88.38988288461795,1
1710,57.057,190.06586074829102,,,,,,,,,,,,,,,,,,,,455.625,1067.8125,0,0.9362966,408.75,1222.5,0,0.9692069,404.0625,1391.25,0,0.96168363,390.0,1456.875,0,0.86276865,forward,88.38988288461795,1
1711,57.09036666666667,195.4350471496582,,,,,,,,,,,,,,,,,,,,455.625,1072.5,0,0.9320791,404.0625,1227.1875,0,0.9702612,404.0625,1391.25,0,0.9573342,390.0,1456.875,0,0.8378178,forward,86.76240312920132,1
1712,57.123733333333334,188.35020065307617,,,,,,,,,,,,,,,,,,,,455.625,1077.1875,0,0.9605428,404.0625,1227.1875,0,0.97943586,404.0625,1391.25,0,0.95795274,390.0,1456.875,0,0.8064746,forward,85.199806726086,1
1713,57.1571,187.50691413879395,,,,,,,,,,,,,,,,,,,,455.625,1077.1875,0,0.9241481,404.0625,1227.1875,0,0.96184266,404.0625,1391.25,0,0.9584948,390.0,1456.875,0,0.86534953,forward,85.199806726086,1
1714,57.190466666666666,191.36929512023926,,,,,,,,,,,,,,,,,,,,455.625,1077.1875,0,0.94769347,404.0625,1227.1875,0,0.9797392,404.0625,1391.25,0,0.9624373,390.0,1456.875,0,0.9207117,forward,85.199806726086,1
1715,57.22383333333333,187.7119541168213,,,,,,,,,,,,,,,,,,,,455.625,1086.5625,0,0.9281548,404.0625,1227.1875,0,0.9659195,404.0625,1391.25,0,0.9615748,390.0,1456.875,0,0.9121382,forward,82.17900479130083,1
1716,57.257200000000005,186.7971420288086,,,,,,,,,,,,,,,,,,,,455.625,1091.25,0,0.940193,404.0625,1227.1875,0,0.9696931,404.0625,1391.25,0,0.9581608,390.0,1456.875,0,0.916565,forward,80.71446125354308,1
1717,57.29056666666667,187.67690658569336,,,,,,,,,,,,,,,,,,,,455.625,1091.25,0,0.9314068,404.0625,1231.875,0,0.9672097,404.0625,1391.25,0,0.9634788,390.0,1456.875,0,0.9463737,forward,80.5956453494353,1
1718,57.323933333333336,204.16498184204102,,,,,,,,,,,,,,,,,,,,460.3125,1095.9375,0,0.957336,404.0625,1231.875,0,0.98058844,404.0625,1395.9375,0,0.9652892,385.3125,1456.875,0,0.93346334,forward,80.71446125354308,1
1719,57.3573,208.63008499145508,,,,,,,,,,,,,,,,,,,,460.3125,1100.625,0,0.93433875,408.75,1227.1875,0,0.96968156,404.0625,1391.25,0,0.969116,385.3125,1452.1875,0,0.9315797,forward,77.86404680392599,1
1720,57.39066666666667,192.047119140625,,,,,,,,,,,,,,,,,,,,460.3125,1100.625,0,0.932225,408.75,1227.1875,0,0.9680612,404.0625,1395.9375,0,0.962579,385.3125,1452.1875,0,0.9394853,forward,79.49152655934265,1
1721,57.424033333333334,215.80910682678223,,,,,,,,,,,,,,,,,,,,465.0,1100.625,0,0.9323145,408.75,1227.1875,0,0.9688406,404.0625,1395.9375,0,0.9557256,385.3125,1456.875,0,0.92048335,forward,79.49152655934265,1
1722,57.4574,190.8431053161621,,,,,,,,,,,,,,,,,,,,465.0,1100.625,0,0.9457798,408.75,1231.875,0,0.97070503,404.0625,1395.9375,0,0.9530741,385.3125,1456.875,0,0.91514677,forward,79.27690940690943,1
1723,57.490766666666666,193.78995895385742,,,,,,,,,,,,,,,,,,,,465.0,1095.9375,0,0.9257823,408.75,1227.1875,0,0.96920955,404.0625,1395.9375,0,0.96385324,385.3125,1452.1875,0,0.9249121,forward,80.90438916232605,1
1724,57.52413333333333,189.1179084777832,,,,,,,,,,,,,,,,,,,,465.0,1100.625,0,0.94085276,408.75,1231.875,0,0.97474974,404.0625,1395.9375,0,0.9613327,385.3125,1456.875,0,0.92351884,forward,79.27690940690943,1
1725,57.557500000000005,188.45176696777344,,,,,,,,,,,,,,,,,,,,465.0,1100.625,0,0.93606865,408.75,1231.875,0,0.96935606,404.0625,1395.9375,0,0.9569248,385.3125,1456.875,0,0.9255539,forward,79.27690940690943,1
1726,57.59086666666667,191.96510314941406,,,,,,,,,,,,,,,,,,,,465.0,1095.9375,0,0.93094677,408.75,1231.875,0,0.9745483,404.0625,1395.9375,0,0.97045755,385.3125,1456.875,0,0.9511664,forward,80.71446125354308,1
1727,57.624233333333336,192.8877830505371,,,,,,,,,,,,,,,,,,,,465.0,1091.25,0,0.93433464,408.75,1231.875,0,0.9810385,404.0625,1395.9375,0,0.9739536,385.3125,1456.875,0,0.9450232,forward,82.17900479130083,1
1728,57.6576,190.24181365966797,,,,,,,,,,,,,,,,,,,,465.0,1086.5625,0,0.93826854,408.75,1231.875,0,0.9813214,404.0625,1395.9375,0,0.9722781,385.3125,1456.875,0,0.9517617,forward,83.6731357240964,1
1729,57.69096666666667,192.72398948669434,,,,,,,,,,,,,,,,,,,,465.0,1081.875,0,0.9651618,408.75,1231.875,0,1.0024661,404.0625,1391.25,0,0.97517544,390.0,1456.875,0,0.9490092,forward,83.61644728422044,1
1730,57.724333333333334,191.03622436523438,,,,,,,,,,,,,,,,,,,,465.0,1077.1875,0,0.9578949,408.75,1231.875,0,0.999414,408.75,1391.25,0,0.98040605,390.0,1456.875,0,0.9412391,forward,85.17904368733576,1
1731,57.7577,193.12596321105957,,,,,,,,,,,,,,,,,,,,465.0,1072.5,0,0.97821873,408.75,1227.1875,0,1.0109494,404.0625,1391.25,0,0.9835725,390.0,1456.875,0,0.93600166,forward,86.76240312920132,1
1732,57.791066666666666,191.3309097290039,,,,,,,,,,,,,,,,,,,,465.0,1067.8125,0,0.9909843,408.75,1227.1875,0,1.0217214,404.0625,1391.25,0,0.98184186,390.0,1456.875,0,0.9449993,forward,88.36484505944676,1
1733,57.82443333333333,208.21094512939453,,,,,,,,,,,,,,,,,,,,465.0,1072.5,0,1.0230758,408.75,1222.5,0,1.0390856,404.0625,1391.25,0,0.9916707,390.0,1461.5625,0,0.93784,forward,86.82728648150263,1
1734,57.857800000000005,192.51203536987305,,,,,,,,,,,,,,,,,,,,465.0,1067.8125,0,1.0063233,408.75,1222.5,0,1.0228684,408.75,1391.25,0,0.99014956,390.0,1461.5625,0,0.9291319,forward,88.38988288461795,1
1735,57.89116666666667,192.23308563232422,,,,,,,,,,,,,,,,,,,,465.0,1063.125,0,0.95965534,408.75,1217.8125,0,0.98592794,408.75,1391.25,0,0.9878574,390.0,1456.875,0,0.87108755,forward,90.06681646762503,1
1736,57.924533333333336,191.88404083251953,,,,,,,,,,,,,,,,,,,,469.6875,1053.75,0,0.9695104,408.75,1217.8125,0,0.9838108,408.75,1391.25,0,0.98395455,390.0,1461.5625,0,0.89051473,forward,93.3161091798252,1
1737,57.9579,192.22712516784668,,,,,,,,,,,,,,,,,,,,469.6875,1049.0625,0,0.97175986,408.75,1213.125,0,0.98178625,408.75,1391.25,0,0.9809005,390.0,1466.25,0,0.91012335,forward,95.04888984495884,1
1738,57.99126666666667,191.21599197387695,,,,,,,,,,,,,,,,,,,,469.6875,1039.6875,0,0.98071396,413.4375,1208.4375,0,0.9779322,408.75,1391.25,0,0.9825993,385.3125,1466.25,0,0.91932744,forward,98.54192888465624,1
1739,58.024633333333334,191.60223007202148,,,,,,,,,,,,,,,,,,,,469.6875,1035.0,0,0.9628862,413.4375,1203.75,0,0.96359617,404.0625,1386.5625,0,0.9900682,390.0,1461.5625,0,0.9287144,forward,98.54192888465624,1
1740,58.058,192.01898574829102,,,,,,,,,,,,,,,,,,,,469.6875,1030.3125,0,0.9750023,413.4375,1203.75,0,0.9672965,404.0625,1386.5625,0,0.99949855,390.0,1466.25,0,0.92905843,forward,100.29485923999019,1
1741,58.091366666666666,191.33377075195312,,,,,,,,,,,,,,,,,,,,469.6875,1025.625,0,0.96631587,413.4375,1199.0625,0,0.9583101,408.75,1386.5625,0,1.0073955,390.0,1461.5625,0,0.9226429,forward,102.16438994989213,1
1742,58.12473333333333,192.1248435974121,,,,,,,,,,,,,,,,,,,,469.6875,1020.9375,0,0.96654606,413.4375,1199.0625,0,0.9543675,404.0625,1386.5625,0,1.0047175,390.0,1461.5625,0,0.9106393,forward,103.98141474632428,1
1743,58.158100000000005,192.626953125,,,,,,,,,,,,,,,,,,,,469.6875,1016.25,0,0.9528383,418.125,1194.375,0,0.94616246,404.0625,1386.5625,0,0.9920049,390.0,1466.25,0,0.89798325,forward,105.93610429036087,1
1744,58.19146666666667,192.033052444458,,,,,,,,,,,,,,,,,,,,469.6875,1006.875,0,0.9450611,418.125,1189.6875,0,0.9352031,404.0625,1386.5625,0,0.97851324,390.0,1466.25,0,0.89777195,forward,109.88219877818273,1
1745,58.224833333333336,194.73505020141602,,,,,,,,,,,,,,,,,,,,469.6875,1006.875,0,0.9402206,422.8125,1194.375,0,0.93860435,404.0625,1386.5625,0,0.9821762,390.0,1466.25,0,0.9139236,forward,109.80353398461949,1
1746,58.2582,199.98407363891602,,,,,,,,,,,,,,,,,,,,469.6875,1002.1875,0,0.95304656,422.8125,1199.0625,0,0.9453949,404.0625,1386.5625,0,0.9907967,390.0,1461.5625,0,0.93448055,forward,112.12738530582368,1
1747,58.29156666666667,195.42908668518066,,,,,,,,,,,,,,,,,,,,469.6875,997.5,0,0.95400584,422.8125,1199.0625,0,0.9543155,404.0625,1386.5625,0,0.99534893,390.0,1461.5625,0,0.93955815,forward,114.47844431915047,1
1748,58.324933333333334,194.5810317993164,,,,,,,,,,,,,,,,,,,,469.6875,997.5,0,0.95991457,427.5,1199.0625,0,0.9593414,404.0625,1391.25,0,1.0063479,390.0,1461.5625,0,0.9515189,forward,116.43313386318707,1
1749,58.3583,196.95091247558594,,,,,,,,,,,,,,,,,,,,469.6875,992.8125,0,0.95843494,427.5,1199.0625,0,0.95979583,404.0625,1391.25,0,1.0027915,390.0,1461.5625,0,0.95327735,forward,118.97588593359768,1
1750,58.391666666666666,195.11723518371582,,,,,,,,,,,,,,,,,,,,469.6875,992.8125,0,0.9618416,427.5,1199.0625,0,0.96228224,404.0625,1391.25,0,1.0148153,390.0,1461.5625,0,0.96805716,forward,118.97588593359768,1
1751,58.42503333333333,195.023775100708,,,,,,,,,,,,,,,,,,,,469.6875,992.8125,0,0.9529265,427.5,1199.0625,0,0.95692027,404.0625,1391.25,0,1.0145593,390.0,1461.5625,0,0.96618915,forward,118.97588593359768,1
1752,58.458400000000005,195.9841251373291,,,,,,,,,,,,,,,,,,,,465.0,992.8125,0,0.9521295,427.5,1199.0625,0,0.9562901,404.0625,1391.25,0,1.0158408,390.0,1461.5625,0,0.96191627,forward,118.97588593359768,1
1753,58.49176666666667,195.88613510131836,,,,,,,,,,,,,,,,,,,,465.0,992.8125,0,0.9520612,427.5,1199.0625,0,0.95483506,404.0625,1391.25,0,1.0174344,390.0,1461.5625,0,0.964465,forward,118.97588593359768,1
1754,58.525133333333336,195.18494606018066,,,,,,,,,,,,,,,,,,,,465.0,992.8125,0,0.9480785,422.8125,1199.0625,0,0.95119774,404.0625,1391.25,0,1.0152569,390.0,1461.5625,0,0.96218336,forward,118.97588593359768,1
1755,58.5585,196.08116149902344,,,,,,,,,,,,,,,,,,,,465.0,992.8125,0,0.94631946,422.8125,1199.0625,0,0.94489396,404.0625,1391.25,0,1.01135,390.0,1461.5625,0,0.9618516,forward,118.97588593359768,1
1756,58.59186666666667,198.00710678100586,,,,,,,,,,,,,,,,,,,,465.0,992.8125,0,0.9440646,422.8125,1199.0625,0,0.9430969,404.0625,1391.25,0,1.0107652,390.0,1461.5625,0,0.96133626,forward,118.97588593359768,1
1757,58.625233333333334,195.87397575378418,,,,,,,,,,,,,,,,,,,,460.3125,992.8125,0,0.94287634,422.8125,1199.0625,0,0.94025797,404.0625,1391.25,0,1.0077846,390.0,1461.5625,0,0.96115065,forward,118.97588593359768,1
1758,58.6586,196.20084762573242,,,,,,,,,,,,,,,,,,,,460.3125,992.8125,0,0.94365275,422.8125,1199.0625,0,0.9413053,404.0625,1391.25,0,1.0091454,390.0,1461.5625,0,0.96424156,forward,118.97588593359768,1
1759,58.691966666666666,194.64588165283203,,,,,,,,,,,,,,,,,,,,460.3125,992.8125,0,0.9424286,422.8125,1199.0625,0,0.9423756,404.0625,1391.25,0,1.0092643,390.0,1466.25,0,0.9649944,forward,118.97588593359768,1
1760,58.72533333333333,196.11382484436035,,,,,,,,,,,,,,,,,,,,460.3125,992.8125,0,0.9406283,422.8125,1199.0625,0,0.9378692,404.0625,1391.25,0,1.002585,390.0,1461.5625,0,0.96116936,forward,118.97588593359768,1
1761,58.758700000000005,196.0301399230957,,,,,,,,,,,,,,,,,,,,460.3125,992.8125,0,0.94168735,422.8125,1199.0625,0,0.93900555,404.0625,1391.25,0,1.0003006,390.0,1461.5625,0,0.9603321,forward,118.97588593359768,1
1762,58.79206666666667,194.2880153656006,,,,,,,,,,,,,,,,,,,,460.3125,992.8125,0,0.94313145,422.8125,1199.0625,0,0.9419156,404.0625,1386.5625,0,1.0033708,390.0,1461.5625,0,0.95642203,forward,117.02119638956108,1
1763,58.825433333333336,189.26000595092773,,,,,,,,,,,,,,,,,,,,460.3125,992.8125,0,0.9449635,422.8125,1199.0625,0,0.9421912,404.0625,1386.5625,0,1.0035379,390.0,1461.5625,0,0.9619906,forward,117.02119638956108,1
1764,58.8588,188.69400024414062,,,,,,,,,,,,,,,,,,,,460.3125,988.125,0,0.9411323,422.8125,1199.0625,0,0.93776107,404.0625,1386.5625,0,0.9982779,390.0,1461.5625,0,0.9570904,forward,119.81865481696991,1
1765,58.89216666666667,190.8738613128662,,,,,,,,,,,,,,,,,,,,460.3125,988.125,0,0.9402883,418.125,1194.375,0,0.9376775,404.0625,1386.5625,0,0.9972625,390.0,1461.5625,0,0.95796347,forward,118.97588593359768,1
1766,58.925533333333334,190.8409595489502,,,,,,,,,,,,,,,,,,,,460.3125,992.8125,0,0.94391906,418.125,1199.0625,0,0.93493277,404.0625,1386.5625,0,0.9979067,390.0,1461.5625,0,0.95586234,forward,117.02119638956108,1
1767,58.9589,191.20383262634277,,,,,,,,,,,,,,,,,,,,460.3125,992.8125,0,0.9438902,418.125,1199.0625,0,0.9344531,404.0625,1386.5625,0,1.002099,390.0,1461.5625,0,0.9573232,forward,117.02119638956108,1
1768,58.992266666666666,191.38503074645996,,,,,,,,,,,,,,,,,,,,460.3125,992.8125,0,0.94369113,418.125,1199.0625,0,0.935303,404.0625,1386.5625,0,0.9950092,390.0,1461.5625,0,0.94534457,forward,117.02119638956108,1
1769,59.02563333333333,191.71786308288574,,,,,,,,,,,,,,,,,,,,460.3125,997.5,0,0.9393808,418.125,1199.0625,0,0.9324534,404.0625,1386.5625,0,0.9989184,390.0,1461.5625,0,0.9411397,forward,114.47844431915047,1
1770,59.059000000000005,190.63329696655273,,,,,,,,,,,,,,,,,,,,465.0,1002.1875,0,0.9466805,418.125,1199.0625,0,0.9383528,404.0625,1386.5625,0,0.9999616,390.0,1466.25,0,0.93743354,forward,112.12738530582368,1
1771,59.09236666666667,194.2582130432129,,,,,,,,,,,,,,,,,,,,465.0,1002.1875,0,0.948254,418.125,1199.0625,0,0.9392352,404.0625,1391.25,0,0.9991894,390.0,1461.5625,0,0.9315782,forward,114.08207484986028,1
1772,59.125733333333336,191.0269260406494,,,,,,,,,,,,,,,,,,,,465.0,1002.1875,0,0.9430125,418.125,1203.75,0,0.93284833,404.0625,1391.25,0,0.9889089,390.0,1466.25,0,0.92323554,forward,114.47844431915047,1
1773,59.1591,192.15989112854004,,,,,,,,,,,,,,,,,,,,465.0,1006.875,0,0.95075953,418.125,1203.75,0,0.9317739,404.0625,1391.25,0,0.9855871,390.0,1461.5625,0,0.92365885,forward,112.12738530582368,1
1774,59.19246666666667,189.8629665374756,,,,,,,,,,,,,,,,,,,,465.0,1011.5625,0,0.94623935,413.4375,1203.75,0,0.9278293,404.0625,1386.5625,0,0.98974174,390.0,1466.25,0,0.91967595,forward,108.05747549367439,1
1775,59.225833333333334,194.1549777984619,,,,,,,,,,,,,,,,,,,,465.0,1016.25,0,0.9462179,413.4375,1203.75,0,0.92819405,404.0625,1386.5625,0,0.994059,390.0,1466.25,0,0.9165908,forward,105.97931373068096,1
1776,59.2592,190.46401977539062,,,,,,,,,,,,,,,,,,,,465.0,1016.25,0,0.9490758,413.4375,1208.4375,0,0.92636013,404.0625,1386.5625,0,0.99596643,390.0,1466.25,0,0.9133662,forward,106.26109975900076,1
1777,59.292566666666666,195.07598876953125,,,,,,,,,,,,,,,,,,,,465.0,1020.9375,0,0.95008785,413.4375,1208.4375,0,0.9362381,404.0625,1386.5625,0,1.0030088,390.0,1461.5625,0,0.91579366,forward,104.18293799600733,1
1778,59.32593333333333,189.9728775024414,,,,,,,,,,,,,,,,,,,,465.0,1025.625,0,0.96182686,408.75,1208.4375,0,0.95769334,404.0625,1386.5625,0,1.0050524,390.0,1466.25,0,0.9321529,forward,102.20627897442225,1
1779,59.359300000000005,193.3150291442871,,,,,,,,,,,,,,,,,,,,465.0,1030.3125,0,0.95999527,408.75,1213.125,0,0.9551217,404.0625,1386.5625,0,0.9994626,390.0,1466.25,0,0.9301461,forward,100.47349830928862,1
1780,59.39266666666667,187.8042221069336,,,,,,,,,,,,,,,,,,,,465.0,1030.3125,0,0.95104474,408.75,1213.125,0,0.9537903,404.0625,1386.5625,0,0.99715847,390.0,1466.25,0,0.9313264,forward,100.47349830928862,1
1781,59.426033333333336,186.99312210083008,,,,,,,,,,,,,,,,,,,,465.0,1035.0,0,0.94790924,408.75,1213.125,0,0.9464461,404.0625,1386.5625,0,0.9945446,385.3125,1461.5625,0,0.9207077,forward,98.58272763661508,1
1782,59.4594,188.08221817016602,,,,,,,,,,,,,,,,,,,,460.3125,1039.6875,0,0.9646585,408.75,1213.125,0,0.9715066,404.0625,1386.5625,0,0.99377775,390.0,1466.25,0,0.9116958,forward,96.76570284018293,1
1783,59.49276666666667,187.17598915100098,,,,,,,,,,,,,,,,,,,,460.3125,1044.375,0,0.9764872,404.0625,1217.8125,0,0.9885205,404.0625,1391.25,0,0.9952028,385.3125,1466.25,0,0.92703664,forward,96.76570284018293,1
1784,59.526133333333334,191.07580184936523,,,,,,,,,,,,,,,,,,,,460.3125,1049.0625,0,0.9703899,404.0625,1217.8125,0,0.9894709,404.0625,1391.25,0,0.99135697,385.3125,1466.25,0,0.93501437,forward,95.01277248484898,1
1785,59.5595,193.37987899780273,,,,,,,,,,,,,,,,,,,,460.3125,1053.75,0,0.94254315,404.0625,1217.8125,0,0.9696127,404.0625,1386.5625,0,0.9895536,385.3125,1461.5625,0,0.9124912,forward,91.63917559681812,1
1786,59.592866666666666,189.22901153564453,,,,,,,,,,,,,,,,,,,,460.3125,1058.4375,0,0.98147964,404.0625,1222.5,0,1.0048504,404.0625,1391.25,0,0.9894752,385.3125,1461.5625,0,0.93305624,forward,91.63917559681812,1
1787,59.62623333333333,192.80004501342773,,,,,,,,,,,,,,,,,,,,460.3125,1063.125,0,0.96017176,399.375,1227.1875,0,0.9944228,404.0625,1391.25,0,0.9867449,385.3125,1461.5625,0,0.9127493,forward,90.01169584140149,1
1788,59.6596,191.30706787109375,,,,,,,,,,,,,,,,,,,,460.3125,1067.8125,0,0.97275436,399.375,1227.1875,0,1.0116013,404.0625,1391.25,0,0.9859191,385.3125,1461.5625,0,0.9289985,forward,88.36484505944676,1
1789,59.69296666666667,191.41507148742676,,,,,,,,,,,,,,,,,,,,460.3125,1067.8125,0,0.9680259,399.375,1227.1875,0,1.0106037,404.0625,1391.25,0,0.99560595,385.3125,1456.875,0,0.93279624,forward,88.36484505944676,1
1790,59.726333333333336,192.28601455688477,,,,,,,,,,,,,,,,,,,,460.3125,1077.1875,0,1.0089762,399.375,1227.1875,0,1.0320524,404.0625,1391.25,0,0.9939679,385.3125,1461.5625,0,0.9491266,forward,85.199806726086,1
1791,59.7597,191.44701957702637,,,,,,,,,,,,,,,,,,,,460.3125,1077.1875,0,0.98959136,399.375,1227.1875,0,1.0115327,404.0625,1391.25,0,0.9909481,385.3125,1456.875,0,0.9316801,forward,85.199806726086,1
1792,59.79306666666667,190.89889526367188,,,,,,,,,,,,,,,,,,,,460.3125,1081.875,0,1.0117307,399.375,1227.1875,0,1.0250659,404.0625,1395.9375,0,0.98983085,385.3125,1461.5625,0,0.92057014,forward,85.30061547951303,1
1793,59.826433333333334,191.78199768066406,,,,,,,,,,,,,,,,,,,,455.625,1081.875,0,0.96775365,399.375,1227.1875,0,1.0026097,404.0625,1391.25,0,0.9878507,385.3125,1456.875,0,0.925697,forward,83.6731357240964,1
1794,59.8598,191.4689540863037,,,,,,,,,,,,,,,,,,,,460.3125,1086.5625,0,1.0105054,394.6875,1227.1875,0,1.0225178,404.0625,1395.9375,0,0.9895226,385.3125,1456.875,0,0.94392896,forward,83.80648454671748,1
1795,59.893166666666666,191.35212898254395,,,,,,,,,,,,,,,,,,,,460.3125,1091.25,0,1.0018567,394.6875,1227.1875,0,1.0165602,404.0625,1391.25,0,0.9865588,385.3125,1456.875,0,0.9421426,forward,80.71446125354308,1
1796,59.92653333333333,191.6828155517578,,,,,,,,,,,,,,,,,,,,455.625,1091.25,0,1.0115781,394.6875,1231.875,0,1.0228477,404.0625,1391.25,0,0.9942664,385.3125,1461.5625,0,0.94327754,forward,80.5956453494353,1
1797,59.9599,221.0531234741211,,,,,,,,,,,,,,,,,,,,455.625,1091.25,0,0.98196614,394.6875,1231.875,0,1.007527,404.0625,1391.25,0,0.99235,385.3125,1456.875,0,0.956106,forward,80.5956453494353,1
1798,59.99326666666667,192.51203536987305,,,,,,,,,,,,,,,,,,,,455.625,1095.9375,0,0.97808397,399.375,1231.875,0,1.0042063,404.0625,1391.25,0,0.9917289,385.3125,1456.875,0,0.9467914,forward,79.13110181167752,1
1799,60.026633333333336,196.78783416748047,,,,,,,,,,,,,,,,,,,,455.625,1095.9375,0,0.98592734,399.375,1231.875,0,1.0091671,404.0625,1391.25,0,0.9853773,385.3125,1456.875,0,0.94310737,forward,79.13110181167752,1
1800,60.06,191.32518768310547,,,,,,,,,,,,,,,,,,,,455.625,1100.625,0,0.9913477,399.375,1231.875,0,1.0119643,404.0625,1391.25,0,0.99148583,385.3125,1456.875,0,0.9542092,forward,77.69354996504387,1
1801,60.09336666666667,192.11888313293457,,,,,,,,,,,,,,,,,,,,455.625,1100.625,0,0.9740628,399.375,1231.875,0,1.0035582,404.0625,1391.25,0,0.98903245,385.3125,1456.875,0,0.9581232,forward,77.69354996504387,1
1802,60.126733333333334,193.27783584594727,,,,,,,,,,,,,,,,,,,,455.625,1105.3125,0,0.9872732,399.375,1231.875,0,1.0107453,404.0625,1391.25,0,0.9888419,385.3125,1456.875,0,0.9548681,forward,76.28068736206046,1
1803,60.1601,191.6799545288086,,,,,,,,,,,,,,,,,,,,455.625,1105.3125,0,0.9988075,394.6875,1236.5625,0,1.0173765,404.0625,1391.25,0,0.9903393,385.3125,1461.5625,0,0.94692403,forward,76.14978115437437,1
1804,60.193466666666666,190.5691623687744,,,,,,,,,,,,,,,,,,,,455.625,1110.0,0,1.0131669,394.6875,1236.5625,0,1.0275061,404.0625,1391.25,0,0.98578626,385.3125,1461.5625,0,0.8932754,forward,74.73691855139094,1
1805,60.22683333333333,193.2051181793213,,,,,,,,,,,,,,,,,,,,455.625,1100.625,0,1.0018089,394.6875,1236.5625,0,1.0174813,404.0625,1391.25,0,0.9852303,385.3125,1461.5625,0,0.943084,forward,77.58733300100802,1
1806,60.2602,191.13826751708984,,,,,,,,,,,,,,,,,,,,455.625,1095.9375,0,0.98074365,399.375,1236.5625,0,1.0093098,404.0625,1391.25,0,0.98968244,385.3125,1456.875,0,0.95847,forward,79.05187653876578,1
1807,60.29356666666667,191.38407707214355,,,,,,,,,,,,,,,,,,,,460.3125,1095.9375,0,0.99262476,399.375,1236.5625,0,1.0162714,404.0625,1391.25,0,0.9938251,385.3125,1456.875,0,0.9521775,forward,79.05187653876578,1
1808,60.326933333333336,191.24674797058105,,,,,,,,,,,,,,,,,,,,460.3125,1095.9375,0,1.0295359,399.375,1236.5625,0,1.0426623,404.0625,1391.25,0,0.99925077,385.3125,1461.5625,0,0.9487185,forward,79.05187653876578,1
1809,60.3603,190.61589241027832,,,,,,,,,,,,,,,,,,,,460.3125,1086.5625,0,0.9911359,399.375,1236.5625,0,1.0147341,404.0625,1391.25,0,0.98992217,385.3125,1456.875,0,0.94929445,forward,82.07267847355094,1
1810,60.39366666666667,191.7250156402588,,,,,,,,,,,,,,,,,,,,455.625,1081.875,0,0.9731771,399.375,1236.5625,0,1.0114733,404.0625,1391.25,0,0.98903924,385.3125,1456.875,0,0.94195896,forward,83.63527487666626,1
1811,60.427033333333334,191.53165817260742,,,,,,,,,,,,,,,,,,,,460.3125,1077.1875,0,0.99584365,399.375,1236.5625,0,1.0292721,404.0625,1391.25,0,0.9906958,385.3125,1461.5625,0,0.9539974,forward,85.2377168069117,1
1812,60.4604,191.0839080810547,,,,,,,,,,,,,,,,,,,,455.625,1077.1875,0,1.001145,399.375,1231.875,0,1.0331769,404.0625,1391.25,0,0.9924146,390.0,1461.5625,0,0.9541221,forward,85.17904368733576,1
1813,60.493766666666666,191.3306713104248,,,,,,,,,,,,,,,,,,,,460.3125,1067.8125,0,0.9742012,404.0625,1227.1875,0,1.0103623,404.0625,1391.25,0,0.986269,385.3125,1461.5625,0,0.9408213,forward,88.36484505944676,1
1814,60.52713333333333,191.65682792663574,,,,,,,,,,,,,,,,,,,,460.3125,1063.125,0,0.9615866,404.0625,1227.1875,0,1.0040349,404.0625,1391.25,0,0.99129635,390.0,1461.5625,0,0.93337286,forward,90.01169584140149,1
1815,60.5605,190.7980442047119,,,,,,,,,,,,,,,,,,,,460.3125,1058.4375,0,0.9752967,404.0625,1222.5,0,0.9968759,404.0625,1391.25,0,0.98737,390.0,1466.25,0,0.93339777,forward,91.63917559681812,1
1816,60.59386666666667,190.95087051391602,,,,,,,,,,,,,,,,,,,,460.3125,1049.0625,0,0.96963936,404.0625,1217.8125,0,0.98915786,404.0625,1386.5625,0,0.99082816,385.3125,1466.25,0,0.93936825,forward,93.3358389018419,1
1817,60.627233333333336,192.35706329345703,,,,,,,,,,,,,,,,,,,,460.3125,1039.6875,0,0.9414257,408.75,1213.125,0,0.9614177,408.75,1386.5625,0,0.9942446,385.3125,1466.25,0,0.9289422,forward,96.76570284018293,1
1818,60.6606,191.3928985595703,,,,,,,,,,,,,,,,,,,,460.3125,1030.3125,0,0.9495654,408.75,1208.4375,0,0.95338476,404.0625,1386.5625,0,0.9950615,385.3125,1466.25,0,0.93097997,forward,100.31550830174871,1
1819,60.69396666666667,192.4581527709961,,,,,,,,,,,,,,,,,,,,465.0,1025.625,0,0.9605391,408.75,1203.75,0,0.9597036,404.0625,1386.5625,0,0.99424887,390.0,1466.25,0,0.92799795,forward,102.11188403642234,1
1820,60.727333333333334,190.88101387023926,,,,,,,,,,,,,,,,,,,,460.3125,1020.9375,0,0.95018506,413.4375,1199.0625,0,0.9510492,404.0625,1386.5625,0,0.9987747,390.0,1461.5625,0,0.9154848,forward,103.98141474632428,1
1821,60.7607,192.20709800720215,,,,,,,,,,,,,,,,,,,,465.0,1016.25,0,0.9461411,413.4375,1194.375,0,0.938429,404.0625,1381.875,0,0.9866723,390.0,1461.5625,0,0.90384644,forward,103.98141474632428,1
1822,60.794066666666666,190.80376625061035,,,,,,,,,,,,,,,,,,,,465.0,1011.5625,0,0.94273365,413.4375,1199.0625,0,0.9357244,408.75,1381.875,0,0.9818269,390.0,1461.5625,0,0.90060246,forward,105.97931373068096,1
1823,60.82743333333333,191.39885902404785,,,,,,,,,,,,,,,,,,,,465.0,1006.875,0,0.9397938,418.125,1199.0625,0,0.93573093,404.0625,1381.875,0,0.98165417,394.6875,1461.5625,0,0.90677917,forward,108.05747549367439,1
1824,60.8608,192.36087799072266,,,,,,,,,,,,,,,,,,,,465.0,1002.1875,0,0.9583523,418.125,1194.375,0,0.9541279,404.0625,1381.875,0,0.98978764,394.6875,1461.5625,0,0.9238772,forward,109.92700620357633,1
1825,60.89416666666667,191.48898124694824,,,,,,,,,,,,,,,,,,,,465.0,997.5,0,0.97415054,418.125,1189.6875,0,0.97250915,404.0625,1381.875,0,0.995389,390.0,1456.875,0,0.9237138,forward,111.88169574761292,1
1826,60.927533333333336,190.89984893798828,,,,,,,,,,,,,,,,,,,,465.0,992.8125,0,0.9681383,422.8125,1194.375,0,0.97275674,404.0625,1381.875,0,0.99615514,394.6875,1456.875,0,0.93114734,forward,114.47844431915047,1
1827,60.9609,192.12698936462402,,,,,,,,,,,,,,,,,,,,465.0,992.8125,0,0.96115625,422.8125,1194.375,0,0.97564906,404.0625,1386.5625,0,1.0104048,394.6875,1456.875,0,0.93517864,forward,116.43313386318707,1
1828,60.99426666666667,191.60223007202148,,,,,,,,,,,,,,,,,,,,465.0,992.8125,0,0.976538,422.8125,1194.375,0,0.99212986,404.0625,1386.5625,0,1.018336,390.0,1456.875,0,0.9485829,forward,116.43313386318707,1
1829,61.027633333333334,190.9158229827881,,,,,,,,,,,,,,,,,,,,460.3125,988.125,0,0.9824563,422.8125,1189.6875,0,0.99852014,404.0625,1386.5625,0,1.0276217,390.0,1456.875,0,0.9472108,forward,118.48845767833538,1
1830,61.061,190.50288200378418,,,,,,,,,,,,,,,,,,,,460.3125,988.125,0,0.9866916,422.8125,1189.6875,0,1.0042291,404.0625,1386.5625,0,1.0306838,390.0,1456.875,0,0.9499845,forward,118.48845767833538,1
1831,61.094366666666666,190.66596031188965,,,,,,,,,,,,,,,,,,,,460.3125,988.125,0,0.9854715,422.8125,1189.6875,0,1.0052278,404.0625,1386.5625,0,1.0297847,390.0,1456.875,0,0.94167536,forward,118.48845767833538,1
1832,61.12773333333333,191.24817848205566,,,,,,,,,,,,,,,,,,,,460.3125,992.8125,0,0.97296494,422.8125,1194.375,0,0.99405766,404.0625,1391.25,0,1.0208744,390.0,1456.875,0,0.9489325,forward,118.48845767833538,1
1833,61.1611,191.87211990356445,,,,,,,,,,,,,,,,,,,,460.3125,988.125,0,0.9736232,422.8125,1194.375,0,0.9981247,404.0625,1391.25,0,1.026058,390.0,1456.875,0,0.9460844,forward,121.031209748746,1
1834,61.19446666666667,190.0351047515869,,,,,,,,,,,,,,,,,,,,460.3125,992.8125,0,0.97117496,422.8125,1194.375,0,0.9969153,404.0625,1391.25,0,1.0270611,390.0,1456.875,0,0.94874775,forward,118.48845767833538,1
1835,61.227833333333336,191.44296646118164,,,,,,,,,,,,,,,,,,,,460.3125,988.125,0,0.977149,422.8125,1194.375,0,1.0013114,404.0625,1391.25,0,1.0299793,390.0,1456.875,0,0.9403124,forward,121.031209748746,1
1836,61.2612,194.7331428527832,,,,,,,,,,,,,,,,,,,,460.3125,988.125,0,0.9728865,422.8125,1194.375,0,0.9986429,404.0625,1391.25,0,1.0256213,390.0,1456.875,0,0.95190763,forward,121.031209748746,1
1837,61.29456666666667,191.7262077331543,,,,,,,,,,,,,,,,,,,,460.3125,988.125,0,0.9765415,422.8125,1194.375,0,1.0012572,404.0625,1391.25,0,1.0304056,390.0,1456.875,0,0.95530343,forward,121.031209748746,1
1838,61.327933333333334,191.0851001739502,,,,,,,,,,,,,,,,,,,,460.3125,988.125,0,0.9733904,422.8125,1194.375,0,0.99929625,404.0625,1391.25,0,1.0266572,390.0,1456.875,0,0.9521009,forward,121.031209748746,1
1839,61.3613,191.60914421081543,,,,,,,,,,,,,,,,,,,,460.3125,988.125,0,0.978733,422.8125,1194.375,0,1.0054324,404.0625,1391.25,0,1.0321865,390.0,1456.875,0,0.94949067,forward,121.031209748746,1
1840,61.394666666666666,199.3110179901123,,,,,,,,,,,,,,,,,,,,455.625,988.125,0,0.97799045,418.125,1194.375,0,1.0015752,404.0625,1391.25,0,1.0291595,390.0,1456.875,0,0.9568378,forward,121.031209748746,1
1841,61.42803333333333,195.43910026550293,,,,,,,,,,,,,,,,,,,,455.625,988.125,0,0.98843867,418.125,1194.375,0,1.0107664,404.0625,1391.25,0,1.0369741,390.0,1456.875,0,0.958419,forward,121.031209748746,1
1842,61.4614,193.8769817352295,,,,,,,,,,,,,,,,,,,,460.3125,988.125,0,0.9870013,418.125,1194.375,0,1.0071313,404.0625,1391.25,0,1.0358391,390.0,1456.875,0,0.95737785,forward,121.031209748746,1
1843,61.49476666666667,194.69070434570312,,,,,,,,,,,,,,,,,,,,455.625,988.125,0,0.984092,418.125,1194.375,0,1.0048171,404.0625,1391.25,0,1.038768,390.0,1456.875,0,0.94852257,forward,121.031209748746,1
1844,61.52813333333334,194.71096992492676,,,,,,,,,,,,,,,,,,,,455.625,992.8125,0,0.98970896,418.125,1194.375,0,1.007081,404.0625,1386.5625,0,1.0435042,390.0,1456.875,0,0.9512037,forward,116.43313386318707,1
1845,61.5615,192.40212440490723,,,,,,,,,,,,,,,,,,,,460.3125,992.8125,0,0.9891434,418.125,1194.375,0,1.0085745,404.0625,1386.5625,0,1.0429945,390.0,1456.875,0,0.9470197,forward,116.43313386318707,1
1846,61.59486666666667,195.01018524169922,,,,,,,,,,,,,,,,,,,,460.3125,992.8125,0,0.9937477,418.125,1194.375,0,1.0072622,404.0625,1386.5625,0,1.0380269,390.0,1456.875,0,0.94772327,forward,116.43313386318707,1
1847,61.628233333333334,195.1768398284912,,,,,,,,,,,,,,,,,,,,460.3125,992.8125,0,0.9944693,418.125,1194.375,0,1.0095772,404.0625,1386.5625,0,1.0380538,390.0,1456.875,0,0.9418148,forward,116.43313386318707,1
1848,61.6616,195.87469100952148,,,,,,,,,,,,,,,,,,,,460.3125,997.5,0,0.9912368,418.125,1194.375,0,1.0018388,404.0625,1386.5625,0,1.0316939,390.0,1456.875,0,0.9328233,forward,114.08207484986028,1
1849,61.694966666666666,194.8237419128418,,,,,,,,,,,,,,,,,,,,460.3125,997.5,0,0.9885304,418.125,1194.375,0,0.997365,404.0625,1386.5625,0,1.0248328,390.0,1456.875,0,0.933428,forward,114.08207484986028,1
1850,61.72833333333333,195.04404067993164,,,,,,,,,,,,,,,,,,,,460.3125,1002.1875,0,0.98725104,418.125,1194.375,0,0.99377525,404.0625,1386.5625,0,1.0206661,390.0,1456.875,0,0.93390954,forward,111.88169574761292,1
1851,61.7617,194.97323036193848,,,,,,,,,,,,,,,,,,,,460.3125,1002.1875,0,0.99335456,418.125,1194.375,0,0.9945384,404.0625,1386.5625,0,1.0216345,390.0,1456.875,0,0.918769,forward,111.88169574761292,1
1852,61.79506666666667,194.95606422424316,,,,,,,,,,,,,,,,,,,,460.3125,1006.875,0,0.99701804,413.4375,1199.0625,0,0.9944055,404.0625,1386.5625,0,1.0205504,390.0,1456.875,0,0.91549236,forward,109.92700620357633,1
1853,61.82843333333334,194.8552131652832,,,,,,,,,,,,,,,,,,,,460.3125,1011.5625,0,1.0063839,413.4375,1203.75,0,0.9990591,404.0625,1386.5625,0,1.0238862,390.0,1456.875,0,0.91841435,forward,108.05747549367439,1
1854,61.8618,195.23215293884277,,,,,,,,,,,,,,,,,,,,460.3125,1016.25,0,1.011245,413.4375,1203.75,0,0.9972881,404.0625,1386.5625,0,1.0210253,385.3125,1461.5625,0,0.9214437,forward,105.97931373068096,1
1855,61.89516666666667,195.14894485473633,,,,,,,,,,,,,,,,,,,,460.3125,1020.9375,0,1.0250478,413.4375,1203.75,0,1.0092115,404.0625,1386.5625,0,1.0305208,385.3125,1456.875,0,0.9140065,forward,104.00265470909588,1
1856,61.928533333333334,195.7550048828125,,,,,,,,,,,,,,,,,,,,460.3125,1020.9375,0,1.0130739,408.75,1203.75,0,0.9986409,404.0625,1386.5625,0,1.0144432,390.0,1461.5625,0,0.91658473,forward,104.00265470909588,1
1857,61.9619,196.05708122253418,,,,,,,,,,,,,,,,,,,,460.3125,1025.625,0,1.0140392,408.75,1208.4375,0,1.0036571,404.0625,1386.5625,0,1.0148311,390.0,1461.5625,0,0.9157988,forward,102.20627897442225,1
1858,61.995266666666666,196.4550018310547,,,,,,,,,,,,,,,,,,,,460.3125,1030.3125,0,1.0111136,408.75,1208.4375,0,1.0056992,404.0625,1386.5625,0,1.0131137,385.3125,1461.5625,0,0.92532,forward,100.31550830174871,1
1859,62.02863333333333,195.66106796264648,,,,,,,,,,,,,,,,,,,,460.3125,1035.0,0,1.0106758,408.75,1208.4375,0,1.0061531,404.0625,1386.5625,0,1.0146358,385.3125,1461.5625,0,0.92385733,forward,98.49848350531656,1
1860,62.062,196.53987884521484,,,,,,,,,,,,,,,,,,,,460.3125,1039.6875,0,1.0090466,408.75,1213.125,0,1.0164406,404.0625,1386.5625,0,1.021604,385.3125,1461.5625,0,0.9213029,forward,96.76570284018293,1
1861,62.09536666666667,196.62022590637207,,,,,,,,,,,,,,,,,,,,460.3125,1044.375,0,0.9962596,408.75,1217.8125,0,1.0126101,404.0625,1386.5625,0,1.01599,385.3125,1461.5625,0,0.93015337,forward,95.08876925717584,1
1862,62.12873333333334,196.21825218200684,,,,,,,,,,,,,,,,,,,,465.0,1053.75,0,0.99519193,404.0625,1217.8125,0,1.0164162,404.0625,1386.5625,0,1.0198848,385.3125,1461.5625,0,0.9381379,forward,91.63917559681812,1
1863,62.1621,196.6991424560547,,,,,,,,,,,,,,,,,,,,460.3125,1058.4375,0,0.97653395,404.0625,1217.8125,0,1.0043879,404.0625,1386.5625,0,1.0117748,385.3125,1461.5625,0,0.9377957,forward,89.9923248148634,1
1864,62.19546666666667,196.44808769226074,,,,,,,,,,,,,,,,,,,,465.0,1063.125,0,0.99129164,404.0625,1222.5,0,1.0192804,404.0625,1386.5625,0,1.0288503,385.3125,1461.5625,0,0.93080676,forward,88.36484505944676,1
1865,62.228833333333334,195.71304321289062,,,,,,,,,,,,,,,,,,,,465.0,1067.8125,0,0.9703804,404.0625,1222.5,0,1.0117726,404.0625,1386.5625,0,1.0140622,385.3125,1461.5625,0,0.93339604,forward,86.76240312920132,1
1866,62.2622,196.56705856323242,,,,,,,,,,,,,,,,,,,,465.0,1072.5,0,0.9800366,404.0625,1222.5,0,1.0139776,404.0625,1386.5625,0,1.0226784,385.3125,1461.5625,0,0.9332295,forward,85.199806726086,1
1867,62.295566666666666,196.07305526733398,,,,,,,,,,,,,,,,,,,,465.0,1077.1875,0,0.9780912,399.375,1227.1875,0,1.0086726,404.0625,1386.5625,0,1.0217564,385.3125,1456.875,0,0.9284215,forward,83.61644728422044,1
1868,62.32893333333333,195.53899765014648,,,,,,,,,,,,,,,,,,,,465.0,1081.875,0,0.981267,399.375,1227.1875,0,1.0108746,404.0625,1386.5625,0,1.0296108,385.3125,1456.875,0,0.92887497,forward,82.08977628223084,1
1869,62.3623,195.85275650024414,,,,,,,,,,,,,,,,,,,,460.3125,1081.875,0,0.9674896,399.375,1227.1875,0,1.0010091,404.0625,1386.5625,0,1.0186646,385.3125,1456.875,0,0.9296551,forward,82.08977628223084,1
1870,62.39566666666667,195.64223289489746,,,,,,,,,,,,,,,,,,,,460.3125,1091.25,0,0.9674033,399.375,1231.875,0,0.99584544,404.0625,1391.25,0,1.0195892,385.3125,1456.875,0,0.9313915,forward,80.5956453494353,1
1871,62.42903333333334,195.55974006652832,,,,,,,,,,,,,,,,,,,,460.3125,1095.9375,0,0.96422136,399.375,1231.875,0,0.9903861,404.0625,1391.25,0,1.017011,385.3125,1461.5625,0,0.9309993,forward,79.13110181167752,1
1872,62.4624,196.1967945098877,,,,,,,,,,,,,,,,,,,,460.3125,1095.9375,0,0.97145224,399.375,1231.875,0,0.9991522,404.0625,1386.5625,0,1.0214348,385.3125,1456.875,0,0.9260983,forward,77.58733300100802,1
1873,62.49576666666667,196.17986679077148,,,,,,,,,,,,,,,,,,,,460.3125,1100.625,0,0.9593649,399.375,1231.875,0,0.98295605,404.0625,1386.5625,0,1.0100847,385.3125,1456.875,0,0.93426824,forward,76.14978115437437,1
1874,62.529133333333334,196.6531276702881,,,,,,,,,,,,,,,,,,,,460.3125,1100.625,0,0.9343575,399.375,1231.875,0,0.9640136,404.0625,1386.5625,0,0.9913732,385.3125,1461.5625,0,0.9276404,forward,76.14978115437437,1
1875,62.5625,194.97394561767578,,,,,,,,,,,,,,,,,,,,460.3125,1105.3125,0,0.9450046,399.375,1231.875,0,0.97218066,404.0625,1386.5625,0,1.0058783,385.3125,1456.875,0,0.92884505,forward,74.73691855139094,1
1876,62.595866666666666,195.45602798461914,,,,,,,,,,,,,,,,,,,,460.3125,1105.3125,0,0.957716,404.0625,1231.875,0,0.9878571,408.75,1386.5625,0,1.0191671,385.3125,1456.875,0,0.93688595,forward,74.73691855139094,1
1877,62.62923333333333,195.14083862304688,,,,,,,,,,,,,,,,,,,,465.0,1105.3125,0,0.9400804,404.0625,1231.875,0,0.97840166,408.75,1386.5625,0,1.0098805,385.3125,1456.875,0,0.930527,forward,74.73691855139094,1
1878,62.6626,195.28603553771973,,,,,,,,,,,,,,,,,,,,460.3125,1110.0,0,0.92798066,404.0625,1231.875,0,0.96320677,408.75,1391.25,0,0.99858344,385.3125,1456.875,0,0.92889106,forward,74.89047370242372,1
1879,62.69596666666667,195.76120376586914,,,,,,,,,,,,,,,,,,,,460.3125,1110.0,0,0.9350805,404.0625,1231.875,0,0.97493756,408.75,1386.5625,0,1.0067039,385.3125,1456.875,0,0.932446,forward,73.3467048917542,1
1880,62.72933333333334,194.55790519714355,,,,,,,,,,,,,,,,,,,,460.3125,1110.0,0,0.9509587,404.0625,1231.875,0,0.98788923,408.75,1386.5625,0,1.0151919,385.3125,1456.875,0,0.93753386,forward,73.3467048917542,1
1881,62.7627,194.54002380371094,,,,,,,,,,,,,,,,,,,,460.3125,1110.0,0,0.9495341,404.0625,1231.875,0,0.9835838,408.75,1386.5625,0,1.0109541,385.3125,1456.875,0,0.9361614,forward,73.3467048917542,1
1882,62.79606666666667,193.59922409057617,,,,,,,,,,,,,,,,,,,,460.3125,1110.0,0,0.93526465,404.0625,1231.875,0,0.96686786,408.75,1386.5625,0,0.999189,385.3125,1456.875,0,0.92591983,forward,73.3467048917542,1
1883,62.829433333333334,195.13916969299316,,,,,,,,,,,,,,,,,,,,460.3125,1114.6875,0,0.9342402,404.0625,1231.875,0,0.9639361,408.75,1386.5625,0,1.0003686,385.3125,1456.875,0,0.9335213,forward,71.97729894026293,1
1884,62.8628,195.969820022583,,,,,,,,,,,,,,,,,,,,460.3125,1105.3125,0,0.9545474,404.0625,1231.875,0,0.98451245,408.75,1386.5625,0,1.0144806,385.3125,1456.875,0,0.9330739,forward,74.73691855139094,1
1885,62.896166666666666,196.78282737731934,,,,,,,,,,,,,,,,,,,,460.3125,1105.3125,0,0.9660189,404.0625,1236.5625,0,0.99387974,408.75,1386.5625,0,1.0209363,385.3125,1456.875,0,0.92507267,forward,74.6417247953824,1
1886,62.92953333333333,196.1369514465332,,,,,,,,,,,,,,,,,,,,460.3125,1105.3125,0,0.94337845,404.0625,1231.875,0,0.9683776,408.75,1386.5625,0,0.99698985,385.3125,1456.875,0,0.93001336,forward,74.73691855139094,1
1887,62.9629,198.69017601013184,,,,,,,,,,,,,,,,,,,,460.3125,1095.9375,0,0.9504601,404.0625,1231.875,0,0.9778206,408.75,1386.5625,0,1.0042574,385.3125,1456.875,0,0.92082465,forward,77.58733300100802,1
1888,62.99626666666667,195.30487060546875,,,,,,,,,,,,,,,,,,,,460.3125,1091.25,0,0.9439856,404.0625,1231.875,0,0.98241866,408.75,1391.25,0,0.9947612,385.3125,1461.5625,0,0.9265628,forward,80.5956453494353,1
1889,63.02963333333334,196.88701629638672,,,,,,,,,,,,,,,,,,,,460.3125,1081.875,0,0.97419745,404.0625,1231.875,0,1.0068991,408.75,1386.5625,0,1.0210923,385.3125,1456.875,0,0.93018556,forward,82.07267847355094,1
1890,63.063,203.06706428527832,,,,,,,,,,,,,,,,,,,,460.3125,1077.1875,0,0.96901125,408.75,1227.1875,0,1.001492,408.75,1386.5625,0,1.0143783,390.0,1456.875,0,0.93446183,forward,83.61644728422044,1
1891,63.09636666666667,194.55289840698242,,,,,,,,,,,,,,,,,,,,460.3125,1072.5,0,0.97569424,408.75,1222.5,0,1.0155194,408.75,1386.5625,0,1.0192652,390.0,1456.875,0,0.9346907,forward,85.199806726086,1
1892,63.129733333333334,190.88411331176758,,,,,,,,,,,,,,,,,,,,460.3125,1067.8125,0,0.9860981,404.0625,1222.5,0,1.0251608,408.75,1386.5625,0,1.0262194,385.3125,1461.5625,0,0.93433225,forward,86.76240312920132,1
1893,63.1631,190.8400058746338,,,,,,,,,,,,,,,,,,,,465.0,1058.4375,0,1.0102446,408.75,1217.8125,0,1.0336653,408.75,1386.5625,0,1.0386698,385.3125,1456.875,0,0.926818,forward,89.9923248148634,1
1894,63.196466666666666,189.9251937866211,,,,,,,,,,,,,,,,,,,,465.0,1049.0625,0,1.006212,408.75,1213.125,0,1.0212574,404.0625,1386.5625,0,1.0241463,385.3125,1461.5625,0,0.9266404,forward,93.3161091798252,1
1895,63.22983333333333,190.2611255645752,,,,,,,,,,,,,,,,,,,,460.3125,1044.375,0,1.0130792,408.75,1208.4375,0,1.0138122,404.0625,1391.25,0,1.0259199,385.3125,1456.875,0,0.9172586,forward,96.84526557963247,1
1896,63.2632,190.4010772705078,,,,,,,,,,,,,,,,,,,,465.0,1035.0,0,1.0201272,408.75,1203.75,0,1.0221747,404.0625,1386.5625,0,1.0324334,385.3125,1461.5625,0,0.9138,forward,98.54192888465624,1
1897,63.29656666666667,192.22307205200195,,,,,,,,,,,,,,,,,,,,465.0,1030.3125,0,1.0280254,408.75,1203.75,0,1.0221772,404.0625,1386.5625,0,1.0367064,385.3125,1461.5625,0,0.913353,forward,100.29485923999019,1
1898,63.32993333333334,190.96612930297852,,,,,,,,,,,,,,,,,,,,460.3125,1025.625,0,1.0204564,408.75,1203.75,0,1.0132955,404.0625,1391.25,0,1.0365314,385.3125,1461.5625,0,0.91915643,forward,103.98141474632428,1
1899,63.3633,189.92090225219727,,,,,,,,,,,,,,,,,,,,465.0,1020.9375,0,1.0237627,413.4375,1203.75,0,1.0126657,404.0625,1386.5625,0,1.0414226,385.3125,1456.875,0,0.9182797,forward,104.00265470909588,1
1900,63.39666666666667,193.47405433654785,,,,,,,,,,,,,,,,,,,,460.3125,1011.5625,0,1.0108595,413.4375,1199.0625,0,1.007099,404.0625,1386.5625,0,1.033797,385.3125,1461.5625,0,0.92021453,forward,107.8488444405829,1
1901,63.430033333333334,194.11802291870117,,,,,,,,,,,,,,,,,,,,465.0,1006.875,0,1.007772,418.125,1194.375,0,1.0040512,404.0625,1386.5625,0,1.0316744,390.0,1456.875,0,0.9156393,forward,109.80353398461949,1
1902,63.4634,193.47310066223145,,,,,,,,,,,,,,,,,,,,465.0,1006.875,0,0.9929913,418.125,1194.375,0,0.99628335,404.0625,1386.5625,0,1.0269154,390.0,1461.5625,0,0.93214554,forward,109.80353398461949,1
1903,63.496766666666666,193.42279434204102,,,,,,,,,,,,,,,,,,,,465.0,997.5,0,0.99550533,418.125,1189.6875,0,1.0050683,404.0625,1386.5625,0,1.0334592,390.0,1456.875,0,0.9347131,forward,113.93701956276124,1
1904,63.53013333333333,191.4050579071045,,,,,,,,,,,,,,,,,,,,460.3125,997.5,0,0.9812572,422.8125,1189.6875,0,0.99525625,404.0625,1386.5625,0,1.0241077,390.0,1461.5625,0,0.94720435,forward,113.93701956276124,1
1905,63.5635,192.42072105407715,,,,,,,,,,,,,,,,,,,,465.0,992.8125,0,0.98864454,422.8125,1194.375,0,1.0044188,404.0625,1386.5625,0,1.0353787,390.0,1456.875,0,0.9407655,forward,116.43313386318707,1
1906,63.59686666666667,190.80185890197754,,,,,,,,,,,,,,,,,,,,465.0,992.8125,0,0.98590016,422.8125,1194.375,0,1.0045474,404.0625,1386.5625,0,1.0392742,390.0,1456.875,0,0.9603838,forward,116.43313386318707,1
1907,63.63023333333334,190.94610214233398,,,,,,,,,,,,,,,,,,,,465.0,992.8125,0,0.98705316,422.8125,1194.375,0,1.0035352,404.0625,1386.5625,0,1.040812,390.0,1456.875,0,0.95563096,forward,116.43313386318707,1
1908,63.6636,190.17505645751953,,,,,,,,,,,,,,,,,,,,460.3125,992.8125,0,0.98368573,422.8125,1194.375,0,1.0045041,404.0625,1386.5625,0,1.0395939,390.0,1456.875,0,0.95635915,forward,116.43313386318707,1
1909,63.69696666666667,199.52797889709473,,,,,,,,,,,,,,,,,,,,460.3125,992.8125,0,0.9884387,422.8125,1194.375,0,1.0079546,404.0625,1386.5625,0,1.0427935,385.3125,1456.875,0,0.94971335,forward,116.43313386318707,1
1910,63.730333333333334,196.38776779174805,,,,,,,,,,,,,,,,,,,,460.3125,992.8125,0,0.9872478,422.8125,1194.375,0,1.0063086,404.0625,1391.25,0,1.0428901,390.0,1456.875,0,0.96114516,forward,118.48845767833538,1
1911,63.7637,194.84686851501465,,,,,,,,,,,,,,,,,,,,460.3125,992.8125,0,0.98792154,422.8125,1194.375,0,1.008716,404.0625,1391.25,0,1.047384,390.0,1456.875,0,0.9557205,forward,118.48845767833538,1
1912,63.797066666666666,194.14710998535156,,,,,,,,,,,,,,,,,,,,460.3125,992.8125,0,0.9792673,422.8125,1194.375,0,1.0002112,404.0625,1391.25,0,1.0398468,390.0,1456.875,0,0.9612219,forward,118.48845767833538,1
1913,63.83043333333333,195.7108974456787,,,,,,,,,,,,,,,,,,,,460.3125,992.8125,0,0.9781426,422.8125,1194.375,0,1.0019138,404.0625,1391.25,0,1.0391669,390.0,1456.875,0,0.9504397,forward,118.48845767833538,1
1914,63.8638,196.23708724975586,,,,,,,,,,,,,,,,,,,,455.625,992.8125,0,0.97698,418.125,1194.375,0,1.0014839,404.0625,1391.25,0,1.0380805,385.3125,1456.875,0,0.95343244,forward,118.48845767833538,1
1915,63.89716666666667,196.89393043518066,,,,,,,,,,,,,,,,,,,,455.625,992.8125,0,0.9822129,418.125,1194.375,0,1.0058477,404.0625,1391.25,0,1.0425639,385.3125,1456.875,0,0.95967734,forward,118.48845767833538,1
1916,63.93053333333334,195.75238227844238,,,,,,,,,,,,,,,,,,,,455.625,992.8125,0,0.9793769,418.125,1194.375,0,1.0034306,404.0625,1391.25,0,1.0433522,390.0,1456.875,0,0.9622414,forward,118.48845767833538,1
1917,63.9639,196.58517837524414,,,,,,,,,,,,,,,,,,,,455.625,988.125,0,0.97836816,418.125,1194.375,0,1.0037919,404.0625,1391.25,0,1.0432985,385.3125,1456.875,0,0.95885074,forward,121.031209748746,1
1918,63.99726666666667,196.6400146484375,,,,,,,,,,,,,,,,,,,,455.625,988.125,0,0.98063135,418.125,1194.375,0,1.0061293,404.0625,1391.25,0,1.0463648,385.3125,1456.875,0,0.96039903,forward,121.031209748746,1
1919,64.03063333333334,196.0299015045166,,,,,,,,,,,,,,,,,,,,455.625,992.8125,0,0.97987175,418.125,1194.375,0,1.0049522,404.0625,1391.25,0,1.0440321,385.3125,1456.875,0,0.96596646,forward,118.48845767833538,1
1920,64.06400000000001,196.89488410949707,,,,,,,,,,,,,,,,,,,,455.625,992.8125,0,0.9778218,418.125,1194.375,0,1.0010824,404.0625,1391.25,0,1.0402169,385.3125,1456.875,0,0.9653145,forward,118.48845767833538,1
1921,64.09736666666667,196.1531639099121,,,,,,,,,,,,,,,,,,,,455.625,992.8125,0,0.97812366,418.125,1194.375,0,1.0023203,404.0625,1386.5625,0,1.0431226,385.3125,1456.875,0,0.9611308,forward,116.43313386318707,1
1922,64.13073333333334,196.33197784423828,,,,,,,,,,,,,,,,,,,,455.625,992.8125,0,0.97912323,418.125,1194.375,0,1.0024186,404.0625,1386.5625,0,1.0432847,385.3125,1456.875,0,0.96196306,forward,116.43313386318707,1
1923,64.1641,196.32196426391602,,,,,,,,,,,,,,,,,,,,455.625,992.8125,0,0.98062944,418.125,1194.375,0,1.0040345,404.0625,1386.5625,0,1.0438864,385.3125,1456.875,0,0.9633655,forward,116.43313386318707,1
1924,64.19746666666667,196.60019874572754,,,,,,,,,,,,,,,,,,,,455.625,992.8125,0,0.9765883,418.125,1194.375,0,1.0003644,404.0625,1386.5625,0,1.0374064,385.3125,1456.875,0,0.96059513,forward,116.43313386318707,1
1925,64.23083333333334,196.28286361694336,,,,,,,,,,,,,,,,,,,,460.3125,992.8125,0,0.97488225,418.125,1194.375,0,0.99714625,404.0625,1386.5625,0,1.0341606,385.3125,1456.875,0,0.9562571,forward,116.43313386318707,1
1926,64.2642,196.6838836669922,,,,,,,,,,,,,,,,,,,,460.3125,992.8125,0,0.9734806,418.125,1194.375,0,0.99458754,404.0625,1386.5625,0,1.0316904,390.0,1456.875,0,0.9416745,forward,116.43313386318707,1
1927,64.29756666666667,196.50793075561523,,,,,,,,,,,,,,,,,,,,460.3125,992.8125,0,0.9798772,418.125,1194.375,0,0.9968426,404.0625,1386.5625,0,1.0328224,390.0,1456.875,0,0.93692505,forward,116.43313386318707,1
1928,64.33093333333333,196.75111770629883,,,,,,,,,,,,,,,,,,,,460.3125,997.5,0,0.9783032,418.125,1194.375,0,0.99525887,404.0625,1386.5625,0,1.027806,390.0,1456.875,0,0.93341374,forward,114.08207484986028,1
1929,64.3643,197.26896286010742,,,,,,,,,,,,,,,,,,,,460.3125,997.5,0,0.988105,418.125,1194.375,0,0.9968792,404.0625,1391.25,0,1.0280105,390.0,1456.875,0,0.9308635,forward,116.13739866500859,1
1930,64.39766666666667,196.49887084960938,,,,,,,,,,,,,,,,,,,,460.3125,1002.1875,0,0.99728084,418.125,1199.0625,0,0.9987562,404.0625,1386.5625,0,1.0275749,390.0,1456.875,0,0.91307735,forward,112.12738530582368,1
1931,64.43103333333333,195.53709030151367,,,,,,,,,,,,,,,,,,,,460.3125,1006.875,0,0.99355245,418.125,1199.0625,0,0.99679536,404.0625,1386.5625,0,1.0250962,390.0,1461.5625,0,0.92107,forward,109.92700620357633,1
1932,64.4644,196.91777229309082,,,,,,,,,,,,,,,,,,,,460.3125,1006.875,0,0.9935248,413.4375,1203.75,0,0.9907631,404.0625,1391.25,0,1.0213174,390.0,1461.5625,0,0.9181131,forward,112.12738530582368,1
1933,64.49776666666666,195.53208351135254,,,,,,,,,,,,,,,,,,,,460.3125,1011.5625,0,0.99783504,413.4375,1203.75,0,0.99579597,404.0625,1391.25,0,1.0202534,390.0,1461.5625,0,0.9122835,forward,109.92700620357633,1
1934,64.53113333333333,196.12503051757812,,,,,,,,,,,,,,,,,,,,460.3125,1016.25,0,1.0072471,413.4375,1208.4375,0,1.0007067,404.0625,1386.5625,0,1.0255898,385.3125,1461.5625,0,0.9122905,forward,106.26109975900076,1
1935,64.5645,196.17390632629395,,,,,,,,,,,,,,,,,,,,460.3125,1025.625,0,1.0049841,408.75,1208.4375,0,1.0011864,404.0625,1391.25,0,1.027708,385.3125,1461.5625,0,0.9167782,forward,104.00265470909588,1
1936,64.59786666666666,195.5709457397461,,,,,,,,,,,,,,,,,,,,460.3125,1030.3125,0,1.0129442,408.75,1208.4375,0,1.0094669,404.0625,1386.5625,0,1.0363858,385.3125,1461.5625,0,0.9166499,forward,100.31550830174871,1
1937,64.63123333333334,195.56617736816406,,,,,,,,,,,,,,,,,,,,460.3125,1035.0,0,1.0192991,408.75,1213.125,0,1.012718,404.0625,1386.5625,0,1.0347564,385.3125,1461.5625,0,0.92320275,forward,98.58272763661508,1
1938,64.66460000000001,195.6160068511963,,,,,,,,,,,,,,,,,,,,460.3125,1039.6875,0,1.0207453,408.75,1213.125,0,1.0199182,404.0625,1386.5625,0,1.0358297,390.0,1461.5625,0,0.9267551,forward,96.76570284018293,1
1939,64.69796666666667,195.61100006103516,,,,,,,,,,,,,,,,,,,,460.3125,1039.6875,0,1.0226537,408.75,1213.125,0,1.0263679,404.0625,1386.5625,0,1.0392222,385.3125,1461.5625,0,0.92475516,forward,96.76570284018293,1
1940,64.73133333333334,195.70016860961914,,,,,,,,,,,,,,,,,,,,460.3125,1049.0625,0,0.9960604,408.75,1217.8125,0,1.012853,404.0625,1391.25,0,1.0185268,385.3125,1461.5625,0,0.9398936,forward,95.01277248484898,1
1941,64.7647,195.50776481628418,,,,,,,,,,,,,,,,,,,,460.3125,1053.75,0,0.98605686,408.75,1222.5,0,1.012782,404.0625,1391.25,0,1.0168978,385.3125,1461.5625,0,0.942436,forward,93.3358389018419,1
1942,64.79806666666667,195.41692733764648,,,,,,,,,,,,,,,,,,,,465.0,1053.75,0,1.0031084,408.75,1222.5,0,1.0295255,404.0625,1386.5625,0,1.0361323,390.0,1461.5625,0,0.93192506,forward,91.70835914642527,1
1943,64.83143333333334,195.4188346862793,,,,,,,,,,,,,,,,,,,,465.0,1063.125,0,1.0027118,408.75,1222.5,0,1.0344741,404.0625,1386.5625,0,1.0403321,385.3125,1461.5625,0,0.93393373,forward,88.36484505944676,1
1944,64.8648,196.3052749633789,,,,,,,,,,,,,,,,,,,,465.0,1067.8125,0,0.95615846,404.0625,1222.5,0,1.0002978,404.0625,1391.25,0,1.0037466,385.3125,1461.5625,0,0.9485133,forward,88.38988288461795,1
1945,64.89816666666667,196.48313522338867,,,,,,,,,,,,,,,,,,,,465.0,1072.5,0,0.967648,404.0625,1222.5,0,1.0056819,404.0625,1391.25,0,1.0106694,385.3125,1461.5625,0,0.9467243,forward,86.82728648150263,1
1946,64.93153333333333,197.03173637390137,,,,,,,,,,,,,,,,,,,,465.0,1077.1875,0,0.94987786,404.0625,1227.1875,0,0.99366367,404.0625,1391.25,0,0.9982219,385.3125,1461.5625,0,0.94207597,forward,85.199806726086,1
1947,64.9649,196.61593437194824,,,,,,,,,,,,,,,,,,,,465.0,1081.875,0,0.9554938,404.0625,1227.1875,0,0.9958863,404.0625,1391.25,0,1.0050354,385.3125,1461.5625,0,0.94555473,forward,83.6731357240964,1
1948,64.99826666666667,196.4879035949707,,,,,,,,,,,,,,,,,,,,465.0,1086.5625,0,0.94230366,404.0625,1231.875,0,0.98270255,404.0625,1391.25,0,0.9910472,385.3125,1461.5625,0,0.93647027,forward,82.08977628223084,1
1949,65.03163333333333,196.02012634277344,,,,,,,,,,,,,,,,,,,,465.0,1091.25,0,0.9565748,399.375,1231.875,0,0.9879445,404.0625,1391.25,0,1.0015473,385.3125,1461.5625,0,0.93403363,forward,80.5956453494353,1
1950,65.065,195.26410102844238,,,,,,,,,,,,,,,,,,,,465.0,1095.9375,0,0.967267,399.375,1231.875,0,1.0001099,404.0625,1391.25,0,1.0158916,385.3125,1456.875,0,0.9386393,forward,79.13110181167752,1
1951,65.09836666666666,195.6648826599121,,,,,,,,,,,,,,,,,,,,465.0,1100.625,0,0.9830178,399.375,1231.875,0,1.0067383,404.0625,1386.5625,0,1.0328526,385.3125,1456.875,0,0.94245696,forward,76.14978115437437,1
1952,65.13173333333333,196.7020034790039,,,,,,,,,,,,,,,,,,,,460.3125,1105.3125,0,0.97845376,399.375,1236.5625,0,0.99448633,404.0625,1391.25,0,1.0240731,385.3125,1461.5625,0,0.94468176,forward,76.14978115437437,1
1953,65.1651,195.87397575378418,,,,,,,,,,,,,,,,,,,,460.3125,1110.0,0,0.9613069,399.375,1236.5625,0,0.9826708,404.0625,1391.25,0,1.0099566,385.3125,1461.5625,0,0.940205,forward,74.73691855139094,1
1954,65.19846666666666,195.39785385131836,,,,,,,,,,,,,,,,,,,,460.3125,1110.0,0,0.9650313,399.375,1236.5625,0,0.991037,408.75,1386.5625,0,1.0147965,385.3125,1461.5625,0,0.94969416,forward,73.22886219239896,1
1955,65.23183333333334,196.35939598083496,,,,,,,,,,,,,,,,,,,,460.3125,1110.0,0,0.97792447,399.375,1241.25,0,1.0052953,408.75,1386.5625,0,1.0321788,385.3125,1461.5625,0,0.953637,forward,73.16604118439898,1
1956,65.26520000000001,196.7461109161377,,,,,,,,,,,,,,,,,,,,460.3125,1110.0,0,0.95991254,399.375,1241.25,0,0.988701,408.75,1386.5625,0,1.0109838,385.3125,1461.5625,0,0.94722253,forward,73.16604118439898,1
1957,65.29856666666667,196.1212158203125,,,,,,,,,,,,,,,,,,,,460.3125,1114.6875,0,0.95565474,399.375,1241.25,0,0.9828701,408.75,1391.25,0,0.9998976,385.3125,1461.5625,0,0.9338056,forward,73.22886219239896,1
1958,65.33193333333334,196.4740753173828,,,,,,,,,,,,,,,,,,,,460.3125,1114.6875,0,0.9590219,399.375,1241.25,0,0.98579264,408.75,1391.25,0,1.0014695,385.3125,1461.5625,0,0.92976165,forward,73.22886219239896,1
1959,65.3653,195.55115699768066,,,,,,,,,,,,,,,,,,,,465.0,1110.0,0,0.9823543,404.0625,1241.25,0,1.0102255,408.75,1386.5625,0,1.0360167,385.3125,1456.875,0,0.95517266,forward,73.16604118439898,1
1960,65.39866666666667,196.65813446044922,,,,,,,,,,,,,,,,,,,,465.0,1114.6875,0,0.9559864,399.375,1241.25,0,0.98521084,408.75,1386.5625,0,1.0083717,385.3125,1461.5625,0,0.9461639,forward,71.75317858141557,1
1961,65.43203333333334,196.69699668884277,,,,,,,,,,,,,,,,,,,,465.0,1110.0,0,0.9540365,404.0625,1241.25,0,0.98479414,408.75,1386.5625,0,1.0048021,385.3125,1461.5625,0,0.94118965,forward,73.16604118439898,1
1962,65.4654,195.80483436584473,,,,,,,,,,,,,,,,,,,,465.0,1110.0,0,0.9659783,404.0625,1241.25,0,0.98756325,408.75,1386.5625,0,1.0119126,385.3125,1461.5625,0,0.94278795,forward,73.16604118439898,1
1963,65.49876666666667,194.17500495910645,,,,,,,,,,,,,,,,,,,,465.0,1105.3125,0,0.9770929,404.0625,1236.5625,0,1.0036691,408.75,1386.5625,0,1.0277982,385.3125,1456.875,0,0.94895744,forward,74.6417247953824,1
1964,65.53213333333333,194.38791275024414,,,,,,,,,,,,,,,,,,,,465.0,1100.625,0,0.96458554,404.0625,1236.5625,0,0.9894463,408.75,1386.5625,0,1.0109644,385.3125,1461.5625,0,0.9413619,forward,76.07927664201605,1
1965,65.5655,195.06502151489258,,,,,,,,,,,,,,,,,,,,465.0,1095.9375,0,0.96652365,404.0625,1231.875,0,0.98900586,408.75,1386.5625,0,1.0139117,385.3125,1461.5625,0,0.9489327,forward,77.58733300100802,1
1966,65.59886666666667,196.40302658081055,,,,,,,,,,,,,,,,,,,,465.0,1091.25,0,0.9653217,404.0625,1236.5625,0,0.9961826,408.75,1391.25,0,1.0077164,385.3125,1461.5625,0,0.95144606,forward,80.54600747156134,1
1967,65.63223333333333,196.0461139678955,,,,,,,,,,,,,,,,,,,,465.0,1081.875,0,0.9782348,404.0625,1231.875,0,1.0174747,408.75,1386.5625,0,1.0217456,385.3125,1461.5625,0,0.94634384,forward,82.07267847355094,1
1968,65.6656,196.5651512145996,,,,,,,,,,,,,,,,,,,,465.0,1072.5,0,0.9898653,408.75,1227.1875,0,1.0295746,408.75,1386.5625,0,1.0302386,385.3125,1461.5625,0,0.94916993,forward,85.17904368733576,1
1969,65.69896666666666,196.030855178833,,,,,,,,,,,,,,,,,,,,465.0,1067.8125,0,0.96984404,408.75,1222.5,0,1.0136244,408.75,1391.25,0,1.0100485,385.3125,1461.5625,0,0.94970804,forward,88.38988288461795,1
1970,65.73233333333333,196.3188648223877,,,,,,,,,,,,,,,,,,,,465.0,1058.4375,0,0.9986849,408.75,1217.8125,0,1.0316868,408.75,1386.5625,0,1.0339098,390.0,1461.5625,0,0.950454,forward,89.9923248148634,1
1971,65.7657,197.08013534545898,,,,,,,,,,,,,,,,,,,,465.0,1053.75,0,1.0134019,408.75,1217.8125,0,1.0366721,408.75,1386.5625,0,1.044419,385.3125,1461.5625,0,0.94277775,forward,91.63917559681812,1
1972,65.79906666666666,196.14601135253906,,,,,,,,,,,,,,,,,,,,465.0,1044.375,0,1.0069828,408.75,1213.125,0,1.0227278,408.75,1386.5625,0,1.0379208,385.3125,1461.5625,0,0.9336648,forward,95.01277248484898,1
1973,65.83243333333334,196.9010829925537,,,,,,,,,,,,,,,,,,,,465.0,1039.6875,0,0.9940064,408.75,1213.125,0,1.0012548,408.75,1391.25,0,1.014783,385.3125,1461.5625,0,0.9408313,forward,98.49848350531656,1
1974,65.86580000000001,196.70796394348145,,,,,,,,,,,,,,,,,,,,465.0,1030.3125,0,1.0060198,408.75,1208.4375,0,1.0074704,408.75,1391.25,0,1.0244157,390.0,1461.5625,0,0.9303015,forward,102.11188403642234,1
1975,65.89916666666667,196.6080665588379,,,,,,,,,,,,,,,,,,,,465.0,1025.625,0,1.0004406,413.4375,1208.4375,0,1.0000592,404.0625,1391.25,0,1.0282049,390.0,1461.5625,0,0.91828585,forward,104.00265470909588,1
1976,65.93253333333334,196.18892669677734,,,,,,,,,,,,,,,,,,,,465.0,1016.25,0,1.0089194,413.4375,1203.75,0,1.0037518,404.0625,1386.5625,0,1.0344226,390.0,1461.5625,0,0.90392274,forward,105.97931373068096,1
1977,65.9659,196.49004936218262,,,,,,,,,,,,,,,,,,,,465.0,1011.5625,0,1.0113895,418.125,1199.0625,0,1.003833,404.0625,1386.5625,0,1.0310131,390.0,1461.5625,0,0.9201747,forward,107.8488444405829,1
1978,65.99926666666667,198.88615608215332,,,,,,,,,,,,,,,,,,,,465.0,1006.875,0,1.000026,418.125,1194.375,0,0.9968161,404.0625,1386.5625,0,1.0307597,390.0,1461.5625,0,0.9371743,forward,109.80353398461949,1
1979,66.03263333333334,189.46266174316406,,,,,,,,,,,,,,,,,,,,465.0,1006.875,0,0.9951881,418.125,1194.375,0,0.9988879,404.0625,1386.5625,0,1.0297449,390.0,1461.5625,0,0.92359054,forward,109.80353398461949,1
1980,66.066,188.4291172027588,,,,,,,,,,,,,,,,,,,,469.6875,1002.1875,0,0.99280906,418.125,1194.375,0,1.002771,404.0625,1386.5625,0,1.0307034,390.0,1461.5625,0,0.9259949,forward,111.88169574761292,1
1981,66.09936666666667,192.31414794921875,,,,,,,,,,,,,,,,,,,,465.0,1002.1875,0,0.98022187,418.125,1194.375,0,0.99315274,404.0625,1386.5625,0,1.0320654,390.0,1461.5625,0,0.9409766,forward,111.88169574761292,1
1982,66.13273333333333,191.31207466125488,,,,,,,,,,,,,,,,,,,,465.0,997.5,0,0.9864384,422.8125,1194.375,0,0.9974861,404.0625,1386.5625,0,1.0379386,390.0,1461.5625,0,0.9485556,forward,114.08207484986028,1
1983,66.1661,192.05307960510254,,,,,,,,,,,,,,,,,,,,465.0,992.8125,0,0.9749202,422.8125,1194.375,0,0.9929788,404.0625,1386.5625,0,1.0354714,390.0,1456.875,0,0.95321137,forward,116.43313386318707,1
1984,66.19946666666667,191.23101234436035,,,,,,,,,,,,,,,,,,,,465.0,992.8125,0,0.98430973,422.8125,1194.375,0,0.996956,404.0625,1386.5625,0,1.0380358,390.0,1456.875,0,0.95245504,forward,116.43313386318707,1
1985,66.23283333333333,190.8731460571289,,,,,,,,,,,,,,,,,,,,465.0,997.5,0,0.98561406,422.8125,1199.0625,0,0.99345565,404.0625,1386.5625,0,1.0424562,390.0,1456.875,0,0.96699655,forward,114.47844431915047,1
1986,66.2662,191.9097900390625,,,,,,,,,,,,,,,,,,,,460.3125,992.8125,0,0.9843236,422.8125,1199.0625,0,0.99501634,404.0625,1391.25,0,1.0433449,390.0,1456.875,0,0.9614322,forward,118.97588593359768,1
1987,66.29956666666666,190.9027099609375,,,,,,,,,,,,,,,,,,,,460.3125,992.8125,0,0.9830466,422.8125,1199.0625,0,0.9946369,404.0625,1391.25,0,1.0446866,390.0,1456.875,0,0.9630562,forward,118.97588593359768,1
1988,66.33293333333333,194.7619915008545,,,,,,,,,,,,,,,,,,,,460.3125,992.8125,0,0.988194,422.8125,1194.375,0,1.0004208,404.0625,1391.25,0,1.0481944,390.0,1456.875,0,0.9628295,forward,118.48845767833538,1
1989,66.3663,188.5218620300293,,,,,,,,,,,,,,,,,,,,460.3125,992.8125,0,0.98894536,422.8125,1199.0625,0,1.0005388,404.0625,1391.25,0,1.0505307,390.0,1456.875,0,0.9697648,forward,118.97588593359768,1
1990,66.39966666666666,189.04614448547363,,,,,,,,,,,,,,,,,,,,460.3125,992.8125,0,0.98772943,422.8125,1199.0625,0,1.0004406,404.0625,1391.25,0,1.0506345,390.0,1456.875,0,0.9647635,forward,118.97588593359768,1
1991,66.43303333333334,190.55795669555664,,,,,,,,,,,,,,,,,,,,460.3125,992.8125,0,0.9933286,422.8125,1199.0625,0,1.0037651,404.0625,1391.25,0,1.0556433,390.0,1456.875,0,0.96479315,forward,118.97588593359768,1
1992,66.46640000000001,193.09592247009277,,,,,,,,,,,,,,,,,,,,460.3125,988.125,0,0.9905352,422.8125,1194.375,0,1.0026789,404.0625,1391.25,0,1.0550681,390.0,1456.875,0,0.9569255,forward,121.031209748746,1
1993,66.49976666666667,191.21718406677246,,,,,,,,,,,,,,,,,,,,460.3125,992.8125,0,0.98681295,422.8125,1194.375,0,1.0011764,404.0625,1386.5625,0,1.0526781,390.0,1456.875,0,0.97292805,forward,116.43313386318707,1
1994,66.53313333333334,190.85001945495605,,,,,,,,,,,,,,,,,,,,460.3125,992.8125,0,0.9843076,418.125,1194.375,0,0.99882865,404.0625,1386.5625,0,1.0508661,390.0,1456.875,0,0.9690948,forward,116.43313386318707,1
1995,66.5665,190.36579132080078,,,,,,,,,,,,,,,,,,,,460.3125,988.125,0,0.9856442,418.125,1194.375,0,1.0000693,404.0625,1386.5625,0,1.0508835,390.0,1456.875,0,0.9709421,forward,118.97588593359768,1
1996,66.59986666666667,191.54810905456543,,,,,,,,,,,,,,,,,,,,455.625,988.125,0,0.9824482,418.125,1194.375,0,0.9982711,404.0625,1386.5625,0,1.0475683,390.0,1456.875,0,0.9639461,forward,118.97588593359768,1
1997,66.63323333333334,192.1241283416748,,,,,,,,,,,,,,,,,,,,455.625,992.8125,0,0.9788818,418.125,1194.375,0,0.9934621,404.0625,1386.5625,0,1.045522,390.0,1456.875,0,0.9702358,forward,116.43313386318707,1
1998,66.6666,190.70100784301758,,,,,,,,,,,,,,,,,,,,455.625,992.8125,0,0.9785851,418.125,1194.375,0,0.9935641,404.0625,1386.5625,0,1.0462276,390.0,1456.875,0,0.9674323,forward,116.43313386318707,1
1999,66.69996666666667,190.0959014892578,,,,,,,,,,,,,,,,,,,,455.625,988.125,0,0.97382027,418.125,1194.375,0,0.9900444,404.0625,1386.5625,0,1.0361419,390.0,1456.875,0,0.96058303,forward,118.97588593359768,1
2000,66.73333333333333,190.9940242767334,,,,,,,,,,,,,,,,,,,,455.625,988.125,0,0.97931874,418.125,1194.375,0,0.9950562,404.0625,1386.5625,0,1.039618,390.0,1456.875,0,0.9512212,forward,118.97588593359768,1
2001,66.7667,191.11013412475586,,,,,,,,,,,,,,,,,,,,455.625,992.8125,0,0.9852821,418.125,1194.375,0,0.9950965,404.0625,1386.5625,0,1.0461466,390.0,1456.875,0,0.9571328,forward,116.43313386318707,1
2002,66.80006666666667,190.98377227783203,,,,,,,,,,,,,,,,,,,,455.625,992.8125,0,0.9819785,418.125,1194.375,0,0.9894115,404.0625,1386.5625,0,1.0390109,390.0,1456.875,0,0.9531951,forward,116.43313386318707,1
2003,66.83343333333333,191.73789024353027,,,,,,,,,,,,,,,,,,,,455.625,997.5,0,0.98344815,418.125,1194.375,0,0.98928404,404.0625,1386.5625,0,1.0333022,390.0,1456.875,0,0.9494307,forward,114.08207484986028,1
2004,66.8668,192.0478343963623,,,,,,,,,,,,,,,,,,,,460.3125,997.5,0,0.98736274,418.125,1199.0625,0,0.9892701,404.0625,1386.5625,0,1.0319735,390.0,1461.5625,0,0.9403049,forward,114.47844431915047,1
2005,66.90016666666666,190.8578872680664,,,,,,,,,,,,,,,,,,,,460.3125,1002.1875,0,0.9871348,418.125,1199.0625,0,0.9865789,404.0625,1391.25,0,1.0283947,390.0,1461.5625,0,0.93464017,forward,114.08207484986028,1
2006,66.93353333333333,191.5745735168457,,,,,,,,,,,,,,,,,,,,460.3125,1002.1875,0,0.99587953,413.4375,1199.0625,0,0.99312234,404.0625,1386.5625,0,1.0290475,390.0,1461.5625,0,0.9230379,forward,112.12738530582368,1
2007,66.9669,190.85407257080078,,,,,,,,,,,,,,,,,,,,460.3125,1006.875,0,0.9979589,413.4375,1199.0625,0,0.990337,404.0625,1391.25,0,1.0221473,390.0,1461.5625,0,0.9198931,forward,111.88169574761292,1
2008,67.00026666666666,191.8959617614746,,,,,,,,,,,,,,,,,,,,460.3125,1011.5625,0,0.9905611,413.4375,1203.75,0,0.98392993,404.0625,1391.25,0,1.0214127,390.0,1461.5625,0,0.92164546,forward,109.92700620357633,1
2009,67.03363333333334,191.01381301879883,,,,,,,,,,,,,,,,,,,,460.3125,1011.5625,0,0.99432915,413.4375,1203.75,0,0.98854804,404.0625,1386.5625,0,1.026828,390.0,1461.5625,0,0.90557057,forward,108.05747549367439,1
2010,67.06700000000001,191.64800643920898,,,,,,,,,,,,,,,,,,,,460.3125,1020.9375,0,0.9885649,408.75,1208.4375,0,0.9891857,404.0625,1386.5625,0,1.0195884,390.0,1461.5625,0,0.91084754,forward,104.18293799600733,1
2011,67.10036666666667,191.42913818359375,,,,,,,,,,,,,,,,,,,,460.3125,1025.625,0,0.9955174,408.75,1208.4375,0,0.9936872,404.0625,1386.5625,0,1.0261276,390.0,1461.5625,0,0.9136951,forward,102.20627897442225,1
2012,67.13373333333334,191.62797927856445,,,,,,,,,,,,,,,,,,,,465.0,1030.3125,0,1.006872,408.75,1213.125,0,1.0095514,404.0625,1386.5625,0,1.0295621,390.0,1461.5625,0,0.9155085,forward,100.47349830928862,1
2013,67.1671,191.07675552368164,,,,,,,,,,,,,,,,,,,,465.0,1035.0,0,1.0134177,408.75,1213.125,0,1.0151273,404.0625,1386.5625,0,1.0317822,385.3125,1461.5625,0,0.92086005,forward,98.58272763661508,1
2014,67.20046666666667,192.2171115875244,,,,,,,,,,,,,,,,,,,,465.0,1039.6875,0,0.99617136,408.75,1213.125,0,1.0071731,404.0625,1386.5625,0,1.0164286,385.3125,1461.5625,0,0.9293697,forward,96.76570284018293,1
2015,67.23383333333334,193.56799125671387,,,,,,,,,,,,,,,,,,,,465.0,1049.0625,0,0.99357265,408.75,1217.8125,0,1.0112946,404.0625,1386.5625,0,1.0204453,385.3125,1461.5625,0,0.9325923,forward,93.3358389018419,1
2016,67.2672,191.8330192565918,,,,,,,,,,,,,,,,,,,,465.0,1053.75,0,0.9940065,408.75,1217.8125,0,1.0175272,404.0625,1386.5625,0,1.0260773,385.3125,1461.5625,0,0.9323502,forward,91.63917559681812,1
2017,67.30056666666667,191.54000282287598,,,,,,,,,,,,,,,,,,,,465.0,1058.4375,0,1.0007284,408.75,1217.8125,0,1.0276041,404.0625,1386.5625,0,1.0422354,385.3125,1461.5625,0,0.93587315,forward,89.9923248148634,1
2018,67.33393333333333,191.90001487731934,,,,,,,,,,,,,,,,,,,,465.0,1063.125,0,0.9720073,404.0625,1222.5,0,1.010659,404.0625,1391.25,0,1.0185342,385.3125,1461.5625,0,0.9418055,forward,89.9923248148634,1
2019,67.3673,191.44010543823242,,,,,,,,,,,,,,,,,,,,465.0,1072.5,0,0.9668337,404.0625,1227.1875,0,1.0086381,404.0625,1391.25,0,1.0150489,385.3125,1461.5625,0,0.94259584,forward,86.76240312920132,1
2020,67.40066666666667,193.2511329650879,,,,,,,,,,,,,,,,,,,,465.0,1077.1875,0,0.95741457,404.0625,1227.1875,0,1.0011692,404.0625,1386.5625,0,1.0060086,385.3125,1461.5625,0,0.9418057,forward,83.61644728422044,1
2021,67.43403333333333,192.9469108581543,,,,,,,,,,,,,,,,,,,,465.0,1081.875,0,0.9917588,404.0625,1227.1875,0,1.0219055,404.0625,1386.5625,0,1.0329564,385.3125,1456.875,0,0.9489851,forward,82.08977628223084,1
2022,67.4674,192.11196899414062,,,,,,,,,,,,,,,,,,,,465.0,1081.875,0,0.96416247,404.0625,1231.875,0,1.005573,404.0625,1386.5625,0,1.0173609,385.3125,1461.5625,0,0.94496715,forward,82.07267847355094,1
2023,67.50076666666666,192.3658847808838,,,,,,,,,,,,,,,,,,,,465.0,1091.25,0,0.97268957,399.375,1231.875,0,1.0150107,408.75,1386.5625,0,1.0245752,385.3125,1456.875,0,0.94652593,forward,79.05187653876578,1
2024,67.53413333333333,192.14200973510742,,,,,,,,,,,,,,,,,,,,460.3125,1095.9375,0,0.96439815,399.375,1231.875,0,1.0027494,404.0625,1386.5625,0,1.0162024,385.3125,1461.5625,0,0.9453088,forward,77.58733300100802,1
2025,67.5675,192.7781105041504,,,,,,,,,,,,,,,,,,,,465.0,1095.9375,0,0.9746836,399.375,1231.875,0,1.0142877,408.75,1386.5625,0,1.0302325,385.3125,1456.875,0,0.9405284,forward,77.58733300100802,1
2026,67.60086666666666,191.92075729370117,,,,,,,,,,,,,,,,,,,,460.3125,1105.3125,0,0.93942297,399.375,1231.875,0,0.9750065,404.0625,1391.25,0,0.99460673,385.3125,1461.5625,0,0.93949425,forward,76.28068736206046,1
2027,67.63423333333334,192.53993034362793,,,,,,,,,,,,,,,,,,,,460.3125,1105.3125,0,0.9687196,399.375,1231.875,0,0.9968382,404.0625,1386.5625,0,1.02723,385.3125,1456.875,0,0.95161444,forward,74.73691855139094,1
2028,67.66760000000001,191.8008327484131,,,,,,,,,,,,,,,,,,,,460.3125,1110.0,0,0.9568212,399.375,1231.875,0,0.98959893,404.0625,1386.5625,0,1.0221816,385.3125,1456.875,0,0.95130146,forward,73.3467048917542,1
2029,67.70096666666667,193.00198554992676,,,,,,,,,,,,,,,,,,,,460.3125,1114.6875,0,0.9610351,399.375,1231.875,0,0.9982405,404.0625,1386.5625,0,1.0308964,385.3125,1456.875,0,0.95564735,forward,71.97729894026293,1
2030,67.73433333333334,191.4827823638916,,,,,,,,,,,,,,,,,,,,460.3125,1114.6875,0,0.94950086,399.375,1231.875,0,0.9910709,408.75,1386.5625,0,1.0159473,385.3125,1456.875,0,0.95468307,forward,71.97729894026293,1
2031,67.7677,192.58785247802734,,,,,,,,,,,,,,,,,,,,460.3125,1114.6875,0,0.9445738,399.375,1236.5625,0,0.98352253,408.75,1386.5625,0,1.0125866,385.3125,1456.875,0,0.9493828,forward,71.83864853276222,1
2032,67.80106666666667,192.66104698181152,,,,,,,,,,,,,,,,,,,,460.3125,1114.6875,0,0.932328,399.375,1236.5625,0,0.97659063,408.75,1386.5625,0,0.99917394,385.3125,1456.875,0,0.94318277,forward,71.83864853276222,1
2033,67.83443333333334,192.60072708129883,,,,,,,,,,,,,,,,,,,,460.3125,1114.6875,0,0.93792677,399.375,1236.5625,0,0.9807795,408.75,1386.5625,0,0.9980161,385.3125,1456.875,0,0.94500256,forward,71.83864853276222,1
2034,67.8678,195.43981552124023,,,,,,,,,,,,,,,,,,,,460.3125,1114.6875,0,0.9399822,404.0625,1236.5625,0,0.9821279,408.75,1386.5625,0,1.0013338,385.3125,1456.875,0,0.94792867,forward,71.83864853276222,1
2035,67.90116666666667,192.79909133911133,,,,,,,,,,,,,,,,,,,,460.3125,1114.6875,0,0.9302461,404.0625,1236.5625,0,0.9736403,408.75,1386.5625,0,0.9949379,385.3125,1456.875,0,0.9445226,forward,71.83864853276222,1
2036,67.93453333333333,191.9999122619629,,,,,,,,,,,,,,,,,,,,460.3125,1114.6875,0,0.92687243,404.0625,1236.5625,0,0.9651095,408.75,1386.5625,0,0.9908036,385.3125,1456.875,0,0.9382174,forward,71.83864853276222,1
2037,67.9679,195.4810619354248,,,,,,,,,,,,,,,,,,,,460.3125,1114.6875,0,0.9270272,404.0625,1236.5625,0,0.9680538,408.75,1386.5625,0,0.99396145,385.3125,1456.875,0,0.94498074,forward,71.83864853276222,1
2038,68.00126666666667,191.41888618469238,,,,,,,,,,,,,,,,,,,,460.3125,1114.6875,0,0.9333813,404.0625,1231.875,0,0.97180974,408.75,1386.5625,0,0.9999255,385.3125,1456.875,0,0.94621825,forward,71.97729894026293,1
2039,68.03463333333333,193.10474395751953,,,,,,,,,,,,,,,,,,,,460.3125,1110.0,0,0.9298882,404.0625,1236.5625,0,0.9645531,408.75,1391.25,0,0.99265456,385.3125,1456.875,0,0.9344465,forward,74.73691855139094,1
2040,68.068,193.55487823486328,,,,,,,,,,,,,,,,,,,,465.0,1110.0,0,0.9315492,404.0625,1236.5625,0,0.96725094,408.75,1391.25,0,0.9902345,385.3125,1456.875,0,0.9356848,forward,74.73691855139094,1
2041,68.10136666666666,191.61701202392578,,,,,,,,,,,,,,,,,,,,465.0,1105.3125,0,0.9458811,404.0625,1231.875,0,0.9852444,408.75,1386.5625,0,1.0078243,385.3125,1456.875,0,0.9507512,forward,74.73691855139094,1
2042,68.13473333333333,191.37096405029297,,,,,,,,,,,,,,,,,,,,465.0,1100.625,0,0.9467795,404.0625,1236.5625,0,0.9867989,408.75,1386.5625,0,1.0058849,385.3125,1456.875,0,0.9445472,forward,76.07927664201605,1
2043,68.1681,192.626953125,,,,,,,,,,,,,,,,,,,,465.0,1100.625,0,0.95276797,404.0625,1231.875,0,0.98817974,408.75,1386.5625,0,1.00976,385.3125,1456.875,0,0.94417834,forward,76.14978115437437,1
2044,68.20146666666666,191.18809700012207,,,,,,,,,,,,,,,,,,,,465.0,1100.625,0,0.94323033,404.0625,1231.875,0,0.9748328,408.75,1391.25,0,0.9890502,385.3125,1461.5625,0,0.9356164,forward,77.69354996504387,1
2045,68.23483333333334,192.47174263000488,,,,,,,,,,,,,,,,,,,,465.0,1091.25,0,0.9493408,404.0625,1231.875,0,0.99167323,408.75,1391.25,0,0.9888904,385.3125,1461.5625,0,0.9400472,forward,80.5956453494353,1
2046,68.26820000000001,190.95563888549805,,,,,,,,,,,,,,,,,,,,465.0,1081.875,0,0.9637618,408.75,1227.1875,0,1.0078244,408.75,1386.5625,0,1.0122246,385.3125,1456.875,0,0.9506887,forward,82.08977628223084,1
2047,68.30156666666667,191.15400314331055,,,,,,,,,,,,,,,,,,,,465.0,1081.875,0,0.9718776,408.75,1222.5,0,1.0117556,408.75,1386.5625,0,1.0173538,390.0,1461.5625,0,0.9508724,forward,82.17900479130083,1
2048,68.33493333333334,192.36993789672852,,,,,,,,,,,,,,,,,,,,465.0,1072.5,0,0.9533464,408.75,1222.5,0,0.99845445,408.75,1386.5625,0,0.99651563,385.3125,1461.5625,0,0.9534862,forward,85.199806726086,1
2049,68.3683,190.89698791503906,,,,,,,,,,,,,,,,,,,,465.0,1067.8125,0,0.9772513,408.75,1222.5,0,1.0168622,408.75,1386.5625,0,1.0215882,385.3125,1461.5625,0,0.9452143,forward,86.76240312920132,1
2050,68.40166666666667,192.0938491821289,,,,,,,,,,,,,,,,,,,,465.0,1063.125,0,1.0138111,408.75,1217.8125,0,1.0390921,408.75,1386.5625,0,1.055021,385.3125,1461.5625,0,0.9329859,forward,88.38988288461795,1
2051,68.43503333333334,191.5121078491211,,,,,,,,,,,,,,,,,,,,465.0,1053.75,0,1.0252341,408.75,1213.125,0,1.0431523,408.75,1386.5625,0,1.0567787,390.0,1461.5625,0,0.94124293,forward,91.66925839787048,1
2052,68.4684,191.99013710021973,,,,,,,,,,,,,,,,,,,,465.0,1044.375,0,1.0022274,408.75,1213.125,0,1.0162095,408.75,1386.5625,0,1.0317816,385.3125,1461.5625,0,0.94619703,forward,95.01277248484898,1
2053,68.50176666666667,191.36524200439453,,,,,,,,,,,,,,,,,,,,465.0,1035.0,0,1.0184654,413.4375,1208.4375,0,1.0180533,408.75,1386.5625,0,1.0432436,385.3125,1461.5625,0,0.9309218,forward,98.49848350531656,1
2054,68.53513333333333,191.67804718017578,,,,,,,,,,,,,,,,,,,,465.0,1025.625,0,1.0200377,413.4375,1203.75,0,1.0118523,408.75,1386.5625,0,1.049077,385.3125,1461.5625,0,0.9206022,forward,102.11188403642234,1
2055,68.5685,191.77818298339844,,,,,,,,,,,,,,,,,,,,465.0,1020.9375,0,1.0121132,413.4375,1203.75,0,1.0063641,404.0625,1386.5625,0,1.037194,390.0,1461.5625,0,0.91596186,forward,104.00265470909588,1
2056,68.60186666666667,191.99013710021973,,,,,,,,,,,,,,,,,,,,465.0,1016.25,0,0.99097276,413.4375,1199.0625,0,0.99277216,404.0625,1386.5625,0,1.0249884,390.0,1461.5625,0,0.92203283,forward,105.87218541899782,1
2057,68.63523333333333,191.2708282470703,,,,,,,,,,,,,,,,,,,,465.0,1006.875,0,0.97822964,418.125,1194.375,0,0.98793733,404.0625,1386.5625,0,1.018192,390.0,1461.5625,0,0.9226839,forward,109.80353398461949,1
2058,68.6686,192.18707084655762,,,,,,,,,,,,,,,,,,,,465.0,1006.875,0,1.010466,418.125,1194.375,0,1.0081222,404.0625,1386.5625,0,1.0412598,390.0,1456.875,0,0.9351243,forward,109.80353398461949,1
2059,68.70196666666666,191.50996208190918,,,,,,,,,,,,,,,,,,,,469.6875,1002.1875,0,1.0026639,418.125,1194.375,0,1.0075068,404.0625,1386.5625,0,1.0418339,390.0,1461.5625,0,0.95370823,forward,111.88169574761292,1
2060,68.73533333333333,191.28704071044922,,,,,,,,,,,,,,,,,,,,469.6875,1002.1875,0,0.9886646,418.125,1194.375,0,0.9959595,404.0625,1386.5625,0,1.0296063,390.0,1461.5625,0,0.95643294,forward,111.88169574761292,1
2061,68.7687,191.66302680969238,,,,,,,,,,,,,,,,,,,,469.6875,997.5,0,0.9973191,422.8125,1194.375,0,1.0018482,404.0625,1386.5625,0,1.0438786,390.0,1461.5625,0,0.95643806,forward,114.08207484986028,1
2062,68.80206666666666,192.63529777526855,,,,,,,,,,,,,,,,,,,,465.0,997.5,0,0.9793469,422.8125,1194.375,0,0.9950003,404.0625,1386.5625,0,1.0336494,390.0,1461.5625,0,0.95833933,forward,114.08207484986028,1
2063,68.83543333333334,194.14687156677246,,,,,,,,,,,,,,,,,,,,465.0,992.8125,0,0.9918313,422.8125,1194.375,0,1.0030434,404.0625,1386.5625,0,1.048203,390.0,1456.875,0,0.9502027,forward,116.43313386318707,1
2064,68.86880000000001,191.19906425476074,,,,,,,,,,,,,,,,,,,,465.0,997.5,0,0.9814646,422.8125,1199.0625,0,0.99619097,404.0625,1386.5625,0,1.0419047,390.0,1456.875,0,0.96958345,forward,114.47844431915047,1
2065,68.90216666666667,191.61009788513184,,,,,,,,,,,,,,,,,,,,460.3125,992.8125,0,0.9869424,422.8125,1199.0625,0,0.9990768,404.0625,1386.5625,0,1.0434313,390.0,1456.875,0,0.97495544,forward,117.02119638956108,1
2066,68.93553333333334,193.52006912231445,,,,,,,,,,,,,,,,,,,,460.3125,997.5,0,0.9831481,422.8125,1199.0625,0,0.99793386,404.0625,1391.25,0,1.0350759,390.0,1456.875,0,0.9708969,forward,116.43313386318707,1
2067,68.9689,192.44694709777832,,,,,,,,,,,,,,,,,,,,460.3125,992.8125,0,0.989828,422.8125,1199.0625,0,1.0038304,404.0625,1391.25,0,1.0539358,390.0,1456.875,0,0.9663893,forward,118.97588593359768,1
2068,69.00226666666667,192.08002090454102,,,,,,,,,,,,,,,,,,,,460.3125,992.8125,0,0.9796595,422.8125,1199.0625,0,0.9979191,404.0625,1391.25,0,1.0459492,390.0,1456.875,0,0.97069687,forward,118.97588593359768,1
2069,69.03563333333334,191.7409896850586,,,,,,,,,,,,,,,,,,,,460.3125,988.125,0,0.982718,422.8125,1194.375,0,1.001918,404.0625,1391.25,0,1.0498502,390.0,1456.875,0,0.9760368,forward,121.031209748746,1
2070,69.069,192.57593154907227,,,,,,,,,,,,,,,,,,,,460.3125,988.125,0,0.9845232,422.8125,1194.375,0,1.003885,404.0625,1391.25,0,1.0517612,390.0,1456.875,0,0.9792099,forward,121.031209748746,1
2071,69.10236666666667,191.64586067199707,,,,,,,,,,,,,,,,,,,,455.625,983.4375,0,0.9851606,422.8125,1194.375,0,1.007367,404.0625,1391.25,0,1.0553577,390.0,1456.875,0,0.9770522,forward,123.82866817615482,1
2072,69.13573333333333,188.19499015808105,,,,,,,,,,,,,,,,,,,,455.625,988.125,0,0.97565037,422.8125,1194.375,0,0.9991826,404.0625,1391.25,0,1.0471226,390.0,1456.875,0,0.9756347,forward,121.031209748746,1
2073,69.1691,188.81702423095703,,,,,,,,,,,,,,,,,,,,455.625,983.4375,0,0.9777535,422.8125,1194.375,0,1.0002395,404.0625,1391.25,0,1.045226,390.0,1456.875,0,0.9717667,forward,123.82866817615482,1
2074,69.20246666666667,190.31810760498047,,,,,,,,,,,,,,,,,,,,455.625,983.4375,0,0.98079693,422.8125,1194.375,0,1.0007584,404.0625,1386.5625,0,1.0477096,390.0,1456.875,0,0.97493696,forward,121.77334436100651,1
2075,69.23583333333333,189.70108032226562,,,,,,,,,,,,,,,,,,,,455.625,983.4375,0,0.9842928,422.8125,1194.375,0,1.0033531,404.0625,1386.5625,0,1.0523651,390.0,1456.875,0,0.9686813,forward,121.77334436100651,1
2076,69.2692,198.85802268981934,,,,,,,,,,,,,,,,,,,,455.625,988.125,0,0.97864866,422.8125,1194.375,0,0.9993589,404.0625,1386.5625,0,1.0497959,390.0,1456.875,0,0.97221863,forward,118.97588593359768,1
2077,69.30256666666666,191.51020050048828,,,,,,,,,,,,,,,,,,,,455.625,983.4375,0,0.9795711,422.8125,1194.375,0,0.99945545,404.0625,1386.5625,0,1.0489945,385.3125,1456.875,0,0.9709772,forward,121.77334436100651,1
2078,69.33593333333333,190.1712417602539,,,,,,,,,,,,,,,,,,,,455.625,988.125,0,0.9767401,418.125,1194.375,0,0.9978602,404.0625,1386.5625,0,1.0498912,390.0,1456.875,0,0.9709091,forward,118.97588593359768,1
2079,69.3693,192.76022911071777,,,,,,,,,,,,,,,,,,,,455.625,988.125,0,0.97815514,418.125,1194.375,0,0.99937093,404.0625,1386.5625,0,1.0489558,385.3125,1456.875,0,0.96986616,forward,118.97588593359768,1
2080,69.40266666666666,199.26190376281738,,,,,,,,,,,,,,,,,,,,455.625,988.125,0,0.97024864,418.125,1194.375,0,0.99474484,404.0625,1391.25,0,1.0426893,385.3125,1456.875,0,0.96089315,forward,121.031209748746,1
2081,69.43603333333334,187.43610382080078,,,,,,,,,,,,,,,,,,,,460.3125,988.125,0,0.9758852,418.125,1194.375,0,0.9954167,404.0625,1386.5625,0,1.045683,385.3125,1456.875,0,0.9662794,forward,118.97588593359768,1
2082,69.46940000000001,188.0800724029541,,,,,,,,,,,,,,,,,,,,460.3125,988.125,0,0.9773327,418.125,1194.375,0,0.998621,404.0625,1386.5625,0,1.046134,385.3125,1456.875,0,0.96040845,forward,118.97588593359768,1
2083,69.50276666666667,188.5979175567627,,,,,,,,,,,,,,,,,,,,460.3125,988.125,0,0.98972255,418.125,1194.375,0,1.0066633,404.0625,1386.5625,0,1.0520732,385.3125,1456.875,0,0.95557904,forward,118.97588593359768,1
2084,69.53613333333334,188.31110000610352,,,,,,,,,,,,,,,,,,,,460.3125,988.125,0,0.98948085,418.125,1194.375,0,1.004054,404.0625,1386.5625,0,1.0461632,385.3125,1456.875,0,0.9547026,forward,118.97588593359768,1
2085,69.5695,192.14892387390137,,,,,,,,,,,,,,,,,,,,460.3125,992.8125,0,0.98847526,418.125,1194.375,0,0.9978787,404.0625,1386.5625,0,1.0442042,390.0,1456.875,0,0.94756037,forward,116.43313386318707,1
2086,69.60286666666667,191.08200073242188,,,,,,,,,,,,,,,,,,,,460.3125,997.5,0,0.986477,418.125,1199.0625,0,0.99305946,404.0625,1386.5625,0,1.0378437,390.0,1456.875,0,0.95243067,forward,114.47844431915047,1
2087,69.63623333333334,192.97313690185547,,,,,,,,,,,,,,,,,,,,460.3125,997.5,0,0.9934498,422.8125,1194.375,0,1.0025183,404.0625,1386.5625,0,1.0486073,390.0,1456.875,0,0.9440695,forward,114.08207484986028,1
2088,69.6696,192.54803657531738,,,,,,,,,,,,,,,,,,,,460.3125,1002.1875,0,0.9892151,422.8125,1199.0625,0,0.9954349,404.0625,1386.5625,0,1.0366337,390.0,1456.875,0,0.9459287,forward,112.12738530582368,1
2089,69.70296666666667,191.51067733764648,,,,,,,,,,,,,,,,,,,,460.3125,1002.1875,0,0.98184335,418.125,1199.0625,0,0.9886837,404.0625,1391.25,0,1.0191536,390.0,1461.5625,0,0.9288994,forward,114.08207484986028,1
2090,69.73633333333333,191.9422149658203,,,,,,,,,,,,,,,,,,,,460.3125,1006.875,0,0.9858904,418.125,1199.0625,0,0.9865997,404.0625,1391.25,0,1.0165373,390.0,1461.5625,0,0.92949533,forward,111.88169574761292,1
2091,69.7697,191.05982780456543,,,,,,,,,,,,,,,,,,,,460.3125,1011.5625,0,0.9989193,418.125,1199.0625,0,0.99319696,404.0625,1391.25,0,1.0244007,390.0,1461.5625,0,0.93004316,forward,109.80353398461949,1
2092,69.80306666666667,191.28823280334473,,,,,,,,,,,,,,,,,,,,460.3125,1016.25,0,1.0000589,418.125,1203.75,0,0.99241555,404.0625,1391.25,0,1.0279443,390.0,1461.5625,0,0.91985846,forward,107.8488444405829,1
2093,69.83643333333333,191.13588333129883,,,,,,,,,,,,,,,,,,,,460.3125,1020.9375,0,0.9866812,413.4375,1208.4375,0,0.9813138,404.0625,1391.25,0,1.0099597,390.0,1461.5625,0,0.9143001,forward,105.97931373068096,1
2094,69.8698,191.20216369628906,,,,,,,,,,,,,,,,,,,,460.3125,1025.625,0,0.9850813,413.4375,1213.125,0,0.9873401,404.0625,1386.5625,0,1.0075617,390.0,1461.5625,0,0.91666865,forward,102.4501573308737,1
2095,69.90316666666666,193.007230758667,,,,,,,,,,,,,,,,,,,,460.3125,1030.3125,0,1.0047696,413.4375,1213.125,0,1.0062325,404.0625,1386.5625,0,1.0219297,390.0,1461.5625,0,0.9156003,forward,100.47349830928862,1
2096,69.93653333333333,192.11173057556152,,,,,,,,,,,,,,,,,,,,460.3125,1035.0,0,1.0117613,413.4375,1213.125,0,1.0157994,404.0625,1386.5625,0,1.0272367,385.3125,1461.5625,0,0.9289012,forward,98.58272763661508,1
2097,69.9699,192.61407852172852,,,,,,,,,,,,,,,,,,,,460.3125,1039.6875,0,0.9985695,408.75,1217.8125,0,1.0068582,404.0625,1391.25,0,1.0128626,385.3125,1461.5625,0,0.935314,forward,98.58272763661508,1
2098,70.00326666666666,191.5280818939209,,,,,,,,,,,,,,,,,,,,460.3125,1039.6875,0,0.99485373,408.75,1217.8125,0,1.0071216,404.0625,1391.25,0,1.015398,385.3125,1461.5625,0,0.9327283,forward,98.58272763661508,1
2099,70.03663333333334,190.71197509765625,,,,,,,,,,,,,,,,,,,,460.3125,1049.0625,0,0.9754112,408.75,1217.8125,0,0.9967867,404.0625,1391.25,0,1.0033946,385.3125,1461.5625,0,0.9365095,forward,95.01277248484898,1
2100,70.07000000000001,191.71786308288574,,,,,,,,,,,,,,,,,,,,460.3125,1049.0625,0,0.9932755,408.75,1217.8125,0,1.0155907,404.0625,1386.5625,0,1.0302544,385.3125,1461.5625,0,0.93549854,forward,93.3358389018419,1
2101,70.10336666666667,191.25795364379883,,,,,,,,,,,,,,,,,,,,460.3125,1058.4375,0,0.9430245,404.0625,1222.5,0,0.98660946,404.0625,1391.25,0,0.988287,385.3125,1461.5625,0,0.9331941,forward,91.63917559681812,1
2102,70.13673333333334,191.1008358001709,,,,,,,,,,,,,,,,,,,,460.3125,1063.125,0,0.9754882,404.0625,1222.5,0,1.0132397,404.0625,1391.25,0,1.0217911,385.3125,1461.5625,0,0.9339922,forward,89.9923248148634,1
2103,70.1701,190.87600708007812,,,,,,,,,,,,,,,,,,,,460.3125,1067.8125,0,0.95333064,404.0625,1222.5,0,0.9992155,404.0625,1391.25,0,1.0035231,385.3125,1461.5625,0,0.9374311,forward,88.38988288461795,1
2104,70.20346666666667,191.23196601867676,,,,,,,,,,,,,,,,,,,,460.3125,1072.5,0,0.9634304,404.0625,1222.5,0,1.0072448,404.0625,1386.5625,0,1.0194254,385.3125,1456.875,0,0.9387418,forward,85.199806726086,1
2105,70.23683333333334,190.83595275878906,,,,,,,,,,,,,,,,,,,,460.3125,1072.5,0,0.9510547,399.375,1227.1875,0,0.9971266,404.0625,1386.5625,0,1.0055904,385.3125,1461.5625,0,0.9437474,forward,85.17904368733576,1
2106,70.2702,196.43592834472656,,,,,,,,,,,,,,,,,,,,455.625,1081.875,0,0.9482692,399.375,1227.1875,0,0.991593,404.0625,1391.25,0,1.0036638,385.3125,1461.5625,0,0.9391579,forward,83.6731357240964,1
2107,70.30356666666667,202.5439739227295,,,,,,,,,,,,,,,,,,,,455.625,1081.875,0,0.96281695,399.375,1227.1875,0,1.0014169,404.0625,1386.5625,0,1.0187025,385.3125,1456.875,0,0.94290197,forward,82.08977628223084,1
2108,70.33693333333333,196.95687294006348,,,,,,,,,,,,,,,,,,,,455.625,1086.5625,0,0.95769,399.375,1227.1875,0,0.9996628,404.0625,1386.5625,0,1.0202285,385.3125,1456.875,0,0.9317692,forward,80.5956453494353,1
2109,70.3703,198.26793670654297,,,,,,,,,,,,,,,,,,,,455.625,1091.25,0,0.9305879,399.375,1231.875,0,0.9743115,404.0625,1391.25,0,0.992829,380.625,1461.5625,0,0.9283228,forward,80.5956453494353,1
2110,70.40366666666667,196.06804847717285,,,,,,,,,,,,,,,,,,,,455.625,1095.9375,0,0.9436662,399.375,1231.875,0,0.9837001,404.0625,1386.5625,0,1.0054543,385.3125,1461.5625,0,0.9347419,forward,77.58733300100802,1
2111,70.43703333333333,197.46804237365723,,,,,,,,,,,,,,,,,,,,455.625,1100.625,0,0.9421711,399.375,1231.875,0,0.9784729,404.0625,1386.5625,0,1.008338,385.3125,1461.5625,0,0.9374186,forward,76.14978115437437,1
2112,70.4704,196.1050033569336,,,,,,,,,,,,,,,,,,,,455.625,1100.625,0,0.95322645,399.375,1231.875,0,0.98821163,404.0625,1386.5625,0,1.0236118,385.3125,1461.5625,0,0.93865144,forward,76.14978115437437,1
2113,70.50376666666666,195.7869529724121,,,,,,,,,,,,,,,,,,,,455.625,1105.3125,0,0.9405633,399.375,1231.875,0,0.9694923,404.0625,1386.5625,0,1.006164,385.3125,1461.5625,0,0.9362992,forward,74.73691855139094,1
2114,70.53713333333333,195.91593742370605,,,,,,,,,,,,,,,,,,,,455.625,1105.3125,0,0.9412074,399.375,1236.5625,0,0.98036003,404.0625,1386.5625,0,1.012407,385.3125,1456.875,0,0.9389912,forward,74.6417247953824,1
2115,70.5705,196.10977172851562,,,,,,,,,,,,,,,,,,,,455.625,1105.3125,0,0.9490979,399.375,1236.5625,0,0.9921905,404.0625,1386.5625,0,1.0225036,385.3125,1456.875,0,0.94065833,forward,74.6417247953824,1
2116,70.60386666666666,195.95813751220703,,,,,,,,,,,,,,,,,,,,455.625,1105.3125,0,0.9473328,399.375,1236.5625,0,0.98668313,404.0625,1386.5625,0,1.0201437,385.3125,1456.875,0,0.93691933,forward,74.6417247953824,1
2117,70.63723333333334,196.96593284606934,,,,,,,,,,,,,,,,,,,,460.3125,1110.0,0,0.9453021,399.375,1236.5625,0,0.98324573,404.0625,1386.5625,0,1.0133046,385.3125,1456.875,0,0.9374282,forward,73.22886219239896,1
2118,70.67060000000001,196.3350772857666,,,,,,,,,,,,,,,,,,,,460.3125,1105.3125,0,0.938768,399.375,1236.5625,0,0.9735417,404.0625,1386.5625,0,1.0063198,385.3125,1456.875,0,0.93633926,forward,74.6417247953824,1
2119,70.70396666666667,196.87676429748535,,,,,,,,,,,,,,,,,,,,460.3125,1110.0,0,0.9440626,399.375,1236.5625,0,0.98250055,404.0625,1386.5625,0,1.0139261,385.3125,1456.875,0,0.9363234,forward,73.22886219239896,1
2120,70.73733333333334,196.37608528137207,,,,,,,,,,,,,,,,,,,,460.3125,1110.0,0,0.94737875,399.375,1236.5625,0,0.98508257,408.75,1386.5625,0,1.0158412,385.3125,1456.875,0,0.9361971,forward,73.22886219239896,1
2121,70.7707,196.12812995910645,,,,,,,,,,,,,,,,,,,,460.3125,1110.0,0,0.94400465,399.375,1236.5625,0,0.9717506,404.0625,1391.25,0,1.0021943,385.3125,1461.5625,0,0.9252615,forward,74.73691855139094,1
2122,70.80406666666667,195.6801414489746,,,,,,,,,,,,,,,,,,,,460.3125,1105.3125,0,0.9466768,399.375,1236.5625,0,0.98117286,404.0625,1391.25,0,1.0016624,385.3125,1461.5625,0,0.9260429,forward,76.14978115437437,1
2123,70.83743333333334,195.69706916809082,,,,,,,,,,,,,,,,,,,,460.3125,1100.625,0,0.9427092,399.375,1236.5625,0,0.98718005,408.75,1391.25,0,1.0022302,380.625,1461.5625,0,0.9226973,forward,77.58733300100802,1
2124,70.8708,195.94717025756836,,,,,,,,,,,,,,,,,,,,460.3125,1095.9375,0,0.9390954,399.375,1236.5625,0,0.9849628,404.0625,1391.25,0,0.9975413,385.3125,1461.5625,0,0.92641234,forward,79.05187653876578,1
2125,70.90416666666667,197.3130702972412,,,,,,,,,,,,,,,,,,,,460.3125,1086.5625,0,0.9508631,399.375,1231.875,0,1.0029067,408.75,1386.5625,0,1.0091991,385.3125,1461.5625,0,0.9375329,forward,80.54600747156134,1
2126,70.93753333333333,196.29693031311035,,,,,,,,,,,,,,,,,,,,465.0,1081.875,0,0.9573561,404.0625,1227.1875,0,1.0053142,408.75,1391.25,0,1.0092385,385.3125,1461.5625,0,0.93880415,forward,83.6731357240964,1
2127,70.9709,196.33793830871582,,,,,,,,,,,,,,,,,,,,465.0,1077.1875,0,0.9747857,404.0625,1227.1875,0,1.0226718,408.75,1386.5625,0,1.0205935,385.3125,1461.5625,0,0.94268554,forward,83.61644728422044,1
2128,71.00426666666667,196.22111320495605,,,,,,,,,,,,,,,,,,,,465.0,1072.5,0,0.9785942,404.0625,1222.5,0,1.0226548,404.0625,1391.25,0,1.0236144,385.3125,1461.5625,0,0.945487,forward,86.82728648150263,1
2129,71.03763333333333,198.53520393371582,,,,,,,,,,,,,,,,,,,,465.0,1063.125,0,0.99918205,404.0625,1217.8125,0,1.0300003,404.0625,1386.5625,0,1.0350916,385.3125,1461.5625,0,0.9369358,forward,88.38988288461795,1
2130,71.071,195.5258846282959,,,,,,,,,,,,,,,,,,,,465.0,1053.75,0,1.0083853,408.75,1217.8125,0,1.0328364,404.0625,1391.25,0,1.0360488,385.3125,1461.5625,0,0.940454,forward,93.3161091798252,1
2131,71.10436666666666,196.6099739074707,,,,,,,,,,,,,,,,,,,,465.0,1044.375,0,0.99472666,408.75,1213.125,0,1.0207821,404.0625,1391.25,0,1.0231285,385.3125,1461.5625,0,0.94121337,forward,96.74555314998261,1
2132,71.13773333333333,195.46198844909668,,,,,,,,,,,,,,,,,,,,460.3125,1039.6875,0,1.0054064,408.75,1208.4375,0,1.016974,404.0625,1391.25,0,1.027607,385.3125,1461.5625,0,0.93148804,forward,98.54192888465624,1
2133,71.1711,195.98793983459473,,,,,,,,,,,,,,,,,,,,465.0,1030.3125,0,1.023969,408.75,1203.75,0,1.0218384,404.0625,1386.5625,0,1.0485002,385.3125,1461.5625,0,0.92329186,forward,100.29485923999019,1
2134,71.20446666666666,196.53797149658203,,,,,,,,,,,,,,,,,,,,465.0,1020.9375,0,1.0121883,413.4375,1203.75,0,1.0156752,404.0625,1386.5625,0,1.0380081,390.0,1461.5625,0,0.9148628,forward,104.00265470909588,1
2135,71.23783333333334,195.91403007507324,,,,,,,,,,,,,,,,,,,,465.0,1011.5625,0,0.9974232,413.4375,1199.0625,0,1.003994,404.0625,1386.5625,0,1.0268785,390.0,1461.5625,0,0.9174323,forward,107.8488444405829,1
2136,71.27120000000001,195.9969997406006,,,,,,,,,,,,,,,,,,,,465.0,1011.5625,0,0.99137044,413.4375,1199.0625,0,0.9916861,404.0625,1386.5625,0,1.0222481,390.0,1461.5625,0,0.9223649,forward,107.8488444405829,1
2137,71.30456666666667,199.28598403930664,,,,,,,,,,,,,,,,,,,,465.0,1006.875,0,0.9943375,418.125,1194.375,0,0.99632454,404.0625,1386.5625,0,1.0289584,390.0,1461.5625,0,0.9348507,forward,109.80353398461949,1
2138,71.33793333333334,196.2730884552002,,,,,,,,,,,,,,,,,,,,465.0,1002.1875,0,0.9880668,418.125,1194.375,0,0.9966075,404.0625,1386.5625,0,1.0257671,390.0,1461.5625,0,0.937603,forward,111.88169574761292,1
2139,71.3713,196.11382484436035,,,,,,,,,,,,,,,,,,,,465.0,997.5,0,0.9956734,422.8125,1189.6875,0,1.0047584,404.0625,1386.5625,0,1.0321467,390.0,1456.875,0,0.93287724,forward,113.93701956276124,1
2140,71.40466666666667,195.83988189697266,,,,,,,,,,,,,,,,,,,,465.0,997.5,0,1.0050688,422.8125,1194.375,0,1.0076762,404.0625,1386.5625,0,1.0410435,390.0,1456.875,0,0.9386517,forward,114.08207484986028,1
2141,71.43803333333334,191.49184226989746,,,,,,,,,,,,,,,,,,,,465.0,992.8125,0,0.9974903,422.8125,1194.375,0,1.0105754,404.0625,1386.5625,0,1.0426102,390.0,1456.875,0,0.9382038,forward,116.43313386318707,1
2142,71.4714,191.94531440734863,,,,,,,,,,,,,,,,,,,,465.0,992.8125,0,0.99371064,422.8125,1194.375,0,1.0089034,404.0625,1386.5625,0,1.0461128,390.0,1456.875,0,0.9565983,forward,116.43313386318707,1
2143,71.50476666666667,191.58077239990234,,,,,,,,,,,,,,,,,,,,460.3125,992.8125,0,0.99568415,422.8125,1194.375,0,1.0081471,404.0625,1386.5625,0,1.0515633,390.0,1456.875,0,0.9595002,forward,116.43313386318707,1
2144,71.53813333333333,191.15114212036133,,,,,,,,,,,,,,,,,,,,460.3125,992.8125,0,0.9986349,422.8125,1194.375,0,1.0089488,404.0625,1391.25,0,1.0536973,390.0,1456.875,0,0.96170187,forward,118.48845767833538,1
2145,71.5715,191.06197357177734,,,,,,,,,,,,,,,,,,,,465.0,992.8125,0,1.0030782,422.8125,1199.0625,0,1.0141971,404.0625,1391.25,0,1.0583243,390.0,1456.875,0,0.9647344,forward,118.97588593359768,1
2146,71.60486666666667,190.90509414672852,,,,,,,,,,,,,,,,,,,,460.3125,992.8125,0,0.99566436,422.8125,1199.0625,0,1.0096577,404.0625,1391.25,0,1.0537865,390.0,1456.875,0,0.9647982,forward,118.97588593359768,1
2147,71.63823333333333,190.64903259277344,,,,,,,,,,,,,,,,,,,,460.3125,992.8125,0,0.99259233,422.8125,1199.0625,0,1.0078189,404.0625,1391.25,0,1.0505457,390.0,1456.875,0,0.96941555,forward,118.97588593359768,1
2148,71.6716,191.0250186920166,,,,,,,,,,,,,,,,,,,,460.3125,992.8125,0,0.98961186,422.8125,1199.0625,0,1.0088471,404.0625,1391.25,0,1.0501175,390.0,1456.875,0,0.97028875,forward,118.97588593359768,1
2149,71.70496666666666,191.56408309936523,,,,,,,,,,,,,,,,,,,,460.3125,992.8125,0,0.993938,422.8125,1199.0625,0,1.0123295,404.0625,1391.25,0,1.054488,390.0,1456.875,0,0.9728056,forward,118.97588593359768,1
2150,71.73833333333333,198.2421875,,,,,,,,,,,,,,,,,,,,460.3125,992.8125,0,0.9871095,422.8125,1199.0625,0,1.0071012,404.0625,1391.25,0,1.0490837,385.3125,1456.875,0,0.96490955,forward,118.97588593359768,1
2151,71.7717,194.60225105285645,,,,,,,,,,,,,,,,,,,,460.3125,992.8125,0,0.9834881,422.8125,1199.0625,0,1.0054333,404.0625,1391.25,0,1.0464697,385.3125,1456.875,0,0.96931374,forward,118.97588593359768,1
2152,71.80506666666666,195.94192504882812,,,,,,,,,,,,,,,,,,,,460.3125,988.125,0,0.9867855,422.8125,1199.0625,0,1.0086317,404.0625,1391.25,0,1.0489026,385.3125,1456.875,0,0.96985507,forward,121.77334436100651,1
2153,71.83843333333334,195.55902481079102,,,,,,,,,,,,,,,,,,,,460.3125,988.125,0,0.9840094,422.8125,1199.0625,0,1.008162,404.0625,1391.25,0,1.047266,385.3125,1456.875,0,0.96743524,forward,121.77334436100651,1
2154,71.87180000000001,195.7380771636963,,,,,,,,,,,,,,,,,,,,460.3125,988.125,0,0.98554844,422.8125,1199.0625,0,1.0077171,404.0625,1391.25,0,1.0478439,385.3125,1456.875,0,0.97088253,forward,121.77334436100651,1
2155,71.90516666666667,197.18408584594727,,,,,,,,,,,,,,,,,,,,460.3125,988.125,0,0.97938085,422.8125,1199.0625,0,1.0021905,404.0625,1391.25,0,1.0428994,385.3125,1456.875,0,0.96743643,forward,121.77334436100651,1
2156,71.93853333333334,197.00098037719727,,,,,,,,,,,,,,,,,,,,460.3125,988.125,0,0.9789798,422.8125,1199.0625,0,1.0033085,404.0625,1391.25,0,1.0447206,385.3125,1456.875,0,0.9671695,forward,121.77334436100651,1
2157,71.9719,220.85928916931152,,,,,,,,,,,,,,,,,,,,460.3125,992.8125,0,0.97495914,422.8125,1199.0625,0,0.9986698,404.0625,1391.25,0,1.0410675,390.0,1456.875,0,0.9623679,forward,118.97588593359768,1
2158,72.00526666666667,196.54607772827148,,,,,,,,,,,,,,,,,,,,460.3125,992.8125,0,0.98476076,422.8125,1199.0625,0,1.0070081,404.0625,1391.25,0,1.0477444,385.3125,1456.875,0,0.9600412,forward,118.97588593359768,1
2159,72.03863333333334,194.97418403625488,,,,,,,,,,,,,,,,,,,,460.3125,992.8125,0,0.9838207,422.8125,1199.0625,0,1.0011294,404.0625,1391.25,0,1.0454762,390.0,1456.875,0,0.9554017,forward,118.97588593359768,1
2160,72.072,194.76771354675293,,,,,,,,,,,,,,,,,,,,460.3125,992.8125,0,0.98250854,422.8125,1194.375,0,1.0006472,404.0625,1386.5625,0,1.0438409,390.0,1456.875,0,0.9413626,forward,116.43313386318707,1
2161,72.10536666666667,195.23191452026367,,,,,,,,,,,,,,,,,,,,460.3125,992.8125,0,0.9808367,422.8125,1199.0625,0,0.99364865,404.0625,1386.5625,0,1.0412427,390.0,1456.875,0,0.94330305,forward,117.02119638956108,1
2162,72.13873333333333,196.62189483642578,,,,,,,,,,,,,,,,,,,,460.3125,992.8125,0,0.99667287,422.8125,1194.375,0,1.003041,404.0625,1386.5625,0,1.0494077,390.0,1456.875,0,0.9338986,forward,116.43313386318707,1
2163,72.1721,199.7230052947998,,,,,,,,,,,,,,,,,,,,460.3125,997.5,0,0.97950447,422.8125,1199.0625,0,0.9900464,404.0625,1386.5625,0,1.0341461,390.0,1456.875,0,0.9287089,forward,114.47844431915047,1
2164,72.20546666666667,192.5649642944336,,,,,,,,,,,,,,,,,,,,460.3125,997.5,0,0.99155307,422.8125,1194.375,0,0.9905814,404.0625,1391.25,0,1.0356543,390.0,1456.875,0,0.9239261,forward,116.13739866500859,1
2165,72.23883333333333,192.26312637329102,,,,,,,,,,,,,,,,,,,,465.0,1002.1875,0,0.99202526,422.8125,1199.0625,0,0.99447095,404.0625,1386.5625,0,1.0331187,390.0,1456.875,0,0.9268776,forward,112.12738530582368,1
2166,72.2722,192.9328441619873,,,,,,,,,,,,,,,,,,,,465.0,1006.875,0,0.9903332,418.125,1194.375,0,0.9924104,404.0625,1391.25,0,1.0299543,390.0,1456.875,0,0.92040646,forward,111.8588577997678,1
2167,72.30556666666666,192.33417510986328,,,,,,,,,,,,,,,,,,,,465.0,1006.875,0,0.9897014,418.125,1199.0625,0,0.9932059,404.0625,1391.25,0,1.0275588,390.0,1461.5625,0,0.9178884,forward,111.88169574761292,1
2168,72.33893333333333,191.81323051452637,,,,,,,,,,,,,,,,,,,,460.3125,1016.25,0,0.9962666,418.125,1203.75,0,0.9912285,404.0625,1391.25,0,1.02983,390.0,1461.5625,0,0.9217602,forward,107.8488444405829,1
2169,72.3723,192.89612770080566,,,,,,,,,,,,,,,,,,,,465.0,1020.9375,0,0.99017906,413.4375,1208.4375,0,0.9899382,404.0625,1391.25,0,1.0178423,390.0,1461.5625,0,0.9163434,forward,105.97931373068096,1
2170,72.40566666666666,191.5419101715088,,,,,,,,,,,,,,,,,,,,465.0,1025.625,0,1.015685,413.4375,1208.4375,0,1.012824,404.0625,1386.5625,0,1.0370826,390.0,1461.5625,0,0.91299134,forward,102.20627897442225,1
2171,72.43903333333334,191.6368007659912,,,,,,,,,,,,,,,,,,,,460.3125,1025.625,0,1.0011003,408.75,1208.4375,0,1.006727,404.0625,1386.5625,0,1.0241287,390.0,1461.5625,0,0.91960686,forward,102.20627897442225,1
2172,72.47240000000001,191.47181510925293,,,,,,,,,,,,,,,,,,,,465.0,1030.3125,0,1.0058227,408.75,1213.125,0,1.012416,408.75,1391.25,0,1.0274068,385.3125,1461.5625,0,0.919165,forward,102.20627897442225,1
2173,72.50576666666667,192.14272499084473,,,,,,,,,,,,,,,,,,,,460.3125,1039.6875,0,1.0038855,408.75,1213.125,0,1.0157243,404.0625,1391.25,0,1.0232148,385.3125,1461.5625,0,0.9234107,forward,98.49848350531656,1
2174,72.53913333333334,191.17999076843262,,,,,,,,,,,,,,,,,,,,460.3125,1044.375,0,1.0049402,408.75,1217.8125,0,1.025918,404.0625,1391.25,0,1.0281339,385.3125,1461.5625,0,0.9317273,forward,96.76570284018293,1
2175,72.5725,192.13008880615234,,,,,,,,,,,,,,,,,,,,460.3125,1049.0625,0,0.98632026,408.75,1217.8125,0,1.0176907,404.0625,1391.25,0,1.0208478,385.3125,1461.5625,0,0.9413503,forward,95.01277248484898,1
2176,72.60586666666667,192.66414642333984,,,,,,,,,,,,,,,,,,,,465.0,1058.4375,0,0.973189,404.0625,1222.5,0,1.0105301,404.0625,1391.25,0,1.0143998,385.3125,1461.5625,0,0.9463612,forward,91.63917559681812,1
2177,72.63923333333334,193.18819046020508,,,,,,,,,,,,,,,,,,,,465.0,1063.125,0,0.9653428,404.0625,1222.5,0,1.0154526,404.0625,1391.25,0,1.0155911,385.3125,1461.5625,0,0.9419156,forward,89.9923248148634,1
2178,72.6726,192.51513481140137,,,,,,,,,,,,,,,,,,,,465.0,1067.8125,0,0.9584323,404.0625,1222.5,0,1.0073565,404.0625,1391.25,0,1.0093408,385.3125,1461.5625,0,0.9362377,forward,88.38988288461795,1
2179,72.70596666666667,193.1171417236328,,,,,,,,,,,,,,,,,,,,465.0,1077.1875,0,0.989439,404.0625,1227.1875,0,1.0294026,404.0625,1386.5625,0,1.0393567,385.3125,1456.875,0,0.93284607,forward,83.61644728422044,1
2180,72.73933333333333,192.5208568572998,,,,,,,,,,,,,,,,,,,,465.0,1077.1875,0,0.97466743,399.375,1227.1875,0,1.0197227,404.0625,1386.5625,0,1.0271811,385.3125,1456.875,0,0.9342501,forward,83.61644728422044,1
2181,72.7727,192.45290756225586,,,,,,,,,,,,,,,,,,,,465.0,1081.875,0,0.9724629,399.375,1227.1875,0,1.0188446,404.0625,1386.5625,0,1.0279405,385.3125,1456.875,0,0.93256736,forward,82.08977628223084,1
2182,72.80606666666667,192.29984283447266,,,,,,,,,,,,,,,,,,,,460.3125,1081.875,0,0.955181,399.375,1227.1875,0,1.0030508,404.0625,1386.5625,0,1.0152848,385.3125,1456.875,0,0.92841,forward,82.08977628223084,1
2183,72.83943333333333,192.60883331298828,,,,,,,,,,,,,,,,,,,,460.3125,1091.25,0,0.9740103,399.375,1231.875,0,1.0132364,404.0625,1386.5625,0,1.0301702,385.3125,1456.875,0,0.92858565,forward,79.05187653876578,1
2184,72.8728,191.6811466217041,,,,,,,,,,,,,,,,,,,,460.3125,1091.25,0,0.96661246,399.375,1231.875,0,1.008482,404.0625,1386.5625,0,1.0271363,385.3125,1456.875,0,0.93415153,forward,79.05187653876578,1
2185,72.90616666666666,192.457914352417,,,,,,,,,,,,,,,,,,,,460.3125,1095.9375,0,0.94934607,399.375,1231.875,0,0.98437726,404.0625,1391.25,0,1.0107167,385.3125,1461.5625,0,0.92520547,forward,79.13110181167752,1
2186,72.93953333333333,194.00691986083984,,,,,,,,,,,,,,,,,,,,460.3125,1100.625,0,0.95061636,399.375,1231.875,0,0.9890356,404.0625,1391.25,0,1.0163857,385.3125,1461.5625,0,0.9345162,forward,77.69354996504387,1
2187,72.9729,193.4530735015869,,,,,,,,,,,,,,,,,,,,460.3125,1100.625,0,0.9725944,399.375,1231.875,0,1.0102153,404.0625,1386.5625,0,1.0377407,385.3125,1456.875,0,0.93716013,forward,76.14978115437437,1
2188,73.00626666666666,191.64371490478516,,,,,,,,,,,,,,,,,,,,460.3125,1105.3125,0,0.95304656,399.375,1231.875,0,0.9932413,404.0625,1386.5625,0,1.0206702,385.3125,1456.875,0,0.94435394,forward,74.73691855139094,1
2189,73.03963333333334,192.6131248474121,,,,,,,,,,,,,,,,,,,,460.3125,1105.3125,0,0.9580899,399.375,1231.875,0,0.9946761,404.0625,1386.5625,0,1.0278676,385.3125,1456.875,0,0.93566287,forward,74.73691855139094,1
2190,73.07300000000001,192.2292709350586,,,,,,,,,,,,,,,,,,,,460.3125,1105.3125,0,0.9614386,399.375,1231.875,0,0.9948859,404.0625,1386.5625,0,1.0280247,385.3125,1456.875,0,0.9355699,forward,74.73691855139094,1
2191,73.10636666666667,192.30198860168457,,,,,,,,,,,,,,,,,,,,460.3125,1110.0,0,0.9741541,399.375,1231.875,0,1.0121849,404.0625,1386.5625,0,1.0379982,385.3125,1456.875,0,0.93126655,forward,73.3467048917542,1
2192,73.13973333333334,193.30883026123047,,,,,,,,,,,,,,,,,,,,460.3125,1105.3125,0,0.9634621,399.375,1236.5625,0,1.0015491,404.0625,1386.5625,0,1.0252361,385.3125,1456.875,0,0.9335816,forward,74.6417247953824,1
2193,73.1731,183.0000877380371,,,,,,,,,,,,,,,,,,,,460.3125,1105.3125,0,0.9561197,399.375,1236.5625,0,0.99872255,404.0625,1386.5625,0,1.0207571,385.3125,1456.875,0,0.9337594,forward,74.6417247953824,1
2194,73.20646666666667,192.13414192199707,,,,,,,,,,,,,,,,,,,,460.3125,1105.3125,0,0.9612495,399.375,1236.5625,0,1.0018762,404.0625,1386.5625,0,1.0231686,385.3125,1456.875,0,0.9297098,forward,74.6417247953824,1
2195,73.23983333333334,192.42310523986816,,,,,,,,,,,,,,,,,,,,460.3125,1100.625,0,0.9719018,399.375,1236.5625,0,1.0075266,408.75,1386.5625,0,1.0285641,385.3125,1456.875,0,0.9283463,forward,76.07927664201605,1
2196,73.2732,190.9482479095459,,,,,,,,,,,,,,,,,,,,460.3125,1100.625,0,0.9751425,399.375,1236.5625,0,1.0053436,408.75,1386.5625,0,1.0267739,385.3125,1456.875,0,0.9263036,forward,76.07927664201605,1
2197,73.30656666666667,191.28918647766113,,,,,,,,,,,,,,,,,,,,460.3125,1095.9375,0,0.95505214,399.375,1231.875,0,0.9928851,404.0625,1391.25,0,1.010472,385.3125,1461.5625,0,0.92275155,forward,79.13110181167752,1
2198,73.33993333333333,191.49279594421387,,,,,,,,,,,,,,,,,,,,460.3125,1091.25,0,0.9911574,399.375,1231.875,0,1.0247022,404.0625,1386.5625,0,1.038549,385.3125,1456.875,0,0.9280065,forward,79.05187653876578,1
2199,73.3733,191.55001640319824,,,,,,,,,,,,,,,,,,,,460.3125,1081.875,0,0.98184526,399.375,1231.875,0,1.0224205,404.0625,1391.25,0,1.0333679,385.3125,1461.5625,0,0.9384895,forward,83.61644728422044,1
2200,73.40666666666667,190.37914276123047,,,,,,,,,,,,,,,,,,,,465.0,1077.1875,0,0.99563587,399.375,1231.875,0,1.0370562,404.0625,1386.5625,0,1.0491067,385.3125,1461.5625,0,0.93556213,forward,83.63527487666626,1
2201,73.44003333333333,190.9620761871338,,,,,,,,,,,,,,,,,,,,460.3125,1067.8125,0,0.96837103,399.375,1227.1875,0,1.0196283,404.0625,1391.25,0,1.0189679,385.3125,1461.5625,0,0.9508498,forward,88.36484505944676,1
2202,73.4734,191.45488739013672,,,,,,,,,,,,,,,,,,,,460.3125,1063.125,0,1.0053653,404.0625,1222.5,0,1.0429981,404.0625,1391.25,0,1.0487201,385.3125,1461.5625,0,0.93382394,forward,89.9923248148634,1
2203,73.50676666666666,190.65594673156738,,,,,,,,,,,,,,,,,,,,460.3125,1058.4375,0,1.0146711,404.0625,1217.8125,0,1.0402646,404.0625,1391.25,0,1.0530746,385.3125,1461.5625,0,0.9373301,forward,91.66925839787048,1
2204,73.54013333333333,191.9538974761963,,,,,,,,,,,,,,,,,,,,460.3125,1049.0625,0,1.0189159,404.0625,1213.125,0,1.0368183,404.0625,1386.5625,0,1.0517378,385.3125,1456.875,0,0.92938566,forward,93.3161091798252,1
2205,73.5735,191.99013710021973,,,,,,,,,,,,,,,,,,,,460.3125,1039.6875,0,0.9970691,404.0625,1208.4375,0,1.0154078,404.0625,1391.25,0,1.0261965,385.3125,1461.5625,0,0.935573,forward,98.54192888465624,1
2206,73.60686666666666,192.53301620483398,,,,,,,,,,,,,,,,,,,,460.3125,1035.0,0,1.0101856,408.75,1203.75,0,1.016123,404.0625,1391.25,0,1.0313323,385.3125,1461.5625,0,0.9306293,forward,100.41145959455818,1
2207,73.64023333333334,191.92004203796387,,,,,,,,,,,,,,,,,,,,460.3125,1025.625,0,1.0004165,408.75,1199.0625,0,1.0063164,404.0625,1391.25,0,1.028966,385.3125,1461.5625,0,0.92627835,forward,104.11907949392872,1
2208,73.67360000000001,191.2369728088379,,,,,,,,,,,,,,,,,,,,460.3125,1020.9375,0,1.0200121,408.75,1199.0625,0,1.0153555,404.0625,1386.5625,0,1.0457597,385.3125,1456.875,0,0.9209275,forward,103.98141474632428,1
2209,73.70696666666667,191.74504280090332,,,,,,,,,,,,,,,,,,,,460.3125,1016.25,0,1.0001861,408.75,1194.375,0,1.0016966,404.0625,1386.5625,0,1.0283849,390.0,1461.5625,0,0.9215524,forward,105.93610429036087,1
2210,73.74033333333334,191.84589385986328,,,,,,,,,,,,,,,,,,,,460.3125,1011.5625,0,0.9944037,413.4375,1194.375,0,0.9969529,404.0625,1391.25,0,1.0295185,390.0,1461.5625,0,0.9268228,forward,109.88219877818273,1
2211,73.7737,191.8017864227295,,,,,,,,,,,,,,,,,,,,460.3125,1006.875,0,0.99885154,413.4375,1194.375,0,1.0031741,404.0625,1391.25,0,1.0337931,390.0,1456.875,0,0.9270841,forward,111.8588577997678,1
2212,73.80706666666667,190.90676307678223,,,,,,,,,,,,,,,,,,,,460.3125,1002.1875,0,1.001152,418.125,1194.375,0,1.0041761,404.0625,1391.25,0,1.0333005,390.0,1456.875,0,0.92409337,forward,113.93701956276124,1
2213,73.84043333333334,191.70713424682617,,,,,,,,,,,,,,,,,,,,460.3125,1002.1875,0,0.9916211,418.125,1194.375,0,0.993469,404.0625,1391.25,0,1.0302645,390.0,1461.5625,0,0.93594265,forward,113.93701956276124,1
2214,73.8738,191.9729709625244,,,,,,,,,,,,,,,,,,,,460.3125,997.5,0,0.9831792,418.125,1194.375,0,0.9939494,404.0625,1391.25,0,1.0300546,390.0,1456.875,0,0.9299732,forward,116.13739866500859,1
2215,73.90716666666667,195.00088691711426,,,,,,,,,,,,,,,,,,,,460.3125,997.5,0,0.9923606,418.125,1194.375,0,1.0026441,404.0625,1391.25,0,1.039985,390.0,1456.875,0,0.9415841,forward,116.13739866500859,1
2216,73.94053333333333,190.18292427062988,,,,,,,,,,,,,,,,,,,,460.3125,992.8125,0,1.0076432,422.8125,1194.375,0,1.0190859,404.0625,1391.25,0,1.0599787,390.0,1456.875,0,0.9407995,forward,118.48845767833538,1
2217,73.9739,189.03684616088867,,,,,,,,,,,,,,,,,,,,460.3125,997.5,0,0.98693067,422.8125,1194.375,0,1.0025232,404.0625,1391.25,0,1.040147,390.0,1456.875,0,0.95270777,forward,116.13739866500859,1
2218,74.00726666666667,193.9678192138672,,,,,,,,,,,,,,,,,,,,460.3125,992.8125,0,0.98816824,422.8125,1194.375,0,1.0044034,404.0625,1391.25,0,1.0480635,390.0,1456.875,0,0.9506525,forward,118.48845767833538,1
2219,74.04063333333333,194.68379020690918,,,,,,,,,,,,,,,,,,,,460.3125,992.8125,0,0.9807683,422.8125,1194.375,0,0.9985116,404.0625,1391.25,0,1.0397551,390.0,1456.875,0,0.9524878,forward,118.48845767833538,1
2220,74.074,193.72797012329102,,,,,,,,,,,,,,,,,,,,460.3125,992.8125,0,0.99018323,422.8125,1194.375,0,1.0086021,404.0625,1391.25,0,1.0502081,385.3125,1456.875,0,0.9469795,forward,118.48845767833538,1
2221,74.10736666666666,192.4738883972168,,,,,,,,,,,,,,,,,,,,460.3125,992.8125,0,0.9830886,422.8125,1199.0625,0,1.0038168,404.0625,1391.25,0,1.0458603,385.3125,1456.875,0,0.9614228,forward,118.97588593359768,1
2222,74.14073333333333,192.84725189208984,,,,,,,,,,,,,,,,,,,,455.625,992.8125,0,0.9818809,422.8125,1199.0625,0,1.0053594,404.0625,1391.25,0,1.0467231,390.0,1456.875,0,0.96512914,forward,118.97588593359768,1
2223,74.1741,193.4959888458252,,,,,,,,,,,,,,,,,,,,455.625,992.8125,0,0.98165846,422.8125,1194.375,0,1.0050704,404.0625,1391.25,0,1.0436463,385.3125,1456.875,0,0.9662422,forward,118.48845767833538,1
2224,74.20746666666666,192.86417961120605,,,,,,,,,,,,,,,,,,,,455.625,988.125,0,0.98308194,422.8125,1194.375,0,1.0065811,404.0625,1391.25,0,1.0495107,385.3125,1456.875,0,0.9559547,forward,121.031209748746,1
2225,74.24083333333334,194.13375854492188,,,,,,,,,,,,,,,,,,,,455.625,988.125,0,0.9726116,422.8125,1199.0625,0,0.9972242,404.0625,1391.25,0,1.0410068,390.0,1456.875,0,0.9633358,forward,121.77334436100651,1
2226,74.27420000000001,193.2520866394043,,,,,,,,,,,,,,,,,,,,460.3125,988.125,0,0.97974265,422.8125,1194.375,0,1.0045574,404.0625,1391.25,0,1.0481458,385.3125,1456.875,0,0.96405625,forward,121.031209748746,1
2227,74.30756666666667,192.95191764831543,,,,,,,,,,,,,,,,,,,,460.3125,988.125,0,0.97362626,422.8125,1194.375,0,1.000658,404.0625,1391.25,0,1.0423329,390.0,1456.875,0,0.9635463,forward,121.031209748746,1
2228,74.34093333333334,193.46904754638672,,,,,,,,,,,,,,,,,,,,460.3125,988.125,0,0.9793751,422.8125,1194.375,0,1.0080634,404.0625,1391.25,0,1.0502701,390.0,1456.875,0,0.9581237,forward,121.031209748746,1
2229,74.3743,193.79806518554688,,,,,,,,,,,,,,,,,,,,460.3125,988.125,0,0.97149694,422.8125,1194.375,0,1.0033537,404.0625,1391.25,0,1.0447032,390.0,1456.875,0,0.95904946,forward,121.031209748746,1
2230,74.40766666666667,193.36819648742676,,,,,,,,,,,,,,,,,,,,455.625,988.125,0,0.971241,422.8125,1194.375,0,1.0009184,404.0625,1391.25,0,1.0428925,385.3125,1456.875,0,0.9612869,forward,121.031209748746,1
2231,74.44103333333334,193.73798370361328,,,,,,,,,,,,,,,,,,,,460.3125,988.125,0,0.97150445,422.8125,1194.375,0,1.0019782,404.0625,1391.25,0,1.0445168,385.3125,1456.875,0,0.9600611,forward,121.031209748746,1
2232,74.4744,193.04299354553223,,,,,,,,,,,,,,,,,,,,460.3125,988.125,0,0.97669697,422.8125,1194.375,0,1.0068471,404.0625,1391.25,0,1.0493805,385.3125,1456.875,0,0.95676684,forward,121.031209748746,1
2233,74.50776666666667,194.0469741821289,,,,,,,,,,,,,,,,,,,,455.625,988.125,0,0.9711083,422.8125,1194.375,0,1.0013785,404.0625,1391.25,0,1.0406365,385.3125,1456.875,0,0.9521276,forward,121.031209748746,1
2234,74.54113333333333,193.18222999572754,,,,,,,,,,,,,,,,,,,,455.625,988.125,0,0.96843994,422.8125,1194.375,0,0.99906874,404.0625,1391.25,0,1.038208,385.3125,1456.875,0,0.94689155,forward,121.031209748746,1
2235,74.5745,193.61209869384766,,,,,,,,,,,,,,,,,,,,455.625,988.125,0,0.9619949,422.8125,1194.375,0,0.9939189,404.0625,1391.25,0,1.0313636,385.3125,1456.875,0,0.94723886,forward,121.031209748746,1
2236,74.60786666666667,193.59636306762695,,,,,,,,,,,,,,,,,,,,455.625,988.125,0,0.96483713,422.8125,1194.375,0,0.9975302,404.0625,1391.25,0,1.0350757,385.3125,1456.875,0,0.9453559,forward,121.031209748746,1
2237,74.64123333333333,192.824125289917,,,,,,,,,,,,,,,,,,,,455.625,988.125,0,0.9611654,422.8125,1194.375,0,0.994362,404.0625,1391.25,0,1.0311224,385.3125,1456.875,0,0.9431852,forward,121.031209748746,1
2238,74.6746,192.79789924621582,,,,,,,,,,,,,,,,,,,,455.625,988.125,0,0.9670168,422.8125,1194.375,0,0.99973845,404.0625,1391.25,0,1.0384083,385.3125,1456.875,0,0.9510322,forward,121.031209748746,1
2239,74.70796666666666,193.15314292907715,,,,,,,,,,,,,,,,,,,,460.3125,988.125,0,0.97613096,422.8125,1194.375,0,1.0009913,404.0625,1391.25,0,1.0433006,385.3125,1456.875,0,0.94985807,forward,121.031209748746,1
2240,74.74133333333333,192.9478645324707,,,,,,,,,,,,,,,,,,,,460.3125,992.8125,0,0.9787861,422.8125,1194.375,0,1.0017958,404.0625,1391.25,0,1.0423965,385.3125,1456.875,0,0.94465744,forward,118.48845767833538,1
2241,74.7747,192.9919719696045,,,,,,,,,,,,,,,,,,,,460.3125,992.8125,0,0.9767299,422.8125,1194.375,0,0.99699783,404.0625,1386.5625,0,1.0398214,385.3125,1456.875,0,0.9386319,forward,116.43313386318707,1
2242,74.80806666666666,194.55790519714355,,,,,,,,,,,,,,,,,,,,460.3125,992.8125,0,0.97789717,422.8125,1194.375,0,0.99699736,404.0625,1386.5625,0,1.0403475,390.0,1456.875,0,0.9369128,forward,116.43313386318707,1
2243,74.84143333333334,192.96979904174805,,,,,,,,,,,,,,,,,,,,460.3125,997.5,0,0.97540474,422.8125,1199.0625,0,0.9903116,404.0625,1386.5625,0,1.0367787,390.0,1456.875,0,0.9410641,forward,114.47844431915047,1
2244,74.87480000000001,190.80495834350586,,,,,,,,,,,,,,,,,,,,460.3125,997.5,0,0.9794525,422.8125,1199.0625,0,0.99342287,404.0625,1386.5625,0,1.0425181,390.0,1456.875,0,0.9302048,forward,114.47844431915047,1
2245,74.90816666666667,192.34609603881836,,,,,,,,,,,,,,,,,,,,460.3125,997.5,0,0.9846495,422.8125,1199.0625,0,0.99476445,404.0625,1386.5625,0,1.0400251,390.0,1456.875,0,0.9333388,forward,114.47844431915047,1
2246,74.94153333333334,189.51797485351562,,,,,,,,,,,,,,,,,,,,460.3125,997.5,0,0.982046,422.8125,1199.0625,0,0.99155927,404.0625,1386.5625,0,1.0339566,390.0,1456.875,0,0.92583036,forward,114.47844431915047,1
2247,74.9749,191.92981719970703,,,,,,,,,,,,,,,,,,,,460.3125,1002.1875,0,0.9858513,422.8125,1199.0625,0,0.9901939,404.0625,1391.25,0,1.0265573,390.0,1456.875,0,0.9306809,forward,114.08207484986028,1
2248,75.00826666666667,190.91510772705078,,,,,,,,,,,,,,,,,,,,460.3125,1002.1875,0,0.99376607,422.8125,1199.0625,0,0.99932694,404.0625,1391.25,0,1.0312085,390.0,1456.875,0,0.9103515,forward,114.08207484986028,1
2249,75.04163333333334,192.37208366394043,,,,,,,,,,,,,,,,,,,,460.3125,1006.875,0,0.9984859,418.125,1199.0625,0,1.00067,404.0625,1391.25,0,1.032887,390.0,1456.875,0,0.91986495,forward,111.88169574761292,1
2250,75.075,189.4538402557373,,,,,,,,,,,,,,,,,,,,460.3125,1006.875,0,0.99173087,418.125,1203.75,0,0.9982243,404.0625,1391.25,0,1.025629,390.0,1456.875,0,0.9100771,forward,112.12738530582368,1
2251,75.10836666666667,192.26694107055664,,,,,,,,,,,,,,,,,,,,460.3125,1011.5625,0,1.0018939,418.125,1203.75,0,1.0028975,404.0625,1391.25,0,1.0320897,390.0,1456.875,0,0.9130014,forward,109.92700620357633,1
2252,75.14173333333333,191.4820671081543,,,,,,,,,,,,,,,,,,,,460.3125,1016.25,0,1.0079961,418.125,1208.4375,0,1.0038501,404.0625,1391.25,0,1.03425,390.0,1456.875,0,0.90780675,forward,108.05747549367439,1
2253,75.1751,191.35379791259766,,,,,,,,,,,,,,,,,,,,460.3125,1020.9375,0,1.0127475,418.125,1208.4375,0,1.0095218,404.0625,1391.25,0,1.0388285,390.0,1461.5625,0,0.9158377,forward,105.97931373068096,1
2254,75.20846666666667,191.5137767791748,,,,,,,,,,,,,,,,,,,,460.3125,1030.3125,0,1.0221571,413.4375,1213.125,0,1.0152059,404.0625,1391.25,0,1.0407531,385.3125,1461.5625,0,0.91485107,forward,102.20627897442225,1
2255,75.24183333333333,191.3459300994873,,,,,,,,,,,,,,,,,,,,460.3125,1035.0,0,1.0139418,413.4375,1213.125,0,1.0062977,404.0625,1391.25,0,1.0306214,385.3125,1461.5625,0,0.91816753,forward,100.31550830174871,1
2256,75.2752,194.13399696350098,,,,,,,,,,,,,,,,,,,,460.3125,1035.0,0,1.0301712,413.4375,1213.125,0,1.0178688,404.0625,1391.25,0,1.0430152,385.3125,1461.5625,0,0.91873264,forward,100.31550830174871,1
2257,75.30856666666666,195.66988945007324,,,,,,,,,,,,,,,,,,,,460.3125,1035.0,0,1.023088,408.75,1217.8125,0,1.0211174,404.0625,1391.25,0,1.0372198,385.3125,1461.5625,0,0.9186212,forward,100.47349830928862,1
2258,75.34193333333333,190.63973426818848,,,,,,,,,,,,,,,,,,,,460.3125,1039.6875,0,1.0056741,408.75,1217.8125,0,1.0077281,404.0625,1391.25,0,1.025562,385.3125,1461.5625,0,0.9273364,forward,98.58272763661508,1
2259,75.3753,192.6131248474121,,,,,,,,,,,,,,,,,,,,460.3125,1044.375,0,1.0085909,408.75,1217.8125,0,1.0175138,404.0625,1391.25,0,1.0311859,385.3125,1461.5625,0,0.9285337,forward,96.76570284018293,1
2260,75.40866666666666,189.7437572479248,,,,,,,,,,,,,,,,,,,,465.0,1049.0625,0,0.9976394,408.75,1217.8125,0,1.0166037,404.0625,1391.25,0,1.0296097,385.3125,1461.5625,0,0.9253533,forward,95.01277248484898,1
2261,75.44203333333334,190.5817985534668,,,,,,,,,,,,,,,,,,,,465.0,1053.75,0,1.0018823,408.75,1217.8125,0,1.0240651,404.0625,1391.25,0,1.0398169,385.3125,1461.5625,0,0.9275538,forward,93.3161091798252,1
2262,75.47540000000001,190.49620628356934,,,,,,,,,,,,,,,,,,,,460.3125,1058.4375,0,0.9823751,404.0625,1222.5,0,1.016512,404.0625,1391.25,0,1.028164,385.3125,1461.5625,0,0.93868464,forward,91.63917559681812,1
2263,75.50876666666667,190.31095504760742,,,,,,,,,,,,,,,,,,,,460.3125,1063.125,0,0.9737394,404.0625,1222.5,0,1.0159667,404.0625,1391.25,0,1.0281343,385.3125,1461.5625,0,0.9353731,forward,89.9923248148634,1
2264,75.54213333333334,190.38915634155273,,,,,,,,,,,,,,,,,,,,460.3125,1067.8125,0,0.9778501,404.0625,1222.5,0,1.0194511,404.0625,1391.25,0,1.0291249,385.3125,1461.5625,0,0.93524194,forward,88.38988288461795,1
2265,75.5755,189.70108032226562,,,,,,,,,,,,,,,,,,,,460.3125,1067.8125,0,0.960909,399.375,1222.5,0,1.0072657,404.0625,1391.25,0,1.0154731,385.3125,1461.5625,0,0.9374912,forward,88.38988288461795,1
2266,75.60886666666667,190.88101387023926,,,,,,,,,,,,,,,,,,,,460.3125,1072.5,0,0.9603374,399.375,1227.1875,0,1.003551,404.0625,1391.25,0,1.0177939,385.3125,1461.5625,0,0.932021,forward,86.76240312920132,1
2267,75.64223333333334,191.14184379577637,,,,,,,,,,,,,,,,,,,,460.3125,1077.1875,0,0.9684727,399.375,1227.1875,0,1.0055496,404.0625,1391.25,0,1.0224893,385.3125,1456.875,0,0.93542504,forward,85.199806726086,1
2268,75.6756,191.87402725219727,,,,,,,,,,,,,,,,,,,,460.3125,1081.875,0,0.97791076,399.375,1227.1875,0,1.0120741,404.0625,1391.25,0,1.0342667,385.3125,1456.875,0,0.93174636,forward,83.6731357240964,1
2269,75.70896666666667,193.88198852539062,,,,,,,,,,,,,,,,,,,,460.3125,1086.5625,0,0.96239436,399.375,1227.1875,0,0.99247646,404.0625,1391.25,0,1.0101602,385.3125,1461.5625,0,0.9305367,forward,82.17900479130083,1
2270,75.74233333333333,187.2551441192627,,,,,,,,,,,,,,,,,,,,460.3125,1086.5625,0,0.9521324,399.375,1227.1875,0,0.9911221,404.0625,1391.25,0,1.0078651,385.3125,1461.5625,0,0.92205274,forward,82.17900479130083,1
2271,75.7757,187.46590614318848,,,,,,,,,,,,,,,,,,,,460.3125,1091.25,0,0.9590289,399.375,1227.1875,0,0.99102265,404.0625,1391.25,0,1.0131603,385.3125,1461.5625,0,0.924106,forward,80.71446125354308,1
2272,75.80906666666667,199.75996017456055,,,,,,,,,,,,,,,,,,,,455.625,1091.25,0,0.9452847,399.375,1227.1875,0,0.97547954,404.0625,1391.25,0,1.0015868,385.3125,1461.5625,0,0.9185785,forward,80.71446125354308,1
2273,75.84243333333333,195.8138942718506,,,,,,,,,,,,,,,,,,,,460.3125,1095.9375,0,0.9522933,399.375,1231.875,0,0.98143536,404.0625,1391.25,0,1.0090232,385.3125,1461.5625,0,0.91636145,forward,79.13110181167752,1
2274,75.8758,196.09689712524414,,,,,,,,,,,,,,,,,,,,460.3125,1095.9375,0,0.9500139,399.375,1231.875,0,0.975856,404.0625,1391.25,0,0.9998142,385.3125,1461.5625,0,0.92168134,forward,79.13110181167752,1
2275,75.90916666666666,195.61505317687988,,,,,,,,,,,,,,,,,,,,460.3125,1100.625,0,0.95730036,399.375,1231.875,0,0.98514384,404.0625,1386.5625,0,1.0104533,385.3125,1456.875,0,0.9243368,forward,76.14978115437437,1
2276,75.94253333333333,196.0000991821289,,,,,,,,,,,,,,,,,,,,460.3125,1100.625,0,0.9512378,399.375,1231.875,0,0.9816189,404.0625,1386.5625,0,1.0089438,385.3125,1456.875,0,0.92078465,forward,76.14978115437437,1
2277,75.9759,194.07296180725098,,,,,,,,,,,,,,,,,,,,460.3125,1105.3125,0,0.95057505,399.375,1231.875,0,0.9772544,404.0625,1386.5625,0,1.0050304,385.3125,1461.5625,0,0.92247814,forward,74.73691855139094,1
2278,76.00926666666666,195.8627700805664,,,,,,,,,,,,,,,,,,,,460.3125,1105.3125,0,0.9564964,399.375,1231.875,0,0.9847579,404.0625,1386.5625,0,1.0128798,385.3125,1456.875,0,0.9269843,forward,74.73691855139094,1
2279,76.04263333333334,195.80078125,,,,,,,,,,,,,,,,,,,,460.3125,1110.0,0,0.9269525,399.375,1231.875,0,0.9543647,404.0625,1386.5625,0,0.99091935,385.3125,1461.5625,0,0.92034376,forward,73.3467048917542,1
2280,76.07600000000001,195.41096687316895,,,,,,,,,,,,,,,,,,,,460.3125,1114.6875,0,0.94887424,399.375,1231.875,0,0.9797971,404.0625,1386.5625,0,1.0155591,385.3125,1456.875,0,0.9268987,forward,71.97729894026293,1
2281,76.10936666666667,194.20814514160156,,,,,,,,,,,,,,,,,,,,460.3125,1114.6875,0,0.9348492,399.375,1231.875,0,0.96741056,404.0625,1386.5625,0,1.00054,385.3125,1456.875,0,0.93071204,forward,71.97729894026293,1
2282,76.14273333333334,189.91422653198242,,,,,,,,,,,,,,,,,,,,460.3125,1114.6875,0,0.9452659,399.375,1236.5625,0,0.9827571,404.0625,1386.5625,0,1.0112283,385.3125,1456.875,0,0.9339594,forward,71.83864853276222,1
2283,76.1761,189.2399787902832,,,,,,,,,,,,,,,,,,,,460.3125,1114.6875,0,0.9463483,399.375,1236.5625,0,0.9866065,408.75,1386.5625,0,1.009768,385.3125,1456.875,0,0.93391705,forward,71.83864853276222,1
2284,76.20946666666667,189.76187705993652,,,,,,,,,,,,,,,,,,,,460.3125,1114.6875,0,0.94832635,399.375,1236.5625,0,0.9868657,404.0625,1386.5625,0,1.015616,385.3125,1456.875,0,0.93380255,forward,71.83864853276222,1
2285,76.24283333333334,190.6569004058838,,,,,,,,,,,,,,,,,,,,460.3125,1114.6875,0,0.9463656,399.375,1236.5625,0,0.9841054,408.75,1386.5625,0,1.0099277,385.3125,1456.875,0,0.93148005,forward,71.83864853276222,1
2286,76.2762,190.95301628112793,,,,,,,,,,,,,,,,,,,,460.3125,1114.6875,0,0.95671844,399.375,1236.5625,0,0.9954391,408.75,1386.5625,0,1.0154774,385.3125,1456.875,0,0.9355918,forward,71.83864853276222,1
2287,76.30956666666667,190.80185890197754,,,,,,,,,,,,,,,,,,,,460.3125,1114.6875,0,0.9453304,399.375,1236.5625,0,0.981771,408.75,1386.5625,0,1.006552,385.3125,1461.5625,0,0.9329233,forward,71.83864853276222,1
2288,76.34293333333333,190.1400089263916,,,,,,,,,,,,,,,,,,,,460.3125,1110.0,0,0.9683611,399.375,1236.5625,0,0.997972,408.75,1386.5625,0,1.024929,385.3125,1456.875,0,0.93645275,forward,73.22886219239896,1
2289,76.3763,190.42491912841797,,,,,,,,,,,,,,,,,,,,460.3125,1105.3125,0,0.9578117,399.375,1236.5625,0,0.9990269,408.75,1386.5625,0,1.0184381,385.3125,1456.875,0,0.9317422,forward,74.6417247953824,1
2290,76.40966666666667,191.0698413848877,,,,,,,,,,,,,,,,,,,,460.3125,1105.3125,0,0.9667649,399.375,1236.5625,0,1.0029678,408.75,1386.5625,0,1.020608,385.3125,1456.875,0,0.92837226,forward,74.6417247953824,1
2291,76.44303333333333,190.60802459716797,,,,,,,,,,,,,,,,,,,,460.3125,1100.625,0,0.94544697,399.375,1236.5625,0,0.9789573,408.75,1391.25,0,0.99751735,385.3125,1461.5625,0,0.9145965,forward,77.58733300100802,1
2292,76.4764,190.36293029785156,,,,,,,,,,,,,,,,,,,,465.0,1095.9375,0,0.945492,399.375,1236.5625,0,0.984933,404.0625,1391.25,0,0.99666524,380.625,1461.5625,0,0.9090611,forward,79.05187653876578,1
2293,76.50976666666666,190.34218788146973,,,,,,,,,,,,,,,,,,,,465.0,1091.25,0,0.9519562,399.375,1236.5625,0,0.9956517,404.0625,1391.25,0,0.9991108,380.625,1461.5625,0,0.91309345,forward,80.54600747156134,1
2294,76.54313333333333,190.3829574584961,,,,,,,,,,,,,,,,,,,,465.0,1086.5625,0,0.96279776,399.375,1231.875,0,1.0080223,404.0625,1391.25,0,1.0104605,380.625,1461.5625,0,0.92405236,forward,82.08977628223084,1
2295,76.5765,190.75393676757812,,,,,,,,,,,,,,,,,,,,465.0,1081.875,0,0.96236074,399.375,1231.875,0,1.0097953,404.0625,1391.25,0,1.0087142,385.3125,1461.5625,0,0.92375904,forward,83.61644728422044,1
2296,76.60986666666666,191.1311149597168,,,,,,,,,,,,,,,,,,,,465.0,1077.1875,0,0.9637915,399.375,1231.875,0,1.0124954,404.0625,1391.25,0,1.0045145,385.3125,1461.5625,0,0.9301292,forward,85.17904368733576,1
2297,76.64323333333334,190.79995155334473,,,,,,,,,,,,,,,,,,,,465.0,1072.5,0,0.9580543,404.0625,1227.1875,0,1.0073818,404.0625,1391.25,0,1.0032353,385.3125,1461.5625,0,0.9291776,forward,86.76240312920132,1
2298,76.67660000000001,190.73987007141113,,,,,,,,,,,,,,,,,,,,465.0,1063.125,0,0.9554736,404.0625,1222.5,0,1.0039698,404.0625,1391.25,0,1.0048763,385.3125,1461.5625,0,0.9326203,forward,89.9923248148634,1
2299,76.70996666666667,190.6111240386963,,,,,,,,,,,,,,,,,,,,465.0,1058.4375,0,0.9892529,404.0625,1217.8125,0,1.0233264,404.0625,1386.5625,0,1.0309757,385.3125,1461.5625,0,0.9256371,forward,89.9923248148634,1
2300,76.74333333333334,191.9238567352295,,,,,,,,,,,,,,,,,,,,465.0,1053.75,0,0.99291265,404.0625,1213.125,0,1.0184213,404.0625,1391.25,0,1.0302536,385.3125,1461.5625,0,0.923213,forward,93.40203906300411,1
2301,76.7767,191.7092800140381,,,,,,,,,,,,,,,,,,,,465.0,1044.375,0,1.0038036,404.0625,1213.125,0,1.0240477,404.0625,1391.25,0,1.0344768,385.3125,1461.5625,0,0.92947185,forward,96.74555314998261,1
2302,76.81006666666667,190.70982933044434,,,,,,,,,,,,,,,,,,,,465.0,1044.375,0,1.0080998,404.0625,1208.4375,0,1.0215225,404.0625,1391.25,0,1.0366595,385.3125,1461.5625,0,0.9268602,forward,96.84526557963247,1
2303,76.84343333333334,192.88396835327148,,,,,,,,,,,,,,,,,,,,465.0,1039.6875,0,1.0390861,408.75,1208.4375,0,1.0364295,404.0625,1386.5625,0,1.0565882,385.3125,1456.875,0,0.9194542,forward,96.74555314998261,1
2304,76.8768,187.3910427093506,,,,,,,,,,,,,,,,,,,,465.0,1030.3125,0,1.0344043,408.75,1203.75,0,1.0264955,404.0625,1391.25,0,1.0548248,385.3125,1461.5625,0,0.91686654,forward,102.16438994989213,1
2305,76.91016666666667,186.32817268371582,,,,,,,,,,,,,,,,,,,,460.3125,1030.3125,0,1.0180051,408.75,1203.75,0,1.0165405,404.0625,1391.25,0,1.0421574,385.3125,1461.5625,0,0.9247152,forward,102.16438994989213,1
2306,76.94353333333333,189.41211700439453,,,,,,,,,,,,,,,,,,,,465.0,1020.9375,0,1.006322,408.75,1199.0625,0,1.0063812,404.0625,1391.25,0,1.0292116,385.3125,1461.5625,0,0.9191041,forward,105.93610429036087,1
2307,76.9769,192.2609806060791,,,,,,,,,,,,,,,,,,,,465.0,1016.25,0,1.017156,413.4375,1199.0625,0,1.014915,404.0625,1391.25,0,1.0300981,385.3125,1456.875,0,0.9042005,forward,107.82687496303441,1
2308,77.01026666666667,197.0689296722412,,,,,,,,,,,,,,,,,,,,465.0,1011.5625,0,1.0063707,413.4375,1199.0625,0,1.005403,404.0625,1391.25,0,1.0241919,385.3125,1461.5625,0,0.9073671,forward,109.80353398461949,1
2309,77.04363333333333,188.60888481140137,,,,,,,,,,,,,,,,,,,,465.0,1006.875,0,1.0060666,413.4375,1199.0625,0,1.0024246,404.0625,1386.5625,0,1.0242474,390.0,1456.875,0,0.9088446,forward,109.92700620357633,1
2310,77.077,190.69290161132812,,,,,,,,,,,,,,,,,,,,465.0,1006.875,0,0.99003124,418.125,1194.375,0,0.9901687,404.0625,1386.5625,0,1.0194788,390.0,1461.5625,0,0.91813266,forward,109.80353398461949,1
2311,77.11036666666666,189.9571418762207,,,,,,,,,,,,,,,,,,,,465.0,1002.1875,0,0.9989625,418.125,1194.375,0,1.0032325,404.0625,1386.5625,0,1.0315123,390.0,1456.875,0,0.9272374,forward,111.88169574761292,1
2312,77.14373333333333,189.4230842590332,,,,,,,,,,,,,,,,,,,,465.0,1002.1875,0,0.9935511,418.125,1194.375,0,0.9990231,404.0625,1391.25,0,1.0323002,390.0,1456.875,0,0.92278194,forward,113.93701956276124,1
2313,77.1771,189.208984375,,,,,,,,,,,,,,,,,,,,465.0,997.5,0,0.9947239,422.8125,1194.375,0,1.0075299,404.0625,1386.5625,0,1.0390729,390.0,1456.875,0,0.9272138,forward,114.08207484986028,1
2314,77.21046666666666,194.97203826904297,,,,,,,,,,,,,,,,,,,,465.0,997.5,0,0.98585904,422.8125,1194.375,0,0.997123,404.0625,1386.5625,0,1.0349076,390.0,1456.875,0,0.93275654,forward,114.08207484986028,1
2315,77.24383333333334,193.2809352874756,,,,,,,,,,,,,,,,,,,,465.0,992.8125,0,0.99132836,422.8125,1194.375,0,1.0048532,404.0625,1386.5625,0,1.0428263,390.0,1456.875,0,0.93338495,forward,116.43313386318707,1
2316,77.27720000000001,193.8159465789795,,,,,,,,,,,,,,,,,,,,460.3125,992.8125,0,0.9832847,422.8125,1194.375,0,1.0024761,404.0625,1386.5625,0,1.036477,390.0,1456.875,0,0.9432508,forward,116.43313386318707,1
2317,77.31056666666667,193.50099563598633,,,,,,,,,,,,,,,,,,,,460.3125,992.8125,0,0.97956604,422.8125,1194.375,0,1.0007205,404.0625,1386.5625,0,1.036833,390.0,1456.875,0,0.9442746,forward,116.43313386318707,1
2318,77.34393333333334,193.35603713989258,,,,,,,,,,,,,,,,,,,,460.3125,992.8125,0,0.98789406,422.8125,1194.375,0,1.0080148,404.0625,1386.5625,0,1.0436456,390.0,1456.875,0,0.9447888,forward,116.43313386318707,1
2319,77.3773,192.9469108581543,,,,,,,,,,,,,,,,,,,,460.3125,992.8125,0,0.9834319,422.8125,1194.375,0,1.0051503,404.0625,1386.5625,0,1.0409769,385.3125,1456.875,0,0.9439117,forward,116.43313386318707,1
2320,77.41066666666667,196.69294357299805,,,,,,,,,,,,,,,,,,,,460.3125,992.8125,0,0.9832178,422.8125,1194.375,0,1.0060123,404.0625,1391.25,0,1.0436946,390.0,1456.875,0,0.9450276,forward,118.48845767833538,1
2321,77.44403333333334,195.512056350708,,,,,,,,,,,,,,,,,,,,460.3125,992.8125,0,0.9745045,422.8125,1194.375,0,1.0014898,404.0625,1386.5625,0,1.0395746,390.0,1456.875,0,0.9498062,forward,116.43313386318707,1
2322,77.4774,195.20998001098633,,,,,,,,,,,,,,,,,,,,460.3125,988.125,0,0.9718759,422.8125,1194.375,0,1.0006891,404.0625,1386.5625,0,1.0406435,390.0,1456.875,0,0.9484864,forward,118.97588593359768,1
2323,77.51076666666667,194.69785690307617,,,,,,,,,,,,,,,,,,,,460.3125,988.125,0,0.9662076,422.8125,1194.375,0,0.9961935,404.0625,1386.5625,0,1.0338521,390.0,1456.875,0,0.94581795,forward,118.97588593359768,1
2324,77.54413333333333,196.1231231689453,,,,,,,,,,,,,,,,,,,,460.3125,988.125,0,0.9710969,422.8125,1194.375,0,1.0003328,404.0625,1386.5625,0,1.0381467,385.3125,1456.875,0,0.9412197,forward,118.97588593359768,1
2325,77.5775,198.37689399719238,,,,,,,,,,,,,,,,,,,,455.625,988.125,0,0.95878625,422.8125,1194.375,0,0.99045515,404.0625,1386.5625,0,1.0303216,385.3125,1456.875,0,0.9469571,forward,118.97588593359768,1
2326,77.61086666666667,196.9320774078369,,,,,,,,,,,,,,,,,,,,455.625,988.125,0,0.9565396,422.8125,1194.375,0,0.9883127,404.0625,1386.5625,0,1.0268365,385.3125,1456.875,0,0.9467344,forward,118.97588593359768,1
2327,77.64423333333333,197.07226753234863,,,,,,,,,,,,,,,,,,,,455.625,988.125,0,0.9615447,422.8125,1194.375,0,0.9950533,404.0625,1386.5625,0,1.0308149,385.3125,1456.875,0,0.9495741,forward,118.97588593359768,1
2328,77.6776,196.6569423675537,,,,,,,,,,,,,,,,,,,,455.625,988.125,0,0.9620025,422.8125,1194.375,0,0.9946904,404.0625,1386.5625,0,1.0307658,385.3125,1456.875,0,0.9447348,forward,118.97588593359768,1
2329,77.71096666666666,198.12703132629395,,,,,,,,,,,,,,,,,,,,455.625,992.8125,0,0.9499707,422.8125,1194.375,0,0.98373556,404.0625,1386.5625,0,1.0207782,390.0,1456.875,0,0.93791807,forward,116.43313386318707,1
2330,77.74433333333333,197.00288772583008,,,,,,,,,,,,,,,,,,,,455.625,992.8125,0,0.94543374,422.8125,1194.375,0,0.9793346,404.0625,1391.25,0,1.0175433,390.0,1456.875,0,0.93678486,forward,118.48845767833538,1
2331,77.7777,197.13616371154785,,,,,,,,,,,,,,,,,,,,455.625,992.8125,0,0.9460762,418.125,1194.375,0,0.9781506,404.0625,1391.25,0,1.0174675,390.0,1461.5625,0,0.93478316,forward,118.48845767833538,1
2332,77.81106666666666,196.45309448242188,,,,,,,,,,,,,,,,,,,,455.625,988.125,0,0.96080613,422.8125,1194.375,0,0.9933159,404.0625,1386.5625,0,1.0280344,390.0,1456.875,0,0.94111663,forward,118.97588593359768,1
2333,77.84443333333334,197.05510139465332,,,,,,,,,,,,,,,,,,,,455.625,988.125,0,0.9546982,422.8125,1194.375,0,0.98898494,404.0625,1391.25,0,1.0261295,390.0,1456.875,0,0.94218624,forward,121.031209748746,1
2334,77.87780000000001,198.6391544342041,,,,,,,,,,,,,,,,,,,,455.625,988.125,0,0.9556234,422.8125,1194.375,0,0.9895692,404.0625,1391.25,0,1.0273136,390.0,1456.875,0,0.94192237,forward,121.031209748746,1
2335,77.91116666666667,196.9127655029297,,,,,,,,,,,,,,,,,,,,455.625,988.125,0,0.95411617,422.8125,1194.375,0,0.9895618,404.0625,1386.5625,0,1.0281602,390.0,1456.875,0,0.9427295,forward,118.97588593359768,1
2336,77.94453333333334,197.38292694091797,,,,,,,,,,,,,,,,,,,,455.625,988.125,0,0.9624958,422.8125,1194.375,0,0.9948698,404.0625,1386.5625,0,1.0333958,390.0,1456.875,0,0.93830585,forward,118.97588593359768,1
2337,77.9779,197.5271701812744,,,,,,,,,,,,,,,,,,,,455.625,992.8125,0,0.95863485,422.8125,1194.375,0,0.99106455,404.0625,1391.25,0,1.0291767,390.0,1456.875,0,0.94041824,forward,118.48845767833538,1
2338,78.01126666666667,197.42202758789062,,,,,,,,,,,,,,,,,,,,455.625,992.8125,0,0.96349657,418.125,1194.375,0,0.99195874,404.0625,1391.25,0,1.0336137,390.0,1456.875,0,0.943696,forward,118.48845767833538,1
2339,78.04463333333334,195.6639289855957,,,,,,,,,,,,,,,,,,,,455.625,992.8125,0,0.9741372,418.125,1194.375,0,0.9984496,404.0625,1386.5625,0,1.038723,385.3125,1456.875,0,0.9459297,forward,116.43313386318707,1
2340,78.078,195.96076011657715,,,,,,,,,,,,,,,,,,,,460.3125,992.8125,0,0.9790344,418.125,1194.375,0,1.0019639,404.0625,1391.25,0,1.0431143,385.3125,1456.875,0,0.9422726,forward,118.48845767833538,1
2341,78.11136666666667,195.8448886871338,,,,,,,,,,,,,,,,,,,,460.3125,992.8125,0,0.9853705,418.125,1194.375,0,1.0015478,404.0625,1391.25,0,1.0444112,385.3125,1456.875,0,0.9486151,forward,118.48845767833538,1
2342,78.14473333333333,194.74005699157715,,,,,,,,,,,,,,,,,,,,460.3125,997.5,0,0.98979247,418.125,1194.375,0,0.99897796,404.0625,1391.25,0,1.0441256,385.3125,1456.875,0,0.93385804,forward,116.13739866500859,1
2343,78.1781,194.95606422424316,,,,,,,,,,,,,,,,,,,,460.3125,997.5,0,0.9850006,418.125,1194.375,0,0.9979749,404.0625,1391.25,0,1.0390966,385.3125,1456.875,0,0.92631954,forward,116.13739866500859,1
2344,78.21146666666667,194.81515884399414,,,,,,,,,,,,,,,,,,,,460.3125,1002.1875,0,0.99691445,418.125,1199.0625,0,1.0014867,404.0625,1391.25,0,1.0408309,385.3125,1456.875,0,0.921458,forward,114.08207484986028,1
2345,78.24483333333333,196.23708724975586,,,,,,,,,,,,,,,,,,,,460.3125,1006.875,0,0.98383665,418.125,1203.75,0,0.9833211,404.0625,1391.25,0,1.0287194,385.3125,1461.5625,0,0.92126846,forward,112.12738530582368,1
2346,78.2782,195.3122615814209,,,,,,,,,,,,,,,,,,,,460.3125,1011.5625,0,0.99051565,413.4375,1203.75,0,0.98903567,404.0625,1391.25,0,1.0314687,385.3125,1461.5625,0,0.91628253,forward,109.92700620357633,1
2347,78.31156666666666,194.75317001342773,,,,,,,,,,,,,,,,,,,,460.3125,1016.25,0,0.9920871,413.4375,1208.4375,0,0.98843086,404.0625,1391.25,0,1.033999,385.3125,1461.5625,0,0.91928303,forward,108.05747549367439,1
2348,78.34493333333333,195.54400444030762,,,,,,,,,,,,,,,,,,,,460.3125,1011.5625,0,0.996438,413.4375,1203.75,0,0.99376196,404.0625,1391.25,0,1.0275849,385.3125,1461.5625,0,0.9029096,forward,109.92700620357633,1
2349,78.3783,195.6043243408203,,,,,,,,,,,,,,,,,,,,460.3125,1020.9375,0,0.9891969,413.4375,1208.4375,0,0.98841274,404.0625,1391.25,0,1.0304806,385.3125,1461.5625,0,0.90961635,forward,105.97931373068096,1
2350,78.41166666666666,195.0547695159912,,,,,,,,,,,,,,,,,,,,460.3125,1025.625,0,0.9972472,408.75,1213.125,0,0.9927877,404.0625,1391.25,0,1.033202,385.3125,1461.5625,0,0.91961086,forward,104.18293799600733,1
2351,78.44503333333334,195.2979564666748,,,,,,,,,,,,,,,,,,,,460.3125,1030.3125,0,1.0016811,408.75,1213.125,0,1.0018668,404.0625,1391.25,0,1.0329268,385.3125,1461.5625,0,0.9205798,forward,102.20627897442225,1
2352,78.47840000000001,195.05977630615234,,,,,,,,,,,,,,,,,,,,460.3125,1030.3125,0,1.0013463,408.75,1213.125,0,1.0041386,404.0625,1391.25,0,1.0329498,385.3125,1461.5625,0,0.9186176,forward,102.20627897442225,1
2353,78.51176666666667,196.79617881774902,,,,,,,,,,,,,,,,,,,,460.3125,1035.0,0,1.0202353,408.75,1213.125,0,1.0194799,404.0625,1391.25,0,1.0416913,385.3125,1461.5625,0,0.91307926,forward,100.31550830174871,1
2354,78.54513333333334,196.1359977722168,,,,,,,,,,,,,,,,,,,,460.3125,1035.0,0,1.000537,408.75,1213.125,0,1.0105383,404.0625,1391.25,0,1.0247414,385.3125,1461.5625,0,0.9221463,forward,100.31550830174871,1
2355,78.5785,195.95694541931152,,,,,,,,,,,,,,,,,,,,465.0,1044.375,0,1.0059062,408.75,1217.8125,0,1.0133729,404.0625,1391.25,0,1.0235627,385.3125,1461.5625,0,0.9215544,forward,96.76570284018293,1
2356,78.61186666666667,194.87285614013672,,,,,,,,,,,,,,,,,,,,465.0,1049.0625,0,0.9994722,408.75,1217.8125,0,1.0106826,404.0625,1391.25,0,1.02216,385.3125,1461.5625,0,0.9216621,forward,95.01277248484898,1
2357,78.64523333333334,195.2340602874756,,,,,,,,,,,,,,,,,,,,465.0,1053.75,0,1.006716,408.75,1217.8125,0,1.023068,404.0625,1391.25,0,1.0344579,385.3125,1461.5625,0,0.9239387,forward,93.3161091798252,1
2358,78.6786,195.73307037353516,,,,,,,,,,,,,,,,,,,,465.0,1058.4375,0,0.9961587,404.0625,1222.5,0,1.0208628,404.0625,1391.25,0,1.0302362,385.3125,1461.5625,0,0.9283956,forward,91.63917559681812,1
2359,78.71196666666667,195.18804550170898,,,,,,,,,,,,,,,,,,,,465.0,1063.125,0,0.97964406,404.0625,1222.5,0,1.0165417,404.0625,1391.25,0,1.025703,385.3125,1461.5625,0,0.92706764,forward,89.9923248148634,1
2360,78.74533333333333,196.8529224395752,,,,,,,,,,,,,,,,,,,,465.0,1067.8125,0,0.9821719,404.0625,1227.1875,0,1.0196347,404.0625,1391.25,0,1.026407,385.3125,1461.5625,0,0.9270023,forward,88.36484505944676,1
2361,78.7787,195.70207595825195,,,,,,,,,,,,,,,,,,,,465.0,1077.1875,0,0.9904706,399.375,1227.1875,0,1.0321057,404.0625,1391.25,0,1.038252,385.3125,1461.5625,0,0.9168408,forward,85.199806726086,1
2362,78.81206666666667,196.1650848388672,,,,,,,,,,,,,,,,,,,,465.0,1077.1875,0,0.97121775,399.375,1231.875,0,1.0124711,404.0625,1391.25,0,1.0193523,385.3125,1461.5625,0,0.9267322,forward,85.17904368733576,1
2363,78.84543333333333,207.46707916259766,,,,,,,,,,,,,,,,,,,,465.0,1081.875,0,0.9678302,399.375,1231.875,0,1.005907,404.0625,1391.25,0,1.01777,385.3125,1461.5625,0,0.925652,forward,83.61644728422044,1
2364,78.8788,193.06397438049316,,,,,,,,,,,,,,,,,,,,465.0,1086.5625,0,0.9664599,399.375,1231.875,0,1.0019842,404.0625,1391.25,0,1.0087796,385.3125,1461.5625,0,0.9203658,forward,82.08977628223084,1
2365,78.91216666666666,203.9930820465088,,,,,,,,,,,,,,,,,,,,465.0,1091.25,0,0.97367203,399.375,1231.875,0,1.0065854,404.0625,1391.25,0,1.0206718,385.3125,1456.875,0,0.9167212,forward,80.5956453494353,1
2366,78.94553333333333,197.62897491455078,,,,,,,,,,,,,,,,,,,,460.3125,1095.9375,0,0.9405476,399.375,1231.875,0,0.96912706,404.0625,1391.25,0,0.985233,385.3125,1461.5625,0,0.91270196,forward,79.13110181167752,1
2367,78.9789,201.31492614746094,,,,,,,,,,,,,,,,,,,,460.3125,1095.9375,0,0.94177675,394.6875,1231.875,0,0.9671139,404.0625,1391.25,0,0.98740745,380.625,1461.5625,0,0.91154635,forward,79.13110181167752,1
2368,79.01226666666666,196.80404663085938,,,,,,,,,,,,,,,,,,,,460.3125,1095.9375,0,0.9415859,394.6875,1231.875,0,0.9705756,404.0625,1386.5625,0,0.9945466,385.3125,1461.5625,0,0.92298186,forward,77.58733300100802,1
2369,79.04563333333334,197.53098487854004,,,,,,,,,,,,,,,,,,,,460.3125,1100.625,0,0.9554042,394.6875,1231.875,0,0.98352575,404.0625,1386.5625,0,1.01309,385.3125,1456.875,0,0.92958343,forward,76.14978115437437,1
2370,79.07900000000001,196.85983657836914,,,,,,,,,,,,,,,,,,,,460.3125,1105.3125,0,0.9545175,394.6875,1231.875,0,0.9756881,404.0625,1386.5625,0,1.0095263,385.3125,1456.875,0,0.92796636,forward,74.73691855139094,1
2371,79.11236666666667,196.82884216308594,,,,,,,,,,,,,,,,,,,,460.3125,1105.3125,0,0.936334,394.6875,1231.875,0,0.9666299,404.0625,1386.5625,0,0.99515057,385.3125,1461.5625,0,0.92437357,forward,74.73691855139094,1
2372,79.14573333333334,196.74396514892578,,,,,,,,,,,,,,,,,,,,460.3125,1110.0,0,0.935897,399.375,1231.875,0,0.9637282,404.0625,1386.5625,0,0.994069,385.3125,1456.875,0,0.9332674,forward,73.3467048917542,1
2373,79.1791,196.61307334899902,,,,,,,,,,,,,,,,,,,,460.3125,1110.0,0,0.96808696,399.375,1231.875,0,0.9981037,404.0625,1381.875,0,1.0219476,385.3125,1456.875,0,0.93730414,forward,71.83864853276222,1
2374,79.21246666666667,199.97406005859375,,,,,,,,,,,,,,,,,,,,460.3125,1110.0,0,0.94509506,399.375,1231.875,0,0.9816966,404.0625,1386.5625,0,1.0052106,385.3125,1456.875,0,0.9350311,forward,73.3467048917542,1
2375,79.24583333333334,197.12114334106445,,,,,,,,,,,,,,,,,,,,460.3125,1110.0,0,0.9423716,394.6875,1236.5625,0,0.9819281,408.75,1386.5625,0,1.0026784,385.3125,1456.875,0,0.9349604,forward,73.22886219239896,1
2376,79.2792,200.3610134124756,,,,,,,,,,,,,,,,,,,,460.3125,1110.0,0,0.954818,394.6875,1236.5625,0,0.9931196,408.75,1386.5625,0,1.0139563,385.3125,1456.875,0,0.93917537,forward,73.22886219239896,1
2377,79.31256666666667,196.73967361450195,,,,,,,,,,,,,,,,,,,,460.3125,1110.0,0,0.9611658,399.375,1231.875,0,0.995548,408.75,1381.875,0,1.0193136,385.3125,1456.875,0,0.93909955,forward,71.83864853276222,1
2378,79.34593333333333,197.47209548950195,,,,,,,,,,,,,,,,,,,,460.3125,1110.0,0,0.9670452,399.375,1231.875,0,0.99436665,408.75,1386.5625,0,1.0235298,385.3125,1456.875,0,0.93002164,forward,73.3467048917542,1
2379,79.3793,196.77472114562988,,,,,,,,,,,,,,,,,,,,460.3125,1105.3125,0,0.94463426,394.6875,1236.5625,0,0.96867895,404.0625,1386.5625,0,0.9988104,380.625,1461.5625,0,0.9286431,forward,74.6417247953824,1
2380,79.41266666666667,197.3550319671631,,,,,,,,,,,,,,,,,,,,460.3125,1105.3125,0,0.95716107,399.375,1231.875,0,0.98474586,404.0625,1386.5625,0,1.01207,380.625,1461.5625,0,0.9213678,forward,74.73691855139094,1
2381,79.44603333333333,196.84672355651855,,,,,,,,,,,,,,,,,,,,460.3125,1095.9375,0,0.95729357,399.375,1236.5625,0,0.9936465,404.0625,1386.5625,0,1.010143,380.625,1461.5625,0,0.91810316,forward,77.5438201797738,1
2382,79.4794,197.27826118469238,,,,,,,,,,,,,,,,,,,,460.3125,1091.25,0,0.9766053,399.375,1236.5625,0,1.01179,408.75,1386.5625,0,1.026645,380.625,1461.5625,0,0.90992343,forward,79.03795111256937,1
2383,79.51276666666666,196.72489166259766,,,,,,,,,,,,,,,,,,,,460.3125,1086.5625,0,0.9632258,399.375,1231.875,0,1.0026255,404.0625,1391.25,0,1.0079752,380.625,1461.5625,0,0.9185523,forward,82.08977628223084,1
2384,79.54613333333333,197.1139907836914,,,,,,,,,,,,,,,,,,,,460.3125,1077.1875,0,0.97862947,399.375,1231.875,0,1.01616,404.0625,1391.25,0,1.0177789,385.3125,1461.5625,0,0.9273659,forward,85.17904368733576,1
2385,79.5795,197.20911979675293,,,,,,,,,,,,,,,,,,,,460.3125,1067.8125,0,0.9753487,399.375,1227.1875,0,1.0199567,404.0625,1391.25,0,1.0177674,385.3125,1461.5625,0,0.9346122,forward,88.36484505944676,1
2386,79.61286666666666,199.14484024047852,,,,,,,,,,,,,,,,,,,,465.0,1058.4375,0,1.0019616,404.0625,1222.5,0,1.0385382,404.0625,1391.25,0,1.0400069,385.3125,1461.5625,0,0.9282768,forward,91.63917559681812,1
2387,79.64623333333333,198.90713691711426,,,,,,,,,,,,,,,,,,,,465.0,1053.75,0,1.0096761,404.0625,1217.8125,0,1.0313594,404.0625,1391.25,0,1.0399115,385.3125,1461.5625,0,0.9267974,forward,93.3161091798252,1
2388,79.67960000000001,203.12118530273438,,,,,,,,,,,,,,,,,,,,465.0,1044.375,0,1.0099573,404.0625,1208.4375,0,1.0285798,404.0625,1391.25,0,1.037209,385.3125,1461.5625,0,0.91918284,forward,96.84526557963247,1
2389,79.71296666666667,194.87404823303223,,,,,,,,,,,,,,,,,,,,465.0,1030.3125,0,1.0235388,408.75,1203.75,0,1.0268649,404.0625,1391.25,0,1.0461342,385.3125,1461.5625,0,0.9165468,forward,102.16438994989213,1
2390,79.74633333333334,194.15926933288574,,,,,,,,,,,,,,,,,,,,465.0,1025.625,0,1.022792,408.75,1199.0625,0,1.0223298,404.0625,1386.5625,0,1.0464551,385.3125,1456.875,0,0.89541364,forward,102.16438994989213,1
2391,79.7797,195.76001167297363,,,,,,,,,,,,,,,,,,,,460.3125,1016.25,0,0.9961968,413.4375,1199.0625,0,1.0004683,404.0625,1391.25,0,1.0255661,385.3125,1461.5625,0,0.906268,forward,107.82687496303441,1
2392,79.81306666666667,204.29420471191406,,,,,,,,,,,,,,,,,,,,460.3125,1006.875,0,0.9846306,413.4375,1199.0625,0,0.988632,404.0625,1391.25,0,1.0228695,385.3125,1461.5625,0,0.9033345,forward,111.88169574761292,1
2393,79.84643333333334,198.84920120239258,,,,,,,,,,,,,,,,,,,,465.0,1002.1875,0,0.9926499,418.125,1194.375,0,0.9982306,404.0625,1391.25,0,1.0279751,385.3125,1461.5625,0,0.9162178,forward,113.93701956276124,1
2394,79.8798,199.86891746520996,,,,,,,,,,,,,,,,,,,,465.0,997.5,0,1.0019798,422.8125,1194.375,0,1.0104176,404.0625,1386.5625,0,1.0351093,385.3125,1456.875,0,0.92001265,forward,114.08207484986028,1
2395,79.91316666666667,200.12998580932617,,,,,,,,,,,,,,,,,,,,465.0,997.5,0,0.9963594,422.8125,1194.375,0,1.0044036,404.0625,1386.5625,0,1.0343882,385.3125,1456.875,0,0.9318497,forward,114.08207484986028,1
2396,79.94653333333333,193.86792182922363,,,,,,,,,,,,,,,,,,,,465.0,997.5,0,1.0003808,427.5,1194.375,0,1.0100147,404.0625,1386.5625,0,1.0409938,390.0,1456.875,0,0.93713593,forward,114.08207484986028,1
2397,79.9799,195.83702087402344,,,,,,,,,,,,,,,,,,,,469.6875,997.5,0,0.9946933,427.5,1194.375,0,1.0059683,404.0625,1391.25,0,1.0388693,385.3125,1456.875,0,0.9509698,forward,116.13739866500859,1
2398,80.01326666666667,190.73796272277832,,,,,,,,,,,,,,,,,,,,474.375,992.8125,0,0.9923252,432.1875,1194.375,0,1.0105456,404.0625,1386.5625,0,1.036658,390.0,1456.875,0,0.93225646,forward,116.43313386318707,1
2399,80.04663333333333,189.87107276916504,,,,,,,,,,,,,,,,,,,,474.375,992.8125,0,0.98862934,432.1875,1194.375,0,1.0081726,404.0625,1386.5625,0,1.0398309,390.0,1456.875,0,0.94595546,forward,116.43313386318707,1
2400,80.08,208.30273628234863,,,,,,,,,,,,,,,,,,,,474.375,992.8125,0,0.9814634,432.1875,1194.375,0,1.0066289,404.0625,1386.5625,0,1.0315337,390.0,1456.875,0,0.9459015,forward,116.43313386318707,1
2401,80.11336666666666,195.71304321289062,,,,,,,,,,,,,,,,,,,,479.0625,992.8125,0,0.987778,436.875,1194.375,0,1.0131414,404.0625,1391.25,0,1.0371413,390.0,1456.875,0,0.9461976,forward,118.48845767833538,1
2402,80.14673333333333,199.0201473236084,,,,,,,,,,,,,,,,,,,,483.75,992.8125,0,0.98882246,436.875,1194.375,0,1.0201552,404.0625,1391.25,0,1.042223,390.0,1456.875,0,0.95481104,forward,118.48845767833538,1
2403,80.1801,195.33109664916992,,,,,,,,,,,,,,,,,,,,488.4375,992.8125,0,0.97972345,441.5625,1194.375,0,1.0167574,404.0625,1391.25,0,1.0405924,390.0,1456.875,0,0.96492445,forward,118.48845767833538,1
2404,80.21346666666666,193.04180145263672,,,,,,,,,,,,,,,,,,,,493.125,997.5,0,0.9869224,441.5625,1194.375,0,1.0219114,404.0625,1391.25,0,1.0469365,390.0,1456.875,0,0.9649093,forward,116.13739866500859,1
2405,80.24683333333333,192.85297393798828,,,,,,,,,,,,,,,,,,,,493.125,992.8125,0,0.98996735,446.25,1199.0625,0,1.0228013,408.75,1391.25,0,1.0470579,390.0,1456.875,0,0.960457,forward,118.97588593359768,1
2406,80.28020000000001,199.07593727111816,,,,,,,,,,,,,,,,,,,,497.8125,997.5,0,0.9940353,446.25,1199.0625,0,1.0222317,408.75,1391.25,0,1.0489979,390.0,1456.875,0,0.9536416,forward,116.43313386318707,1
2407,80.31356666666667,200.07085800170898,,,,,,,,,,,,,,,,,,,,502.5,1002.1875,0,0.9849093,446.25,1199.0625,0,1.0111991,408.75,1386.5625,0,1.0395982,390.0,1456.875,0,0.9518256,forward,112.12738530582368,1
2408,80.34693333333334,197.7519989013672,,,,,,,,,,,,,,,,,,,,502.5,1002.1875,0,0.9883371,441.5625,1199.0625,0,1.0062606,413.4375,1386.5625,0,1.0426224,390.0,1461.5625,0,0.96631306,forward,112.12738530582368,1
2409,80.3803,193.1588649749756,,,,,,,,,,,,,,,,,,,,502.5,1006.875,0,0.9880679,441.5625,1199.0625,0,1.0028918,418.125,1381.875,0,1.0427285,390.0,1461.5625,0,0.96482015,forward,108.05747549367439,1
2410,80.41366666666667,202.58402824401855,,,,,,,,,,,,,,,,,,,,502.5,1002.1875,0,0.98060703,441.5625,1194.375,0,0.9914985,427.5,1381.875,0,1.0329101,390.0,1461.5625,0,0.94275343,forward,109.92700620357633,1
2411,80.44703333333334,191.26200675964355,,,,,,,,,,,,,,,,,,,,502.5,1002.1875,0,0.9702126,436.875,1189.6875,0,0.98040926,436.875,1377.1875,0,1.0323648,385.3125,1466.25,0,0.9252517,forward,107.8488444405829,1
2412,80.4804,191.01309776306152,,,,,,,,,,,,,,,,,,,,497.8125,1006.875,0,0.9556075,436.875,1194.375,0,0.97446793,446.25,1372.5,0,1.0285339,394.6875,1466.25,0,0.9221233,forward,104.18293799600733,1
2413,80.51376666666667,199.04398918151855,,,,,,,,,,,,,,,,,,,,497.8125,1006.875,0,0.95285654,432.1875,1189.6875,0,0.97042525,446.25,1372.5,0,1.0225325,404.0625,1470.9375,0,0.9311099,forward,104.00265470909588,1
2414,80.54713333333333,199.92995262145996,,,,,,,,,,,,,,,,,,,,497.8125,1006.875,0,0.9495088,432.1875,1189.6875,0,0.9756336,441.5625,1386.5625,0,1.0290546,413.4375,1480.3125,0,0.9317733,forward,109.88219877818273,1
2415,80.5805,204.66184616088867,,,,,,,,,,,,,,,,,,,,493.125,1006.875,0,0.9632069,432.1875,1194.375,0,0.9830911,432.1875,1400.625,0,1.0241753,408.75,1485.0,0,0.94417673,forward,116.36110379652838,1
2416,80.61386666666667,202.11505889892578,,,,,,,,,,,,,,,,,,,,488.4375,1011.5625,0,0.96053326,432.1875,1199.0625,0,0.97883457,422.8125,1414.6875,0,1.0229043,394.6875,1494.375,0,0.974213,forward,121.64482532229262,1
2417,80.64723333333333,202.00824737548828,,,,,,,,,,,,,,,,,,,,483.75,1011.5625,0,0.95445573,432.1875,1203.75,0,0.98837435,404.0625,1428.75,0,1.0146118,375.9375,1489.6875,0,0.9368959,forward,130.53669361190822,1
2418,80.6806,201.9178867340088,,,,,,,,,,,,,,,,,,,,483.75,1011.5625,0,0.94288146,427.5,1213.125,0,0.9825245,394.6875,1433.4375,0,1.0023313,357.1875,1489.6875,0,0.9119117,forward,131.39989683743414,1
2419,80.71396666666666,207.08608627319336,,,,,,,,,,,,,,,,,,,,479.0625,1016.25,0,0.933555,427.5,1217.8125,0,0.9812459,385.3125,1442.8125,0,0.99180627,338.4375,1485.0,0,0.9037989,forward,135.08813172748233,1
2420,80.74733333333333,192.60573387145996,,,,,,,,,,,,,,,,,,,,469.6875,1020.9375,0,0.9277973,422.8125,1227.1875,0,0.9790774,385.3125,1452.1875,0,1.0060416,333.75,1508.4375,0,0.96978045,forward,137.63088379789298,1
2421,80.7807,198.50707054138184,,,,,,,,,,,,,,,,,,,,460.3125,1025.625,0,0.93017334,413.4375,1231.875,0,0.97804046,380.625,1456.875,0,1.0164049,333.75,1527.1875,0,1.0222887,forward,137.63088379789298,1
2422,80.81406666666666,196.3798999786377,,,,,,,,,,,,,,,,,,,,446.25,1025.625,0,0.94525945,404.0625,1227.1875,0,0.98304874,380.625,1456.875,0,1.0339248,333.75,1536.5625,0,1.0535221,forward,139.87000536377607,1
2423,80.84743333333333,196.20680809020996,,,,,,,,,,,,,,,,,,,,432.1875,1030.3125,0,0.9599621,390.0,1227.1875,0,0.98720956,375.9375,1461.5625,0,1.0482588,333.75,1541.25,0,1.043504,forward,148.99728181330283,1
2424,80.88080000000001,196.60520553588867,,,,,,,,,,,,,,,,,,,,418.125,1025.625,0,0.93309456,380.625,1231.875,0,0.9684582,375.9375,1466.25,0,1.0412421,329.0625,1545.9375,0,1.0497849,forward,153.89109289704024,1
2425,80.91416666666667,293.4548854827881,,,,,,,,,,,,,,,,,,,,404.0625,1025.625,0,0.91872084,371.25,1236.5625,0,0.9566007,375.9375,1466.25,0,1.0348451,329.0625,1545.9375,0,1.0419674,forward,145.21021586159551,1
2426,80.94753333333334,205.09886741638184,,,,,,,,,,,,,,,,,,,,390.0,1020.9375,0,0.90058935,361.875,1241.25,0,0.9443921,375.9375,1470.9375,0,1.0321538,329.0625,1545.9375,0,1.0132166,forward,152.0952470770821,1
