frame,timeframe,frame_processing_time_ms,left_hip_x,left_hip_y,left_hip_z,left_hip_conf,left_knee_x,left_knee_y,left_knee_z,left_knee_conf,left_ankle_x,left_ankle_y,left_ankle_z,left_ankle_conf,left_foot_index_x,left_foot_index_y,left_foot_index_z,left_foot_index_conf,left_foot_direction,left_knee_angle,left_knee_incorrect,right_hip_x,right_hip_y,right_hip_z,right_hip_conf,right_knee_x,right_knee_y,right_knee_z,right_knee_conf,right_ankle_x,right_ankle_y,right_ankle_z,right_ankle_conf,right_foot_index_x,right_foot_index_y,right_foot_index_z,right_foot_index_conf,right_foot_direction,right_knee_angle,right_knee_incorrect
0,0.0,488.62481117248535,,,,,,,,,,,,,,,,,,,,493.125,983.4375,0,0.7717891,465.0,1180.3125,0,0.90428114,441.5625,1386.5625,0,0.9665116,422.8125,1452.1875,0,0.81523687,forward,178.35301143405678,1
1,0.03336666666666667,280.33924102783203,,,,,,,,,,,,,,,,,,,,497.8125,978.75,0,0.7654451,465.0,1180.3125,0,0.8923282,441.5625,1386.5625,0,0.95604646,422.8125,1456.875,0,0.80996996,forward,177.23699539520578,1
2,0.06673333333333334,257.69615173339844,,,,,,,,,,,,,,,,,,,,502.5,978.75,0,0.7775363,469.6875,1180.3125,0,0.8979406,441.5625,1386.5625,0,0.9541153,422.8125,1456.875,0,0.81134146,forward,178.5190553230278,1
3,0.10010000000000001,290.6382083892822,,,,,,,,,,,,,,,,,,,,502.5,978.75,0,0.7761596,469.6875,1185.0,0,0.888633,441.5625,1386.5625,0,0.95288765,422.8125,1456.875,0,0.8097573,forward,178.90389163341587,1
4,0.13346666666666668,269.0081596374512,,,,,,,,,,,,,,,,,,,,507.1875,978.75,0,0.78037834,469.6875,1185.0,0,0.89500093,441.5625,1386.5625,0,0.9483007,422.8125,1456.875,0,0.81202793,forward,177.63867976899908,1
5,0.16683333333333333,302.59084701538086,,,,,,,,,,,,,,,,,,,,507.1875,978.75,0,0.7865117,469.6875,1185.0,0,0.8974471,441.5625,1386.5625,0,0.95007014,427.5,1456.875,0,0.8127342,forward,177.63867976899908,1
6,0.20020000000000002,283.8881015777588,,,,,,,,,,,,,,,,,,,,507.1875,978.75,0,0.78504145,469.6875,1185.0,0,0.8968455,441.5625,1386.5625,0,0.945677,427.5,1456.875,0,0.8119586,forward,177.63867976899908,1
7,0.23356666666666667,270.42102813720703,,,,,,,,,,,,,,,,,,,,507.1875,978.75,0,0.7829554,469.6875,1185.0,0,0.8980303,441.5625,1386.5625,0,0.94576156,427.5,1456.875,0,0.81189775,forward,177.63867976899908,1
8,0.26693333333333336,252.36797332763672,,,,,,,,,,,,,,,,,,,,507.1875,978.75,0,0.7852069,469.6875,1180.3125,0,0.9021108,441.5625,1381.875,0,0.9433129,427.5,1456.875,0,0.8093082,forward,177.40436808831774,1
9,0.3003,254.75215911865234,,,,,,,,,,,,,,,,,,,,507.1875,978.75,0,0.78267884,469.6875,1180.3125,0,0.90132165,441.5625,1381.875,0,0.9495877,427.5,1452.1875,0,0.81421316,forward,177.40436808831774,1
10,0.33366666666666667,254.533052444458,,,,,,,,,,,,,,,,,,,,507.1875,978.75,0,0.78418064,469.6875,1185.0,0,0.89681077,441.5625,1386.5625,0,0.9509666,427.5,1456.875,0,0.819167,forward,177.63867976899908,1
11,0.3670333333333333,253.20100784301758,,,,,,,,,,,,,,,,,,,,502.5,978.75,0,0.7833455,469.6875,1185.0,0,0.8966295,441.5625,1386.5625,0,0.93844426,427.5,1456.875,0,0.81099474,forward,178.90389163341587,1
12,0.40040000000000003,253.33189964294434,,,,,,,,,,,,,,,,,,,,502.5,978.75,0,0.7765919,465.0,1185.0,0,0.89280915,436.875,1386.5625,0,0.93875825,427.5,1456.875,0,0.80988944,forward,177.63867976899908,1
13,0.4337666666666667,253.3857822418213,,,,,,,,,,,,,,,,,,,,497.8125,978.75,0,0.7796587,465.0,1185.0,0,0.893679,436.875,1386.5625,0,0.9391352,427.5,1456.875,0,0.8112112,forward,178.90389163341587,1
14,0.46713333333333334,256.9692134857178,,,,,,,,,,,,,,,,,,,,493.125,978.75,0,0.7765497,460.3125,1185.0,0,0.88868713,436.875,1386.5625,0,0.9442356,427.5,1456.875,0,0.8106723,forward,177.59303476428198,1
15,0.5005000000000001,255.62810897827148,,,,,,,,,,,,,,,,,,,,488.4375,978.75,0,0.7698165,460.3125,1185.0,0,0.89633536,436.875,1386.5625,0,0.957507,427.5,1456.875,0,0.8142464,forward,178.86736695462048,1
16,0.5338666666666667,255.86700439453125,,,,,,,,,,,,,,,,,,,,483.75,983.4375,0,0.77203107,455.625,1185.0,0,0.8884803,436.875,1386.5625,0,0.9540194,432.1875,1456.875,0,0.80891967,forward,177.3711734240262,1
17,0.5672333333333334,255.67626953125,,,,,,,,,,,,,,,,,,,,479.0625,988.125,0,0.7839167,455.625,1189.6875,0,0.8854568,436.875,1386.5625,0,0.9520118,427.5,1456.875,0,0.809434,forward,178.80810272844113,1
18,0.6006,255.37800788879395,,,,,,,,,,,,,,,,,,,,474.375,988.125,0,0.7897677,450.9375,1189.6875,0,0.87896025,436.875,1386.5625,0,0.953563,427.5,1456.875,0,0.81368303,forward,177.45316447198348,1
19,0.6339666666666667,256.90770149230957,,,,,,,,,,,,,,,,,,,,469.6875,988.125,0,0.7963717,446.25,1189.6875,0,0.87825775,436.875,1386.5625,0,0.95613,427.5,1456.875,0,0.8161234,forward,176.09384671516207,1
20,0.6673333333333333,253.14974784851074,,,,,,,,,,,,,,,,,,,,465.0,988.125,0,0.7998356,441.5625,1194.375,0,0.8855307,436.875,1386.5625,0,0.95301855,427.5,1456.875,0,0.8110602,forward,174.91407635760282,1
21,0.7007,256.2277317047119,,,,,,,,,,,,,,,,,,,,465.0,992.8125,0,0.7943795,441.5625,1189.6875,0,0.87427187,436.875,1386.5625,0,0.9517842,427.5,1456.875,0,0.813463,forward,174.57494158455404,1
22,0.7340666666666666,255.75804710388184,,,,,,,,,,,,,,,,,,,,460.3125,992.8125,0,0.7942276,436.875,1189.6875,0,0.86024034,436.875,1386.5625,0,0.95064723,427.5,1456.875,0,0.81173277,forward,173.21103231175366,1
23,0.7674333333333333,256.5741539001465,,,,,,,,,,,,,,,,,,,,460.3125,992.8125,0,0.79156196,436.875,1194.375,0,0.8598567,436.875,1386.5625,0,0.9505524,427.5,1456.875,0,0.814934,forward,173.3675009461149,1
24,0.8008000000000001,256.32262229919434,,,,,,,,,,,,,,,,,,,,460.3125,992.8125,0,0.7917486,436.875,1189.6875,0,0.86180556,436.875,1386.5625,0,0.95075417,427.5,1456.875,0,0.81270903,forward,173.21103231175366,1
25,0.8341666666666667,257.05981254577637,,,,,,,,,,,,,,,,,,,,460.3125,988.125,0,0.7925575,436.875,1189.6875,0,0.8645638,436.875,1386.5625,0,0.950277,427.5,1456.875,0,0.8103553,forward,173.36753051394837,1
26,0.8675333333333334,255.1412582397461,,,,,,,,,,,,,,,,,,,,460.3125,988.125,0,0.78673995,441.5625,1189.6875,0,0.86808896,436.875,1386.5625,0,0.9495489,427.5,1456.875,0,0.81113076,forward,176.0493819061519,1
27,0.9009,254.7469139099121,,,,,,,,,,,,,,,,,,,,460.3125,992.8125,0,0.78298324,441.5625,1189.6875,0,0.86685836,436.875,1386.5625,0,0.95295435,427.5,1456.875,0,0.810585,forward,175.92359396038805,1
28,0.9342666666666667,255.68795204162598,,,,,,,,,,,,,,,,,,,,460.3125,992.8125,0,0.7879172,441.5625,1194.375,0,0.868731,436.875,1386.5625,0,0.95121837,427.5,1456.875,0,0.8147909,forward,176.0826832699825,1
29,0.9676333333333333,253.89719009399414,,,,,,,,,,,,,,,,,,,,465.0,997.5,0,0.785747,441.5625,1194.375,0,0.871965,436.875,1386.5625,0,0.9520106,427.5,1456.875,0,0.81864667,forward,174.60820311121648,1
30,1.0010000000000001,254.8959255218506,,,,,,,,,,,,,,,,,,,,465.0,992.8125,0,0.7891234,441.5625,1194.375,0,0.8772876,436.875,1386.5625,0,0.95576423,427.5,1456.875,0,0.81817937,forward,174.76467472626686,1
31,1.0343666666666667,254.94718551635742,,,,,,,,,,,,,,,,,,,,469.6875,992.8125,0,0.7820788,446.25,1189.6875,0,0.87927324,436.875,1386.5625,0,0.959003,427.5,1456.875,0,0.8185649,forward,175.93735695518728,1
32,1.0677333333333334,254.55069541931152,,,,,,,,,,,,,,,,,,,,469.6875,992.8125,0,0.7801956,446.25,1189.6875,0,0.87438506,436.875,1386.5625,0,0.9615227,427.5,1456.875,0,0.81853604,forward,175.93735695518728,1
33,1.1011,254.51111793518066,,,,,,,,,,,,,,,,,,,,474.375,992.8125,0,0.78098214,450.9375,1194.375,0,0.873977,436.875,1386.5625,0,0.958341,427.5,1456.875,0,0.8199254,forward,177.55247368349814,1
34,1.1344666666666667,255.07020950317383,,,,,,,,,,,,,,,,,,,,474.375,992.8125,0,0.7780802,450.9375,1189.6875,0,0.87980545,436.875,1386.5625,0,0.95846283,427.5,1456.875,0,0.81854856,forward,177.2966532407651,1
35,1.1678333333333333,253.70478630065918,,,,,,,,,,,,,,,,,,,,479.0625,988.125,0,0.7809187,455.625,1189.6875,0,0.8888476,436.875,1386.5625,0,0.9598879,427.5,1456.875,0,0.82047033,forward,178.80810272844113,1
36,1.2012,255.80072402954102,,,,,,,,,,,,,,,,,,,,479.0625,988.125,0,0.78093916,455.625,1189.6875,0,0.89077854,436.875,1386.5625,0,0.9620543,427.5,1456.875,0,0.8212391,forward,178.80810272844113,1
37,1.2345666666666666,254.87995147705078,,,,,,,,,,,,,,,,,,,,479.0625,988.125,0,0.7800617,455.625,1189.6875,0,0.89312744,436.875,1386.5625,0,0.96245503,427.5,1456.875,0,0.81906754,forward,178.80810272844113,1
38,1.2679333333333334,255.62524795532227,,,,,,,,,,,,,,,,,,,,479.0625,988.125,0,0.7758937,455.625,1189.6875,0,0.8912577,436.875,1386.5625,0,0.95950925,427.5,1456.875,0,0.8136797,forward,178.80810272844113,1
39,1.3013000000000001,254.92024421691895,,,,,,,,,,,,,,,,,,,,479.0625,988.125,0,0.77633524,455.625,1189.6875,0,0.89257264,436.875,1386.5625,0,0.9595931,427.5,1456.875,0,0.815971,forward,178.80810272844113,1
40,1.3346666666666667,254.7910213470459,,,,,,,,,,,,,,,,,,,,483.75,988.125,0,0.77637637,455.625,1189.6875,0,0.8910237,436.875,1386.5625,0,0.9560663,427.5,1456.875,0,0.8121095,forward,177.4968852578669,1
41,1.3680333333333334,254.03809547424316,,,,,,,,,,,,,,,,,,,,479.0625,988.125,0,0.7753644,455.625,1189.6875,0,0.8909013,436.875,1386.5625,0,0.959746,427.5,1456.875,0,0.8158101,forward,178.80810272844113,1
42,1.4014,254.64582443237305,,,,,,,,,,,,,,,,,,,,479.0625,988.125,0,0.77976686,455.625,1189.6875,0,0.89047074,436.875,1386.5625,0,0.9605694,427.5,1456.875,0,0.82300866,forward,178.80810272844113,1
43,1.4347666666666667,254.03118133544922,,,,,,,,,,,,,,,,,,,,483.75,988.125,0,0.7744218,455.625,1189.6875,0,0.88863206,436.875,1386.5625,0,0.96114236,427.5,1456.875,0,0.8250473,forward,177.4968852578669,1
44,1.4681333333333333,254.90283966064453,,,,,,,,,,,,,,,,,,,,483.75,988.125,0,0.7729944,455.625,1185.0,0,0.88928676,436.875,1386.5625,0,0.95854604,427.5,1456.875,0,0.82059884,forward,177.18450125437545,1
45,1.5015,254.21500205993652,,,,,,,,,,,,,,,,,,,,483.75,988.125,0,0.7749791,455.625,1185.0,0,0.89226973,436.875,1386.5625,0,0.95722497,427.5,1456.875,0,0.819963,forward,177.18450125437545,1
46,1.5348666666666666,255.1281452178955,,,,,,,,,,,,,,,,,,,,483.75,988.125,0,0.77767086,455.625,1185.0,0,0.8874229,436.875,1386.5625,0,0.9525493,427.5,1456.875,0,0.8174021,forward,177.18450125437545,1
47,1.5682333333333334,253.6032199859619,,,,,,,,,,,,,,,,,,,,483.75,988.125,0,0.77909863,455.625,1189.6875,0,0.8886235,436.875,1386.5625,0,0.94931096,427.5,1456.875,0,0.8137512,forward,177.4968852578669,1
48,1.6016000000000001,255.50103187561035,,,,,,,,,,,,,,,,,,,,483.75,988.125,0,0.7755834,460.3125,1185.0,0,0.8922808,436.875,1386.5625,0,0.94918,427.5,1456.875,0,0.8102648,forward,179.84423364377204,1
49,1.6349666666666667,254.78601455688477,,,,,,,,,,,,,,,,,,,,479.0625,992.8125,0,0.7715224,460.3125,1189.6875,0,0.8861834,436.875,1386.5625,0,0.9497087,427.5,1456.875,0,0.8018321,forward,178.65128319460092,0
50,1.6683333333333334,253.4940242767334,,,,,,,,,,,,,,,,,,,,483.75,997.5,0,0.7584647,460.3125,1189.6875,0,0.8843274,436.875,1381.875,0,0.95429265,427.5,1456.875,0,0.8063936,forward,180.0,0
51,1.7017,253.63922119140625,,,,,,,,,,,,,,,,,,,,483.75,1002.1875,0,0.76371384,460.3125,1189.6875,0,0.8858034,436.875,1386.5625,0,0.95306027,427.5,1456.875,0,0.80427647,forward,179.66369972141683,1
52,1.7350666666666668,254.52375411987305,,,,,,,,,,,,,,,,,,,,483.75,1006.875,0,0.7637618,465.0,1194.375,0,0.88093734,436.875,1386.5625,0,0.95082724,427.5,1456.875,0,0.80673265,forward,177.38490969910768,0
53,1.7684333333333333,254.93621826171875,,,,,,,,,,,,,,,,,,,,483.75,1006.875,0,0.77118856,465.0,1194.375,0,0.88131666,441.5625,1381.875,0,0.9469601,427.5,1456.875,0,0.81246936,forward,178.58569965070907,0
54,1.8018,254.24814224243164,,,,,,,,,,,,,,,,,,,,483.75,1016.25,0,0.7728455,465.0,1194.375,0,0.88452786,441.5625,1381.875,0,0.9487171,427.5,1456.875,0,0.81473434,forward,178.88390061692976,0
55,1.8351666666666666,254.39786911010742,,,,,,,,,,,,,,,,,,,,483.75,1020.9375,0,0.7748578,465.0,1199.0625,0,0.877844,441.5625,1381.875,0,0.94675267,427.5,1456.875,0,0.81732523,forward,178.70305917911523,0
56,1.8685333333333334,253.13806533813477,,,,,,,,,,,,,,,,,,,,483.75,1025.625,0,0.78041136,465.0,1203.75,0,0.8633226,441.5625,1381.875,0,0.94759464,427.5,1456.875,0,0.82274944,forward,178.5129892953755,0
57,1.9019,253.9832592010498,,,,,,,,,,,,,,,,,,,,479.0625,1025.625,0,0.7894131,460.3125,1203.75,0,0.8546773,441.5625,1381.875,0,0.9512321,427.5,1456.875,0,0.83631337,forward,179.98021765897056,1
58,1.9352666666666667,255.8917999267578,,,,,,,,,,,,,,,,,,,,483.75,1035.0,0,0.78498614,460.3125,1208.4375,0,0.85471493,441.5625,1381.875,0,0.9505086,427.5,1456.875,0,0.83133686,forward,178.474147686371,1
59,1.9686333333333335,253.45706939697266,,,,,,,,,,,,,,,,,,,,483.75,1044.375,0,0.7847923,460.3125,1213.125,0,0.860938,441.5625,1381.875,0,0.9512124,427.5,1456.875,0,0.82664704,forward,178.4331448158553,1
60,2.0020000000000002,254.22120094299316,,,,,,,,,,,,,,,,,,,,483.75,1044.375,0,0.78681594,465.0,1213.125,0,0.8571675,441.5625,1381.875,0,0.9517802,427.5,1456.875,0,0.82329273,forward,178.4331448158553,0
61,2.0353666666666665,255.63716888427734,,,,,,,,,,,,,,,,,,,,483.75,1053.75,0,0.7942968,465.0,1222.5,0,0.8491048,441.5625,1381.875,0,0.95162016,427.5,1456.875,0,0.8225159,forward,177.97435280618367,0
62,2.0687333333333333,254.49419021606445,,,,,,,,,,,,,,,,,,,,483.75,1063.125,0,0.7867855,469.6875,1227.1875,0,0.8439985,441.5625,1381.875,0,0.94158137,427.5,1456.875,0,0.81835306,forward,174.59426496753858,0
63,2.1021,253.83615493774414,,,,,,,,,,,,,,,,,,,,483.75,1067.8125,0,0.7999258,469.6875,1227.1875,0,0.8472105,441.5625,1381.875,0,0.93549883,427.5,1456.875,0,0.82385945,forward,174.7376470751323,0
64,2.135466666666667,253.9060115814209,,,,,,,,,,,,,,,,,,,,483.75,1072.5,0,0.80013514,474.375,1222.5,0,0.8537679,446.25,1381.875,0,0.933716,427.5,1456.875,0,0.8207357,forward,173.5683978146958,0
65,2.168833333333333,254.46796417236328,,,,,,,,,,,,,,,,,,,,483.75,1072.5,0,0.8113944,474.375,1227.1875,0,0.8586024,446.25,1381.875,0,0.93789685,427.5,1456.875,0,0.82898664,forward,173.1633867761844,0
66,2.2022,254.62889671325684,,,,,,,,,,,,,,,,,,,,483.75,1081.875,0,0.81477517,474.375,1231.875,0,0.83998626,446.25,1377.1875,0,0.93123096,427.5,1456.875,0,0.8214295,forward,172.6222721829613,0
67,2.2355666666666667,254.0130615234375,,,,,,,,,,,,,,,,,,,,488.4375,1081.875,0,0.807895,479.0625,1236.5625,0,0.83497405,446.25,1381.875,0,0.9268049,427.5,1456.875,0,0.8157025,forward,170.74387828506525,0
68,2.2689333333333335,254.2121410369873,,,,,,,,,,,,,,,,,,,,483.75,1091.25,0,0.80973494,479.0625,1236.5625,0,0.848913,446.25,1381.875,0,0.9222281,427.5,1456.875,0,0.81561524,forward,169.123242157281,0
69,2.3023000000000002,253.96132469177246,,,,,,,,,,,,,,,,,,,,483.75,1095.9375,0,0.80968475,479.0625,1236.5625,0,0.8438351,446.25,1381.875,0,0.91773593,427.5,1456.875,0,0.8152174,forward,169.1847672848912,0
70,2.3356666666666666,255.19776344299316,,,,,,,,,,,,,,,,,,,,483.75,1095.9375,0,0.80105096,479.0625,1236.5625,0,0.8480396,446.25,1381.875,0,0.91524017,427.5,1456.875,0,0.8139968,forward,169.1847672848912,0
71,2.3690333333333333,254.42981719970703,,,,,,,,,,,,,,,,,,,,483.75,1095.9375,0,0.8013553,479.0625,1236.5625,0,0.8457619,446.25,1381.875,0,0.91558754,427.5,1461.5625,0,0.8132963,forward,169.1847672848912,0
72,2.4024,253.78084182739258,,,,,,,,,,,,,,,,,,,,483.75,1100.625,0,0.8027874,474.375,1236.5625,0,0.8424307,446.25,1381.875,0,0.9198996,427.5,1461.5625,0,0.8193314,forward,172.9911175131093,0
73,2.435766666666667,325.3500461578369,,,,,,,,,,,,,,,,,,,,483.75,1105.3125,0,0.8022008,474.375,1236.5625,0,0.8438996,446.25,1381.875,0,0.9167273,427.5,1461.5625,0,0.81530416,forward,173.1315583453749,0
74,2.469133333333333,265.83218574523926,,,,,,,,,,,,,,,,,,,,483.75,1095.9375,0,0.80102587,474.375,1231.875,0,0.84474933,446.25,1381.875,0,0.92481315,427.5,1461.5625,0,0.819383,forward,173.32555803607232,0
75,2.5025,256.66308403015137,,,,,,,,,,,,,,,,,,,,483.75,1095.9375,0,0.8008665,474.375,1236.5625,0,0.844213,446.25,1381.875,0,0.92190826,427.5,1461.5625,0,0.8153168,forward,172.86001371691304,0
76,2.5358666666666667,257.3370933532715,,,,,,,,,,,,,,,,,,,,483.75,1095.9375,0,0.80318475,474.375,1241.25,0,0.8423595,446.25,1381.875,0,0.9217622,427.5,1461.5625,0,0.81455266,forward,172.3814509316649,0
77,2.5692333333333335,267.9119110107422,,,,,,,,,,,,,,,,,,,,483.75,1095.9375,0,0.80671537,474.375,1245.9375,0,0.8387875,446.25,1381.875,0,0.9216816,427.5,1461.5625,0,0.8172965,forward,171.88697666523467,0
78,2.6026000000000002,268.0010795593262,,,,,,,,,,,,,,,,,,,,483.75,1095.9375,0,0.80307597,474.375,1241.25,0,0.84310734,446.25,1381.875,0,0.9271358,427.5,1461.5625,0,0.82136536,forward,172.3814509316649,0
79,2.6359666666666666,322.6768970489502,,,,,,,,,,,,,,,,,,,,483.75,1095.9375,0,0.8057492,474.375,1245.9375,0,0.8482863,446.25,1381.875,0,0.92518985,427.5,1461.5625,0,0.8181346,forward,171.88697666523467,0
80,2.6693333333333333,259.0799331665039,,,,,,,,,,,,,,,,,,,,483.75,1095.9375,0,0.8013704,474.375,1245.9375,0,0.842108,446.25,1381.875,0,0.92245805,427.5,1461.5625,0,0.814698,forward,171.88697666523467,0
81,2.7027,266.96085929870605,,,,,,,,,,,,,,,,,,,,483.75,1091.25,0,0.79988843,474.375,1241.25,0,0.8441882,446.25,1381.875,0,0.92360115,427.5,1461.5625,0,0.81599474,forward,172.26639774344855,0
82,2.736066666666667,268.9709663391113,,,,,,,,,,,,,,,,,,,,483.75,1091.25,0,0.799726,474.375,1241.25,0,0.8466921,446.25,1381.875,0,0.9200463,427.5,1461.5625,0,0.817253,forward,172.26639774344855,0
83,2.769433333333333,258.5437297821045,,,,,,,,,,,,,,,,,,,,479.0625,1086.5625,0,0.79756916,474.375,1236.5625,0,0.8509834,446.25,1381.875,0,0.92505825,427.5,1461.5625,0,0.8197361,forward,170.83586172065765,0
84,2.8028,256.5948963165283,,,,,,,,,,,,,,,,,,,,483.75,1081.875,0,0.8091714,474.375,1236.5625,0,0.8516145,446.25,1381.875,0,0.9337294,427.5,1461.5625,0,0.82432866,forward,172.5141787719549,0
85,2.8361666666666667,258.46195220947266,,,,,,,,,,,,,,,,,,,,479.0625,1081.875,0,0.8105242,469.6875,1241.25,0,0.8515544,446.25,1381.875,0,0.9276599,427.5,1461.5625,0,0.8202622,forward,173.90416436428092,0
86,2.8695333333333335,257.46726989746094,,,,,,,,,,,,,,,,,,,,479.0625,1077.1875,0,0.8160455,469.6875,1236.5625,0,0.8361781,446.25,1377.1875,0,0.92851603,427.5,1461.5625,0,0.8208221,forward,173.90416436428092,0
87,2.9029000000000003,257.2288513183594,,,,,,,,,,,,,,,,,,,,479.0625,1072.5,0,0.81859696,469.6875,1231.875,0,0.8486289,446.25,1377.1875,0,0.9368199,432.1875,1456.875,0,0.8278252,forward,174.20410585390803,0
88,2.9362666666666666,256.4880847930908,,,,,,,,,,,,,,,,,,,,479.0625,1067.8125,0,0.80360496,465.0,1236.5625,0,0.8536731,441.5625,1377.1875,0,0.9349681,427.5,1456.875,0,0.8201008,forward,175.30130421185586,0
89,2.9696333333333333,258.5439682006836,,,,,,,,,,,,,,,,,,,,479.0625,1058.4375,0,0.7974008,465.0,1222.5,0,0.840594,441.5625,1377.1875,0,0.9423659,427.5,1456.875,0,0.8211061,forward,176.2834264506885,0
90,3.003,257.1568489074707,,,,,,,,,,,,,,,,,,,,474.375,1053.75,0,0.78824764,465.0,1222.5,0,0.8336542,441.5625,1377.1875,0,0.9471219,427.5,1456.875,0,0.823341,forward,174.56418789727027,0
91,3.036366666666667,258.5437297821045,,,,,,,,,,,,,,,,,,,,474.375,1044.375,0,0.77530795,460.3125,1213.125,0,0.8438865,441.5625,1377.1875,0,0.94684625,427.5,1456.875,0,0.8247901,forward,178.2437540000297,0
92,3.069733333333333,257.3418617248535,,,,,,,,,,,,,,,,,,,,474.375,1039.6875,0,0.7793151,460.3125,1213.125,0,0.84699965,441.5625,1381.875,0,0.94266963,427.5,1456.875,0,0.82366997,forward,178.29520887771912,0
93,3.1031,257.9317092895508,,,,,,,,,,,,,,,,,,,,474.375,1035.0,0,0.7785193,460.3125,1213.125,0,0.8486109,441.5625,1381.875,0,0.9385781,427.5,1456.875,0,0.8174782,forward,178.1739365644274,0
94,3.1364666666666667,258.06593894958496,,,,,,,,,,,,,,,,,,,,474.375,1030.3125,0,0.78032017,455.625,1208.4375,0,0.8586595,441.5625,1381.875,0,0.94228184,427.5,1456.875,0,0.81865156,forward,178.6262690350543,1
95,3.1698333333333335,259.4470977783203,,,,,,,,,,,,,,,,,,,,474.375,1020.9375,0,0.7701492,455.625,1203.75,0,0.8637459,441.5625,1381.875,0,0.94236445,427.5,1456.875,0,0.8126286,forward,178.65797403891932,1
96,3.2032000000000003,257.2500705718994,,,,,,,,,,,,,,,,,,,,474.375,1020.9375,0,0.7750565,450.9375,1199.0625,0,0.86000896,436.875,1377.1875,0,0.94861174,427.5,1456.875,0,0.8150359,forward,177.01816872872243,1
97,3.2365666666666666,258.0580711364746,,,,,,,,,,,,,,,,,,,,469.6875,1016.25,0,0.780298,446.25,1199.0625,0,0.85529137,436.875,1377.1875,0,0.9483242,432.1875,1456.875,0,0.8175007,forward,175.70700283092043,1
98,3.2699333333333334,259.4776153564453,,,,,,,,,,,,,,,,,,,,465.0,1016.25,0,0.7736521,446.25,1199.0625,0,0.86313486,436.875,1377.1875,0,0.95436954,427.5,1456.875,0,0.81208146,forward,177.15675805951247,1
99,3.3033,256.6251754760742,,,,,,,,,,,,,,,,,,,,465.0,1011.5625,0,0.781215,446.25,1194.375,0,0.863477,436.875,1377.1875,0,0.95107603,432.1875,1456.875,0,0.80755013,forward,177.07952620858435,1
100,3.336666666666667,257.4467658996582,,,,,,,,,,,,,,,,,,,,465.0,1006.875,0,0.78266835,446.25,1194.375,0,0.87460923,436.875,1381.875,0,0.9491222,427.5,1456.875,0,0.8014699,forward,177.15180533094212,1
101,3.370033333333333,257.25269317626953,,,,,,,,,,,,,,,,,,,,465.0,1002.1875,0,0.7853621,446.25,1194.375,0,0.8769334,436.875,1381.875,0,0.95102537,427.5,1456.875,0,0.8047842,forward,177.29021661241168,1
102,3.4034,256.6828727722168,,,,,,,,,,,,,,,,,,,,465.0,1002.1875,0,0.78212035,446.25,1194.375,0,0.8860603,436.875,1386.5625,0,0.95457196,427.5,1456.875,0,0.81143796,forward,177.22053737858351,1
103,3.4367666666666667,257.0796012878418,,,,,,,,,,,,,,,,,,,,465.0,997.5,0,0.777835,446.25,1189.6875,0,0.8773557,436.875,1386.5625,0,0.95765436,427.5,1456.875,0,0.8126696,forward,177.15407426250212,1
104,3.4701333333333335,256.46495819091797,,,,,,,,,,,,,,,,,,,,465.0,997.5,0,0.7855865,446.25,1194.375,0,0.87712544,436.875,1386.5625,0,0.9628493,427.5,1456.875,0,0.8153125,forward,177.3524023269716,1
105,3.5035000000000003,256.6499710083008,,,,,,,,,,,,,,,,,,,,465.0,997.5,0,0.7718164,446.25,1189.6875,0,0.8773093,436.875,1386.5625,0,0.96626127,427.5,1456.875,0,0.81489646,forward,177.15407426250212,1
106,3.5368666666666666,255.61022758483887,,,,,,,,,,,,,,,,,,,,465.0,992.8125,0,0.7739773,446.25,1189.6875,0,0.88115203,436.875,1386.5625,0,0.9646915,427.5,1456.875,0,0.81858575,forward,177.285958041822,1
107,3.5702333333333334,254.3318271636963,,,,,,,,,,,,,,,,,,,,465.0,992.8125,0,0.77813923,446.25,1189.6875,0,0.8831284,436.875,1386.5625,0,0.9673074,427.5,1456.875,0,0.81809044,forward,177.285958041822,1
108,3.6036,254.53615188598633,,,,,,,,,,,,,,,,,,,,465.0,992.8125,0,0.77757204,446.25,1189.6875,0,0.8842399,436.875,1386.5625,0,0.9675864,427.5,1456.875,0,0.8218503,forward,177.285958041822,1
109,3.636966666666667,254.92382049560547,,,,,,,,,,,,,,,,,,,,465.0,997.5,0,0.7805985,446.25,1189.6875,0,0.88447845,436.875,1386.5625,0,0.9670948,427.5,1456.875,0,0.81983924,forward,177.15407426250212,1
110,3.6703333333333332,256.58702850341797,,,,,,,,,,,,,,,,,,,,465.0,997.5,0,0.77893394,446.25,1189.6875,0,0.87984604,436.875,1386.5625,0,0.96516,427.5,1456.875,0,0.8194891,forward,177.15407426250212,1
111,3.7037,257.42506980895996,,,,,,,,,,,,,,,,,,,,465.0,992.8125,0,0.7779007,446.25,1189.6875,0,0.8830382,436.875,1386.5625,0,0.9615281,427.5,1456.875,0,0.8187369,forward,177.285958041822,1
112,3.7370666666666668,256.8228244781494,,,,,,,,,,,,,,,,,,,,465.0,992.8125,0,0.7758619,446.25,1189.6875,0,0.8833538,436.875,1386.5625,0,0.96285564,427.5,1456.875,0,0.82058185,forward,177.285958041822,1
113,3.7704333333333335,256.75511360168457,,,,,,,,,,,,,,,,,,,,465.0,992.8125,0,0.7728833,446.25,1189.6875,0,0.88424486,436.875,1386.5625,0,0.962955,427.5,1456.875,0,0.82140243,forward,177.285958041822,1
114,3.8038,257.2779655456543,,,,,,,,,,,,,,,,,,,,465.0,997.5,0,0.7707147,446.25,1194.375,0,0.88318735,436.875,1386.5625,0,0.9621525,427.5,1456.875,0,0.818666,forward,177.3524023269716,1
115,3.8371666666666666,257.89499282836914,,,,,,,,,,,,,,,,,,,,465.0,992.8125,0,0.7669407,446.25,1189.6875,0,0.88292706,436.875,1386.5625,0,0.9587744,427.5,1456.875,0,0.81023353,forward,177.285958041822,1
116,3.8705333333333334,257.54523277282715,,,,,,,,,,,,,,,,,,,,465.0,997.5,0,0.7666687,446.25,1189.6875,0,0.8809011,436.875,1386.5625,0,0.9632419,427.5,1456.875,0,0.81961524,forward,177.15407426250212,1
117,3.9039,255.81598281860352,,,,,,,,,,,,,,,,,,,,465.0,997.5,0,0.768699,446.25,1189.6875,0,0.8794663,436.875,1386.5625,0,0.96093965,427.5,1456.875,0,0.8111397,forward,177.15407426250212,1
118,3.937266666666667,256.2837600708008,,,,,,,,,,,,,,,,,,,,465.0,997.5,0,0.77261895,446.25,1194.375,0,0.88171387,436.875,1386.5625,0,0.9600059,427.5,1456.875,0,0.81163687,forward,177.3524023269716,1
119,3.9706333333333332,256.3939094543457,,,,,,,,,,,,,,,,,,,,465.0,992.8125,0,0.77384245,450.9375,1189.6875,0,0.8785415,436.875,1386.5625,0,0.95850235,427.5,1456.875,0,0.81035626,forward,180.0,0
120,4.0040000000000004,256.6709518432617,,,,,,,,,,,,,,,,,,,,469.6875,992.8125,0,0.7719795,450.9375,1189.6875,0,0.8763776,436.875,1386.5625,0,0.9615358,427.5,1456.875,0,0.8083608,forward,178.64534746480825,1
121,4.037366666666666,256.44588470458984,,,,,,,,,,,,,,,,,,,,469.6875,997.5,0,0.77326727,450.9375,1189.6875,0,0.87964743,436.875,1386.5625,0,0.9591983,427.5,1456.875,0,0.805863,forward,178.5133841515521,1
122,4.070733333333333,256.2570571899414,,,,,,,,,,,,,,,,,,,,469.6875,997.5,0,0.7721933,450.9375,1189.6875,0,0.8826359,436.875,1386.5625,0,0.9570062,427.5,1456.875,0,0.8029422,forward,178.5133841515521,1
123,4.1041,256.7119598388672,,,,,,,,,,,,,,,,,,,,469.6875,997.5,0,0.76620615,450.9375,1189.6875,0,0.8816873,436.875,1386.5625,0,0.95757246,427.5,1456.875,0,0.80744064,forward,178.5133841515521,1
124,4.137466666666667,257.0178508758545,,,,,,,,,,,,,,,,,,,,474.375,997.5,0,0.7682651,455.625,1189.6875,0,0.88712764,436.875,1386.5625,0,0.96268046,427.5,1456.875,0,0.8127947,forward,179.8672959931097,1
125,4.170833333333333,256.55221939086914,,,,,,,,,,,,,,,,,,,,474.375,1002.1875,0,0.76949346,460.3125,1189.6875,0,0.88636434,436.875,1386.5625,0,0.9578737,427.5,1456.875,0,0.8099766,forward,177.50017163248387,0
126,4.2042,255.73992729187012,,,,,,,,,,,,,,,,,,,,474.375,1002.1875,0,0.7675971,460.3125,1194.375,0,0.8857873,436.875,1386.5625,0,0.95790935,427.5,1456.875,0,0.80684936,forward,177.2319699333858,0
127,4.237566666666667,256.11186027526855,,,,,,,,,,,,,,,,,,,,474.375,1006.875,0,0.7686499,460.3125,1194.375,0,0.87746584,436.875,1381.875,0,0.9610029,427.5,1456.875,0,0.81305975,forward,177.16406530427335,0
128,4.270933333333334,256.3331127166748,,,,,,,,,,,,,,,,,,,,474.375,1006.875,0,0.7680402,460.3125,1194.375,0,0.8775053,436.875,1381.875,0,0.95999503,432.1875,1456.875,0,0.8186804,forward,177.16406530427335,0
129,4.3043000000000005,257.01403617858887,,,,,,,,,,,,,,,,,,,,479.0625,1006.875,0,0.77432066,455.625,1199.0625,0,0.8716706,436.875,1377.1875,0,0.96183074,432.1875,1461.5625,0,0.82645124,forward,179.05601713841676,1
130,4.337666666666666,256.7591667175293,,,,,,,,,,,,,,,,,,,,479.0625,1016.25,0,0.7698536,450.9375,1199.0625,0,0.86575556,436.875,1377.1875,0,0.96220213,432.1875,1461.5625,0,0.8309475,forward,175.76783614457133,1
131,4.371033333333333,256.3512325286865,,,,,,,,,,,,,,,,,,,,479.0625,1020.9375,0,0.77292603,450.9375,1203.75,0,0.8587675,436.875,1381.875,0,0.9559517,432.1875,1456.875,0,0.82580274,forward,175.76783614457133,1
132,4.4044,255.63907623291016,,,,,,,,,,,,,,,,,,,,479.0625,1020.9375,0,0.7850281,450.9375,1208.4375,0,0.8644021,436.875,1381.875,0,0.9504559,432.1875,1456.875,0,0.83455986,forward,176.10469019310133,1
133,4.437766666666667,257.11727142333984,,,,,,,,,,,,,,,,,,,,479.0625,1025.625,0,0.7833419,446.25,1208.4375,0,0.8502663,436.875,1381.875,0,0.94928014,432.1875,1456.875,0,0.83762777,forward,172.9185564396981,1
134,4.471133333333333,256.40106201171875,,,,,,,,,,,,,,,,,,,,479.0625,1030.3125,0,0.77863276,450.9375,1213.125,0,0.83917046,436.875,1377.1875,0,0.9476447,432.1875,1461.5625,0,0.8340062,forward,176.1529472380078,1
135,4.5045,257.2159767150879,,,,,,,,,,,,,,,,,,,,479.0625,1039.6875,0,0.7663787,455.625,1217.8125,0,0.8400366,436.875,1377.1875,0,0.94662535,427.5,1461.5625,0,0.8326132,forward,179.21391021371142,1
136,4.537866666666667,257.0056915283203,,,,,,,,,,,,,,,,,,,,479.0625,1044.375,0,0.7773278,455.625,1222.5,0,0.84360266,441.5625,1377.1875,0,0.94797575,432.1875,1461.5625,0,0.83509815,forward,177.6985374072519,1
137,4.571233333333334,256.90174102783203,,,,,,,,,,,,,,,,,,,,479.0625,1049.0625,0,0.7823884,460.3125,1222.5,0,0.83933026,441.5625,1381.875,0,0.9536557,427.5,1461.5625,0,0.8320585,forward,179.46040768590808,0
138,4.6046000000000005,257.51614570617676,,,,,,,,,,,,,,,,,,,,479.0625,1058.4375,0,0.79945433,465.0,1227.1875,0,0.85209304,441.5625,1377.1875,0,0.9521822,432.1875,1461.5625,0,0.83137107,forward,175.88300862375996,0
139,4.637966666666666,261.2950801849365,,,,,,,,,,,,,,,,,,,,479.0625,1063.125,0,0.80547637,465.0,1227.1875,0,0.85718596,441.5625,1377.1875,0,0.953853,432.1875,1461.5625,0,0.82817304,forward,176.01847283716697,0
140,4.671333333333333,274.7640609741211,,,,,,,,,,,,,,,,,,,,479.0625,1072.5,0,0.81369156,465.0,1231.875,0,0.8487704,441.5625,1377.1875,0,0.9531015,432.1875,1461.5625,0,0.82598877,forward,175.8800604323099,0
141,4.7047,254.00233268737793,,,,,,,,,,,,,,,,,,,,479.0625,1072.5,0,0.8177614,465.0,1231.875,0,0.8488724,441.5625,1377.1875,0,0.95309687,427.5,1461.5625,0,0.82551545,forward,175.8800604323099,0
142,4.738066666666667,251.97267532348633,,,,,,,,,,,,,,,,,,,,479.0625,1081.875,0,0.81512034,465.0,1231.875,0,0.8440516,441.5625,1381.875,0,0.94971466,427.5,1461.5625,0,0.8198306,forward,176.4752436316567,0
143,4.771433333333333,253.44514846801758,,,,,,,,,,,,,,,,,,,,479.0625,1081.875,0,0.8156105,465.0,1236.5625,0,0.8371689,441.5625,1381.875,0,0.9450927,427.5,1461.5625,0,0.81800056,forward,176.03197214537502,0
144,4.8048,251.14917755126953,,,,,,,,,,,,,,,,,,,,479.0625,1086.5625,0,0.8159635,465.0,1241.25,0,0.837559,441.5625,1381.875,0,0.9478906,427.5,1461.5625,0,0.8202256,forward,175.73207659424097,0
145,4.838166666666667,253.83710861206055,,,,,,,,,,,,,,,,,,,,479.0625,1091.25,0,0.80554616,460.3125,1241.25,0,0.8230982,441.5625,1381.875,0,0.9444617,427.5,1461.5625,0,0.8243566,forward,179.53102785046346,0
146,4.871533333333334,257.07006454467773,,,,,,,,,,,,,,,,,,,,483.75,1091.25,0,0.808964,460.3125,1245.9375,0,0.8173171,441.5625,1381.875,0,0.9392938,427.5,1461.5625,0,0.8205923,forward,179.23766806627754,1
147,4.9049000000000005,256.24990463256836,,,,,,,,,,,,,,,,,,,,479.0625,1091.25,0,0.81180346,455.625,1241.25,0,0.81484395,441.5625,1381.875,0,0.9477242,427.5,1461.5625,0,0.8209795,forward,176.8300349957329,1
148,4.938266666666666,255.54704666137695,,,,,,,,,,,,,,,,,,,,479.0625,1091.25,0,0.80299616,455.625,1236.5625,0,0.8248984,441.5625,1381.875,0,0.9473301,427.5,1461.5625,0,0.8223173,forward,176.36508852841771,1
149,4.971633333333333,254.3020248413086,,,,,,,,,,,,,,,,,,,,483.75,1091.25,0,0.80984795,450.9375,1231.875,0,0.8184916,441.5625,1381.875,0,0.95270026,427.5,1461.5625,0,0.8334452,forward,170.44234916560035,1
150,5.005,257.7488422393799,,,,,,,,,,,,,,,,,,,,483.75,1095.9375,0,0.8071607,446.25,1231.875,0,0.8286247,441.5625,1381.875,0,0.94819605,427.5,1461.5625,0,0.8316593,forward,166.36772778169578,1
151,5.038366666666667,257.5199604034424,,,,,,,,,,,,,,,,,,,,479.0625,1095.9375,0,0.8116487,446.25,1231.875,0,0.85512614,441.5625,1381.875,0,0.9587397,427.5,1461.5625,0,0.8433367,forward,168.21947781063494,1
152,5.071733333333333,257.97224044799805,,,,,,,,,,,,,,,,,,,,479.0625,1095.9375,0,0.8135351,441.5625,1231.875,0,0.8605578,441.5625,1381.875,0,0.95787907,427.5,1461.5625,0,0.84089375,forward,164.5778338263101,1
153,5.1051,258.85701179504395,,,,,,,,,,,,,,,,,,,,479.0625,1100.625,0,0.81899244,436.875,1231.875,0,0.85802245,441.5625,1377.1875,0,0.9550532,427.5,1456.875,0,0.8391173,forward,160.33349302575724,1
154,5.138466666666667,258.2058906555176,,,,,,,,,,,,,,,,,,,,479.0625,1110.0,0,0.8248284,432.1875,1236.5625,0,0.8840182,436.875,1381.875,0,0.9504398,427.5,1456.875,0,0.8364363,forward,157.82925054399647,1
155,5.171833333333334,259.4420909881592,,,,,,,,,,,,,,,,,,,,474.375,1110.0,0,0.8252342,427.5,1236.5625,0,0.89700484,436.875,1377.1875,0,0.95891434,427.5,1456.875,0,0.83631027,forward,155.8627827369369,1
156,5.2052000000000005,255.598783493042,,,,,,,,,,,,,,,,,,,,474.375,1110.0,0,0.82572174,422.8125,1231.875,0,0.9050731,436.875,1381.875,0,0.9661161,427.5,1456.875,0,0.8386209,forward,151.7120844887952,1
157,5.238566666666666,252.49481201171875,,,,,,,,,,,,,,,,,,,,474.375,1110.0,0,0.8282819,418.125,1231.875,0,0.9123125,436.875,1381.875,0,0.9699005,427.5,1456.875,0,0.8430642,forward,148.09984889632898,1
158,5.271933333333333,250.92196464538574,,,,,,,,,,,,,,,,,,,,474.375,1110.0,0,0.82726943,418.125,1231.875,0,0.9142827,436.875,1377.1875,0,0.9739623,427.5,1456.875,0,0.84180534,forward,147.87248884495264,1
159,5.3053,250.86593627929688,,,,,,,,,,,,,,,,,,,,474.375,1105.3125,0,0.8293319,418.125,1231.875,0,0.9095585,436.875,1377.1875,0,0.972962,427.5,1456.875,0,0.8427767,forward,148.68513798938605,1
160,5.338666666666667,256.0896873474121,,,,,,,,,,,,,,,,,,,,474.375,1105.3125,0,0.82461584,422.8125,1231.875,0,0.9140781,436.875,1381.875,0,0.9693413,427.5,1452.1875,0,0.8408456,forward,152.47783248351132,1
161,5.372033333333333,254.6830177307129,,,,,,,,,,,,,,,,,,,,479.0625,1105.3125,0,0.8227452,427.5,1231.875,0,0.89189553,436.875,1377.1875,0,0.9712406,427.5,1452.1875,0,0.84274316,forward,154.1422658819768,1
162,5.4054,255.1281452178955,,,,,,,,,,,,,,,,,,,,479.0625,1100.625,0,0.8211101,427.5,1236.5625,0,0.8874341,436.875,1377.1875,0,0.95798326,427.5,1456.875,0,0.8354955,forward,155.41366623828384,1
163,5.438766666666667,254.72307205200195,,,,,,,,,,,,,,,,,,,,479.0625,1095.9375,0,0.82175195,436.875,1231.875,0,0.8650857,436.875,1381.875,0,0.9548948,427.5,1456.875,0,0.83033466,forward,162.7585369470415,1
164,5.472133333333334,255.45120239257812,,,,,,,,,,,,,,,,,,,,479.0625,1095.9375,0,0.82344174,436.875,1231.875,0,0.8379487,441.5625,1377.1875,0,0.96064407,427.5,1456.875,0,0.84063566,forward,160.91091976981784,1
165,5.5055000000000005,256.24608993530273,,,,,,,,,,,,,,,,,,,,479.0625,1091.25,0,0.82064813,441.5625,1227.1875,0,0.8440422,441.5625,1381.875,0,0.9669152,427.5,1456.875,0,0.83972454,forward,164.5778338263101,1
166,5.538866666666666,255.06997108459473,,,,,,,,,,,,,,,,,,,,479.0625,1081.875,0,0.821499,450.9375,1227.1875,0,0.8186027,441.5625,1381.875,0,0.9601178,427.5,1456.875,0,0.8356669,forward,172.5141787719549,1
167,5.572233333333333,256.3018798828125,,,,,,,,,,,,,,,,,,,,479.0625,1081.875,0,0.81390715,455.625,1227.1875,0,0.8099811,441.5625,1381.875,0,0.9622847,427.5,1456.875,0,0.8316496,forward,176.03197214537502,1
168,5.6056,256.0770511627197,,,,,,,,,,,,,,,,,,,,479.0625,1077.1875,0,0.8104888,460.3125,1241.25,0,0.80397236,441.5625,1377.1875,0,0.95372796,427.5,1461.5625,0,0.8335076,forward,178.6664581600144,0
169,5.638966666666667,256.89077377319336,,,,,,,,,,,,,,,,,,,,479.0625,1077.1875,0,0.8179365,460.3125,1236.5625,0,0.82005644,441.5625,1377.1875,0,0.9564283,427.5,1456.875,0,0.8351994,forward,179.1150768773547,0
170,5.6723333333333334,254.15396690368652,,,,,,,,,,,,,,,,,,,,479.0625,1072.5,0,0.8229735,465.0,1227.1875,0,0.8180018,441.5625,1377.1875,0,0.9639174,427.5,1456.875,0,0.8446686,forward,176.31379152999088,0
171,5.7057,255.95521926879883,,,,,,,,,,,,,,,,,,,,479.0625,1067.8125,0,0.82211286,465.0,1227.1875,0,0.82870144,446.25,1377.1875,0,0.9630627,427.5,1456.875,0,0.8464401,forward,177.9174709601701,0
172,5.739066666666667,254.96220588684082,,,,,,,,,,,,,,,,,,,,479.0625,1063.125,0,0.81648123,460.3125,1227.1875,0,0.825409,441.5625,1377.1875,0,0.95980954,427.5,1456.875,0,0.84838235,forward,179.3950973255148,0
173,5.772433333333334,255.0220489501953,,,,,,,,,,,,,,,,,,,,479.0625,1058.4375,0,0.80422497,455.625,1222.5,0,0.828137,441.5625,1377.1875,0,0.96104467,427.5,1456.875,0,0.8464905,forward,177.0642834319384,1
174,5.8058000000000005,255.46598434448242,,,,,,,,,,,,,,,,,,,,479.0625,1053.75,0,0.79811156,450.9375,1222.5,0,0.81436825,441.5625,1377.1875,0,0.95092756,427.5,1456.875,0,0.8512592,forward,174.0058950042026,1
175,5.839166666666666,253.98707389831543,,,,,,,,,,,,,,,,,,,,479.0625,1049.0625,0,0.8002888,446.25,1222.5,0,0.82082516,441.5625,1381.875,0,0.9527103,427.5,1456.875,0,0.84621686,forward,170.97154161332867,1
176,5.872533333333333,254.9901008605957,,,,,,,,,,,,,,,,,,,,474.375,1039.6875,0,0.79779667,441.5625,1217.8125,0,0.8406824,436.875,1381.875,0,0.95915586,432.1875,1456.875,0,0.8428249,forward,171.19908451939696,1
177,5.9059,254.77027893066406,,,,,,,,,,,,,,,,,,,,474.375,1035.0,0,0.7967069,432.1875,1213.125,0,0.8569542,436.875,1381.875,0,0.9601054,432.1875,1456.875,0,0.840588,forward,165.0843197572185,1
178,5.939266666666667,255.23996353149414,,,,,,,,,,,,,,,,,,,,479.0625,1030.3125,0,0.7942883,432.1875,1213.125,0,0.8840785,436.875,1381.875,0,0.959184,432.1875,1456.875,0,0.83889604,forward,164.02746508357905,1
179,5.9726333333333335,254.58669662475586,,,,,,,,,,,,,,,,,,,,474.375,1025.625,0,0.7949692,427.5,1208.4375,0,0.89398754,436.875,1377.1875,0,0.960691,432.1875,1456.875,0,0.83851606,forward,162.43876176217896,1
180,6.006,254.47702407836914,,,,,,,,,,,,,,,,,,,,474.375,1025.625,0,0.7949047,432.1875,1208.4375,0,0.8932502,436.875,1377.1875,0,0.955528,432.1875,1456.875,0,0.8292652,forward,165.4142354375752,1
181,6.039366666666667,255.94496726989746,,,,,,,,,,,,,,,,,,,,474.375,1020.9375,0,0.79491246,432.1875,1208.4375,0,0.8899423,436.875,1377.1875,0,0.95531577,432.1875,1456.875,0,0.83305335,forward,165.72847917078366,1
182,6.072733333333334,254.86278533935547,,,,,,,,,,,,,,,,,,,,474.375,1016.25,0,0.78919834,432.1875,1203.75,0,0.88761723,436.875,1377.1875,0,0.9529818,427.5,1456.875,0,0.828156,forward,165.77146027873357,1
183,6.1061000000000005,255.51700592041016,,,,,,,,,,,,,,,,,,,,474.375,1011.5625,0,0.7831086,436.875,1203.75,0,0.8819841,436.875,1381.875,0,0.9495257,427.5,1456.875,0,0.8202693,forward,168.9590479721204,1
184,6.139466666666666,255.42283058166504,,,,,,,,,,,,,,,,,,,,474.375,1006.875,0,0.78511125,436.875,1199.0625,0,0.88558483,436.875,1381.875,0,0.950934,427.5,1456.875,0,0.8245827,forward,168.95906580454314,1
185,6.172833333333333,255.93018531799316,,,,,,,,,,,,,,,,,,,,479.0625,1006.875,0,0.7813758,441.5625,1194.375,0,0.88593435,436.875,1386.5625,0,0.9498913,427.5,1456.875,0,0.8198486,forward,170.08723700845562,1
186,6.2062,256.62803649902344,,,,,,,,,,,,,,,,,,,,474.375,997.5,0,0.7754739,441.5625,1189.6875,0,0.88504493,436.875,1386.5625,0,0.9523076,427.5,1456.875,0,0.8188752,forward,171.67512809300757,1
187,6.239566666666667,254.93121147155762,,,,,,,,,,,,,,,,,,,,474.375,988.125,0,0.77449596,446.25,1185.0,0,0.8727356,436.875,1386.5625,0,0.959911,427.5,1456.875,0,0.82726276,forward,174.53291356062059,1
188,6.2729333333333335,255.71513175964355,,,,,,,,,,,,,,,,,,,,479.0625,988.125,0,0.77373624,446.25,1189.6875,0,0.86970246,436.875,1386.5625,0,0.95590323,427.5,1456.875,0,0.81962943,forward,173.48022073924307,1
189,6.3063,256.64401054382324,,,,,,,,,,,,,,,,,,,,479.0625,988.125,0,0.76967275,450.9375,1189.6875,0,0.86956835,436.875,1386.5625,0,0.9516629,427.5,1456.875,0,0.8143033,forward,176.14217136282284,1
190,6.339666666666667,256.6642761230469,,,,,,,,,,,,,,,,,,,,479.0625,988.125,0,0.77051616,450.9375,1185.0,0,0.86786944,436.875,1386.5625,0,0.952489,427.5,1456.875,0,0.8209356,forward,175.86080634213945,1
191,6.373033333333334,255.07307052612305,,,,,,,,,,,,,,,,,,,,479.0625,983.4375,0,0.76969314,450.9375,1185.0,0,0.87251747,436.875,1386.5625,0,0.954752,427.5,1456.875,0,0.82059026,forward,176.04749875679474,1
192,6.4064000000000005,255.8610439300537,,,,,,,,,,,,,,,,,,,,479.0625,983.4375,0,0.76817805,450.9375,1185.0,0,0.8752079,436.875,1386.5625,0,0.9522944,427.5,1456.875,0,0.816231,forward,176.04749875679474,1
193,6.439766666666666,256.5758228302002,,,,,,,,,,,,,,,,,,,,479.0625,988.125,0,0.7660655,450.9375,1185.0,0,0.8677634,436.875,1386.5625,0,0.9514692,427.5,1456.875,0,0.8162869,forward,175.86080634213945,1
194,6.473133333333333,256.9589614868164,,,,,,,,,,,,,,,,,,,,479.0625,988.125,0,0.767846,450.9375,1185.0,0,0.86567473,436.875,1386.5625,0,0.9505887,427.5,1456.875,0,0.8153702,forward,175.86080634213945,1
195,6.5065,254.410982131958,,,,,,,,,,,,,,,,,,,,479.0625,988.125,0,0.764982,450.9375,1185.0,0,0.8650463,436.875,1386.5625,0,0.95344776,427.5,1456.875,0,0.8170322,forward,175.86080634213945,1
196,6.539866666666667,253.6330223083496,,,,,,,,,,,,,,,,,,,,479.0625,988.125,0,0.76180923,450.9375,1185.0,0,0.86273926,436.875,1386.5625,0,0.9550189,427.5,1456.875,0,0.8193591,forward,175.86080634213945,1
197,6.5732333333333335,253.3581256866455,,,,,,,,,,,,,,,,,,,,479.0625,988.125,0,0.76425195,450.9375,1185.0,0,0.8639439,436.875,1386.5625,0,0.95482266,427.5,1456.875,0,0.81558716,forward,175.86080634213945,1
198,6.6066,254.1050910949707,,,,,,,,,,,,,,,,,,,,479.0625,988.125,0,0.76781416,450.9375,1185.0,0,0.8673878,436.875,1386.5625,0,0.9563066,427.5,1456.875,0,0.81884444,forward,175.86080634213945,1
199,6.639966666666667,253.9052963256836,,,,,,,,,,,,,,,,,,,,479.0625,988.125,0,0.7633269,450.9375,1185.0,0,0.86346257,436.875,1386.5625,0,0.95574355,427.5,1456.875,0,0.82138956,forward,175.86080634213945,1
200,6.673333333333334,254.011869430542,,,,,,,,,,,,,,,,,,,,479.0625,988.125,0,0.76395583,450.9375,1185.0,0,0.8626654,436.875,1386.5625,0,0.95675623,427.5,1456.875,0,0.82055104,forward,175.86080634213945,1
201,6.7067000000000005,254.09793853759766,,,,,,,,,,,,,,,,,,,,479.0625,988.125,0,0.76455605,450.9375,1185.0,0,0.864344,436.875,1386.5625,0,0.95747143,422.8125,1456.875,0,0.819881,forward,175.86080634213945,1
202,6.740066666666666,253.3738613128662,,,,,,,,,,,,,,,,,,,,479.0625,988.125,0,0.76159763,450.9375,1185.0,0,0.8586893,436.875,1386.5625,0,0.9595853,427.5,1456.875,0,0.82057226,forward,175.86080634213945,1
203,6.773433333333333,255.9030055999756,,,,,,,,,,,,,,,,,,,,479.0625,988.125,0,0.7608757,450.9375,1185.0,0,0.86052924,436.875,1386.5625,0,0.95757604,427.5,1456.875,0,0.8192512,forward,175.86080634213945,1
204,6.8068,254.18686866760254,,,,,,,,,,,,,,,,,,,,479.0625,988.125,0,0.76001734,450.9375,1185.0,0,0.8594233,436.875,1386.5625,0,0.9570602,427.5,1456.875,0,0.8215082,forward,175.86080634213945,1
205,6.840166666666667,254.0149688720703,,,,,,,,,,,,,,,,,,,,479.0625,988.125,0,0.7606816,450.9375,1185.0,0,0.86336166,436.875,1386.5625,0,0.9548959,427.5,1456.875,0,0.8189795,forward,175.86080634213945,1
206,6.8735333333333335,254.1649341583252,,,,,,,,,,,,,,,,,,,,479.0625,988.125,0,0.76158315,450.9375,1189.6875,0,0.8616643,436.875,1386.5625,0,0.9524332,422.8125,1456.875,0,0.82179725,forward,176.14217136282284,1
207,6.9069,254.47583198547363,,,,,,,,,,,,,,,,,,,,479.0625,988.125,0,0.7640263,446.25,1189.6875,0,0.85823154,436.875,1386.5625,0,0.950886,422.8125,1456.875,0,0.81926835,forward,173.48022073924307,1
208,6.940266666666667,254.52613830566406,,,,,,,,,,,,,,,,,,,,474.375,988.125,0,0.76995933,446.25,1189.6875,0,0.8552854,436.875,1386.5625,0,0.94761586,422.8125,1456.875,0,0.8226161,forward,174.78285836125028,1
209,6.973633333333334,254.5757293701172,,,,,,,,,,,,,,,,,,,,474.375,988.125,0,0.7710883,446.25,1189.6875,0,0.85637593,436.875,1386.5625,0,0.95225513,422.8125,1456.875,0,0.81881857,forward,174.78285836125028,1
210,7.007000000000001,253.38077545166016,,,,,,,,,,,,,,,,,,,,474.375,997.5,0,0.7718694,446.25,1189.6875,0,0.8543157,436.875,1381.875,0,0.9514022,422.8125,1456.875,0,0.8204047,forward,174.46710272198072,1
211,7.040366666666666,254.5909881591797,,,,,,,,,,,,,,,,,,,,474.375,997.5,0,0.778585,446.25,1194.375,0,0.8585161,436.875,1381.875,0,0.9605914,427.5,1456.875,0,0.82702535,forward,174.73232509486164,1
212,7.073733333333333,254.1639804840088,,,,,,,,,,,,,,,,,,,,474.375,997.5,0,0.7816571,450.9375,1194.375,0,0.8677096,436.875,1381.875,0,0.9628338,422.8125,1456.875,0,0.82857275,forward,177.50017163248387,1
213,7.1071,258.7556838989258,,,,,,,,,,,,,,,,,,,,474.375,1006.875,0,0.776152,450.9375,1199.0625,0,0.86692965,436.875,1381.875,0,0.96358067,422.8125,1456.875,0,0.8266278,forward,177.44572048805645,1
214,7.140466666666667,252.99882888793945,,,,,,,,,,,,,,,,,,,,474.375,1006.875,0,0.7733809,450.9375,1199.0625,0,0.8628385,436.875,1381.875,0,0.96351105,427.5,1456.875,0,0.8255884,forward,177.44572048805645,1
215,7.1738333333333335,252.27904319763184,,,,,,,,,,,,,,,,,,,,474.375,1011.5625,0,0.7772818,446.25,1199.0625,0,0.8656417,436.875,1381.875,0,0.9605875,427.5,1456.875,0,0.8219533,forward,174.40486461771803,1
216,7.2072,253.2517910003662,,,,,,,,,,,,,,,,,,,,474.375,1016.25,0,0.7739601,446.25,1203.75,0,0.86467767,436.875,1381.875,0,0.9625668,427.5,1452.1875,0,0.8235212,forward,174.48199909210473,1
217,7.240566666666667,251.6307830810547,,,,,,,,,,,,,,,,,,,,474.375,1016.25,0,0.77389127,446.25,1203.75,0,0.86470103,436.875,1381.875,0,0.959426,427.5,1452.1875,0,0.8241954,forward,174.48199909210473,1
218,7.273933333333334,258.5868835449219,,,,,,,,,,,,,,,,,,,,474.375,1025.625,0,0.7701515,446.25,1203.75,0,0.8600695,436.875,1381.875,0,0.9609749,427.5,1452.1875,0,0.82980025,forward,174.0401677306793,1
219,7.307300000000001,257.8580379486084,,,,,,,,,,,,,,,,,,,,474.375,1025.625,0,0.77665114,441.5625,1208.4375,0,0.8603504,436.875,1381.875,0,0.9579729,427.5,1452.1875,0,0.83001673,forward,171.3726289846906,1
220,7.3406666666666665,258.1620216369629,,,,,,,,,,,,,,,,,,,,474.375,1025.625,0,0.77477765,436.875,1213.125,0,0.8569602,436.875,1381.875,0,0.9553454,427.5,1452.1875,0,0.83057034,forward,168.69007098271695,1
221,7.374033333333333,257.16304779052734,,,,,,,,,,,,,,,,,,,,474.375,1030.3125,0,0.77348876,436.875,1213.125,0,0.8651142,436.875,1381.875,0,0.9618021,427.5,1452.1875,0,0.8321147,forward,168.4078398370757,1
222,7.4074,256.5040588378906,,,,,,,,,,,,,,,,,,,,474.375,1035.0,0,0.7798122,436.875,1217.8125,0,0.862952,436.875,1381.875,0,0.964123,427.5,1452.1875,0,0.8386897,forward,168.40782284182276,1
223,7.440766666666667,255.42902946472168,,,,,,,,,,,,,,,,,,,,474.375,1035.0,0,0.77936244,432.1875,1222.5,0,0.86944926,436.875,1381.875,0,0.96417964,427.5,1452.1875,0,0.8325393,forward,165.634922863285,1
224,7.4741333333333335,256.27708435058594,,,,,,,,,,,,,,,,,,,,469.6875,1039.6875,0,0.78138494,432.1875,1222.5,0,0.8676837,436.875,1381.875,0,0.96497774,427.5,1452.1875,0,0.83563465,forward,166.72313115571157,1
225,7.5075,256.1311721801758,,,,,,,,,,,,,,,,,,,,474.375,1044.375,0,0.7872251,432.1875,1227.1875,0,0.87051547,436.875,1381.875,0,0.9624661,427.5,1452.1875,0,0.840543,forward,165.2696823599482,1
226,7.540866666666667,258.01777839660645,,,,,,,,,,,,,,,,,,,,469.6875,1049.0625,0,0.7899345,432.1875,1227.1875,0,0.8709532,436.875,1381.875,0,0.9652239,427.5,1452.1875,0,0.8383441,forward,166.3756559647676,1
227,7.574233333333334,257.1530342102051,,,,,,,,,,,,,,,,,,,,469.6875,1053.75,0,0.7896366,432.1875,1227.1875,0,0.8682121,436.875,1381.875,0,0.96355927,427.5,1452.1875,0,0.83680785,forward,166.06383660151897,1
228,7.6076,255.87892532348633,,,,,,,,,,,,,,,,,,,,469.6875,1063.125,0,0.8026062,427.5,1227.1875,0,0.8776221,436.875,1381.875,0,0.9655848,422.8125,1452.1875,0,0.83777726,forward,162.1109937969354,1
229,7.6409666666666665,256.15501403808594,,,,,,,,,,,,,,,,,,,,469.6875,1063.125,0,0.80934864,427.5,1227.1875,0,0.87160516,436.875,1381.875,0,0.9687835,422.8125,1452.1875,0,0.83691657,forward,162.1109937969354,1
230,7.674333333333333,256.69002532958984,,,,,,,,,,,,,,,,,,,,469.6875,1067.8125,0,0.806816,427.5,1227.1875,0,0.8730982,436.875,1377.1875,0,0.96633214,427.5,1452.1875,0,0.8376885,forward,161.5971784916834,1
231,7.7077,256.41584396362305,,,,,,,,,,,,,,,,,,,,469.6875,1067.8125,0,0.80923235,427.5,1227.1875,0,0.8709395,436.875,1377.1875,0,0.97174346,427.5,1452.1875,0,0.83918583,forward,161.5971784916834,1
232,7.741066666666667,257.37905502319336,,,,,,,,,,,,,,,,,,,,469.6875,1077.1875,0,0.81035733,427.5,1231.875,0,0.8521265,436.875,1377.1875,0,0.964033,427.5,1452.1875,0,0.837309,forward,161.05348184329912,1
233,7.7744333333333335,256.9746971130371,,,,,,,,,,,,,,,,,,,,469.6875,1077.1875,0,0.8206396,427.5,1231.875,0,0.85284024,436.875,1377.1875,0,0.9675634,427.5,1452.1875,0,0.8420664,forward,161.05348184329912,1
234,7.8078,256.64305686950684,,,,,,,,,,,,,,,,,,,,469.6875,1081.875,0,0.8229226,432.1875,1236.5625,0,0.8569639,436.875,1377.1875,0,0.9686202,427.5,1452.1875,0,0.8385554,forward,164.46384711876726,1
235,7.841166666666667,257.45368003845215,,,,,,,,,,,,,,,,,,,,474.375,1086.5625,0,0.8234198,432.1875,1236.5625,0,0.8585267,436.875,1377.1875,0,0.9626757,427.5,1452.1875,0,0.8426349,forward,162.38221181921955,1
236,7.874533333333334,260.0722312927246,,,,,,,,,,,,,,,,,,,,474.375,1095.9375,0,0.8271731,432.1875,1236.5625,0,0.8607528,436.875,1377.1875,0,0.96145546,427.5,1452.1875,0,0.83134586,forward,161.3916146866785,1
237,7.9079,257.293701171875,,,,,,,,,,,,,,,,,,,,474.375,1095.9375,0,0.8240378,432.1875,1236.5625,0,0.85428584,436.875,1377.1875,0,0.957873,427.5,1452.1875,0,0.8309946,forward,161.3916146866785,1
238,7.9412666666666665,256.89196586608887,,,,,,,,,,,,,,,,,,,,474.375,1100.625,0,0.82154804,432.1875,1241.25,0,0.863647,436.875,1381.875,0,0.95686483,427.5,1452.1875,0,0.8237006,forward,161.3916146866785,1
239,7.974633333333333,257.490873336792,,,,,,,,,,,,,,,,,,,,474.375,1095.9375,0,0.8244356,432.1875,1236.5625,0,0.86266243,436.875,1377.1875,0,0.9609115,427.5,1452.1875,0,0.8310797,forward,161.3916146866785,1
240,8.008000000000001,257.5490474700928,,,,,,,,,,,,,,,,,,,,474.375,1105.3125,0,0.8280032,427.5,1236.5625,0,0.86938536,436.875,1377.1875,0,0.9618621,427.5,1452.1875,0,0.8290088,forward,156.53209520819422,1
241,8.041366666666667,258.61406326293945,,,,,,,,,,,,,,,,,,,,474.375,1105.3125,0,0.82709587,427.5,1236.5625,0,0.875765,436.875,1377.1875,0,0.9632208,427.5,1452.1875,0,0.8291403,forward,156.53209520819422,1
242,8.074733333333333,257.580041885376,,,,,,,,,,,,,,,,,,,,474.375,1100.625,0,0.8267982,427.5,1236.5625,0,0.87111986,436.875,1377.1875,0,0.9661862,427.5,1452.1875,0,0.8321158,forward,157.16032912731146,1
243,8.1081,257.5061321258545,,,,,,,,,,,,,,,,,,,,479.0625,1100.625,0,0.82697624,427.5,1236.5625,0,0.8799354,436.875,1377.1875,0,0.9632354,427.5,1452.1875,0,0.8341899,forward,155.41366623828384,1
244,8.141466666666666,258.0406665802002,,,,,,,,,,,,,,,,,,,,479.0625,1100.625,0,0.8279998,427.5,1236.5625,0,0.8755969,436.875,1377.1875,0,0.96231735,427.5,1452.1875,0,0.8347744,forward,155.41366623828384,1
245,8.174833333333334,257.71284103393555,,,,,,,,,,,,,,,,,,,,479.0625,1100.625,0,0.8273376,432.1875,1241.25,0,0.8736674,441.5625,1377.1875,0,0.95676947,427.5,1452.1875,0,0.83192277,forward,157.61986325659615,1
246,8.2082,257.55786895751953,,,,,,,,,,,,,,,,,,,,479.0625,1105.3125,0,0.8278097,432.1875,1241.25,0,0.86979324,441.5625,1377.1875,0,0.95579344,427.5,1452.1875,0,0.8308644,forward,157.02921217620644,1
247,8.241566666666667,257.8849792480469,,,,,,,,,,,,,,,,,,,,479.0625,1100.625,0,0.8302585,432.1875,1241.25,0,0.86329937,441.5625,1377.1875,0,0.9564352,427.5,1456.875,0,0.8366679,forward,157.61986325659615,1
248,8.274933333333333,257.95507431030273,,,,,,,,,,,,,,,,,,,,479.0625,1105.3125,0,0.8324969,432.1875,1241.25,0,0.86865044,441.5625,1377.1875,0,0.9553943,422.8125,1452.1875,0,0.83332175,forward,157.02921217620644,1
249,8.308300000000001,256.12902641296387,,,,,,,,,,,,,,,,,,,,474.375,1091.25,0,0.8343948,432.1875,1241.25,0,0.8674154,441.5625,1377.1875,0,0.9606456,427.5,1452.1875,0,0.8357086,forward,160.34619150693035,1
250,8.341666666666667,256.05201721191406,,,,,,,,,,,,,,,,,,,,474.375,1091.25,0,0.8315538,432.1875,1241.25,0,0.86629736,441.5625,1377.1875,0,0.962903,427.5,1452.1875,0,0.83497447,forward,160.34619150693035,1
251,8.375033333333333,255.91015815734863,,,,,,,,,,,,,,,,,,,,474.375,1086.5625,0,0.82810307,432.1875,1241.25,0,0.8684385,441.5625,1377.1875,0,0.96609735,427.5,1456.875,0,0.83504623,forward,160.79969523190732,1
252,8.4084,257.4129104614258,,,,,,,,,,,,,,,,,,,,469.6875,1077.1875,0,0.8227612,432.1875,1241.25,0,0.86100733,436.875,1377.1875,0,0.96360165,427.5,1456.875,0,0.8359777,forward,165.15007066131196,1
253,8.441766666666666,257.22289085388184,,,,,,,,,,,,,,,,,,,,469.6875,1072.5,0,0.81764007,432.1875,1241.25,0,0.87178546,436.875,1377.1875,0,0.9604934,427.5,1456.875,0,0.83924353,forward,165.4962620830371,1
254,8.475133333333334,257.0991516113281,,,,,,,,,,,,,,,,,,,,469.6875,1067.8125,0,0.81083775,432.1875,1236.5625,0,0.8650005,436.875,1377.1875,0,0.96092725,427.5,1456.875,0,0.83954394,forward,165.5620391126756,1
255,8.5085,257.0686340332031,,,,,,,,,,,,,,,,,,,,474.375,1063.125,0,0.81252384,432.1875,1236.5625,0,0.8656075,436.875,1377.1875,0,0.962201,427.5,1456.875,0,0.84311795,forward,164.41953804793184,1
256,8.541866666666667,258.0289840698242,,,,,,,,,,,,,,,,,,,,474.375,1053.75,0,0.80253994,432.1875,1231.875,0,0.8648559,436.875,1377.1875,0,0.96099436,427.5,1456.875,0,0.83874416,forward,164.82784472871995,1
257,8.575233333333333,257.04288482666016,,,,,,,,,,,,,,,,,,,,474.375,1049.0625,0,0.791399,432.1875,1227.1875,0,0.86771,436.875,1377.1875,0,0.9583256,427.5,1456.875,0,0.83366644,forward,164.88554863003634,1
258,8.608600000000001,256.7250728607178,,,,,,,,,,,,,,,,,,,,474.375,1039.6875,0,0.7926513,432.1875,1222.5,0,0.86836624,436.875,1381.875,0,0.9598551,427.5,1456.875,0,0.83511853,forward,165.3206855996469,1
259,8.641966666666667,256.5939426422119,,,,,,,,,,,,,,,,,,,,474.375,1039.6875,0,0.7895911,436.875,1222.5,0,0.8723701,436.875,1381.875,0,0.95090556,427.5,1456.875,0,0.8295872,forward,168.40782284182276,1
260,8.675333333333333,257.1268081665039,,,,,,,,,,,,,,,,,,,,474.375,1035.0,0,0.78602886,436.875,1213.125,0,0.87929964,436.875,1381.875,0,0.9490781,427.5,1456.875,0,0.82546437,forward,168.11134014555319,1
261,8.7087,256.2267780303955,,,,,,,,,,,,,,,,,,,,479.0625,1025.625,0,0.7785037,436.875,1208.4375,0,0.8809743,436.875,1381.875,0,0.9533719,427.5,1456.875,0,0.8269082,forward,167.00537472323114,1
262,8.742066666666666,257.274866104126,,,,,,,,,,,,,,,,,,,,474.375,1020.9375,0,0.77948767,441.5625,1203.75,0,0.8963151,436.875,1381.875,0,0.95768297,427.5,1456.875,0,0.8214847,forward,171.3319500136271,1
263,8.775433333333334,256.4239501953125,,,,,,,,,,,,,,,,,,,,474.375,1016.25,0,0.78112185,441.5625,1203.75,0,0.8842336,436.875,1381.875,0,0.95535386,427.5,1456.875,0,0.8201127,forward,171.58121081117685,1
264,8.8088,259.7310543060303,,,,,,,,,,,,,,,,,,,,479.0625,1011.5625,0,0.77618754,441.5625,1203.75,0,0.88042927,436.875,1381.875,0,0.9542768,427.5,1456.875,0,0.81596655,forward,170.46650557128171,1
265,8.842166666666667,255.69677352905273,,,,,,,,,,,,,,,,,,,,479.0625,1006.875,0,0.77468085,446.25,1199.0625,0,0.8697561,436.875,1381.875,0,0.95709217,427.5,1456.875,0,0.8212012,forward,173.24686259519729,1
266,8.875533333333333,253.86404991149902,,,,,,,,,,,,,,,,,,,,479.0625,997.5,0,0.7803338,446.25,1194.375,0,0.8797891,436.875,1381.875,0,0.9504987,422.8125,1456.875,0,0.8148898,forward,173.40007556000222,1
267,8.908900000000001,251.43909454345703,,,,,,,,,,,,,,,,,,,,479.0625,997.5,0,0.76817155,446.25,1189.6875,0,0.87060004,436.875,1386.5625,0,0.9531801,422.8125,1456.875,0,0.81405675,forward,173.03753337289294,1
268,8.942266666666667,252.2280216217041,,,,,,,,,,,,,,,,,,,,479.0625,992.8125,0,0.76986617,450.9375,1189.6875,0,0.87648535,436.875,1386.5625,0,0.9504394,422.8125,1456.875,0,0.8103131,forward,175.95557052222773,1
269,8.975633333333333,254.72593307495117,,,,,,,,,,,,,,,,,,,,479.0625,988.125,0,0.7678534,450.9375,1189.6875,0,0.8693469,436.875,1386.5625,0,0.95393336,422.8125,1456.875,0,0.8096475,forward,176.14217136282284,1
270,9.009,254.7900676727295,,,,,,,,,,,,,,,,,,,,479.0625,988.125,0,0.77137095,450.9375,1185.0,0,0.8680973,436.875,1386.5625,0,0.9507648,427.5,1456.875,0,0.80911326,forward,175.86080634213945,1
271,9.042366666666666,254.33921813964844,,,,,,,,,,,,,,,,,,,,479.0625,988.125,0,0.77689207,450.9375,1189.6875,0,0.86637414,436.875,1386.5625,0,0.9517485,422.8125,1456.875,0,0.806615,forward,176.14217136282284,1
272,9.075733333333334,255.13291358947754,,,,,,,,,,,,,,,,,,,,479.0625,988.125,0,0.7732653,450.9375,1189.6875,0,0.86830366,436.875,1386.5625,0,0.95069104,422.8125,1456.875,0,0.80829644,forward,176.14217136282284,1
273,9.1091,255.82003593444824,,,,,,,,,,,,,,,,,,,,479.0625,988.125,0,0.77332973,450.9375,1189.6875,0,0.86480117,436.875,1386.5625,0,0.9485795,422.8125,1456.875,0,0.80782425,forward,176.14217136282284,1
274,9.142466666666667,254.20594215393066,,,,,,,,,,,,,,,,,,,,479.0625,988.125,0,0.7704885,446.25,1189.6875,0,0.86522746,436.875,1386.5625,0,0.9489078,422.8125,1456.875,0,0.81070805,forward,173.48022073924307,1
275,9.175833333333333,254.08196449279785,,,,,,,,,,,,,,,,,,,,474.375,988.125,0,0.76992786,446.25,1189.6875,0,0.8633125,436.875,1386.5625,0,0.94817424,422.8125,1456.875,0,0.8102333,forward,174.78285836125028,1
276,9.209200000000001,253.9362907409668,,,,,,,,,,,,,,,,,,,,474.375,988.125,0,0.7746419,446.25,1189.6875,0,0.8622631,436.875,1386.5625,0,0.94560766,422.8125,1456.875,0,0.81086326,forward,174.78285836125028,1
277,9.242566666666667,254.79912757873535,,,,,,,,,,,,,,,,,,,,474.375,988.125,0,0.77623105,446.25,1189.6875,0,0.858185,436.875,1386.5625,0,0.94386613,422.8125,1456.875,0,0.8073307,forward,174.78285836125028,1
278,9.275933333333333,253.8759708404541,,,,,,,,,,,,,,,,,,,,474.375,988.125,0,0.77250016,446.25,1189.6875,0,0.8558416,436.875,1386.5625,0,0.9446993,422.8125,1456.875,0,0.80873555,forward,174.78285836125028,1
279,9.3093,254.76908683776855,,,,,,,,,,,,,,,,,,,,474.375,988.125,0,0.77348065,446.25,1189.6875,0,0.8520722,436.875,1386.5625,0,0.94700086,422.8125,1456.875,0,0.8130549,forward,174.78285836125028,1
280,9.342666666666666,255.7659149169922,,,,,,,,,,,,,,,,,,,,474.375,988.125,0,0.7720963,446.25,1189.6875,0,0.85232645,436.875,1386.5625,0,0.9518534,422.8125,1456.875,0,0.8141905,forward,174.78285836125028,1
281,9.376033333333334,254.34327125549316,,,,,,,,,,,,,,,,,,,,474.375,988.125,0,0.7747173,446.25,1189.6875,0,0.8538824,436.875,1386.5625,0,0.9511682,422.8125,1456.875,0,0.81297266,forward,174.78285836125028,1
282,9.4094,254.9290657043457,,,,,,,,,,,,,,,,,,,,474.375,988.125,0,0.78065133,446.25,1189.6875,0,0.85916364,436.875,1386.5625,0,0.9504212,422.8125,1456.875,0,0.8130299,forward,174.78285836125028,1
283,9.442766666666667,254.8086643218994,,,,,,,,,,,,,,,,,,,,474.375,988.125,0,0.7829207,446.25,1189.6875,0,0.8611702,436.875,1386.5625,0,0.95190907,422.8125,1456.875,0,0.8153714,forward,174.78285836125028,1
284,9.476133333333333,255.38301467895508,,,,,,,,,,,,,,,,,,,,474.375,988.125,0,0.78291273,446.25,1189.6875,0,0.85963833,436.875,1386.5625,0,0.9515436,422.8125,1456.875,0,0.81549895,forward,174.78285836125028,1
285,9.509500000000001,256.15692138671875,,,,,,,,,,,,,,,,,,,,474.375,983.4375,0,0.78266084,446.25,1189.6875,0,0.85885483,436.875,1386.5625,0,0.9491352,422.8125,1456.875,0,0.81433594,forward,174.96117701844835,1
286,9.542866666666667,255.53011894226074,,,,,,,,,,,,,,,,,,,,474.375,983.4375,0,0.7858164,446.25,1189.6875,0,0.86340106,436.875,1386.5625,0,0.9492293,422.8125,1456.875,0,0.81210065,forward,174.96117701844835,1
287,9.576233333333333,255.11598587036133,,,,,,,,,,,,,,,,,,,,474.375,988.125,0,0.78609395,446.25,1189.6875,0,0.8644706,436.875,1386.5625,0,0.9485873,422.8125,1456.875,0,0.81418216,forward,174.78285836125028,1
288,9.6096,256.49499893188477,,,,,,,,,,,,,,,,,,,,474.375,988.125,0,0.7884308,446.25,1189.6875,0,0.8671557,436.875,1386.5625,0,0.94743294,422.8125,1456.875,0,0.8135942,forward,174.78285836125028,1
289,9.642966666666666,254.69112396240234,,,,,,,,,,,,,,,,,,,,474.375,988.125,0,0.78551894,446.25,1194.375,0,0.8676801,436.875,1386.5625,0,0.95351994,422.8125,1456.875,0,0.8212525,forward,175.02759758786075,1
290,9.676333333333334,254.35805320739746,,,,,,,,,,,,,,,,,,,,474.375,992.8125,0,0.77741295,446.25,1189.6875,0,0.8578428,436.875,1386.5625,0,0.9559257,422.8125,1456.875,0,0.82167196,forward,174.59622285308626,1
291,9.7097,254.41598892211914,,,,,,,,,,,,,,,,,,,,474.375,992.8125,0,0.77353024,446.25,1194.375,0,0.8600982,436.875,1381.875,0,0.9552252,422.8125,1456.875,0,0.81550944,forward,174.91897119450783,1
292,9.743066666666667,253.75890731811523,,,,,,,,,,,,,,,,,,,,474.375,997.5,0,0.7774414,446.25,1194.375,0,0.8613827,436.875,1381.875,0,0.9616291,427.5,1456.875,0,0.8247123,forward,174.73232509486164,1
293,9.776433333333333,254.81200218200684,,,,,,,,,,,,,,,,,,,,479.0625,997.5,0,0.7688345,446.25,1194.375,0,0.8598864,436.875,1381.875,0,0.9606246,422.8125,1456.875,0,0.82094884,forward,173.40007556000222,1
294,9.809800000000001,256.8225860595703,,,,,,,,,,,,,,,,,,,,479.0625,1002.1875,0,0.76439893,446.25,1194.375,0,0.86439526,436.875,1381.875,0,0.9600612,422.8125,1456.875,0,0.8118303,forward,173.17363639572235,1
295,9.843166666666667,254.07099723815918,,,,,,,,,,,,,,,,,,,,479.0625,1002.1875,0,0.7708485,450.9375,1199.0625,0,0.868544,436.875,1381.875,0,0.9541179,422.8125,1456.875,0,0.81115425,forward,176.2685988084574,1
296,9.876533333333333,262.18485832214355,,,,,,,,,,,,,,,,,,,,479.0625,1006.875,0,0.76804626,450.9375,1199.0625,0,0.86976886,436.875,1381.875,0,0.951793,422.8125,1456.875,0,0.80865073,forward,176.07304721205557,1
297,9.9099,262.5699043273926,,,,,,,,,,,,,,,,,,,,479.0625,1011.5625,0,0.77194834,446.25,1203.75,0,0.86855507,436.875,1381.875,0,0.9513849,422.8125,1456.875,0,0.8054943,forward,173.32403030482752,1
298,9.943266666666666,257.4658393859863,,,,,,,,,,,,,,,,,,,,479.0625,1016.25,0,0.7670493,446.25,1203.75,0,0.86262286,436.875,1381.875,0,0.947302,427.5,1456.875,0,0.8015499,forward,173.08655693407152,1
299,9.976633333333334,257.57408142089844,,,,,,,,,,,,,,,,,,,,479.0625,1016.25,0,0.77293265,446.25,1203.75,0,0.86483955,436.875,1381.875,0,0.95138633,427.5,1456.875,0,0.8049624,forward,173.08655693407152,1
300,10.01,256.43396377563477,,,,,,,,,,,,,,,,,,,,479.0625,1020.9375,0,0.76612425,446.25,1203.75,0,0.86016417,436.875,1381.875,0,0.9529129,427.5,1456.875,0,0.8039883,forward,172.83727218837487,1
301,10.043366666666667,259.9978446960449,,,,,,,,,,,,,,,,,,,,479.0625,1025.625,0,0.7670665,446.25,1203.75,0,0.86093706,436.875,1381.875,0,0.9515446,427.5,1456.875,0,0.8018929,forward,172.5753206197414,1
302,10.076733333333333,257.77697563171387,,,,,,,,,,,,,,,,,,,,479.0625,1025.625,0,0.7679875,446.25,1208.4375,0,0.85844165,436.875,1381.875,0,0.95069706,427.5,1456.875,0,0.81042486,forward,172.9185564396981,1
303,10.110100000000001,256.04987144470215,,,,,,,,,,,,,,,,,,,,479.0625,1025.625,0,0.76807785,441.5625,1213.125,0,0.86083984,436.875,1381.875,0,0.9484571,427.5,1452.1875,0,0.81165767,forward,170.2812082272243,1
304,10.143466666666667,254.40073013305664,,,,,,,,,,,,,,,,,,,,479.0625,1030.3125,0,0.76942897,441.5625,1213.125,0,0.8608779,436.875,1386.5625,0,0.94779193,427.5,1452.1875,0,0.8058487,forward,169.95597572050923,1
305,10.176833333333333,255.70917129516602,,,,,,,,,,,,,,,,,,,,479.0625,1035.0,0,0.7650798,436.875,1217.8125,0,0.8730458,436.875,1386.5625,0,0.94728065,422.8125,1452.1875,0,0.8032483,forward,167.00537472323114,1
306,10.2102,255.8751106262207,,,,,,,,,,,,,,,,,,,,479.0625,1039.6875,0,0.7704905,436.875,1217.8125,0,0.8857388,436.875,1386.5625,0,0.9468821,422.8125,1452.1875,0,0.8073213,forward,166.67546624032596,1
307,10.243566666666666,255.95879554748535,,,,,,,,,,,,,,,,,,,,479.0625,1039.6875,0,0.7682497,432.1875,1222.5,0,0.8810817,436.875,1386.5625,0,0.949741,422.8125,1452.1875,0,0.80435705,forward,163.98203090693343,1
308,10.276933333333334,255.54180145263672,,,,,,,,,,,,,,,,,,,,474.375,1044.375,0,0.78129244,432.1875,1222.5,0,0.8820901,436.875,1386.5625,0,0.95077133,422.8125,1452.1875,0,0.8073747,forward,165.03887885522622,1
309,10.3103,255.92589378356934,,,,,,,,,,,,,,,,,,,,474.375,1044.375,0,0.77377605,432.1875,1222.5,0,0.87697005,436.875,1381.875,0,0.9548819,422.8125,1452.1875,0,0.8161491,forward,164.9907633364294,1
310,10.343666666666667,256.47521018981934,,,,,,,,,,,,,,,,,,,,474.375,1049.0625,0,0.77682877,432.1875,1227.1875,0,0.8749243,436.875,1381.875,0,0.9555563,422.8125,1452.1875,0,0.81876236,forward,164.93976163602346,1
311,10.377033333333333,256.1910152435303,,,,,,,,,,,,,,,,,,,,474.375,1053.75,0,0.7748823,432.1875,1227.1875,0,0.8747127,436.875,1381.875,0,0.9553461,422.8125,1452.1875,0,0.82034904,forward,164.59300766015744,1
312,10.410400000000001,255.59306144714355,,,,,,,,,,,,,,,,,,,,474.375,1053.75,0,0.7839848,432.1875,1227.1875,0,0.8665916,436.875,1377.1875,0,0.9607464,427.5,1452.1875,0,0.8240856,forward,164.5387906157494,1
313,10.443766666666667,255.28502464294434,,,,,,,,,,,,,,,,,,,,474.375,1058.4375,0,0.7927948,432.1875,1227.1875,0,0.8649073,436.875,1377.1875,0,0.95703167,427.5,1452.1875,0,0.82600516,forward,164.17385581172644,1
314,10.477133333333333,255.90014457702637,,,,,,,,,,,,,,,,,,,,474.375,1063.125,0,0.7994617,432.1875,1227.1875,0,0.87393546,436.875,1381.875,0,0.9620424,427.5,1452.1875,0,0.82044196,forward,163.84351702728787,1
315,10.5105,256.0100555419922,,,,,,,,,,,,,,,,,,,,474.375,1067.8125,0,0.8067983,432.1875,1231.875,0,0.8699113,436.875,1377.1875,0,0.96281064,427.5,1452.1875,0,0.8235108,forward,163.73160887574275,1
316,10.543866666666666,256.7570209503174,,,,,,,,,,,,,,,,,,,,479.0625,1072.5,0,0.80922174,427.5,1227.1875,0,0.8737702,436.875,1377.1875,0,0.964473,427.5,1452.1875,0,0.8211377,forward,157.98871836850637,1
317,10.577233333333334,254.59980964660645,,,,,,,,,,,,,,,,,,,,479.0625,1077.1875,0,0.8130206,427.5,1231.875,0,0.87797046,436.875,1377.1875,0,0.96445227,422.8125,1452.1875,0,0.8215475,forward,157.87366381838095,1
318,10.6106,252.72512435913086,,,,,,,,,,,,,,,,,,,,474.375,1077.1875,0,0.8166833,427.5,1231.875,0,0.87916744,436.875,1377.1875,0,0.96780646,427.5,1452.1875,0,0.8265625,forward,159.45021100343726,1
319,10.643966666666667,251.33514404296875,,,,,,,,,,,,,,,,,,,,479.0625,1086.5625,0,0.8227241,427.5,1227.1875,0,0.8751384,436.875,1377.1875,0,0.971937,427.5,1452.1875,0,0.8273257,forward,156.28736813086155,1
320,10.677333333333333,251.478910446167,,,,,,,,,,,,,,,,,,,,479.0625,1091.25,0,0.81707335,427.5,1227.1875,0,0.86318445,436.875,1377.1875,0,0.9673082,427.5,1452.1875,0,0.824834,forward,155.65140911417262,1
321,10.710700000000001,293.55382919311523,,,,,,,,,,,,,,,,,,,,479.0625,1095.9375,0,0.81896544,427.5,1227.1875,0,0.87014794,436.875,1377.1875,0,0.96499705,422.8125,1452.1875,0,0.8201169,forward,154.97593404267508,1
322,10.744066666666667,264.3768787384033,,,,,,,,,,,,,,,,,,,,479.0625,1105.3125,0,0.8192799,427.5,1227.1875,0,0.87054634,436.875,1377.1875,0,0.9614656,422.8125,1452.1875,0,0.8239951,forward,153.49157375198942,1
323,10.777433333333333,260.8671188354492,,,,,,,,,,,,,,,,,,,,479.0625,1105.3125,0,0.8198705,427.5,1227.1875,0,0.87617815,436.875,1377.1875,0,0.95802784,422.8125,1452.1875,0,0.8205489,forward,153.49157375198942,1
324,10.8108,259.30309295654297,,,,,,,,,,,,,,,,,,,,479.0625,1105.3125,0,0.8213067,432.1875,1227.1875,0,0.88430715,441.5625,1377.1875,0,0.9620716,427.5,1452.1875,0,0.825083,forward,155.38615890596745,1
325,10.844166666666666,259.1991424560547,,,,,,,,,,,,,,,,,,,,479.0625,1105.3125,0,0.82066303,432.1875,1231.875,0,0.90502775,441.5625,1377.1875,0,0.9573543,422.8125,1452.1875,0,0.82510227,forward,155.98547455123332,1
326,10.877533333333334,259.0668201446533,,,,,,,,,,,,,,,,,,,,479.0625,1110.0,0,0.8208813,432.1875,1227.1875,0,0.9007863,441.5625,1377.1875,0,0.9547049,422.8125,1452.1875,0,0.82742167,forward,154.62225971257362,1
327,10.9109,257.0779323577881,,,,,,,,,,,,,,,,,,,,479.0625,1110.0,0,0.81969655,432.1875,1231.875,0,0.9050262,441.5625,1377.1875,0,0.9491955,422.8125,1452.1875,0,0.8259076,forward,155.27109328679407,1
328,10.944266666666667,257.61914253234863,,,,,,,,,,,,,,,,,,,,479.0625,1114.6875,0,0.8242861,432.1875,1227.1875,0,0.9110166,441.5625,1377.1875,0,0.954438,422.8125,1452.1875,0,0.8304434,forward,153.8038022479384,1
329,10.977633333333333,259.4261169433594,,,,,,,,,,,,,,,,,,,,479.0625,1114.6875,0,0.8218509,432.1875,1231.875,0,0.9103456,441.5625,1377.1875,0,0.9508338,422.8125,1456.875,0,0.8308892,forward,154.50720162342495,1
330,11.011000000000001,256.6530704498291,,,,,,,,,,,,,,,,,,,,479.0625,1110.0,0,0.82196146,432.1875,1231.875,0,0.9119308,441.5625,1377.1875,0,0.9526871,422.8125,1452.1875,0,0.82958937,forward,155.27109328679407,1
331,11.044366666666667,262.32171058654785,,,,,,,,,,,,,,,,,,,,479.0625,1110.0,0,0.8199512,432.1875,1231.875,0,0.90994537,441.5625,1377.1875,0,0.95313776,422.8125,1456.875,0,0.83151126,forward,155.27109328679407,1
332,11.077733333333333,260.2272033691406,,,,,,,,,,,,,,,,,,,,479.0625,1110.0,0,0.82443446,432.1875,1231.875,0,0.90263134,441.5625,1377.1875,0,0.9560218,422.8125,1456.875,0,0.8342741,forward,155.27109328679407,1
333,11.1111,260.4830265045166,,,,,,,,,,,,,,,,,,,,479.0625,1105.3125,0,0.8246684,432.1875,1231.875,0,0.89841765,441.5625,1377.1875,0,0.9584342,422.8125,1452.1875,0,0.8313673,forward,155.98547455123332,1
334,11.144466666666666,260.2057456970215,,,,,,,,,,,,,,,,,,,,479.0625,1100.625,0,0.82532847,432.1875,1231.875,0,0.89276844,441.5625,1377.1875,0,0.96233064,422.8125,1456.875,0,0.83665764,forward,156.65477980344846,1
335,11.177833333333334,260.29014587402344,,,,,,,,,,,,,,,,,,,,479.0625,1095.9375,0,0.82689863,432.1875,1231.875,0,0.8784821,441.5625,1377.1875,0,0.9626819,422.8125,1456.875,0,0.8393823,forward,157.28300785267322,1
336,11.2112,259.7208023071289,,,,,,,,,,,,,,,,,,,,479.0625,1095.9375,0,0.8246053,432.1875,1236.5625,0,0.8683872,441.5625,1377.1875,0,0.95402205,422.8125,1452.1875,0,0.8290043,forward,157.75097451718585,1
337,11.244566666666667,260.0288391113281,,,,,,,,,,,,,,,,,,,,479.0625,1095.9375,0,0.82645977,432.1875,1231.875,0,0.8602401,441.5625,1377.1875,0,0.95589614,422.8125,1452.1875,0,0.82925713,forward,157.28300785267322,1
338,11.277933333333333,259.83715057373047,,,,,,,,,,,,,,,,,,,,479.0625,1086.5625,0,0.8242347,436.875,1231.875,0,0.8437462,441.5625,1377.1875,0,0.9630096,427.5,1452.1875,0,0.8343731,forward,161.96317308877624,1
339,11.311300000000001,260.5609893798828,,,,,,,,,,,,,,,,,,,,479.0625,1077.1875,0,0.8129519,436.875,1231.875,0,0.8379345,441.5625,1377.1875,0,0.9551457,422.8125,1452.1875,0,0.83092904,forward,162.89726083982217,1
340,11.344666666666667,260.63990592956543,,,,,,,,,,,,,,,,,,,,479.0625,1072.5,0,0.8036679,436.875,1227.1875,0,0.8323218,436.875,1377.1875,0,0.9515691,422.8125,1452.1875,0,0.8241234,forward,164.7448680853801,1
341,11.378033333333333,260.1161003112793,,,,,,,,,,,,,,,,,,,,479.0625,1063.125,0,0.79971284,436.875,1227.1875,0,0.8475163,436.875,1381.875,0,0.9554127,422.8125,1452.1875,0,0.8282214,forward,165.5792114501843,1
342,11.4114,260.6210708618164,,,,,,,,,,,,,,,,,,,,479.0625,1058.4375,0,0.7919943,436.875,1227.1875,0,0.8611134,436.875,1381.875,0,0.9549046,427.5,1452.1875,0,0.8276391,forward,165.9637667305403,1
343,11.444766666666666,260.27393341064453,,,,,,,,,,,,,,,,,,,,479.0625,1053.75,0,0.7801502,436.875,1227.1875,0,0.8498918,436.875,1381.875,0,0.9546795,422.8125,1452.1875,0,0.82166684,forward,166.3287035826192,1
344,11.478133333333334,259.5529556274414,,,,,,,,,,,,,,,,,,,,483.75,1044.375,0,0.7787312,436.875,1222.5,0,0.8647598,436.875,1381.875,0,0.9568443,422.8125,1452.1875,0,0.822574,forward,165.25643179913462,1
345,11.5115,260.4811191558838,,,,,,,,,,,,,,,,,,,,483.75,1039.6875,0,0.7804284,436.875,1217.8125,0,0.8527988,436.875,1381.875,0,0.95176935,427.5,1456.875,0,0.8228111,forward,165.25644521832837,1
346,11.544866666666667,262.15195655822754,,,,,,,,,,,,,,,,,,,,483.75,1039.6875,0,0.78790236,441.5625,1217.8125,0,0.85905075,436.875,1381.875,0,0.9525182,427.5,1456.875,0,0.81568897,forward,168.3120201954333,1
347,11.578233333333333,261.3329887390137,,,,,,,,,,,,,,,,,,,,483.75,1035.0,0,0.77990824,441.5625,1213.125,0,0.85797817,436.875,1386.5625,0,0.94931364,422.8125,1456.875,0,0.8070315,forward,168.22361016134838,1
348,11.611600000000001,260.7431411743164,,,,,,,,,,,,,,,,,,,,483.75,1025.625,0,0.7689112,441.5625,1203.75,0,0.8696583,436.875,1381.875,0,0.9485558,427.5,1452.1875,0,0.8158464,forward,168.18290106270175,1
349,11.644966666666667,260.1501941680908,,,,,,,,,,,,,,,,,,,,483.75,1020.9375,0,0.7721923,446.25,1203.75,0,0.8811693,436.875,1381.875,0,0.9505447,427.5,1452.1875,0,0.8133731,forward,171.42063874011708,1
350,11.678333333333333,257.2810649871826,,,,,,,,,,,,,,,,,,,,483.75,1016.25,0,0.7736927,446.25,1199.0625,0,0.87197757,436.875,1381.875,0,0.95120287,427.5,1452.1875,0,0.8097186,forward,171.34349163125395,1
351,11.7117,253.2341480255127,,,,,,,,,,,,,,,,,,,,483.75,1011.5625,0,0.7782075,450.9375,1199.0625,0,0.87308556,436.875,1381.875,0,0.9521453,422.8125,1452.1875,0,0.81266624,forward,174.47245371405936,1
352,11.745066666666666,251.14011764526367,,,,,,,,,,,,,,,,,,,,483.75,1006.875,0,0.7722901,450.9375,1199.0625,0,0.8605931,436.875,1381.875,0,0.9546983,422.8125,1452.1875,0,0.8109446,forward,174.70994218141027,1
353,11.778433333333334,254.4269561767578,,,,,,,,,,,,,,,,,,,,483.75,1002.1875,0,0.7746514,450.9375,1194.375,0,0.8717984,436.875,1381.875,0,0.9486958,422.8125,1456.875,0,0.8119106,forward,174.60032220018502,1
354,11.8118,253.0660629272461,,,,,,,,,,,,,,,,,,,,488.4375,997.5,0,0.7657193,450.9375,1189.6875,0,0.855932,436.875,1386.5625,0,0.9459637,422.8125,1456.875,0,0.8080307,forward,173.04469295347693,1
355,11.845166666666668,250.73695182800293,,,,,,,,,,,,,,,,,,,,488.4375,992.8125,0,0.76117754,450.9375,1185.0,0,0.8549315,436.875,1386.5625,0,0.951018,422.8125,1452.1875,0,0.8108466,forward,172.9499565705627,1
356,11.878533333333333,254.31489944458008,,,,,,,,,,,,,,,,,,,,488.4375,992.8125,0,0.7657009,455.625,1185.0,0,0.8679025,436.875,1386.5625,0,0.9440417,422.8125,1456.875,0,0.80620444,forward,175.62574266507283,1
357,11.911900000000001,254.23789024353027,,,,,,,,,,,,,,,,,,,,488.4375,988.125,0,0.7684833,455.625,1185.0,0,0.8709427,436.875,1386.5625,0,0.94602585,427.5,1456.875,0,0.81302154,forward,175.8522513771624,1
358,11.945266666666667,253.74317169189453,,,,,,,,,,,,,,,,,,,,483.75,988.125,0,0.76757395,455.625,1185.0,0,0.860889,436.875,1386.5625,0,0.94301105,427.5,1456.875,0,0.81078804,forward,177.18450125437545,1
359,11.978633333333333,253.54814529418945,,,,,,,,,,,,,,,,,,,,483.75,988.125,0,0.7701403,455.625,1189.6875,0,0.86461264,436.875,1386.5625,0,0.9440416,422.8125,1456.875,0,0.8100418,forward,177.4968852578669,1
360,12.012,253.96132469177246,,,,,,,,,,,,,,,,,,,,483.75,988.125,0,0.76734746,455.625,1185.0,0,0.8645338,436.875,1386.5625,0,0.944999,422.8125,1456.875,0,0.81709516,forward,177.18450125437545,1
361,12.045366666666666,253.7858486175537,,,,,,,,,,,,,,,,,,,,483.75,988.125,0,0.7674624,450.9375,1185.0,0,0.86556435,436.875,1386.5625,0,0.9454628,422.8125,1456.875,0,0.8153453,forward,174.5285780288336,1
362,12.078733333333334,253.28612327575684,,,,,,,,,,,,,,,,,,,,483.75,988.125,0,0.7678615,450.9375,1189.6875,0,0.8631027,436.875,1386.5625,0,0.9464158,422.8125,1456.875,0,0.8164365,forward,174.83953875092138,1
363,12.1121,252.85816192626953,,,,,,,,,,,,,,,,,,,,483.75,988.125,0,0.76850533,450.9375,1189.6875,0,0.860073,436.875,1386.5625,0,0.9431869,422.8125,1456.875,0,0.8162229,forward,174.83953875092138,1
364,12.145466666666668,252.67696380615234,,,,,,,,,,,,,,,,,,,,483.75,988.125,0,0.77247334,450.9375,1189.6875,0,0.8624399,436.875,1386.5625,0,0.94482434,422.8125,1456.875,0,0.8183234,forward,174.83953875092138,1
365,12.178833333333333,299.2372512817383,,,,,,,,,,,,,,,,,,,,483.75,988.125,0,0.7744119,450.9375,1189.6875,0,0.86155576,436.875,1386.5625,0,0.94492936,422.8125,1456.875,0,0.8192347,forward,174.83953875092138,1
366,12.212200000000001,254.55904006958008,,,,,,,,,,,,,,,,,,,,483.75,988.125,0,0.779374,450.9375,1189.6875,0,0.8638263,436.875,1386.5625,0,0.9454604,422.8125,1456.875,0,0.8183402,forward,174.83953875092138,1
367,12.245566666666667,367.59185791015625,,,,,,,,,,,,,,,,,,,,483.75,988.125,0,0.7768713,450.9375,1189.6875,0,0.8625926,436.875,1386.5625,0,0.94589406,422.8125,1456.875,0,0.82140636,forward,174.83953875092138,1
368,12.278933333333333,255.19609451293945,,,,,,,,,,,,,,,,,,,,479.0625,988.125,0,0.7772423,450.9375,1189.6875,0,0.86077726,436.875,1386.5625,0,0.945791,422.8125,1456.875,0,0.8221537,forward,176.14217136282284,1
369,12.3123,260.50591468811035,,,,,,,,,,,,,,,,,,,,479.0625,988.125,0,0.77813035,450.9375,1189.6875,0,0.8662356,436.875,1386.5625,0,0.9479903,422.8125,1456.875,0,0.82255685,forward,176.14217136282284,1
370,12.345666666666666,263.28396797180176,,,,,,,,,,,,,,,,,,,,479.0625,988.125,0,0.7791861,450.9375,1189.6875,0,0.86724734,436.875,1386.5625,0,0.94833446,422.8125,1456.875,0,0.8212795,forward,176.14217136282284,1
371,12.379033333333334,259.113073348999,,,,,,,,,,,,,,,,,,,,479.0625,988.125,0,0.7818372,450.9375,1189.6875,0,0.86990774,436.875,1386.5625,0,0.94865716,422.8125,1456.875,0,0.8227491,forward,176.14217136282284,1
372,12.4124,273.5118865966797,,,,,,,,,,,,,,,,,,,,479.0625,988.125,0,0.7830384,450.9375,1189.6875,0,0.8692403,436.875,1386.5625,0,0.9528402,422.8125,1452.1875,0,0.8252348,forward,176.14217136282284,1
373,12.445766666666668,256.1531066894531,,,,,,,,,,,,,,,,,,,,479.0625,988.125,0,0.7827314,450.9375,1189.6875,0,0.86645687,436.875,1386.5625,0,0.9532201,422.8125,1452.1875,0,0.8258418,forward,176.14217136282284,1
374,12.479133333333333,259.1989040374756,,,,,,,,,,,,,,,,,,,,479.0625,988.125,0,0.7827699,446.25,1189.6875,0,0.86681956,436.875,1386.5625,0,0.95113605,422.8125,1456.875,0,0.8245541,forward,173.48022073924307,1
375,12.512500000000001,256.1478614807129,,,,,,,,,,,,,,,,,,,,479.0625,988.125,0,0.780553,446.25,1189.6875,0,0.8675138,436.875,1386.5625,0,0.9506297,422.8125,1456.875,0,0.8212114,forward,173.48022073924307,1
376,12.545866666666667,254.26006317138672,,,,,,,,,,,,,,,,,,,,479.0625,988.125,0,0.77810144,446.25,1189.6875,0,0.86521506,436.875,1386.5625,0,0.94887227,422.8125,1456.875,0,0.8195511,forward,173.48022073924307,1
377,12.579233333333333,256.850004196167,,,,,,,,,,,,,,,,,,,,479.0625,992.8125,0,0.7713512,446.25,1189.6875,0,0.8572798,436.875,1386.5625,0,0.949211,422.8125,1452.1875,0,0.8225212,forward,173.26398992308998,1
378,12.6126,258.18681716918945,,,,,,,,,,,,,,,,,,,,479.0625,992.8125,0,0.77019656,446.25,1189.6875,0,0.8548454,436.875,1386.5625,0,0.94710743,422.8125,1452.1875,0,0.8221604,forward,173.26398992308998,1
379,12.645966666666666,257.51209259033203,,,,,,,,,,,,,,,,,,,,479.0625,992.8125,0,0.77187705,446.25,1189.6875,0,0.8570411,436.875,1386.5625,0,0.94883144,422.8125,1456.875,0,0.8218235,forward,173.26398992308998,1
380,12.679333333333334,256.38294219970703,,,,,,,,,,,,,,,,,,,,479.0625,997.5,0,0.7723726,446.25,1189.6875,0,0.8531965,436.875,1386.5625,0,0.95205796,422.8125,1452.1875,0,0.82603765,forward,173.03753337289294,1
381,12.7127,257.63511657714844,,,,,,,,,,,,,,,,,,,,479.0625,1002.1875,0,0.7758008,446.25,1194.375,0,0.86111796,436.875,1381.875,0,0.96143794,422.8125,1456.875,0,0.83350646,forward,173.17363639572235,1
382,12.746066666666668,257.0619583129883,,,,,,,,,,,,,,,,,,,,479.0625,1002.1875,0,0.7744291,446.25,1194.375,0,0.8577689,436.875,1381.875,0,0.95899004,422.8125,1456.875,0,0.8302079,forward,173.17363639572235,1
383,12.779433333333333,257.62367248535156,,,,,,,,,,,,,,,,,,,,479.0625,1006.875,0,0.7824644,446.25,1199.0625,0,0.86727935,436.875,1381.875,0,0.96030843,422.8125,1456.875,0,0.8337086,forward,173.24686259519729,1
384,12.812800000000001,255.5410861968994,,,,,,,,,,,,,,,,,,,,479.0625,1011.5625,0,0.7809405,446.25,1203.75,0,0.8738367,436.875,1381.875,0,0.96199226,422.8125,1456.875,0,0.8335551,forward,173.32403030482752,1
385,12.846166666666667,255.903959274292,,,,,,,,,,,,,,,,,,,,483.75,1011.5625,0,0.78203964,446.25,1203.75,0,0.8786957,436.875,1381.875,0,0.9581233,422.8125,1456.875,0,0.8330867,forward,171.97187191900727,1
386,12.879533333333333,262.6361846923828,,,,,,,,,,,,,,,,,,,,483.75,1016.25,0,0.7744179,446.25,1203.75,0,0.8754677,436.875,1381.875,0,0.95314026,422.8125,1456.875,0,0.8234016,forward,171.70288905121882,1
387,12.9129,266.9796943664551,,,,,,,,,,,,,,,,,,,,483.75,1020.9375,0,0.7783168,441.5625,1208.4375,0,0.87512827,436.875,1381.875,0,0.95514286,427.5,1456.875,0,0.8256517,forward,168.8677797322151,1
388,12.946266666666666,257.3580741882324,,,,,,,,,,,,,,,,,,,,483.75,1030.3125,0,0.7695632,441.5625,1213.125,0,0.87315977,436.875,1381.875,0,0.95329416,427.5,1456.875,0,0.8251583,forward,168.59652361068078,1
389,12.979633333333334,251.47509574890137,,,,,,,,,,,,,,,,,,,,483.75,1030.3125,0,0.7762604,436.875,1217.8125,0,0.8754692,436.875,1381.875,0,0.9513674,427.5,1456.875,0,0.8324486,forward,165.9637667305403,1
390,13.013,251.06310844421387,,,,,,,,,,,,,,,,,,,,483.75,1035.0,0,0.78608316,436.875,1222.5,0,0.8844535,436.875,1386.5625,0,0.94915086,427.5,1456.875,0,0.829542,forward,165.9637667305403,1
391,13.046366666666668,253.88312339782715,,,,,,,,,,,,,,,,,,,,483.75,1039.6875,0,0.78336525,436.875,1222.5,0,0.8826314,436.875,1381.875,0,0.9560696,427.5,1456.875,0,0.83510065,forward,165.6186066186658,1
392,13.079733333333333,253.18408012390137,,,,,,,,,,,,,,,,,,,,483.75,1039.6875,0,0.79230547,432.1875,1222.5,0,0.88690484,436.875,1377.1875,0,0.9591461,427.5,1452.1875,0,0.8450867,forward,162.51314150434916,1
393,13.113100000000001,254.25410270690918,,,,,,,,,,,,,,,,,,,,483.75,1044.375,0,0.7963153,432.1875,1227.1875,0,0.88873386,436.875,1377.1875,0,0.9602391,427.5,1452.1875,0,0.84397316,forward,162.45892001877,1
394,13.146466666666667,253.554105758667,,,,,,,,,,,,,,,,,,,,479.0625,1044.375,0,0.78992957,432.1875,1231.875,0,0.880518,436.875,1377.1875,0,0.9627296,427.5,1452.1875,0,0.8472601,forward,164.11615499130403,1
395,13.179833333333333,254.1482448577881,,,,,,,,,,,,,,,,,,,,479.0625,1053.75,0,0.8051498,432.1875,1231.875,0,0.8774308,436.875,1377.1875,0,0.96553713,427.5,1452.1875,0,0.84883046,forward,163.408814348417,1
396,13.2132,259.5839500427246,,,,,,,,,,,,,,,,,,,,479.0625,1058.4375,0,0.80633783,432.1875,1231.875,0,0.8852593,436.875,1377.1875,0,0.9665938,427.5,1452.1875,0,0.8471246,forward,163.0283666450479,1
397,13.246566666666666,258.35490226745605,,,,,,,,,,,,,,,,,,,,479.0625,1067.8125,0,0.80362356,432.1875,1231.875,0,0.880043,436.875,1377.1875,0,0.9660828,427.5,1452.1875,0,0.84304917,forward,162.20697816638486,1
398,13.279933333333334,256.5732002258301,,,,,,,,,,,,,,,,,,,,479.0625,1072.5,0,0.81005514,432.1875,1231.875,0,0.8790127,436.875,1377.1875,0,0.96982706,427.5,1452.1875,0,0.8480614,forward,161.76284652769695,1
399,13.3133,255.84793090820312,,,,,,,,,,,,,,,,,,,,479.0625,1072.5,0,0.81823564,427.5,1231.875,0,0.88595545,436.875,1377.1875,0,0.97027814,427.5,1452.1875,0,0.8465788,forward,158.38069408179453,1
400,13.346666666666668,256.39915466308594,,,,,,,,,,,,,,,,,,,,479.0625,1077.1875,0,0.8217262,427.5,1231.875,0,0.89495003,436.875,1377.1875,0,0.9739075,427.5,1452.1875,0,0.8475126,forward,157.87366381838095,1
401,13.380033333333333,255.85103034973145,,,,,,,,,,,,,,,,,,,,479.0625,1081.875,0,0.82409406,427.5,1231.875,0,0.88901293,436.875,1377.1875,0,0.9730161,427.5,1452.1875,0,0.84667253,forward,157.33820922975707,1
402,13.413400000000001,258.4199905395508,,,,,,,,,,,,,,,,,,,,479.0625,1086.5625,0,0.8335877,427.5,1231.875,0,0.8832468,436.875,1377.1875,0,0.97736347,427.5,1452.1875,0,0.84364676,forward,156.77195332242388,1
403,13.446766666666667,257.77316093444824,,,,,,,,,,,,,,,,,,,,474.375,1095.9375,0,0.8272909,427.5,1231.875,0,0.8793993,436.875,1377.1875,0,0.98072517,427.5,1452.1875,0,0.8395949,forward,157.28300785267322,1
404,13.480133333333333,252.09498405456543,,,,,,,,,,,,,,,,,,,,479.0625,1095.9375,0,0.83511794,422.8125,1231.875,0,0.8957968,436.875,1377.1875,0,0.9763076,427.5,1452.1875,0,0.83539736,forward,151.99302120291318,1
405,13.5135,251.21426582336426,,,,,,,,,,,,,,,,,,,,479.0625,1100.625,0,0.8298282,422.8125,1231.875,0,0.8937669,436.875,1377.1875,0,0.9722519,422.8125,1452.1875,0,0.8339994,forward,151.2738644891544,1
406,13.546866666666666,254.37498092651367,,,,,,,,,,,,,,,,,,,,479.0625,1100.625,0,0.8299445,422.8125,1231.875,0,0.9008775,436.875,1377.1875,0,0.9756908,422.8125,1452.1875,0,0.8329245,forward,151.2738644891544,1
407,13.580233333333334,276.37577056884766,,,,,,,,,,,,,,,,,,,,479.0625,1100.625,0,0.835376,422.8125,1227.1875,0,0.8950887,436.875,1377.1875,0,0.97393185,427.5,1452.1875,0,0.8362856,forward,150.68169011339413,1
408,13.6136,257.78794288635254,,,,,,,,,,,,,,,,,,,,479.0625,1105.3125,0,0.8332392,427.5,1227.1875,0,0.89766824,436.875,1377.1875,0,0.97301555,422.8125,1452.1875,0,0.8312737,forward,153.49157375198942,1
409,13.646966666666668,256.3960552215576,,,,,,,,,,,,,,,,,,,,479.0625,1105.3125,0,0.83403754,427.5,1227.1875,0,0.8991635,436.875,1377.1875,0,0.9747939,422.8125,1452.1875,0,0.8337407,forward,153.49157375198942,1
410,13.680333333333333,252.31170654296875,,,,,,,,,,,,,,,,,,,,479.0625,1105.3125,0,0.8363632,427.5,1227.1875,0,0.9030119,436.875,1377.1875,0,0.9756631,422.8125,1452.1875,0,0.8385043,forward,153.49157375198942,1
411,13.713700000000001,254.3201446533203,,,,,,,,,,,,,,,,,,,,479.0625,1110.0,0,0.83632934,427.5,1227.1875,0,0.9044431,436.875,1377.1875,0,0.9732435,422.8125,1452.1875,0,0.8361783,forward,152.67417184558482,1
412,13.747066666666667,254.06885147094727,,,,,,,,,,,,,,,,,,,,479.0625,1110.0,0,0.8354316,427.5,1227.1875,0,0.9048315,436.875,1377.1875,0,0.9722922,422.8125,1452.1875,0,0.83473444,forward,152.67417184558482,1
413,13.780433333333333,254.7919750213623,,,,,,,,,,,,,,,,,,,,479.0625,1105.3125,0,0.835297,427.5,1231.875,0,0.9077457,436.875,1377.1875,0,0.9715377,422.8125,1452.1875,0,0.836364,forward,154.1422658819768,1
414,13.8138,254.65106964111328,,,,,,,,,,,,,,,,,,,,479.0625,1105.3125,0,0.8362577,427.5,1231.875,0,0.90798986,436.875,1377.1875,0,0.9709469,422.8125,1452.1875,0,0.837751,forward,154.1422658819768,1
415,13.847166666666666,255.02896308898926,,,,,,,,,,,,,,,,,,,,479.0625,1105.3125,0,0.83614993,427.5,1231.875,0,0.90342945,436.875,1377.1875,0,0.96969485,422.8125,1452.1875,0,0.8360093,forward,154.1422658819768,1
416,13.880533333333334,255.1429271697998,,,,,,,,,,,,,,,,,,,,479.0625,1105.3125,0,0.83443713,427.5,1231.875,0,0.9023342,436.875,1377.1875,0,0.9683407,422.8125,1452.1875,0,0.8360593,forward,154.1422658819768,1
417,13.9139,253.90100479125977,,,,,,,,,,,,,,,,,,,,479.0625,1100.625,0,0.8350787,427.5,1231.875,0,0.8969578,436.875,1377.1875,0,0.9664623,422.8125,1452.1875,0,0.83363616,forward,154.86086724069298,1
418,13.947266666666668,255.42521476745605,,,,,,,,,,,,,,,,,,,,479.0625,1100.625,0,0.83651525,427.5,1231.875,0,0.8843359,436.875,1377.1875,0,0.9684931,422.8125,1452.1875,0,0.8338125,forward,154.86086724069298,1
419,13.980633333333333,254.81772422790527,,,,,,,,,,,,,,,,,,,,479.0625,1095.9375,0,0.83275455,427.5,1236.5625,0,0.8914635,436.875,1377.1875,0,0.9689542,422.8125,1452.1875,0,0.83095574,forward,156.04962466042684,1
420,14.014000000000001,254.36115264892578,,,,,,,,,,,,,,,,,,,,479.0625,1095.9375,0,0.83423,427.5,1236.5625,0,0.88838315,436.875,1377.1875,0,0.9702485,422.8125,1452.1875,0,0.83292615,forward,156.04962466042684,1
421,14.047366666666667,254.97770309448242,,,,,,,,,,,,,,,,,,,,479.0625,1091.25,0,0.8288567,427.5,1231.875,0,0.8785145,436.875,1377.1875,0,0.9701891,422.8125,1452.1875,0,0.83461976,forward,156.1723083750986,1
422,14.080733333333333,255.12170791625977,,,,,,,,,,,,,,,,,,,,479.0625,1081.875,0,0.8244127,427.5,1231.875,0,0.8843342,436.875,1377.1875,0,0.968382,422.8125,1452.1875,0,0.83619887,forward,157.33820922975707,1
423,14.1141,255.37514686584473,,,,,,,,,,,,,,,,,,,,479.0625,1072.5,0,0.82012653,432.1875,1231.875,0,0.884128,436.875,1377.1875,0,0.96885073,422.8125,1452.1875,0,0.8376029,forward,161.76284652769695,1
424,14.147466666666666,253.91483306884766,,,,,,,,,,,,,,,,,,,,479.0625,1072.5,0,0.81153494,432.1875,1231.875,0,0.8818646,436.875,1377.1875,0,0.9647199,422.8125,1452.1875,0,0.83955526,forward,161.76284652769695,1
425,14.180833333333334,254.180908203125,,,,,,,,,,,,,,,,,,,,479.0625,1067.8125,0,0.810138,432.1875,1231.875,0,0.8841534,436.875,1377.1875,0,0.9648678,427.5,1452.1875,0,0.8389391,forward,162.20697816638486,1
426,14.2142,255.66911697387695,,,,,,,,,,,,,,,,,,,,479.0625,1053.75,0,0.8184121,432.1875,1231.875,0,0.88100266,436.875,1377.1875,0,0.96643853,427.5,1452.1875,0,0.8469415,forward,163.408814348417,1
427,14.247566666666668,254.3661594390869,,,,,,,,,,,,,,,,,,,,479.0625,1049.0625,0,0.7992025,432.1875,1227.1875,0,0.888111,436.875,1381.875,0,0.9646752,427.5,1452.1875,0,0.8395253,forward,163.52074506774065,1
428,14.280933333333333,254.197359085083,,,,,,,,,,,,,,,,,,,,483.75,1044.375,0,0.7880877,432.1875,1227.1875,0,0.8797244,436.875,1381.875,0,0.9598806,427.5,1456.875,0,0.8324698,forward,162.51314150434916,1
429,14.314300000000001,254.58002090454102,,,,,,,,,,,,,,,,,,,,483.75,1039.6875,0,0.787205,436.875,1222.5,0,0.8783046,436.875,1381.875,0,0.9588641,427.5,1456.875,0,0.83493644,forward,165.6186066186658,1
430,14.347666666666667,254.1823387145996,,,,,,,,,,,,,,,,,,,,479.0625,1030.3125,0,0.7898515,436.875,1217.8125,0,0.8735428,436.875,1381.875,0,0.95852304,427.5,1456.875,0,0.8312252,forward,167.31962257946088,1
431,14.381033333333333,254.8668384552002,,,,,,,,,,,,,,,,,,,,479.0625,1025.625,0,0.77623105,436.875,1213.125,0,0.8678613,436.875,1381.875,0,0.95861846,427.5,1456.875,0,0.8252444,forward,167.31962257946088,1
432,14.4144,254.07791137695312,,,,,,,,,,,,,,,,,,,,483.75,1025.625,0,0.75980794,441.5625,1208.4375,0,0.8728039,436.875,1381.875,0,0.9562032,422.8125,1456.875,0,0.81914186,forward,168.5535255934975,1
433,14.447766666666666,254.05001640319824,,,,,,,,,,,,,,,,,,,,483.75,1016.25,0,0.77410233,446.25,1203.75,0,0.8724518,436.875,1381.875,0,0.95354116,422.8125,1456.875,0,0.8158605,forward,171.70288905121882,1
434,14.481133333333334,254.31108474731445,,,,,,,,,,,,,,,,,,,,483.75,1011.5625,0,0.7732945,446.25,1199.0625,0,0.8724086,436.875,1381.875,0,0.95259523,422.8125,1456.875,0,0.81591797,forward,171.6257169185905,1
435,14.5145,253.67999076843262,,,,,,,,,,,,,,,,,,,,483.75,1006.875,0,0.7730806,450.9375,1199.0625,0,0.86943233,436.875,1381.875,0,0.95975614,422.8125,1456.875,0,0.8204219,forward,174.70994218141027,1
436,14.547866666666668,254.4851303100586,,,,,,,,,,,,,,,,,,,,483.75,1006.875,0,0.76974016,450.9375,1194.375,0,0.86539596,436.875,1381.875,0,0.9575689,422.8125,1456.875,0,0.81984514,forward,174.36288390099304,1
437,14.581233333333333,253.72815132141113,,,,,,,,,,,,,,,,,,,,483.75,1002.1875,0,0.7710749,450.9375,1189.6875,0,0.86523396,436.875,1381.875,0,0.9611316,422.8125,1456.875,0,0.82375634,forward,174.25870744529243,1
438,14.614600000000001,253.15308570861816,,,,,,,,,,,,,,,,,,,,483.75,997.5,0,0.7674836,450.9375,1189.6875,0,0.8664075,436.875,1386.5625,0,0.95328087,422.8125,1456.875,0,0.8134668,forward,174.39684911537597,1
439,14.647966666666667,254.58717346191406,,,,,,,,,,,,,,,,,,,,483.75,992.8125,0,0.7610959,450.9375,1185.0,0,0.86543846,436.875,1386.5625,0,0.95763904,422.8125,1456.875,0,0.8132751,forward,174.30208997520208,1
440,14.681333333333333,251.91903114318848,,,,,,,,,,,,,,,,,,,,483.75,992.8125,0,0.7602991,450.9375,1185.0,0,0.8670063,436.875,1386.5625,0,0.95407975,422.8125,1452.1875,0,0.8135412,forward,174.30208997520208,1
441,14.7147,252.5932788848877,,,,,,,,,,,,,,,,,,,,483.75,988.125,0,0.76310444,450.9375,1185.0,0,0.8644562,436.875,1386.5625,0,0.9543499,422.8125,1452.1875,0,0.8149311,forward,174.5285780288336,1
442,14.748066666666666,251.07192993164062,,,,,,,,,,,,,,,,,,,,483.75,988.125,0,0.76907754,450.9375,1185.0,0,0.8643781,436.875,1386.5625,0,0.95577896,422.8125,1452.1875,0,0.81336474,forward,174.5285780288336,1
443,14.781433333333334,250.9760856628418,,,,,,,,,,,,,,,,,,,,483.75,988.125,0,0.7702249,450.9375,1185.0,0,0.8697155,436.875,1386.5625,0,0.9538419,422.8125,1452.1875,0,0.8110074,forward,174.5285780288336,1
444,14.8148,252.09903717041016,,,,,,,,,,,,,,,,,,,,479.0625,988.125,0,0.7723203,450.9375,1185.0,0,0.8627473,436.875,1386.5625,0,0.95139295,422.8125,1456.875,0,0.81378984,forward,175.86080634213945,1
445,14.848166666666668,253.89623641967773,,,,,,,,,,,,,,,,,,,,479.0625,988.125,0,0.77153194,450.9375,1185.0,0,0.8580185,436.875,1386.5625,0,0.95149684,422.8125,1456.875,0,0.81826055,forward,175.86080634213945,1
446,14.881533333333334,254.36091423034668,,,,,,,,,,,,,,,,,,,,479.0625,988.125,0,0.77610725,450.9375,1189.6875,0,0.86104894,436.875,1386.5625,0,0.9500011,422.8125,1456.875,0,0.81819826,forward,176.14217136282284,1
447,14.9149,255.1560401916504,,,,,,,,,,,,,,,,,,,,479.0625,988.125,0,0.78128064,450.9375,1189.6875,0,0.8618159,436.875,1386.5625,0,0.9512788,422.8125,1456.875,0,0.8197892,forward,176.14217136282284,1
448,14.948266666666667,255.22828102111816,,,,,,,,,,,,,,,,,,,,479.0625,988.125,0,0.7750311,450.9375,1189.6875,0,0.86309147,436.875,1386.5625,0,0.95307183,422.8125,1456.875,0,0.8207105,forward,176.14217136282284,1
449,14.981633333333333,257.7488422393799,,,,,,,,,,,,,,,,,,,,479.0625,988.125,0,0.77311224,450.9375,1189.6875,0,0.86012125,436.875,1386.5625,0,0.9531963,422.8125,1456.875,0,0.82006484,forward,176.14217136282284,1
450,15.015,255.1281452178955,,,,,,,,,,,,,,,,,,,,479.0625,983.4375,0,0.77622676,446.25,1185.0,0,0.8632486,436.875,1386.5625,0,0.953169,422.8125,1456.875,0,0.8203256,forward,173.4168549567016,1
451,15.048366666666666,255.601167678833,,,,,,,,,,,,,,,,,,,,479.0625,983.4375,0,0.77667344,446.25,1189.6875,0,0.8615961,436.875,1386.5625,0,0.95359635,422.8125,1456.875,0,0.824697,forward,173.68686030020893,1
452,15.081733333333334,255.03993034362793,,,,,,,,,,,,,,,,,,,,479.0625,983.4375,0,0.780414,446.25,1189.6875,0,0.86367214,436.875,1386.5625,0,0.95275927,422.8125,1456.875,0,0.82273436,forward,173.68686030020893,1
453,15.1151,255.32793998718262,,,,,,,,,,,,,,,,,,,,479.0625,983.4375,0,0.78229403,446.25,1185.0,0,0.8634738,436.875,1386.5625,0,0.9540142,422.8125,1456.875,0,0.8238131,forward,173.4168549567016,1
454,15.148466666666668,257.8270435333252,,,,,,,,,,,,,,,,,,,,479.0625,983.4375,0,0.7836021,446.25,1185.0,0,0.86655307,436.875,1386.5625,0,0.95488673,422.8125,1456.875,0,0.8236948,forward,173.4168549567016,1
455,15.181833333333334,256.38580322265625,,,,,,,,,,,,,,,,,,,,479.0625,983.4375,0,0.78502107,446.25,1185.0,0,0.8645035,436.875,1386.5625,0,0.95150125,422.8125,1456.875,0,0.8228079,forward,173.4168549567016,1
456,15.2152,256.0398578643799,,,,,,,,,,,,,,,,,,,,479.0625,983.4375,0,0.7851734,450.9375,1185.0,0,0.8655739,436.875,1386.5625,0,0.9514622,422.8125,1456.875,0,0.82028127,forward,176.04749875679474,1
457,15.248566666666667,256.15620613098145,,,,,,,,,,,,,,,,,,,,479.0625,983.4375,0,0.78348255,450.9375,1185.0,0,0.86213744,436.875,1386.5625,0,0.95344824,422.8125,1456.875,0,0.8219223,forward,176.04749875679474,1
458,15.281933333333333,257.5249671936035,,,,,,,,,,,,,,,,,,,,479.0625,978.75,0,0.783139,450.9375,1185.0,0,0.86347723,436.875,1386.5625,0,0.9535714,422.8125,1456.875,0,0.8192017,forward,176.22576157668044,1
459,15.3153,256.7441463470459,,,,,,,,,,,,,,,,,,,,479.0625,983.4375,0,0.78134966,450.9375,1185.0,0,0.8618859,436.875,1386.5625,0,0.95464903,422.8125,1456.875,0,0.81957483,forward,176.04749875679474,1
460,15.348666666666666,256.70337677001953,,,,,,,,,,,,,,,,,,,,479.0625,983.4375,0,0.77869666,450.9375,1185.0,0,0.8578527,436.875,1386.5625,0,0.95533025,422.8125,1456.875,0,0.821273,forward,176.04749875679474,1
461,15.382033333333334,262.2489929199219,,,,,,,,,,,,,,,,,,,,479.0625,983.4375,0,0.7778162,450.9375,1185.0,0,0.85762787,436.875,1386.5625,0,0.9564483,422.8125,1456.875,0,0.820909,forward,176.04749875679474,1
462,15.4154,270.1592445373535,,,,,,,,,,,,,,,,,,,,479.0625,983.4375,0,0.7758794,450.9375,1185.0,0,0.8571808,436.875,1386.5625,0,0.95726264,422.8125,1456.875,0,0.8212385,forward,176.04749875679474,1
463,15.448766666666668,266.18409156799316,,,,,,,,,,,,,,,,,,,,479.0625,983.4375,0,0.77459383,450.9375,1185.0,0,0.8551693,436.875,1386.5625,0,0.9554214,422.8125,1456.875,0,0.8216537,forward,176.04749875679474,1
464,15.482133333333334,261.9280815124512,,,,,,,,,,,,,,,,,,,,479.0625,983.4375,0,0.7691713,450.9375,1185.0,0,0.8571083,436.875,1386.5625,0,0.9579852,422.8125,1452.1875,0,0.8273776,forward,176.04749875679474,1
465,15.5155,259.2620849609375,,,,,,,,,,,,,,,,,,,,479.0625,983.4375,0,0.7701484,450.9375,1185.0,0,0.85962296,436.875,1386.5625,0,0.95881736,422.8125,1456.875,0,0.8281705,forward,176.04749875679474,1
466,15.548866666666667,254.92095947265625,,,,,,,,,,,,,,,,,,,,479.0625,983.4375,0,0.7695607,450.9375,1185.0,0,0.85898733,436.875,1386.5625,0,0.9582428,422.8125,1456.875,0,0.82666004,forward,176.04749875679474,1
467,15.582233333333333,254.33588027954102,,,,,,,,,,,,,,,,,,,,479.0625,983.4375,0,0.77402246,450.9375,1185.0,0,0.859506,436.875,1386.5625,0,0.9550587,422.8125,1456.875,0,0.82426333,forward,176.04749875679474,1
468,15.6156,255.94210624694824,,,,,,,,,,,,,,,,,,,,479.0625,983.4375,0,0.7734871,450.9375,1185.0,0,0.8591459,436.875,1386.5625,0,0.95506155,422.8125,1456.875,0,0.8252695,forward,176.04749875679474,1
469,15.648966666666666,255.46598434448242,,,,,,,,,,,,,,,,,,,,479.0625,983.4375,0,0.77612555,450.9375,1185.0,0,0.8593291,436.875,1386.5625,0,0.955694,422.8125,1456.875,0,0.8223082,forward,176.04749875679474,1
470,15.682333333333334,256.67309761047363,,,,,,,,,,,,,,,,,,,,479.0625,983.4375,0,0.777411,450.9375,1185.0,0,0.8607034,436.875,1386.5625,0,0.956041,422.8125,1456.875,0,0.82334554,forward,176.04749875679474,1
471,15.7157,255.91683387756348,,,,,,,,,,,,,,,,,,,,479.0625,983.4375,0,0.776095,450.9375,1185.0,0,0.8611219,436.875,1386.5625,0,0.955888,422.8125,1456.875,0,0.82208735,forward,176.04749875679474,1
472,15.749066666666668,255.88083267211914,,,,,,,,,,,,,,,,,,,,479.0625,983.4375,0,0.7793286,450.9375,1185.0,0,0.8591716,436.875,1386.5625,0,0.95451796,422.8125,1456.875,0,0.8175066,forward,176.04749875679474,1
473,15.782433333333334,256.3960552215576,,,,,,,,,,,,,,,,,,,,479.0625,983.4375,0,0.77872956,450.9375,1185.0,0,0.8606286,436.875,1386.5625,0,0.9546895,422.8125,1456.875,0,0.8170301,forward,176.04749875679474,1
474,15.8158,257.19499588012695,,,,,,,,,,,,,,,,,,,,479.0625,983.4375,0,0.77597547,450.9375,1185.0,0,0.8592195,436.875,1386.5625,0,0.95512116,422.8125,1456.875,0,0.81642073,forward,176.04749875679474,1
475,15.849166666666667,256.3009262084961,,,,,,,,,,,,,,,,,,,,479.0625,983.4375,0,0.7755494,450.9375,1185.0,0,0.86082006,436.875,1386.5625,0,0.95406336,422.8125,1456.875,0,0.8158988,forward,176.04749875679474,1
476,15.882533333333333,254.37593460083008,,,,,,,,,,,,,,,,,,,,479.0625,983.4375,0,0.77538157,450.9375,1185.0,0,0.86352116,436.875,1386.5625,0,0.95396036,422.8125,1456.875,0,0.8169918,forward,176.04749875679474,1
477,15.9159,271.24810218811035,,,,,,,,,,,,,,,,,,,,479.0625,983.4375,0,0.77549887,450.9375,1185.0,0,0.8607509,436.875,1386.5625,0,0.9540366,422.8125,1456.875,0,0.82064474,forward,176.04749875679474,1
478,15.949266666666666,269.2108154296875,,,,,,,,,,,,,,,,,,,,483.75,988.125,0,0.7715391,450.9375,1189.6875,0,0.85693216,436.875,1386.5625,0,0.9549385,422.8125,1456.875,0,0.82506907,forward,174.83953875092138,1
479,15.982633333333334,278.66101264953613,,,,,,,,,,,,,,,,,,,,483.75,988.125,0,0.771495,450.9375,1189.6875,0,0.85471123,436.875,1386.5625,0,0.9525652,422.8125,1452.1875,0,0.82244074,forward,174.83953875092138,1
480,16.016000000000002,265.3360366821289,,,,,,,,,,,,,,,,,,,,483.75,992.8125,0,0.77091765,450.9375,1194.375,0,0.84780765,436.875,1386.5625,0,0.9495181,422.8125,1456.875,0,0.8188277,forward,174.9388300185191,1
481,16.049366666666668,261.3651752471924,,,,,,,,,,,,,,,,,,,,483.75,997.5,0,0.7727674,446.25,1199.0625,0,0.8474239,436.875,1381.875,0,0.95028937,422.8125,1456.875,0,0.8177861,forward,172.39645752192405,1
482,16.082733333333334,259.9329948425293,,,,,,,,,,,,,,,,,,,,483.75,1002.1875,0,0.7694768,446.25,1194.375,0,0.84619796,436.875,1381.875,0,0.9551425,422.8125,1456.875,0,0.8179754,forward,171.82149087084412,1
483,16.1161,263.5540962219238,,,,,,,,,,,,,,,,,,,,483.75,1002.1875,0,0.7656951,446.25,1199.0625,0,0.85128856,436.875,1381.875,0,0.95324826,418.125,1456.875,0,0.8157116,forward,172.1513704467543,1
484,16.149466666666665,264.6291255950928,,,,,,,,,,,,,,,,,,,,483.75,1006.875,0,0.7686007,446.25,1199.0625,0,0.86202383,436.875,1386.5625,0,0.9544643,422.8125,1456.875,0,0.82113326,forward,171.82149087084412,1
485,16.182833333333335,263.958215713501,,,,,,,,,,,,,,,,,,,,483.75,1011.5625,0,0.77597326,446.25,1203.75,0,0.87565607,436.875,1386.5625,0,0.95392144,422.8125,1456.875,0,0.8170897,forward,171.89474819652133,1
486,16.2162,261.4741325378418,,,,,,,,,,,,,,,,,,,,483.75,1011.5625,0,0.773885,446.25,1203.75,0,0.8695922,436.875,1386.5625,0,0.95759434,422.8125,1456.875,0,0.81933975,forward,171.89474819652133,1
487,16.249566666666666,263.0808353424072,,,,,,,,,,,,,,,,,,,,483.75,1016.25,0,0.7763711,446.25,1208.4375,0,0.8722912,436.875,1386.5625,0,0.9586724,422.8125,1456.875,0,0.8280185,forward,171.97187191900727,1
488,16.282933333333332,254.33802604675293,,,,,,,,,,,,,,,,,,,,483.75,1020.9375,0,0.77849513,446.25,1208.4375,0,0.8860507,436.875,1386.5625,0,0.9510418,422.8125,1456.875,0,0.8171017,forward,171.70288905121882,1
489,16.316300000000002,253.71289253234863,,,,,,,,,,,,,,,,,,,,483.75,1025.625,0,0.7777939,441.5625,1213.125,0,0.87601817,436.875,1386.5625,0,0.9521412,422.8125,1456.875,0,0.8194097,forward,168.8677797322151,1
490,16.349666666666668,253.41010093688965,,,,,,,,,,,,,,,,,,,,483.75,1030.3125,0,0.77703416,441.5625,1213.125,0,0.88331,436.875,1381.875,0,0.9485618,422.8125,1456.875,0,0.8093309,forward,168.59652361068078,1
491,16.383033333333334,257.50279426574707,,,,,,,,,,,,,,,,,,,,488.4375,1030.3125,0,0.7728493,441.5625,1217.8125,0,0.8864279,436.875,1381.875,0,0.952387,422.8125,1456.875,0,0.8157899,forward,167.60033756417366,1
492,16.4164,268.2969570159912,,,,,,,,,,,,,,,,,,,,488.4375,1035.0,0,0.7706649,436.875,1222.5,0,0.8900188,436.875,1381.875,0,0.9478537,422.8125,1456.875,0,0.81144154,forward,164.62374690380895,1
493,16.449766666666665,262.894868850708,,,,,,,,,,,,,,,,,,,,488.4375,1039.6875,0,0.77514994,436.875,1222.5,0,0.88796103,436.875,1381.875,0,0.9503106,422.8125,1452.1875,0,0.8235152,forward,164.24883761929004,1
494,16.483133333333335,259.64903831481934,,,,,,,,,,,,,,,,,,,,488.4375,1039.6875,0,0.78056747,436.875,1227.1875,0,0.89362323,436.875,1381.875,0,0.95337117,422.8125,1452.1875,0,0.8266671,forward,164.62374690380895,1
495,16.5165,263.06629180908203,,,,,,,,,,,,,,,,,,,,483.75,1044.375,0,0.7813337,432.1875,1231.875,0,0.8948345,436.875,1381.875,0,0.9483838,422.8125,1452.1875,0,0.82004166,forward,162.83383095045374,1
496,16.549866666666667,262.7687454223633,,,,,,,,,,,,,,,,,,,,483.75,1044.375,0,0.7849371,432.1875,1231.875,0,0.8917372,436.875,1381.875,0,0.95354414,422.8125,1452.1875,0,0.82508785,forward,162.83383095045374,1
497,16.583233333333332,264.6791934967041,,,,,,,,,,,,,,,,,,,,483.75,1049.0625,0,0.7789607,432.1875,1231.875,0,0.8907453,436.875,1381.875,0,0.95480216,427.5,1452.1875,0,0.82777697,forward,162.45892001877,1
498,16.616600000000002,261.42191886901855,,,,,,,,,,,,,,,,,,,,488.4375,1053.75,0,0.7787931,436.875,1231.875,0,0.8939958,436.875,1381.875,0,0.95366806,427.5,1452.1875,0,0.82363933,forward,163.8556594269919,1
499,16.649966666666668,263.29803466796875,,,,,,,,,,,,,,,,,,,,488.4375,1053.75,0,0.7844479,436.875,1227.1875,0,0.8915837,436.875,1381.875,0,0.95081246,427.5,1452.1875,0,0.8237384,forward,163.4429346985145,1
500,16.683333333333334,263.98587226867676,,,,,,,,,,,,,,,,,,,,483.75,1053.75,0,0.7898464,441.5625,1227.1875,0,0.8856469,436.875,1381.875,0,0.9524841,427.5,1452.1875,0,0.8287197,forward,168.0644182278715,1
501,16.7167,256.99591636657715,,,,,,,,,,,,,,,,,,,,483.75,1058.4375,0,0.79276,441.5625,1227.1875,0,0.8817626,436.875,1377.1875,0,0.95426375,427.5,1452.1875,0,0.83160836,forward,167.7536806874068,1
502,16.750066666666665,255.58972358703613,,,,,,,,,,,,,,,,,,,,483.75,1063.125,0,0.80426645,441.5625,1227.1875,0,0.8771154,436.875,1377.1875,0,0.95656705,427.5,1452.1875,0,0.84025395,forward,167.36912877216542,1
503,16.783433333333335,263.106107711792,,,,,,,,,,,,,,,,,,,,483.75,1067.8125,0,0.8024051,441.5625,1227.1875,0,0.8757064,436.875,1381.875,0,0.95439965,427.5,1452.1875,0,0.83767855,forward,166.90923690740988,1
504,16.8168,262.7382278442383,,,,,,,,,,,,,,,,,,,,483.75,1072.5,0,0.8026303,441.5625,1231.875,0,0.8792649,436.875,1381.875,0,0.95024914,427.5,1452.1875,0,0.8294312,forward,166.9634018641284,1
505,16.850166666666667,267.3201560974121,,,,,,,,,,,,,,,,,,,,483.75,1077.1875,0,0.800916,436.875,1231.875,0,0.8743738,436.875,1381.875,0,0.950078,427.5,1452.1875,0,0.8258604,forward,163.14161123644968,1
506,16.883533333333332,260.55908203125,,,,,,,,,,,,,,,,,,,,483.75,1077.1875,0,0.8098463,436.875,1231.875,0,0.8809297,436.875,1381.875,0,0.9531361,427.5,1452.1875,0,0.83419454,forward,163.14161123644968,1
507,16.916900000000002,257.6792240142822,,,,,,,,,,,,,,,,,,,,483.75,1086.5625,0,0.8158417,436.875,1227.1875,0,0.8991263,436.875,1381.875,0,0.95812,422.8125,1452.1875,0,0.8311988,forward,161.56504462194923,1
508,16.950266666666668,266.6611671447754,,,,,,,,,,,,,,,,,,,,483.75,1086.5625,0,0.81457555,432.1875,1227.1875,0,0.8931757,436.875,1381.875,0,0.95985174,422.8125,1452.1875,0,0.82874405,forward,158.12800483266858,1
509,16.983633333333334,270.05505561828613,,,,,,,,,,,,,,,,,,,,483.75,1091.25,0,0.819095,432.1875,1227.1875,0,0.88656926,436.875,1381.875,0,0.9644716,422.8125,1447.5,0,0.82625663,forward,157.4920368252989,1
510,17.017,264.0047073364258,,,,,,,,,,,,,,,,,,,,483.75,1095.9375,0,0.8297518,427.5,1231.875,0,0.89232385,436.875,1381.875,0,0.9664783,422.8125,1452.1875,0,0.8284382,forward,153.94423841307534,1
511,17.050366666666665,264.9359703063965,,,,,,,,,,,,,,,,,,,,483.75,1095.9375,0,0.8339561,427.5,1231.875,0,0.8950434,436.875,1381.875,0,0.96769273,422.8125,1447.5,0,0.83102787,forward,153.94423841307534,1
512,17.083733333333335,264.3599510192871,,,,,,,,,,,,,,,,,,,,483.75,1100.625,0,0.83073866,427.5,1231.875,0,0.8942648,436.875,1381.875,0,0.96695656,422.8125,1447.5,0,0.83009624,forward,153.2250813298706,1
513,17.1171,262.7551555633545,,,,,,,,,,,,,,,,,,,,483.75,1105.3125,0,0.8348775,427.5,1231.875,0,0.89760536,436.875,1381.875,0,0.9683245,422.8125,1447.5,0,0.8301851,forward,152.4611863010478,1
514,17.150466666666667,257.26890563964844,,,,,,,,,,,,,,,,,,,,483.75,1105.3125,0,0.82945275,427.5,1231.875,0,0.89928824,436.875,1381.875,0,0.9682151,422.8125,1452.1875,0,0.83345854,forward,152.4611863010478,1
515,17.183833333333332,266.887903213501,,,,,,,,,,,,,,,,,,,,479.0625,1105.3125,0,0.82906485,427.5,1231.875,0,0.8962082,436.875,1381.875,0,0.9685447,422.8125,1452.1875,0,0.8333062,forward,154.25732794508681,1
516,17.217200000000002,260.9589099884033,,,,,,,,,,,,,,,,,,,,479.0625,1110.0,0,0.8325559,427.5,1231.875,0,0.9010136,436.875,1381.875,0,0.96970415,422.8125,1452.1875,0,0.8302654,forward,153.49157375198942,1
517,17.250566666666668,259.6609592437744,,,,,,,,,,,,,,,,,,,,479.0625,1105.3125,0,0.83234096,427.5,1236.5625,0,0.8976995,436.875,1381.875,0,0.9669401,422.8125,1452.1875,0,0.83240557,forward,154.86086724069298,1
518,17.283933333333334,260.7879638671875,,,,,,,,,,,,,,,,,,,,479.0625,1105.3125,0,0.8359972,427.5,1236.5625,0,0.8968955,436.875,1381.875,0,0.9705783,422.8125,1452.1875,0,0.83385634,forward,154.86086724069298,1
519,17.3173,259.57608222961426,,,,,,,,,,,,,,,,,,,,479.0625,1105.3125,0,0.8351657,427.5,1236.5625,0,0.8951286,436.875,1381.875,0,0.97031575,422.8125,1452.1875,0,0.83455503,forward,154.86086724069298,1
520,17.350666666666665,261.49892807006836,,,,,,,,,,,,,,,,,,,,479.0625,1105.3125,0,0.8356044,427.5,1236.5625,0,0.89786875,436.875,1381.875,0,0.9694252,422.8125,1452.1875,0,0.83514965,forward,154.86086724069298,1
521,17.384033333333335,261.63196563720703,,,,,,,,,,,,,,,,,,,,479.0625,1100.625,0,0.8381194,427.5,1236.5625,0,0.89489293,436.875,1377.1875,0,0.9732302,422.8125,1452.1875,0,0.8389693,forward,155.41366623828384,1
522,17.4174,261.33084297180176,,,,,,,,,,,,,,,,,,,,479.0625,1095.9375,0,0.8274118,427.5,1231.875,0,0.88012695,436.875,1377.1875,0,0.96798605,422.8125,1447.5,0,0.8325006,forward,155.53634436810583,1
523,17.450766666666667,260.5016231536865,,,,,,,,,,,,,,,,,,,,479.0625,1091.25,0,0.8261013,427.5,1231.875,0,0.871461,436.875,1377.1875,0,0.96562785,422.8125,1452.1875,0,0.8305592,forward,156.1723083750986,1
524,17.484133333333332,261.10100746154785,,,,,,,,,,,,,,,,,,,,474.375,1086.5625,0,0.82774544,427.5,1231.875,0,0.87371594,436.875,1377.1875,0,0.9696126,422.8125,1447.5,0,0.8337695,forward,158.42992012965695,1
525,17.517500000000002,260.40005683898926,,,,,,,,,,,,,,,,,,,,474.375,1081.875,0,0.8196171,427.5,1231.875,0,0.8749062,436.875,1377.1875,0,0.96288085,422.8125,1447.5,0,0.8367617,forward,158.95458633738974,1
526,17.550866666666668,261.17396354675293,,,,,,,,,,,,,,,,,,,,474.375,1072.5,0,0.8136767,427.5,1231.875,0,0.8756768,436.875,1377.1875,0,0.95788884,422.8125,1452.1875,0,0.8363217,forward,159.91906755292464,1
527,17.584233333333334,261.1699104309082,,,,,,,,,,,,,,,,,,,,479.0625,1072.5,0,0.8086557,427.5,1227.1875,0,0.887532,436.875,1381.875,0,0.9574026,422.8125,1452.1875,0,0.83194137,forward,158.09682083348406,1
528,17.6176,260.5900764465332,,,,,,,,,,,,,,,,,,,,474.375,1063.125,0,0.80524254,432.1875,1227.1875,0,0.8861494,436.875,1381.875,0,0.9624531,422.8125,1452.1875,0,0.83139014,forward,163.84351702728787,1
529,17.650966666666665,260.82897186279297,,,,,,,,,,,,,,,,,,,,474.375,1053.75,0,0.8005048,432.1875,1227.1875,0,0.8772653,436.875,1381.875,0,0.96300554,422.8125,1452.1875,0,0.8312216,forward,164.59300766015744,1
530,17.684333333333335,260.5440616607666,,,,,,,,,,,,,,,,,,,,479.0625,1049.0625,0,0.7901802,432.1875,1227.1875,0,0.87534845,436.875,1381.875,0,0.96206033,422.8125,1452.1875,0,0.8286755,forward,163.52074506774065,1
531,17.7177,261.7790699005127,,,,,,,,,,,,,,,,,,,,479.0625,1044.375,0,0.78619426,432.1875,1227.1875,0,0.8772083,436.875,1386.5625,0,0.9550074,422.8125,1452.1875,0,0.82415366,forward,163.9339080816997,1
532,17.751066666666667,264.0366554260254,,,,,,,,,,,,,,,,,,,,479.0625,1039.6875,0,0.7832055,436.875,1222.5,0,0.876915,436.875,1386.5625,0,0.9508353,422.8125,1452.1875,0,0.8183924,forward,167.00537472323114,1
533,17.784433333333332,262.9261016845703,,,,,,,,,,,,,,,,,,,,479.0625,1035.0,0,0.78543556,436.875,1222.5,0,0.86885595,436.875,1381.875,0,0.9476427,422.8125,1452.1875,0,0.81353295,forward,167.31962257946088,1
534,17.817800000000002,263.40508460998535,,,,,,,,,,,,,,,,,,,,479.0625,1030.3125,0,0.7780689,436.875,1213.125,0,0.8697357,436.875,1386.5625,0,0.9459199,422.8125,1452.1875,0,0.80754775,forward,167.00537472323114,1
535,17.851166666666668,262.523889541626,,,,,,,,,,,,,,,,,,,,483.75,1025.625,0,0.7717444,441.5625,1208.4375,0,0.8762927,436.875,1381.875,0,0.95092374,422.8125,1452.1875,0,0.8099346,forward,168.5535255934975,1
536,17.884533333333334,266.75987243652344,,,,,,,,,,,,,,,,,,,,479.0625,1020.9375,0,0.76806426,441.5625,1208.4375,0,0.87365705,436.875,1381.875,0,0.94656336,422.8125,1452.1875,0,0.8062519,forward,170.23821233344512,1
537,17.9179,261.8429660797119,,,,,,,,,,,,,,,,,,,,479.0625,1020.9375,0,0.7697203,446.25,1203.75,0,0.8772435,436.875,1381.875,0,0.95036155,422.8125,1452.1875,0,0.80611134,forward,172.83727218837487,1
538,17.951266666666665,262.7079486846924,,,,,,,,,,,,,,,,,,,,483.75,1016.25,0,0.7737831,446.25,1199.0625,0,0.8709316,436.875,1381.875,0,0.95031404,422.8125,1452.1875,0,0.8040564,forward,171.34349163125395,1
539,17.984633333333335,261.40403747558594,,,,,,,,,,,,,,,,,,,,479.0625,1011.5625,0,0.77557504,446.25,1199.0625,0,0.87335765,436.875,1381.875,0,0.9544945,422.8125,1452.1875,0,0.8098141,forward,173.00941695927344,1
540,18.018,261.9922161102295,,,,,,,,,,,,,,,,,,,,483.75,1006.875,0,0.77269375,450.9375,1199.0625,0,0.8664303,436.875,1381.875,0,0.95332634,422.8125,1452.1875,0,0.80878264,forward,174.70994218141027,1
541,18.051366666666667,261.0511779785156,,,,,,,,,,,,,,,,,,,,483.75,1002.1875,0,0.7703491,450.9375,1194.375,0,0.86648023,436.875,1381.875,0,0.95541286,422.8125,1456.875,0,0.81384903,forward,174.60032220018502,1
542,18.084733333333332,261.10005378723145,,,,,,,,,,,,,,,,,,,,483.75,997.5,0,0.77186346,450.9375,1189.6875,0,0.8628309,436.875,1386.5625,0,0.95048356,422.8125,1456.875,0,0.8099109,forward,174.39684911537597,1
543,18.118100000000002,261.5368366241455,,,,,,,,,,,,,,,,,,,,488.4375,992.8125,0,0.76425725,450.9375,1189.6875,0,0.8492557,436.875,1386.5625,0,0.94904464,422.8125,1456.875,0,0.80978006,forward,173.30133161598886,1
544,18.151466666666668,261.58618927001953,,,,,,,,,,,,,,,,,,,,483.75,992.8125,0,0.7631923,455.625,1189.6875,0,0.86011326,436.875,1386.5625,0,0.95105803,422.8125,1456.875,0,0.80944717,forward,177.31022753598617,1
545,18.184833333333334,261.36302947998047,,,,,,,,,,,,,,,,,,,,488.4375,992.8125,0,0.7675449,455.625,1189.6875,0,0.868557,436.875,1386.5625,0,0.94761944,422.8125,1456.875,0,0.80675465,forward,175.97805156823628,1
546,18.2182,261.77263259887695,,,,,,,,,,,,,,,,,,,,483.75,992.8125,0,0.7671608,455.625,1189.6875,0,0.8629334,436.875,1386.5625,0,0.9438131,422.8125,1456.875,0,0.8014458,forward,177.31022753598617,1
547,18.251566666666665,261.51108741760254,,,,,,,,,,,,,,,,,,,,483.75,988.125,0,0.7658842,455.625,1189.6875,0,0.8601488,436.875,1386.5625,0,0.9435992,422.8125,1456.875,0,0.8003536,forward,177.4968852578669,1
548,18.284933333333335,261.1849308013916,,,,,,,,,,,,,,,,,,,,483.75,988.125,0,0.76965225,455.625,1189.6875,0,0.8634907,436.875,1386.5625,0,0.9453,422.8125,1456.875,0,0.8039432,forward,177.4968852578669,1
549,18.3183,260.5440616607666,,,,,,,,,,,,,,,,,,,,483.75,988.125,0,0.77033806,455.625,1189.6875,0,0.8669398,436.875,1386.5625,0,0.9423105,422.8125,1456.875,0,0.8060957,forward,177.4968852578669,1
550,18.351666666666667,261.69586181640625,,,,,,,,,,,,,,,,,,,,483.75,988.125,0,0.76975954,450.9375,1189.6875,0,0.8613115,436.875,1386.5625,0,0.9428308,422.8125,1456.875,0,0.80853,forward,174.83953875092138,1
551,18.385033333333332,261.5780830383301,,,,,,,,,,,,,,,,,,,,483.75,988.125,0,0.7666373,450.9375,1189.6875,0,0.8568767,436.875,1386.5625,0,0.9444624,422.8125,1452.1875,0,0.8111041,forward,174.83953875092138,1
552,18.418400000000002,260.93578338623047,,,,,,,,,,,,,,,,,,,,479.0625,988.125,0,0.7681899,450.9375,1189.6875,0,0.85693145,436.875,1386.5625,0,0.9444844,422.8125,1452.1875,0,0.8106303,forward,176.14217136282284,1
553,18.451766666666668,261.19494438171387,,,,,,,,,,,,,,,,,,,,479.0625,988.125,0,0.7648252,450.9375,1185.0,0,0.85540277,436.875,1386.5625,0,0.9438713,422.8125,1452.1875,0,0.8104471,forward,175.86080634213945,1
554,18.485133333333334,262.0711326599121,,,,,,,,,,,,,,,,,,,,479.0625,988.125,0,0.7709496,450.9375,1185.0,0,0.8576584,436.875,1386.5625,0,0.9453279,422.8125,1452.1875,0,0.8092234,forward,175.86080634213945,1
555,18.5185,261.1408233642578,,,,,,,,,,,,,,,,,,,,479.0625,983.4375,0,0.76931113,450.9375,1185.0,0,0.85524315,436.875,1386.5625,0,0.94709,422.8125,1452.1875,0,0.80849475,forward,176.04749875679474,1
556,18.551866666666665,261.2948417663574,,,,,,,,,,,,,,,,,,,,479.0625,983.4375,0,0.76724756,450.9375,1185.0,0,0.85507154,436.875,1386.5625,0,0.94708365,422.8125,1452.1875,0,0.80727464,forward,176.04749875679474,1
557,18.585233333333335,261.80291175842285,,,,,,,,,,,,,,,,,,,,479.0625,983.4375,0,0.7666107,450.9375,1185.0,0,0.85742635,436.875,1386.5625,0,0.9496152,422.8125,1452.1875,0,0.81138504,forward,176.04749875679474,1
558,18.6186,261.760950088501,,,,,,,,,,,,,,,,,,,,479.0625,983.4375,0,0.7636213,450.9375,1185.0,0,0.85447705,436.875,1386.5625,0,0.95122194,422.8125,1452.1875,0,0.8117167,forward,176.04749875679474,1
559,18.651966666666667,261.24119758605957,,,,,,,,,,,,,,,,,,,,483.75,978.75,0,0.7641186,450.9375,1185.0,0,0.8557416,436.875,1386.5625,0,0.94925994,422.8125,1452.1875,0,0.81163394,forward,174.95142687383174,1
560,18.685333333333332,261.1660957336426,,,,,,,,,,,,,,,,,,,,483.75,983.4375,0,0.7639898,450.9375,1185.0,0,0.8562627,436.875,1386.5625,0,0.9514427,422.8125,1452.1875,0,0.8136355,forward,174.74480112334464,1
561,18.718700000000002,260.94913482666016,,,,,,,,,,,,,,,,,,,,483.75,978.75,0,0.76284283,450.9375,1185.0,0,0.85401654,436.875,1386.5625,0,0.949259,422.8125,1452.1875,0,0.81429195,forward,174.95142687383174,1
562,18.752066666666668,260.775089263916,,,,,,,,,,,,,,,,,,,,483.75,978.75,0,0.7626208,450.9375,1185.0,0,0.8559891,436.875,1386.5625,0,0.95107484,422.8125,1452.1875,0,0.815238,forward,174.95142687383174,1
563,18.785433333333334,260.70690155029297,,,,,,,,,,,,,,,,,,,,483.75,983.4375,0,0.76180077,450.9375,1185.0,0,0.85470295,436.875,1386.5625,0,0.9508791,422.8125,1452.1875,0,0.81457114,forward,174.74480112334464,1
564,18.8188,261.1868381500244,,,,,,,,,,,,,,,,,,,,483.75,983.4375,0,0.7600912,450.9375,1185.0,0,0.8520746,436.875,1386.5625,0,0.951985,422.8125,1452.1875,0,0.8140685,forward,174.74480112334464,1
565,18.852166666666665,262.0270252227783,,,,,,,,,,,,,,,,,,,,483.75,983.4375,0,0.7606368,455.625,1185.0,0,0.84983027,436.875,1386.5625,0,0.9500971,422.8125,1452.1875,0,0.8107434,forward,177.3711734240262,1
566,18.885533333333335,261.84797286987305,,,,,,,,,,,,,,,,,,,,483.75,983.4375,0,0.7610686,455.625,1185.0,0,0.8504766,436.875,1386.5625,0,0.94827217,422.8125,1452.1875,0,0.81137234,forward,177.3711734240262,1
567,18.9189,261.86609268188477,,,,,,,,,,,,,,,,,,,,483.75,988.125,0,0.76005435,455.625,1189.6875,0,0.85352623,436.875,1386.5625,0,0.9490199,422.8125,1452.1875,0,0.8115065,forward,177.4968852578669,1
568,18.952266666666667,263.1871700286865,,,,,,,,,,,,,,,,,,,,483.75,988.125,0,0.7618769,455.625,1189.6875,0,0.8610544,436.875,1386.5625,0,0.94802195,422.8125,1452.1875,0,0.8132169,forward,177.4968852578669,1
569,18.985633333333332,260.7991695404053,,,,,,,,,,,,,,,,,,,,483.75,988.125,0,0.76236534,450.9375,1189.6875,0,0.86438006,436.875,1386.5625,0,0.95150155,422.8125,1452.1875,0,0.8143178,forward,174.83953875092138,1
570,19.019000000000002,259.78708267211914,,,,,,,,,,,,,,,,,,,,483.75,988.125,0,0.7581583,450.9375,1189.6875,0,0.8600323,436.875,1386.5625,0,0.94991577,422.8125,1452.1875,0,0.81263053,forward,174.83953875092138,1
571,19.052366666666668,261.2290382385254,,,,,,,,,,,,,,,,,,,,483.75,988.125,0,0.75480664,450.9375,1189.6875,0,0.8526964,436.875,1386.5625,0,0.9550817,422.8125,1452.1875,0,0.82077396,forward,174.83953875092138,1
572,19.085733333333334,261.17682456970215,,,,,,,,,,,,,,,,,,,,483.75,997.5,0,0.7549025,450.9375,1189.6875,0,0.8496067,436.875,1381.875,0,0.9581841,422.8125,1452.1875,0,0.8262172,forward,174.49615226572627,1
573,19.1191,261.48319244384766,,,,,,,,,,,,,,,,,,,,483.75,997.5,0,0.76412743,450.9375,1189.6875,0,0.8564297,436.875,1381.875,0,0.956276,422.8125,1456.875,0,0.81950593,forward,174.49615226572627,1
574,19.152466666666665,261.7058753967285,,,,,,,,,,,,,,,,,,,,483.75,1002.1875,0,0.7655301,450.9375,1194.375,0,0.85449195,436.875,1381.875,0,0.9615802,422.8125,1456.875,0,0.8279735,forward,174.60032220018502,1
575,19.185833333333335,261.7158889770508,,,,,,,,,,,,,,,,,,,,483.75,1006.875,0,0.76289296,450.9375,1199.0625,0,0.8677987,436.875,1381.875,0,0.96102357,422.8125,1456.875,0,0.82063144,forward,174.70994218141027,1
576,19.2192,259.8237991333008,,,,,,,,,,,,,,,,,,,,483.75,1011.5625,0,0.7686695,446.25,1203.75,0,0.8702062,436.875,1386.5625,0,0.9586029,422.8125,1456.875,0,0.823031,forward,171.89474819652133,1
577,19.252566666666667,261.0208988189697,,,,,,,,,,,,,,,,,,,,483.75,1016.25,0,0.7743782,446.25,1208.4375,0,0.86887085,436.875,1381.875,0,0.9545225,422.8125,1456.875,0,0.82170093,forward,172.05314689985767,1
578,19.285933333333332,261.62099838256836,,,,,,,,,,,,,,,,,,,,483.75,1025.625,0,0.7691369,446.25,1213.125,0,0.86190903,436.875,1381.875,0,0.955876,422.8125,1456.875,0,0.8203635,forward,171.8698859521508,1
579,19.319300000000002,262.706995010376,,,,,,,,,,,,,,,,,,,,483.75,1030.3125,0,0.7656708,441.5625,1213.125,0,0.8679992,436.875,1381.875,0,0.9537103,422.8125,1456.875,0,0.8142079,forward,168.59652361068078,1
580,19.352666666666668,260.77914237976074,,,,,,,,,,,,,,,,,,,,483.75,1035.0,0,0.7617973,441.5625,1222.5,0,0.86882526,436.875,1386.5625,0,0.9541007,422.8125,1456.875,0,0.82058764,forward,168.95619515074566,1
581,19.386033333333334,258.5132122039795,,,,,,,,,,,,,,,,,,,,483.75,1039.6875,0,0.76420057,441.5625,1222.5,0,0.8753785,436.875,1386.5625,0,0.9522227,422.8125,1456.875,0,0.81794,forward,168.64193629249024,1
582,19.4194,257.68280029296875,,,,,,,,,,,,,,,,,,,,483.75,1039.6875,0,0.7720635,436.875,1222.5,0,0.8907085,436.875,1386.5625,0,0.95321953,422.8125,1456.875,0,0.8197237,forward,165.6186066186658,1
583,19.452766666666665,257.63392448425293,,,,,,,,,,,,,,,,,,,,483.75,1039.6875,0,0.77824426,436.875,1222.5,0,0.8968156,436.875,1381.875,0,0.9573007,422.8125,1452.1875,0,0.8282657,forward,165.6186066186658,1
584,19.486133333333335,257.98702239990234,,,,,,,,,,,,,,,,,,,,483.75,1044.375,0,0.7843821,432.1875,1227.1875,0,0.8907604,436.875,1381.875,0,0.95876515,427.5,1452.1875,0,0.830395,forward,162.51314150434916,1
585,19.5195,258.4679126739502,,,,,,,,,,,,,,,,,,,,479.0625,1044.375,0,0.78508157,432.1875,1231.875,0,0.88665354,436.875,1377.1875,0,0.9618807,427.5,1452.1875,0,0.83344793,forward,164.11615499130403,1
586,19.552866666666667,258.84008407592773,,,,,,,,,,,,,,,,,,,,479.0625,1049.0625,0,0.79447544,432.1875,1231.875,0,0.8885787,436.875,1377.1875,0,0.961513,427.5,1452.1875,0,0.8406348,forward,163.77098274231136,1
587,19.586233333333332,259.1731548309326,,,,,,,,,,,,,,,,,,,,479.0625,1053.75,0,0.78880817,432.1875,1227.1875,0,0.88891065,436.875,1377.1875,0,0.96023524,427.5,1452.1875,0,0.83055556,forward,163.08607073552042,1
588,19.619600000000002,258.6510181427002,,,,,,,,,,,,,,,,,,,,479.0625,1053.75,0,0.80236363,432.1875,1227.1875,0,0.8938532,436.875,1377.1875,0,0.96361566,427.5,1452.1875,0,0.8422591,forward,163.08607073552042,1
589,19.652966666666668,259.43708419799805,,,,,,,,,,,,,,,,,,,,479.0625,1063.125,0,0.8077812,432.1875,1227.1875,0,0.8918743,436.875,1377.1875,0,0.96767914,427.5,1452.1875,0,0.8417993,forward,162.26469118748906,1
590,19.686333333333334,257.9379081726074,,,,,,,,,,,,,,,,,,,,479.0625,1063.125,0,0.8150141,427.5,1231.875,0,0.89056957,436.875,1377.1875,0,0.96823084,427.5,1452.1875,0,0.8482481,forward,159.31778869460484,1
591,19.7197,258.50987434387207,,,,,,,,,,,,,,,,,,,,479.0625,1072.5,0,0.8100717,427.5,1231.875,0,0.8946208,436.875,1377.1875,0,0.966823,427.5,1452.1875,0,0.8445888,forward,158.38069408179453,1
592,19.753066666666665,259.29903984069824,,,,,,,,,,,,,,,,,,,,479.0625,1072.5,0,0.8103149,427.5,1231.875,0,0.89664465,436.875,1377.1875,0,0.9680073,427.5,1452.1875,0,0.8409603,forward,158.38069408179453,1
593,19.786433333333335,258.7251663208008,,,,,,,,,,,,,,,,,,,,479.0625,1077.1875,0,0.812634,427.5,1231.875,0,0.8907354,436.875,1377.1875,0,0.9719091,427.5,1452.1875,0,0.840361,forward,157.87366381838095,1
594,19.8198,259.1581344604492,,,,,,,,,,,,,,,,,,,,479.0625,1081.875,0,0.8210448,427.5,1231.875,0,0.88389665,436.875,1377.1875,0,0.9745066,427.5,1452.1875,0,0.84073424,forward,157.33820922975707,1
595,19.853166666666667,258.7568759918213,,,,,,,,,,,,,,,,,,,,479.0625,1081.875,0,0.81700027,427.5,1231.875,0,0.8934409,436.875,1377.1875,0,0.9738718,427.5,1452.1875,0,0.83765805,forward,157.33820922975707,1
596,19.886533333333333,258.6791515350342,,,,,,,,,,,,,,,,,,,,479.0625,1091.25,0,0.8277899,427.5,1231.875,0,0.888559,436.875,1377.1875,0,0.97694194,427.5,1452.1875,0,0.83848846,forward,156.1723083750986,1
597,19.919900000000002,267.0328617095947,,,,,,,,,,,,,,,,,,,,479.0625,1091.25,0,0.82939535,427.5,1231.875,0,0.88874155,436.875,1377.1875,0,0.9767021,427.5,1452.1875,0,0.8406301,forward,156.1723083750986,1
598,19.953266666666668,266.1430835723877,,,,,,,,,,,,,,,,,,,,479.0625,1095.9375,0,0.8313737,427.5,1231.875,0,0.89801073,436.875,1377.1875,0,0.9753435,427.5,1452.1875,0,0.8381958,forward,155.53634436810583,1
599,19.986633333333334,262.93396949768066,,,,,,,,,,,,,,,,,,,,479.0625,1095.9375,0,0.8295429,422.8125,1231.875,0,0.8972451,436.875,1377.1875,0,0.9731127,427.5,1452.1875,0,0.8403526,forward,151.99302120291318,1
600,20.02,263.25201988220215,,,,,,,,,,,,,,,,,,,,479.0625,1095.9375,0,0.8308053,422.8125,1231.875,0,0.8983644,436.875,1377.1875,0,0.9748653,422.8125,1452.1875,0,0.8411863,forward,151.99302120291318,1
601,20.053366666666665,262.6819610595703,,,,,,,,,,,,,,,,,,,,479.0625,1100.625,0,0.83156765,422.8125,1236.5625,0,0.9058969,436.875,1381.875,0,0.97149444,422.8125,1452.1875,0,0.8384744,forward,151.99302120291318,1
602,20.086733333333335,262.9082202911377,,,,,,,,,,,,,,,,,,,,483.75,1100.625,0,0.83100104,422.8125,1236.5625,0,0.9097396,436.875,1381.875,0,0.97085345,422.8125,1452.1875,0,0.8353864,forward,150.32690991850583,1
603,20.1201,260.667085647583,,,,,,,,,,,,,,,,,,,,483.75,1105.3125,0,0.83264494,422.8125,1236.5625,0,0.9111235,436.875,1381.875,0,0.97185004,422.8125,1452.1875,0,0.83738434,forward,149.56769487923512,1
604,20.153466666666667,281.82506561279297,,,,,,,,,,,,,,,,,,,,483.75,1105.3125,0,0.8349474,422.8125,1236.5625,0,0.91040576,436.875,1381.875,0,0.9708748,422.8125,1452.1875,0,0.837221,forward,149.56769487923512,1
605,20.186833333333333,261.09886169433594,,,,,,,,,,,,,,,,,,,,483.75,1105.3125,0,0.8327962,427.5,1236.5625,0,0.90994614,436.875,1381.875,0,0.9685383,422.8125,1452.1875,0,0.8350684,forward,153.11001990945778,1
606,20.220200000000002,257.70115852355957,,,,,,,,,,,,,,,,,,,,483.75,1100.625,0,0.831908,427.5,1236.5625,0,0.90238464,436.875,1381.875,0,0.9657333,422.8125,1452.1875,0,0.83329296,forward,153.82917276365117,1
607,20.253566666666668,251.88732147216797,,,,,,,,,,,,,,,,,,,,483.75,1100.625,0,0.8381301,427.5,1236.5625,0,0.9046339,436.875,1381.875,0,0.9679173,422.8125,1452.1875,0,0.8406458,forward,153.82917276365117,1
608,20.286933333333334,254.64773178100586,,,,,,,,,,,,,,,,,,,,483.75,1100.625,0,0.8382702,427.5,1236.5625,0,0.90628314,436.875,1381.875,0,0.96533215,422.8125,1452.1875,0,0.8313228,forward,153.82917276365117,1
609,20.3203,265.610933303833,,,,,,,,,,,,,,,,,,,,479.0625,1095.9375,0,0.8352752,427.5,1236.5625,0,0.89716256,436.875,1377.1875,0,0.9684436,422.8125,1452.1875,0,0.8370304,forward,156.04962466042684,1
610,20.353666666666665,258.037805557251,,,,,,,,,,,,,,,,,,,,479.0625,1091.25,0,0.8294393,427.5,1236.5625,0,0.8964236,436.875,1377.1875,0,0.9671328,422.8125,1452.1875,0,0.8352072,forward,156.64926483779368,1
611,20.387033333333335,258.3439350128174,,,,,,,,,,,,,,,,,,,,479.0625,1086.5625,0,0.8160008,427.5,1236.5625,0,0.8954959,436.875,1381.875,0,0.9562539,422.8125,1452.1875,0,0.8320715,forward,157.33820922975707,1
612,20.4204,259.1590881347656,,,,,,,,,,,,,,,,,,,,483.75,1081.875,0,0.8144845,427.5,1231.875,0,0.899524,436.875,1377.1875,0,0.96108556,422.8125,1452.1875,0,0.83450854,forward,155.75256323731088,1
613,20.453766666666667,258.5783004760742,,,,,,,,,,,,,,,,,,,,483.75,1072.5,0,0.80849886,427.5,1231.875,0,0.9014866,436.875,1377.1875,0,0.9595327,422.8125,1452.1875,0,0.83802223,forward,156.86857138898102,1
614,20.487133333333333,259.27090644836426,,,,,,,,,,,,,,,,,,,,479.0625,1067.8125,0,0.8056148,427.5,1231.875,0,0.89157987,436.875,1377.1875,0,0.9561451,422.8125,1452.1875,0,0.841334,forward,158.8614240358089,1
615,20.520500000000002,261.2648010253906,,,,,,,,,,,,,,,,,,,,483.75,1063.125,0,0.7971517,432.1875,1231.875,0,0.8814435,436.875,1377.1875,0,0.95529556,422.8125,1452.1875,0,0.83553755,forward,161.16156904085426,1
616,20.553866666666668,259.38987731933594,,,,,,,,,,,,,,,,,,,,483.75,1053.75,0,0.8115959,432.1875,1231.875,0,0.88831687,436.875,1377.1875,0,0.96206737,422.8125,1452.1875,0,0.8403019,forward,162.00804055855238,1
617,20.587233333333334,258.70418548583984,,,,,,,,,,,,,,,,,,,,483.75,1049.0625,0,0.8063137,432.1875,1231.875,0,0.8882204,436.875,1381.875,0,0.959851,422.8125,1452.1875,0,0.8394151,forward,162.45892001877,1
618,20.6206,259.7975730895996,,,,,,,,,,,,,,,,,,,,483.75,1044.375,0,0.8031405,432.1875,1227.1875,0,0.88674223,436.875,1381.875,0,0.9623729,422.8125,1452.1875,0,0.83883035,forward,162.51314150434916,1
619,20.653966666666665,260.0588798522949,,,,,,,,,,,,,,,,,,,,483.75,1039.6875,0,0.794971,436.875,1222.5,0,0.8933377,436.875,1381.875,0,0.9599441,422.8125,1452.1875,0,0.83176994,forward,165.6186066186658,1
620,20.687333333333335,259.4168186187744,,,,,,,,,,,,,,,,,,,,488.4375,1039.6875,0,0.78731793,436.875,1217.8125,0,0.8836835,436.875,1386.5625,0,0.95508254,422.8125,1456.875,0,0.82232845,forward,163.8556594269919,1
621,20.7207,259.24015045166016,,,,,,,,,,,,,,,,,,,,488.4375,1030.3125,0,0.78555083,436.875,1213.125,0,0.8812041,436.875,1386.5625,0,0.95148873,422.8125,1456.875,0,0.8195716,forward,164.24882503882307,1
622,20.754066666666667,258.62717628479004,,,,,,,,,,,,,,,,,,,,488.4375,1025.625,0,0.7757615,441.5625,1208.4375,0,0.87745214,436.875,1381.875,0,0.9529533,422.8125,1456.875,0,0.8145162,forward,167.1667568101556,1
623,20.787433333333333,259.51266288757324,,,,,,,,,,,,,,,,,,,,483.75,1020.9375,0,0.77328396,441.5625,1203.75,0,0.8779044,436.875,1386.5625,0,0.95511985,422.8125,1452.1875,0,0.8145496,forward,168.47417261247384,1
624,20.820800000000002,259.14907455444336,,,,,,,,,,,,,,,,,,,,483.75,1016.25,0,0.7708557,446.25,1203.75,0,0.8685412,436.875,1386.5625,0,0.95398915,422.8125,1452.1875,0,0.81570196,forward,171.6257169185905,1
625,20.854166666666668,264.4999027252197,,,,,,,,,,,,,,,,,,,,483.75,1011.5625,0,0.7698004,446.25,1199.0625,0,0.87149656,436.875,1381.875,0,0.95345163,422.8125,1452.1875,0,0.8174542,forward,171.6257169185905,1
626,20.887533333333334,255.8600902557373,,,,,,,,,,,,,,,,,,,,483.75,1006.875,0,0.7715788,450.9375,1199.0625,0,0.8669261,436.875,1381.875,0,0.954332,422.8125,1452.1875,0,0.8184966,forward,174.70994218141027,1
627,20.9209,253.45897674560547,,,,,,,,,,,,,,,,,,,,483.75,1002.1875,0,0.76801217,450.9375,1194.375,0,0.86442786,436.875,1381.875,0,0.9565711,422.8125,1452.1875,0,0.82124484,forward,174.60032220018502,1
628,20.954266666666665,255.66577911376953,,,,,,,,,,,,,,,,,,,,483.75,1002.1875,0,0.7679906,450.9375,1194.375,0,0.8517552,436.875,1381.875,0,0.9562627,422.8125,1452.1875,0,0.81959295,forward,174.60032220018502,1
629,20.987633333333335,256.51097297668457,,,,,,,,,,,,,,,,,,,,483.75,997.5,0,0.7654152,450.9375,1189.6875,0,0.8554841,436.875,1381.875,0,0.9521469,422.8125,1452.1875,0,0.8158988,forward,174.49615226572627,1
630,21.021,278.67698669433594,,,,,,,,,,,,,,,,,,,,483.75,992.8125,0,0.7617129,450.9375,1189.6875,0,0.8587209,436.875,1386.5625,0,0.950437,422.8125,1456.875,0,0.8132895,forward,174.62327052881244,1
631,21.054366666666667,264.0697956085205,,,,,,,,,,,,,,,,,,,,483.75,992.8125,0,0.76281893,450.9375,1189.6875,0,0.8641376,436.875,1386.5625,0,0.9493431,422.8125,1456.875,0,0.8104527,forward,174.62327052881244,1
632,21.087733333333333,264.35399055480957,,,,,,,,,,,,,,,,,,,,483.75,988.125,0,0.75532883,450.9375,1189.6875,0,0.855374,436.875,1386.5625,0,0.9511167,422.8125,1456.875,0,0.815049,forward,174.83953875092138,1
633,21.121100000000002,259.84907150268555,,,,,,,,,,,,,,,,,,,,479.0625,992.8125,0,0.7584149,450.9375,1189.6875,0,0.84726644,436.875,1386.5625,0,0.9490528,422.8125,1456.875,0,0.8117218,forward,175.95557052222773,1
634,21.154466666666668,273.30613136291504,,,,,,,,,,,,,,,,,,,,479.0625,988.125,0,0.76212776,450.9375,1185.0,0,0.8492248,436.875,1386.5625,0,0.95122194,422.8125,1452.1875,0,0.810173,forward,175.86080634213945,1
635,21.187833333333334,273.792028427124,,,,,,,,,,,,,,,,,,,,479.0625,988.125,0,0.7619983,450.9375,1189.6875,0,0.8507832,436.875,1386.5625,0,0.9500504,422.8125,1452.1875,0,0.8131081,forward,176.14217136282284,1
636,21.2212,258.3889961242676,,,,,,,,,,,,,,,,,,,,479.0625,988.125,0,0.76086795,450.9375,1189.6875,0,0.8512919,436.875,1386.5625,0,0.94958806,422.8125,1452.1875,0,0.81661445,forward,176.14217136282284,1
637,21.254566666666665,252.8843879699707,,,,,,,,,,,,,,,,,,,,479.0625,988.125,0,0.7635213,450.9375,1189.6875,0,0.8510158,436.875,1386.5625,0,0.94769377,422.8125,1452.1875,0,0.81342727,forward,176.14217136282284,1
638,21.287933333333335,251.84988975524902,,,,,,,,,,,,,,,,,,,,479.0625,988.125,0,0.7534189,450.9375,1189.6875,0,0.84989583,436.875,1386.5625,0,0.9543439,422.8125,1452.1875,0,0.8205649,forward,176.14217136282284,1
639,21.3213,254.7459602355957,,,,,,,,,,,,,,,,,,,,479.0625,988.125,0,0.753616,450.9375,1189.6875,0,0.8503973,436.875,1386.5625,0,0.9529458,422.8125,1452.1875,0,0.8209404,forward,176.14217136282284,1
640,21.354666666666667,254.76384162902832,,,,,,,,,,,,,,,,,,,,479.0625,988.125,0,0.75598705,450.9375,1189.6875,0,0.849149,436.875,1386.5625,0,0.95305616,422.8125,1452.1875,0,0.8190123,forward,176.14217136282284,1
641,21.388033333333333,254.47487831115723,,,,,,,,,,,,,,,,,,,,479.0625,988.125,0,0.7551625,450.9375,1189.6875,0,0.84818274,436.875,1386.5625,0,0.9532996,422.8125,1452.1875,0,0.8214388,forward,176.14217136282284,1
642,21.421400000000002,254.608154296875,,,,,,,,,,,,,,,,,,,,479.0625,988.125,0,0.7558969,450.9375,1189.6875,0,0.84744,436.875,1386.5625,0,0.95491546,422.8125,1452.1875,0,0.82471704,forward,176.14217136282284,1
643,21.454766666666668,253.90315055847168,,,,,,,,,,,,,,,,,,,,479.0625,988.125,0,0.7622714,450.9375,1189.6875,0,0.8493054,436.875,1386.5625,0,0.95236105,422.8125,1452.1875,0,0.8198817,forward,176.14217136282284,1
644,21.488133333333334,255.2320957183838,,,,,,,,,,,,,,,,,,,,479.0625,988.125,0,0.7625207,450.9375,1189.6875,0,0.8518569,436.875,1386.5625,0,0.95345974,422.8125,1456.875,0,0.82119113,forward,176.14217136282284,1
645,21.5215,258.43191146850586,,,,,,,,,,,,,,,,,,,,474.375,988.125,0,0.7632656,450.9375,1189.6875,0,0.85580623,436.875,1386.5625,0,0.954882,422.8125,1452.1875,0,0.82086414,forward,177.45316447198348,1
646,21.554866666666666,258.4991455078125,,,,,,,,,,,,,,,,,,,,474.375,988.125,0,0.7629729,450.9375,1189.6875,0,0.8552859,436.875,1386.5625,0,0.95686597,422.8125,1452.1875,0,0.82355213,forward,177.45316447198348,1
647,21.588233333333335,256.8860054016113,,,,,,,,,,,,,,,,,,,,474.375,988.125,0,0.762768,450.9375,1189.6875,0,0.8564497,436.875,1386.5625,0,0.956352,422.8125,1456.875,0,0.82479686,forward,177.45316447198348,1
648,21.6216,258.2228183746338,,,,,,,,,,,,,,,,,,,,474.375,988.125,0,0.76373667,450.9375,1189.6875,0,0.85655653,436.875,1386.5625,0,0.9560076,422.8125,1456.875,0,0.82453716,forward,177.45316447198348,1
649,21.654966666666667,255.5239200592041,,,,,,,,,,,,,,,,,,,,474.375,988.125,0,0.7637774,450.9375,1189.6875,0,0.85348034,436.875,1386.5625,0,0.9555867,422.8125,1456.875,0,0.823563,forward,177.45316447198348,1
650,21.688333333333333,255.67173957824707,,,,,,,,,,,,,,,,,,,,474.375,988.125,0,0.7616279,450.9375,1189.6875,0,0.8522475,436.875,1386.5625,0,0.9566237,422.8125,1456.875,0,0.8223197,forward,177.45316447198348,1
651,21.721700000000002,255.85269927978516,,,,,,,,,,,,,,,,,,,,479.0625,988.125,0,0.760223,450.9375,1189.6875,0,0.85213447,436.875,1386.5625,0,0.9563451,422.8125,1456.875,0,0.8222977,forward,176.14217136282284,1
652,21.755066666666668,255.95498085021973,,,,,,,,,,,,,,,,,,,,479.0625,988.125,0,0.76162297,450.9375,1189.6875,0,0.8528961,436.875,1386.5625,0,0.955735,422.8125,1456.875,0,0.82093847,forward,176.14217136282284,1
653,21.788433333333334,254.4078826904297,,,,,,,,,,,,,,,,,,,,479.0625,988.125,0,0.76042426,450.9375,1189.6875,0,0.85507035,436.875,1386.5625,0,0.9551369,422.8125,1456.875,0,0.8199421,forward,176.14217136282284,1
654,21.8218,255.93996047973633,,,,,,,,,,,,,,,,,,,,479.0625,988.125,0,0.75927097,450.9375,1189.6875,0,0.8539945,436.875,1386.5625,0,0.9573108,422.8125,1456.875,0,0.8212272,forward,176.14217136282284,1
655,21.855166666666666,255.53321838378906,,,,,,,,,,,,,,,,,,,,479.0625,988.125,0,0.7605108,450.9375,1189.6875,0,0.8547889,436.875,1386.5625,0,0.9570317,422.8125,1456.875,0,0.82155985,forward,176.14217136282284,1
656,21.888533333333335,259.4139575958252,,,,,,,,,,,,,,,,,,,,479.0625,988.125,0,0.7636552,450.9375,1189.6875,0,0.85046655,436.875,1386.5625,0,0.9569326,422.8125,1456.875,0,0.8216911,forward,176.14217136282284,1
657,21.9219,255.87201118469238,,,,,,,,,,,,,,,,,,,,479.0625,988.125,0,0.76335645,446.25,1189.6875,0,0.84510696,436.875,1386.5625,0,0.956805,422.8125,1456.875,0,0.82189083,forward,173.48022073924307,1
658,21.955266666666667,255.59282302856445,,,,,,,,,,,,,,,,,,,,479.0625,992.8125,0,0.7619716,446.25,1189.6875,0,0.84764373,436.875,1386.5625,0,0.95764947,422.8125,1456.875,0,0.8214335,forward,173.26398992308998,1
659,21.988633333333333,254.98318672180176,,,,,,,,,,,,,,,,,,,,479.0625,992.8125,0,0.7644258,446.25,1189.6875,0,0.8500717,436.875,1386.5625,0,0.95483047,422.8125,1456.875,0,0.82116157,forward,173.26398992308998,1
660,22.022000000000002,255.42283058166504,,,,,,,,,,,,,,,,,,,,479.0625,992.8125,0,0.76034725,446.25,1194.375,0,0.84805965,436.875,1386.5625,0,0.9523322,422.8125,1456.875,0,0.81540847,forward,173.54660568728903,1
661,22.055366666666668,255.67889213562012,,,,,,,,,,,,,,,,,,,,479.0625,992.8125,0,0.7640417,446.25,1189.6875,0,0.8544097,436.875,1386.5625,0,0.9516426,422.8125,1456.875,0,0.813169,forward,173.26398992308998,1
662,22.088733333333334,253.66806983947754,,,,,,,,,,,,,,,,,,,,479.0625,992.8125,0,0.7632914,446.25,1189.6875,0,0.8530855,436.875,1381.875,0,0.9563219,422.8125,1456.875,0,0.81329507,forward,173.33037854720826,1
663,22.1221,256.0088634490967,,,,,,,,,,,,,,,,,,,,479.0625,997.5,0,0.7568993,446.25,1189.6875,0,0.8474637,436.875,1381.875,0,0.9623487,422.8125,1456.875,0,0.8148932,forward,173.1039421668982,1
664,22.155466666666666,255.20706176757812,,,,,,,,,,,,,,,,,,,,479.0625,1002.1875,0,0.7632,446.25,1194.375,0,0.8538548,436.875,1381.875,0,0.96383095,422.8125,1456.875,0,0.8138351,forward,173.17363639572235,1
665,22.188833333333335,254.6560764312744,,,,,,,,,,,,,,,,,,,,479.0625,1002.1875,0,0.77243984,446.25,1203.75,0,0.8676171,436.875,1381.875,0,0.9616258,422.8125,1456.875,0,0.8192228,forward,173.7666824146996,1
666,22.2222,260.5612277984619,,,,,,,,,,,,,,,,,,,,479.0625,1006.875,0,0.7732748,446.25,1203.75,0,0.8649436,436.875,1381.875,0,0.96469903,422.8125,1456.875,0,0.82518303,forward,173.5504352985561,1
667,22.255566666666667,258.56494903564453,,,,,,,,,,,,,,,,,,,,479.0625,1016.25,0,0.76968753,441.5625,1208.4375,0,0.866117,436.875,1381.875,0,0.96275234,422.8125,1456.875,0,0.828409,forward,170.50719147336105,1
668,22.288933333333333,256.3028335571289,,,,,,,,,,,,,,,,,,,,479.0625,1020.9375,0,0.77111864,441.5625,1208.4375,0,0.8745786,436.875,1381.875,0,0.961791,422.8125,1456.875,0,0.8300099,forward,170.23821233344512,1
669,22.322300000000002,258.012056350708,,,,,,,,,,,,,,,,,,,,479.0625,1020.9375,0,0.76111335,441.5625,1213.125,0,0.8713236,436.875,1381.875,0,0.95451766,422.8125,1456.875,0,0.81560874,forward,170.550213902423,1
670,22.355666666666668,257.0979595184326,,,,,,,,,,,,,,,,,,,,479.0625,1020.9375,0,0.76950204,441.5625,1213.125,0,0.8745698,436.875,1381.875,0,0.9519211,422.8125,1456.875,0,0.8155298,forward,170.550213902423,1
671,22.389033333333334,259.83119010925293,,,,,,,,,,,,,,,,,,,,479.0625,1025.625,0,0.76495403,441.5625,1213.125,0,0.86940324,436.875,1381.875,0,0.9583409,422.8125,1456.875,0,0.82093453,forward,170.2812082272243,1
672,22.4224,257.46989250183105,,,,,,,,,,,,,,,,,,,,474.375,1030.3125,0,0.77386117,441.5625,1217.8125,0,0.87628514,436.875,1381.875,0,0.9546872,422.8125,1452.1875,0,0.8206907,forward,171.71029966873516,1
673,22.455766666666666,257.3981285095215,,,,,,,,,,,,,,,,,,,,479.0625,1030.3125,0,0.77770364,436.875,1217.8125,0,0.876244,436.875,1381.875,0,0.9501084,427.5,1452.1875,0,0.8222214,forward,167.31962257946088,1
674,22.489133333333335,255.83505630493164,,,,,,,,,,,,,,,,,,,,474.375,1035.0,0,0.77446264,436.875,1222.5,0,0.8751673,436.875,1381.875,0,0.94828,422.8125,1452.1875,0,0.82269615,forward,168.6900883963694,1
675,22.5225,255.38325309753418,,,,,,,,,,,,,,,,,,,,474.375,1039.6875,0,0.7791194,432.1875,1222.5,0,0.877115,436.875,1381.875,0,0.94849217,422.8125,1452.1875,0,0.8208401,forward,165.3206855996469,1
676,22.555866666666667,257.84921646118164,,,,,,,,,,,,,,,,,,,,474.375,1039.6875,0,0.77493304,432.1875,1227.1875,0,0.8750479,436.875,1381.875,0,0.9512646,422.8125,1452.1875,0,0.82376516,forward,165.583929465502,1
677,22.589233333333333,257.34615325927734,,,,,,,,,,,,,,,,,,,,474.375,1039.6875,0,0.778355,427.5,1227.1875,0,0.8705331,436.875,1377.1875,0,0.95593995,427.5,1452.1875,0,0.8287002,forward,162.38742548972428,1
678,22.622600000000002,258.36896896362305,,,,,,,,,,,,,,,,,,,,474.375,1044.375,0,0.7789227,427.5,1227.1875,0,0.8801133,436.875,1377.1875,0,0.9533558,427.5,1452.1875,0,0.8335562,forward,162.04228011092985,1
679,22.655966666666668,259.71388816833496,,,,,,,,,,,,,,,,,,,,474.375,1049.0625,0,0.78361803,427.5,1227.1875,0,0.8885218,436.875,1377.1875,0,0.95955735,427.5,1452.1875,0,0.8331472,forward,161.680103290733,1
680,22.689333333333334,257.21001625061035,,,,,,,,,,,,,,,,,,,,469.6875,1053.75,0,0.7885561,427.5,1227.1875,0,0.8893006,436.875,1377.1875,0,0.9643059,422.8125,1452.1875,0,0.82993734,forward,162.75236225943985,1
681,22.7227,258.09597969055176,,,,,,,,,,,,,,,,,,,,469.6875,1058.4375,0,0.79446644,427.5,1227.1875,0,0.8884093,436.875,1377.1875,0,0.9665798,422.8125,1452.1875,0,0.8350823,forward,162.38743677634622,1
682,22.756066666666666,257.1229934692383,,,,,,,,,,,,,,,,,,,,474.375,1058.4375,0,0.7963141,427.5,1227.1875,0,0.88335,436.875,1377.1875,0,0.9679265,422.8125,1452.1875,0,0.8290391,forward,160.89956157502158,1
683,22.789433333333335,258.03112983703613,,,,,,,,,,,,,,,,,,,,474.375,1063.125,0,0.79889464,427.5,1222.5,0,0.88226473,436.875,1377.1875,0,0.9709562,427.5,1452.1875,0,0.8299973,forward,160.1422324968952,1
684,22.8228,257.31420516967773,,,,,,,,,,,,,,,,,,,,474.375,1067.8125,0,0.79823494,427.5,1222.5,0,0.8752023,436.875,1377.1875,0,0.96805537,427.5,1452.1875,0,0.82872546,forward,159.67337758468682,1
685,22.856166666666667,257.1992874145508,,,,,,,,,,,,,,,,,,,,474.375,1072.5,0,0.80708396,427.5,1227.1875,0,0.88260245,436.875,1377.1875,0,0.97491896,427.5,1452.1875,0,0.83354765,forward,159.56528292535842,1
686,22.889533333333333,256.8089962005615,,,,,,,,,,,,,,,,,,,,474.375,1081.875,0,0.8055726,427.5,1227.1875,0,0.8862587,436.875,1377.1875,0,0.9792608,422.8125,1452.1875,0,0.8303324,forward,158.5449812829659,1
687,22.922900000000002,256.8659782409668,,,,,,,,,,,,,,,,,,,,474.375,1086.5625,0,0.81432617,422.8125,1227.1875,0,0.8924993,436.875,1377.1875,0,0.9750161,422.8125,1452.1875,0,0.82881355,forward,154.50788401982126,1
688,22.956266666666668,257.13205337524414,,,,,,,,,,,,,,,,,,,,474.375,1091.25,0,0.8205261,422.8125,1227.1875,0,0.89326334,436.875,1377.1875,0,0.97564435,422.8125,1452.1875,0,0.82911384,forward,153.87192401166376,1
689,22.989633333333334,256.5340995788574,,,,,,,,,,,,,,,,,,,,474.375,1091.25,0,0.82128364,422.8125,1231.875,0,0.9028882,436.875,1377.1875,0,0.9755559,422.8125,1452.1875,0,0.8311199,forward,154.33615593881092,1
690,23.023,257.1978569030762,,,,,,,,,,,,,,,,,,,,474.375,1095.9375,0,0.829543,422.8125,1231.875,0,0.8985372,436.875,1377.1875,0,0.97340846,422.8125,1452.1875,0,0.83381915,forward,153.7001889675185,1
691,23.056366666666666,257.404088973999,,,,,,,,,,,,,,,,,,,,479.0625,1100.625,0,0.8285277,422.8125,1231.875,0,0.90375686,436.875,1381.875,0,0.96820605,422.8125,1452.1875,0,0.82847124,forward,151.44558511574894,1
692,23.089733333333335,258.868932723999,,,,,,,,,,,,,,,,,,,,479.0625,1105.3125,0,0.82947063,422.8125,1231.875,0,0.9056914,436.875,1377.1875,0,0.9724574,422.8125,1452.1875,0,0.82891273,forward,150.50997788114384,1
693,23.1231,259.46903228759766,,,,,,,,,,,,,,,,,,,,479.0625,1105.3125,0,0.8293575,422.8125,1231.875,0,0.9027436,436.875,1377.1875,0,0.97660863,422.8125,1452.1875,0,0.83082825,forward,150.50997788114384,1
694,23.156466666666667,253.1728744506836,,,,,,,,,,,,,,,,,,,,479.0625,1105.3125,0,0.82886255,422.8125,1231.875,0,0.90083987,436.875,1377.1875,0,0.976738,422.8125,1452.1875,0,0.8293985,forward,150.50997788114384,1
695,23.189833333333333,252.64286994934082,,,,,,,,,,,,,,,,,,,,479.0625,1105.3125,0,0.8295994,422.8125,1231.875,0,0.8994149,436.875,1377.1875,0,0.9782346,422.8125,1452.1875,0,0.83084506,forward,150.50997788114384,1
696,23.223200000000002,255.9497356414795,,,,,,,,,,,,,,,,,,,,479.0625,1105.3125,0,0.8262232,422.8125,1231.875,0,0.89561415,436.875,1377.1875,0,0.97471595,422.8125,1452.1875,0,0.8324406,forward,150.50997788114384,1
697,23.256566666666668,256.84595108032227,,,,,,,,,,,,,,,,,,,,479.0625,1105.3125,0,0.82494783,427.5,1231.875,0,0.89457595,436.875,1377.1875,0,0.9752302,422.8125,1452.1875,0,0.8331665,forward,154.1422658819768,1
698,23.289933333333334,255.4302215576172,,,,,,,,,,,,,,,,,,,,479.0625,1105.3125,0,0.81960106,427.5,1231.875,0,0.89772666,436.875,1377.1875,0,0.9718994,422.8125,1452.1875,0,0.82937086,forward,154.1422658819768,1
699,23.3233,256.1209201812744,,,,,,,,,,,,,,,,,,,,479.0625,1105.3125,0,0.822909,427.5,1231.875,0,0.8985386,436.875,1377.1875,0,0.97065777,422.8125,1452.1875,0,0.8308635,forward,154.1422658819768,1
700,23.356666666666666,255.6600570678711,,,,,,,,,,,,,,,,,,,,479.0625,1095.9375,0,0.8197582,427.5,1236.5625,0,0.89571464,436.875,1377.1875,0,0.96761036,422.8125,1452.1875,0,0.8258975,forward,156.04962466042684,1
701,23.390033333333335,256.3619613647461,,,,,,,,,,,,,,,,,,,,479.0625,1095.9375,0,0.81899536,427.5,1236.5625,0,0.89447546,436.875,1377.1875,0,0.96804994,422.8125,1452.1875,0,0.8285407,forward,156.04962466042684,1
702,23.4234,255.66816329956055,,,,,,,,,,,,,,,,,,,,479.0625,1095.9375,0,0.8204427,427.5,1236.5625,0,0.89076436,436.875,1377.1875,0,0.96912515,422.8125,1452.1875,0,0.8357816,forward,156.04962466042684,1
703,23.456766666666667,256.242036819458,,,,,,,,,,,,,,,,,,,,479.0625,1091.25,0,0.81952286,427.5,1236.5625,0,0.88946813,436.875,1377.1875,0,0.97236174,422.8125,1452.1875,0,0.8377706,forward,156.64926483779368,1
704,23.490133333333333,253.96108627319336,,,,,,,,,,,,,,,,,,,,479.0625,1081.875,0,0.81544924,427.5,1231.875,0,0.88340074,436.875,1377.1875,0,0.9721106,422.8125,1452.1875,0,0.8441419,forward,157.33820922975707,1
705,23.523500000000002,252.1517276763916,,,,,,,,,,,,,,,,,,,,479.0625,1072.5,0,0.8108444,427.5,1231.875,0,0.8900703,436.875,1377.1875,0,0.96915925,422.8125,1452.1875,0,0.8391427,forward,158.38069408179453,1
706,23.556866666666668,250.35977363586426,,,,,,,,,,,,,,,,,,,,479.0625,1067.8125,0,0.8003636,427.5,1231.875,0,0.87853396,436.875,1377.1875,0,0.9613614,422.8125,1452.1875,0,0.8422421,forward,158.8614240358089,1
707,23.590233333333334,254.48298454284668,,,,,,,,,,,,,,,,,,,,479.0625,1063.125,0,0.8075894,427.5,1231.875,0,0.8663398,436.875,1377.1875,0,0.9671571,422.8125,1452.1875,0,0.84776676,forward,159.31778869460484,1
708,23.6236,254.80198860168457,,,,,,,,,,,,,,,,,,,,479.0625,1053.75,0,0.8091084,432.1875,1231.875,0,0.8678114,436.875,1377.1875,0,0.96286607,422.8125,1452.1875,0,0.8486211,forward,163.408814348417,1
709,23.656966666666666,254.39691543579102,,,,,,,,,,,,,,,,,,,,479.0625,1049.0625,0,0.7920575,432.1875,1222.5,0,0.8772346,436.875,1381.875,0,0.9612963,422.8125,1452.1875,0,0.83959806,forward,163.19130598148422,1
710,23.690333333333335,254.8987865447998,,,,,,,,,,,,,,,,,,,,479.0625,1039.6875,0,0.7915869,432.1875,1222.5,0,0.8767607,436.875,1381.875,0,0.96521497,427.5,1456.875,0,0.843519,forward,163.9339080816997,1
711,23.7237,253.87907028198242,,,,,,,,,,,,,,,,,,,,479.0625,1035.0,0,0.7919041,432.1875,1222.5,0,0.87171793,436.875,1381.875,0,0.9582924,427.5,1456.875,0,0.838261,forward,164.27907161568777,1
712,23.757066666666667,254.84514236450195,,,,,,,,,,,,,,,,,,,,479.0625,1030.3125,0,0.7887863,436.875,1217.8125,0,0.8713854,436.875,1381.875,0,0.9591872,427.5,1456.875,0,0.8260827,forward,167.31962257946088,1
713,23.790433333333333,253.48591804504395,,,,,,,,,,,,,,,,,,,,483.75,1025.625,0,0.768217,436.875,1208.4375,0,0.880764,436.875,1381.875,0,0.96182996,422.8125,1456.875,0,0.821625,forward,165.6186066186658,1
714,23.823800000000002,254.00996208190918,,,,,,,,,,,,,,,,,,,,479.0625,1020.9375,0,0.7660324,436.875,1208.4375,0,0.8799879,436.875,1381.875,0,0.9631306,422.8125,1456.875,0,0.8251107,forward,167.31962257946088,1
715,23.857166666666668,254.0578842163086,,,,,,,,,,,,,,,,,,,,479.0625,1016.25,0,0.76517165,441.5625,1203.75,0,0.88280755,436.875,1381.875,0,0.9630044,422.8125,1456.875,0,0.82099617,forward,170.19754925783343,1
716,23.890533333333334,254.5011043548584,,,,,,,,,,,,,,,,,,,,479.0625,1011.5625,0,0.7696452,446.25,1199.0625,0,0.8706957,436.875,1381.875,0,0.96477365,422.8125,1456.875,0,0.82297313,forward,173.00941695927344,1
717,23.9239,254.7452449798584,,,,,,,,,,,,,,,,,,,,479.0625,1006.875,0,0.77490574,450.9375,1199.0625,0,0.8650708,436.875,1381.875,0,0.96528506,422.8125,1456.875,0,0.82448304,forward,176.07304721205557,1
718,23.957266666666666,253.7209987640381,,,,,,,,,,,,,,,,,,,,483.75,1002.1875,0,0.7717149,450.9375,1194.375,0,0.86467814,436.875,1381.875,0,0.96387684,422.8125,1456.875,0,0.8280784,forward,174.60032220018502,1
719,23.990633333333335,255.02324104309082,,,,,,,,,,,,,,,,,,,,483.75,1002.1875,0,0.7707695,450.9375,1189.6875,0,0.86252606,436.875,1386.5625,0,0.96562624,422.8125,1456.875,0,0.8264152,forward,174.1594013939898,1
720,24.024,254.81605529785156,,,,,,,,,,,,,,,,,,,,483.75,997.5,0,0.76497376,450.9375,1189.6875,0,0.8588339,436.875,1386.5625,0,0.96287525,422.8125,1456.875,0,0.824776,forward,174.39684911537597,1
721,24.057366666666667,253.47185134887695,,,,,,,,,,,,,,,,,,,,483.75,992.8125,0,0.76672465,450.9375,1189.6875,0,0.8682194,436.875,1386.5625,0,0.9606287,422.8125,1456.875,0,0.8261991,forward,174.62327052881244,1
722,24.090733333333333,254.30703163146973,,,,,,,,,,,,,,,,,,,,483.75,992.8125,0,0.7644106,455.625,1189.6875,0,0.87184954,436.875,1386.5625,0,0.96114653,422.8125,1456.875,0,0.82034993,forward,177.31022753598617,1
723,24.124100000000002,253.45993041992188,,,,,,,,,,,,,,,,,,,,483.75,988.125,0,0.7582507,455.625,1189.6875,0,0.85932827,436.875,1386.5625,0,0.95856184,422.8125,1456.875,0,0.8164927,forward,177.4968852578669,1
724,24.157466666666668,254.98199462890625,,,,,,,,,,,,,,,,,,,,483.75,992.8125,0,0.75900304,450.9375,1189.6875,0,0.8591292,436.875,1386.5625,0,0.95755374,422.8125,1456.875,0,0.81367236,forward,174.62327052881244,1
725,24.190833333333334,253.87883186340332,,,,,,,,,,,,,,,,,,,,479.0625,992.8125,0,0.7624924,450.9375,1189.6875,0,0.86058927,436.875,1386.5625,0,0.95792943,422.8125,1456.875,0,0.82013834,forward,175.95557052222773,1
726,24.2242,254.74882125854492,,,,,,,,,,,,,,,,,,,,479.0625,988.125,0,0.7635758,455.625,1189.6875,0,0.8655308,436.875,1386.5625,0,0.9577273,422.8125,1456.875,0,0.8167416,forward,178.80810272844113,1
727,24.257566666666666,254.8961639404297,,,,,,,,,,,,,,,,,,,,479.0625,988.125,0,0.7616055,455.625,1189.6875,0,0.86165917,436.875,1386.5625,0,0.9580139,422.8125,1456.875,0,0.81873614,forward,178.80810272844113,1
728,24.290933333333335,256.1078071594238,,,,,,,,,,,,,,,,,,,,479.0625,988.125,0,0.7617351,450.9375,1189.6875,0,0.8561584,436.875,1386.5625,0,0.9572464,422.8125,1456.875,0,0.81821597,forward,176.14217136282284,1
729,24.3243,255.0969123840332,,,,,,,,,,,,,,,,,,,,479.0625,988.125,0,0.76020026,450.9375,1189.6875,0,0.8540284,436.875,1386.5625,0,0.95538914,422.8125,1452.1875,0,0.8169381,forward,176.14217136282284,1
730,24.357666666666667,255.56182861328125,,,,,,,,,,,,,,,,,,,,479.0625,988.125,0,0.7571822,450.9375,1185.0,0,0.8534907,436.875,1386.5625,0,0.9547133,422.8125,1456.875,0,0.8169098,forward,175.86080634213945,1
731,24.391033333333333,255.39374351501465,,,,,,,,,,,,,,,,,,,,479.0625,988.125,0,0.7552787,450.9375,1185.0,0,0.8505536,436.875,1386.5625,0,0.9543953,422.8125,1456.875,0,0.81673574,forward,175.86080634213945,1
732,24.424400000000002,255.32078742980957,,,,,,,,,,,,,,,,,,,,479.0625,988.125,0,0.7512531,450.9375,1189.6875,0,0.8483683,436.875,1386.5625,0,0.95452785,422.8125,1456.875,0,0.81904244,forward,176.14217136282284,1
733,24.457766666666668,254.058837890625,,,,,,,,,,,,,,,,,,,,479.0625,988.125,0,0.74998343,450.9375,1185.0,0,0.8449588,436.875,1386.5625,0,0.95398223,422.8125,1456.875,0,0.81951594,forward,175.86080634213945,1
734,24.491133333333334,255.0661563873291,,,,,,,,,,,,,,,,,,,,479.0625,988.125,0,0.751917,455.625,1185.0,0,0.8460722,436.875,1386.5625,0,0.9520536,422.8125,1456.875,0,0.8214977,forward,178.52554440533848,1
735,24.5245,254.58788871765137,,,,,,,,,,,,,,,,,,,,479.0625,988.125,0,0.75372267,450.9375,1185.0,0,0.84710246,436.875,1386.5625,0,0.9528022,422.8125,1456.875,0,0.81887615,forward,175.86080634213945,1
736,24.557866666666666,255.2330493927002,,,,,,,,,,,,,,,,,,,,479.0625,988.125,0,0.7533803,455.625,1185.0,0,0.84927475,436.875,1386.5625,0,0.95315707,422.8125,1456.875,0,0.8202014,forward,178.52554440533848,1
737,24.591233333333335,254.94790077209473,,,,,,,,,,,,,,,,,,,,479.0625,988.125,0,0.75292134,455.625,1185.0,0,0.85192883,436.875,1386.5625,0,0.95126307,422.8125,1456.875,0,0.8216753,forward,178.52554440533848,1
738,24.6246,254.0738582611084,,,,,,,,,,,,,,,,,,,,479.0625,988.125,0,0.75356424,455.625,1185.0,0,0.85410166,436.875,1386.5625,0,0.9504914,422.8125,1456.875,0,0.8191899,forward,178.52554440533848,1
739,24.657966666666667,253.66497039794922,,,,,,,,,,,,,,,,,,,,479.0625,988.125,0,0.7530525,455.625,1185.0,0,0.85314035,436.875,1386.5625,0,0.95043695,422.8125,1456.875,0,0.81908,forward,178.52554440533848,1
740,24.691333333333333,256.4890384674072,,,,,,,,,,,,,,,,,,,,479.0625,988.125,0,0.7545934,450.9375,1185.0,0,0.85322523,436.875,1386.5625,0,0.94960725,422.8125,1456.875,0,0.8174044,forward,175.86080634213945,1
741,24.724700000000002,251.9230842590332,,,,,,,,,,,,,,,,,,,,479.0625,988.125,0,0.755153,455.625,1185.0,0,0.85406315,436.875,1386.5625,0,0.950055,422.8125,1456.875,0,0.81696737,forward,178.52554440533848,1
742,24.758066666666668,251.19376182556152,,,,,,,,,,,,,,,,,,,,479.0625,988.125,0,0.75488305,455.625,1185.0,0,0.85345674,436.875,1386.5625,0,0.95032465,422.8125,1456.875,0,0.8144051,forward,178.52554440533848,1
743,24.791433333333334,251.76692008972168,,,,,,,,,,,,,,,,,,,,479.0625,988.125,0,0.7554897,455.625,1185.0,0,0.8543652,436.875,1386.5625,0,0.9500259,422.8125,1456.875,0,0.8134115,forward,178.52554440533848,1
744,24.8248,251.68609619140625,,,,,,,,,,,,,,,,,,,,479.0625,988.125,0,0.756451,455.625,1185.0,0,0.85518503,436.875,1386.5625,0,0.94950306,422.8125,1456.875,0,0.81534815,forward,178.52554440533848,1
745,24.858166666666666,258.31007957458496,,,,,,,,,,,,,,,,,,,,479.0625,988.125,0,0.75818586,455.625,1185.0,0,0.8536446,436.875,1386.5625,0,0.94991595,422.8125,1456.875,0,0.81593627,forward,178.52554440533848,1
746,24.891533333333335,255.77974319458008,,,,,,,,,,,,,,,,,,,,483.75,988.125,0,0.7605827,455.625,1189.6875,0,0.85551214,436.875,1386.5625,0,0.9493212,422.8125,1456.875,0,0.81565416,forward,177.4968852578669,1
747,24.9249,255.2051544189453,,,,,,,,,,,,,,,,,,,,483.75,988.125,0,0.7629753,450.9375,1189.6875,0,0.85346794,436.875,1386.5625,0,0.9496612,422.8125,1456.875,0,0.815482,forward,174.83953875092138,1
748,24.958266666666667,254.4729709625244,,,,,,,,,,,,,,,,,,,,483.75,988.125,0,0.76048005,450.9375,1189.6875,0,0.85899377,436.875,1386.5625,0,0.9485123,422.8125,1456.875,0,0.8152487,forward,174.83953875092138,1
749,24.991633333333333,256.26182556152344,,,,,,,,,,,,,,,,,,,,483.75,988.125,0,0.75440514,455.625,1189.6875,0,0.8610633,436.875,1386.5625,0,0.95398676,422.8125,1456.875,0,0.81754076,forward,177.4968852578669,1
750,25.025000000000002,255.63812255859375,,,,,,,,,,,,,,,,,,,,483.75,992.8125,0,0.7579976,455.625,1189.6875,0,0.8717532,436.875,1386.5625,0,0.9536448,422.8125,1456.875,0,0.81382114,forward,177.31022753598617,1
751,25.058366666666668,254.5950412750244,,,,,,,,,,,,,,,,,,,,483.75,992.8125,0,0.76175034,455.625,1189.6875,0,0.87421215,436.875,1386.5625,0,0.9566541,422.8125,1456.875,0,0.81936896,forward,177.31022753598617,1
752,25.091733333333334,257.49993324279785,,,,,,,,,,,,,,,,,,,,483.75,997.5,0,0.75589716,455.625,1189.6875,0,0.8653649,436.875,1386.5625,0,0.9585732,422.8125,1456.875,0,0.8177943,forward,177.11472709548536,1
753,25.1251,255.07783889770508,,,,,,,,,,,,,,,,,,,,483.75,1002.1875,0,0.75935173,455.625,1189.6875,0,0.86640406,436.875,1386.5625,0,0.95983636,422.8125,1456.875,0,0.8215555,forward,176.90952493231165,1
754,25.158466666666666,255.15437126159668,,,,,,,,,,,,,,,,,,,,483.75,1002.1875,0,0.7655091,455.625,1194.375,0,0.8765111,436.875,1386.5625,0,0.9619781,422.8125,1456.875,0,0.83314824,forward,177.24643395183074,1
755,25.191833333333335,255.88679313659668,,,,,,,,,,,,,,,,,,,,488.4375,1011.5625,0,0.75982475,455.625,1199.0625,0,0.87220126,436.875,1386.5625,0,0.95691407,422.8125,1456.875,0,0.830848,forward,175.78438906800884,1
756,25.2252,256.15739822387695,,,,,,,,,,,,,,,,,,,,488.4375,1016.25,0,0.76483226,450.9375,1203.75,0,0.8626518,436.875,1381.875,0,0.9591218,422.8125,1456.875,0,0.82985544,forward,173.2040735189691,1
757,25.258566666666667,256.51001930236816,,,,,,,,,,,,,,,,,,,,488.4375,1016.25,0,0.76748675,450.9375,1208.4375,0,0.8607359,436.875,1386.5625,0,0.95152014,422.8125,1456.875,0,0.82150674,forward,173.4730663939334,1
758,25.291933333333333,268.65100860595703,,,,,,,,,,,,,,,,,,,,483.75,1025.625,0,0.76984096,446.25,1213.125,0,0.86324906,436.875,1386.5625,0,0.95610213,422.8125,1456.875,0,0.8220327,forward,171.7841495569625,1
759,25.325300000000002,255.828857421875,,,,,,,,,,,,,,,,,,,,488.4375,1025.625,0,0.7687757,446.25,1213.125,0,0.8614619,436.875,1381.875,0,0.95541483,422.8125,1456.875,0,0.819882,forward,170.49942945347004,1
760,25.358666666666668,252.02202796936035,,,,,,,,,,,,,,,,,,,,488.4375,1025.625,0,0.77147263,446.25,1213.125,0,0.8605783,436.875,1381.875,0,0.9535856,422.8125,1456.875,0,0.8190023,forward,170.49942945347004,1
761,25.392033333333334,251.09028816223145,,,,,,,,,,,,,,,,,,,,488.4375,1035.0,0,0.7730935,446.25,1217.8125,0,0.8547156,436.875,1386.5625,0,0.9544021,422.8125,1456.875,0,0.819321,forward,170.18520055520247,1
762,25.4254,250.53095817565918,,,,,,,,,,,,,,,,,,,,488.4375,1035.0,0,0.7828925,441.5625,1217.8125,0,0.8575388,436.875,1386.5625,0,0.9542186,422.8125,1456.875,0,0.82317877,forward,167.20974032223126,1
763,25.458766666666666,253.3409595489502,,,,,,,,,,,,,,,,,,,,488.4375,1035.0,0,0.78341365,441.5625,1222.5,0,0.85600454,436.875,1381.875,0,0.9553805,422.8125,1456.875,0,0.82509726,forward,167.6484441015017,1
764,25.492133333333335,262.55273818969727,,,,,,,,,,,,,,,,,,,,488.4375,1039.6875,0,0.78356695,441.5625,1217.8125,0,0.85673153,436.875,1381.875,0,0.95866513,422.8125,1456.875,0,0.83021253,forward,166.89299266046154,1
765,25.5255,259.4289779663086,,,,,,,,,,,,,,,,,,,,488.4375,1039.6875,0,0.79421735,441.5625,1222.5,0,0.8726022,436.875,1381.875,0,0.95669335,422.8125,1456.875,0,0.84098625,forward,167.3032818345196,1
766,25.558866666666667,256.411075592041,,,,,,,,,,,,,,,,,,,,488.4375,1044.375,0,0.7953407,441.5625,1222.5,0,0.87754154,436.875,1377.1875,0,0.96073174,427.5,1452.1875,0,0.84371984,forward,166.99215287175352,1
767,25.592233333333333,255.42283058166504,,,,,,,,,,,,,,,,,,,,483.75,1044.375,0,0.7940234,436.875,1227.1875,0,0.87003845,436.875,1377.1875,0,0.962785,422.8125,1456.875,0,0.8445476,forward,165.6186066186658,1
768,25.625600000000002,257.9939365386963,,,,,,,,,,,,,,,,,,,,483.75,1049.0625,0,0.7992668,436.875,1227.1875,0,0.87662125,436.875,1377.1875,0,0.960616,427.5,1452.1875,0,0.84827286,forward,165.25643179913462,1
769,25.658966666666668,257.16614723205566,,,,,,,,,,,,,,,,,,,,483.75,1053.75,0,0.80678517,432.1875,1231.875,0,0.8879901,436.875,1377.1875,0,0.96023077,422.8125,1452.1875,0,0.84802234,forward,162.00804055855238,1
770,25.692333333333334,258.4519386291504,,,,,,,,,,,,,,,,,,,,483.75,1058.4375,0,0.8058243,432.1875,1231.875,0,0.8846853,436.875,1381.875,0,0.96367407,422.8125,1452.1875,0,0.8501841,forward,161.65301457743215,1
771,25.7257,266.83592796325684,,,,,,,,,,,,,,,,,,,,479.0625,1063.125,0,0.80690813,432.1875,1236.5625,0,0.8881161,436.875,1377.1875,0,0.9624572,422.8125,1452.1875,0,0.8473805,forward,162.96684133871184,1
772,25.759066666666666,268.7067985534668,,,,,,,,,,,,,,,,,,,,483.75,1067.8125,0,0.81139374,432.1875,1231.875,0,0.8889477,436.875,1377.1875,0,0.96739626,422.8125,1452.1875,0,0.852226,forward,160.7052039393469,1
773,25.792433333333335,259.8845958709717,,,,,,,,,,,,,,,,,,,,483.75,1072.5,0,0.80617154,432.1875,1231.875,0,0.891031,436.875,1381.875,0,0.9663625,422.8125,1452.1875,0,0.8432263,forward,160.28217030937898,1
774,25.8258,260.76197624206543,,,,,,,,,,,,,,,,,,,,483.75,1077.1875,0,0.81445014,427.5,1231.875,0,0.8921473,436.875,1377.1875,0,0.9697934,422.8125,1452.1875,0,0.8459083,forward,156.3255095775302,1
775,25.859166666666667,263.5171413421631,,,,,,,,,,,,,,,,,,,,479.0625,1081.875,0,0.8191401,427.5,1231.875,0,0.88079923,436.875,1377.1875,0,0.9752089,422.8125,1452.1875,0,0.8503114,forward,157.33820922975707,1
776,25.892533333333333,260.8757019042969,,,,,,,,,,,,,,,,,,,,483.75,1081.875,0,0.82081246,427.5,1231.875,0,0.8855226,436.875,1377.1875,0,0.974334,422.8125,1452.1875,0,0.8428103,forward,155.75256323731088,1
777,25.925900000000002,260.3650093078613,,,,,,,,,,,,,,,,,,,,483.75,1091.25,0,0.8203629,427.5,1231.875,0,0.88687676,436.875,1377.1875,0,0.9700948,422.8125,1452.1875,0,0.83654165,forward,154.50720162342495,1
778,25.959266666666668,259.9611282348633,,,,,,,,,,,,,,,,,,,,479.0625,1091.25,0,0.82694304,427.5,1231.875,0,0.8806951,436.875,1377.1875,0,0.974033,422.8125,1452.1875,0,0.84201646,forward,156.1723083750986,1
779,25.992633333333334,259.4408988952637,,,,,,,,,,,,,,,,,,,,479.0625,1095.9375,0,0.82869256,427.5,1227.1875,0,0.8934337,436.875,1381.875,0,0.97354877,422.8125,1452.1875,0,0.8403957,forward,155.0840229537077,1
780,26.026,259.5529556274414,,,,,,,,,,,,,,,,,,,,483.75,1095.9375,0,0.8286321,427.5,1227.1875,0,0.9044403,436.875,1381.875,0,0.97369194,422.8125,1452.1875,0,0.8333759,forward,153.33318242891426,1
781,26.059366666666666,259.5179080963135,,,,,,,,,,,,,,,,,,,,483.75,1095.9375,0,0.8281033,427.5,1231.875,0,0.9027535,436.875,1381.875,0,0.9725575,422.8125,1452.1875,0,0.84016585,forward,153.94423841307534,1
782,26.092733333333335,259.5629692077637,,,,,,,,,,,,,,,,,,,,483.75,1095.9375,0,0.8322661,427.5,1231.875,0,0.90286815,436.875,1377.1875,0,0.9735805,422.8125,1452.1875,0,0.8445722,forward,153.82917276365117,1
783,26.1261,259.92274284362793,,,,,,,,,,,,,,,,,,,,483.75,1095.9375,0,0.82960665,427.5,1231.875,0,0.90855587,436.875,1377.1875,0,0.9738225,422.8125,1452.1875,0,0.8461523,forward,153.82917276365117,1
784,26.159466666666667,259.3810558319092,,,,,,,,,,,,,,,,,,,,483.75,1100.625,0,0.83077645,427.5,1231.875,0,0.90875626,436.875,1377.1875,0,0.9749815,422.8125,1452.1875,0,0.8428998,forward,153.11001990945778,1
785,26.192833333333333,259.24086570739746,,,,,,,,,,,,,,,,,,,,483.75,1100.625,0,0.8303809,427.5,1231.875,0,0.90559494,436.875,1377.1875,0,0.97335476,422.8125,1452.1875,0,0.8417239,forward,153.11001990945778,1
786,26.226200000000002,260.1900100708008,,,,,,,,,,,,,,,,,,,,483.75,1100.625,0,0.8320688,427.5,1231.875,0,0.90534997,436.875,1377.1875,0,0.9731955,422.8125,1452.1875,0,0.8425804,forward,153.11001990945778,1
787,26.259566666666668,259.0639591217041,,,,,,,,,,,,,,,,,,,,483.75,1100.625,0,0.8305298,427.5,1231.875,0,0.90218425,436.875,1377.1875,0,0.97220635,422.8125,1452.1875,0,0.8407595,forward,153.11001990945778,1
788,26.292933333333334,259.3259811401367,,,,,,,,,,,,,,,,,,,,483.75,1095.9375,0,0.83542293,427.5,1231.875,0,0.90537715,436.875,1377.1875,0,0.9748018,422.8125,1452.1875,0,0.84240544,forward,153.82917276365117,1
789,26.3263,259.0959072113037,,,,,,,,,,,,,,,,,,,,479.0625,1095.9375,0,0.8329753,427.5,1236.5625,0,0.8922766,436.875,1377.1875,0,0.97149205,422.8125,1452.1875,0,0.8430226,forward,156.04962466042684,1
790,26.359666666666666,252.6261806488037,,,,,,,,,,,,,,,,,,,,483.75,1091.25,0,0.82420456,427.5,1231.875,0,0.8885101,436.875,1377.1875,0,0.9655634,422.8125,1452.1875,0,0.8423388,forward,154.50720162342495,1
791,26.393033333333335,252.1979808807373,,,,,,,,,,,,,,,,,,,,483.75,1086.5625,0,0.8234822,427.5,1231.875,0,0.898646,436.875,1381.875,0,0.9625722,422.8125,1452.1875,0,0.8422231,forward,155.26241667042132,1
792,26.4264,251.77407264709473,,,,,,,,,,,,,,,,,,,,483.75,1077.1875,0,0.81731474,427.5,1231.875,0,0.89584833,436.875,1377.1875,0,0.9674435,422.8125,1452.1875,0,0.8469689,forward,156.3255095775302,1
793,26.459766666666667,252.35700607299805,,,,,,,,,,,,,,,,,,,,483.75,1072.5,0,0.81523246,427.5,1231.875,0,0.8965371,436.875,1377.1875,0,0.96822745,422.8125,1452.1875,0,0.8490267,forward,156.86857138898102,1
794,26.493133333333333,253.4799575805664,,,,,,,,,,,,,,,,,,,,479.0625,1063.125,0,0.8069118,427.5,1231.875,0,0.88884133,436.875,1377.1875,0,0.96200967,422.8125,1452.1875,0,0.847631,forward,159.31778869460484,1
795,26.526500000000002,255.04469871520996,,,,,,,,,,,,,,,,,,,,483.75,1058.4375,0,0.8093946,432.1875,1227.1875,0,0.89049613,436.875,1377.1875,0,0.96518445,422.8125,1452.1875,0,0.8461958,forward,161.21926331582108,1
796,26.559866666666668,255.57708740234375,,,,,,,,,,,,,,,,,,,,483.75,1049.0625,0,0.81684947,432.1875,1227.1875,0,0.8939507,436.875,1381.875,0,0.96769994,422.8125,1452.1875,0,0.8509938,forward,162.1199680264596,1
797,26.593233333333334,255.74398040771484,,,,,,,,,,,,,,,,,,,,483.75,1044.375,0,0.8090606,432.1875,1227.1875,0,0.8944329,436.875,1381.875,0,0.9647678,422.8125,1456.875,0,0.84376097,forward,162.51314150434916,1
798,26.6266,256.4070224761963,,,,,,,,,,,,,,,,,,,,483.75,1039.6875,0,0.80347157,432.1875,1222.5,0,0.8942565,436.875,1381.875,0,0.9601667,422.8125,1456.875,0,0.83977044,forward,162.56414100580804,1
799,26.659966666666666,256.9000720977783,,,,,,,,,,,,,,,,,,,,483.75,1035.0,0,0.7953197,432.1875,1217.8125,0,0.89480436,436.875,1386.5625,0,0.9607903,422.8125,1456.875,0,0.832006,forward,162.65768332114598,1
800,26.693333333333335,256.1159133911133,,,,,,,,,,,,,,,,,,,,488.4375,1030.3125,0,0.7815946,436.875,1213.125,0,0.8839187,436.875,1386.5625,0,0.9560864,422.8125,1456.875,0,0.82830524,forward,164.24882503882307,1
801,26.7267,263.69500160217285,,,,,,,,,,,,,,,,,,,,488.4375,1020.9375,0,0.77261543,441.5625,1208.4375,0,0.88756055,436.875,1386.5625,0,0.957484,422.8125,1456.875,0,0.81934035,forward,167.4712054343499,1
802,26.760066666666667,261.0361576080322,,,,,,,,,,,,,,,,,,,,488.4375,1016.25,0,0.7742843,441.5625,1203.75,0,0.88697195,436.875,1386.5625,0,0.95665133,422.8125,1456.875,0,0.8223214,forward,167.43255249740062,1
803,26.793433333333333,257.7950954437256,,,,,,,,,,,,,,,,,,,,483.75,1011.5625,0,0.77344894,446.25,1199.0625,0,0.8784318,436.875,1386.5625,0,0.95269525,422.8125,1456.875,0,0.82514954,forward,171.55249850515585,1
804,26.826800000000002,256.7710876464844,,,,,,,,,,,,,,,,,,,,483.75,1006.875,0,0.7825507,446.25,1199.0625,0,0.8728856,436.875,1386.5625,0,0.9530247,422.8125,1456.875,0,0.8234508,forward,171.82149087084412,1
805,26.860166666666668,257.29918479919434,,,,,,,,,,,,,,,,,,,,483.75,1006.875,0,0.77974534,450.9375,1194.375,0,0.87398565,436.875,1386.5625,0,0.95269084,422.8125,1456.875,0,0.8196975,forward,174.25870744529243,1
806,26.893533333333334,257.2300434112549,,,,,,,,,,,,,,,,,,,,483.75,1002.1875,0,0.7729008,450.9375,1194.375,0,0.87039834,436.875,1386.5625,0,0.9547889,422.8125,1456.875,0,0.816888,forward,174.49615226572627,1
807,26.9269,257.72690773010254,,,,,,,,,,,,,,,,,,,,483.75,997.5,0,0.7682551,450.9375,1189.6875,0,0.8621865,436.875,1386.5625,0,0.95845354,422.8125,1456.875,0,0.8168492,forward,174.39684911537597,1
808,26.960266666666666,259.57298278808594,,,,,,,,,,,,,,,,,,,,483.75,992.8125,0,0.76904845,455.625,1189.6875,0,0.87209725,436.875,1386.5625,0,0.9548074,422.8125,1456.875,0,0.81224406,forward,177.31022753598617,1
809,26.993633333333335,255.10907173156738,,,,,,,,,,,,,,,,,,,,483.75,992.8125,0,0.7617927,455.625,1185.0,0,0.871313,436.875,1386.5625,0,0.9569737,422.8125,1456.875,0,0.81424296,forward,176.98890079016647,1
810,27.027,253.5250186920166,,,,,,,,,,,,,,,,,,,,483.75,992.8125,0,0.761131,455.625,1189.6875,0,0.8643571,436.875,1386.5625,0,0.9560288,422.8125,1456.875,0,0.8150706,forward,177.31022753598617,1
811,27.060366666666667,252.70700454711914,,,,,,,,,,,,,,,,,,,,483.75,992.8125,0,0.7600807,455.625,1189.6875,0,0.860493,436.875,1386.5625,0,0.953504,422.8125,1456.875,0,0.8085296,forward,177.31022753598617,1
812,27.093733333333333,252.11811065673828,,,,,,,,,,,,,,,,,,,,483.75,997.5,0,0.7536769,455.625,1189.6875,0,0.8541465,436.875,1386.5625,0,0.95056665,422.8125,1456.875,0,0.81018925,forward,177.11472709548536,1
813,27.127100000000002,254.317045211792,,,,,,,,,,,,,,,,,,,,483.75,992.8125,0,0.75745136,455.625,1189.6875,0,0.8532765,436.875,1386.5625,0,0.9553192,422.8125,1456.875,0,0.8116206,forward,177.31022753598617,1
814,27.160466666666668,252.15911865234375,,,,,,,,,,,,,,,,,,,,483.75,992.8125,0,0.7560692,455.625,1185.0,0,0.8575143,436.875,1386.5625,0,0.958866,422.8125,1456.875,0,0.8204157,forward,176.98890079016647,1
815,27.193833333333334,251.60908699035645,,,,,,,,,,,,,,,,,,,,483.75,988.125,0,0.75663674,455.625,1185.0,0,0.85908645,436.875,1386.5625,0,0.95713246,422.8125,1456.875,0,0.8194084,forward,177.18450125437545,1
816,27.2272,251.67202949523926,,,,,,,,,,,,,,,,,,,,479.0625,988.125,0,0.7559395,450.9375,1189.6875,0,0.85321015,436.875,1386.5625,0,0.95478344,422.8125,1456.875,0,0.821094,forward,176.14217136282284,1
817,27.260566666666666,252.37488746643066,,,,,,,,,,,,,,,,,,,,479.0625,988.125,0,0.7564323,450.9375,1185.0,0,0.8511727,436.875,1386.5625,0,0.9548771,422.8125,1456.875,0,0.82243466,forward,175.86080634213945,1
818,27.293933333333335,255.0332546234131,,,,,,,,,,,,,,,,,,,,479.0625,988.125,0,0.7570305,450.9375,1185.0,0,0.8513703,436.875,1386.5625,0,0.95517504,422.8125,1456.875,0,0.82300127,forward,175.86080634213945,1
819,27.3273,254.8229694366455,,,,,,,,,,,,,,,,,,,,479.0625,988.125,0,0.76108265,450.9375,1185.0,0,0.851967,436.875,1386.5625,0,0.95423603,422.8125,1456.875,0,0.8220776,forward,175.86080634213945,1
820,27.360666666666667,256.29591941833496,,,,,,,,,,,,,,,,,,,,479.0625,988.125,0,0.75826365,450.9375,1185.0,0,0.85095984,436.875,1386.5625,0,0.9562307,422.8125,1456.875,0,0.8249657,forward,175.86080634213945,1
821,27.394033333333333,255.49006462097168,,,,,,,,,,,,,,,,,,,,479.0625,988.125,0,0.765482,450.9375,1185.0,0,0.8530401,436.875,1386.5625,0,0.95445967,422.8125,1456.875,0,0.8216876,forward,175.86080634213945,1
822,27.427400000000002,256.0241222381592,,,,,,,,,,,,,,,,,,,,479.0625,988.125,0,0.7648453,450.9375,1185.0,0,0.8525213,436.875,1386.5625,0,0.9552942,422.8125,1456.875,0,0.8241137,forward,175.86080634213945,1
823,27.460766666666668,255.33080101013184,,,,,,,,,,,,,,,,,,,,479.0625,988.125,0,0.76487887,450.9375,1185.0,0,0.84834945,436.875,1386.5625,0,0.95507705,422.8125,1456.875,0,0.82021976,forward,175.86080634213945,1
824,27.494133333333334,256.23178482055664,,,,,,,,,,,,,,,,,,,,479.0625,988.125,0,0.7662486,455.625,1185.0,0,0.85368395,436.875,1386.5625,0,0.9584701,422.8125,1456.875,0,0.8211116,forward,178.52554440533848,1
825,27.5275,255.6309700012207,,,,,,,,,,,,,,,,,,,,479.0625,988.125,0,0.7619893,455.625,1185.0,0,0.8492496,436.875,1386.5625,0,0.9570885,422.8125,1452.1875,0,0.8210529,forward,178.52554440533848,1
826,27.560866666666666,255.58710098266602,,,,,,,,,,,,,,,,,,,,479.0625,988.125,0,0.76473105,455.625,1185.0,0,0.85253614,436.875,1386.5625,0,0.9561962,422.8125,1456.875,0,0.8210666,forward,178.52554440533848,1
827,27.594233333333335,254.866361618042,,,,,,,,,,,,,,,,,,,,479.0625,988.125,0,0.76231796,455.625,1185.0,0,0.85103554,436.875,1386.5625,0,0.9556271,422.8125,1456.875,0,0.8227289,forward,178.52554440533848,1
828,27.6276,258.38685035705566,,,,,,,,,,,,,,,,,,,,479.0625,988.125,0,0.7628895,450.9375,1185.0,0,0.84987223,436.875,1386.5625,0,0.9533526,422.8125,1452.1875,0,0.8196862,forward,175.86080634213945,1
829,27.660966666666667,259.23705101013184,,,,,,,,,,,,,,,,,,,,479.0625,988.125,0,0.76334774,450.9375,1185.0,0,0.85448706,436.875,1386.5625,0,0.9548438,422.8125,1456.875,0,0.81907827,forward,175.86080634213945,1
830,27.694333333333333,253.45802307128906,,,,,,,,,,,,,,,,,,,,479.0625,988.125,0,0.7624226,450.9375,1185.0,0,0.8516433,436.875,1386.5625,0,0.9538033,422.8125,1456.875,0,0.820273,forward,175.86080634213945,1
831,27.727700000000002,254.7299861907959,,,,,,,,,,,,,,,,,,,,479.0625,988.125,0,0.76293683,450.9375,1185.0,0,0.8539989,436.875,1386.5625,0,0.95426184,422.8125,1456.875,0,0.8203423,forward,175.86080634213945,1
832,27.761066666666668,256.3319206237793,,,,,,,,,,,,,,,,,,,,479.0625,988.125,0,0.7638563,450.9375,1185.0,0,0.85286295,436.875,1386.5625,0,0.95251083,422.8125,1456.875,0,0.81749034,forward,175.86080634213945,1
833,27.794433333333334,253.25489044189453,,,,,,,,,,,,,,,,,,,,479.0625,988.125,0,0.7600942,450.9375,1189.6875,0,0.85068613,436.875,1386.5625,0,0.95310986,422.8125,1456.875,0,0.81978047,forward,176.14217136282284,1
834,27.8278,262.7890110015869,,,,,,,,,,,,,,,,,,,,479.0625,988.125,0,0.761048,450.9375,1189.6875,0,0.8508276,436.875,1386.5625,0,0.95161504,422.8125,1456.875,0,0.8192589,forward,176.14217136282284,1
835,27.861166666666666,281.76403045654297,,,,,,,,,,,,,,,,,,,,479.0625,988.125,0,0.7589499,450.9375,1189.6875,0,0.8507325,436.875,1386.5625,0,0.95172703,422.8125,1456.875,0,0.8172901,forward,176.14217136282284,1
836,27.894533333333335,282.1087837219238,,,,,,,,,,,,,,,,,,,,479.0625,988.125,0,0.75346935,450.9375,1189.6875,0,0.84762317,436.875,1386.5625,0,0.95347357,422.8125,1456.875,0,0.82170796,forward,176.14217136282284,1
837,27.9279,285.9768867492676,,,,,,,,,,,,,,,,,,,,479.0625,988.125,0,0.7556114,450.9375,1189.6875,0,0.8558642,436.875,1386.5625,0,0.95402837,422.8125,1456.875,0,0.81985724,forward,176.14217136282284,1
838,27.961266666666667,263.40603828430176,,,,,,,,,,,,,,,,,,,,479.0625,992.8125,0,0.75637925,450.9375,1189.6875,0,0.8587378,436.875,1386.5625,0,0.9556018,422.8125,1456.875,0,0.8192822,forward,175.95557052222773,1
839,27.994633333333333,254.5790672302246,,,,,,,,,,,,,,,,,,,,479.0625,992.8125,0,0.7555982,450.9375,1189.6875,0,0.85262537,436.875,1386.5625,0,0.9516865,422.8125,1456.875,0,0.8149866,forward,175.95557052222773,1
840,28.028000000000002,252.0761489868164,,,,,,,,,,,,,,,,,,,,479.0625,992.8125,0,0.7566619,450.9375,1189.6875,0,0.85383093,436.875,1386.5625,0,0.9548956,422.8125,1456.875,0,0.8171931,forward,175.95557052222773,1
841,28.061366666666668,253.98683547973633,,,,,,,,,,,,,,,,,,,,479.0625,1002.1875,0,0.7568028,450.9375,1189.6875,0,0.85553014,436.875,1386.5625,0,0.9541358,422.8125,1456.875,0,0.8272171,forward,175.55485381970786,1
842,28.094733333333334,255.25283813476562,,,,,,,,,,,,,,,,,,,,483.75,1002.1875,0,0.7610576,450.9375,1194.375,0,0.8568447,436.875,1381.875,0,0.9572201,422.8125,1456.875,0,0.8282646,forward,174.60032220018502,1
843,28.1281,255.90109825134277,,,,,,,,,,,,,,,,,,,,479.0625,1002.1875,0,0.76716316,450.9375,1194.375,0,0.8689742,436.875,1381.875,0,0.9532417,422.8125,1456.875,0,0.8314961,forward,175.9634222440995,1
844,28.161466666666666,255.65409660339355,,,,,,,,,,,,,,,,,,,,483.75,1011.5625,0,0.7659784,450.9375,1203.75,0,0.86560845,436.875,1381.875,0,0.96236837,422.8125,1456.875,0,0.8353103,forward,174.82520648221404,1
845,28.194833333333335,255.74088096618652,,,,,,,,,,,,,,,,,,,,483.75,1016.25,0,0.7668079,450.9375,1208.4375,0,0.862809,436.875,1386.5625,0,0.95455027,422.8125,1456.875,0,0.8286793,forward,174.82520648221404,1
846,28.2282,253.70216369628906,,,,,,,,,,,,,,,,,,,,483.75,1020.9375,0,0.7650565,450.9375,1208.4375,0,0.864467,436.875,1386.5625,0,0.95174825,422.8125,1456.875,0,0.81051946,forward,174.58774378244857,1
847,28.261566666666667,257.25293159484863,,,,,,,,,,,,,,,,,,,,483.75,1020.9375,0,0.7670549,446.25,1213.125,0,0.86779404,436.875,1386.5625,0,0.94345844,422.8125,1456.875,0,0.80274427,forward,172.05314689985767,1
848,28.294933333333333,253.3109188079834,,,,,,,,,,,,,,,,,,,,483.75,1025.625,0,0.7693461,446.25,1213.125,0,0.8655275,436.875,1386.5625,0,0.95092237,427.5,1456.875,0,0.80952775,forward,171.7841495569625,1
849,28.328300000000002,252.608060836792,,,,,,,,,,,,,,,,,,,,483.75,1030.3125,0,0.76213694,446.25,1213.125,0,0.8686373,436.875,1386.5625,0,0.95677423,422.8125,1456.875,0,0.8088031,forward,171.50190017986938,1
850,28.361666666666668,251.6779899597168,,,,,,,,,,,,,,,,,,,,483.75,1030.3125,0,0.7751414,446.25,1213.125,0,0.8727233,436.875,1386.5625,0,0.9514258,422.8125,1456.875,0,0.80735946,forward,171.50190017986938,1
851,28.395033333333334,255.66434860229492,,,,,,,,,,,,,,,,,,,,488.4375,1035.0,0,0.7773609,441.5625,1217.8125,0,0.8738933,436.875,1386.5625,0,0.95166516,422.8125,1456.875,0,0.8091618,forward,167.20974032223126,1
852,28.4284,254.09483909606934,,,,,,,,,,,,,,,,,,,,488.4375,1039.6875,0,0.7825844,441.5625,1222.5,0,0.8786696,436.875,1386.5625,0,0.94503653,422.8125,1456.875,0,0.8113661,forward,167.25517270712405,1
853,28.461766666666666,255.1860809326172,,,,,,,,,,,,,,,,,,,,488.4375,1039.6875,0,0.7843065,441.5625,1222.5,0,0.8719566,436.875,1381.875,0,0.948809,427.5,1456.875,0,0.8142315,forward,167.3032818345196,1
854,28.495133333333335,253.4170150756836,,,,,,,,,,,,,,,,,,,,488.4375,1044.375,0,0.78177977,441.5625,1217.8125,0,0.8774201,436.875,1381.875,0,0.95047295,427.5,1452.1875,0,0.81925523,forward,166.51256940908573,1
855,28.5285,251.85298919677734,,,,,,,,,,,,,,,,,,,,483.75,1044.375,0,0.7871196,436.875,1222.5,0,0.8755908,436.875,1381.875,0,0.9553289,427.5,1456.875,0,0.83094496,forward,165.25643179913462,1
856,28.561866666666667,252.69579887390137,,,,,,,,,,,,,,,,,,,,483.75,1044.375,0,0.7876346,436.875,1222.5,0,0.8814925,436.875,1381.875,0,0.95576656,427.5,1456.875,0,0.83949697,forward,165.25643179913462,1
857,28.595233333333333,256.7899227142334,,,,,,,,,,,,,,,,,,,,483.75,1049.0625,0,0.7828513,436.875,1222.5,0,0.88263756,436.875,1381.875,0,0.957465,427.5,1452.1875,0,0.8382936,forward,164.8760036430723,1
858,28.628600000000002,251.7697811126709,,,,,,,,,,,,,,,,,,,,483.75,1053.75,0,0.7912994,436.875,1227.1875,0,0.88345253,436.875,1381.875,0,0.9598534,427.5,1456.875,0,0.84179693,forward,164.87599055385257,1
859,28.661966666666668,250.85210800170898,,,,,,,,,,,,,,,,,,,,483.75,1058.4375,0,0.7917781,432.1875,1231.875,0,0.8970728,436.875,1381.875,0,0.9600618,427.5,1456.875,0,0.8379533,forward,161.65301457743215,1
860,28.695333333333334,253.46994400024414,,,,,,,,,,,,,,,,,,,,483.75,1063.125,0,0.79253256,432.1875,1231.875,0,0.8919434,436.875,1377.1875,0,0.9586283,427.5,1456.875,0,0.8404769,forward,161.16156904085426,1
861,28.7287,254.87208366394043,,,,,,,,,,,,,,,,,,,,483.75,1067.8125,0,0.8028205,432.1875,1231.875,0,0.898467,436.875,1377.1875,0,0.963392,422.8125,1452.1875,0,0.84113204,forward,160.7052039393469,1
862,28.762066666666666,254.2550563812256,,,,,,,,,,,,,,,,,,,,483.75,1072.5,0,0.80359393,432.1875,1231.875,0,0.9012821,436.875,1377.1875,0,0.9620167,422.8125,1452.1875,0,0.8358419,forward,160.22446401901908,1
863,28.795433333333335,255.50007820129395,,,,,,,,,,,,,,,,,,,,483.75,1077.1875,0,0.80254126,427.5,1231.875,0,0.89410734,436.875,1377.1875,0,0.966881,422.8125,1452.1875,0,0.8373152,forward,156.3255095775302,1
864,28.8288,255.77306747436523,,,,,,,,,,,,,,,,,,,,483.75,1077.1875,0,0.8063415,427.5,1227.1875,0,0.89899933,436.875,1377.1875,0,0.9685767,422.8125,1452.1875,0,0.8331449,forward,155.86761867051973,1
865,28.862166666666667,254.6088695526123,,,,,,,,,,,,,,,,,,,,483.75,1081.875,0,0.8095207,427.5,1227.1875,0,0.90247715,436.875,1381.875,0,0.96997225,422.8125,1452.1875,0,0.8299879,forward,155.37051892224744,1
866,28.895533333333333,253.01194190979004,,,,,,,,,,,,,,,,,,,,483.75,1086.5625,0,0.813826,427.5,1227.1875,0,0.9029536,436.875,1381.875,0,0.97073805,422.8125,1452.1875,0,0.8270629,forward,154.7303577964517,1
867,28.928900000000002,252.12383270263672,,,,,,,,,,,,,,,,,,,,483.75,1091.25,0,0.813758,427.5,1227.1875,0,0.90147847,436.875,1381.875,0,0.9692781,422.8125,1452.1875,0,0.82635987,forward,154.05233163924518,1
868,28.962266666666668,254.47511672973633,,,,,,,,,,,,,,,,,,,,483.75,1091.25,0,0.81381464,427.5,1231.875,0,0.90100574,436.875,1381.875,0,0.9676918,422.8125,1452.1875,0,0.8228403,forward,154.62225971257362,1
869,28.995633333333334,252.38919258117676,,,,,,,,,,,,,,,,,,,,483.75,1095.9375,0,0.8171778,427.5,1227.1875,0,0.9024333,436.875,1381.875,0,0.96530175,422.8125,1452.1875,0,0.8231691,forward,153.33318242891426,1
870,29.029,256.2110424041748,,,,,,,,,,,,,,,,,,,,483.75,1095.9375,0,0.81495136,427.5,1227.1875,0,0.90333277,436.875,1381.875,0,0.96862173,422.8125,1452.1875,0,0.8265003,forward,153.33318242891426,1
871,29.062366666666666,255.30219078063965,,,,,,,,,,,,,,,,,,,,483.75,1095.9375,0,0.8172437,427.5,1227.1875,0,0.90413165,436.875,1381.875,0,0.9702496,422.8125,1452.1875,0,0.8280779,forward,153.33318242891426,1
872,29.095733333333335,256.33907318115234,,,,,,,,,,,,,,,,,,,,483.75,1095.9375,0,0.81776,427.5,1227.1875,0,0.9070756,436.875,1381.875,0,0.97077,422.8125,1452.1875,0,0.8306494,forward,153.33318242891426,1
873,29.1291,256.24585151672363,,,,,,,,,,,,,,,,,,,,483.75,1100.625,0,0.8215307,427.5,1227.1875,0,0.9084544,436.875,1381.875,0,0.97112316,422.8125,1452.1875,0,0.83181083,forward,152.5692823592052,1
874,29.162466666666667,255.2468776702881,,,,,,,,,,,,,,,,,,,,483.75,1100.625,0,0.8253381,427.5,1227.1875,0,0.9111284,436.875,1381.875,0,0.9708034,422.8125,1452.1875,0,0.82873523,forward,152.5692823592052,1
875,29.195833333333333,254.472017288208,,,,,,,,,,,,,,,,,,,,483.75,1095.9375,0,0.81848884,427.5,1227.1875,0,0.90411514,436.875,1381.875,0,0.9710995,422.8125,1452.1875,0,0.8305105,forward,153.33318242891426,1
876,29.229200000000002,254.89377975463867,,,,,,,,,,,,,,,,,,,,483.75,1095.9375,0,0.8202037,427.5,1227.1875,0,0.9066283,436.875,1381.875,0,0.96919554,422.8125,1452.1875,0,0.8291192,forward,153.33318242891426,1
877,29.262566666666668,254.7018527984619,,,,,,,,,,,,,,,,,,,,483.75,1095.9375,0,0.82009876,427.5,1231.875,0,0.90516466,436.875,1381.875,0,0.9711901,422.8125,1452.1875,0,0.83342516,forward,153.94423841307534,1
878,29.295933333333334,254.7929286956787,,,,,,,,,,,,,,,,,,,,483.75,1091.25,0,0.823406,427.5,1231.875,0,0.9020333,436.875,1381.875,0,0.9719122,422.8125,1452.1875,0,0.8363507,forward,154.62225971257362,1
879,29.3293,254.0431022644043,,,,,,,,,,,,,,,,,,,,483.75,1091.25,0,0.8165339,427.5,1231.875,0,0.89282113,436.875,1381.875,0,0.97116613,422.8125,1452.1875,0,0.8356757,forward,154.62225971257362,1
880,29.362666666666666,256.8528652191162,,,,,,,,,,,,,,,,,,,,483.75,1091.25,0,0.8221791,427.5,1231.875,0,0.88556165,436.875,1381.875,0,0.9721347,422.8125,1452.1875,0,0.8389572,forward,154.62225971257362,1
881,29.396033333333335,254.9760341644287,,,,,,,,,,,,,,,,,,,,483.75,1081.875,0,0.82259226,427.5,1231.875,0,0.889205,436.875,1377.1875,0,0.9724659,422.8125,1452.1875,0,0.84419084,forward,155.75256323731088,1
882,29.4294,255.37705421447754,,,,,,,,,,,,,,,,,,,,483.75,1077.1875,0,0.8219379,427.5,1231.875,0,0.89354694,436.875,1377.1875,0,0.9711976,422.8125,1452.1875,0,0.8466959,forward,156.3255095775302,1
883,29.462766666666667,256.7780017852783,,,,,,,,,,,,,,,,,,,,483.75,1072.5,0,0.81590396,427.5,1231.875,0,0.88802576,436.875,1381.875,0,0.9657145,422.8125,1452.1875,0,0.8440292,forward,156.98362838651065,1
884,29.496133333333333,254.835844039917,,,,,,,,,,,,,,,,,,,,483.75,1063.125,0,0.80713904,427.5,1231.875,0,0.887336,436.875,1377.1875,0,0.965528,422.8125,1452.1875,0,0.851724,forward,157.87366381838095,1
885,29.529500000000002,256.76798820495605,,,,,,,,,,,,,,,,,,,,483.75,1063.125,0,0.80841315,432.1875,1227.1875,0,0.88599473,436.875,1381.875,0,0.96616536,422.8125,1452.1875,0,0.85152984,forward,160.81711727115942,1
886,29.562866666666668,256.3810348510742,,,,,,,,,,,,,,,,,,,,483.75,1053.75,0,0.807644,432.1875,1227.1875,0,0.88024926,436.875,1381.875,0,0.9623929,422.8125,1452.1875,0,0.84898144,forward,161.7072307397144,1
887,29.596233333333334,254.4381618499756,,,,,,,,,,,,,,,,,,,,483.75,1049.0625,0,0.8025144,432.1875,1227.1875,0,0.8880223,436.875,1381.875,0,0.96164596,422.8125,1452.1875,0,0.84629273,forward,162.1199680264596,1
888,29.6296,254.87685203552246,,,,,,,,,,,,,,,,,,,,488.4375,1039.6875,0,0.7988735,432.1875,1222.5,0,0.89051765,436.875,1381.875,0,0.96028733,422.8125,1452.1875,0,0.83942205,forward,161.21258166316034,1
889,29.662966666666666,256.9291591644287,,,,,,,,,,,,,,,,,,,,488.4375,1035.0,0,0.793774,436.875,1222.5,0,0.89068687,436.875,1381.875,0,0.9568484,427.5,1456.875,0,0.8361269,forward,164.62374690380895,1
890,29.696333333333335,257.39383697509766,,,,,,,,,,,,,,,,,,,,488.4375,1035.0,0,0.78853035,436.875,1217.8125,0,0.8854073,436.875,1386.5625,0,0.9539745,422.8125,1456.875,0,0.8306838,forward,164.24883761929004,1
891,29.7297,255.73086738586426,,,,,,,,,,,,,,,,,,,,488.4375,1030.3125,0,0.78454083,441.5625,1213.125,0,0.8758837,436.875,1386.5625,0,0.955009,422.8125,1456.875,0,0.824312,forward,167.1667568101556,1
892,29.763066666666667,256.9611072540283,,,,,,,,,,,,,,,,,,,,488.4375,1020.9375,0,0.772965,441.5625,1208.4375,0,0.877434,436.875,1386.5625,0,0.95782435,422.8125,1456.875,0,0.81894743,forward,167.4712054343499,1
893,29.796433333333333,256.21676445007324,,,,,,,,,,,,,,,,,,,,488.4375,1016.25,0,0.77561,446.25,1203.75,0,0.88178515,436.875,1386.5625,0,0.95435524,422.8125,1456.875,0,0.8160492,forward,170.25526708425687,1
894,29.8298,256.4668655395508,,,,,,,,,,,,,,,,,,,,488.4375,1016.25,0,0.7670764,450.9375,1199.0625,0,0.87402284,436.875,1386.5625,0,0.95539534,422.8125,1456.875,0,0.81058633,forward,172.69700888084597,1
895,29.863166666666668,256.3037872314453,,,,,,,,,,,,,,,,,,,,488.4375,1011.5625,0,0.7664329,450.9375,1199.0625,0,0.87677824,436.875,1386.5625,0,0.95045865,422.8125,1456.875,0,0.8126669,forward,172.9792050161289,1
896,29.896533333333334,257.81822204589844,,,,,,,,,,,,,,,,,,,,488.4375,1011.5625,0,0.77523506,450.9375,1199.0625,0,0.8683877,436.875,1386.5625,0,0.95721644,422.8125,1456.875,0,0.82061476,forward,172.9792050161289,1
897,29.9299,255.5840015411377,,,,,,,,,,,,,,,,,,,,488.4375,1006.875,0,0.7764149,450.9375,1199.0625,0,0.86384046,436.875,1386.5625,0,0.9561503,422.8125,1456.875,0,0.82299334,forward,173.24819865649417,1
898,29.963266666666666,256.2239170074463,,,,,,,,,,,,,,,,,,,,488.4375,1002.1875,0,0.771865,455.625,1194.375,0,0.86879885,436.875,1386.5625,0,0.9537772,422.8125,1456.875,0,0.81863487,forward,175.8833891890914,1
899,29.996633333333335,254.61792945861816,,,,,,,,,,,,,,,,,,,,483.75,1006.875,0,0.7674754,450.9375,1194.375,0,0.8557305,436.875,1386.5625,0,0.95906305,422.8125,1456.875,0,0.8223376,forward,174.25870744529243,1
900,30.03,256.8011283874512,,,,,,,,,,,,,,,,,,,,483.75,997.5,0,0.7739166,455.625,1189.6875,0,0.86813015,436.875,1386.5625,0,0.95723784,422.8125,1452.1875,0,0.81659317,forward,177.11472709548536,1
901,30.063366666666667,254.1980743408203,,,,,,,,,,,,,,,,,,,,483.75,997.5,0,0.7640839,450.9375,1189.6875,0,0.8621846,436.875,1386.5625,0,0.9573083,422.8125,1456.875,0,0.81198597,forward,174.39684911537597,1
902,30.096733333333333,255.72705268859863,,,,,,,,,,,,,,,,,,,,483.75,997.5,0,0.7609508,455.625,1189.6875,0,0.862761,436.875,1386.5625,0,0.9595902,422.8125,1456.875,0,0.80902886,forward,177.11472709548536,1
903,30.1301,255.19108772277832,,,,,,,,,,,,,,,,,,,,483.75,997.5,0,0.7642832,455.625,1189.6875,0,0.86916447,436.875,1386.5625,0,0.95726234,422.8125,1456.875,0,0.80775714,forward,177.11472709548536,1
904,30.163466666666668,255.26189804077148,,,,,,,,,,,,,,,,,,,,483.75,997.5,0,0.766538,455.625,1189.6875,0,0.8722308,436.875,1386.5625,0,0.9525436,422.8125,1456.875,0,0.80577767,forward,177.11472709548536,1
905,30.196833333333334,256.4229965209961,,,,,,,,,,,,,,,,,,,,483.75,997.5,0,0.7640542,455.625,1189.6875,0,0.8712392,436.875,1386.5625,0,0.95208234,422.8125,1456.875,0,0.8070568,forward,177.11472709548536,1
906,30.2302,254.8830509185791,,,,,,,,,,,,,,,,,,,,483.75,992.8125,0,0.7578641,450.9375,1189.6875,0,0.86090076,436.875,1386.5625,0,0.9535152,422.8125,1456.875,0,0.808895,forward,174.62327052881244,1
907,30.263566666666666,256.47473335266113,,,,,,,,,,,,,,,,,,,,479.0625,992.8125,0,0.7586949,450.9375,1189.6875,0,0.854532,436.875,1386.5625,0,0.9529493,418.125,1456.875,0,0.8101788,forward,175.95557052222773,1
908,30.296933333333335,255.0828456878662,,,,,,,,,,,,,,,,,,,,479.0625,992.8125,0,0.75754505,450.9375,1189.6875,0,0.85081357,436.875,1386.5625,0,0.95357394,418.125,1456.875,0,0.81381977,forward,175.95557052222773,1
909,30.3303,254.7891139984131,,,,,,,,,,,,,,,,,,,,479.0625,992.8125,0,0.7572105,450.9375,1189.6875,0,0.8497232,436.875,1386.5625,0,0.95477843,418.125,1456.875,0,0.8126075,forward,175.95557052222773,1
910,30.363666666666667,253.15189361572266,,,,,,,,,,,,,,,,,,,,479.0625,988.125,0,0.75610864,450.9375,1189.6875,0,0.84733593,436.875,1386.5625,0,0.95443094,422.8125,1456.875,0,0.81289643,forward,176.14217136282284,1
911,30.397033333333333,254.81104850769043,,,,,,,,,,,,,,,,,,,,479.0625,988.125,0,0.7543914,450.9375,1189.6875,0,0.84592354,436.875,1386.5625,0,0.95628303,422.8125,1456.875,0,0.81750685,forward,176.14217136282284,1
912,30.4304,255.51986694335938,,,,,,,,,,,,,,,,,,,,479.0625,988.125,0,0.75953305,450.9375,1189.6875,0,0.8517124,436.875,1386.5625,0,0.95575726,422.8125,1456.875,0,0.81791914,forward,176.14217136282284,1
913,30.463766666666668,256.74915313720703,,,,,,,,,,,,,,,,,,,,474.375,988.125,0,0.7607547,450.9375,1189.6875,0,0.84994674,436.875,1386.5625,0,0.9574785,422.8125,1456.875,0,0.8174465,forward,177.45316447198348,1
914,30.497133333333334,253.38125228881836,,,,,,,,,,,,,,,,,,,,474.375,988.125,0,0.759547,450.9375,1189.6875,0,0.84831774,436.875,1386.5625,0,0.95672,422.8125,1456.875,0,0.81858724,forward,177.45316447198348,1
915,30.5305,254.7602653503418,,,,,,,,,,,,,,,,,,,,474.375,988.125,0,0.76190364,450.9375,1189.6875,0,0.85108757,436.875,1386.5625,0,0.95605826,422.8125,1456.875,0,0.81766224,forward,177.45316447198348,1
916,30.563866666666666,255.77759742736816,,,,,,,,,,,,,,,,,,,,474.375,988.125,0,0.76230305,450.9375,1185.0,0,0.8525692,436.875,1386.5625,0,0.95441604,422.8125,1456.875,0,0.81653905,forward,177.20186664217718,1
917,30.597233333333335,251.6329288482666,,,,,,,,,,,,,,,,,,,,474.375,988.125,0,0.760941,450.9375,1185.0,0,0.8520715,436.875,1386.5625,0,0.95590127,422.8125,1456.875,0,0.82229066,forward,177.20186664217718,1
918,30.6306,253.2658576965332,,,,,,,,,,,,,,,,,,,,474.375,988.125,0,0.76309985,450.9375,1185.0,0,0.8527144,436.875,1386.5625,0,0.9543494,422.8125,1456.875,0,0.8178161,forward,177.20186664217718,1
919,30.663966666666667,256.9611072540283,,,,,,,,,,,,,,,,,,,,474.375,988.125,0,0.76298237,450.9375,1185.0,0,0.8515245,436.875,1386.5625,0,0.9560352,422.8125,1456.875,0,0.8183979,forward,177.20186664217718,1
920,30.697333333333333,255.9361457824707,,,,,,,,,,,,,,,,,,,,474.375,988.125,0,0.7639113,450.9375,1185.0,0,0.85297954,436.875,1386.5625,0,0.95662737,422.8125,1456.875,0,0.8197979,forward,177.20186664217718,1
921,30.7307,255.7692527770996,,,,,,,,,,,,,,,,,,,,474.375,988.125,0,0.7636504,446.25,1185.0,0,0.8528736,436.875,1386.5625,0,0.95762247,422.8125,1456.875,0,0.8205521,forward,174.53291356062059,1
922,30.76406666666667,255.51581382751465,,,,,,,,,,,,,,,,,,,,474.375,988.125,0,0.7648276,446.25,1185.0,0,0.849046,436.875,1386.5625,0,0.95945084,422.8125,1456.875,0,0.82046044,forward,174.53291356062059,1
923,30.797433333333334,255.49006462097168,,,,,,,,,,,,,,,,,,,,474.375,988.125,0,0.7638922,450.9375,1185.0,0,0.8492086,436.875,1386.5625,0,0.96020436,422.8125,1456.875,0,0.82022834,forward,177.20186664217718,1
924,30.8308,255.63502311706543,,,,,,,,,,,,,,,,,,,,479.0625,988.125,0,0.76507795,450.9375,1185.0,0,0.8504194,436.875,1386.5625,0,0.9602487,422.8125,1456.875,0,0.8184897,forward,175.86080634213945,1
925,30.864166666666666,256.03699684143066,,,,,,,,,,,,,,,,,,,,479.0625,988.125,0,0.76306957,450.9375,1185.0,0,0.8507049,436.875,1386.5625,0,0.9594945,422.8125,1456.875,0,0.81679547,forward,175.86080634213945,1
926,30.897533333333335,255.42807579040527,,,,,,,,,,,,,,,,,,,,479.0625,988.125,0,0.7622282,450.9375,1189.6875,0,0.84952396,436.875,1386.5625,0,0.9569069,422.8125,1456.875,0,0.81618094,forward,176.14217136282284,1
927,30.9309,255.87821006774902,,,,,,,,,,,,,,,,,,,,479.0625,988.125,0,0.7613068,446.25,1185.0,0,0.8511677,436.875,1386.5625,0,0.955704,422.8125,1456.875,0,0.8153188,forward,173.20064004879518,1
928,30.964266666666667,255.63502311706543,,,,,,,,,,,,,,,,,,,,479.0625,988.125,0,0.7594026,450.9375,1189.6875,0,0.8468191,436.875,1386.5625,0,0.9576428,422.8125,1452.1875,0,0.8209784,forward,176.14217136282284,1
929,30.997633333333333,255.13720512390137,,,,,,,,,,,,,,,,,,,,479.0625,988.125,0,0.7570189,446.25,1189.6875,0,0.84567606,436.875,1386.5625,0,0.9552814,422.8125,1456.875,0,0.8186239,forward,173.48022073924307,1
930,31.031,254.7299861907959,,,,,,,,,,,,,,,,,,,,479.0625,988.125,0,0.75781906,446.25,1189.6875,0,0.8481873,436.875,1386.5625,0,0.95405674,422.8125,1456.875,0,0.8138547,forward,173.48022073924307,1
931,31.06436666666667,255.06925582885742,,,,,,,,,,,,,,,,,,,,479.0625,988.125,0,0.7577357,450.9375,1189.6875,0,0.847309,436.875,1386.5625,0,0.95578444,422.8125,1456.875,0,0.81339055,forward,176.14217136282284,1
932,31.097733333333334,255.18393516540527,,,,,,,,,,,,,,,,,,,,479.0625,988.125,0,0.75812757,446.25,1189.6875,0,0.85023105,436.875,1386.5625,0,0.9545504,422.8125,1456.875,0,0.81195444,forward,173.48022073924307,1
933,31.1311,255.01275062561035,,,,,,,,,,,,,,,,,,,,479.0625,992.8125,0,0.7623013,446.25,1189.6875,0,0.8518499,436.875,1386.5625,0,0.9496591,422.8125,1456.875,0,0.8123131,forward,173.26398992308998,1
934,31.164466666666666,255.51271438598633,,,,,,,,,,,,,,,,,,,,479.0625,992.8125,0,0.7660507,446.25,1194.375,0,0.8535378,436.875,1386.5625,0,0.9452814,422.8125,1456.875,0,0.81547153,forward,173.54660568728903,1
935,31.197833333333335,254.87995147705078,,,,,,,,,,,,,,,,,,,,479.0625,992.8125,0,0.7679758,446.25,1194.375,0,0.8513552,436.875,1381.875,0,0.9446146,422.8125,1456.875,0,0.8200942,forward,173.61631867176203,1
936,31.2312,254.90498542785645,,,,,,,,,,,,,,,,,,,,479.0625,997.5,0,0.7664883,446.25,1194.375,0,0.84648097,432.1875,1381.875,0,0.94677585,422.8125,1456.875,0,0.8149714,forward,174.82675912581809,1
937,31.264566666666667,255.12218475341797,,,,,,,,,,,,,,,,,,,,479.0625,997.5,0,0.7595962,446.25,1194.375,0,0.84480214,436.875,1381.875,0,0.95142406,422.8125,1456.875,0,0.8158908,forward,173.40007556000222,1
938,31.297933333333333,255.84101676940918,,,,,,,,,,,,,,,,,,,,479.0625,1002.1875,0,0.7681737,450.9375,1199.0625,0,0.8548813,436.875,1381.875,0,0.9485231,422.8125,1456.875,0,0.8130137,forward,176.2685988084574,1
939,31.3313,255.0637722015381,,,,,,,,,,,,,,,,,,,,479.0625,1006.875,0,0.7732997,446.25,1203.75,0,0.86746347,436.875,1386.5625,0,0.9469136,422.8125,1456.875,0,0.8186368,forward,173.47333679434684,1
940,31.36466666666667,254.6837329864502,,,,,,,,,,,,,,,,,,,,479.0625,1011.5625,0,0.77152467,446.25,1208.4375,0,0.86869854,436.875,1386.5625,0,0.9472656,422.8125,1456.875,0,0.81480193,forward,173.5504352985561,1
941,31.398033333333334,255.1891803741455,,,,,,,,,,,,,,,,,,,,479.0625,1016.25,0,0.7764704,446.25,1208.4375,0,0.8683995,436.875,1386.5625,0,0.94967324,422.8125,1456.875,0,0.81937516,forward,173.32403030482752,1
942,31.4314,254.78577613830566,,,,,,,,,,,,,,,,,,,,479.0625,1020.9375,0,0.7768246,446.25,1213.125,0,0.8679552,436.875,1386.5625,0,0.952373,422.8125,1456.875,0,0.819769,forward,173.40530712140367,1
943,31.464766666666666,255.29766082763672,,,,,,,,,,,,,,,,,,,,479.0625,1020.9375,0,0.7734637,446.25,1213.125,0,0.86669296,436.875,1386.5625,0,0.94838864,422.8125,1456.875,0,0.81622636,forward,173.40530712140367,1
944,31.498133333333335,255.1569938659668,,,,,,,,,,,,,,,,,,,,479.0625,1020.9375,0,0.77641475,441.5625,1213.125,0,0.86971486,436.875,1381.875,0,0.9525136,422.8125,1456.875,0,0.8206233,forward,170.550213902423,1
945,31.5315,255.5069923400879,,,,,,,,,,,,,,,,,,,,479.0625,1020.9375,0,0.78082705,441.5625,1213.125,0,0.8758409,436.875,1386.5625,0,0.9511359,422.8125,1456.875,0,0.82425094,forward,170.50719147336105,1
946,31.564866666666667,256.15501403808594,,,,,,,,,,,,,,,,,,,,479.0625,1025.625,0,0.7773799,436.875,1217.8125,0,0.868189,436.875,1381.875,0,0.9541491,422.8125,1456.875,0,0.82799363,forward,167.61922997557272,1
947,31.598233333333333,256.7911148071289,,,,,,,,,,,,,,,,,,,,479.0625,1030.3125,0,0.78142184,436.875,1222.5,0,0.8749399,436.875,1381.875,0,0.9537745,422.8125,1456.875,0,0.83225465,forward,167.61922997557272,1
948,31.6316,255.75780868530273,,,,,,,,,,,,,,,,,,,,474.375,1035.0,0,0.78426564,436.875,1222.5,0,0.8788582,436.875,1381.875,0,0.9533684,422.8125,1456.875,0,0.8330039,forward,168.6900883963694,1
949,31.66496666666667,256.1311721801758,,,,,,,,,,,,,,,,,,,,474.375,1039.6875,0,0.7824303,436.875,1222.5,0,0.883188,436.875,1381.875,0,0.9569868,427.5,1456.875,0,0.83343357,forward,168.40782284182276,1
950,31.698333333333334,256.3331127166748,,,,,,,,,,,,,,,,,,,,474.375,1039.6875,0,0.794474,432.1875,1227.1875,0,0.8811058,436.875,1381.875,0,0.95834905,427.5,1456.875,0,0.8418911,forward,165.583929465502,1
951,31.7317,257.57503509521484,,,,,,,,,,,,,,,,,,,,474.375,1039.6875,0,0.7919258,432.1875,1227.1875,0,0.88012147,436.875,1381.875,0,0.9632014,427.5,1452.1875,0,0.8413862,forward,165.583929465502,1
952,31.765066666666666,256.52599334716797,,,,,,,,,,,,,,,,,,,,474.375,1044.375,0,0.7976082,432.1875,1227.1875,0,0.87146425,436.875,1377.1875,0,0.96799934,427.5,1452.1875,0,0.84673417,forward,165.21546499244616,1
953,31.798433333333335,255.76496124267578,,,,,,,,,,,,,,,,,,,,474.375,1049.0625,0,0.7915101,432.1875,1227.1875,0,0.8713908,436.875,1377.1875,0,0.9705318,427.5,1452.1875,0,0.84500504,forward,164.88554863003634,1
954,31.8318,256.821870803833,,,,,,,,,,,,,,,,,,,,474.375,1053.75,0,0.80288804,432.1875,1227.1875,0,0.8808806,436.875,1377.1875,0,0.97002935,422.8125,1452.1875,0,0.8455016,forward,164.5387906157494,1
955,31.865166666666667,254.9898624420166,,,,,,,,,,,,,,,,,,,,474.375,1058.4375,0,0.8040408,427.5,1227.1875,0,0.8859012,436.875,1377.1875,0,0.9724549,427.5,1452.1875,0,0.8432705,forward,160.89956157502158,1
956,31.898533333333333,252.9468536376953,,,,,,,,,,,,,,,,,,,,474.375,1063.125,0,0.8065778,427.5,1222.5,0,0.8905089,436.875,1377.1875,0,0.97463226,427.5,1452.1875,0,0.8464971,forward,160.1422324968952,1
957,31.9319,250.9770393371582,,,,,,,,,,,,,,,,,,,,474.375,1067.8125,0,0.8167132,427.5,1222.5,0,0.89201826,436.875,1377.1875,0,0.97604716,427.5,1452.1875,0,0.85321283,forward,159.67337758468682,1
958,31.96526666666667,251.22308731079102,,,,,,,,,,,,,,,,,,,,474.375,1072.5,0,0.8142133,427.5,1222.5,0,0.88443446,436.875,1377.1875,0,0.9786147,427.5,1452.1875,0,0.8484665,forward,159.17774498168086,1
959,31.998633333333334,257.1120262145996,,,,,,,,,,,,,,,,,,,,474.375,1072.5,0,0.81560624,427.5,1222.5,0,0.8798599,436.875,1377.1875,0,0.97585714,427.5,1452.1875,0,0.84542865,forward,159.17774498168086,1
960,32.032000000000004,251.94597244262695,,,,,,,,,,,,,,,,,,,,469.6875,1077.1875,0,0.8267252,427.5,1222.5,0,0.88155246,436.875,1377.1875,0,0.98404235,427.5,1452.1875,0,0.85207784,forward,160.34256691637964,1
961,32.06536666666667,251.694917678833,,,,,,,,,,,,,,,,,,,,474.375,1081.875,0,0.82306826,427.5,1227.1875,0,0.8771589,436.875,1377.1875,0,0.9798174,427.5,1452.1875,0,0.84550107,forward,158.5449812829659,1
962,32.098733333333335,251.69801712036133,,,,,,,,,,,,,,,,,,,,474.375,1081.875,0,0.82699096,427.5,1227.1875,0,0.87694013,436.875,1377.1875,0,0.9811627,427.5,1452.1875,0,0.84662306,forward,158.5449812829659,1
963,32.1321,249.53389167785645,,,,,,,,,,,,,,,,,,,,474.375,1091.25,0,0.8255675,427.5,1227.1875,0,0.88634336,436.875,1377.1875,0,0.9803369,422.8125,1452.1875,0,0.8406825,forward,157.39806078349804,1
964,32.16546666666667,251.08909606933594,,,,,,,,,,,,,,,,,,,,474.375,1095.9375,0,0.8311931,422.8125,1227.1875,0,0.8887465,436.875,1377.1875,0,0.97960055,422.8125,1452.1875,0,0.84346426,forward,153.1964397187429,1
965,32.19883333333333,255.21302223205566,,,,,,,,,,,,,,,,,,,,479.0625,1095.9375,0,0.8313594,422.8125,1227.1875,0,0.8921007,436.875,1377.1875,0,0.9791199,422.8125,1452.1875,0,0.84046364,forward,151.44558511574894,1
966,32.2322,255.59020042419434,,,,,,,,,,,,,,,,,,,,479.0625,1095.9375,0,0.828441,422.8125,1231.875,0,0.8913635,436.875,1377.1875,0,0.9797938,422.8125,1452.1875,0,0.8396832,forward,151.99302120291318,1
967,32.265566666666665,255.54513931274414,,,,,,,,,,,,,,,,,,,,479.0625,1095.9375,0,0.8280846,422.8125,1231.875,0,0.8898068,436.875,1377.1875,0,0.9789798,422.8125,1452.1875,0,0.8376582,forward,151.99302120291318,1
968,32.29893333333333,256.2730312347412,,,,,,,,,,,,,,,,,,,,479.0625,1095.9375,0,0.8274689,422.8125,1231.875,0,0.88790655,436.875,1377.1875,0,0.9762885,422.8125,1452.1875,0,0.83646476,forward,151.99302120291318,1
969,32.332300000000004,255.74207305908203,,,,,,,,,,,,,,,,,,,,479.0625,1095.9375,0,0.8255577,422.8125,1231.875,0,0.8855964,436.875,1377.1875,0,0.97428334,422.8125,1452.1875,0,0.8370218,forward,151.99302120291318,1
970,32.36566666666667,255.39493560791016,,,,,,,,,,,,,,,,,,,,479.0625,1095.9375,0,0.82830346,422.8125,1231.875,0,0.88980293,436.875,1377.1875,0,0.9746173,422.8125,1452.1875,0,0.83890176,forward,151.99302120291318,1
971,32.399033333333335,256.0138702392578,,,,,,,,,,,,,,,,,,,,479.0625,1095.9375,0,0.83026636,422.8125,1231.875,0,0.8819568,436.875,1377.1875,0,0.9745817,422.8125,1452.1875,0,0.8396236,forward,151.99302120291318,1
972,32.4324,256.16002082824707,,,,,,,,,,,,,,,,,,,,479.0625,1095.9375,0,0.83005893,427.5,1227.1875,0,0.87601763,436.875,1377.1875,0,0.9764513,422.8125,1452.1875,0,0.842566,forward,154.97593404267508,1
973,32.46576666666667,254.55403327941895,,,,,,,,,,,,,,,,,,,,479.0625,1091.25,0,0.8256849,427.5,1227.1875,0,0.8766998,436.875,1377.1875,0,0.9749896,422.8125,1452.1875,0,0.840902,forward,155.65140911417262,1
974,32.49913333333333,255.04374504089355,,,,,,,,,,,,,,,,,,,,479.0625,1081.875,0,0.82294726,427.5,1227.1875,0,0.88406265,436.875,1377.1875,0,0.97510165,422.8125,1452.1875,0,0.8448702,forward,156.88700815408916,1
975,32.5325,254.8680305480957,,,,,,,,,,,,,,,,,,,,474.375,1077.1875,0,0.8227849,427.5,1227.1875,0,0.8814105,436.875,1377.1875,0,0.976755,422.8125,1452.1875,0,0.84857917,forward,159.06964312817132,1
976,32.565866666666665,256.0720443725586,,,,,,,,,,,,,,,,,,,,474.375,1072.5,0,0.8192885,427.5,1227.1875,0,0.88146996,436.875,1377.1875,0,0.9772842,427.5,1452.1875,0,0.8511884,forward,159.56528292535842,1
977,32.59923333333333,255.6469440460205,,,,,,,,,,,,,,,,,,,,474.375,1067.8125,0,0.80781096,427.5,1227.1875,0,0.8877425,436.875,1377.1875,0,0.9709225,422.8125,1452.1875,0,0.844942,forward,160.03412620968254,1
978,32.632600000000004,255.30171394348145,,,,,,,,,,,,,,,,,,,,474.375,1063.125,0,0.802577,427.5,1227.1875,0,0.89229417,436.875,1377.1875,0,0.96856487,422.8125,1452.1875,0,0.84586155,forward,160.47827224472277,1
979,32.66596666666667,254.99391555786133,,,,,,,,,,,,,,,,,,,,474.375,1058.4375,0,0.7993203,427.5,1227.1875,0,0.8910129,436.875,1377.1875,0,0.9689667,422.8125,1452.1875,0,0.8389175,forward,160.89956157502158,1
980,32.699333333333335,255.5069923400879,,,,,,,,,,,,,,,,,,,,479.0625,1049.0625,0,0.7971904,427.5,1222.5,0,0.89195955,436.875,1381.875,0,0.96920437,422.8125,1452.1875,0,0.8330041,forward,160.07647537246984,1
981,32.7327,254.7008991241455,,,,,,,,,,,,,,,,,,,,479.0625,1044.375,0,0.79556847,432.1875,1217.8125,0,0.8926616,436.875,1381.875,0,0.96714413,422.8125,1452.1875,0,0.83446115,forward,163.23941471125622,1
982,32.76606666666667,253.1430721282959,,,,,,,,,,,,,,,,,,,,479.0625,1039.6875,0,0.77598315,432.1875,1222.5,0,0.882231,436.875,1381.875,0,0.9619707,422.8125,1452.1875,0,0.82636607,forward,163.9339080816997,1
983,32.79943333333333,255.77378273010254,,,,,,,,,,,,,,,,,,,,479.0625,1035.0,0,0.78822947,432.1875,1217.8125,0,0.8895546,436.875,1386.5625,0,0.95579505,422.8125,1452.1875,0,0.8250982,forward,164.02746508357905,1
984,32.8328,255.5828094482422,,,,,,,,,,,,,,,,,,,,479.0625,1030.3125,0,0.77932465,432.1875,1217.8125,0,0.88233364,436.875,1386.5625,0,0.9538615,422.8125,1456.875,0,0.8196579,forward,164.37262560794952,1
985,32.866166666666665,254.91714477539062,,,,,,,,,,,,,,,,,,,,479.0625,1025.625,0,0.782641,432.1875,1213.125,0,0.89476407,436.875,1386.5625,0,0.95114636,422.8125,1456.875,0,0.81660485,forward,164.41559693551474,1
986,32.89953333333333,254.67276573181152,,,,,,,,,,,,,,,,,,,,479.0625,1020.9375,0,0.7793211,436.875,1208.4375,0,0.89679796,432.1875,1386.5625,0,0.95222926,422.8125,1456.875,0,0.82230425,forward,168.8270470235302,1
987,32.932900000000004,255.45477867126465,,,,,,,,,,,,,,,,,,,,479.0625,1016.25,0,0.76976764,441.5625,1199.0625,0,0.8994826,432.1875,1386.5625,0,0.9504822,422.8125,1456.875,0,0.8156247,forward,171.27023794119023,1
988,32.96626666666667,254.65703010559082,,,,,,,,,,,,,,,,,,,,479.0625,1011.5625,0,0.77213705,441.5625,1199.0625,0,0.89144737,432.1875,1386.5625,0,0.95193446,422.8125,1456.875,0,0.81798446,forward,171.55249850515585,1
989,32.999633333333335,255.02800941467285,,,,,,,,,,,,,,,,,,,,479.0625,1011.5625,0,0.77142394,441.5625,1199.0625,0,0.8773521,436.875,1386.5625,0,0.94983304,422.8125,1456.875,0,0.8168731,forward,170.12219319288468,1
990,33.033,255.21421432495117,,,,,,,,,,,,,,,,,,,,479.0625,1002.1875,0,0.76419526,446.25,1199.0625,0,0.8730165,436.875,1386.5625,0,0.9513043,422.8125,1456.875,0,0.81292796,forward,173.40007556000222,1
991,33.06636666666667,255.03301620483398,,,,,,,,,,,,,,,,,,,,479.0625,1002.1875,0,0.76507545,450.9375,1194.375,0,0.864985,436.875,1386.5625,0,0.95272094,422.8125,1456.875,0,0.8154919,forward,175.85924528195656,1
992,33.09973333333333,255.88178634643555,,,,,,,,,,,,,,,,,,,,479.0625,1002.1875,0,0.7641965,450.9375,1194.375,0,0.8687904,436.875,1386.5625,0,0.9526011,422.8125,1456.875,0,0.80678976,forward,175.85924528195656,1
993,33.1331,255.32793998718262,,,,,,,,,,,,,,,,,,,,479.0625,997.5,0,0.76479256,446.25,1189.6875,0,0.8555103,436.875,1386.5625,0,0.9522977,422.8125,1456.875,0,0.8067014,forward,173.03753337289294,1
994,33.166466666666665,254.9431324005127,,,,,,,,,,,,,,,,,,,,479.0625,997.5,0,0.7664305,450.9375,1189.6875,0,0.8646867,436.875,1386.5625,0,0.94751275,422.8125,1456.875,0,0.79919815,forward,175.75997647184218,1
995,33.19983333333333,254.73523139953613,,,,,,,,,,,,,,,,,,,,479.0625,992.8125,0,0.77035004,450.9375,1189.6875,0,0.86697054,436.875,1386.5625,0,0.94853735,422.8125,1456.875,0,0.79983246,forward,175.95557052222773,1
996,33.233200000000004,254.57406044006348,,,,,,,,,,,,,,,,,,,,479.0625,992.8125,0,0.7667005,450.9375,1189.6875,0,0.86160386,436.875,1386.5625,0,0.9466522,418.125,1456.875,0,0.7973734,forward,175.95557052222773,1
997,33.26656666666667,255.69605827331543,,,,,,,,,,,,,,,,,,,,479.0625,997.5,0,0.76815987,450.9375,1189.6875,0,0.85770667,436.875,1386.5625,0,0.9458109,418.125,1456.875,0,0.79395187,forward,175.75997647184218,1
998,33.299933333333335,255.59091567993164,,,,,,,,,,,,,,,,,,,,479.0625,997.5,0,0.76775956,450.9375,1189.6875,0,0.8538033,436.875,1386.5625,0,0.9468502,418.125,1456.875,0,0.7974089,forward,175.75997647184218,1
999,33.3333,254.71210479736328,,,,,,,,,,,,,,,,,,,,479.0625,997.5,0,0.7653774,446.25,1189.6875,0,0.85080814,436.875,1386.5625,0,0.9461788,418.125,1456.875,0,0.80001587,forward,173.03753337289294,1
1000,33.36666666666667,254.97889518737793,,,,,,,,,,,,,,,,,,,,479.0625,992.8125,0,0.7660012,450.9375,1189.6875,0,0.854478,436.875,1386.5625,0,0.9459592,418.125,1456.875,0,0.79903245,forward,175.95557052222773,1
1001,33.40003333333333,256.3199996948242,,,,,,,,,,,,,,,,,,,,474.375,992.8125,0,0.7642527,446.25,1189.6875,0,0.8522708,436.875,1386.5625,0,0.94227135,418.125,1456.875,0,0.8003842,forward,174.59622285308626,1
1002,33.4334,255.89990615844727,,,,,,,,,,,,,,,,,,,,479.0625,992.8125,0,0.76252353,450.9375,1189.6875,0,0.8503407,436.875,1386.5625,0,0.9410727,418.125,1452.1875,0,0.79891086,forward,175.95557052222773,1
1003,33.466766666666665,255.21421432495117,,,,,,,,,,,,,,,,,,,,474.375,992.8125,0,0.76254165,450.9375,1189.6875,0,0.8508967,436.875,1386.5625,0,0.94276315,418.125,1452.1875,0,0.7990552,forward,177.2966532407651,1
1004,33.50013333333333,255.23805618286133,,,,,,,,,,,,,,,,,,,,474.375,988.125,0,0.76317763,450.9375,1189.6875,0,0.85226935,436.875,1386.5625,0,0.9430301,418.125,1452.1875,0,0.8008968,forward,177.45316447198348,1
1005,33.533500000000004,255.8438777923584,,,,,,,,,,,,,,,,,,,,479.0625,988.125,0,0.7643291,450.9375,1189.6875,0,0.8531903,436.875,1386.5625,0,0.9456219,418.125,1452.1875,0,0.8009366,forward,176.14217136282284,1
1006,33.56686666666667,255.86724281311035,,,,,,,,,,,,,,,,,,,,479.0625,988.125,0,0.7636864,450.9375,1189.6875,0,0.85190904,436.875,1386.5625,0,0.94390464,418.125,1452.1875,0,0.8007417,forward,176.14217136282284,1
1007,33.600233333333335,255.19084930419922,,,,,,,,,,,,,,,,,,,,479.0625,988.125,0,0.762469,450.9375,1185.0,0,0.8510095,436.875,1386.5625,0,0.94664127,418.125,1456.875,0,0.80340815,forward,175.86080634213945,1
1008,33.6336,259.56082344055176,,,,,,,,,,,,,,,,,,,,479.0625,988.125,0,0.7634143,446.25,1185.0,0,0.8483243,436.875,1386.5625,0,0.94669074,418.125,1452.1875,0,0.80234385,forward,173.20064004879518,1
1009,33.66696666666667,254.91786003112793,,,,,,,,,,,,,,,,,,,,479.0625,988.125,0,0.76453316,450.9375,1185.0,0,0.85030425,436.875,1386.5625,0,0.94784933,418.125,1456.875,0,0.80421543,forward,175.86080634213945,1
1010,33.70033333333333,252.95090675354004,,,,,,,,,,,,,,,,,,,,479.0625,988.125,0,0.76422966,450.9375,1185.0,0,0.8499236,436.875,1386.5625,0,0.94640386,418.125,1456.875,0,0.8036202,forward,175.86080634213945,1
1011,33.7337,252.00772285461426,,,,,,,,,,,,,,,,,,,,479.0625,988.125,0,0.76552,446.25,1185.0,0,0.8528728,436.875,1386.5625,0,0.94586337,418.125,1456.875,0,0.8036907,forward,173.20064004879518,1
1012,33.767066666666665,251.33800506591797,,,,,,,,,,,,,,,,,,,,479.0625,988.125,0,0.7669675,450.9375,1185.0,0,0.8536299,436.875,1386.5625,0,0.9445221,418.125,1456.875,0,0.8015381,forward,175.86080634213945,1
1013,33.80043333333333,257.2369575500488,,,,,,,,,,,,,,,,,,,,479.0625,988.125,0,0.76781136,450.9375,1185.0,0,0.8546071,436.875,1386.5625,0,0.9456267,418.125,1456.875,0,0.8035928,forward,175.86080634213945,1
1014,33.833800000000004,252.85935401916504,,,,,,,,,,,,,,,,,,,,479.0625,988.125,0,0.7673001,446.25,1185.0,0,0.8508065,436.875,1386.5625,0,0.94469905,418.125,1456.875,0,0.80411005,forward,173.20064004879518,1
1015,33.86716666666667,251.9700527191162,,,,,,,,,,,,,,,,,,,,479.0625,992.8125,0,0.7637654,446.25,1189.6875,0,0.8450651,436.875,1386.5625,0,0.94546515,418.125,1456.875,0,0.8072243,forward,173.26398992308998,1
1016,33.900533333333335,251.85894966125488,,,,,,,,,,,,,,,,,,,,479.0625,992.8125,0,0.76350677,450.9375,1189.6875,0,0.8426312,436.875,1386.5625,0,0.94591,418.125,1456.875,0,0.80513775,forward,175.95557052222773,1
1017,33.9339,251.31797790527344,,,,,,,,,,,,,,,,,,,,479.0625,992.8125,0,0.76300305,450.9375,1189.6875,0,0.84084773,436.875,1386.5625,0,0.94736975,418.125,1456.875,0,0.8061295,forward,175.95557052222773,1
1018,33.96726666666667,255.2509307861328,,,,,,,,,,,,,,,,,,,,479.0625,988.125,0,0.7606975,450.9375,1189.6875,0,0.8400853,436.875,1386.5625,0,0.94927347,418.125,1456.875,0,0.8072231,forward,176.14217136282284,1
1019,34.00063333333333,255.51795959472656,,,,,,,,,,,,,,,,,,,,479.0625,988.125,0,0.7602885,450.9375,1189.6875,0,0.84334934,436.875,1386.5625,0,0.9532039,418.125,1456.875,0,0.8098853,forward,176.14217136282284,1
1020,34.034,252.93993949890137,,,,,,,,,,,,,,,,,,,,479.0625,988.125,0,0.75914097,450.9375,1189.6875,0,0.8412256,436.875,1386.5625,0,0.95306945,418.125,1456.875,0,0.8076505,forward,176.14217136282284,1
1021,34.067366666666665,251.8630027770996,,,,,,,,,,,,,,,,,,,,479.0625,988.125,0,0.7595392,450.9375,1189.6875,0,0.84382653,436.875,1386.5625,0,0.9524926,418.125,1456.875,0,0.80603445,forward,176.14217136282284,1
1022,34.10073333333333,250.66900253295898,,,,,,,,,,,,,,,,,,,,479.0625,988.125,0,0.7561097,450.9375,1185.0,0,0.8478216,436.875,1386.5625,0,0.95546794,418.125,1456.875,0,0.8049966,forward,175.86080634213945,1
1023,34.134100000000004,257.7018737792969,,,,,,,,,,,,,,,,,,,,483.75,992.8125,0,0.7581223,450.9375,1189.6875,0,0.8498446,436.875,1386.5625,0,0.9539156,418.125,1456.875,0,0.80311036,forward,174.62327052881244,1
1024,34.16746666666667,252.06899642944336,,,,,,,,,,,,,,,,,,,,483.75,992.8125,0,0.7563248,450.9375,1189.6875,0,0.8496896,436.875,1386.5625,0,0.9564357,418.125,1456.875,0,0.80619794,forward,174.62327052881244,1
1025,34.200833333333335,250.81491470336914,,,,,,,,,,,,,,,,,,,,479.0625,992.8125,0,0.75972533,450.9375,1189.6875,0,0.8533468,436.875,1386.5625,0,0.9561603,418.125,1456.875,0,0.80459976,forward,175.95557052222773,1
1026,34.2342,256.59918785095215,,,,,,,,,,,,,,,,,,,,479.0625,997.5,0,0.76191646,450.9375,1189.6875,0,0.86155224,436.875,1386.5625,0,0.95203066,422.8125,1456.875,0,0.8034834,forward,175.75997647184218,1
1027,34.26756666666667,251.39093399047852,,,,,,,,,,,,,,,,,,,,483.75,1002.1875,0,0.7605244,450.9375,1194.375,0,0.85551995,436.875,1381.875,0,0.9577875,422.8125,1456.875,0,0.8125227,forward,174.60032220018502,1
1028,34.30093333333333,252.0740032196045,,,,,,,,,,,,,,,,,,,,483.75,1002.1875,0,0.76307046,450.9375,1194.375,0,0.86500865,436.875,1386.5625,0,0.9505886,422.8125,1456.875,0,0.80812323,forward,174.49615226572627,1
1029,34.3343,252.4430751800537,,,,,,,,,,,,,,,,,,,,483.75,1006.875,0,0.75753605,450.9375,1194.375,0,0.86517775,436.875,1381.875,0,0.953435,422.8125,1456.875,0,0.80674076,forward,174.36288390099304,1
1030,34.367666666666665,252.68316268920898,,,,,,,,,,,,,,,,,,,,483.75,1011.5625,0,0.7650235,450.9375,1203.75,0,0.8716413,436.875,1386.5625,0,0.94758,422.8125,1456.875,0,0.80264467,forward,174.70994218141027,1
1031,34.40103333333333,253.28898429870605,,,,,,,,,,,,,,,,,,,,483.75,1016.25,0,0.7602261,450.9375,1203.75,0,0.87255555,436.875,1386.5625,0,0.95230675,422.8125,1456.875,0,0.80359495,forward,174.47245371405936,1
1032,34.434400000000004,254.7459602355957,,,,,,,,,,,,,,,,,,,,483.75,1020.9375,0,0.76607484,446.25,1203.75,0,0.8645643,436.875,1386.5625,0,0.94230604,422.8125,1456.875,0,0.79141474,forward,171.34349163125395,1
1033,34.46776666666667,255.2030086517334,,,,,,,,,,,,,,,,,,,,483.75,1020.9375,0,0.7665838,446.25,1208.4375,0,0.8642982,436.875,1386.5625,0,0.94391894,422.8125,1456.875,0,0.7952726,forward,171.70288905121882,1
1034,34.501133333333335,261.3520622253418,,,,,,,,,,,,,,,,,,,,483.75,1025.625,0,0.7657017,446.25,1208.4375,0,0.86789995,436.875,1386.5625,0,0.94794774,422.8125,1456.875,0,0.80120885,forward,171.42063874011708,1
1035,34.5345,256.7460536956787,,,,,,,,,,,,,,,,,,,,483.75,1025.625,0,0.7671756,441.5625,1213.125,0,0.87817407,436.875,1386.5625,0,0.9490844,422.8125,1456.875,0,0.80188346,forward,168.8677797322151,1
1036,34.56786666666667,254.81605529785156,,,,,,,,,,,,,,,,,,,,483.75,1030.3125,0,0.77653545,441.5625,1217.8125,0,0.8803688,436.875,1386.5625,0,0.94820726,422.8125,1456.875,0,0.8132687,forward,168.91075511500497,1
1037,34.60123333333333,260.5602741241455,,,,,,,,,,,,,,,,,,,,483.75,1035.0,0,0.7777418,441.5625,1217.8125,0,0.8851983,436.875,1386.5625,0,0.94677734,422.8125,1456.875,0,0.8128687,forward,168.59652361068078,1
1038,34.6346,258.00609588623047,,,,,,,,,,,,,,,,,,,,483.75,1039.6875,0,0.77438366,436.875,1222.5,0,0.8807174,436.875,1386.5625,0,0.94686675,422.8125,1456.875,0,0.81502736,forward,165.6186066186658,1
1039,34.667966666666665,256.9003105163574,,,,,,,,,,,,,,,,,,,,483.75,1039.6875,0,0.77755094,436.875,1227.1875,0,0.88573694,436.875,1381.875,0,0.9485972,422.8125,1456.875,0,0.81626296,forward,165.9637667305403,1
1040,34.70133333333333,256.09874725341797,,,,,,,,,,,,,,,,,,,,483.75,1044.375,0,0.77683544,432.1875,1227.1875,0,0.8834157,436.875,1381.875,0,0.95296216,422.8125,1456.875,0,0.8187684,forward,162.51314150434916,1
1041,34.734700000000004,256.4682960510254,,,,,,,,,,,,,,,,,,,,483.75,1049.0625,0,0.78347075,432.1875,1227.1875,0,0.8885162,436.875,1381.875,0,0.9531892,422.8125,1452.1875,0,0.820838,forward,162.1199680264596,1
1042,34.76806666666667,258.8202953338623,,,,,,,,,,,,,,,,,,,,483.75,1053.75,0,0.7775514,432.1875,1227.1875,0,0.89528775,436.875,1381.875,0,0.95625824,422.8125,1452.1875,0,0.8245108,forward,161.7072307397144,1
1043,34.801433333333335,259.0358257293701,,,,,,,,,,,,,,,,,,,,479.0625,1053.75,0,0.78953564,427.5,1227.1875,0,0.8928347,436.875,1381.875,0,0.95955414,422.8125,1452.1875,0,0.82762957,forward,159.97471244305532,1
1044,34.8348,258.4819793701172,,,,,,,,,,,,,,,,,,,,479.0625,1053.75,0,0.78538394,427.5,1227.1875,0,0.8892547,436.875,1381.875,0,0.9619603,422.8125,1452.1875,0,0.829375,forward,159.97471244305532,1
1045,34.86816666666667,258.32605361938477,,,,,,,,,,,,,,,,,,,,474.375,1058.4375,0,0.7920923,427.5,1227.1875,0,0.8990328,436.875,1377.1875,0,0.96492016,422.8125,1452.1875,0,0.83233786,forward,160.89956157502158,1
1046,34.90153333333333,257.3220729827881,,,,,,,,,,,,,,,,,,,,479.0625,1063.125,0,0.7904536,427.5,1227.1875,0,0.8999099,436.875,1377.1875,0,0.96626407,422.8125,1452.1875,0,0.8364405,forward,158.97648910561438,1
1047,34.9349,257.89785385131836,,,,,,,,,,,,,,,,,,,,479.0625,1067.8125,0,0.80356264,427.5,1222.5,0,0.90355825,436.875,1377.1875,0,0.96981895,422.8125,1452.1875,0,0.83292055,forward,158.09682083348406,1
1048,34.968266666666665,257.1840286254883,,,,,,,,,,,,,,,,,,,,474.375,1072.5,0,0.8075206,427.5,1227.1875,0,0.90695727,436.875,1377.1875,0,0.967494,422.8125,1452.1875,0,0.8362324,forward,159.56528292535842,1
1049,35.00163333333333,256.91914558410645,,,,,,,,,,,,,,,,,,,,479.0625,1077.1875,0,0.804885,427.5,1222.5,0,0.89785075,436.875,1377.1875,0,0.97548187,422.8125,1452.1875,0,0.83308053,forward,156.9951080798748,1
1050,35.035000000000004,256.55198097229004,,,,,,,,,,,,,,,,,,,,479.0625,1081.875,0,0.8163897,427.5,1222.5,0,0.89631873,436.875,1377.1875,0,0.97994065,422.8125,1452.1875,0,0.8359978,forward,156.39547553014586,1
1051,35.06836666666667,257.4632167816162,,,,,,,,,,,,,,,,,,,,479.0625,1086.5625,0,0.81841993,427.5,1227.1875,0,0.9001442,436.875,1377.1875,0,0.98132825,422.8125,1452.1875,0,0.8327826,forward,156.28736813086155,1
1052,35.101733333333335,257.36498832702637,,,,,,,,,,,,,,,,,,,,479.0625,1095.9375,0,0.8187102,422.8125,1227.1875,0,0.89085704,436.875,1377.1875,0,0.97448075,422.8125,1452.1875,0,0.82862556,forward,151.44558511574894,1
1053,35.1351,257.83300399780273,,,,,,,,,,,,,,,,,,,,474.375,1095.9375,0,0.82167816,422.8125,1227.1875,0,0.89316535,436.875,1381.875,0,0.9774865,422.8125,1452.1875,0,0.82986253,forward,153.35782449476238,1
1054,35.16846666666667,257.42292404174805,,,,,,,,,,,,,,,,,,,,474.375,1095.9375,0,0.8194895,422.8125,1231.875,0,0.8957585,436.875,1381.875,0,0.9722109,422.8125,1452.1875,0,0.82871616,forward,153.87192401166376,1
1055,35.20183333333333,257.30419158935547,,,,,,,,,,,,,,,,,,,,479.0625,1100.625,0,0.82322496,422.8125,1231.875,0,0.8890519,436.875,1381.875,0,0.9692992,422.8125,1452.1875,0,0.82914567,forward,151.44558511574894,1
1056,35.2352,257.4598789215088,,,,,,,,,,,,,,,,,,,,474.375,1100.625,0,0.8259802,418.125,1231.875,0,0.89490306,436.875,1381.875,0,0.9690845,422.8125,1452.1875,0,0.8274516,forward,149.6764008064531,1
1057,35.268566666666665,257.3978900909424,,,,,,,,,,,,,,,,,,,,479.0625,1105.3125,0,0.8304609,418.125,1231.875,0,0.90080225,436.875,1381.875,0,0.97260237,422.8125,1452.1875,0,0.8300656,forward,147.16503729975562,1
1058,35.30193333333333,257.8468322753906,,,,,,,,,,,,,,,,,,,,479.0625,1105.3125,0,0.8293065,418.125,1231.875,0,0.9017376,436.875,1381.875,0,0.97089744,422.8125,1452.1875,0,0.82819533,forward,147.16503729975562,1
1059,35.335300000000004,257.5500011444092,,,,,,,,,,,,,,,,,,,,479.0625,1105.3125,0,0.8286574,422.8125,1231.875,0,0.90603244,436.875,1381.875,0,0.9683682,422.8125,1452.1875,0,0.8271576,forward,150.68169011339413,1
1060,35.36866666666667,256.76417350769043,,,,,,,,,,,,,,,,,,,,479.0625,1105.3125,0,0.8299926,422.8125,1236.5625,0,0.9058737,436.875,1381.875,0,0.9710982,422.8125,1452.1875,0,0.82872534,forward,151.2738644891544,1
1061,35.402033333333335,258.2969665527344,,,,,,,,,,,,,,,,,,,,479.0625,1105.3125,0,0.82961017,422.8125,1231.875,0,0.9037459,436.875,1381.875,0,0.9717034,422.8125,1452.1875,0,0.8268204,forward,150.68169011339413,1
1062,35.4354,257.4770450592041,,,,,,,,,,,,,,,,,,,,479.0625,1105.3125,0,0.82957095,422.8125,1231.875,0,0.90319824,436.875,1381.875,0,0.97340274,422.8125,1452.1875,0,0.82744926,forward,150.68169011339413,1
1063,35.46876666666667,257.2329044342041,,,,,,,,,,,,,,,,,,,,479.0625,1100.625,0,0.824455,422.8125,1231.875,0,0.89959764,436.875,1381.875,0,0.96982586,422.8125,1452.1875,0,0.8240599,forward,151.44558511574894,1
1064,35.50213333333333,259.6418857574463,,,,,,,,,,,,,,,,,,,,479.0625,1100.625,0,0.82664204,422.8125,1227.1875,0,0.89706707,436.875,1381.875,0,0.974179,422.8125,1452.1875,0,0.8326795,forward,150.843085269631,1
1065,35.5355,258.8660717010498,,,,,,,,,,,,,,,,,,,,479.0625,1095.9375,0,0.8229418,422.8125,1227.1875,0,0.8992413,436.875,1381.875,0,0.97361594,422.8125,1452.1875,0,0.82880163,forward,151.6069791790629,1
1066,35.568866666666665,256.788969039917,,,,,,,,,,,,,,,,,,,,479.0625,1095.9375,0,0.81721985,422.8125,1227.1875,0,0.89697134,436.875,1381.875,0,0.9725015,422.8125,1452.1875,0,0.8273247,forward,151.6069791790629,1
1067,35.60223333333333,257.45582580566406,,,,,,,,,,,,,,,,,,,,479.0625,1086.5625,0,0.8158735,427.5,1222.5,0,0.8961661,436.875,1381.875,0,0.97499466,422.8125,1452.1875,0,0.83086514,forward,155.86127952349102,1
1068,35.635600000000004,253.03196907043457,,,,,,,,,,,,,,,,,,,,479.0625,1077.1875,0,0.8091015,427.5,1222.5,0,0.89874053,436.875,1381.875,0,0.97300106,422.8125,1452.1875,0,0.8317199,forward,157.09687998127058,1
1069,35.66896666666667,253.27706336975098,,,,,,,,,,,,,,,,,,,,479.0625,1072.5,0,0.80227697,427.5,1227.1875,0,0.89601517,436.875,1381.875,0,0.9654727,422.8125,1452.1875,0,0.83271253,forward,158.09682083348406,1
1070,35.702333333333335,261.9891166687012,,,,,,,,,,,,,,,,,,,,479.0625,1067.8125,0,0.7968048,427.5,1222.5,0,0.89917797,436.875,1377.1875,0,0.967513,422.8125,1452.1875,0,0.8357527,forward,158.09682083348406,1
1071,35.7357,258.6400508880615,,,,,,,,,,,,,,,,,,,,479.0625,1063.125,0,0.7948183,427.5,1227.1875,0,0.8929126,436.875,1381.875,0,0.96464753,422.8125,1452.1875,0,0.8362802,forward,159.0845807116432,1
1072,35.76906666666667,256.345272064209,,,,,,,,,,,,,,,,,,,,479.0625,1058.4375,0,0.79004574,427.5,1227.1875,0,0.89623255,436.875,1381.875,0,0.9638023,422.8125,1452.1875,0,0.8312743,forward,159.5409507623215,1
1073,35.80243333333333,257.77602195739746,,,,,,,,,,,,,,,,,,,,479.0625,1053.75,0,0.78868574,427.5,1222.5,0,0.8917093,436.875,1381.875,0,0.96767974,422.8125,1452.1875,0,0.8259684,forward,159.64271640329537,1
1074,35.8358,255.59496879577637,,,,,,,,,,,,,,,,,,,,479.0625,1039.6875,0,0.78412545,432.1875,1217.8125,0,0.8870361,436.875,1381.875,0,0.9637803,422.8125,1452.1875,0,0.8223663,forward,163.6198513701324,1
1075,35.869166666666665,256.4430236816406,,,,,,,,,,,,,,,,,,,,479.0625,1039.6875,0,0.7729852,432.1875,1217.8125,0,0.8888615,436.875,1381.875,0,0.95825374,422.8125,1452.1875,0,0.815036,forward,163.6198513701324,1
1076,35.90253333333333,254.64510917663574,,,,,,,,,,,,,,,,,,,,479.0625,1030.3125,0,0.7810706,432.1875,1213.125,0,0.8871186,436.875,1381.875,0,0.95614636,422.8125,1452.1875,0,0.8167558,forward,164.02746508357905,1
1077,35.935900000000004,259.26709175109863,,,,,,,,,,,,,,,,,,,,474.375,1030.3125,0,0.7825928,432.1875,1213.125,0,0.8863629,436.875,1381.875,0,0.9566679,422.8125,1452.1875,0,0.8131707,forward,165.4142354375752,1
1078,35.96926666666667,256.46424293518066,,,,,,,,,,,,,,,,,,,,479.0625,1025.625,0,0.78183347,432.1875,1208.4375,0,0.8972937,436.875,1381.875,0,0.9599266,422.8125,1452.1875,0,0.81573457,forward,164.07043709980454,1
1079,36.002633333333335,256.6189765930176,,,,,,,,,,,,,,,,,,,,479.0625,1020.9375,0,0.77879554,436.875,1203.75,0,0.89844376,436.875,1381.875,0,0.95905256,422.8125,1456.875,0,0.81362927,forward,167.00538991091167,1
1080,36.036,253.3431053161621,,,,,,,,,,,,,,,,,,,,479.0625,1016.25,0,0.7720081,436.875,1199.0625,0,0.8867952,436.875,1381.875,0,0.9552846,422.8125,1452.1875,0,0.80337584,forward,167.00537472323114,1
1081,36.06936666666667,252.90703773498535,,,,,,,,,,,,,,,,,,,,474.375,1011.5625,0,0.7727151,441.5625,1199.0625,0,0.88922495,436.875,1381.875,0,0.9494258,422.8125,1452.1875,0,0.80277836,forward,171.54255449094228,1
1082,36.10273333333333,256.580114364624,,,,,,,,,,,,,,,,,,,,474.375,1006.875,0,0.76389325,441.5625,1194.375,0,0.88324,436.875,1381.875,0,0.9563246,422.8125,1452.1875,0,0.8078789,forward,171.5058528758832,1
1083,36.1361,252.65216827392578,,,,,,,,,,,,,,,,,,,,474.375,1006.875,0,0.7567611,446.25,1194.375,0,0.8790062,436.875,1381.875,0,0.9623455,422.8125,1452.1875,0,0.80663276,forward,174.33167953912653,1
1084,36.169466666666665,250.00500679016113,,,,,,,,,,,,,,,,,,,,474.375,1002.1875,0,0.7629832,446.25,1194.375,0,0.8749331,436.875,1386.5625,0,0.96185565,422.8125,1452.1875,0,0.8053616,forward,174.46710272198072,1
1085,36.20283333333333,252.02703475952148,,,,,,,,,,,,,,,,,,,,474.375,1002.1875,0,0.7708775,446.25,1189.6875,0,0.87603414,436.875,1386.5625,0,0.9658124,422.8125,1452.1875,0,0.80692077,forward,174.19555622492095,1
1086,36.236200000000004,255.28907775878906,,,,,,,,,,,,,,,,,,,,474.375,1002.1875,0,0.77682906,446.25,1194.375,0,0.8741333,436.875,1386.5625,0,0.96305656,422.8125,1452.1875,0,0.80359626,forward,174.46710272198072,1
1087,36.26956666666667,254.45985794067383,,,,,,,,,,,,,,,,,,,,474.375,997.5,0,0.7803961,446.25,1189.6875,0,0.8770496,436.875,1386.5625,0,0.9600632,422.8125,1452.1875,0,0.7950648,forward,174.4006629280662,1
1088,36.302933333333335,254.7588348388672,,,,,,,,,,,,,,,,,,,,469.6875,1002.1875,0,0.774701,446.25,1194.375,0,0.86388004,436.875,1386.5625,0,0.95679843,418.125,1452.1875,0,0.7951103,forward,175.8398049048209,1
1089,36.3363,255.2776336669922,,,,,,,,,,,,,,,,,,,,469.6875,1002.1875,0,0.7784654,441.5625,1194.375,0,0.86156905,436.875,1386.5625,0,0.9569683,418.125,1452.1875,0,0.79732823,forward,173.07150786176183,1
1090,36.36966666666667,255.10883331298828,,,,,,,,,,,,,,,,,,,,465.0,1002.1875,0,0.7743838,441.5625,1194.375,0,0.8583652,436.875,1386.5625,0,0.96191156,418.125,1452.1875,0,0.8000126,forward,174.44423313054102,1
1091,36.40303333333333,254.47511672973633,,,,,,,,,,,,,,,,,,,,465.0,1002.1875,0,0.78361905,441.5625,1194.375,0,0.8656243,436.875,1386.5625,0,0.9548236,418.125,1452.1875,0,0.79753256,forward,174.44423313054102,1
1092,36.4364,254.9149990081787,,,,,,,,,,,,,,,,,,,,460.3125,1002.1875,0,0.7843601,441.5625,1194.375,0,0.87311924,436.875,1386.5625,0,0.95814204,418.125,1456.875,0,0.806654,forward,175.82495555631147,1
1093,36.469766666666665,256.0079097747803,,,,,,,,,,,,,,,,,,,,455.625,1002.1875,0,0.7882534,436.875,1189.6875,0,0.880044,436.875,1386.5625,0,0.9677616,418.125,1456.875,0,0.8076613,forward,174.28944570792999,1
1094,36.50313333333333,255.2032470703125,,,,,,,,,,,,,,,,,,,,450.9375,1002.1875,0,0.79634297,432.1875,1194.375,0,0.87409323,436.875,1386.5625,0,0.9698412,418.125,1456.875,0,0.8123014,forward,173.03060626752477,1
1095,36.536500000000004,254.87470626831055,,,,,,,,,,,,,,,,,,,,446.25,997.5,0,0.79547155,432.1875,1194.375,0,0.8791332,436.875,1386.5625,0,0.97186315,418.125,1456.875,0,0.8215165,forward,174.51723585889377,1
1096,36.56986666666667,255.0499439239502,,,,,,,,,,,,,,,,,,,,441.5625,1002.1875,0,0.8036005,427.5,1189.6875,0,0.87735933,432.1875,1386.5625,0,0.97674865,418.125,1456.875,0,0.821862,forward,174.34687888568655,1
1097,36.603233333333336,254.79674339294434,,,,,,,,,,,,,,,,,,,,432.1875,997.5,0,0.7991628,422.8125,1194.375,0,0.87909234,432.1875,1386.5625,0,0.97401154,418.125,1456.875,0,0.8169798,forward,174.48100475376097,1
1098,36.6366,254.31394577026367,,,,,,,,,,,,,,,,,,,,427.5,997.5,0,0.806009,418.125,1189.6875,0,0.8796661,432.1875,1381.875,0,0.9765994,418.125,1456.875,0,0.8138991,forward,173.0223927318464,1
1099,36.66996666666667,255.2649974822998,,,,,,,,,,,,,,,,,,,,422.8125,997.5,0,0.8151171,413.4375,1189.6875,0,0.87034214,432.1875,1381.875,0,0.9738059,418.125,1456.875,0,0.8092048,forward,171.63510175641605,1
1100,36.70333333333333,254.6522617340088,,,,,,,,,,,,,,,,,,,,418.125,997.5,0,0.8213323,413.4375,1194.375,0,0.879598,432.1875,1381.875,0,0.9731302,418.125,1456.875,0,0.8124511,forward,172.92548529138958,1
1101,36.7367,267.2560214996338,,,,,,,,,,,,,,,,,,,,413.4375,997.5,0,0.8310678,408.75,1194.375,0,0.882143,432.1875,1381.875,0,0.97334176,418.125,1456.875,0,0.8078432,forward,171.51105657517672,1
1102,36.770066666666665,262.6960277557373,,,,,,,,,,,,,,,,,,,,408.75,992.8125,0,0.8338914,408.75,1194.375,0,0.88116837,432.1875,1381.875,0,0.9672847,418.125,1456.875,0,0.80040365,forward,172.87497622682247,1
1103,36.80343333333333,258.450984954834,,,,,,,,,,,,,,,,,,,,408.75,997.5,0,0.8238783,408.75,1189.6875,0,0.87376904,432.1875,1377.1875,0,0.9584681,418.125,1456.875,0,0.7863135,forward,172.87497622682247,1
1104,36.836800000000004,256.817102432251,,,,,,,,,,,,,,,,,,,,408.75,992.8125,0,0.81927276,408.75,1189.6875,0,0.8755036,432.1875,1377.1875,0,0.9598776,418.125,1456.875,0,0.7893634,forward,172.87497622682247,1
1105,36.87016666666667,257.98892974853516,,,,,,,,,,,,,,,,,,,,404.0625,992.8125,0,0.8152329,408.75,1185.0,0,0.8557071,427.5,1372.5,0,0.9546023,422.8125,1456.875,0,0.79023886,forward,175.68661265359933,1
1106,36.903533333333336,256.9890022277832,,,,,,,,,,,,,,,,,,,,408.75,988.125,0,0.7945102,408.75,1180.3125,0,0.820911,427.5,1377.1875,0,0.93758875,422.8125,1452.1875,0,0.7742355,forward,174.5596834316142,1
1107,36.9369,260.36715507507324,,,,,,,,,,,,,,,,,,,,408.75,983.4375,0,0.8029078,404.0625,1175.625,0,0.81042886,427.5,1372.5,0,0.9455254,422.8125,1452.1875,0,0.8000326,forward,171.81383638686103,1
1108,36.97026666666667,260.58077812194824,,,,,,,,,,,,,,,,,,,,408.75,978.75,0,0.79826087,408.75,1180.3125,0,0.80566347,427.5,1372.5,0,0.9346168,422.8125,1452.1875,0,0.8169734,forward,174.4277489935633,1
1109,37.00363333333333,258.4991455078125,,,,,,,,,,,,,,,,,,,,408.75,969.375,0,0.8013747,408.75,1170.9375,0,0.79909724,427.5,1372.5,0,0.926252,427.5,1452.1875,0,0.83055186,forward,174.68544060816944,1
1110,37.037,252.26807594299316,,,,,,,,,,,,,,,,,,,,404.0625,964.6875,0,0.7932698,408.75,1170.9375,0,0.79753137,427.5,1377.1875,0,0.9159553,422.8125,1452.1875,0,0.8313601,forward,176.10755669615617,1
1111,37.070366666666665,252.00295448303223,,,,,,,,,,,,,,,,,,,,399.375,950.625,0,0.7802758,404.0625,1156.875,0,0.7462897,427.5,1363.125,0,0.8885708,422.8125,1452.1875,0,0.82205254,forward,174.81888709396756,1
1112,37.10373333333333,255.19084930419922,,,,,,,,,,,,,,,,,,,,404.0625,955.3125,0,0.76858413,408.75,1175.625,0,0.7362978,427.5,1381.875,0,0.8789694,418.125,1456.875,0,0.81600755,forward,176.02442856799445,1
1113,37.137100000000004,257.4431896209717,,,,,,,,,,,,,,,,,,,,399.375,950.625,0,0.7767676,413.4375,1170.9375,0,0.7375906,427.5,1386.5625,0,0.8789442,418.125,1456.875,0,0.8211472,forward,179.9208706299866,1
1114,37.17046666666667,252.26497650146484,,,,,,,,,,,,,,,,,,,,399.375,960.0,0,0.79254436,413.4375,1185.0,0,0.7604172,432.1875,1386.5625,0,0.88046336,422.8125,1456.875,0,0.82952917,forward,178.26178702606208,1
1115,37.203833333333336,251.33991241455078,,,,,,,,,,,,,,,,,,,,399.375,969.375,0,0.8063854,413.4375,1185.0,0,0.78222454,432.1875,1386.5625,0,0.8978715,418.125,1456.875,0,0.8219219,forward,178.4169915012736,1
1116,37.2372,254.57215309143066,,,,,,,,,,,,,,,,,,,,399.375,974.0625,0,0.81757593,408.75,1180.3125,0,0.82349217,427.5,1386.5625,0,0.9125094,418.125,1456.875,0,0.8311288,forward,177.40814134538158,1
1117,37.27056666666667,254.9571990966797,,,,,,,,,,,,,,,,,,,,399.375,974.0625,0,0.8278496,408.75,1180.3125,0,0.838521,427.5,1377.1875,0,0.91626936,422.8125,1456.875,0,0.83525205,forward,177.16227122100588,1
1118,37.30393333333333,255.67197799682617,,,,,,,,,,,,,,,,,,,,404.0625,978.75,0,0.8548177,413.4375,1180.3125,0,0.8798157,427.5,1377.1875,0,0.9284438,422.8125,1456.875,0,0.84160674,forward,178.57728438588674,1
1119,37.3373,254.4260025024414,,,,,,,,,,,,,,,,,,,,404.0625,978.75,0,0.8539833,413.4375,1175.625,0,0.88995814,427.5,1377.1875,0,0.91988194,422.8125,1456.875,0,0.82237506,forward,178.7354509548472,1
1120,37.370666666666665,255.20896911621094,,,,,,,,,,,,,,,,,,,,404.0625,983.4375,0,0.8524485,408.75,1180.3125,0,0.9051955,427.5,1377.1875,0,0.946117,422.8125,1452.1875,0,0.8147105,forward,175.92359396038805,1
1121,37.40403333333333,255.85699081420898,,,,,,,,,,,,,,,,,,,,408.75,988.125,0,0.8533112,408.75,1185.0,0,0.91980654,427.5,1377.1875,0,0.9543365,422.8125,1452.1875,0,0.79707676,forward,174.4277489935633,1
1122,37.437400000000004,254.32324409484863,,,,,,,,,,,,,,,,,,,,408.75,988.125,0,0.8479825,404.0625,1185.0,0,0.91751444,427.5,1377.1875,0,0.9599092,422.8125,1452.1875,0,0.8114878,forward,171.6831279809463,1
1123,37.47076666666667,262.1579170227051,,,,,,,,,,,,,,,,,,,,408.75,988.125,0,0.8504791,404.0625,1185.0,0,0.91194093,427.5,1377.1875,0,0.96151185,422.8125,1452.1875,0,0.80366737,forward,171.6831279809463,1
1124,37.504133333333336,255.1860809326172,,,,,,,,,,,,,,,,,,,,408.75,988.125,0,0.8448333,399.375,1185.0,0,0.89336056,427.5,1377.1875,0,0.9577267,422.8125,1452.1875,0,0.7978158,forward,168.9480329699609,1
1125,37.5375,256.2229633331299,,,,,,,,,,,,,,,,,,,,408.75,988.125,0,0.8370389,404.0625,1185.0,0,0.8797529,427.5,1377.1875,0,0.96873796,422.8125,1452.1875,0,0.7951257,forward,171.6831279809463,1
1126,37.57086666666667,253.67021560668945,,,,,,,,,,,,,,,,,,,,408.75,988.125,0,0.8329657,404.0625,1185.0,0,0.87782717,427.5,1381.875,0,0.9772174,422.8125,1452.1875,0,0.79518175,forward,171.8470975018621,1
1127,37.60423333333333,256.8230628967285,,,,,,,,,,,,,,,,,,,,413.4375,992.8125,0,0.8337654,408.75,1189.6875,0,0.8772913,427.5,1381.875,0,0.9738703,422.8125,1452.1875,0,0.7878057,forward,173.06383997299776,1
1128,37.6376,254.90093231201172,,,,,,,,,,,,,,,,,,,,418.125,997.5,0,0.82708585,408.75,1189.6875,0,0.8758289,427.5,1381.875,0,0.97455525,418.125,1452.1875,0,0.78462833,forward,171.63510175641605,1
1129,37.670966666666665,255.3551197052002,,,,,,,,,,,,,,,,,,,,422.8125,997.5,0,0.8216081,408.75,1189.6875,0,0.88435525,427.5,1381.875,0,0.9795694,422.8125,1452.1875,0,0.78543925,forward,170.24288634852283,1
1130,37.70433333333333,253.80778312683105,,,,,,,,,,,,,,,,,,,,422.8125,997.5,0,0.82161766,413.4375,1189.6875,0,0.8813615,427.5,1381.875,0,0.97863996,418.125,1452.1875,0,0.7850077,forward,173.0223927318464,1
1131,37.737700000000004,255.68485260009766,,,,,,,,,,,,,,,,,,,,427.5,1002.1875,0,0.82103294,418.125,1194.375,0,0.8835808,432.1875,1386.5625,0,0.9850521,418.125,1452.1875,0,0.78915894,forward,173.0223927318464,1
1132,37.77106666666667,256.4418315887451,,,,,,,,,,,,,,,,,,,,432.1875,997.5,0,0.8174536,422.8125,1194.375,0,0.88058484,432.1875,1386.5625,0,0.99128485,422.8125,1452.1875,0,0.79751277,forward,174.48100475376097,1
1133,37.804433333333336,255.845308303833,,,,,,,,,,,,,,,,,,,,436.875,997.5,0,0.8141142,422.8125,1194.375,0,0.8909519,432.1875,1386.5625,0,0.9937248,422.8125,1452.1875,0,0.7975935,forward,173.12168479427336,1
1134,37.8378,257.02977180480957,,,,,,,,,,,,,,,,,,,,450.9375,997.5,0,0.8051863,427.5,1194.375,0,0.8915793,432.1875,1386.5625,0,0.992378,422.8125,1452.1875,0,0.79573256,forward,171.81383638686103,1
1135,37.87116666666667,255.39183616638184,,,,,,,,,,,,,,,,,,,,455.625,1002.1875,0,0.79813856,432.1875,1194.375,0,0.8802825,432.1875,1386.5625,0,0.9880959,422.8125,1456.875,0,0.7948217,forward,173.04703409173982,1
1136,37.90453333333333,255.86295127868652,,,,,,,,,,,,,,,,,,,,460.3125,997.5,0,0.8039613,436.875,1194.375,0,0.8847858,432.1875,1386.5625,0,0.9895468,422.8125,1456.875,0,0.8067236,forward,174.60820311121648,1
1137,37.9379,254.82606887817383,,,,,,,,,,,,,,,,,,,,474.375,997.5,0,0.8054004,441.5625,1194.375,0,0.8882215,436.875,1386.5625,0,0.99152625,427.5,1452.1875,0,0.81101394,forward,171.93481270499694,1
1138,37.971266666666665,256.695032119751,,,,,,,,,,,,,,,,,,,,483.75,997.5,0,0.79493266,450.9375,1194.375,0,0.8708962,436.875,1386.5625,0,0.97962296,427.5,1456.875,0,0.805604,forward,174.72255108974696,1
1139,38.00463333333333,255.04684448242188,,,,,,,,,,,,,,,,,,,,493.125,997.5,0,0.7957994,460.3125,1189.6875,0,0.8784456,436.875,1386.5625,0,0.9881301,427.5,1456.875,0,0.8167136,forward,177.1002444423179,1
1140,38.038000000000004,255.09095191955566,,,,,,,,,,,,,,,,,,,,502.5,992.8125,0,0.7945442,469.6875,1189.6875,0,0.87463355,436.875,1386.5625,0,0.98251116,427.5,1456.875,0,0.8170333,forward,179.97202354488172,0
1141,38.07136666666667,255.34415245056152,,,,,,,,,,,,,,,,,,,,511.875,992.8125,0,0.79307216,479.0625,1189.6875,0,0.8736949,441.5625,1381.875,0,0.98148406,427.5,1456.875,0,0.8264141,forward,178.42144818168939,0
1142,38.104733333333336,255.53107261657715,,,,,,,,,,,,,,,,,,,,516.5625,988.125,0,0.78896344,488.4375,1189.6875,0,0.8693521,446.25,1377.1875,0,0.9627921,422.8125,1456.875,0,0.8197558,forward,175.26310407427178,0
1143,38.1381,255.45907020568848,,,,,,,,,,,,,,,,,,,,525.9375,988.125,0,0.78164816,502.5,1185.0,0,0.8679074,455.625,1372.5,0,0.9393791,422.8125,1456.875,0,0.817598,forward,172.7527522682084,0
1144,38.17146666666667,255.48100471496582,,,,,,,,,,,,,,,,,,,,530.625,988.125,0,0.77134967,516.5625,1185.0,0,0.85982597,460.3125,1372.5,0,0.91311854,432.1875,1456.875,0,0.80477345,forward,167.3863822407408,0
1145,38.20483333333333,255.10406494140625,,,,,,,,,,,,,,,,,,,,544.6875,983.4375,0,0.76023245,554.0625,1180.3125,0,0.849602,469.6875,1363.125,0,0.88412595,455.625,1456.875,0,0.7715955,forward,152.49855528055525,0
1146,38.2382,255.82098960876465,,,,,,,,,,,,,,,,,,,,549.375,978.75,0,0.7537133,582.1875,1166.25,0,0.8423979,488.4375,1344.375,0,0.85743123,483.75,1456.875,0,0.7594569,forward,142.3152142362539,0
1147,38.271566666666665,256.2906742095947,,,,,,,,,,,,,,,,,,,,549.375,978.75,0,0.7588057,610.3125,1161.5625,0,0.86648905,511.875,1320.9375,0,0.83695287,507.1875,1438.125,0,0.7152411,forward,129.8636179177447,0
1148,38.30493333333333,255.48124313354492,,,,,,,,,,,,,,,,,,,,549.375,974.0625,0,0.7353482,633.75,1138.125,0,0.8504828,540.0,1306.875,0,0.8576925,544.6875,1428.75,0,0.6773592,forward,123.729286094599,0
1149,38.338300000000004,256.20412826538086,,,,,,,,,,,,,,,,,,,,549.375,974.0625,0,0.75057554,652.5,1124.0625,0,0.85237586,558.75,1283.4375,0,0.8360802,572.8125,1410.0,0,0.6768868,forward,115.02593370994175,0
1150,38.37166666666667,258.04686546325684,,,,,,,,,,,,,,,,,,,,549.375,974.0625,0,0.74910927,671.25,1100.625,0,0.814181,582.1875,1283.4375,0,0.76988196,619.6875,1400.625,0,0.5990615,forward,110.10652988879193,0
1151,38.405033333333336,257.1830749511719,,,,,,,,,,,,,,,,,,,,549.375,969.375,0,0.7616253,675.9375,1081.875,0,0.8404914,619.6875,1302.1875,0,0.77369654,661.875,1414.6875,0,0.6478927,forward,117.31081845818204,0
1152,38.4384,256.756067276001,,,,,,,,,,,,,,,,,,,,554.0625,969.375,0,0.76083267,675.9375,1063.125,0,0.8298737,638.4375,1283.4375,0,0.81660306,685.3125,1367.8125,0,0.6718902,forward,117.90870045924446,0
1153,38.47176666666667,259.9070072174072,,,,,,,,,,,,,,,,,,,,549.375,960.0,0,0.7398579,680.625,1035.0,0,0.8335641,666.5625,1260.0,0,0.8198668,722.8125,1320.9375,0,0.71039844,forward,116.16854814980283,0
1154,38.50513333333333,258.39996337890625,,,,,,,,,,,,,,,,,,,,549.375,955.3125,0,0.7379401,680.625,1020.9375,0,0.8202394,694.6875,1245.9375,0,0.82074153,750.9375,1306.875,0,0.7183675,forward,120.14138540807274,0
1155,38.5385,257.5712203979492,,,,,,,,,,,,,,,,,,,,554.0625,945.9375,0,0.7330904,675.9375,997.5,0,0.78161,704.0625,1222.5,0,0.7872945,783.75,1278.75,0,0.67972755,forward,120.05711704562438,0
1156,38.571866666666665,257.1730613708496,,,,,,,,,,,,,,,,,,,,558.75,941.25,0,0.7365142,666.5625,978.75,0,0.7615019,699.375,1189.6875,0,0.75522876,779.0625,1255.3125,0,0.683633,forward,118.02081941008535,0
1157,38.60523333333333,257.6310634613037,,,,,,,,,,,,,,,,,,,,558.75,931.875,0,0.7363143,657.1875,974.0625,0,0.7429465,704.0625,1180.3125,0,0.75651634,779.0625,1241.25,0,0.6963247,forward,126.00285727632235,0
1158,38.638600000000004,255.19704818725586,,,,,,,,,,,,,,,,,,,,558.75,927.1875,0,0.75090444,638.4375,964.6875,0,0.6979002,704.0625,1161.5625,0,0.7207885,765.0,1222.5,0,0.70465636,forward,133.63607280991914,0
1159,38.67196666666667,252.08616256713867,,,,,,,,,,,,,,,,,,,,558.75,922.5,0,0.7546054,624.375,936.5625,0,0.6615404,690.0,1142.8125,0,0.7066764,750.9375,1203.75,0,0.69319755,forward,119.74488273330604,0
1160,38.705333333333336,252.55894660949707,,,,,,,,,,,,,,,,,,,,558.75,917.8125,0,0.7599429,605.625,922.5,0,0.60927886,661.875,1119.375,0,0.6409723,722.8125,1180.3125,0,0.60925233,forward,111.6559891183709,0
1161,38.7387,252.0751953125,,,,,,,,,,,,,,,,,,,,558.75,913.125,0,0.7568655,586.875,922.5,0,0.6034015,643.125,1100.625,0,0.6302304,690.0,1152.1875,0,0.592968,forward,125.96051913245826,0
1162,38.77206666666667,251.74498558044434,,,,,,,,,,,,,,,,,,,,563.4375,913.125,0,0.7588099,577.5,931.875,0,0.59731936,610.3125,1044.375,0,0.55591506,633.75,1114.6875,0,0.4671837,forward,159.3903053549207,0
1163,38.80543333333333,251.8291473388672,,,,,,,,,,,,,,,,,,,,572.8125,936.5625,0,0.7814926,596.25,1114.6875,0,0.61806047,600.9375,1095.9375,0,0.53067416,615.0,1147.5,0,0.49389017,forward,21.532101393882357,1
1164,38.8388,260.5891227722168,,,,,,,,,,,,,,,,,,,,572.8125,931.875,0,0.7701627,558.75,913.125,0,0.6033158,572.8125,1086.5625,0,0.6343366,572.8125,1156.875,0,0.5918418,forward,32.234434211673694,1
1165,38.872166666666665,264.58168029785156,,,,,,,,,,,,,,,,,,,,572.8125,941.25,0,0.7771596,540.0,913.125,0,0.67531276,554.0625,1081.875,0,0.6868763,554.0625,1156.875,0,0.5690776,forward,44.63506534957516,1
1166,38.90553333333333,257.5061321258545,,,,,,,,,,,,,,,,,,,,577.5,945.9375,0,0.7753794,516.5625,936.5625,0,0.69917744,530.625,1133.4375,0,0.80029774,516.5625,1208.4375,0,0.6982099,forward,77.1682205891783,1
1167,38.938900000000004,259.9978446960449,,,,,,,,,,,,,,,,,,,,572.8125,945.9375,0,0.78760254,493.125,950.625,0,0.8308785,516.5625,1156.875,0,0.8556417,507.1875,1227.1875,0,0.7039522,forward,86.88338691292047,1
1168,38.97226666666667,259.80186462402344,,,,,,,,,,,,,,,,,,,,572.8125,955.3125,0,0.7986837,479.0625,974.0625,0,0.8613777,507.1875,1189.6875,0,0.9026532,474.375,1250.625,0,0.6829837,forward,93.87852433106887,1
1169,39.005633333333336,260.6501579284668,,,,,,,,,,,,,,,,,,,,572.8125,964.6875,0,0.8053876,465.0,997.5,0,0.8888832,493.125,1213.125,0,0.9306925,427.5,1278.75,0,0.73956025,forward,99.4961051930668,1
1170,39.039,258.66198539733887,,,,,,,,,,,,,,,,,,,,568.125,969.375,0,0.81339395,450.9375,1020.9375,0,0.896292,479.0625,1231.875,0,0.9328563,404.0625,1302.1875,0,0.80502295,forward,106.15485062291135,1
1171,39.07236666666667,258.0149173736572,,,,,,,,,,,,,,,,,,,,568.125,969.375,0,0.80666596,455.625,1053.75,0,0.88121545,469.6875,1264.6875,0,0.9033569,404.0625,1339.6875,0,0.8235664,forward,123.05582190355967,1
1172,39.10573333333333,262.09378242492676,,,,,,,,,,,,,,,,,,,,563.4375,969.375,0,0.79227924,450.9375,1081.875,0,0.8717264,469.6875,1292.8125,0,0.8913445,404.0625,1367.8125,0,0.8001426,forward,129.92039115832063,1
1173,39.1391,262.9580497741699,,,,,,,,,,,,,,,,,,,,558.75,969.375,0,0.79229057,455.625,1105.3125,0,0.8977017,469.6875,1302.1875,0,0.9181447,404.0625,1386.5625,0,0.80429184,forward,138.7296752857141,1
1174,39.172466666666665,261.80124282836914,,,,,,,,,,,,,,,,,,,,558.75,974.0625,0,0.7905532,465.0,1124.0625,0,0.9011673,479.0625,1316.25,0,0.9161922,413.4375,1400.625,0,0.7697935,forward,143.80970126087425,1
1175,39.20583333333333,262.09187507629395,,,,,,,,,,,,,,,,,,,,558.75,978.75,0,0.78991324,474.375,1138.125,0,0.9123451,483.75,1335.0,0,0.90435225,427.5,1414.6875,0,0.7534567,forward,149.37641372108203,1
1176,39.239200000000004,262.53604888916016,,,,,,,,,,,,,,,,,,,,554.0625,978.75,0,0.79139197,483.75,1152.1875,0,0.90766823,497.8125,1335.0,0,0.9013711,446.25,1414.6875,0,0.74216205,forward,153.53339691447204,1
1177,39.27256666666667,262.1889114379883,,,,,,,,,,,,,,,,,,,,554.0625,978.75,0,0.79380447,493.125,1161.5625,0,0.8892218,511.875,1335.0,0,0.8794185,465.0,1428.75,0,0.74338394,forward,155.39486821817692,1
1178,39.305933333333336,262.6380920410156,,,,,,,,,,,,,,,,,,,,549.375,978.75,0,0.7923057,497.8125,1166.25,0,0.8702977,521.25,1330.3125,0,0.8926585,483.75,1424.0625,0,0.72799253,forward,156.49364633904673,1
1179,39.3393,263.1187438964844,,,,,,,,,,,,,,,,,,,,549.375,978.75,0,0.7920035,507.1875,1166.25,0,0.8542038,530.625,1335.0,0,0.88559115,493.125,1424.0625,0,0.7354382,forward,159.4124566428724,1
1180,39.37266666666667,262.39681243896484,,,,,,,,,,,,,,,,,,,,544.6875,978.75,0,0.79292476,516.5625,1166.25,0,0.84289885,530.625,1339.6875,0,0.8910478,502.5,1419.375,0,0.7332947,forward,166.83377380845207,1
1181,39.40603333333333,262.0663642883301,,,,,,,,,,,,,,,,,,,,544.6875,978.75,0,0.79873955,521.25,1170.9375,0,0.853567,540.0,1349.0625,0,0.8989296,507.1875,1424.0625,0,0.73157597,forward,167.03802296416356,1
1182,39.4394,262.53414154052734,,,,,,,,,,,,,,,,,,,,544.6875,978.75,0,0.7951544,525.9375,1170.9375,0,0.8547063,540.0,1353.75,0,0.90688527,507.1875,1424.0625,0,0.7106037,forward,170.02910168123924,1
1183,39.472766666666665,262.3410224914551,,,,,,,,,,,,,,,,,,,,540.0,983.4375,0,0.79987264,525.9375,1170.9375,0,0.8563436,544.6875,1353.75,0,0.9160254,507.1875,1419.375,0,0.7089193,forward,169.8548131409365,1
1184,39.50613333333333,262.2041702270508,,,,,,,,,,,,,,,,,,,,540.0,988.125,0,0.8007699,530.625,1170.9375,0,0.8546015,544.6875,1358.4375,0,0.9173976,507.1875,1424.0625,0,0.7139055,forward,172.7751476754725,1
1185,39.539500000000004,261.08407974243164,,,,,,,,,,,,,,,,,,,,535.3125,988.125,0,0.8044969,530.625,1170.9375,0,0.8527592,544.6875,1358.4375,0,0.9186621,502.5,1424.0625,0,0.7148498,forward,174.24200386316136,1
1186,39.57286666666667,262.12620735168457,,,,,,,,,,,,,,,,,,,,530.625,988.125,0,0.80276775,530.625,1170.9375,0,0.85118693,544.6875,1358.4375,0,0.9212766,507.1875,1419.375,0,0.7138035,forward,175.71083676017062,1
1187,39.606233333333336,262.0871067047119,,,,,,,,,,,,,,,,,,,,530.625,988.125,0,0.7991195,530.625,1170.9375,0,0.85706705,544.6875,1358.4375,0,0.9183849,507.1875,1419.375,0,0.7062887,forward,175.71083676017062,1
1188,39.6396,259.86289978027344,,,,,,,,,,,,,,,,,,,,525.9375,988.125,0,0.79965794,525.9375,1170.9375,0,0.8587204,544.6875,1358.4375,0,0.9221192,502.5,1419.375,0,0.7080054,forward,174.2894113865243,1
1189,39.67296666666667,261.0950469970703,,,,,,,,,,,,,,,,,,,,521.25,988.125,0,0.80074763,525.9375,1170.9375,0,0.8511206,544.6875,1358.4375,0,0.9222275,502.5,1419.375,0,0.7071344,forward,175.75822159168868,1
1190,39.70633333333333,262.8471851348877,,,,,,,,,,,,,,,,,,,,521.25,988.125,0,0.79933846,521.25,1170.9375,0,0.85814184,544.6875,1353.75,0,0.9192841,502.5,1419.375,0,0.70878637,forward,172.6942422156954,1
1191,39.7397,284.9118709564209,,,,,,,,,,,,,,,,,,,,516.5625,988.125,0,0.79943717,521.25,1170.9375,0,0.8546839,544.6875,1353.75,0,0.9210174,502.5,1419.375,0,0.7106062,forward,174.163026982573,1
1192,39.773066666666665,286.60082817077637,,,,,,,,,,,,,,,,,,,,516.5625,988.125,0,0.79788387,521.25,1166.25,0,0.85385334,544.6875,1353.75,0,0.9199961,502.5,1419.375,0,0.7202963,forward,174.3824220304554,1
1193,39.80643333333333,257.0068836212158,,,,,,,,,,,,,,,,,,,,516.5625,978.75,0,0.79722,516.5625,1161.5625,0,0.87649065,544.6875,1349.0625,0,0.90889585,502.5,1419.375,0,0.7384049,forward,171.46921591897305,1
1194,39.839800000000004,261.40880584716797,,,,,,,,,,,,,,,,,,,,516.5625,978.75,0,0.785087,516.5625,1161.5625,0,0.872398,544.6875,1353.75,0,0.8657571,497.8125,1414.6875,0,0.712384,forward,171.67434975052427,1
1195,39.87316666666667,258.41307640075684,,,,,,,,,,,,,,,,,,,,516.5625,978.75,0,0.7729219,521.25,1166.25,0,0.83158314,544.6875,1358.4375,0,0.80871993,497.8125,1424.0625,0,0.6671255,forward,174.4791585990659,1
1196,39.906533333333336,256.3977241516113,,,,,,,,,,,,,,,,,,,,511.875,978.75,0,0.766943,525.9375,1161.5625,0,0.770544,558.75,1353.75,0,0.72534597,507.1875,1419.375,0,0.5837134,forward,174.70994218141027,1
1197,39.9399,257.98606872558594,,,,,,,,,,,,,,,,,,,,511.875,978.75,0,0.7700567,516.5625,1161.5625,0,0.7571621,563.4375,1344.375,0,0.73882705,516.5625,1424.0625,0,0.60331714,forward,167.0874148841327,1
1198,39.97326666666667,257.25603103637695,,,,,,,,,,,,,,,,,,,,516.5625,974.0625,0,0.7745848,516.5625,1161.5625,0,0.76632833,554.0625,1344.375,0,0.75995934,516.5625,1428.75,0,0.6304954,forward,168.40782284182276,1
1199,40.00663333333333,261.22379302978516,,,,,,,,,,,,,,,,,,,,521.25,974.0625,0,0.76537406,521.25,1156.875,0,0.7607568,549.375,1344.375,0,0.7517451,511.875,1428.75,0,0.61503565,forward,171.46921591897305,1
1200,40.04,260.164737701416,,,,,,,,,,,,,,,,,,,,525.9375,974.0625,0,0.76852024,521.25,1161.5625,0,0.76759267,549.375,1363.125,0,0.7841389,502.5,1428.75,0,0.63268614,forward,170.62444869362497,1
1201,40.073366666666665,259.9201202392578,,,,,,,,,,,,,,,,,,,,530.625,969.375,0,0.7587004,521.25,1156.875,0,0.76357317,554.0625,1363.125,0,0.80028605,497.8125,1424.0625,0,0.65391856,forward,168.098118719488,1
1202,40.10673333333333,261.9128227233887,,,,,,,,,,,,,,,,,,,,530.625,964.6875,0,0.76435447,516.5625,1152.1875,0,0.7577545,554.0625,1358.4375,0,0.7772303,497.8125,1424.0625,0,0.66945994,forward,165.40599252527144,1
1203,40.140100000000004,259.4799995422363,,,,,,,,,,,,,,,,,,,,525.9375,964.6875,0,0.75926757,521.25,1156.875,0,0.7641136,554.0625,1363.125,0,0.82400596,493.125,1424.0625,0,0.7150394,forward,169.56332451152298,1
1204,40.17346666666667,267.6358222961426,,,,,,,,,,,,,,,,,,,,525.9375,960.0,0,0.7589973,525.9375,1161.5625,0,0.7421565,554.0625,1363.125,0,0.83983403,493.125,1424.0625,0,0.72678494,forward,172.0565317231163,1
1205,40.206833333333336,261.17491722106934,,,,,,,,,,,,,,,,,,,,521.25,955.3125,0,0.7722356,540.0,1161.5625,0,0.75979185,554.0625,1363.125,0,0.8644761,497.8125,1424.0625,0,0.738096,forward,178.79633986884312,0
1206,40.2402,268.94092559814453,,,,,,,,,,,,,,,,,,,,521.25,945.9375,0,0.76004404,540.0,1156.875,0,0.7464829,554.0625,1363.125,0,0.8548652,502.5,1424.0625,0,0.7314812,forward,178.82097823220275,0
1207,40.27356666666667,261.077880859375,,,,,,,,,,,,,,,,,,,,521.25,941.25,0,0.7608484,530.625,1156.875,0,0.74369556,554.0625,1363.125,0,0.8520412,502.5,1424.0625,0,0.715945,forward,176.00644086816092,1
1208,40.30693333333333,258.70609283447266,,,,,,,,,,,,,,,,,,,,521.25,955.3125,0,0.7692671,521.25,1166.25,0,0.741506,554.0625,1363.125,0,0.84551513,502.5,1424.0625,0,0.6939962,forward,170.53767942849993,1
1209,40.3403,257.05909729003906,,,,,,,,,,,,,,,,,,,,521.25,955.3125,0,0.75702786,525.9375,1170.9375,0,0.764103,554.0625,1363.125,0,0.86753345,502.5,1424.0625,0,0.7030777,forward,172.91972001530843,1
1210,40.373666666666665,256.6721439361572,,,,,,,,,,,,,,,,,,,,516.5625,964.6875,0,0.78929937,525.9375,1175.625,0,0.7747178,554.0625,1363.125,0,0.8816045,497.8125,1424.0625,0,0.71973073,forward,174.01401093316292,1
1211,40.40703333333333,256.17194175720215,,,,,,,,,,,,,,,,,,,,521.25,974.0625,0,0.80521,530.625,1170.9375,0,0.79037094,554.0625,1363.125,0,0.8739475,502.5,1424.0625,0,0.71845794,forward,175.77334659581672,1
1212,40.440400000000004,255.45716285705566,,,,,,,,,,,,,,,,,,,,516.5625,974.0625,0,0.81221473,525.9375,1170.9375,0,0.8312571,544.6875,1358.4375,0,0.85898244,502.5,1424.0625,0,0.7119498,forward,177.01574064608087,1
1213,40.47376666666667,255.0208568572998,,,,,,,,,,,,,,,,,,,,516.5625,978.75,0,0.80612963,521.25,1166.25,0,0.8229649,544.6875,1353.75,0,0.8667962,502.5,1419.375,0,0.7002119,forward,174.3070797786766,1
1214,40.507133333333336,256.519079208374,,,,,,,,,,,,,,,,,,,,516.5625,983.4375,0,0.79515576,521.25,1161.5625,0,0.8480017,549.375,1349.0625,0,0.87906605,502.5,1414.6875,0,0.6855011,forward,172.97669086375942,1
1215,40.5405,256.1209201812744,,,,,,,,,,,,,,,,,,,,516.5625,988.125,0,0.7938306,521.25,1161.5625,0,0.85286593,549.375,1344.375,0,0.86781585,507.1875,1414.6875,0,0.65819746,forward,172.80197192249148,1
1216,40.57386666666667,257.3978900909424,,,,,,,,,,,,,,,,,,,,516.5625,988.125,0,0.8038903,521.25,1166.25,0,0.8569922,549.375,1353.75,0,0.8971216,507.1875,1419.375,0,0.6795632,forward,172.97669086375942,1
1217,40.60723333333333,255.48791885375977,,,,,,,,,,,,,,,,,,,,521.25,988.125,0,0.8069955,521.25,1170.9375,0,0.85684276,549.375,1358.4375,0,0.9112489,507.1875,1419.375,0,0.6776829,forward,171.46921591897305,1
1218,40.6406,256.9739818572998,,,,,,,,,,,,,,,,,,,,521.25,988.125,0,0.7927817,521.25,1170.9375,0,0.85405135,549.375,1358.4375,0,0.9121738,502.5,1419.375,0,0.6859679,forward,171.46921591897305,1
1219,40.673966666666665,252.3047924041748,,,,,,,,,,,,,,,,,,,,525.9375,988.125,0,0.7967684,525.9375,1170.9375,0,0.8520112,549.375,1358.4375,0,0.90875816,502.5,1419.375,0,0.68995035,forward,172.87497622682247,1
1220,40.70733333333333,252.6538372039795,,,,,,,,,,,,,,,,,,,,525.9375,988.125,0,0.8043974,525.9375,1170.9375,0,0.84995353,549.375,1358.4375,0,0.91059494,497.8125,1424.0625,0,0.6893082,forward,172.87497622682247,1
1221,40.740700000000004,257.4200630187988,,,,,,,,,,,,,,,,,,,,535.3125,992.8125,0,0.7990474,525.9375,1175.625,0,0.84762466,544.6875,1358.4375,0,0.9145886,497.8125,1424.0625,0,0.6903126,forward,171.2082630519291,1
1222,40.77406666666667,257.4470043182373,,,,,,,,,,,,,,,,,,,,535.3125,997.5,0,0.801363,530.625,1175.625,0,0.8449024,549.375,1358.4375,0,0.91719854,502.5,1419.375,0,0.69257927,forward,172.6365675879971,1
1223,40.807433333333336,255.4171085357666,,,,,,,,,,,,,,,,,,,,544.6875,997.5,0,0.7993037,535.3125,1175.625,0,0.8490279,549.375,1358.4375,0,0.9131684,502.5,1419.375,0,0.69596046,forward,172.58851984383543,1
1224,40.8408,252.90393829345703,,,,,,,,,,,,,,,,,,,,549.375,992.8125,0,0.788468,540.0,1180.3125,0,0.8485654,549.375,1358.4375,0,0.9122873,502.5,1419.375,0,0.69651127,forward,174.1248359614024,1
1225,40.87416666666667,255.8119297027588,,,,,,,,,,,,,,,,,,,,554.0625,992.8125,0,0.7847874,544.6875,1175.625,0,0.8486857,549.375,1358.4375,0,0.90882885,502.5,1419.375,0,0.6976011,forward,175.59548911290256,1
1226,40.90753333333333,255.17702102661133,,,,,,,,,,,,,,,,,,,,563.4375,992.8125,0,0.7769593,549.375,1175.625,0,0.8511045,549.375,1358.4375,0,0.9092854,502.5,1419.375,0,0.69290465,forward,175.60131837687797,1
1227,40.9409,254.57406044006348,,,,,,,,,,,,,,,,,,,,568.125,992.8125,0,0.7783652,549.375,1180.3125,0,0.853284,549.375,1358.4375,0,0.9046758,502.5,1419.375,0,0.6999879,forward,174.28937706532417,1
1228,40.974266666666665,254.4550895690918,,,,,,,,,,,,,,,,,,,,572.8125,988.125,0,0.7818599,554.0625,1180.3125,0,0.85932994,554.0625,1358.4375,0,0.90282595,502.5,1419.375,0,0.7026423,forward,174.42778416425415,1
1229,41.00763333333333,255.09309768676758,,,,,,,,,,,,,,,,,,,,577.5,988.125,0,0.7781862,554.0625,1175.625,0,0.8585627,554.0625,1353.75,0,0.9066474,502.5,1419.375,0,0.7174513,forward,172.87497622682247,1
1230,41.041000000000004,255.64885139465332,,,,,,,,,,,,,,,,,,,,582.1875,988.125,0,0.77191615,549.375,1175.625,0,0.8656111,554.0625,1344.375,0,0.89592075,507.1875,1424.0625,0,0.72182643,forward,168.48260188146762,1
1231,41.07436666666667,254.29081916809082,,,,,,,,,,,,,,,,,,,,582.1875,988.125,0,0.7642453,544.6875,1170.9375,0,0.8651299,563.4375,1335.0,0,0.87504965,511.875,1419.375,0,0.7180637,forward,161.8880358934075,1
1232,41.107733333333336,253.9989948272705,,,,,,,,,,,,,,,,,,,,591.5625,988.125,0,0.772195,540.0,1166.25,0,0.88060117,572.8125,1330.3125,0,0.8742163,516.5625,1419.375,0,0.7264354,forward,152.54571762572476,1
1233,41.1411,254.98485565185547,,,,,,,,,,,,,,,,,,,,591.5625,988.125,0,0.7777317,535.3125,1161.5625,0,0.894603,577.5,1325.625,0,0.87485373,530.625,1419.375,0,0.725787,forward,147.6100844040937,1
1234,41.17446666666667,255.41400909423828,,,,,,,,,,,,,,,,,,,,591.5625,988.125,0,0.78501546,535.3125,1156.875,0,0.8967328,582.1875,1325.625,0,0.8726219,535.3125,1428.75,0,0.74556947,forward,146.0409433323972,1
1235,41.20783333333333,254.14490699768066,,,,,,,,,,,,,,,,,,,,591.5625,983.4375,0,0.78640175,535.3125,1152.1875,0,0.89922667,572.8125,1339.6875,0,0.86456954,540.0,1438.125,0,0.72835314,forward,150.25512052066827,1
1236,41.2412,255.19895553588867,,,,,,,,,,,,,,,,,,,,596.25,978.75,0,0.7896607,540.0,1152.1875,0,0.90448093,558.75,1358.4375,0,0.8746393,544.6875,1447.5,0,0.7434753,forward,156.83642724123237,1
1237,41.274566666666665,256.03318214416504,,,,,,,,,,,,,,,,,,,,596.25,974.0625,0,0.7872398,549.375,1161.5625,0,0.8962543,535.3125,1372.5,0,0.9121196,549.375,1447.5,0,0.7521119,forward,169.77782091487794,1
1238,41.30793333333333,255.41996955871582,,,,,,,,,,,,,,,,,,,,600.9375,978.75,0,0.78927046,558.75,1166.25,0,0.8914132,521.25,1372.5,0,0.9024622,521.25,1447.5,0,0.7380545,forward,177.62438334026186,1
1239,41.341300000000004,254.5950412750244,,,,,,,,,,,,,,,,,,,,600.9375,978.75,0,0.7906076,558.75,1170.9375,0,0.8747138,511.875,1372.5,0,0.90286803,497.8125,1452.1875,0,0.74469787,forward,179.28893103145,0
1240,41.37466666666667,254.81796264648438,,,,,,,,,,,,,,,,,,,,600.9375,978.75,0,0.7893353,558.75,1170.9375,0,0.8741058,511.875,1372.5,0,0.90960485,483.75,1442.8125,0,0.7197455,forward,179.28893103145,0
1241,41.408033333333336,254.41598892211914,,,,,,,,,,,,,,,,,,,,600.9375,978.75,0,0.79349124,558.75,1170.9375,0,0.89143205,521.25,1372.5,0,0.9201305,469.6875,1428.75,0,0.695547,forward,178.15846210822528,1
1242,41.4414,271.5740203857422,,,,,,,,,,,,,,,,,,,,600.9375,978.75,0,0.7960528,558.75,1170.9375,0,0.8940707,516.5625,1372.5,0,0.9278589,474.375,1433.4375,0,0.70799124,forward,179.4408184990043,1
1243,41.47476666666667,256.7570209503174,,,,,,,,,,,,,,,,,,,,596.25,978.75,0,0.79820514,554.0625,1170.9375,0,0.8875548,516.5625,1372.5,0,0.92307925,488.4375,1442.8125,0,0.71165454,forward,178.15846210822528,1
1244,41.50813333333333,279.8280715942383,,,,,,,,,,,,,,,,,,,,596.25,978.75,0,0.7977723,549.375,1170.9375,0,0.89273083,511.875,1377.1875,0,0.917458,497.8125,1447.5,0,0.72252834,forward,176.59785780986255,1
1245,41.5415,266.787052154541,,,,,,,,,,,,,,,,,,,,591.5625,978.75,0,0.79208225,544.6875,1170.9375,0,0.8981009,511.875,1372.5,0,0.91898394,497.8125,1447.5,0,0.7442616,forward,175.5391948802752,1
1246,41.574866666666665,266.9522762298584,,,,,,,,,,,,,,,,,,,,591.5625,978.75,0,0.7898216,544.6875,1170.9375,0,0.89395034,507.1875,1372.5,0,0.91619337,497.8125,1452.1875,0,0.7524302,forward,176.83232086118664,1
1247,41.60823333333333,261.228084564209,,,,,,,,,,,,,,,,,,,,591.5625,978.75,0,0.78988373,540.0,1170.9375,0,0.9019569,507.1875,1372.5,0,0.91623175,497.8125,1452.1875,0,0.7491933,forward,174.22772484933805,1
1248,41.641600000000004,260.79797744750977,,,,,,,,,,,,,,,,,,,,586.875,978.75,0,0.78647196,540.0,1170.9375,0,0.8918439,507.1875,1377.1875,0,0.91505325,483.75,1452.1875,0,0.74784935,forward,175.33250855415665,1
1249,41.67496666666667,258.6066722869873,,,,,,,,,,,,,,,,,,,,582.1875,978.75,0,0.78212386,535.3125,1170.9375,0,0.89530396,502.5,1377.1875,0,0.91292715,479.0625,1452.1875,0,0.7481096,forward,175.33250855415665,1
1250,41.708333333333336,253.53717803955078,,,,,,,,,,,,,,,,,,,,582.1875,978.75,0,0.78155386,535.3125,1170.9375,0,0.8817909,497.8125,1372.5,0,0.907503,479.0625,1452.1875,0,0.751928,forward,176.83232086118664,1
1251,41.7417,255.4769515991211,,,,,,,,,,,,,,,,,,,,577.5,983.4375,0,0.7889035,530.625,1175.625,0,0.87049234,497.8125,1372.5,0,0.9114088,474.375,1452.1875,0,0.7588855,forward,175.7554060616032,1
1252,41.77506666666667,250.1816749572754,,,,,,,,,,,,,,,,,,,,572.8125,988.125,0,0.78593224,525.9375,1180.3125,0,0.86177033,493.125,1377.1875,0,0.9124043,474.375,1456.875,0,0.7575284,forward,175.7554060616032,1
1253,41.80843333333333,261.19303703308105,,,,,,,,,,,,,,,,,,,,568.125,988.125,0,0.7759516,525.9375,1180.3125,0,0.85255206,497.8125,1377.1875,0,0.9196805,474.375,1456.875,0,0.7605426,forward,175.74931981159872,1
1254,41.8418,252.8688907623291,,,,,,,,,,,,,,,,,,,,563.4375,988.125,0,0.78141844,521.25,1185.0,0,0.84458673,497.8125,1377.1875,0,0.9216616,474.375,1456.875,0,0.7644048,forward,174.8582150207138,1
1255,41.875166666666665,257.23814964294434,,,,,,,,,,,,,,,,,,,,558.75,992.8125,0,0.78476995,521.25,1185.0,0,0.8467934,502.5,1381.875,0,0.9163072,469.6875,1456.875,0,0.76239884,forward,174.39936804086528,1
1256,41.90853333333333,258.5749626159668,,,,,,,,,,,,,,,,,,,,549.375,992.8125,0,0.79138297,516.5625,1189.6875,0,0.84906787,502.5,1381.875,0,0.92092717,469.6875,1452.1875,0,0.75448936,forward,174.72255108974696,1
1257,41.941900000000004,254.61292266845703,,,,,,,,,,,,,,,,,,,,540.0,992.8125,0,0.78984046,511.875,1189.6875,0,0.8386438,502.5,1381.875,0,0.91870165,469.6875,1452.1875,0,0.74832135,forward,174.6626296052409,1
1258,41.97526666666667,253.7209987640381,,,,,,,,,,,,,,,,,,,,535.3125,992.8125,0,0.79941535,507.1875,1189.6875,0,0.84653443,502.5,1381.875,0,0.9179348,469.6875,1452.1875,0,0.74699974,forward,173.2670768651494,1
1259,42.008633333333336,256.44898414611816,,,,,,,,,,,,,,,,,,,,525.9375,992.8125,0,0.7991003,502.5,1189.6875,0,0.85196257,502.5,1381.875,0,0.92501974,469.6875,1452.1875,0,0.7549661,forward,173.21103231175366,1
1260,42.042,259.2639923095703,,,,,,,,,,,,,,,,,,,,521.25,988.125,0,0.7995404,497.8125,1185.0,0,0.86073935,497.8125,1381.875,0,0.93185616,469.6875,1452.1875,0,0.761443,forward,173.21103231175366,1
1261,42.07536666666667,261.2178325653076,,,,,,,,,,,,,,,,,,,,511.875,988.125,0,0.8021809,497.8125,1180.3125,0,0.8623941,497.8125,1381.875,0,0.9407203,474.375,1456.875,0,0.76353663,forward,175.8150696118924,1
1262,42.10873333333333,258.33916664123535,,,,,,,,,,,,,,,,,,,,507.1875,988.125,0,0.80921674,497.8125,1180.3125,0,0.8533123,497.8125,1381.875,0,0.9369577,474.375,1456.875,0,0.7645207,forward,177.20739868942135,1
1263,42.1421,252.70509719848633,,,,,,,,,,,,,,,,,,,,507.1875,992.8125,0,0.8036202,493.125,1180.3125,0,0.85848916,497.8125,1381.875,0,0.935604,474.375,1452.1875,0,0.7590073,forward,174.37858568967766,1
1264,42.175466666666665,258.70609283447266,,,,,,,,,,,,,,,,,,,,502.5,992.8125,0,0.80417794,493.125,1185.0,0,0.86709964,497.8125,1381.875,0,0.9351952,479.0625,1452.1875,0,0.76314986,forward,175.84338416668453,1
1265,42.20883333333333,262.94827461242676,,,,,,,,,,,,,,,,,,,,497.8125,997.5,0,0.8089716,488.4375,1185.0,0,0.88272977,497.8125,1381.875,0,0.9340892,479.0625,1452.1875,0,0.76172245,forward,174.41131332430288,1
1266,42.242200000000004,268.2309150695801,,,,,,,,,,,,,,,,,,,,493.125,997.5,0,0.8113141,488.4375,1185.0,0,0.88042533,493.125,1381.875,0,0.93643546,479.0625,1452.1875,0,0.75901324,forward,177.20396613160588,1
1267,42.27556666666667,252.97307968139648,,,,,,,,,,,,,,,,,,,,488.4375,997.5,0,0.8060928,483.75,1189.6875,0,0.87218654,493.125,1381.875,0,0.9354646,479.0625,1452.1875,0,0.76496834,forward,175.8101120001044,1
1268,42.308933333333336,253.00288200378418,,,,,,,,,,,,,,,,,,,,483.75,992.8125,0,0.8113618,483.75,1189.6875,0,0.8790374,493.125,1381.875,0,0.94105506,479.0625,1456.875,0,0.77330446,forward,177.2073285950814,1
1269,42.3423,251.65605545043945,,,,,,,,,,,,,,,,,,,,479.0625,992.8125,0,0.8078846,479.0625,1189.6875,0,0.8782044,493.125,1381.875,0,0.9297065,474.375,1456.875,0,0.7686626,forward,175.81511640972943,1
1270,42.37566666666667,253.0062198638916,,,,,,,,,,,,,,,,,,,,479.0625,992.8125,0,0.8098314,479.0625,1189.6875,0,0.88169026,493.125,1381.875,0,0.9313413,474.375,1456.875,0,0.7726531,forward,175.81511640972943,1
1271,42.40903333333333,252.55274772644043,,,,,,,,,,,,,,,,,,,,479.0625,992.8125,0,0.81012213,479.0625,1194.375,0,0.8811381,493.125,1381.875,0,0.93064916,474.375,1456.875,0,0.777701,forward,175.71083676017062,1
1272,42.4424,255.71489334106445,,,,,,,,,,,,,,,,,,,,474.375,997.5,0,0.813534,479.0625,1194.375,0,0.8840445,493.125,1381.875,0,0.9353138,474.375,1456.875,0,0.77987623,forward,177.07470412706567,1
1273,42.475766666666665,255.43999671936035,,,,,,,,,,,,,,,,,,,,474.375,997.5,0,0.8164152,474.375,1194.375,0,0.8824271,493.125,1381.875,0,0.9404142,474.375,1456.875,0,0.78098226,forward,174.28944570792999,1
1274,42.50913333333333,256.29496574401855,,,,,,,,,,,,,,,,,,,,474.375,997.5,0,0.8160763,474.375,1194.375,0,0.8837156,493.125,1381.875,0,0.9463129,474.375,1456.875,0,0.7857282,forward,174.28944570792999,1
1275,42.542500000000004,255.324125289917,,,,,,,,,,,,,,,,,,,,474.375,997.5,0,0.8123137,474.375,1194.375,0,0.88466066,493.125,1381.875,0,0.94096017,474.375,1456.875,0,0.7787807,forward,174.28944570792999,1
1276,42.57586666666667,256.06799125671387,,,,,,,,,,,,,,,,,,,,474.375,992.8125,0,0.8132668,474.375,1194.375,0,0.88923305,493.125,1381.875,0,0.9462135,479.0625,1456.875,0,0.78856367,forward,174.28937706532417,1
1277,42.609233333333336,257.29990005493164,,,,,,,,,,,,,,,,,,,,474.375,997.5,0,0.8103801,474.375,1194.375,0,0.891825,493.125,1381.875,0,0.93780017,479.0625,1456.875,0,0.78010374,forward,174.28944570792999,1
1278,42.6426,256.65807723999023,,,,,,,,,,,,,,,,,,,,479.0625,997.5,0,0.8156832,474.375,1194.375,0,0.89302963,493.125,1381.875,0,0.9390777,479.0625,1456.875,0,0.7803401,forward,172.92548529138958,1
1279,42.67596666666667,256.4852237701416,,,,,,,,,,,,,,,,,,,,479.0625,997.5,0,0.81258583,479.0625,1194.375,0,0.8869996,493.125,1381.875,0,0.9376538,474.375,1456.875,0,0.77959716,forward,175.71083676017062,1
1280,42.70933333333333,256.4890384674072,,,,,,,,,,,,,,,,,,,,483.75,997.5,0,0.81122696,479.0625,1194.375,0,0.8827641,493.125,1381.875,0,0.93399197,474.375,1456.875,0,0.77527004,forward,174.34687888568655,1
1281,42.7427,256.0548782348633,,,,,,,,,,,,,,,,,,,,483.75,997.5,0,0.8126048,483.75,1189.6875,0,0.88582945,493.125,1381.875,0,0.93764853,479.0625,1456.875,0,0.7698684,forward,177.2073285950814,1
1282,42.776066666666665,256.9582462310791,,,,,,,,,,,,,,,,,,,,488.4375,997.5,0,0.81692874,483.75,1189.6875,0,0.88428736,493.125,1381.875,0,0.9354721,474.375,1456.875,0,0.76533353,forward,175.8101120001044,1
1283,42.80943333333333,256.54006004333496,,,,,,,,,,,,,,,,,,,,493.125,997.5,0,0.81089514,483.75,1189.6875,0,0.8742676,493.125,1381.875,0,0.9375806,479.0625,1456.875,0,0.7704132,forward,174.41464572474075,1
1284,42.842800000000004,257.34806060791016,,,,,,,,,,,,,,,,,,,,497.8125,997.5,0,0.81161714,488.4375,1189.6875,0,0.872431,493.125,1381.875,0,0.93445283,479.0625,1456.875,0,0.76487267,forward,175.8101120001044,1
1285,42.87616666666667,256.6032409667969,,,,,,,,,,,,,,,,,,,,502.5,992.8125,0,0.80526316,488.4375,1189.6875,0,0.870857,493.125,1381.875,0,0.9322628,479.0625,1456.875,0,0.76635206,forward,174.51723585889377,1
1286,42.909533333333336,256.2596797943115,,,,,,,,,,,,,,,,,,,,507.1875,992.8125,0,0.8074628,493.125,1185.0,0,0.86505353,497.8125,1377.1875,0,0.93234575,479.0625,1456.875,0,0.76627517,forward,174.41790989026538,1
1287,42.9429,258.49390029907227,,,,,,,,,,,,,,,,,,,,507.1875,988.125,0,0.80341274,493.125,1185.0,0,0.8625423,497.8125,1377.1875,0,0.93661094,479.0625,1456.875,0,0.76755077,forward,174.51723585889377,1
1288,42.97626666666667,256.08134269714355,,,,,,,,,,,,,,,,,,,,511.875,988.125,0,0.7974644,497.8125,1185.0,0,0.86448705,497.8125,1377.1875,0,0.9366925,479.0625,1456.875,0,0.76681626,forward,175.91442836660678,1
1289,43.00963333333333,256.1452388763428,,,,,,,,,,,,,,,,,,,,511.875,988.125,0,0.7947031,497.8125,1185.0,0,0.8553542,497.8125,1377.1875,0,0.933997,474.375,1456.875,0,0.76722056,forward,175.91442836660678,1
1290,43.043,256.40416145324707,,,,,,,,,,,,,,,,,,,,516.5625,988.125,0,0.80065155,502.5,1185.0,0,0.86246574,497.8125,1377.1875,0,0.9394953,474.375,1456.875,0,0.7683997,forward,177.3116105753648,1
1291,43.076366666666665,256.9112777709961,,,,,,,,,,,,,,,,,,,,521.25,988.125,0,0.7977156,502.5,1185.0,0,0.86550045,502.5,1377.1875,0,0.9369235,474.375,1456.875,0,0.7647757,forward,174.5596834316142,1
1292,43.10973333333333,256.17218017578125,,,,,,,,,,,,,,,,,,,,530.625,988.125,0,0.79321146,507.1875,1189.6875,0,0.85252535,497.8125,1381.875,0,0.9351524,474.375,1456.875,0,0.7609676,forward,176.16023292403256,1
1293,43.143100000000004,256.1168670654297,,,,,,,,,,,,,,,,,,,,535.3125,988.125,0,0.79223764,507.1875,1189.6875,0,0.8523896,497.8125,1377.1875,0,0.9325714,474.375,1456.875,0,0.75820136,forward,174.91897119450783,1
1294,43.17646666666667,256.50691986083984,,,,,,,,,,,,,,,,,,,,535.3125,988.125,0,0.7866626,507.1875,1185.0,0,0.8469498,502.5,1377.1875,0,0.9223404,474.375,1456.875,0,0.75881374,forward,173.2670768651494,1
1295,43.209833333333336,257.6150894165039,,,,,,,,,,,,,,,,,,,,544.6875,988.125,0,0.79057324,507.1875,1180.3125,0,0.8525554,507.1875,1372.5,0,0.92189205,474.375,1456.875,0,0.7559526,forward,168.95908363699436,1
1296,43.2432,256.49285316467285,,,,,,,,,,,,,,,,,,,,544.6875,983.4375,0,0.7905798,507.1875,1175.625,0,0.8703722,516.5625,1372.5,0,0.9208908,479.0625,1456.875,0,0.77412987,forward,166.2327729567074,1
1297,43.27656666666667,256.50501251220703,,,,,,,,,,,,,,,,,,,,549.375,978.75,0,0.79226303,507.1875,1170.9375,0,0.893378,516.5625,1372.5,0,0.9350226,479.0625,1461.5625,0,0.7653911,forward,164.95623905757208,1
1298,43.30993333333333,255.3541660308838,,,,,,,,,,,,,,,,,,,,549.375,978.75,0,0.7890184,507.1875,1170.9375,0,0.8893417,511.875,1377.1875,0,0.93255985,488.4375,1461.5625,0,0.77137154,forward,166.31729336541616,1
1299,43.3433,255.4183006286621,,,,,,,,,,,,,,,,,,,,549.375,978.75,0,0.7888831,511.875,1170.9375,0,0.885247,497.8125,1381.875,0,0.91414464,497.8125,1466.25,0,0.760165,forward,172.77313849206146,1
1300,43.376666666666665,256.03389739990234,,,,,,,,,,,,,,,,,,,,558.75,978.75,0,0.7903667,516.5625,1180.3125,0,0.87796503,483.75,1386.5625,0,0.90477234,483.75,1470.9375,0,0.7608665,forward,177.21800318610616,1
1301,43.41003333333333,255.1131248474121,,,,,,,,,,,,,,,,,,,,558.75,974.0625,0,0.7910157,521.25,1175.625,0,0.87320954,479.0625,1381.875,0,0.9172931,469.6875,1466.25,0,0.7692882,forward,178.97913336454474,0
1302,43.443400000000004,255.10001182556152,,,,,,,,,,,,,,,,,,,,558.75,974.0625,0,0.7918197,516.5625,1175.625,0,0.8737371,479.0625,1381.875,0,0.9231171,460.3125,1461.5625,0,0.7689921,forward,178.48328090730683,1
1303,43.47676666666667,255.8610439300537,,,,,,,,,,,,,,,,,,,,558.75,978.75,0,0.79099786,516.5625,1175.625,0,0.8710555,483.75,1381.875,0,0.92742836,455.625,1456.875,0,0.7599764,forward,176.94475520126832,1
1304,43.510133333333336,327.32105255126953,,,,,,,,,,,,,,,,,,,,558.75,978.75,0,0.7887409,516.5625,1180.3125,0,0.8772757,488.4375,1386.5625,0,0.9240917,446.25,1456.875,0,0.7584157,forward,175.94367655133385,1
1305,43.5435,257.34782218933105,,,,,,,,,,,,,,,,,,,,554.0625,978.75,0,0.78924763,516.5625,1180.3125,0,0.8796947,488.4375,1381.875,0,0.92566156,446.25,1456.875,0,0.7778694,forward,177.40436808831774,1
1306,43.57686666666667,261.90710067749023,,,,,,,,,,,,,,,,,,,,554.0625,978.75,0,0.7856748,511.875,1180.3125,0,0.87530744,488.4375,1386.5625,0,0.9239011,450.9375,1461.5625,0,0.7750922,forward,174.66160172465385,1
1307,43.61023333333333,256.5770149230957,,,,,,,,,,,,,,,,,,,,554.0625,978.75,0,0.782239,511.875,1180.3125,0,0.87165904,488.4375,1381.875,0,0.92454445,455.625,1461.5625,0,0.7769977,forward,174.81106473264367,1
1308,43.6436,276.4449119567871,,,,,,,,,,,,,,,,,,,,554.0625,978.75,0,0.7891594,511.875,1175.625,0,0.87755513,488.4375,1377.1875,0,0.9315737,455.625,1461.5625,0,0.79391575,forward,174.53779065013651,1
1309,43.676966666666665,253.9961338043213,,,,,,,,,,,,,,,,,,,,549.375,978.75,0,0.78801197,507.1875,1170.9375,0,0.879982,488.4375,1377.1875,0,0.9272889,455.625,1456.875,0,0.7911155,forward,172.81364671267664,1
1310,43.71033333333333,256.788969039917,,,,,,,,,,,,,,,,,,,,549.375,978.75,0,0.7921388,507.1875,1170.9375,0,0.8753432,483.75,1377.1875,0,0.93001556,455.625,1456.875,0,0.78771645,forward,174.10229222548128,1
1311,43.743700000000004,263.77320289611816,,,,,,,,,,,,,,,,,,,,549.375,978.75,0,0.7873379,507.1875,1170.9375,0,0.8654463,483.75,1372.5,0,0.92800593,455.625,1452.1875,0,0.7837291,forward,174.25178152061355,1
1312,43.77706666666667,259.14502143859863,,,,,,,,,,,,,,,,,,,,544.6875,978.75,0,0.7902316,502.5,1175.625,0,0.8634393,483.75,1372.5,0,0.9312288,455.625,1452.1875,0,0.7816657,forward,173.34559766702301,1
1313,43.810433333333336,259.69982147216797,,,,,,,,,,,,,,,,,,,,544.6875,978.75,0,0.79554677,502.5,1175.625,0,0.86533284,479.0625,1372.5,0,0.9384678,455.625,1447.5,0,0.789153,forward,174.69418613238147,1
1314,43.8438,253.5862922668457,,,,,,,,,,,,,,,,,,,,540.0,983.4375,0,0.789732,502.5,1180.3125,0,0.85807395,474.375,1372.5,0,0.93803376,455.625,1452.1875,0,0.78576106,forward,177.5413032813893,1
1315,43.87716666666667,256.4859390258789,,,,,,,,,,,,,,,,,,,,535.3125,988.125,0,0.79258287,497.8125,1180.3125,0,0.84904116,474.375,1367.8125,0,0.93957806,455.625,1447.5,0,0.79563177,forward,176.08408321378872,1
1316,43.91053333333333,260.40196418762207,,,,,,,,,,,,,,,,,,,,530.625,983.4375,0,0.7950421,497.8125,1180.3125,0,0.8541806,479.0625,1372.5,0,0.9392359,455.625,1452.1875,0,0.7948258,forward,176.10982121458363,1
1317,43.9439,255.04708290100098,,,,,,,,,,,,,,,,,,,,525.9375,978.75,0,0.79913163,493.125,1180.3125,0,0.8629581,479.0625,1372.5,0,0.9477619,455.625,1452.1875,0,0.8058783,forward,174.9388300185191,1
1318,43.977266666666665,254.7130584716797,,,,,,,,,,,,,,,,,,,,521.25,983.4375,0,0.7963456,493.125,1180.3125,0,0.86304414,479.0625,1372.5,0,0.9478985,455.625,1452.1875,0,0.8046752,forward,176.05483818706398,1
1319,44.01063333333333,264.22977447509766,,,,,,,,,,,,,,,,,,,,516.5625,978.75,0,0.8006817,488.4375,1180.3125,0,0.8661789,479.0625,1377.1875,0,0.9482815,455.625,1452.1875,0,0.8078773,forward,174.78285836125028,1
1320,44.044000000000004,260.7841491699219,,,,,,,,,,,,,,,,,,,,511.875,978.75,0,0.81256044,488.4375,1180.3125,0,0.87323236,479.0625,1377.1875,0,0.9554332,455.625,1452.1875,0,0.8165879,forward,176.09384671516207,1
1321,44.07736666666667,258.0149173736572,,,,,,,,,,,,,,,,,,,,507.1875,983.4375,0,0.80727255,488.4375,1180.3125,0,0.8751439,479.0625,1372.5,0,0.94864583,455.625,1452.1875,0,0.81133807,forward,177.3524023269716,1
1322,44.110733333333336,256.46209716796875,,,,,,,,,,,,,,,,,,,,502.5,978.75,0,0.81109834,483.75,1180.3125,0,0.87791455,479.0625,1372.5,0,0.9533179,455.625,1452.1875,0,0.8179036,forward,176.0826832699825,1
1323,44.1441,259.1378688812256,,,,,,,,,,,,,,,,,,,,497.8125,988.125,0,0.81094265,483.75,1180.3125,0,0.870286,479.0625,1372.5,0,0.9499885,455.625,1447.5,0,0.81505084,forward,177.21230966947778,1
1324,44.17746666666667,260.7691287994385,,,,,,,,,,,,,,,,,,,,493.125,988.125,0,0.8126322,479.0625,1185.0,0,0.871388,474.375,1372.5,0,0.9556874,455.625,1452.1875,0,0.8147424,forward,177.34656818295284,1
1325,44.21083333333333,258.7010860443115,,,,,,,,,,,,,,,,,,,,488.4375,988.125,0,0.8167405,474.375,1185.0,0,0.87790257,474.375,1372.5,0,0.95456314,455.625,1447.5,0,0.81576955,forward,175.91442836660678,1
1326,44.2442,255.98430633544922,,,,,,,,,,,,,,,,,,,,479.0625,988.125,0,0.82171917,469.6875,1185.0,0,0.8876463,474.375,1372.5,0,0.9629597,455.625,1447.5,0,0.818017,forward,175.84159415133215,1
1327,44.277566666666665,256.76512718200684,,,,,,,,,,,,,,,,,,,,474.375,992.8125,0,0.82083,460.3125,1189.6875,0,0.8866102,474.375,1372.5,0,0.95784557,455.625,1447.5,0,0.81727767,forward,171.51568474537603,1
1328,44.31093333333333,254.86111640930176,,,,,,,,,,,,,,,,,,,,469.6875,992.8125,0,0.81579983,460.3125,1185.0,0,0.88409257,474.375,1372.5,0,0.955637,455.625,1452.1875,0,0.8182055,forward,172.91814092307587,1
1329,44.344300000000004,252.44903564453125,,,,,,,,,,,,,,,,,,,,465.0,992.8125,0,0.816237,455.625,1185.0,0,0.8868657,474.375,1372.5,0,0.9494672,455.625,1452.1875,0,0.8162333,forward,171.49670204284857,1
1330,44.37766666666667,251.4932155609131,,,,,,,,,,,,,,,,,,,,460.3125,992.8125,0,0.8109791,455.625,1189.6875,0,0.8830221,474.375,1372.5,0,0.9497037,455.625,1452.1875,0,0.81282526,forward,172.780037200063,1
1331,44.411033333333336,251.70016288757324,,,,,,,,,,,,,,,,,,,,455.625,992.8125,0,0.80674136,450.9375,1185.0,0,0.8731807,474.375,1372.5,0,0.9409891,455.625,1452.1875,0,0.805635,forward,171.47778435758306,1
1332,44.4444,255.27596473693848,,,,,,,,,,,,,,,,,,,,455.625,992.8125,0,0.81763494,450.9375,1185.0,0,0.8783437,474.375,1372.5,0,0.9464184,455.625,1452.1875,0,0.80786455,forward,171.47778435758306,1
1333,44.47776666666667,255.34296035766602,,,,,,,,,,,,,,,,,,,,455.625,992.8125,0,0.82005745,450.9375,1185.0,0,0.8779603,474.375,1372.5,0,0.94339395,455.625,1447.5,0,0.80164045,forward,171.47778435758306,1
1334,44.51113333333333,254.6558380126953,,,,,,,,,,,,,,,,,,,,450.9375,992.8125,0,0.8251236,450.9375,1189.6875,0,0.87539667,474.375,1372.5,0,0.945713,455.625,1452.1875,0,0.8109525,forward,172.6942690715127,1
1335,44.5445,256.2539577484131,,,,,,,,,,,,,,,,,,,,450.9375,992.8125,0,0.82010067,446.25,1189.6875,0,0.8705642,474.375,1372.5,0,0.93778443,455.625,1452.1875,0,0.80285335,forward,169.88990765148708,1
1336,44.577866666666665,256.5000057220459,,,,,,,,,,,,,,,,,,,,446.25,997.5,0,0.8227287,446.25,1189.6875,0,0.87052906,474.375,1372.5,0,0.9327551,455.625,1452.1875,0,0.8013139,forward,171.2538723299419,1
1337,44.61123333333333,252.26235389709473,,,,,,,,,,,,,,,,,,,,446.25,997.5,0,0.8236865,441.5625,1189.6875,0,0.8740579,474.375,1372.5,0,0.92854106,455.625,1447.5,0,0.8023374,forward,168.42731555262216,1
1338,44.644600000000004,249.9549388885498,,,,,,,,,,,,,,,,,,,,441.5625,992.8125,0,0.8237738,441.5625,1189.6875,0,0.8789218,474.375,1372.5,0,0.9266935,455.625,1452.1875,0,0.8013367,forward,169.8244960713304,1
1339,44.67796666666667,256.7789554595947,,,,,,,,,,,,,,,,,,,,441.5625,992.8125,0,0.82016087,441.5625,1189.6875,0,0.8782674,474.375,1372.5,0,0.9237902,455.625,1452.1875,0,0.79734755,forward,169.8244960713304,1
1340,44.711333333333336,254.0140151977539,,,,,,,,,,,,,,,,,,,,441.5625,997.5,0,0.8169271,441.5625,1189.6875,0,0.87751555,474.375,1372.5,0,0.9214484,455.625,1452.1875,0,0.7953402,forward,169.8244960713304,1
1341,44.7447,257.0669651031494,,,,,,,,,,,,,,,,,,,,441.5625,997.5,0,0.8159524,441.5625,1189.6875,0,0.87150645,474.375,1372.5,0,0.9227313,460.3125,1452.1875,0,0.7949938,forward,169.8244960713304,1
1342,44.77806666666667,253.70097160339355,,,,,,,,,,,,,,,,,,,,441.5625,997.5,0,0.815732,441.5625,1189.6875,0,0.8717482,474.375,1372.5,0,0.92369974,460.3125,1452.1875,0,0.7965425,forward,169.8244960713304,1
1343,44.81143333333333,255.52105903625488,,,,,,,,,,,,,,,,,,,,441.5625,997.5,0,0.8172537,441.5625,1189.6875,0,0.8788363,474.375,1372.5,0,0.9237666,455.625,1452.1875,0,0.7996329,forward,169.8244960713304,1
1344,44.8448,252.4130344390869,,,,,,,,,,,,,,,,,,,,441.5625,992.8125,0,0.8229493,441.5625,1189.6875,0,0.8781528,474.375,1372.5,0,0.92390287,455.625,1452.1875,0,0.7961087,forward,169.8244960713304,1
1345,44.878166666666665,253.46612930297852,,,,,,,,,,,,,,,,,,,,441.5625,992.8125,0,0.82398427,441.5625,1189.6875,0,0.8797216,474.375,1372.5,0,0.9284588,455.625,1452.1875,0,0.8001441,forward,169.8244960713304,1
1346,44.91153333333333,251.65915489196777,,,,,,,,,,,,,,,,,,,,446.25,992.8125,0,0.8205092,446.25,1189.6875,0,0.8799732,474.375,1372.5,0,0.9303638,455.625,1452.1875,0,0.79595125,forward,171.2538723299419,1
1347,44.944900000000004,255.1579475402832,,,,,,,,,,,,,,,,,,,,446.25,992.8125,0,0.81793666,446.25,1185.0,0,0.87751746,474.375,1372.5,0,0.92654663,455.625,1452.1875,0,0.79493356,forward,171.46923894095897,1
1348,44.97826666666667,255.79309463500977,,,,,,,,,,,,,,,,,,,,450.9375,988.125,0,0.8168278,446.25,1185.0,0,0.8754989,474.375,1372.5,0,0.92916775,455.625,1452.1875,0,0.79296786,forward,170.10528608133666,1
1349,45.011633333333336,255.5520534515381,,,,,,,,,,,,,,,,,,,,450.9375,992.8125,0,0.81675315,446.25,1185.0,0,0.87561285,469.6875,1372.5,0,0.9295088,455.625,1452.1875,0,0.790326,forward,171.47778435758306,1
1350,45.045,251.76024436950684,,,,,,,,,,,,,,,,,,,,455.625,992.8125,0,0.8180784,450.9375,1189.6875,0,0.87852407,469.6875,1372.5,0,0.93370634,455.625,1452.1875,0,0.79302204,forward,172.780037200063,1
1351,45.07836666666667,266.3266658782959,,,,,,,,,,,,,,,,,,,,455.625,992.8125,0,0.81360394,450.9375,1185.0,0,0.8749641,474.375,1372.5,0,0.93624914,455.625,1452.1875,0,0.7932067,forward,171.47778435758306,1
1352,45.11173333333333,254.14395332336426,,,,,,,,,,,,,,,,,,,,455.625,992.8125,0,0.8149632,455.625,1185.0,0,0.8831947,474.375,1372.5,0,0.93677926,455.625,1452.1875,0,0.7950517,forward,174.2894113865243,1
1353,45.1451,257.20691680908203,,,,,,,,,,,,,,,,,,,,460.3125,992.8125,0,0.81381357,450.9375,1185.0,0,0.884114,474.375,1372.5,0,0.93874925,455.625,1452.1875,0,0.79443467,forward,170.08229854702824,1
1354,45.178466666666665,258.80980491638184,,,,,,,,,,,,,,,,,,,,465.0,992.8125,0,0.8160337,455.625,1185.0,0,0.88563085,474.375,1372.5,0,0.94549274,455.625,1452.1875,0,0.7978149,forward,171.49670204284857,1
1355,45.21183333333333,259.4912052154541,,,,,,,,,,,,,,,,,,,,469.6875,992.8125,0,0.81523895,460.3125,1185.0,0,0.8866363,474.375,1372.5,0,0.94956493,460.3125,1452.1875,0,0.7979828,forward,172.91814092307587,1
1356,45.245200000000004,252.73489952087402,,,,,,,,,,,,,,,,,,,,474.375,992.8125,0,0.8167168,465.0,1185.0,0,0.89114684,474.375,1372.5,0,0.95132935,460.3125,1452.1875,0,0.80095863,forward,174.34493775106435,1
1357,45.27856666666667,252.349853515625,,,,,,,,,,,,,,,,,,,,479.0625,992.8125,0,0.81766236,465.0,1185.0,0,0.89316535,474.375,1372.5,0,0.94782925,460.3125,1452.1875,0,0.8001082,forward,172.95268391315787,1
1358,45.311933333333336,251.60717964172363,,,,,,,,,,,,,,,,,,,,483.75,992.8125,0,0.81666815,469.6875,1185.0,0,0.88903177,474.375,1372.5,0,0.949018,460.3125,1452.1875,0,0.8018769,forward,174.38301515249367,1
1359,45.3453,267.98200607299805,,,,,,,,,,,,,,,,,,,,488.4375,992.8125,0,0.81583667,474.375,1180.3125,0,0.88425887,474.375,1372.5,0,0.94612396,460.3125,1452.1875,0,0.7990416,forward,175.71083676017062,1
1360,45.37866666666667,268.32008361816406,,,,,,,,,,,,,,,,,,,,493.125,988.125,0,0.8145174,479.0625,1180.3125,0,0.8876996,474.375,1372.5,0,0.950842,460.3125,1452.1875,0,0.8001763,forward,177.21230966947778,1
1361,45.41203333333333,253.8621425628662,,,,,,,,,,,,,,,,,,,,502.5,988.125,0,0.81483096,483.75,1180.3125,0,0.88909554,474.375,1377.1875,0,0.9443805,455.625,1452.1875,0,0.7924061,forward,177.15407426250212,1
1362,45.4454,251.9068717956543,,,,,,,,,,,,,,,,,,,,502.5,988.125,0,0.8109901,483.75,1180.3125,0,0.8852286,474.375,1372.5,0,0.94525397,455.625,1452.1875,0,0.79830843,forward,177.22053737858351,1
1363,45.478766666666665,254.6370029449463,,,,,,,,,,,,,,,,,,,,507.1875,983.4375,0,0.81039464,488.4375,1180.3125,0,0.87913454,474.375,1372.5,0,0.9432998,455.625,1447.5,0,0.79890275,forward,178.74461427967762,1
1364,45.51213333333333,255.55801391601562,,,,,,,,,,,,,,,,,,,,507.1875,983.4375,0,0.8055847,488.4375,1180.3125,0,0.88018024,474.375,1372.5,0,0.94326353,455.625,1452.1875,0,0.7948141,forward,178.74461427967762,1
1365,45.545500000000004,254.8198699951172,,,,,,,,,,,,,,,,,,,,511.875,988.125,0,0.803944,493.125,1180.3125,0,0.87689215,474.375,1372.5,0,0.94532454,455.625,1452.1875,0,0.7980752,forward,179.97202354488172,1
1366,45.57886666666667,255.11693954467773,,,,,,,,,,,,,,,,,,,,511.875,988.125,0,0.8058986,493.125,1180.3125,0,0.88099134,479.0625,1372.5,0,0.94199705,455.625,1452.1875,0,0.79762065,forward,178.61280219235852,1
1367,45.612233333333336,257.9760551452637,,,,,,,,,,,,,,,,,,,,516.5625,983.4375,0,0.80592036,493.125,1180.3125,0,0.87244904,479.0625,1372.5,0,0.94577503,455.625,1452.1875,0,0.79835343,forward,177.39593581897725,1
1368,45.6456,255.8588981628418,,,,,,,,,,,,,,,,,,,,521.25,983.4375,0,0.8020936,493.125,1180.3125,0,0.86816525,479.0625,1372.5,0,0.93961704,455.625,1452.1875,0,0.79676795,forward,176.05483818706398,1
1369,45.67896666666667,256.0539245605469,,,,,,,,,,,,,,,,,,,,525.9375,988.125,0,0.7995242,493.125,1180.3125,0,0.86495936,479.0625,1377.1875,0,0.93569845,455.625,1452.1875,0,0.7887851,forward,174.39684911537597,1
1370,45.71233333333333,254.7438144683838,,,,,,,,,,,,,,,,,,,,525.9375,988.125,0,0.8067224,493.125,1180.3125,0,0.8701227,479.0625,1377.1875,0,0.93612343,455.625,1452.1875,0,0.78941375,forward,174.39684911537597,1
1371,45.7457,253.464937210083,,,,,,,,,,,,,,,,,,,,530.625,983.4375,0,0.79918736,493.125,1180.3125,0,0.86467564,479.0625,1377.1875,0,0.9351463,455.625,1452.1875,0,0.7875634,forward,173.30133161598886,1
1372,45.779066666666665,254.12821769714355,,,,,,,,,,,,,,,,,,,,530.625,983.4375,0,0.79856706,497.8125,1175.625,0,0.87071633,479.0625,1372.5,0,0.9354596,455.625,1452.1875,0,0.78718543,forward,175.75157808565865,1
1373,45.81243333333333,251.2979507446289,,,,,,,,,,,,,,,,,,,,530.625,978.75,0,0.79891247,497.8125,1175.625,0,0.8785993,474.375,1372.5,0,0.9305091,455.625,1452.1875,0,0.78377044,forward,177.3265783142941,1
1374,45.845800000000004,252.70509719848633,,,,,,,,,,,,,,,,,,,,530.625,978.75,0,0.8019799,493.125,1175.625,0,0.87620234,474.375,1372.5,0,0.93781096,455.625,1452.1875,0,0.7813568,forward,174.65602524125575,1
1375,45.87916666666667,253.6330223083496,,,,,,,,,,,,,,,,,,,,530.625,978.75,0,0.80259097,493.125,1175.625,0,0.87663543,474.375,1372.5,0,0.93928945,450.9375,1452.1875,0,0.7839231,forward,174.65602524125575,1
1376,45.912533333333336,254.32610511779785,,,,,,,,,,,,,,,,,,,,535.3125,978.75,0,0.7998148,493.125,1175.625,0,0.88096184,474.375,1372.5,0,0.9406762,450.9375,1452.1875,0,0.78460234,forward,173.34559766702301,1
1377,45.9459,255.27405738830566,,,,,,,,,,,,,,,,,,,,530.625,978.75,0,0.7979094,493.125,1175.625,0,0.8805666,474.375,1372.5,0,0.93809664,450.9375,1452.1875,0,0.7817944,forward,174.65602524125575,1
1378,45.97926666666667,256.82711601257324,,,,,,,,,,,,,,,,,,,,530.625,978.75,0,0.7971586,493.125,1170.9375,0,0.8794328,474.375,1367.8125,0,0.93721855,450.9375,1452.1875,0,0.787091,forward,174.39936804086528,1
1379,46.01263333333333,255.92827796936035,,,,,,,,,,,,,,,,,,,,530.625,978.75,0,0.79851073,493.125,1170.9375,0,0.88339794,474.375,1367.8125,0,0.9350809,450.9375,1447.5,0,0.7895254,forward,174.39936804086528,1
1380,46.046,262.6368999481201,,,,,,,,,,,,,,,,,,,,530.625,978.75,0,0.8015817,493.125,1170.9375,0,0.8798307,474.375,1367.8125,0,0.9373019,450.9375,1447.5,0,0.78999543,forward,174.39936804086528,1
1381,46.079366666666665,257.3838233947754,,,,,,,,,,,,,,,,,,,,530.625,978.75,0,0.80134904,493.125,1175.625,0,0.8731558,474.375,1367.8125,0,0.9312432,450.9375,1447.5,0,0.7860536,forward,174.78781826099498,1
1382,46.11273333333333,256.087064743042,,,,,,,,,,,,,,,,,,,,530.625,983.4375,0,0.8018466,488.4375,1175.625,0,0.87896794,469.6875,1372.5,0,0.9350276,450.9375,1447.5,0,0.78558147,forward,173.05959937860075,1
1383,46.146100000000004,254.241943359375,,,,,,,,,,,,,,,,,,,,525.9375,983.4375,0,0.7977023,493.125,1175.625,0,0.8854412,469.6875,1372.5,0,0.9382438,450.9375,1447.5,0,0.78849316,forward,177.1002444423179,1
1384,46.17946666666667,255.52105903625488,,,,,,,,,,,,,,,,,,,,525.9375,983.4375,0,0.7979466,488.4375,1175.625,0,0.8822316,469.6875,1372.5,0,0.9439893,450.9375,1447.5,0,0.78995323,forward,174.39936804086528,1
1385,46.212833333333336,251.0819435119629,,,,,,,,,,,,,,,,,,,,525.9375,978.75,0,0.8025089,488.4375,1175.625,0,0.8879024,469.6875,1372.5,0,0.9426006,450.9375,1447.5,0,0.7840773,forward,174.65602524125575,1
1386,46.2462,257.40790367126465,,,,,,,,,,,,,,,,,,,,521.25,978.75,0,0.8080692,488.4375,1180.3125,0,0.88627756,469.6875,1372.5,0,0.94953907,450.9375,1447.5,0,0.79050744,forward,176.3260290510278,1
1387,46.27956666666667,252.49385833740234,,,,,,,,,,,,,,,,,,,,516.5625,983.4375,0,0.8109628,488.4375,1180.3125,0,0.8848891,469.6875,1377.1875,0,0.9511974,450.9375,1447.5,0,0.79312074,forward,177.31022753598617,1
1388,46.31293333333333,253.87096405029297,,,,,,,,,,,,,,,,,,,,516.5625,983.4375,0,0.80685997,488.4375,1180.3125,0,0.88675016,469.6875,1377.1875,0,0.94579846,450.9375,1447.5,0,0.78528076,forward,177.31022753598617,1
1389,46.3463,261.89422607421875,,,,,,,,,,,,,,,,,,,,511.875,983.4375,0,0.81268686,488.4375,1180.3125,0,0.89090586,469.6875,1377.1875,0,0.9544052,450.9375,1447.5,0,0.78716254,forward,178.65128319460092,1
1390,46.379666666666665,254.62603569030762,,,,,,,,,,,,,,,,,,,,507.1875,983.4375,0,0.806937,483.75,1180.3125,0,0.8908019,469.6875,1377.1875,0,0.95240724,450.9375,1447.5,0,0.78394216,forward,177.2966532407651,1
1391,46.41303333333333,257.26985931396484,,,,,,,,,,,,,,,,,,,,507.1875,978.75,0,0.8117462,483.75,1180.3125,0,0.8910912,469.6875,1377.1875,0,0.9495784,450.9375,1452.1875,0,0.7849635,forward,177.45316447198348,1
1392,46.446400000000004,257.0037841796875,,,,,,,,,,,,,,,,,,,,502.5,988.125,0,0.8046522,479.0625,1180.3125,0,0.8866042,465.0,1377.1875,0,0.9475317,450.9375,1447.5,0,0.78253305,forward,177.13262597424574,1
1393,46.47976666666667,255.64885139465332,,,,,,,,,,,,,,,,,,,,497.8125,988.125,0,0.8103827,479.0625,1180.3125,0,0.8871293,465.0,1377.1875,0,0.9509631,450.9375,1447.5,0,0.784801,forward,178.5133841515521,1
1394,46.513133333333336,256.378173828125,,,,,,,,,,,,,,,,,,,,493.125,988.125,0,0.8145235,474.375,1180.3125,0,0.8949258,469.6875,1377.1875,0,0.9526408,450.9375,1447.5,0,0.78837836,forward,175.79168922042294,1
1395,46.5465,252.29382514953613,,,,,,,,,,,,,,,,,,,,493.125,988.125,0,0.81456876,474.375,1180.3125,0,0.8963602,469.6875,1377.1875,0,0.95172364,450.9375,1447.5,0,0.78875035,forward,175.79168922042294,1
1396,46.57986666666667,253.35121154785156,,,,,,,,,,,,,,,,,,,,483.75,988.125,0,0.8187639,469.6875,1180.3125,0,0.90031004,465.0,1377.1875,0,0.9547181,450.9375,1447.5,0,0.79051423,forward,177.1790140736625,1
1397,46.61323333333333,252.00915336608887,,,,,,,,,,,,,,,,,,,,479.0625,988.125,0,0.8265312,469.6875,1180.3125,0,0.89819336,465.0,1377.1875,0,0.9598783,450.9375,1447.5,0,0.7894127,forward,178.5712451223722,1
1398,46.6466,268.1400775909424,,,,,,,,,,,,,,,,,,,,474.375,992.8125,0,0.8207134,465.0,1185.0,0,0.8949695,465.0,1377.1875,0,0.95773435,446.25,1447.5,0,0.78451943,forward,177.2073285950814,1
1399,46.679966666666665,256.46519660949707,,,,,,,,,,,,,,,,,,,,469.6875,988.125,0,0.8254337,460.3125,1180.3125,0,0.89444077,465.0,1377.1875,0,0.96356595,446.25,1447.5,0,0.78679466,forward,175.84338416668453,1
1400,46.71333333333333,255.21302223205566,,,,,,,,,,,,,,,,,,,,469.6875,997.5,0,0.82297826,455.625,1185.0,0,0.8923224,465.0,1372.5,0,0.9538121,446.25,1447.5,0,0.7791108,forward,172.84842821937832,1
1401,46.746700000000004,254.70376014709473,,,,,,,,,,,,,,,,,,,,465.0,992.8125,0,0.8179585,455.625,1185.0,0,0.8804885,465.0,1372.5,0,0.94866425,446.25,1447.5,0,0.7751853,forward,174.34493775106435,1
1402,46.78006666666667,253.60703468322754,,,,,,,,,,,,,,,,,,,,460.3125,992.8125,0,0.8185329,450.9375,1185.0,0,0.88532835,465.0,1372.5,0,0.94457626,450.9375,1447.5,0,0.7771275,forward,172.91814092307587,1
1403,46.813433333333336,253.92794609069824,,,,,,,,,,,,,,,,,,,,455.625,992.8125,0,0.817209,446.25,1185.0,0,0.88761216,465.0,1372.5,0,0.94260955,446.25,1447.5,0,0.776891,forward,171.49670204284857,1
1404,46.8468,252.1369457244873,,,,,,,,,,,,,,,,,,,,450.9375,997.5,0,0.8144425,446.25,1185.0,0,0.8850317,465.0,1372.5,0,0.9417022,446.25,1447.5,0,0.777453,forward,172.85732157934763,1
1405,46.88016666666667,253.06105613708496,,,,,,,,,,,,,,,,,,,,450.9375,992.8125,0,0.82186335,441.5625,1185.0,0,0.88734454,465.0,1372.5,0,0.9378041,446.25,1447.5,0,0.77268803,forward,170.08229854702824,1
1406,46.91353333333333,254.86493110656738,,,,,,,,,,,,,,,,,,,,446.25,992.8125,0,0.81683755,446.25,1185.0,0,0.88400763,465.0,1372.5,0,0.936443,450.9375,1447.5,0,0.7691449,forward,174.2894113865243,1
1407,46.9469,255.4640769958496,,,,,,,,,,,,,,,,,,,,446.25,992.8125,0,0.81387854,441.5625,1189.6875,0,0.8869005,465.0,1372.5,0,0.9335877,450.9375,1447.5,0,0.7686888,forward,171.3303186385649,1
1408,46.980266666666665,257.6749324798584,,,,,,,,,,,,,,,,,,,,446.25,997.5,0,0.81645787,441.5625,1189.6875,0,0.8834082,465.0,1372.5,0,0.9340832,450.9375,1447.5,0,0.77106965,forward,171.2970551738992,1
1409,47.01363333333333,257.18092918395996,,,,,,,,,,,,,,,,,,,,446.25,997.5,0,0.8166295,441.5625,1189.6875,0,0.8830448,465.0,1372.5,0,0.93096864,450.9375,1447.5,0,0.7672251,forward,171.2970551738992,1
1410,47.047000000000004,257.6029300689697,,,,,,,,,,,,,,,,,,,,441.5625,997.5,0,0.81696606,441.5625,1189.6875,0,0.88110614,465.0,1372.5,0,0.9266789,450.9375,1447.5,0,0.7650074,forward,172.6942422156954,1
1411,47.08036666666667,259.1431140899658,,,,,,,,,,,,,,,,,,,,441.5625,997.5,0,0.8157791,441.5625,1189.6875,0,0.8852457,465.0,1372.5,0,0.92573345,450.9375,1447.5,0,0.76536393,forward,172.6942422156954,1
1412,47.113733333333336,255.3253173828125,,,,,,,,,,,,,,,,,,,,441.5625,997.5,0,0.8119266,441.5625,1189.6875,0,0.88440514,465.0,1372.5,0,0.92408323,450.9375,1447.5,0,0.76070607,forward,172.6942422156954,1
1413,47.1471,251.91974639892578,,,,,,,,,,,,,,,,,,,,441.5625,997.5,0,0.8105625,441.5625,1189.6875,0,0.8839292,465.0,1372.5,0,0.92681706,450.9375,1447.5,0,0.7642813,forward,172.6942422156954,1
1414,47.18046666666667,251.46198272705078,,,,,,,,,,,,,,,,,,,,441.5625,997.5,0,0.8128772,441.5625,1189.6875,0,0.8831982,465.0,1372.5,0,0.92760825,450.9375,1447.5,0,0.766649,forward,172.6942422156954,1
1415,47.21383333333333,254.1642189025879,,,,,,,,,,,,,,,,,,,,441.5625,997.5,0,0.8115826,441.5625,1189.6875,0,0.87965024,465.0,1367.8125,0,0.9304257,446.25,1447.5,0,0.76985943,forward,172.5041457518152,1
1416,47.2472,253.7698745727539,,,,,,,,,,,,,,,,,,,,441.5625,997.5,0,0.8125485,441.5625,1189.6875,0,0.87885106,465.0,1367.8125,0,0.93246436,446.25,1447.5,0,0.7754503,forward,172.5041457518152,1
1417,47.280566666666665,256.59704208374023,,,,,,,,,,,,,,,,,,,,441.5625,997.5,0,0.81131625,441.5625,1189.6875,0,0.87863183,465.0,1367.8125,0,0.9277195,446.25,1452.1875,0,0.7728959,forward,172.5041457518152,1
1418,47.31393333333333,251.8441677093506,,,,,,,,,,,,,,,,,,,,446.25,1002.1875,0,0.81056255,441.5625,1189.6875,0,0.8780026,465.0,1372.5,0,0.9264623,446.25,1447.5,0,0.7711059,forward,171.26216373569406,1
1419,47.347300000000004,252.98810005187988,,,,,,,,,,,,,,,,,,,,446.25,997.5,0,0.8116033,441.5625,1189.6875,0,0.8782403,465.0,1372.5,0,0.92717075,446.25,1447.5,0,0.7715998,forward,171.2970551738992,1
1420,47.38066666666667,254.98700141906738,,,,,,,,,,,,,,,,,,,,446.25,1002.1875,0,0.8116566,441.5625,1185.0,0,0.8802992,465.0,1372.5,0,0.9265473,446.25,1447.5,0,0.7702582,forward,171.4061598692809,1
1421,47.414033333333336,255.24091720581055,,,,,,,,,,,,,,,,,,,,450.9375,997.5,0,0.8110899,441.5625,1185.0,0,0.88296014,465.0,1367.8125,0,0.93209535,446.25,1447.5,0,0.77573705,forward,169.83184448513947,1
1422,47.4474,254.84180450439453,,,,,,,,,,,,,,,,,,,,450.9375,997.5,0,0.8112473,441.5625,1185.0,0,0.8836975,465.0,1367.8125,0,0.92891705,446.25,1447.5,0,0.77565676,forward,169.83184448513947,1
1423,47.48076666666667,260.6008052825928,,,,,,,,,,,,,,,,,,,,455.625,997.5,0,0.82137024,446.25,1185.0,0,0.89272726,465.0,1372.5,0,0.93099654,446.25,1447.5,0,0.7751961,forward,171.42700521908495,1
1424,47.514133333333334,266.1261558532715,,,,,,,,,,,,,,,,,,,,455.625,997.5,0,0.82059824,446.25,1185.0,0,0.8857062,465.0,1372.5,0,0.9353601,446.25,1447.5,0,0.779565,forward,171.42700521908495,1
1425,47.5475,251.24597549438477,,,,,,,,,,,,,,,,,,,,460.3125,997.5,0,0.81471854,450.9375,1185.0,0,0.8816066,465.0,1372.5,0,0.9338186,446.25,1447.5,0,0.77632284,forward,172.84842821937832,1
1426,47.580866666666665,260.2579593658447,,,,,,,,,,,,,,,,,,,,465.0,997.5,0,0.8152454,450.9375,1185.0,0,0.890898,465.0,1372.5,0,0.9316354,446.25,1447.5,0,0.7760711,forward,171.42164607189034,1
1427,47.61423333333333,258.91613960266113,,,,,,,,,,,,,,,,,,,,465.0,997.5,0,0.8127086,455.625,1185.0,0,0.8977198,465.0,1372.5,0,0.9316281,446.25,1447.5,0,0.7717171,forward,174.27525417880514,1
1428,47.647600000000004,261.6748809814453,,,,,,,,,,,,,,,,,,,,469.6875,992.8125,0,0.8082311,455.625,1185.0,0,0.8931743,465.0,1372.5,0,0.928759,446.25,1447.5,0,0.7714287,forward,172.95268391315787,1
1429,47.68096666666667,259.7219944000244,,,,,,,,,,,,,,,,,,,,474.375,992.8125,0,0.8103806,460.3125,1185.0,0,0.899282,465.0,1372.5,0,0.9290917,446.25,1447.5,0,0.76852584,forward,174.38301515249367,1
1430,47.714333333333336,260.43200492858887,,,,,,,,,,,,,,,,,,,,479.0625,988.125,0,0.8096272,465.0,1185.0,0,0.9028342,465.0,1372.5,0,0.9288279,446.25,1447.5,0,0.76888776,forward,175.91442836660678,1
1431,47.7477,254.90617752075195,,,,,,,,,,,,,,,,,,,,479.0625,988.125,0,0.80216306,465.0,1180.3125,0,0.91388583,469.6875,1372.5,0,0.93526804,446.25,1447.5,0,0.7732818,forward,174.41790989026538,1
1432,47.78106666666667,251.84893608093262,,,,,,,,,,,,,,,,,,,,483.75,988.125,0,0.7994031,469.6875,1180.3125,0,0.9046571,469.6875,1372.5,0,0.9334382,446.25,1447.5,0,0.7726464,forward,175.8150696118924,1
1433,47.814433333333334,250.98085403442383,,,,,,,,,,,,,,,,,,,,488.4375,978.75,0,0.80366576,469.6875,1180.3125,0,0.9076866,469.6875,1372.5,0,0.9316302,446.25,1447.5,0,0.774126,forward,174.6854774789683,1
1434,47.8478,251.42717361450195,,,,,,,,,,,,,,,,,,,,493.125,978.75,0,0.8067492,474.375,1180.3125,0,0.91204494,469.6875,1372.5,0,0.92818826,446.25,1447.5,0,0.7760161,forward,176.0826832699825,1
1435,47.881166666666665,254.03380393981934,,,,,,,,,,,,,,,,,,,,497.8125,978.75,0,0.8092665,474.375,1180.3125,0,0.9092859,469.6875,1372.5,0,0.9275302,446.25,1447.5,0,0.7772103,forward,174.76467472626686,1
1436,47.91453333333333,255.0499439239502,,,,,,,,,,,,,,,,,,,,502.5,974.0625,0,0.80929184,479.0625,1180.3125,0,0.90886223,469.6875,1372.5,0,0.9219967,446.25,1447.5,0,0.7758317,forward,176.3096506161292,1
1437,47.947900000000004,253.94296646118164,,,,,,,,,,,,,,,,,,,,507.1875,974.0625,0,0.80967194,483.75,1180.3125,0,0.9032401,474.375,1367.8125,0,0.9203825,446.25,1447.5,0,0.7718365,forward,176.3793373099711,1
1438,47.98126666666667,254.01926040649414,,,,,,,,,,,,,,,,,,,,507.1875,969.375,0,0.8107824,488.4375,1180.3125,0,0.9046909,474.375,1372.5,0,0.9257301,450.9375,1447.5,0,0.7744963,forward,179.10518159015734,1
1439,48.014633333333336,254.6851634979248,,,,,,,,,,,,,,,,,,,,511.875,969.375,0,0.81538033,488.4375,1180.3125,0,0.90861684,474.375,1372.5,0,0.928514,446.25,1447.5,0,0.76680934,forward,177.84468697282193,1
1440,48.048,255.34510612487793,,,,,,,,,,,,,,,,,,,,516.5625,969.375,0,0.81954026,493.125,1180.3125,0,0.9126407,474.375,1372.5,0,0.9336605,446.25,1447.5,0,0.7731052,forward,179.23178708153586,1
1441,48.08136666666667,254.5781135559082,,,,,,,,,,,,,,,,,,,,516.5625,969.375,0,0.815676,493.125,1180.3125,0,0.9169574,474.375,1372.5,0,0.93861294,450.9375,1447.5,0,0.7756084,forward,179.23178708153586,1
1442,48.114733333333334,255.97906112670898,,,,,,,,,,,,,,,,,,,,521.25,969.375,0,0.8059786,493.125,1180.3125,0,0.91012615,474.375,1372.5,0,0.9350445,450.9375,1447.5,0,0.77995276,forward,177.97735013941085,1
1443,48.1481,272.1090316772461,,,,,,,,,,,,,,,,,,,,525.9375,974.0625,0,0.80271673,497.8125,1180.3125,0,0.90601814,474.375,1367.8125,0,0.9335195,450.9375,1447.5,0,0.7888669,forward,179.35958634368723,1
1444,48.181466666666665,255.39708137512207,,,,,,,,,,,,,,,,,,,,525.9375,974.0625,0,0.8053686,497.8125,1180.3125,0,0.90197724,474.375,1363.125,0,0.9288653,446.25,1447.5,0,0.78618723,forward,179.54029870512653,1
1445,48.21483333333333,252.20918655395508,,,,,,,,,,,,,,,,,,,,525.9375,969.375,0,0.80651927,497.8125,1180.3125,0,0.90083605,474.375,1367.8125,0,0.9310193,446.25,1447.5,0,0.7808744,forward,179.53019411687228,1
1446,48.248200000000004,254.73999977111816,,,,,,,,,,,,,,,,,,,,525.9375,969.375,0,0.8040663,497.8125,1180.3125,0,0.8981499,474.375,1367.8125,0,0.9276163,450.9375,1447.5,0,0.7824398,forward,179.53019411687228,1
1447,48.28156666666667,255.3238868713379,,,,,,,,,,,,,,,,,,,,530.625,969.375,0,0.8074495,493.125,1180.3125,0,0.9018159,474.375,1363.125,0,0.926075,446.25,1447.5,0,0.7767857,forward,175.7753858904158,1
1448,48.314933333333336,256.5789222717285,,,,,,,,,,,,,,,,,,,,530.625,969.375,0,0.80714583,493.125,1180.3125,0,0.90333915,469.6875,1363.125,0,0.9202082,446.25,1447.5,0,0.7857273,forward,177.22525994968848,1
1449,48.3483,255.54704666137695,,,,,,,,,,,,,,,,,,,,530.625,969.375,0,0.80812454,493.125,1180.3125,0,0.90141016,469.6875,1358.4375,0,0.92080235,441.5625,1447.5,0,0.79394954,forward,177.41524997038567,1
1450,48.38166666666667,258.1660747528076,,,,,,,,,,,,,,,,,,,,525.9375,969.375,0,0.80381286,488.4375,1180.3125,0,0.8978647,465.0,1358.4375,0,0.9084115,441.5625,1452.1875,0,0.79363596,forward,177.41524997038567,1
1451,48.415033333333334,253.91411781311035,,,,,,,,,,,,,,,,,,,,525.9375,969.375,0,0.80562365,488.4375,1180.3125,0,0.9008008,455.625,1363.125,0,0.9242532,432.1875,1452.1875,0,0.8017353,forward,179.90512721491882,0
1452,48.4484,258.3038806915283,,,,,,,,,,,,,,,,,,,,525.9375,969.375,0,0.8053149,488.4375,1180.3125,0,0.9028872,450.9375,1363.125,0,0.9318025,427.5,1452.1875,0,0.8040209,forward,178.48858015195188,0
1453,48.481766666666665,260.7240676879883,,,,,,,,,,,,,,,,,,,,525.9375,969.375,0,0.80536014,483.75,1180.3125,0,0.90894556,441.5625,1372.5,0,0.9506802,427.5,1447.5,0,0.8091781,forward,178.92899397411716,0
1454,48.51513333333333,257.0948600769043,,,,,,,,,,,,,,,,,,,,525.9375,969.375,0,0.80729365,483.75,1180.3125,0,0.9079313,441.5625,1372.5,0,0.95504,418.125,1452.1875,0,0.8041605,forward,178.92899397411716,0
1455,48.548500000000004,263.70906829833984,,,,,,,,,,,,,,,,,,,,521.25,969.375,0,0.80905366,479.0625,1180.3125,0,0.9098866,436.875,1377.1875,0,0.9521188,418.125,1452.1875,0,0.8023808,forward,179.2151558207179,0
1456,48.58186666666667,265.427827835083,,,,,,,,,,,,,,,,,,,,521.25,969.375,0,0.8105696,479.0625,1180.3125,0,0.90731186,436.875,1381.875,0,0.9471314,418.125,1452.1875,0,0.78009516,forward,179.48832737275148,0
1457,48.615233333333336,260.0409984588623,,,,,,,,,,,,,,,,,,,,516.5625,974.0625,0,0.81531537,479.0625,1185.0,0,0.90555596,436.875,1381.875,0,0.95209706,418.125,1456.875,0,0.77819204,forward,177.98578582389638,0
1458,48.6486,260.06507873535156,,,,,,,,,,,,,,,,,,,,511.875,974.0625,0,0.81310695,474.375,1185.0,0,0.9099963,436.875,1381.875,0,0.954484,418.125,1452.1875,0,0.78053415,forward,179.29640025420304,0
1459,48.68196666666667,258.56614112854004,,,,,,,,,,,,,,,,,,,,507.1875,974.0625,0,0.8160796,469.6875,1185.0,0,0.9091353,436.875,1381.875,0,0.95147645,413.4375,1456.875,0,0.78239685,forward,179.38134401405503,1
1460,48.715333333333334,254.49132919311523,,,,,,,,,,,,,,,,,,,,502.5,978.75,0,0.81783843,469.6875,1185.0,0,0.9073516,436.875,1381.875,0,0.95016813,413.4375,1456.875,0,0.7814021,forward,179.57663845319382,0
1461,48.7487,260.6678009033203,,,,,,,,,,,,,,,,,,,,502.5,978.75,0,0.82064533,465.0,1185.0,0,0.90520567,436.875,1386.5625,0,0.94822276,418.125,1452.1875,0,0.7790005,forward,177.63867976899908,1
1462,48.782066666666665,256.7932605743408,,,,,,,,,,,,,,,,,,,,493.125,978.75,0,0.81937385,460.3125,1185.0,0,0.91093415,436.875,1381.875,0,0.94983494,418.125,1452.1875,0,0.77920455,forward,177.7494455710094,1
1463,48.81543333333333,256.511926651001,,,,,,,,,,,,,,,,,,,,488.4375,974.0625,0,0.81731266,460.3125,1185.0,0,0.91143936,436.875,1381.875,0,0.9532102,418.125,1452.1875,0,0.7815521,forward,179.19424231917185,1
1464,48.848800000000004,253.9818286895752,,,,,,,,,,,,,,,,,,,,483.75,974.0625,0,0.8202009,455.625,1185.0,0,0.90516245,436.875,1381.875,0,0.9532151,413.4375,1452.1875,0,0.77521336,forward,177.845686076952,1
1465,48.88216666666667,252.27689743041992,,,,,,,,,,,,,,,,,,,,479.0625,974.0625,0,0.81711805,450.9375,1180.3125,0,0.8992784,436.875,1381.875,0,0.95601875,418.125,1452.1875,0,0.77144945,forward,176.22576157668044,1
1466,48.915533333333336,254.6229362487793,,,,,,,,,,,,,,,,,,,,474.375,974.0625,0,0.81342953,446.25,1185.0,0,0.8971177,436.875,1381.875,0,0.95604205,418.125,1452.1875,0,0.7744784,forward,175.13167772630868,1
1467,48.9489,253.07106971740723,,,,,,,,,,,,,,,,,,,,465.0,974.0625,0,0.8246845,441.5625,1185.0,0,0.89690423,436.875,1381.875,0,0.95649207,418.125,1452.1875,0,0.76746505,forward,175.023698439404,1
1468,48.98226666666667,252.11524963378906,,,,,,,,,,,,,,,,,,,,460.3125,974.0625,0,0.83302027,436.875,1185.0,0,0.90459937,436.875,1381.875,0,0.96032816,413.4375,1452.1875,0,0.7669319,forward,173.65980530056822,1
1469,49.015633333333334,257.79199600219727,,,,,,,,,,,,,,,,,,,,455.625,978.75,0,0.8373047,436.875,1185.0,0,0.9055399,436.875,1386.5625,0,0.9660977,413.4375,1452.1875,0,0.76971996,forward,174.8055545765018,1
1470,49.049,273.24604988098145,,,,,,,,,,,,,,,,,,,,450.9375,983.4375,0,0.8475275,432.1875,1189.6875,0,0.91112494,436.875,1386.5625,0,0.96962273,418.125,1452.1875,0,0.7772843,forward,173.44162576978547,1
1471,49.082366666666665,261.77430152893066,,,,,,,,,,,,,,,,,,,,446.25,983.4375,0,0.8423151,427.5,1189.6875,0,0.909484,432.1875,1386.5625,0,0.96406364,413.4375,1452.1875,0,0.7785456,forward,173.44162576978547,1
1472,49.11573333333333,259.458065032959,,,,,,,,,,,,,,,,,,,,436.875,978.75,0,0.8442908,427.5,1185.0,0,0.9135921,432.1875,1381.875,0,0.9663025,418.125,1452.1875,0,0.78115296,forward,176.03350232771126,1
1473,49.149100000000004,259.23824310302734,,,,,,,,,,,,,,,,,,,,436.875,978.75,0,0.83845305,427.5,1185.0,0,0.90390134,432.1875,1381.875,0,0.96911633,418.125,1452.1875,0,0.7832178,forward,176.03350232771126,1
1474,49.18246666666667,258.0549716949463,,,,,,,,,,,,,,,,,,,,432.1875,978.75,0,0.8410155,422.8125,1189.6875,0,0.9093718,432.1875,1381.875,0,0.97466767,418.125,1452.1875,0,0.7852073,forward,174.66251946573732,1
1475,49.215833333333336,262.73298263549805,,,,,,,,,,,,,,,,,,,,432.1875,978.75,0,0.84355605,422.8125,1189.6875,0,0.9214679,432.1875,1381.875,0,0.97689795,418.125,1452.1875,0,0.790514,forward,174.66251946573732,1
1476,49.2492,259.46712493896484,,,,,,,,,,,,,,,,,,,,427.5,978.75,0,0.84392637,418.125,1189.6875,0,0.92177975,432.1875,1381.875,0,0.9749901,418.125,1456.875,0,0.78204703,forward,173.27025264335003,1
1477,49.28256666666667,257.56120681762695,,,,,,,,,,,,,,,,,,,,427.5,983.4375,0,0.8439584,418.125,1189.6875,0,0.9246204,432.1875,1381.875,0,0.9709699,418.125,1452.1875,0,0.7783632,forward,173.21250582970032,1
1478,49.315933333333334,257.85183906555176,,,,,,,,,,,,,,,,,,,,422.8125,978.75,0,0.8358209,418.125,1189.6875,0,0.9169719,432.1875,1381.875,0,0.96967494,418.125,1452.1875,0,0.77033484,forward,174.54206166758323,1
1479,49.3493,254.35113906860352,,,,,,,,,,,,,,,,,,,,422.8125,978.75,0,0.8338207,418.125,1189.6875,0,0.9157891,432.1875,1381.875,0,0.9686913,418.125,1452.1875,0,0.767195,forward,174.54206166758323,1
1480,49.382666666666665,257.6911449432373,,,,,,,,,,,,,,,,,,,,422.8125,978.75,0,0.8301735,413.4375,1189.6875,0,0.91769457,432.1875,1381.875,0,0.96858037,418.125,1456.875,0,0.76881754,forward,171.88296064185235,1
1481,49.41603333333333,270.5099582672119,,,,,,,,,,,,,,,,,,,,422.8125,978.75,0,0.83077425,413.4375,1189.6875,0,0.91616654,432.1875,1381.875,0,0.9630873,418.125,1452.1875,0,0.76395154,forward,171.88296064185235,1
1482,49.449400000000004,279.27327156066895,,,,,,,,,,,,,,,,,,,,422.8125,978.75,0,0.82809114,413.4375,1189.6875,0,0.9129101,432.1875,1381.875,0,0.96485305,418.125,1452.1875,0,0.7614471,forward,171.88296064185235,1
1483,49.48276666666667,277.01497077941895,,,,,,,,,,,,,,,,,,,,422.8125,978.75,0,0.8264651,413.4375,1185.0,0,0.9071958,432.1875,1381.875,0,0.959443,418.125,1452.1875,0,0.7577474,forward,171.95711574761955,1
1484,49.516133333333336,254.84609603881836,,,,,,,,,,,,,,,,,,,,422.8125,978.75,0,0.8258062,413.4375,1185.0,0,0.9063499,432.1875,1381.875,0,0.9583616,418.125,1456.875,0,0.75602627,forward,171.95711574761955,1
1485,49.5495,253.05986404418945,,,,,,,,,,,,,,,,,,,,422.8125,978.75,0,0.8292825,413.4375,1185.0,0,0.91199476,432.1875,1381.875,0,0.96263134,418.125,1452.1875,0,0.75864375,forward,171.95711574761955,1
1486,49.58286666666667,254.33778762817383,,,,,,,,,,,,,,,,,,,,422.8125,978.75,0,0.8285242,413.4375,1185.0,0,0.9119905,432.1875,1381.875,0,0.9630065,418.125,1452.1875,0,0.75748324,forward,171.95711574761955,1
1487,49.616233333333334,253.248929977417,,,,,,,,,,,,,,,,,,,,427.5,978.75,0,0.82625043,413.4375,1185.0,0,0.9083097,432.1875,1381.875,0,0.9656166,418.125,1452.1875,0,0.75690573,forward,170.65916543128532,1
1488,49.6496,257.01904296875,,,,,,,,,,,,,,,,,,,,427.5,978.75,0,0.82683873,418.125,1185.0,0,0.9012948,432.1875,1381.875,0,0.96214545,418.125,1452.1875,0,0.7473488,forward,173.31185028360753,1
1489,49.682966666666665,257.02810287475586,,,,,,,,,,,,,,,,,,,,427.5,983.4375,0,0.82822347,418.125,1185.0,0,0.9007571,432.1875,1381.875,0,0.9604383,418.125,1452.1875,0,0.7400932,forward,173.25136559194274,1
1490,49.71633333333333,256.8063735961914,,,,,,,,,,,,,,,,,,,,427.5,983.4375,0,0.82842475,418.125,1185.0,0,0.90096045,432.1875,1381.875,0,0.96013856,418.125,1452.1875,0,0.74430704,forward,173.25136559194274,1
1491,49.749700000000004,257.7641010284424,,,,,,,,,,,,,,,,,,,,427.5,983.4375,0,0.8277354,418.125,1189.6875,0,0.9034532,432.1875,1381.875,0,0.96599925,418.125,1452.1875,0,0.7472958,forward,173.21250582970032,1
1492,49.78306666666667,255.3417682647705,,,,,,,,,,,,,,,,,,,,432.1875,983.4375,0,0.8193997,418.125,1189.6875,0,0.89340043,432.1875,1381.875,0,0.9572458,418.125,1452.1875,0,0.74107975,forward,171.9145858310441,1
1493,49.816433333333336,252.03299522399902,,,,,,,,,,,,,,,,,,,,436.875,983.4375,0,0.82046825,422.8125,1189.6875,0,0.89764935,436.875,1386.5625,0,0.9626198,418.125,1452.1875,0,0.74552953,forward,172.0139182927737,1
1494,49.8498,252.45213508605957,,,,,,,,,,,,,,,,,,,,441.5625,983.4375,0,0.81970567,427.5,1189.6875,0,0.89618546,436.875,1381.875,0,0.95357245,418.125,1452.1875,0,0.7419163,forward,173.30680864579776,1
1495,49.88316666666667,251.71613693237305,,,,,,,,,,,,,,,,,,,,446.25,983.4375,0,0.8214224,427.5,1189.6875,0,0.89737135,436.875,1386.5625,0,0.96049213,418.125,1452.1875,0,0.7430371,forward,172.07924958900134,1
1496,49.916533333333334,255.69581985473633,,,,,,,,,,,,,,,,,,,,446.25,983.4375,0,0.8185332,432.1875,1189.6875,0,0.89664364,436.875,1386.5625,0,0.94770694,413.4375,1452.1875,0,0.73841715,forward,174.7355623038893,1
1497,49.9499,255.62596321105957,,,,,,,,,,,,,,,,,,,,450.9375,988.125,0,0.82063997,432.1875,1189.6875,0,0.8920658,436.875,1386.5625,0,0.9523526,413.4375,1452.1875,0,0.7400223,forward,173.3215338009467,1
1498,49.983266666666665,254.85801696777344,,,,,,,,,,,,,,,,,,,,460.3125,988.125,0,0.81365275,436.875,1189.6875,0,0.89117265,436.875,1386.5625,0,0.9406315,413.4375,1452.1875,0,0.7360626,forward,173.36753051394837,1
1499,50.01663333333333,255.39469718933105,,,,,,,,,,,,,,,,,,,,465.0,983.4375,0,0.8228282,436.875,1189.6875,0,0.894766,436.875,1386.5625,0,0.9477346,413.4375,1452.1875,0,0.7431661,forward,172.23481506024604,1
1500,50.050000000000004,254.1491985321045,,,,,,,,,,,,,,,,,,,,469.6875,983.4375,0,0.8253982,441.5625,1189.6875,0,0.9046383,436.875,1386.5625,0,0.9569472,413.4375,1452.1875,0,0.75610256,forward,173.59874296797983,1
1501,50.08336666666667,255.10501861572266,,,,,,,,,,,,,,,,,,,,474.375,983.4375,0,0.8235756,441.5625,1189.6875,0,0.90334135,436.875,1386.5625,0,0.9495038,413.4375,1456.875,0,0.75357866,forward,172.3244259715181,1
1502,50.116733333333336,254.5928955078125,,,,,,,,,,,,,,,,,,,,474.375,983.4375,0,0.8220577,441.5625,1194.375,0,0.90366924,432.1875,1381.875,0,0.9512581,413.4375,1456.875,0,0.7540502,forward,174.0205968153751,1
1503,50.1501,254.3160915374756,,,,,,,,,,,,,,,,,,,,479.0625,988.125,0,0.82521915,436.875,1194.375,0,0.9119643,432.1875,1381.875,0,0.95289874,413.4375,1456.875,0,0.77143586,forward,169.87198606411488,1
1504,50.18346666666667,254.93192672729492,,,,,,,,,,,,,,,,,,,,479.0625,983.4375,0,0.82853055,436.875,1189.6875,0,0.9167561,432.1875,1377.1875,0,0.9590196,413.4375,1456.875,0,0.77593565,forward,169.87198606411488,1
1505,50.216833333333334,254.99391555786133,,,,,,,,,,,,,,,,,,,,479.0625,983.4375,0,0.8306683,436.875,1189.6875,0,0.92209077,427.5,1377.1875,0,0.95922565,408.75,1456.875,0,0.78055423,forward,171.30229296442567,1
1506,50.2502,255.90133666992188,,,,,,,,,,,,,,,,,,,,479.0625,983.4375,0,0.83221924,432.1875,1189.6875,0,0.9249284,422.8125,1377.1875,0,0.9698685,394.6875,1456.875,0,0.7714117,forward,170.0581569495221,1
1507,50.283566666666665,255.3417682647705,,,,,,,,,,,,,,,,,,,,479.0625,988.125,0,0.8314252,432.1875,1194.375,0,0.9250362,418.125,1381.875,0,0.9668261,390.0,1456.875,0,0.7790946,forward,171.48486206864473,1
1508,50.31693333333333,254.47392463684082,,,,,,,,,,,,,,,,,,,,479.0625,988.125,0,0.82749593,432.1875,1194.375,0,0.92240095,413.4375,1381.875,0,0.96549857,385.3125,1461.5625,0,0.7829949,forward,172.90632270590913,1
1509,50.350300000000004,254.9448013305664,,,,,,,,,,,,,,,,,,,,474.375,988.125,0,0.82683647,432.1875,1194.375,0,0.9146693,408.75,1386.5625,0,0.9569208,385.3125,1461.5625,0,0.7627479,forward,175.39282832889427,1
1510,50.38366666666667,255.08403778076172,,,,,,,,,,,,,,,,,,,,469.6875,988.125,0,0.8283118,432.1875,1194.375,0,0.90096563,408.75,1386.5625,0,0.9496145,385.3125,1461.5625,0,0.747668,forward,176.64812257270273,1
1511,50.417033333333336,254.7008991241455,,,,,,,,,,,,,,,,,,,,465.0,988.125,0,0.8248699,427.5,1199.0625,0,0.900431,408.75,1391.25,0,0.9453921,385.3125,1461.5625,0,0.75558233,forward,175.4915444290341,1
1512,50.4504,254.29701805114746,,,,,,,,,,,,,,,,,,,,460.3125,988.125,0,0.81870186,427.5,1199.0625,0,0.8928331,413.4375,1391.25,0,0.934746,385.3125,1461.5625,0,0.74345016,forward,175.3430545073235,1
1513,50.48376666666667,254.59814071655273,,,,,,,,,,,,,,,,,,,,455.625,988.125,0,0.82570934,427.5,1189.6875,0,0.90348136,413.4375,1391.25,0,0.94303894,390.0,1461.5625,0,0.7433728,forward,176.04749875679474,1
1514,50.517133333333334,255.13410568237305,,,,,,,,,,,,,,,,,,,,450.9375,988.125,0,0.8292792,418.125,1194.375,0,0.9060329,408.75,1391.25,0,0.9476557,390.0,1461.5625,0,0.7405131,forward,173.68686030020893,1
1515,50.5505,254.71091270446777,,,,,,,,,,,,,,,,,,,,446.25,988.125,0,0.8299314,418.125,1194.375,0,0.911306,408.75,1386.5625,0,0.95307225,390.0,1461.5625,0,0.7450605,forward,175.02759758786075,1
1516,50.583866666666665,254.42790985107422,,,,,,,,,,,,,,,,,,,,441.5625,988.125,0,0.8269007,413.4375,1194.375,0,0.90459037,408.75,1386.5625,0,0.94683945,390.0,1456.875,0,0.7406868,forward,173.63200260080382,1
1517,50.61723333333333,254.683256149292,,,,,,,,,,,,,,,,,,,,436.875,988.125,0,0.8300108,408.75,1189.6875,0,0.9054456,408.75,1386.5625,0,0.9404491,385.3125,1461.5625,0,0.73810196,forward,172.0565564351238,1
1518,50.650600000000004,254.6219825744629,,,,,,,,,,,,,,,,,,,,436.875,988.125,0,0.8271311,408.75,1189.6875,0,0.90309215,408.75,1386.5625,0,0.93544054,390.0,1461.5625,0,0.7397363,forward,172.0565564351238,1
1519,50.68396666666667,254.05383110046387,,,,,,,,,,,,,,,,,,,,436.875,983.4375,0,0.8309645,408.75,1194.375,0,0.90341353,408.75,1386.5625,0,0.93221813,385.3125,1461.5625,0,0.742145,forward,172.40534125723562,1
1520,50.717333333333336,255.2032470703125,,,,,,,,,,,,,,,,,,,,432.1875,983.4375,0,0.8295892,408.75,1189.6875,0,0.9059659,408.75,1381.875,0,0.934697,390.0,1461.5625,0,0.74353015,forward,173.51692696217162,1
1521,50.7507,254.302978515625,,,,,,,,,,,,,,,,,,,,432.1875,983.4375,0,0.8318977,408.75,1189.6875,0,0.90954804,408.75,1381.875,0,0.9350182,390.0,1456.875,0,0.7476654,forward,173.51692696217162,1
1522,50.78406666666667,254.17804718017578,,,,,,,,,,,,,,,,,,,,432.1875,983.4375,0,0.83544385,408.75,1189.6875,0,0.91329265,408.75,1381.875,0,0.9407941,390.0,1456.875,0,0.75150985,forward,173.51692696217162,1
1523,50.817433333333334,254.69112396240234,,,,,,,,,,,,,,,,,,,,436.875,983.4375,0,0.8328753,408.75,1189.6875,0,0.91147846,408.75,1381.875,0,0.93893206,390.0,1456.875,0,0.74682605,forward,172.23484033602753,1
1524,50.8508,256.011962890625,,,,,,,,,,,,,,,,,,,,436.875,983.4375,0,0.83076847,408.75,1189.6875,0,0.9068762,408.75,1381.875,0,0.9381677,390.0,1461.5625,0,0.7455394,forward,172.23484033602753,1
1525,50.884166666666665,253.91697883605957,,,,,,,,,,,,,,,,,,,,441.5625,988.125,0,0.83338475,413.4375,1189.6875,0,0.9067459,408.75,1381.875,0,0.934247,390.0,1456.875,0,0.740923,forward,173.45371665487644,1
1526,50.91753333333333,255.0952434539795,,,,,,,,,,,,,,,,,,,,441.5625,983.4375,0,0.83381987,413.4375,1189.6875,0,0.90484905,408.75,1381.875,0,0.9349073,390.0,1461.5625,0,0.74430454,forward,173.63200260080382,1
1527,50.950900000000004,256.6978931427002,,,,,,,,,,,,,,,,,,,,446.25,983.4375,0,0.8265543,418.125,1189.6875,0,0.9055098,408.75,1386.5625,0,0.92787707,390.0,1461.5625,0,0.73913527,forward,174.96117701844835,1
1528,50.98426666666667,255.33604621887207,,,,,,,,,,,,,,,,,,,,450.9375,988.125,0,0.825896,422.8125,1189.6875,0,0.90647936,408.75,1386.5625,0,0.9364662,390.0,1461.5625,0,0.7422147,forward,176.14217136282284,1
1529,51.017633333333336,254.35185432434082,,,,,,,,,,,,,,,,,,,,450.9375,988.125,0,0.82891405,422.8125,1194.375,0,0.9097816,413.4375,1386.5625,0,0.94094336,390.0,1461.5625,0,0.7432723,forward,175.02759758786075,1
1530,51.051,253.2188892364502,,,,,,,,,,,,,,,,,,,,450.9375,992.8125,0,0.83019304,422.8125,1194.375,0,0.9112605,413.4375,1386.5625,0,0.9453821,390.0,1461.5625,0,0.7439832,forward,174.84926784988033,1
1531,51.08436666666667,252.24709510803223,,,,,,,,,,,,,,,,,,,,455.625,988.125,0,0.8238641,427.5,1189.6875,0,0.914727,413.4375,1386.5625,0,0.94723165,390.0,1461.5625,0,0.7486098,forward,176.14217136282284,1
1532,51.117733333333334,251.4040470123291,,,,,,,,,,,,,,,,,,,,455.625,992.8125,0,0.8236021,427.5,1189.6875,0,0.91872776,413.4375,1386.5625,0,0.9478551,390.0,1461.5625,0,0.7512882,forward,175.95557052222773,1
1533,51.1511,251.3270378112793,,,,,,,,,,,,,,,,,,,,455.625,988.125,0,0.8259322,427.5,1189.6875,0,0.9175503,413.4375,1386.5625,0,0.9480039,390.0,1461.5625,0,0.75003135,forward,176.14217136282284,1
1534,51.184466666666665,253.27420234680176,,,,,,,,,,,,,,,,,,,,455.625,992.8125,0,0.8251457,427.5,1189.6875,0,0.91891277,413.4375,1386.5625,0,0.9529154,390.0,1461.5625,0,0.75720584,forward,175.95557052222773,1
1535,51.21783333333333,255.5692195892334,,,,,,,,,,,,,,,,,,,,450.9375,988.125,0,0.8262472,427.5,1189.6875,0,0.92043847,413.4375,1386.5625,0,0.9592848,390.0,1461.5625,0,0.75881886,forward,177.45316447198348,1
1536,51.251200000000004,256.08110427856445,,,,,,,,,,,,,,,,,,,,450.9375,988.125,0,0.82857376,422.8125,1194.375,0,0.9263185,413.4375,1386.5625,0,0.9594308,390.0,1461.5625,0,0.76022464,forward,175.02759758786075,1
1537,51.28456666666667,256.9108009338379,,,,,,,,,,,,,,,,,,,,450.9375,988.125,0,0.82758784,422.8125,1189.6875,0,0.9254001,408.75,1386.5625,0,0.96110153,390.0,1456.875,0,0.75745755,forward,176.14217136282284,1
1538,51.317933333333336,259.9608898162842,,,,,,,,,,,,,,,,,,,,450.9375,988.125,0,0.8281959,422.8125,1189.6875,0,0.92344534,408.75,1386.5625,0,0.9647665,390.0,1456.875,0,0.7604413,forward,176.14217136282284,1
1539,51.3513,258.49103927612305,,,,,,,,,,,,,,,,,,,,446.25,988.125,0,0.82973695,418.125,1189.6875,0,0.92149067,408.75,1386.5625,0,0.9567206,390.0,1456.875,0,0.7543395,forward,174.78285836125028,1
1540,51.38466666666667,258.0571174621582,,,,,,,,,,,,,,,,,,,,441.5625,988.125,0,0.83191776,413.4375,1194.375,0,0.9178977,408.75,1386.5625,0,0.9557327,385.3125,1456.875,0,0.7553741,forward,173.63200260080382,1
1541,51.418033333333334,258.3160400390625,,,,,,,,,,,,,,,,,,,,441.5625,983.4375,0,0.83307946,413.4375,1189.6875,0,0.9152871,408.75,1386.5625,0,0.9587227,385.3125,1456.875,0,0.75391257,forward,173.59874296797983,1
1542,51.4514,256.7908763885498,,,,,,,,,,,,,,,,,,,,441.5625,983.4375,0,0.83254087,413.4375,1189.6875,0,0.9125263,408.75,1386.5625,0,0.9564229,390.0,1461.5625,0,0.7561903,forward,173.59874296797983,1
1543,51.484766666666665,257.10010528564453,,,,,,,,,,,,,,,,,,,,441.5625,988.125,0,0.83199054,413.4375,1189.6875,0,0.91104335,408.75,1386.5625,0,0.9548193,385.3125,1456.875,0,0.7576293,forward,173.4204305375555,1
1544,51.51813333333333,255.4011344909668,,,,,,,,,,,,,,,,,,,,441.5625,988.125,0,0.8308531,413.4375,1189.6875,0,0.9080696,408.75,1386.5625,0,0.9536773,385.3125,1461.5625,0,0.7577605,forward,173.4204305375555,1
1545,51.551500000000004,259.13190841674805,,,,,,,,,,,,,,,,,,,,441.5625,988.125,0,0.8296585,413.4375,1189.6875,0,0.90791345,408.75,1386.5625,0,0.9514371,385.3125,1456.875,0,0.75797486,forward,173.4204305375555,1
1546,51.58486666666667,257.82012939453125,,,,,,,,,,,,,,,,,,,,441.5625,988.125,0,0.8287684,413.4375,1189.6875,0,0.90690005,408.75,1386.5625,0,0.94607306,385.3125,1461.5625,0,0.7515482,forward,173.4204305375555,1
1547,51.618233333333336,258.5580348968506,,,,,,,,,,,,,,,,,,,,446.25,988.125,0,0.82676303,413.4375,1189.6875,0,0.90587115,408.75,1386.5625,0,0.9436734,385.3125,1461.5625,0,0.74688935,forward,172.11778020168674,1
1548,51.6516,259.25135612487793,,,,,,,,,,,,,,,,,,,,446.25,988.125,0,0.8315275,418.125,1189.6875,0,0.91359675,408.75,1386.5625,0,0.94535756,385.3125,1461.5625,0,0.74707925,forward,174.78285836125028,1
1549,51.68496666666667,257.81917572021484,,,,,,,,,,,,,,,,,,,,450.9375,988.125,0,0.83205706,418.125,1189.6875,0,0.9191855,408.75,1386.5625,0,0.9629756,390.0,1461.5625,0,0.7581626,forward,173.48022073924307,1
1550,51.718333333333334,258.34178924560547,,,,,,,,,,,,,,,,,,,,450.9375,988.125,0,0.83436155,422.8125,1189.6875,0,0.92119944,408.75,1386.5625,0,0.96091366,385.3125,1461.5625,0,0.76070833,forward,176.14217136282284,1
1551,51.7517,258.73589515686035,,,,,,,,,,,,,,,,,,,,450.9375,992.8125,0,0.83810294,422.8125,1194.375,0,0.92205256,413.4375,1386.5625,0,0.96018976,385.3125,1461.5625,0,0.76302266,forward,174.84926784988033,1
1552,51.785066666666665,258.21781158447266,,,,,,,,,,,,,,,,,,,,455.625,992.8125,0,0.83567774,422.8125,1194.375,0,0.92109835,413.4375,1386.5625,0,0.9605367,385.3125,1461.5625,0,0.7637377,forward,173.54660568728903,1
1553,51.81843333333333,257.0452690124512,,,,,,,,,,,,,,,,,,,,460.3125,992.8125,0,0.82809824,427.5,1189.6875,0,0.9123736,413.4375,1386.5625,0,0.9537831,385.3125,1461.5625,0,0.7572281,forward,174.62327052881244,1
1554,51.851800000000004,257.8251361846924,,,,,,,,,,,,,,,,,,,,460.3125,992.8125,0,0.83135056,427.5,1194.375,0,0.91519344,413.4375,1386.5625,0,0.952607,385.3125,1461.5625,0,0.7551607,forward,174.9388300185191,1
1555,51.88516666666667,256.99806213378906,,,,,,,,,,,,,,,,,,,,460.3125,992.8125,0,0.8338758,427.5,1194.375,0,0.91312486,413.4375,1386.5625,0,0.95189303,385.3125,1461.5625,0,0.7516262,forward,174.9388300185191,1
1556,51.918533333333336,257.66897201538086,,,,,,,,,,,,,,,,,,,,460.3125,992.8125,0,0.8299414,427.5,1194.375,0,0.91761833,413.4375,1386.5625,0,0.9549052,385.3125,1461.5625,0,0.7539983,forward,174.9388300185191,1
1557,51.9519,256.8399906158447,,,,,,,,,,,,,,,,,,,,460.3125,992.8125,0,0.8290311,427.5,1194.375,0,0.9171854,413.4375,1386.5625,0,0.9543401,385.3125,1461.5625,0,0.7580481,forward,174.9388300185191,1
1558,51.98526666666667,256.27899169921875,,,,,,,,,,,,,,,,,,,,460.3125,992.8125,0,0.82854825,427.5,1194.375,0,0.9188349,408.75,1386.5625,0,0.95365155,385.3125,1461.5625,0,0.7623036,forward,176.3260290510278,1
1559,52.018633333333334,256.3791275024414,,,,,,,,,,,,,,,,,,,,460.3125,988.125,0,0.83286816,427.5,1194.375,0,0.9162008,413.4375,1386.5625,0,0.95335937,385.3125,1461.5625,0,0.7597651,forward,175.14545960869623,1
1560,52.052,256.4077377319336,,,,,,,,,,,,,,,,,,,,460.3125,988.125,0,0.8312179,427.5,1194.375,0,0.91913056,408.75,1386.5625,0,0.9539,385.3125,1461.5625,0,0.7590193,forward,176.53264742417855,1
1561,52.085366666666665,256.50596618652344,,,,,,,,,,,,,,,,,,,,460.3125,992.8125,0,0.82926524,427.5,1194.375,0,0.91720617,408.75,1386.5625,0,0.95467293,385.3125,1461.5625,0,0.761828,forward,176.3260290510278,1
1562,52.11873333333333,256.2851905822754,,,,,,,,,,,,,,,,,,,,460.3125,988.125,0,0.8201427,427.5,1194.375,0,0.911834,408.75,1386.5625,0,0.9521792,385.3125,1461.5625,0,0.7655854,forward,176.53264742417855,1
1563,52.152100000000004,256.4370632171631,,,,,,,,,,,,,,,,,,,,460.3125,988.125,0,0.8170114,427.5,1194.375,0,0.91067266,408.75,1386.5625,0,0.9510708,385.3125,1461.5625,0,0.7700935,forward,176.53264742417855,1
1564,52.18546666666667,257.19499588012695,,,,,,,,,,,,,,,,,,,,460.3125,988.125,0,0.81533,427.5,1194.375,0,0.9106492,408.75,1386.5625,0,0.950168,385.3125,1461.5625,0,0.7642429,forward,176.53264742417855,1
1565,52.218833333333336,256.4098834991455,,,,,,,,,,,,,,,,,,,,460.3125,992.8125,0,0.8216773,427.5,1194.375,0,0.9051919,408.75,1386.5625,0,0.95203733,390.0,1461.5625,0,0.7604964,forward,176.3260290510278,1
1566,52.2522,258.94713401794434,,,,,,,,,,,,,,,,,,,,460.3125,992.8125,0,0.8292968,427.5,1194.375,0,0.9123393,408.75,1386.5625,0,0.9540796,390.0,1461.5625,0,0.7625197,forward,176.3260290510278,1
1567,52.28556666666667,256.7939758300781,,,,,,,,,,,,,,,,,,,,460.3125,992.8125,0,0.82390636,427.5,1199.0625,0,0.90294063,408.75,1386.5625,0,0.95122254,390.0,1461.5625,0,0.76068175,forward,176.67109782792468,1
1568,52.318933333333334,257.4462890625,,,,,,,,,,,,,,,,,,,,460.3125,992.8125,0,0.83048224,422.8125,1199.0625,0,0.9071818,408.75,1386.5625,0,0.950087,390.0,1461.5625,0,0.76171535,forward,173.98428413771674,1
1569,52.3523,259.22369956970215,,,,,,,,,,,,,,,,,,,,460.3125,997.5,0,0.82905495,422.8125,1199.0625,0,0.9034567,408.75,1386.5625,0,0.95012355,390.0,1461.5625,0,0.7590107,forward,173.74994031911328,1
1570,52.385666666666665,258.4977149963379,,,,,,,,,,,,,,,,,,,,460.3125,1002.1875,0,0.82656276,427.5,1199.0625,0,0.89925456,408.75,1386.5625,0,0.9459108,394.6875,1461.5625,0,0.75785464,forward,176.24824111133537,1
1571,52.41903333333333,257.51614570617676,,,,,,,,,,,,,,,,,,,,460.3125,1002.1875,0,0.829196,427.5,1203.75,0,0.8986693,408.75,1386.5625,0,0.93819284,394.6875,1461.5625,0,0.7544364,forward,176.6098488430348,1
1572,52.452400000000004,257.92384147644043,,,,,,,,,,,,,,,,,,,,460.3125,1002.1875,0,0.82534397,427.5,1203.75,0,0.8982184,408.75,1386.5625,0,0.9389233,394.6875,1461.5625,0,0.74958074,forward,176.6098488430348,1
1573,52.48576666666667,257.34901428222656,,,,,,,,,,,,,,,,,,,,460.3125,1006.875,0,0.8286133,427.5,1203.75,0,0.9003972,413.4375,1386.5625,0,0.94280475,394.6875,1461.5625,0,0.76332355,forward,174.93631439813475,1
1574,52.519133333333336,258.70513916015625,,,,,,,,,,,,,,,,,,,,460.3125,1011.5625,0,0.83390266,427.5,1203.75,0,0.90822536,413.4375,1381.875,0,0.9450828,394.6875,1461.5625,0,0.7715459,forward,174.82520648221404,1
1575,52.5525,257.35998153686523,,,,,,,,,,,,,,,,,,,,460.3125,1020.9375,0,0.8265347,427.5,1208.4375,0,0.9005138,413.4375,1381.875,0,0.93462837,394.6875,1461.5625,0,0.7681159,forward,174.70923844996702,1
1576,52.58586666666667,257.7841281890869,,,,,,,,,,,,,,,,,,,,465.0,1020.9375,0,0.82095134,432.1875,1208.4375,0,0.9003767,413.4375,1381.875,0,0.9289994,394.6875,1461.5625,0,0.7665546,forward,176.24391170060323,1
1577,52.619233333333334,256.9918632507324,,,,,,,,,,,,,,,,,,,,465.0,1025.625,0,0.819005,436.875,1208.4375,0,0.90532273,413.4375,1381.875,0,0.92903847,390.0,1461.5625,0,0.7694205,forward,178.95002929355053,1
1578,52.6526,257.54594802856445,,,,,,,,,,,,,,,,,,,,465.0,1030.3125,0,0.8102033,436.875,1213.125,0,0.9015159,413.4375,1381.875,0,0.9178052,390.0,1461.5625,0,0.75965136,forward,179.1611652670812,1
1579,52.685966666666666,257.8928470611572,,,,,,,,,,,,,,,,,,,,460.3125,1035.0,0,0.82058305,436.875,1213.125,0,0.90385956,413.4375,1381.875,0,0.9335348,394.6875,1461.5625,0,0.7666321,forward,179.5883552655524,0
1580,52.71933333333333,257.8718662261963,,,,,,,,,,,,,,,,,,,,460.3125,1039.6875,0,0.82353306,436.875,1213.125,0,0.90460175,413.4375,1381.875,0,0.93684876,394.6875,1461.5625,0,0.76923865,forward,179.7897107133536,0
1581,52.752700000000004,257.9920291900635,,,,,,,,,,,,,,,,,,,,460.3125,1044.375,0,0.8323307,436.875,1213.125,0,0.91392267,413.4375,1381.875,0,0.9335418,390.0,1461.5625,0,0.7637154,forward,180.0,1
1582,52.78606666666667,257.8461170196533,,,,,,,,,,,,,,,,,,,,460.3125,1049.0625,0,0.83611655,436.875,1213.125,0,0.91295636,413.4375,1381.875,0,0.93337584,394.6875,1461.5625,0,0.7693052,forward,179.7779436348076,1
1583,52.819433333333336,257.2348117828369,,,,,,,,,,,,,,,,,,,,460.3125,1049.0625,0,0.83500296,441.5625,1213.125,0,0.9148516,418.125,1381.875,0,0.94149417,394.6875,1461.5625,0,0.77474976,forward,178.61266113123818,0
1584,52.8528,261.0969543457031,,,,,,,,,,,,,,,,,,,,460.3125,1053.75,0,0.8216275,446.25,1213.125,0,0.90142715,418.125,1381.875,0,0.9382422,394.6875,1461.5625,0,0.7717116,forward,175.5801296325648,0
1585,52.88616666666667,257.8597068786621,,,,,,,,,,,,,,,,,,,,460.3125,1063.125,0,0.8233819,446.25,1222.5,0,0.90334356,418.125,1381.875,0,0.9393722,394.6875,1461.5625,0,0.76839834,forward,175.0344580376734,0
1586,52.919533333333334,257.50088691711426,,,,,,,,,,,,,,,,,,,,460.3125,1067.8125,0,0.82077456,450.9375,1222.5,0,0.8942902,418.125,1386.5625,0,0.9417659,390.0,1461.5625,0,0.7635263,forward,172.15830088949548,0
1587,52.9529,257.7540874481201,,,,,,,,,,,,,,,,,,,,460.3125,1077.1875,0,0.8223935,450.9375,1231.875,0,0.8915267,418.125,1386.5625,0,0.9247929,390.0,1461.5625,0,0.7670138,forward,171.4921302901166,0
1588,52.986266666666666,257.9967975616455,,,,,,,,,,,,,,,,,,,,460.3125,1081.875,0,0.82833934,450.9375,1231.875,0,0.89717937,418.125,1386.5625,0,0.93109095,390.0,1461.5625,0,0.77508557,forward,171.60021945122764,0
1589,53.01963333333333,258.26525688171387,,,,,,,,,,,,,,,,,,,,460.3125,1091.25,0,0.8284832,450.9375,1236.5625,0,0.8891226,418.125,1386.5625,0,0.91907007,390.0,1461.5625,0,0.7748158,forward,171.3522771182517,0
1590,53.053000000000004,258.46004486083984,,,,,,,,,,,,,,,,,,,,460.3125,1095.9375,0,0.83243454,446.25,1241.25,0,0.89712524,418.125,1386.5625,0,0.925977,390.0,1466.25,0,0.7896818,forward,174.57346078989653,0
1591,53.08636666666667,258.0108642578125,,,,,,,,,,,,,,,,,,,,460.3125,1095.9375,0,0.8375137,446.25,1241.25,0,0.9017482,418.125,1386.5625,0,0.94089913,390.0,1466.25,0,0.80721796,forward,174.57346078989653,0
1592,53.119733333333336,257.63773918151855,,,,,,,,,,,,,,,,,,,,460.3125,1095.9375,0,0.8306447,446.25,1241.25,0,0.9098857,418.125,1386.5625,0,0.9452981,390.0,1466.25,0,0.81779504,forward,174.57346078989653,0
1593,53.1531,257.37500190734863,,,,,,,,,,,,,,,,,,,,460.3125,1095.9375,0,0.83252513,446.25,1241.25,0,0.91945815,418.125,1386.5625,0,0.9488152,390.0,1466.25,0,0.825292,forward,174.57346078989653,0
1594,53.18646666666667,258.17322731018066,,,,,,,,,,,,,,,,,,,,460.3125,1105.3125,0,0.82802385,441.5625,1241.25,0,0.9124633,413.4375,1386.5625,0,0.9442129,390.0,1466.25,0,0.8282765,forward,176.89921690952082,0
1595,53.219833333333334,257.80391693115234,,,,,,,,,,,,,,,,,,,,460.3125,1105.3125,0,0.8253979,441.5625,1241.25,0,0.90181684,418.125,1386.5625,0,0.9532517,390.0,1466.25,0,0.8394028,forward,178.69074516513254,0
1596,53.2532,256.9541931152344,,,,,,,,,,,,,,,,,,,,460.3125,1110.0,0,0.8314815,436.875,1245.9375,0,0.89262617,418.125,1386.5625,0,0.95982325,390.0,1466.25,0,0.8391749,forward,177.81233016442195,1
1597,53.286566666666666,257.5521469116211,,,,,,,,,,,,,,,,,,,,460.3125,1105.3125,0,0.83706254,436.875,1250.625,0,0.8923327,418.125,1391.25,0,0.96285945,390.0,1466.25,0,0.83491445,forward,178.43227078332043,1
1598,53.31993333333333,257.40694999694824,,,,,,,,,,,,,,,,,,,,460.3125,1105.3125,0,0.8371868,432.1875,1250.625,0,0.8833077,418.125,1391.25,0,0.9628441,385.3125,1466.25,0,0.8347075,forward,174.7565966870474,1
1599,53.353300000000004,257.4591636657715,,,,,,,,,,,,,,,,,,,,460.3125,1100.625,0,0.83589876,432.1875,1245.9375,0,0.8860668,418.125,1391.25,0,0.9696953,385.3125,1466.25,0,0.83853054,forward,174.57346078989653,1
1600,53.38666666666667,257.20787048339844,,,,,,,,,,,,,,,,,,,,460.3125,1105.3125,0,0.842008,432.1875,1245.9375,0,0.88620263,418.125,1391.25,0,0.96484137,385.3125,1466.25,0,0.8330246,forward,174.21754706865988,1
1601,53.420033333333336,257.6098442077637,,,,,,,,,,,,,,,,,,,,455.625,1105.3125,0,0.84681594,432.1875,1245.9375,0,0.88195914,413.4375,1391.25,0,0.96868825,385.3125,1466.25,0,0.8349975,forward,177.89020752827614,1
1602,53.4534,257.17997550964355,,,,,,,,,,,,,,,,,,,,455.625,1100.625,0,0.8449769,432.1875,1245.9375,0,0.8860522,413.4375,1391.25,0,0.96841866,385.3125,1466.25,0,0.83712226,forward,178.18997567042382,1
1603,53.48676666666667,257.7071189880371,,,,,,,,,,,,,,,,,,,,455.625,1100.625,0,0.8452678,432.1875,1245.9375,0,0.8872086,413.4375,1391.25,0,0.9657106,385.3125,1466.25,0,0.83633125,forward,178.18997567042382,1
1604,53.520133333333334,258.1331729888916,,,,,,,,,,,,,,,,,,,,455.625,1095.9375,0,0.8441198,432.1875,1245.9375,0,0.88578176,413.4375,1391.25,0,0.96801054,385.3125,1466.25,0,0.83855355,forward,178.47171284026166,1
1605,53.5535,258.3119869232178,,,,,,,,,,,,,,,,,,,,455.625,1105.3125,0,0.83779883,432.1875,1245.9375,0,0.8877684,413.4375,1391.25,0,0.9660817,385.3125,1466.25,0,0.8312663,forward,177.89020752827614,1
1606,53.586866666666666,258.3050727844238,,,,,,,,,,,,,,,,,,,,455.625,1100.625,0,0.83153415,432.1875,1241.25,0,0.89576006,413.4375,1391.25,0,0.9665564,385.3125,1466.25,0,0.83370805,forward,177.6628409267422,1
1607,53.62023333333333,257.63487815856934,,,,,,,,,,,,,,,,,,,,455.625,1095.9375,0,0.83130985,432.1875,1241.25,0,0.8950143,413.4375,1391.25,0,0.9666405,385.3125,1466.25,0,0.83110535,forward,177.96269571757995,1
1608,53.653600000000004,257.8730583190918,,,,,,,,,,,,,,,,,,,,460.3125,1095.9375,0,0.8281567,432.1875,1241.25,0,0.88579494,413.4375,1391.25,0,0.9705084,385.3125,1466.25,0,0.8284472,forward,176.17100841263883,1
1609,53.68696666666667,257.75718688964844,,,,,,,,,,,,,,,,,,,,460.3125,1095.9375,0,0.8279921,427.5,1241.25,0,0.8892195,413.4375,1391.25,0,0.9695271,385.3125,1466.25,0,0.8263972,forward,172.63150647053243,1
1610,53.720333333333336,257.6889991760254,,,,,,,,,,,,,,,,,,,,455.625,1095.9375,0,0.82784724,427.5,1236.5625,0,0.8884817,413.4375,1386.5625,0,0.9725997,385.3125,1466.25,0,0.82286453,forward,174.04589347495957,1
1611,53.7537,257.2040557861328,,,,,,,,,,,,,,,,,,,,455.625,1091.25,0,0.8327234,427.5,1231.875,0,0.8931612,413.4375,1391.25,0,0.97744346,385.3125,1466.25,0,0.82183194,forward,173.7324919570316,1
1612,53.78706666666667,257.8141689300537,,,,,,,,,,,,,,,,,,,,455.625,1091.25,0,0.83573806,422.8125,1231.875,0,0.8807367,413.4375,1386.5625,0,0.9786854,385.3125,1461.5625,0,0.8177999,forward,170.33421259762108,1
1613,53.820433333333334,259.246826171875,,,,,,,,,,,,,,,,,,,,455.625,1091.25,0,0.8345429,422.8125,1231.875,0,0.8910897,408.75,1386.5625,0,0.9783322,385.3125,1461.5625,0,0.81788087,forward,172.06041244416252,1
1614,53.8538,256.17504119873047,,,,,,,,,,,,,,,,,,,,455.625,1091.25,0,0.8331954,422.8125,1227.1875,0,0.8909427,408.75,1386.5625,0,0.98117584,390.0,1461.5625,0,0.8160089,forward,171.47202505658862,1
1615,53.887166666666666,257.2898864746094,,,,,,,,,,,,,,,,,,,,455.625,1091.25,0,0.8439997,418.125,1227.1875,0,0.89235914,408.75,1386.5625,0,0.98696375,390.0,1461.5625,0,0.8203364,forward,167.94428699480224,1
1616,53.92053333333333,257.4470043182373,,,,,,,,,,,,,,,,,,,,455.625,1091.25,0,0.846148,418.125,1231.875,0,0.8985599,408.75,1386.5625,0,0.9904984,390.0,1461.5625,0,0.81980854,forward,168.53681084309324,1
1617,53.953900000000004,258.6381435394287,,,,,,,,,,,,,,,,,,,,455.625,1091.25,0,0.842966,418.125,1231.875,0,0.90249324,408.75,1386.5625,0,0.9889543,390.0,1461.5625,0,0.82561135,forward,168.53681084309324,1
1618,53.98726666666667,259.2740058898926,,,,,,,,,,,,,,,,,,,,455.625,1091.25,0,0.83580256,418.125,1222.5,0,0.906543,408.75,1381.875,0,0.9852576,390.0,1461.5625,0,0.81815886,forward,167.42106878741959,1
1619,54.020633333333336,256.9160461425781,,,,,,,,,,,,,,,,,,,,455.625,1086.5625,0,0.8361467,413.4375,1222.5,0,0.9065896,408.75,1386.5625,0,0.98973703,390.0,1461.5625,0,0.811079,forward,164.39510610303816,1
1620,54.054,257.79008865356445,,,,,,,,,,,,,,,,,,,,455.625,1081.875,0,0.8446681,413.4375,1222.5,0,0.9106551,408.75,1386.5625,0,0.9952777,390.0,1461.5625,0,0.81236553,forward,164.93733030823316,1
1621,54.08736666666667,256.75177574157715,,,,,,,,,,,,,,,,,,,,455.625,1086.5625,0,0.8485595,408.75,1222.5,0,0.9186655,408.75,1386.5625,0,0.9984685,390.0,1461.5625,0,0.8091664,forward,160.9743969658312,1
1622,54.120733333333334,260.47492027282715,,,,,,,,,,,,,,,,,,,,455.625,1086.5625,0,0.8494369,404.0625,1222.5,0,0.9316236,404.0625,1386.5625,0,1.0032661,390.0,1461.5625,0,0.8191014,forward,159.22773127354014,1
1623,54.1541,258.3892345428467,,,,,,,,,,,,,,,,,,,,455.625,1086.5625,0,0.8481034,399.375,1222.5,0,0.9451245,404.0625,1386.5625,0,1.0065644,390.0,1461.5625,0,0.8224827,forward,155.88397906574406,1
1624,54.187466666666666,258.1517696380615,,,,,,,,,,,,,,,,,,,,455.625,1086.5625,0,0.8492636,399.375,1222.5,0,0.95468664,404.0625,1386.5625,0,1.006304,390.0,1461.5625,0,0.8245956,forward,155.88397906574406,1
1625,54.22083333333333,258.41379165649414,,,,,,,,,,,,,,,,,,,,455.625,1086.5625,0,0.8513879,399.375,1222.5,0,0.9531224,404.0625,1386.5625,0,1.0052629,390.0,1461.5625,0,0.82349163,forward,155.88397906574406,1
1626,54.254200000000004,257.3709487915039,,,,,,,,,,,,,,,,,,,,455.625,1086.5625,0,0.8553555,404.0625,1222.5,0,0.9462359,404.0625,1386.5625,0,1.0046482,390.0,1461.5625,0,0.8167722,forward,159.22773127354014,1
1627,54.28756666666667,273.8790512084961,,,,,,,,,,,,,,,,,,,,455.625,1081.875,0,0.8531673,408.75,1222.5,0,0.92988956,408.75,1386.5625,0,0.99668646,390.0,1461.5625,0,0.8047828,forward,161.56505542142588,1
1628,54.320933333333336,274.578332901001,,,,,,,,,,,,,,,,,,,,455.625,1081.875,0,0.84328824,418.125,1222.5,0,0.894906,408.75,1386.5625,0,0.9932124,390.0,1461.5625,0,0.80835974,forward,168.33907420534592,1
1629,54.3543,262.0530128479004,,,,,,,,,,,,,,,,,,,,455.625,1086.5625,0,0.8407246,427.5,1231.875,0,0.90418303,413.4375,1386.5625,0,0.97265136,390.0,1461.5625,0,0.8159611,forward,174.24037019024996,1
1630,54.38766666666667,256.60014152526855,,,,,,,,,,,,,,,,,,,,460.3125,1086.5625,0,0.82257384,436.875,1231.875,0,0.89220345,413.4375,1386.5625,0,0.95859665,390.0,1461.5625,0,0.8117646,forward,179.45320314290015,1
1631,54.421033333333334,257.91001319885254,,,,,,,,,,,,,,,,,,,,460.3125,1086.5625,0,0.81663615,441.5625,1231.875,0,0.8903116,413.4375,1386.5625,0,0.9637729,390.0,1461.5625,0,0.8170986,forward,177.0475939303713,0
1632,54.4544,261.0931396484375,,,,,,,,,,,,,,,,,,,,460.3125,1086.5625,0,0.8173617,436.875,1231.875,0,0.892714,413.4375,1391.25,0,0.96162236,390.0,1461.5625,0,0.81408143,forward,179.2035240134455,1
1633,54.487766666666666,260.56909561157227,,,,,,,,,,,,,,,,,,,,460.3125,1091.25,0,0.8259106,432.1875,1231.875,0,0.894156,413.4375,1391.25,0,0.96156025,390.0,1461.5625,0,0.81192815,forward,175.3998914961261,1
1634,54.52113333333333,260.3271007537842,,,,,,,,,,,,,,,,,,,,465.0,1095.9375,0,0.8270638,427.5,1231.875,0,0.8878859,413.4375,1386.5625,0,0.96472305,385.3125,1461.5625,0,0.80494964,forward,169.77224175187587,1
1635,54.554500000000004,260.68997383117676,,,,,,,,,,,,,,,,,,,,460.3125,1091.25,0,0.83450943,427.5,1231.875,0,0.9025413,413.4375,1386.5625,0,0.9743518,385.3125,1461.5625,0,0.80134135,forward,172.06041244416252,1
1636,54.58786666666667,260.3180408477783,,,,,,,,,,,,,,,,,,,,460.3125,1091.25,0,0.83182526,422.8125,1227.1875,0,0.88993454,408.75,1386.5625,0,0.9758886,390.0,1461.5625,0,0.8004721,forward,169.620261651572,1
1637,54.621233333333336,259.95421409606934,,,,,,,,,,,,,,,,,,,,460.3125,1086.5625,0,0.83990574,422.8125,1227.1875,0,0.89783823,408.75,1386.5625,0,0.98772144,390.0,1461.5625,0,0.8041872,forward,170.11103128826147,1
1638,54.6546,260.0829601287842,,,,,,,,,,,,,,,,,,,,460.3125,1081.875,0,0.8359919,418.125,1227.1875,0,0.9069823,408.75,1386.5625,0,0.988834,390.0,1461.5625,0,0.8011577,forward,167.1772470461872,1
1639,54.68796666666667,252.6249885559082,,,,,,,,,,,,,,,,,,,,455.625,1081.875,0,0.8471783,413.4375,1227.1875,0,0.91054976,408.75,1386.5625,0,0.9858134,385.3125,1461.5625,0,0.80112565,forward,165.49545756871666,1
1640,54.721333333333334,251.3737678527832,,,,,,,,,,,,,,,,,,,,460.3125,1081.875,0,0.8513148,408.75,1227.1875,0,0.93816304,408.75,1386.5625,0,0.9928291,385.3125,1461.5625,0,0.8044083,forward,160.46333637802672,1
1641,54.7547,251.708984375,,,,,,,,,,,,,,,,,,,,455.625,1077.1875,0,0.8556653,404.0625,1222.5,0,0.94453406,404.0625,1386.5625,0,0.9958337,385.3125,1461.5625,0,0.80889416,forward,160.46333637802672,1
1642,54.788066666666666,254.9879550933838,,,,,,,,,,,,,,,,,,,,455.625,1077.1875,0,0.85395765,404.0625,1217.8125,0,0.94502103,404.0625,1386.5625,0,0.9980966,385.3125,1461.5625,0,0.8061333,forward,159.8637089828515,1
1643,54.82143333333333,254.72569465637207,,,,,,,,,,,,,,,,,,,,455.625,1072.5,0,0.8685669,404.0625,1213.125,0,0.9469968,404.0625,1386.5625,0,0.9910409,390.0,1461.5625,0,0.8076661,forward,159.8637089828515,1
1644,54.854800000000004,253.0679702758789,,,,,,,,,,,,,,,,,,,,455.625,1067.8125,0,0.86715794,404.0625,1213.125,0,0.94595003,408.75,1386.5625,0,0.98580515,390.0,1461.5625,0,0.805524,forward,158.91517432210284,1
1645,54.88816666666667,251.74593925476074,,,,,,,,,,,,,,,,,,,,455.625,1063.125,0,0.86677945,404.0625,1213.125,0,0.94478714,408.75,1386.5625,0,0.9810941,390.0,1461.5625,0,0.79941165,forward,159.48143468813385,1
1646,54.921533333333336,251.18207931518555,,,,,,,,,,,,,,,,,,,,460.3125,1053.75,0,0.8646606,408.75,1208.4375,0,0.9511548,408.75,1386.5625,0,0.97537255,390.0,1461.5625,0,0.7951834,forward,161.56504462194923,1
1647,54.9549,251.00016593933105,,,,,,,,,,,,,,,,,,,,460.3125,1044.375,0,0.8658175,408.75,1213.125,0,0.94349235,408.75,1386.5625,0,0.96537364,390.0,1461.5625,0,0.7902491,forward,163.00917811664917,1
1648,54.98826666666667,251.478910446167,,,,,,,,,,,,,,,,,,,,460.3125,1039.6875,0,0.8617046,408.75,1208.4375,0,0.9361918,408.75,1386.5625,0,0.96180093,390.0,1461.5625,0,0.78064585,forward,163.00917811664917,1
1649,55.021633333333334,254.97913360595703,,,,,,,,,,,,,,,,,,,,460.3125,1035.0,0,0.8638824,408.75,1203.75,0,0.94080174,408.75,1386.5625,0,0.96090573,390.0,1461.5625,0,0.7878367,forward,163.00917811664917,1
1650,55.055,255.07307052612305,,,,,,,,,,,,,,,,,,,,460.3125,1035.0,0,0.84983426,413.4375,1199.0625,0,0.93186593,408.75,1386.5625,0,0.94836617,390.0,1456.875,0,0.7779967,forward,165.4867061830387,1
1651,55.088366666666666,255.28788566589355,,,,,,,,,,,,,,,,,,,,460.3125,1030.3125,0,0.835741,413.4375,1199.0625,0,0.92531085,408.75,1386.5625,0,0.9410398,390.0,1456.875,0,0.76988816,forward,165.90800263143973,1
1652,55.12173333333333,255.58805465698242,,,,,,,,,,,,,,,,,,,,460.3125,1025.625,0,0.8331047,413.4375,1199.0625,0,0.92579484,408.75,1386.5625,0,0.93591213,390.0,1461.5625,0,0.76777494,forward,166.3080853399035,1
1653,55.155100000000004,256.85811042785645,,,,,,,,,,,,,,,,,,,,465.0,1020.9375,0,0.8321656,413.4375,1199.0625,0,0.92260236,404.0625,1386.5625,0,0.93893313,390.0,1461.5625,0,0.7686449,forward,166.7180761563901,1
1654,55.18846666666667,252.8209686279297,,,,,,,,,,,,,,,,,,,,465.0,1016.25,0,0.8359168,413.4375,1199.0625,0,0.9228932,404.0625,1386.5625,0,0.93753886,390.0,1456.875,0,0.76868355,forward,167.1112466570406,1
1655,55.221833333333336,251.6019344329834,,,,,,,,,,,,,,,,,,,,460.3125,1011.5625,0,0.8372323,413.4375,1199.0625,0,0.9234531,404.0625,1386.5625,0,0.94015074,390.0,1456.875,0,0.7669634,forward,168.8261834628041,1
1656,55.2552,253.7517547607422,,,,,,,,,,,,,,,,,,,,465.0,1011.5625,0,0.83651876,413.4375,1194.375,0,0.9170432,408.75,1386.5625,0,0.9474464,390.0,1456.875,0,0.75940466,forward,165.6460078927294,1
1657,55.28856666666667,255.324125289917,,,,,,,,,,,,,,,,,,,,460.3125,1006.875,0,0.8395879,418.125,1199.0625,0,0.9138503,408.75,1386.5625,0,0.948133,390.0,1456.875,0,0.7586374,forward,170.481631586619,1
1658,55.321933333333334,253.6618709564209,,,,,,,,,,,,,,,,,,,,460.3125,1002.1875,0,0.836515,418.125,1199.0625,0,0.9177648,408.75,1386.5625,0,0.95021,390.0,1456.875,0,0.7629502,forward,170.76766698380376,1
1659,55.3553,255.8579444885254,,,,,,,,,,,,,,,,,,,,460.3125,1002.1875,0,0.83501315,418.125,1194.375,0,0.9135058,408.75,1386.5625,0,0.95236915,390.0,1456.875,0,0.7577477,forward,170.41195652740143,1
1660,55.388666666666666,254.8520565032959,,,,,,,,,,,,,,,,,,,,460.3125,997.5,0,0.8361973,418.125,1194.375,0,0.91383356,408.75,1386.5625,0,0.95747805,390.0,1456.875,0,0.75436926,forward,170.69796061747948,1
1661,55.42203333333333,255.3410530090332,,,,,,,,,,,,,,,,,,,,460.3125,997.5,0,0.8311077,418.125,1194.375,0,0.91478586,408.75,1386.5625,0,0.9583654,385.3125,1456.875,0,0.75453234,forward,170.69796061747948,1
1662,55.455400000000004,271.30794525146484,,,,,,,,,,,,,,,,,,,,460.3125,992.8125,0,0.82920676,422.8125,1194.375,0,0.9159126,408.75,1386.5625,0,0.95762825,385.3125,1456.875,0,0.7548804,forward,173.64578080612705,1
1663,55.48876666666667,267.14015007019043,,,,,,,,,,,,,,,,,,,,460.3125,988.125,0,0.82496583,422.8125,1189.6875,0,0.9131855,408.75,1381.875,0,0.96236277,385.3125,1456.875,0,0.7648609,forward,173.64578080612705,1
1664,55.522133333333336,266.33501052856445,,,,,,,,,,,,,,,,,,,,460.3125,988.125,0,0.82562685,422.8125,1189.6875,0,0.90487814,408.75,1386.5625,0,0.95951885,385.3125,1456.875,0,0.76177007,forward,173.54645376526895,1
1665,55.5555,262.87198066711426,,,,,,,,,,,,,,,,,,,,455.625,983.4375,0,0.8162339,422.8125,1189.6875,0,0.9070251,408.75,1381.875,0,0.95630425,385.3125,1456.875,0,0.7597094,forward,175.14545960869623,1
1666,55.58886666666667,259.9351406097412,,,,,,,,,,,,,,,,,,,,455.625,983.4375,0,0.81659627,422.8125,1189.6875,0,0.9044635,408.75,1381.875,0,0.9538047,385.3125,1456.875,0,0.75952685,forward,175.14545960869623,1
1667,55.622233333333334,257.2610378265381,,,,,,,,,,,,,,,,,,,,455.625,983.4375,0,0.8173813,422.8125,1189.6875,0,0.89798963,408.75,1386.5625,0,0.9523461,385.3125,1456.875,0,0.7576755,forward,175.04615046160657,1
1668,55.6556,258.2969665527344,,,,,,,,,,,,,,,,,,,,455.625,983.4375,0,0.8202554,422.8125,1189.6875,0,0.8988526,408.75,1381.875,0,0.95651567,385.3125,1456.875,0,0.7601376,forward,175.14545960869623,1
1669,55.688966666666666,260.50877571105957,,,,,,,,,,,,,,,,,,,,455.625,983.4375,0,0.81742126,422.8125,1189.6875,0,0.8950434,408.75,1381.875,0,0.9558939,385.3125,1456.875,0,0.7579051,forward,175.14545960869623,1
1670,55.72233333333333,259.76085662841797,,,,,,,,,,,,,,,,,,,,455.625,983.4375,0,0.8165568,422.8125,1189.6875,0,0.89648676,408.75,1381.875,0,0.9562706,385.3125,1456.875,0,0.7587742,forward,175.14545960869623,1
1671,55.755700000000004,259.40608978271484,,,,,,,,,,,,,,,,,,,,455.625,983.4375,0,0.81566006,422.8125,1189.6875,0,0.8927642,408.75,1381.875,0,0.9567938,385.3125,1456.875,0,0.7596395,forward,175.14545960869623,1
1672,55.78906666666667,270.8871364593506,,,,,,,,,,,,,,,,,,,,455.625,983.4375,0,0.8179314,422.8125,1189.6875,0,0.8924564,408.75,1381.875,0,0.9592087,385.3125,1456.875,0,0.76085997,forward,175.14545960869623,1
1673,55.822433333333336,260.1320743560791,,,,,,,,,,,,,,,,,,,,455.625,983.4375,0,0.8194672,418.125,1189.6875,0,0.8914451,408.75,1381.875,0,0.95920473,385.3125,1456.875,0,0.7556094,forward,172.48788030617905,1
1674,55.8558,255.19728660583496,,,,,,,,,,,,,,,,,,,,455.625,983.4375,0,0.82028115,422.8125,1189.6875,0,0.8973842,408.75,1381.875,0,0.96093446,385.3125,1456.875,0,0.7577034,forward,175.14545960869623,1
1675,55.88916666666667,256.89077377319336,,,,,,,,,,,,,,,,,,,,450.9375,983.4375,0,0.8275478,422.8125,1189.6875,0,0.9001546,408.75,1381.875,0,0.9663403,385.3125,1456.875,0,0.7596108,forward,176.41968827074894,1
1676,55.922533333333334,254.61101531982422,,,,,,,,,,,,,,,,,,,,450.9375,983.4375,0,0.8322395,422.8125,1189.6875,0,0.90474826,408.75,1381.875,0,0.9679129,385.3125,1456.875,0,0.76023865,forward,176.41968827074894,1
1677,55.9559,253.5240650177002,,,,,,,,,,,,,,,,,,,,450.9375,983.4375,0,0.8327943,422.8125,1189.6875,0,0.9037081,408.75,1381.875,0,0.9661207,385.3125,1456.875,0,0.75883573,forward,176.41968827074894,1
1678,55.989266666666666,252.5961399078369,,,,,,,,,,,,,,,,,,,,450.9375,983.4375,0,0.8304701,422.8125,1189.6875,0,0.90621734,408.75,1386.5625,0,0.9668608,385.3125,1456.875,0,0.76120055,forward,176.32043731459493,1
1679,56.02263333333333,257.1227550506592,,,,,,,,,,,,,,,,,,,,450.9375,983.4375,0,0.8295369,422.8125,1189.6875,0,0.90772486,408.75,1386.5625,0,0.9646207,385.3125,1456.875,0,0.7584986,forward,176.32043731459493,1
1680,56.056000000000004,268.13697814941406,,,,,,,,,,,,,,,,,,,,450.9375,983.4375,0,0.83104193,418.125,1189.6875,0,0.90500367,408.75,1386.5625,0,0.96468806,385.3125,1456.875,0,0.7590013,forward,173.68686030020893,1
1681,56.08936666666667,265.09594917297363,,,,,,,,,,,,,,,,,,,,450.9375,983.4375,0,0.82831824,418.125,1189.6875,0,0.9023237,408.75,1386.5625,0,0.96309525,385.3125,1456.875,0,0.75997615,forward,173.68686030020893,1
1682,56.122733333333336,259.8569393157959,,,,,,,,,,,,,,,,,,,,450.9375,983.4375,0,0.8207904,418.125,1189.6875,0,0.9057467,408.75,1386.5625,0,0.96409035,385.3125,1456.875,0,0.76784146,forward,173.68686030020893,1
1683,56.1561,261.28387451171875,,,,,,,,,,,,,,,,,,,,450.9375,983.4375,0,0.82806015,418.125,1189.6875,0,0.90717375,408.75,1386.5625,0,0.96520823,385.3125,1456.875,0,0.76355445,forward,173.68686030020893,1
1684,56.18946666666667,261.02185249328613,,,,,,,,,,,,,,,,,,,,450.9375,988.125,0,0.82119775,418.125,1194.375,0,0.9051634,408.75,1386.5625,0,0.96177393,385.3125,1456.875,0,0.7647651,forward,173.75323494552418,1
1685,56.222833333333334,261.0597610473633,,,,,,,,,,,,,,,,,,,,450.9375,988.125,0,0.82634753,418.125,1194.375,0,0.91181636,408.75,1381.875,0,0.9621272,385.3125,1456.875,0,0.76168084,forward,173.8229216051935,1
1686,56.2562,261.9891166687012,,,,,,,,,,,,,,,,,,,,455.625,988.125,0,0.82474935,418.125,1194.375,0,0.9065125,408.75,1386.5625,0,0.96207494,385.3125,1456.875,0,0.75994205,forward,172.48788030617905,1
1687,56.289566666666666,261.83295249938965,,,,,,,,,,,,,,,,,,,,455.625,992.8125,0,0.8220809,418.125,1199.0625,0,0.9095695,408.75,1386.5625,0,0.9580089,385.3125,1456.875,0,0.7564043,forward,172.55755572909862,1
1688,56.32293333333333,262.1192932128906,,,,,,,,,,,,,,,,,,,,455.625,997.5,0,0.8276973,418.125,1199.0625,0,0.91342825,408.75,1386.5625,0,0.95477176,385.3125,1456.875,0,0.74972916,forward,172.32322432052243,1
1689,56.356300000000005,261.3201141357422,,,,,,,,,,,,,,,,,,,,455.625,997.5,0,0.82711726,422.8125,1199.0625,0,0.91370565,408.75,1386.5625,0,0.95504224,385.3125,1456.875,0,0.745444,forward,175.0430271570548,1
1690,56.38966666666667,263.1058692932129,,,,,,,,,,,,,,,,,,,,460.3125,997.5,0,0.8326198,422.8125,1199.0625,0,0.9126706,408.75,1386.5625,0,0.95108163,385.3125,1456.875,0,0.73999083,forward,173.74994031911328,1
1691,56.423033333333336,263.35597038269043,,,,,,,,,,,,,,,,,,,,460.3125,1002.1875,0,0.8365828,422.8125,1199.0625,0,0.9130101,408.75,1386.5625,0,0.955118,385.3125,1456.875,0,0.7431048,forward,173.50480949082362,1
1692,56.4564,263.16022872924805,,,,,,,,,,,,,,,,,,,,460.3125,1006.875,0,0.8360372,422.8125,1203.75,0,0.91814876,408.75,1386.5625,0,0.9535501,385.3125,1461.5625,0,0.74604297,forward,173.6143839073913,1
1693,56.48976666666667,263.59009742736816,,,,,,,,,,,,,,,,,,,,460.3125,1011.5625,0,0.8301294,422.8125,1203.75,0,0.9118868,408.75,1386.5625,0,0.9460306,385.3125,1456.875,0,0.74710494,forward,173.35775071738738,1
1694,56.523133333333334,262.87269592285156,,,,,,,,,,,,,,,,,,,,460.3125,1011.5625,0,0.8387352,418.125,1203.75,0,0.91495264,408.75,1386.5625,0,0.9469603,385.3125,1456.875,0,0.75695884,forward,170.55487435687394,1
1695,56.5565,263.7650966644287,,,,,,,,,,,,,,,,,,,,460.3125,1016.25,0,0.83627075,418.125,1203.75,0,0.9195991,408.75,1386.5625,0,0.9479482,385.3125,1456.875,0,0.7626399,forward,170.25526708425687,1
1696,56.589866666666666,263.28492164611816,,,,,,,,,,,,,,,,,,,,460.3125,1020.9375,0,0.83545953,418.125,1208.4375,0,0.91337264,408.75,1386.5625,0,0.95102644,385.3125,1456.875,0,0.7641622,forward,170.3324025091804,1
1697,56.62323333333333,263.0500793457031,,,,,,,,,,,,,,,,,,,,460.3125,1025.625,0,0.8288106,413.4375,1213.125,0,0.91086054,408.75,1386.5625,0,0.9514658,385.3125,1456.875,0,0.7617372,forward,167.51191850250527,1
1698,56.656600000000005,263.10086250305176,,,,,,,,,,,,,,,,,,,,460.3125,1030.3125,0,0.83801615,413.4375,1213.125,0,0.9145893,408.75,1386.5625,0,0.9543927,385.3125,1456.875,0,0.7666795,forward,167.1667568101556,1
1699,56.68996666666667,262.7420425415039,,,,,,,,,,,,,,,,,,,,460.3125,1035.0,0,0.8415165,413.4375,1213.125,0,0.9179833,408.75,1386.5625,0,0.95476574,385.3125,1456.875,0,0.7690922,forward,166.80458393723444,1
1700,56.723333333333336,269.0761089324951,,,,,,,,,,,,,,,,,,,,460.3125,1039.6875,0,0.8468765,413.4375,1213.125,0,0.9253348,408.75,1386.5625,0,0.9594873,385.3125,1456.875,0,0.7793273,forward,166.4241497078838,1
1701,56.7567,267.7929401397705,,,,,,,,,,,,,,,,,,,,460.3125,1039.6875,0,0.84424233,408.75,1213.125,0,0.92933786,408.75,1386.5625,0,0.96000695,385.3125,1456.875,0,0.78259206,forward,163.4429346985145,1
1702,56.79006666666667,255.89609146118164,,,,,,,,,,,,,,,,,,,,460.3125,1044.375,0,0.8480972,408.75,1213.125,0,0.93093055,408.75,1386.5625,0,0.95943797,385.3125,1456.875,0,0.78326726,forward,163.00917811664917,1
1703,56.823433333333334,257.8418254852295,,,,,,,,,,,,,,,,,,,,460.3125,1044.375,0,0.8527359,408.75,1213.125,0,0.9335968,408.75,1381.875,0,0.96167743,385.3125,1456.875,0,0.7867775,forward,163.00917811664917,1
1704,56.8568,255.7671070098877,,,,,,,,,,,,,,,,,,,,455.625,1049.0625,0,0.85065293,408.75,1217.8125,0,0.9339352,408.75,1381.875,0,0.96110654,385.3125,1456.875,0,0.78774655,forward,164.47588785830487,1
1705,56.890166666666666,254.9598217010498,,,,,,,,,,,,,,,,,,,,460.3125,1049.0625,0,0.84847885,408.75,1213.125,0,0.93679196,408.75,1386.5625,0,0.96219605,385.3125,1456.875,0,0.7892329,forward,162.55282694106322,1
1706,56.92353333333333,262.5138759613037,,,,,,,,,,,,,,,,,,,,455.625,1053.75,0,0.8484724,408.75,1213.125,0,0.9367899,408.75,1381.875,0,0.9636703,385.3125,1456.875,0,0.7902544,forward,163.61045672721096,1
1707,56.956900000000005,264.4381523132324,,,,,,,,,,,,,,,,,,,,455.625,1058.4375,0,0.85236,408.75,1213.125,0,0.9359373,408.75,1381.875,0,0.96768075,385.3125,1456.875,0,0.7937099,forward,163.14159946055895,1
1708,56.99026666666667,267.5321102142334,,,,,,,,,,,,,,,,,,,,455.625,1063.125,0,0.8584454,408.75,1217.8125,0,0.93429637,408.75,1381.875,0,0.972678,385.3125,1456.875,0,0.7938871,forward,163.14159946055895,1
1709,57.023633333333336,269.00792121887207,,,,,,,,,,,,,,,,,,,,455.625,1067.8125,0,0.85809803,408.75,1217.8125,0,0.93155164,408.75,1381.875,0,0.97838527,385.3125,1456.875,0,0.79551506,forward,162.6459666716485,1
1710,57.057,263.5660171508789,,,,,,,,,,,,,,,,,,,,455.625,1072.5,0,0.85826886,404.0625,1222.5,0,0.94157284,408.75,1381.875,0,0.9866359,385.3125,1456.875,0,0.80101854,forward,159.34490913219668,1
1711,57.09036666666667,264.1432285308838,,,,,,,,,,,,,,,,,,,,455.625,1072.5,0,0.85403466,404.0625,1222.5,0,0.9419048,408.75,1386.5625,0,0.99263453,385.3125,1456.875,0,0.8063252,forward,159.39301237528963,1
1712,57.123733333333334,260.93292236328125,,,,,,,,,,,,,,,,,,,,455.625,1081.875,0,0.8460176,404.0625,1227.1875,0,0.93795156,408.75,1386.5625,0,0.98849404,385.3125,1456.875,0,0.8040658,forward,158.7786504126321,1
1713,57.1571,258.2690715789795,,,,,,,,,,,,,,,,,,,,460.3125,1086.5625,0,0.8533919,404.0625,1227.1875,0,0.9552248,408.75,1386.5625,0,1.0019182,385.3125,1456.875,0,0.81702495,forward,156.51390450025372,1
1714,57.190466666666666,255.25188446044922,,,,,,,,,,,,,,,,,,,,460.3125,1086.5625,0,0.8387668,404.0625,1222.5,0,0.9476264,408.75,1386.5625,0,0.99620795,385.3125,1456.875,0,0.8178375,forward,155.88397906574406,1
1715,57.22383333333333,263.87715339660645,,,,,,,,,,,,,,,,,,,,460.3125,1091.25,0,0.8472094,404.0625,1227.1875,0,0.959115,408.75,1386.5625,0,0.9975623,385.3125,1456.875,0,0.82471853,forward,155.83588017091782,1
1716,57.257200000000005,261.5008354187012,,,,,,,,,,,,,,,,,,,,460.3125,1095.9375,0,0.8495246,404.0625,1227.1875,0,0.96199346,408.75,1386.5625,0,1.0069473,385.3125,1456.875,0,0.824553,forward,155.11671955145238,1
1717,57.29056666666667,262.7537250518799,,,,,,,,,,,,,,,,,,,,460.3125,1095.9375,0,0.85007656,404.0625,1227.1875,0,0.96206903,408.75,1386.5625,0,1.004566,385.3125,1456.875,0,0.82211846,forward,155.11671955145238,1
1718,57.323933333333336,262.1941566467285,,,,,,,,,,,,,,,,,,,,460.3125,1100.625,0,0.84892297,404.0625,1231.875,0,0.95655024,408.75,1386.5625,0,1.0042084,385.3125,1456.875,0,0.8257724,forward,155.06570900682277,1
1719,57.3573,264.6369934082031,,,,,,,,,,,,,,,,,,,,465.0,1100.625,0,0.8522171,404.0625,1227.1875,0,0.9642245,408.75,1381.875,0,1.0081332,385.3125,1456.875,0,0.8293414,forward,152.55434845171334,1
1720,57.39066666666667,254.32205200195312,,,,,,,,,,,,,,,,,,,,460.3125,1100.625,0,0.8495933,404.0625,1227.1875,0,0.96424806,408.75,1386.5625,0,1.008166,385.3125,1456.875,0,0.82608914,forward,154.35283074253795,1
1721,57.424033333333334,260.5760097503662,,,,,,,,,,,,,,,,,,,,465.0,1105.3125,0,0.848696,404.0625,1227.1875,0,0.96462,408.75,1386.5625,0,1.005445,385.3125,1456.875,0,0.8227836,forward,151.7502656122317,1
1722,57.4574,264.2652988433838,,,,,,,,,,,,,,,,,,,,465.0,1105.3125,0,0.84634805,404.0625,1227.1875,0,0.95904493,408.75,1386.5625,0,1.004527,385.3125,1456.875,0,0.82469547,forward,151.7502656122317,1
1723,57.490766666666666,254.9431324005127,,,,,,,,,,,,,,,,,,,,465.0,1100.625,0,0.8440885,404.0625,1222.5,0,0.9607519,408.75,1386.5625,0,1.0070326,385.3125,1456.875,0,0.8192078,forward,151.7983712589608,1
1724,57.52413333333333,270.2600955963135,,,,,,,,,,,,,,,,,,,,465.0,1095.9375,0,0.8459972,404.0625,1227.1875,0,0.9535153,408.75,1386.5625,0,1.0002427,385.3125,1456.875,0,0.8082726,forward,153.41055195629292,1
1725,57.557500000000005,268.2311534881592,,,,,,,,,,,,,,,,,,,,465.0,1095.9375,0,0.8467583,408.75,1231.875,0,0.9496312,408.75,1386.5625,0,1.0040442,385.3125,1456.875,0,0.8130725,forward,157.5205568034744,1
1726,57.59086666666667,271.01898193359375,,,,,,,,,,,,,,,,,,,,469.6875,1095.9375,0,0.8488283,408.75,1231.875,0,0.95964,408.75,1386.5625,0,1.0026336,385.3125,1456.875,0,0.8131937,forward,155.85444936190478,1
1727,57.624233333333336,263.1189823150635,,,,,,,,,,,,,,,,,,,,465.0,1095.9375,0,0.8489145,408.75,1231.875,0,0.9588653,408.75,1386.5625,0,0.9928664,385.3125,1456.875,0,0.804636,forward,157.5205568034744,1
1728,57.6576,267.6079273223877,,,,,,,,,,,,,,,,,,,,465.0,1091.25,0,0.85561347,408.75,1231.875,0,0.95507646,413.4375,1386.5625,0,0.9910275,385.3125,1456.875,0,0.80759436,forward,156.46288372364614,1
1729,57.69096666666667,256.3440799713135,,,,,,,,,,,,,,,,,,,,465.0,1086.5625,0,0.86104906,408.75,1231.875,0,0.95096004,413.4375,1386.5625,0,0.990303,385.3125,1456.875,0,0.80662847,forward,157.1030409808298,1
1730,57.724333333333334,257.54499435424805,,,,,,,,,,,,,,,,,,,,465.0,1081.875,0,0.8646618,408.75,1231.875,0,0.94644207,413.4375,1386.5625,0,0.99014324,385.3125,1456.875,0,0.8105136,forward,157.70826080988465,1
1731,57.7577,255.54728507995605,,,,,,,,,,,,,,,,,,,,465.0,1077.1875,0,0.8648641,408.75,1227.1875,0,0.9348602,413.4375,1386.5625,0,0.98948514,385.3125,1456.875,0,0.80792713,forward,157.75926494117164,1
1732,57.791066666666666,255.78713417053223,,,,,,,,,,,,,,,,,,,,465.0,1067.8125,0,0.86113316,408.75,1222.5,0,0.92971003,413.4375,1381.875,0,0.9792501,385.3125,1456.875,0,0.8012419,forward,158.3322127159319,1
1733,57.82443333333333,256.0410499572754,,,,,,,,,,,,,,,,,,,,465.0,1063.125,0,0.86489356,408.75,1222.5,0,0.9327368,413.4375,1381.875,0,0.9742086,385.3125,1456.875,0,0.7979581,forward,158.87527341234576,1
1734,57.857800000000005,255.33604621887207,,,,,,,,,,,,,,,,,,,,465.0,1063.125,0,0.8604274,408.75,1217.8125,0,0.9320869,408.75,1381.875,0,0.9719599,385.3125,1456.875,0,0.8017694,forward,160.01690086060162,1
1735,57.89116666666667,255.10096549987793,,,,,,,,,,,,,,,,,,,,465.0,1053.75,0,0.85965836,408.75,1217.8125,0,0.93672806,413.4375,1381.875,0,0.9677844,385.3125,1456.875,0,0.7946533,forward,159.43877271377508,1
1736,57.924533333333336,254.78601455688477,,,,,,,,,,,,,,,,,,,,465.0,1053.75,0,0.8601944,408.75,1222.5,0,0.9386302,413.4375,1386.5625,0,0.96839625,385.3125,1456.875,0,0.79414696,forward,159.92847903470314,1
1737,57.9579,255.25999069213867,,,,,,,,,,,,,,,,,,,,465.0,1049.0625,0,0.8526149,408.75,1222.5,0,0.9361305,413.4375,1386.5625,0,0.9583584,385.3125,1456.875,0,0.78507125,forward,160.39427554701126,1
1738,57.99126666666667,255.14698028564453,,,,,,,,,,,,,,,,,,,,465.0,1039.6875,0,0.8447702,408.75,1213.125,0,0.9348235,413.4375,1386.5625,0,0.9534935,385.3125,1456.875,0,0.775637,forward,160.48268768107314,1
1739,58.024633333333334,255.02490997314453,,,,,,,,,,,,,,,,,,,,469.6875,1035.0,0,0.8359663,408.75,1213.125,0,0.92741704,408.75,1386.5625,0,0.95414233,385.3125,1456.875,0,0.7764533,forward,161.1139068592984,1
1740,58.058,254.8043727874756,,,,,,,,,,,,,,,,,,,,469.6875,1030.3125,0,0.8384502,413.4375,1208.4375,0,0.9231403,408.75,1386.5625,0,0.9591415,385.3125,1456.875,0,0.7777513,forward,163.98187001614755,1
1741,58.091366666666666,254.20093536376953,,,,,,,,,,,,,,,,,,,,469.6875,1025.625,0,0.8394132,413.4375,1203.75,0,0.9356899,408.75,1386.5625,0,0.96587384,385.3125,1456.875,0,0.7845851,forward,163.9432398939008,1
1742,58.12473333333333,254.2741298675537,,,,,,,,,,,,,,,,,,,,469.6875,1020.9375,0,0.83420146,413.4375,1199.0625,0,0.94297373,408.75,1386.5625,0,0.9617144,385.3125,1456.875,0,0.7821653,forward,163.9065479120705,1
1743,58.158100000000005,254.55904006958008,,,,,,,,,,,,,,,,,,,,469.6875,1016.25,0,0.8405477,418.125,1199.0625,0,0.9411913,408.75,1386.5625,0,0.95853496,385.3125,1456.875,0,0.7793511,forward,167.1112466570406,1
1744,58.19146666666667,254.20308113098145,,,,,,,,,,,,,,,,,,,,469.6875,1011.5625,0,0.83821714,418.125,1199.0625,0,0.9393435,408.75,1386.5625,0,0.9612117,385.3125,1456.875,0,0.77611315,forward,167.48615415032552,1
1745,58.224833333333336,254.79817390441895,,,,,,,,,,,,,,,,,,,,469.6875,1006.875,0,0.83677787,418.125,1199.0625,0,0.94058454,408.75,1381.875,0,0.9633064,385.3125,1456.875,0,0.783467,forward,167.9172887302628,1
1746,58.2582,254.0442943572998,,,,,,,,,,,,,,,,,,,,469.6875,1002.1875,0,0.8330235,422.8125,1199.0625,0,0.9284214,408.75,1381.875,0,0.9615456,385.3125,1456.875,0,0.7802813,forward,171.00621014023938,1
1747,58.29156666666667,253.99494171142578,,,,,,,,,,,,,,,,,,,,465.0,997.5,0,0.8277799,422.8125,1199.0625,0,0.92360103,408.75,1386.5625,0,0.9599093,385.3125,1456.875,0,0.7740902,forward,172.46766273938542,1
1748,58.324933333333334,254.21881675720215,,,,,,,,,,,,,,,,,,,,465.0,992.8125,0,0.82125634,427.5,1194.375,0,0.916047,408.75,1386.5625,0,0.95815724,385.3125,1456.875,0,0.7689067,forward,175.03303785877293,1
1749,58.3583,254.89115715026855,,,,,,,,,,,,,,,,,,,,465.0,992.8125,0,0.82105255,427.5,1194.375,0,0.9159894,408.75,1386.5625,0,0.9567057,385.3125,1456.875,0,0.7662953,forward,175.03303785877293,1
1750,58.391666666666666,254.85706329345703,,,,,,,,,,,,,,,,,,,,465.0,988.125,0,0.81869346,427.5,1194.375,0,0.9082424,408.75,1386.5625,0,0.9571786,380.625,1456.875,0,0.7680073,forward,175.26732414379808,1
1751,58.42503333333333,253.67498397827148,,,,,,,,,,,,,,,,,,,,465.0,988.125,0,0.813859,427.5,1194.375,0,0.90793455,408.75,1386.5625,0,0.95702803,380.625,1456.875,0,0.76623034,forward,175.26732414379808,1
1752,58.458400000000005,257.89403915405273,,,,,,,,,,,,,,,,,,,,465.0,988.125,0,0.8132708,427.5,1194.375,0,0.9069203,408.75,1386.5625,0,0.95357084,385.3125,1456.875,0,0.7647009,forward,175.26732414379808,1
1753,58.49176666666667,252.95162200927734,,,,,,,,,,,,,,,,,,,,460.3125,988.125,0,0.8140093,427.5,1189.6875,0,0.9065906,408.75,1386.5625,0,0.9544269,385.3125,1456.875,0,0.76397234,forward,176.1941939747728,1
1754,58.525133333333336,251.77693367004395,,,,,,,,,,,,,,,,,,,,460.3125,983.4375,0,0.8140719,427.5,1189.6875,0,0.9042816,408.75,1386.5625,0,0.9544567,385.3125,1456.875,0,0.7634178,forward,176.4008705084081,1
1755,58.5585,252.88772583007812,,,,,,,,,,,,,,,,,,,,460.3125,988.125,0,0.8170986,422.8125,1194.375,0,0.9004735,408.75,1386.5625,0,0.95515585,385.3125,1456.875,0,0.7628491,forward,173.88005991960415,1
1756,58.59186666666667,255.0358772277832,,,,,,,,,,,,,,,,,,,,460.3125,983.4375,0,0.81164855,422.8125,1189.6875,0,0.8994646,408.75,1386.5625,0,0.95523584,385.3125,1456.875,0,0.76408947,forward,173.78078929355053,1
1757,58.625233333333334,251.62601470947266,,,,,,,,,,,,,,,,,,,,460.3125,983.4375,0,0.81482196,422.8125,1189.6875,0,0.8964968,408.75,1386.5625,0,0.9536833,385.3125,1456.875,0,0.761974,forward,173.78078929355053,1
1758,58.6586,265.49696922302246,,,,,,,,,,,,,,,,,,,,455.625,983.4375,0,0.8174261,422.8125,1189.6875,0,0.8983945,408.75,1386.5625,0,0.9522706,380.625,1456.875,0,0.7616107,forward,175.04615046160657,1
1759,58.691966666666666,264.8601531982422,,,,,,,,,,,,,,,,,,,,455.625,983.4375,0,0.8147572,422.8125,1189.6875,0,0.90216815,408.75,1386.5625,0,0.95100904,380.625,1456.875,0,0.76228976,forward,175.04615046160657,1
1760,58.72533333333333,259.9658966064453,,,,,,,,,,,,,,,,,,,,455.625,983.4375,0,0.8160518,418.125,1189.6875,0,0.895649,408.75,1386.5625,0,0.9508234,380.625,1456.875,0,0.7613365,forward,172.42148236168777,1
1761,58.758700000000005,262.1619701385498,,,,,,,,,,,,,,,,,,,,455.625,983.4375,0,0.81834364,418.125,1189.6875,0,0.9003155,408.75,1386.5625,0,0.9512106,385.3125,1456.875,0,0.7596538,forward,172.42148236168777,1
1762,58.79206666666667,259.5808506011963,,,,,,,,,,,,,,,,,,,,455.625,983.4375,0,0.8198697,418.125,1189.6875,0,0.9006026,408.75,1386.5625,0,0.9529768,385.3125,1456.875,0,0.7591691,forward,172.42148236168777,1
1763,58.825433333333336,261.5771293640137,,,,,,,,,,,,,,,,,,,,455.625,983.4375,0,0.8213619,418.125,1189.6875,0,0.90270156,408.75,1386.5625,0,0.95371974,385.3125,1456.875,0,0.76158816,forward,172.42148236168777,1
1764,58.8588,261.80386543273926,,,,,,,,,,,,,,,,,,,,455.625,988.125,0,0.82372034,422.8125,1189.6875,0,0.9062193,408.75,1386.5625,0,0.95698255,385.3125,1456.875,0,0.7638179,forward,174.83953875092138,1
1765,58.89216666666667,261.84916496276855,,,,,,,,,,,,,,,,,,,,455.625,988.125,0,0.82460785,418.125,1194.375,0,0.9072915,408.75,1381.875,0,0.95778334,385.3125,1456.875,0,0.76406634,forward,172.55755572909862,1
1766,58.925533333333334,261.43407821655273,,,,,,,,,,,,,,,,,,,,455.625,988.125,0,0.82711744,418.125,1194.375,0,0.9152442,408.75,1381.875,0,0.9626426,385.3125,1456.875,0,0.76419985,forward,172.55755572909862,1
1767,58.9589,261.13104820251465,,,,,,,,,,,,,,,,,,,,460.3125,988.125,0,0.8255226,418.125,1194.375,0,0.9145175,408.75,1381.875,0,0.96146524,385.3125,1456.875,0,0.7645482,forward,171.30229296442567,1
1768,58.992266666666666,261.5511417388916,,,,,,,,,,,,,,,,,,,,460.3125,992.8125,0,0.8282746,418.125,1199.0625,0,0.91346514,408.75,1381.875,0,0.960385,385.3125,1456.875,0,0.75995946,forward,171.37554353832255,1
1769,59.02563333333333,264.9531364440918,,,,,,,,,,,,,,,,,,,,460.3125,997.5,0,0.8314229,422.8125,1199.0625,0,0.9208183,408.75,1386.5625,0,0.96471035,385.3125,1456.875,0,0.76249176,forward,173.74994031911328,1
1770,59.059000000000005,261.87896728515625,,,,,,,,,,,,,,,,,,,,460.3125,997.5,0,0.83504057,422.8125,1199.0625,0,0.924151,413.4375,1386.5625,0,0.9678359,385.3125,1456.875,0,0.759199,forward,172.32322432052243,1
1771,59.09236666666667,262.1891498565674,,,,,,,,,,,,,,,,,,,,460.3125,1002.1875,0,0.8307894,418.125,1199.0625,0,0.9172654,408.75,1386.5625,0,0.9633838,385.3125,1456.875,0,0.75834227,forward,170.76766698380376,1
1772,59.125733333333336,261.627197265625,,,,,,,,,,,,,,,,,,,,460.3125,1002.1875,0,0.83975667,418.125,1203.75,0,0.9165963,408.75,1386.5625,0,0.9636202,385.3125,1456.875,0,0.7553678,forward,171.1141591925051,1
1773,59.1591,261.14487648010254,,,,,,,,,,,,,,,,,,,,460.3125,1006.875,0,0.83786917,418.125,1203.75,0,0.9193138,408.75,1386.5625,0,0.963814,385.3125,1456.875,0,0.7601857,forward,170.84088076236426,1
1774,59.19246666666667,260.50519943237305,,,,,,,,,,,,,,,,,,,,465.0,1011.5625,0,0.84069395,418.125,1208.4375,0,0.9191028,408.75,1386.5625,0,0.9645338,385.3125,1456.875,0,0.766235,forward,169.62031851584996,1
1775,59.225833333333334,260.87188720703125,,,,,,,,,,,,,,,,,,,,465.0,1011.5625,0,0.8345383,413.4375,1203.75,0,0.91396177,408.75,1386.5625,0,0.95501095,385.3125,1456.875,0,0.75760293,forward,166.4504354126401,1
1776,59.2592,261.7630958557129,,,,,,,,,,,,,,,,,,,,465.0,1016.25,0,0.83717334,413.4375,1203.75,0,0.9190719,408.75,1386.5625,0,0.9554495,385.3125,1456.875,0,0.7672981,forward,166.09253731060898,1
1777,59.292566666666666,260.68997383117676,,,,,,,,,,,,,,,,,,,,465.0,1016.25,0,0.8320507,413.4375,1208.4375,0,0.91624093,408.75,1386.5625,0,0.95417666,385.3125,1456.875,0,0.77162176,forward,166.48908829532806,1
1778,59.32593333333333,260.2391242980957,,,,,,,,,,,,,,,,,,,,465.0,1020.9375,0,0.8360092,408.75,1213.125,0,0.9199451,408.75,1381.875,0,0.9607019,385.3125,1456.875,0,0.7808467,forward,163.68613808270754,1
1779,59.359300000000005,260.71882247924805,,,,,,,,,,,,,,,,,,,,465.0,1025.625,0,0.8263562,408.75,1208.4375,0,0.9144317,408.75,1381.875,0,0.9592153,385.3125,1456.875,0,0.7714396,forward,162.89727245239635,1
1780,59.39266666666667,260.82396507263184,,,,,,,,,,,,,,,,,,,,465.0,1030.3125,0,0.8252151,408.75,1213.125,0,0.91118824,408.75,1381.875,0,0.96010387,385.3125,1456.875,0,0.7794715,forward,162.89728406497815,1
1781,59.426033333333336,260.61129570007324,,,,,,,,,,,,,,,,,,,,460.3125,1030.3125,0,0.8282801,408.75,1213.125,0,0.9098301,408.75,1381.875,0,0.95918745,385.3125,1456.875,0,0.77779573,forward,164.24883761929004,1
1782,59.4594,260.653018951416,,,,,,,,,,,,,,,,,,,,460.3125,1035.0,0,0.83185637,408.75,1213.125,0,0.9145245,408.75,1381.875,0,0.9615663,385.3125,1456.875,0,0.7836046,forward,163.8556594269919,1
1783,59.49276666666667,262.0820999145508,,,,,,,,,,,,,,,,,,,,465.0,1039.6875,0,0.8327672,404.0625,1213.125,0,0.9211559,408.75,1381.875,0,0.9611789,385.3125,1456.875,0,0.7872926,forward,159.04986315655654,1
1784,59.526133333333334,261.26694679260254,,,,,,,,,,,,,,,,,,,,460.3125,1044.375,0,0.8372582,404.0625,1213.125,0,0.92419004,408.75,1381.875,0,0.965689,385.3125,1456.875,0,0.7966649,forward,159.97391462019235,1
1785,59.5595,259.83524322509766,,,,,,,,,,,,,,,,,,,,460.3125,1044.375,0,0.8440277,404.0625,1217.8125,0,0.9308697,408.75,1381.875,0,0.96745825,385.3125,1456.875,0,0.79974663,forward,160.39427554701126,1
1786,59.592866666666666,260.12706756591797,,,,,,,,,,,,,,,,,,,,460.3125,1049.0625,0,0.8483801,399.375,1217.8125,0,0.9351182,408.75,1381.875,0,0.9716137,385.3125,1456.875,0,0.80707353,forward,156.87430095205613,1
1787,59.62623333333333,259.80210304260254,,,,,,,,,,,,,,,,,,,,460.3125,1049.0625,0,0.8529599,399.375,1222.5,0,0.9374823,408.75,1381.875,0,0.9700307,385.3125,1456.875,0,0.80903035,forward,157.27454632593094,1
1788,59.6596,259.4451904296875,,,,,,,,,,,,,,,,,,,,460.3125,1053.75,0,0.8541709,394.6875,1222.5,0,0.94114023,408.75,1381.875,0,0.9717232,385.3125,1456.875,0,0.8138684,forward,153.70704205758707,1
1789,59.69296666666667,257.86590576171875,,,,,,,,,,,,,,,,,,,,460.3125,1063.125,0,0.8506453,394.6875,1227.1875,0,0.93940157,408.75,1381.875,0,0.9741956,385.3125,1456.875,0,0.81779575,forward,153.00416835190683,1
1790,59.726333333333336,257.3511600494385,,,,,,,,,,,,,,,,,,,,460.3125,1063.125,0,0.8545518,394.6875,1227.1875,0,0.9502593,408.75,1381.875,0,0.97496843,385.3125,1456.875,0,0.81808794,forward,153.00416835190683,1
1791,59.7597,257.4479579925537,,,,,,,,,,,,,,,,,,,,460.3125,1072.5,0,0.8522762,394.6875,1227.1875,0,0.9511751,408.75,1381.875,0,0.972846,380.625,1456.875,0,0.8137514,forward,151.81684788659769,1
1792,59.79306666666667,261.721134185791,,,,,,,,,,,,,,,,,,,,460.3125,1077.1875,0,0.8569297,394.6875,1227.1875,0,0.9526886,408.75,1381.875,0,0.9800606,380.625,1456.875,0,0.8199162,forward,151.1761871458863,1
1793,59.826433333333334,259.951114654541,,,,,,,,,,,,,,,,,,,,460.3125,1081.875,0,0.85356474,394.6875,1227.1875,0,0.9607167,408.75,1381.875,0,0.98375857,385.3125,1456.875,0,0.82328594,forward,150.50101598143277,1
1794,59.8598,259.6752643585205,,,,,,,,,,,,,,,,,,,,460.3125,1086.5625,0,0.85639286,394.6875,1227.1875,0,0.9622576,408.75,1386.5625,0,0.98824656,380.625,1456.875,0,0.82406175,forward,149.94064929566255,1
1795,59.893166666666666,261.52992248535156,,,,,,,,,,,,,,,,,,,,460.3125,1091.25,0,0.8505809,394.6875,1227.1875,0,0.9638958,408.75,1381.875,0,0.98954904,385.3125,1456.875,0,0.830409,forward,149.03624324787637,1
1796,59.92653333333333,261.368989944458,,,,,,,,,,,,,,,,,,,,460.3125,1091.25,0,0.8575587,394.6875,1231.875,0,0.9647144,408.75,1386.5625,0,0.99353385,380.625,1456.875,0,0.82767785,forward,149.78867053507645,1
1797,59.9599,262.6218795776367,,,,,,,,,,,,,,,,,,,,460.3125,1095.9375,0,0.85769165,394.6875,1231.875,0,0.97090477,408.75,1386.5625,0,1.000156,380.625,1456.875,0,0.8317623,forward,149.03624324787637,1
1798,59.99326666666667,263.35716247558594,,,,,,,,,,,,,,,,,,,,460.3125,1100.625,0,0.85113776,394.6875,1231.875,0,0.97034967,408.75,1386.5625,0,1.0022113,380.625,1456.875,0,0.8302383,forward,148.24051976431096,1
1799,60.026633333333336,262.4969482421875,,,,,,,,,,,,,,,,,,,,460.3125,1100.625,0,0.8453939,394.6875,1231.875,0,0.9644648,408.75,1386.5625,0,0.997107,380.625,1456.875,0,0.82930404,forward,148.24051976431096,1
1800,60.06,261.79027557373047,,,,,,,,,,,,,,,,,,,,460.3125,1100.625,0,0.84968454,394.6875,1231.875,0,0.971665,408.75,1386.5625,0,1.0021958,380.625,1456.875,0,0.83141184,forward,148.24051976431096,1
1801,60.09336666666667,261.42072677612305,,,,,,,,,,,,,,,,,,,,460.3125,1105.3125,0,0.85629845,394.6875,1231.875,0,0.9750122,408.75,1386.5625,0,1.0071313,380.625,1456.875,0,0.8312768,forward,147.39799174434665,1
1802,60.126733333333334,261.152982711792,,,,,,,,,,,,,,,,,,,,460.3125,1105.3125,0,0.85504216,394.6875,1231.875,0,0.9757817,408.75,1386.5625,0,1.0085878,380.625,1456.875,0,0.83106184,forward,147.39799174434665,1
1803,60.1601,262.1779441833496,,,,,,,,,,,,,,,,,,,,460.3125,1105.3125,0,0.8585706,394.6875,1231.875,0,0.9749444,408.75,1386.5625,0,1.0068316,380.625,1456.875,0,0.8299508,forward,147.39799174434665,1
1804,60.193466666666666,261.00993156433105,,,,,,,,,,,,,,,,,,,,460.3125,1100.625,0,0.8526423,394.6875,1231.875,0,0.9686578,408.75,1386.5625,0,1.0019295,380.625,1456.875,0,0.8263474,forward,148.24051976431096,1
1805,60.22683333333333,261.65294647216797,,,,,,,,,,,,,,,,,,,,460.3125,1100.625,0,0.85347867,394.6875,1236.5625,0,0.96954745,408.75,1386.5625,0,0.99859697,380.625,1456.875,0,0.82812613,forward,148.87485985291107,1
1806,60.2602,264.71900939941406,,,,,,,,,,,,,,,,,,,,460.3125,1095.9375,0,0.8603458,394.6875,1236.5625,0,0.9714681,408.75,1386.5625,0,0.9973521,380.625,1456.875,0,0.8286364,forward,149.62728863294146,1
1807,60.29356666666667,255.2011013031006,,,,,,,,,,,,,,,,,,,,460.3125,1095.9375,0,0.8587909,394.6875,1236.5625,0,0.9673622,408.75,1386.5625,0,0.9886509,380.625,1456.875,0,0.82082415,forward,149.62728863294146,1
1808,60.326933333333336,253.85499000549316,,,,,,,,,,,,,,,,,,,,460.3125,1091.25,0,0.85312915,394.6875,1236.5625,0,0.9609258,408.75,1386.5625,0,0.9789263,380.625,1456.875,0,0.8172002,forward,150.33963318619627,1
1809,60.3603,253.17096710205078,,,,,,,,,,,,,,,,,,,,460.3125,1081.875,0,0.861964,394.6875,1236.5625,0,0.966069,408.75,1386.5625,0,0.98005784,380.625,1456.875,0,0.81453055,forward,151.6554659339211,1
1810,60.39366666666667,252.26521492004395,,,,,,,,,,,,,,,,,,,,460.3125,1077.1875,0,0.85692775,394.6875,1231.875,0,0.95474017,408.75,1386.5625,0,0.9750979,385.3125,1456.875,0,0.8158157,forward,151.81684788659769,1
1811,60.427033333333334,252.9289722442627,,,,,,,,,,,,,,,,,,,,460.3125,1072.5,0,0.8533483,394.6875,1231.875,0,0.9493787,408.75,1386.5625,0,0.969141,385.3125,1456.875,0,0.8120215,forward,152.42542800782567,1
1812,60.4604,256.5629482269287,,,,,,,,,,,,,,,,,,,,460.3125,1063.125,0,0.8559779,399.375,1227.1875,0,0.942841,408.75,1381.875,0,0.9695071,385.3125,1456.875,0,0.8136283,forward,156.15533950319752,1
1813,60.493766666666666,255.7990550994873,,,,,,,,,,,,,,,,,,,,460.3125,1058.4375,0,0.8573849,399.375,1227.1875,0,0.9470825,408.75,1381.875,0,0.9722571,385.3125,1456.875,0,0.80802685,forward,156.67655870151594,1
1814,60.52713333333333,258.20207595825195,,,,,,,,,,,,,,,,,,,,460.3125,1053.75,0,0.8542235,399.375,1227.1875,0,0.9281644,408.75,1381.875,0,0.9696335,385.3125,1456.875,0,0.8022144,forward,157.1727819392798,1
1815,60.5605,258.02016258239746,,,,,,,,,,,,,,,,,,,,460.3125,1049.0625,0,0.85492134,404.0625,1217.8125,0,0.919065,408.75,1381.875,0,0.9706914,385.3125,1456.875,0,0.79875904,forward,159.92847903470314,1
1816,60.59386666666667,257.57908821105957,,,,,,,,,,,,,,,,,,,,460.3125,1044.375,0,0.84328675,404.0625,1217.8125,0,0.91099906,408.75,1381.875,0,0.9648222,385.3125,1456.875,0,0.7880052,forward,160.39427554701126,1
1817,60.627233333333336,257.91382789611816,,,,,,,,,,,,,,,,,,,,460.3125,1039.6875,0,0.8360934,404.0625,1213.125,0,0.9235754,408.75,1381.875,0,0.9572654,385.3125,1456.875,0,0.78010404,forward,160.43970863624995,1
1818,60.6606,256.49213790893555,,,,,,,,,,,,,,,,,,,,460.3125,1035.0,0,0.8333275,408.75,1208.4375,0,0.9284346,408.75,1381.875,0,0.96035814,385.3125,1456.875,0,0.7736492,forward,163.4429346985145,1
1819,60.69396666666667,256.10876083374023,,,,,,,,,,,,,,,,,,,,465.0,1030.3125,0,0.83764076,408.75,1208.4375,0,0.9304168,408.75,1386.5625,0,0.96551657,385.3125,1456.875,0,0.7805792,forward,162.4744390340146,1
1820,60.727333333333334,255.65099716186523,,,,,,,,,,,,,,,,,,,,465.0,1020.9375,0,0.8406808,408.75,1199.0625,0,0.93707156,408.75,1381.875,0,0.96636915,385.3125,1456.875,0,0.78607804,forward,162.47442769313392,1
1821,60.7607,255.39517402648926,,,,,,,,,,,,,,,,,,,,465.0,1016.25,0,0.8365973,413.4375,1199.0625,0,0.9372705,408.75,1386.5625,0,0.9678582,385.3125,1456.875,0,0.7846519,forward,165.68094267362645,1
1822,60.794066666666666,255.37490844726562,,,,,,,,,,,,,,,,,,,,465.0,1011.5625,0,0.8364912,413.4375,1199.0625,0,0.9271636,408.75,1381.875,0,0.96393895,385.3125,1456.875,0,0.77397144,forward,166.09253731060898,1
1823,60.82743333333333,256.36911392211914,,,,,,,,,,,,,,,,,,,,465.0,1006.875,0,0.8374547,418.125,1199.0625,0,0.9281535,408.75,1381.875,0,0.9687879,385.3125,1456.875,0,0.7768909,forward,169.22869927715533,1
1824,60.8608,256.02102279663086,,,,,,,,,,,,,,,,,,,,465.0,1002.1875,0,0.8315594,418.125,1194.375,0,0.9243179,408.75,1381.875,0,0.9669868,385.3125,1456.875,0,0.7741338,forward,169.15544993089466,1
1825,60.89416666666667,256.2088966369629,,,,,,,,,,,,,,,,,,,,460.3125,1002.1875,0,0.83491665,418.125,1194.375,0,0.9292456,408.75,1381.875,0,0.96600187,385.3125,1456.875,0,0.77585804,forward,170.481631586619,1
1826,60.927533333333336,255.87081909179688,,,,,,,,,,,,,,,,,,,,460.3125,997.5,0,0.8437462,422.8125,1194.375,0,0.9314959,408.75,1386.5625,0,0.971349,385.3125,1456.875,0,0.7768253,forward,173.4006104165116,1
1827,60.9609,256.1500072479248,,,,,,,,,,,,,,,,,,,,460.3125,992.8125,0,0.83921796,422.8125,1194.375,0,0.93548155,408.75,1386.5625,0,0.96995056,385.3125,1456.875,0,0.7824954,forward,173.64578080612705,1
1828,60.99426666666667,255.42092323303223,,,,,,,,,,,,,,,,,,,,460.3125,992.8125,0,0.8292165,422.8125,1189.6875,0,0.91729265,408.75,1386.5625,0,0.9683528,380.625,1456.875,0,0.7834958,forward,173.30133161598886,1
1829,61.027633333333334,256.00695610046387,,,,,,,,,,,,,,,,,,,,460.3125,992.8125,0,0.82786477,422.8125,1189.6875,0,0.9129392,408.75,1386.5625,0,0.96945286,380.625,1456.875,0,0.7782425,forward,173.30133161598886,1
1830,61.061,256.0770511627197,,,,,,,,,,,,,,,,,,,,460.3125,992.8125,0,0.82892114,422.8125,1189.6875,0,0.91376543,408.75,1386.5625,0,0.974879,380.625,1456.875,0,0.78655577,forward,173.30133161598886,1
1831,61.094366666666666,254.92572784423828,,,,,,,,,,,,,,,,,,,,455.625,992.8125,0,0.8239182,422.8125,1189.6875,0,0.910684,408.75,1386.5625,0,0.9721485,380.625,1456.875,0,0.7833668,forward,174.62327052881244,1
1832,61.12773333333333,255.23805618286133,,,,,,,,,,,,,,,,,,,,455.625,992.8125,0,0.82045376,422.8125,1189.6875,0,0.9058065,408.75,1386.5625,0,0.9709542,380.625,1456.875,0,0.78528666,forward,174.62327052881244,1
1833,61.1611,254.81200218200684,,,,,,,,,,,,,,,,,,,,455.625,992.8125,0,0.821957,422.8125,1189.6875,0,0.9046706,408.75,1386.5625,0,0.9697436,380.625,1456.875,0,0.7861376,forward,174.62327052881244,1
1834,61.19446666666667,253.88479232788086,,,,,,,,,,,,,,,,,,,,455.625,992.8125,0,0.8208157,422.8125,1189.6875,0,0.90551233,408.75,1386.5625,0,0.9727268,380.625,1456.875,0,0.7930514,forward,174.62327052881244,1
1835,61.227833333333336,256.7322254180908,,,,,,,,,,,,,,,,,,,,455.625,992.8125,0,0.82224643,422.8125,1189.6875,0,0.90475255,408.75,1386.5625,0,0.97038627,380.625,1456.875,0,0.79203427,forward,174.62327052881244,1
1836,61.2612,253.47495079040527,,,,,,,,,,,,,,,,,,,,455.625,992.8125,0,0.81803215,422.8125,1189.6875,0,0.90381134,408.75,1386.5625,0,0.97089267,380.625,1456.875,0,0.7904089,forward,174.62327052881244,1
1837,61.29456666666667,251.63602828979492,,,,,,,,,,,,,,,,,,,,455.625,992.8125,0,0.81668496,422.8125,1189.6875,0,0.90447474,408.75,1386.5625,0,0.96988106,380.625,1456.875,0,0.7863245,forward,174.62327052881244,1
1838,61.327933333333334,253.27777862548828,,,,,,,,,,,,,,,,,,,,455.625,992.8125,0,0.8161634,422.8125,1189.6875,0,0.9042216,408.75,1386.5625,0,0.9705239,380.625,1456.875,0,0.788257,forward,174.62327052881244,1
1839,61.3613,251.56688690185547,,,,,,,,,,,,,,,,,,,,455.625,992.8125,0,0.816358,422.8125,1189.6875,0,0.9066342,408.75,1386.5625,0,0.9694754,380.625,1456.875,0,0.78760356,forward,174.62327052881244,1
1840,61.394666666666666,256.1779022216797,,,,,,,,,,,,,,,,,,,,455.625,992.8125,0,0.8150414,422.8125,1189.6875,0,0.9048568,408.75,1386.5625,0,0.9737989,380.625,1456.875,0,0.79066074,forward,174.62327052881244,1
1841,61.42803333333333,256.2880516052246,,,,,,,,,,,,,,,,,,,,455.625,992.8125,0,0.81690884,422.8125,1189.6875,0,0.9062187,408.75,1386.5625,0,0.97289526,380.625,1456.875,0,0.7896836,forward,174.62327052881244,1
1842,61.4614,255.4609775543213,,,,,,,,,,,,,,,,,,,,455.625,997.5,0,0.81771284,422.8125,1189.6875,0,0.90372974,408.75,1386.5625,0,0.97112584,380.625,1456.875,0,0.78707826,forward,174.39684911537597,1
1843,61.49476666666667,255.82408905029297,,,,,,,,,,,,,,,,,,,,455.625,997.5,0,0.82130784,422.8125,1189.6875,0,0.9072705,408.75,1386.5625,0,0.9730796,380.625,1456.875,0,0.786299,forward,174.39684911537597,1
1844,61.52813333333334,257.0340633392334,,,,,,,,,,,,,,,,,,,,455.625,997.5,0,0.8220498,418.125,1189.6875,0,0.9073471,408.75,1386.5625,0,0.9742209,380.625,1456.875,0,0.78336096,forward,171.68539482457547,1
1845,61.5615,255.75590133666992,,,,,,,,,,,,,,,,,,,,455.625,997.5,0,0.82271075,418.125,1189.6875,0,0.91180444,408.75,1386.5625,0,0.97353816,380.625,1456.875,0,0.78379714,forward,171.68539482457547,1
1846,61.59486666666667,254.9450397491455,,,,,,,,,,,,,,,,,,,,455.625,997.5,0,0.8224875,418.125,1189.6875,0,0.90911466,408.75,1386.5625,0,0.9712541,380.625,1456.875,0,0.7837447,forward,171.68539482457547,1
1847,61.628233333333334,255.50603866577148,,,,,,,,,,,,,,,,,,,,455.625,997.5,0,0.82601166,418.125,1189.6875,0,0.9173193,408.75,1386.5625,0,0.9763404,380.625,1456.875,0,0.7798755,forward,171.68539482457547,1
1848,61.6616,256.46400451660156,,,,,,,,,,,,,,,,,,,,455.625,1002.1875,0,0.82465625,422.8125,1194.375,0,0.9160696,408.75,1386.5625,0,0.9750354,380.625,1456.875,0,0.7782637,forward,174.49615226572627,1
1849,61.694966666666666,256.4380168914795,,,,,,,,,,,,,,,,,,,,455.625,1002.1875,0,0.8188487,418.125,1194.375,0,0.9118709,408.75,1386.5625,0,0.9733592,380.625,1456.875,0,0.7751903,forward,171.7518070440768,1
1850,61.72833333333333,257.53283500671387,,,,,,,,,,,,,,,,,,,,455.625,1006.875,0,0.8191037,418.125,1194.375,0,0.9094113,408.75,1386.5625,0,0.97363037,380.625,1456.875,0,0.7797074,forward,171.48278656475958,1
1851,61.7617,255.7070255279541,,,,,,,,,,,,,,,,,,,,455.625,1011.5625,0,0.8132864,418.125,1199.0625,0,0.8976512,408.75,1386.5625,0,0.9708611,380.625,1456.875,0,0.7754594,forward,171.55249850515585,1
1852,61.79506666666667,255.58018684387207,,,,,,,,,,,,,,,,,,,,460.3125,1016.25,0,0.8109156,418.125,1199.0625,0,0.9001157,408.75,1386.5625,0,0.9703772,380.625,1456.875,0,0.7730396,forward,169.86779204964392,1
1853,61.82843333333334,256.8330764770508,,,,,,,,,,,,,,,,,,,,460.3125,1020.9375,0,0.80619097,418.125,1199.0625,0,0.90401435,408.75,1386.5625,0,0.9654351,380.625,1456.875,0,0.76739573,forward,169.53788552695772,1
1854,61.8618,256.52289390563965,,,,,,,,,,,,,,,,,,,,460.3125,1025.625,0,0.7994051,413.4375,1203.75,0,0.89755476,408.75,1386.5625,0,0.9694004,380.625,1456.875,0,0.7687468,forward,166.72524292092368,1
1855,61.89516666666667,270.22409439086914,,,,,,,,,,,,,,,,,,,,460.3125,1025.625,0,0.8052453,413.4375,1203.75,0,0.90617347,408.75,1386.5625,0,0.970568,380.625,1456.875,0,0.7786964,forward,166.72524292092368,1
1856,61.928533333333334,258.56900215148926,,,,,,,,,,,,,,,,,,,,460.3125,1030.3125,0,0.8001996,413.4375,1208.4375,0,0.90938693,408.75,1386.5625,0,0.96742344,380.625,1456.875,0,0.7726474,forward,166.76387804386886,1
1857,61.9619,257.14588165283203,,,,,,,,,,,,,,,,,,,,460.3125,1035.0,0,0.8095727,408.75,1208.4375,0,0.91184103,408.75,1386.5625,0,0.9685409,380.625,1456.875,0,0.77363074,forward,163.4429346985145,1
1858,61.995266666666666,257.2977542877197,,,,,,,,,,,,,,,,,,,,460.3125,1039.6875,0,0.8082668,408.75,1213.125,0,0.9107243,408.75,1386.5625,0,0.9651838,380.625,1456.875,0,0.7742102,forward,163.4429346985145,1
1859,62.02863333333333,256.8469047546387,,,,,,,,,,,,,,,,,,,,460.3125,1044.375,0,0.8029779,408.75,1213.125,0,0.9130056,408.75,1386.5625,0,0.96663004,380.625,1456.875,0,0.77377677,forward,163.00917811664917,1
1860,62.062,256.41679763793945,,,,,,,,,,,,,,,,,,,,460.3125,1044.375,0,0.80105484,408.75,1217.8125,0,0.9144477,408.75,1386.5625,0,0.9631742,385.3125,1456.875,0,0.7734033,forward,163.4429227144762,1
1861,62.09536666666667,256.41703605651855,,,,,,,,,,,,,,,,,,,,455.625,1053.75,0,0.79817474,404.0625,1217.8125,0,0.90984267,408.75,1381.875,0,0.9637151,385.3125,1456.875,0,0.78082,forward,160.91623571861498,1
1862,62.12873333333334,258.05115699768066,,,,,,,,,,,,,,,,,,,,455.625,1053.75,0,0.8044851,404.0625,1222.5,0,0.9095446,408.75,1381.875,0,0.96679664,385.3125,1456.875,0,0.7852987,forward,161.32448867038045,1
1863,62.1621,256.55293464660645,,,,,,,,,,,,,,,,,,,,455.625,1058.4375,0,0.79738927,404.0625,1222.5,0,0.90168726,408.75,1381.875,0,0.96433556,385.3125,1456.875,0,0.78495884,forward,160.86812035013347,1
1864,62.19546666666667,257.1401596069336,,,,,,,,,,,,,,,,,,,,455.625,1063.125,0,0.80089366,399.375,1222.5,0,0.9161203,408.75,1381.875,0,0.96264565,385.3125,1456.875,0,0.7855611,forward,157.19349512807884,1
1865,62.228833333333334,256.93631172180176,,,,,,,,,,,,,,,,,,,,455.625,1067.8125,0,0.8012435,399.375,1222.5,0,0.9162444,408.75,1381.875,0,0.9688245,385.3125,1456.875,0,0.79033744,forward,156.65043666510607,1
1866,62.2622,257.0939064025879,,,,,,,,,,,,,,,,,,,,455.625,1072.5,0,0.805305,394.6875,1227.1875,0,0.9114435,408.75,1381.875,0,0.9689258,385.3125,1456.875,0,0.78924453,forward,153.30413692274294,1
1867,62.295566666666666,256.7460536956787,,,,,,,,,,,,,,,,,,,,455.625,1077.1875,0,0.80837804,394.6875,1227.1875,0,0.9142821,408.75,1381.875,0,0.9709076,385.3125,1456.875,0,0.7957859,forward,152.69611901190785,1
1868,62.32893333333333,257.05814361572266,,,,,,,,,,,,,,,,,,,,455.625,1081.875,0,0.81666434,394.6875,1227.1875,0,0.9272438,408.75,1381.875,0,0.9718815,385.3125,1456.875,0,0.7957821,forward,152.05459567859913,1
1869,62.3623,256.69193267822266,,,,,,,,,,,,,,,,,,,,455.625,1081.875,0,0.82098734,394.6875,1227.1875,0,0.936119,408.75,1381.875,0,0.97243917,380.625,1456.875,0,0.79799795,forward,152.05459567859913,1
1870,62.39566666666667,257.1430206298828,,,,,,,,,,,,,,,,,,,,455.625,1091.25,0,0.8197048,390.0,1227.1875,0,0.92977583,408.75,1381.875,0,0.972316,380.625,1456.875,0,0.7990675,forward,147.3194425743417,1
1871,62.42903333333334,256.53886795043945,,,,,,,,,,,,,,,,,,,,455.625,1091.25,0,0.8221047,394.6875,1231.875,0,0.9286511,408.75,1381.875,0,0.96550673,380.625,1456.875,0,0.7969743,forward,151.21548270831718,1
1872,62.4624,255.78022003173828,,,,,,,,,,,,,,,,,,,,455.625,1095.9375,0,0.8212632,394.6875,1231.875,0,0.93231547,408.75,1381.875,0,0.9638886,380.625,1456.875,0,0.79494506,forward,150.49863719359368,1
1873,62.49576666666667,256.61420822143555,,,,,,,,,,,,,,,,,,,,455.625,1100.625,0,0.8211296,394.6875,1231.875,0,0.9362204,408.75,1386.5625,0,0.95930445,380.625,1456.875,0,0.7948376,forward,149.90080861335088,1
1874,62.529133333333334,258.0602169036865,,,,,,,,,,,,,,,,,,,,460.3125,1105.3125,0,0.8203646,394.6875,1231.875,0,0.93249863,408.75,1381.875,0,0.95761657,380.625,1456.875,0,0.7873192,forward,147.23660538361634,1
1875,62.5625,255.04422187805176,,,,,,,,,,,,,,,,,,,,460.3125,1105.3125,0,0.8159075,394.6875,1231.875,0,0.9358702,408.75,1386.5625,0,0.95443445,380.625,1456.875,0,0.79266834,forward,147.39799174434665,1
1876,62.595866666666666,256.756067276001,,,,,,,,,,,,,,,,,,,,460.3125,1105.3125,0,0.8171231,394.6875,1231.875,0,0.9322419,408.75,1386.5625,0,0.9556576,380.625,1456.875,0,0.79386365,forward,147.39799174434665,1
1877,62.62923333333333,257.997989654541,,,,,,,,,,,,,,,,,,,,460.3125,1110.0,0,0.82217795,394.6875,1231.875,0,0.9425225,408.75,1386.5625,0,0.9525778,380.625,1456.875,0,0.7922536,forward,146.50481690531285,1
1878,62.6626,255.36084175109863,,,,,,,,,,,,,,,,,,,,460.3125,1110.0,0,0.82108074,394.6875,1231.875,0,0.93911254,408.75,1386.5625,0,0.9527579,380.625,1456.875,0,0.79171705,forward,146.50481690531285,1
1879,62.69596666666667,255.26118278503418,,,,,,,,,,,,,,,,,,,,460.3125,1110.0,0,0.8230257,394.6875,1231.875,0,0.9379818,408.75,1386.5625,0,0.95685184,380.625,1456.875,0,0.7928956,forward,146.50481690531285,1
1880,62.72933333333334,254.70280647277832,,,,,,,,,,,,,,,,,,,,460.3125,1110.0,0,0.82474875,394.6875,1231.875,0,0.93769544,408.75,1386.5625,0,0.95919114,380.625,1456.875,0,0.79231584,forward,146.50481690531285,1
1881,62.7627,273.3609676361084,,,,,,,,,,,,,,,,,,,,460.3125,1110.0,0,0.8234012,394.6875,1231.875,0,0.94237834,408.75,1386.5625,0,0.95940286,380.625,1456.875,0,0.7922926,forward,146.50481690531285,1
1882,62.79606666666667,259.73033905029297,,,,,,,,,,,,,,,,,,,,455.625,1110.0,0,0.81786376,394.6875,1231.875,0,0.9439585,408.75,1386.5625,0,0.9561375,380.625,1456.875,0,0.7876195,forward,148.24051976431096,1
1883,62.829433333333334,257.94100761413574,,,,,,,,,,,,,,,,,,,,460.3125,1110.0,0,0.81755984,394.6875,1231.875,0,0.9386848,408.75,1386.5625,0,0.9565776,380.625,1456.875,0,0.7924282,forward,146.50481690531285,1
1884,62.8628,257.34710693359375,,,,,,,,,,,,,,,,,,,,460.3125,1105.3125,0,0.81548655,394.6875,1231.875,0,0.94814587,408.75,1386.5625,0,0.9567113,380.625,1456.875,0,0.7813406,forward,147.39799174434665,1
1885,62.896166666666666,258.8651180267334,,,,,,,,,,,,,,,,,,,,455.625,1105.3125,0,0.81726587,394.6875,1231.875,0,0.93438286,408.75,1386.5625,0,0.958128,380.625,1452.1875,0,0.7747742,forward,149.09561610757666,1
1886,62.92953333333333,257.5240135192871,,,,,,,,,,,,,,,,,,,,455.625,1100.625,0,0.81874925,399.375,1231.875,0,0.9267646,408.75,1386.5625,0,0.9630847,380.625,1452.1875,0,0.77979326,forward,153.33318242891426,1
1887,62.9629,257.5421333312988,,,,,,,,,,,,,,,,,,,,455.625,1095.9375,0,0.81544363,399.375,1231.875,0,0.92039204,408.75,1386.5625,0,0.9635513,380.625,1456.875,0,0.7778315,forward,154.05233163924518,1
1888,62.99626666666667,256.32381439208984,,,,,,,,,,,,,,,,,,,,450.9375,1086.5625,0,0.8191157,399.375,1236.5625,0,0.9185349,408.75,1386.5625,0,0.97214115,385.3125,1456.875,0,0.7864792,forward,157.45326179222505,1
1889,63.02963333333334,259.08803939819336,,,,,,,,,,,,,,,,,,,,455.625,1081.875,0,0.8101926,399.375,1231.875,0,0.9219204,408.75,1386.5625,0,0.9672496,385.3125,1456.875,0,0.77142143,forward,155.97572543076595,1
1890,63.063,259.1290473937988,,,,,,,,,,,,,,,,,,,,450.9375,1077.1875,0,0.8161902,399.375,1231.875,0,0.9090204,408.75,1381.875,0,0.9731846,385.3125,1456.875,0,0.783888,forward,157.98871836850637,1
1891,63.09636666666667,260.72072982788086,,,,,,,,,,,,,,,,,,,,455.625,1072.5,0,0.8002322,404.0625,1222.5,0,0.90520316,408.75,1381.875,0,0.97121274,385.3125,1456.875,0,0.7813128,forward,159.34490913219668,1
1892,63.129733333333334,257.3051452636719,,,,,,,,,,,,,,,,,,,,455.625,1067.8125,0,0.80215466,404.0625,1227.1875,0,0.9081905,408.75,1381.875,0,0.96865064,385.3125,1456.875,0,0.7809993,forward,160.3363751233965,1
1893,63.1631,260.11204719543457,,,,,,,,,,,,,,,,,,,,455.625,1063.125,0,0.80306196,404.0625,1222.5,0,0.89990556,408.75,1381.875,0,0.9652837,385.3125,1456.875,0,0.7756927,forward,160.38738638421748,1
1894,63.196466666666666,262.74681091308594,,,,,,,,,,,,,,,,,,,,455.625,1053.75,0,0.8022561,404.0625,1217.8125,0,0.89663494,408.75,1381.875,0,0.9671118,385.3125,1456.875,0,0.7799432,forward,160.91623571861498,1
1895,63.22983333333333,263.5228633880615,,,,,,,,,,,,,,,,,,,,460.3125,1044.375,0,0.80228275,404.0625,1213.125,0,0.9037021,408.75,1386.5625,0,0.96310484,385.3125,1456.875,0,0.77418077,forward,160.01689086743616,1
1896,63.2632,258.57996940612793,,,,,,,,,,,,,,,,,,,,460.3125,1039.6875,0,0.8073298,408.75,1213.125,0,0.9174471,408.75,1386.5625,0,0.9660636,380.625,1456.875,0,0.77974844,forward,163.4429346985145,1
1897,63.29656666666667,258.8791847229004,,,,,,,,,,,,,,,,,,,,460.3125,1035.0,0,0.80710065,408.75,1213.125,0,0.9125564,408.75,1386.5625,0,0.9661077,380.625,1456.875,0,0.77655977,forward,163.8556594269919,1
1898,63.32993333333334,257.9948902130127,,,,,,,,,,,,,,,,,,,,460.3125,1030.3125,0,0.80252856,408.75,1208.4375,0,0.9048345,408.75,1386.5625,0,0.96350586,380.625,1456.875,0,0.77895385,forward,163.85567170894222,1
1899,63.3633,257.9069137573242,,,,,,,,,,,,,,,,,,,,460.3125,1025.625,0,0.80091655,413.4375,1203.75,0,0.9085512,408.75,1386.5625,0,0.96597433,380.625,1456.875,0,0.77289176,forward,166.72524292092368,1
1900,63.39666666666667,258.82911682128906,,,,,,,,,,,,,,,,,,,,460.3125,1020.9375,0,0.80786294,413.4375,1199.0625,0,0.92121077,408.75,1386.5625,0,0.9635271,380.625,1456.875,0,0.76766425,forward,166.68852734874525,1
1901,63.430033333333334,258.6328983306885,,,,,,,,,,,,,,,,,,,,460.3125,1016.25,0,0.8093684,418.125,1199.0625,0,0.9225886,408.75,1386.5625,0,0.96809506,380.625,1456.875,0,0.76817894,forward,169.86779204964392,1
1902,63.4634,258.4991455078125,,,,,,,,,,,,,,,,,,,,460.3125,1011.5625,0,0.80311656,418.125,1199.0625,0,0.9089889,408.75,1386.5625,0,0.9707322,380.625,1456.875,0,0.7723456,forward,170.1820156437829,1
1903,63.496766666666666,258.40091705322266,,,,,,,,,,,,,,,,,,,,460.3125,1006.875,0,0.80790067,418.125,1194.375,0,0.9121492,408.75,1386.5625,0,0.9783114,380.625,1456.875,0,0.78609437,forward,170.11232391809287,1
1904,63.53013333333333,259.2489719390869,,,,,,,,,,,,,,,,,,,,460.3125,1002.1875,0,0.8060316,422.8125,1189.6875,0,0.9110873,408.75,1381.875,0,0.981115,380.625,1456.875,0,0.78581434,forward,172.8750037602196,1
1905,63.5635,256.9410800933838,,,,,,,,,,,,,,,,,,,,460.3125,1002.1875,0,0.81235313,422.8125,1189.6875,0,0.90780795,408.75,1381.875,0,0.9802793,380.625,1456.875,0,0.7847968,forward,172.8750037602196,1
1906,63.59686666666667,257.6639652252197,,,,,,,,,,,,,,,,,,,,460.3125,997.5,0,0.8134073,422.8125,1189.6875,0,0.9096809,408.75,1381.875,0,0.9791181,380.625,1456.875,0,0.78806484,forward,173.14396309579345,1
1907,63.63023333333334,257.3978900909424,,,,,,,,,,,,,,,,,,,,460.3125,997.5,0,0.8151624,422.8125,1189.6875,0,0.9125329,408.75,1381.875,0,0.9798968,380.625,1456.875,0,0.78903496,forward,173.14396309579345,1
1908,63.6636,257.49897956848145,,,,,,,,,,,,,,,,,,,,460.3125,997.5,0,0.8180855,422.8125,1189.6875,0,0.9100617,408.75,1386.5625,0,0.97976726,380.625,1456.875,0,0.78697836,forward,173.04469295347693,1
1909,63.69696666666667,257.41004943847656,,,,,,,,,,,,,,,,,,,,460.3125,997.5,0,0.81622267,422.8125,1189.6875,0,0.9085916,408.75,1386.5625,0,0.97664154,380.625,1456.875,0,0.78576183,forward,173.04469295347693,1
1910,63.730333333333334,256.88910484313965,,,,,,,,,,,,,,,,,,,,460.3125,997.5,0,0.81435245,422.8125,1189.6875,0,0.9042853,408.75,1386.5625,0,0.9758872,380.625,1456.875,0,0.78564215,forward,173.04469295347693,1
1911,63.7637,257.39026069641113,,,,,,,,,,,,,,,,,,,,455.625,992.8125,0,0.8121673,422.8125,1189.6875,0,0.9056572,408.75,1386.5625,0,0.9786444,380.625,1456.875,0,0.7836818,forward,174.62327052881244,1
1912,63.797066666666666,257.54308700561523,,,,,,,,,,,,,,,,,,,,455.625,992.8125,0,0.8176129,422.8125,1189.6875,0,0.90530384,408.75,1386.5625,0,0.97721463,380.625,1456.875,0,0.7839408,forward,174.62327052881244,1
1913,63.83043333333333,257.36188888549805,,,,,,,,,,,,,,,,,,,,455.625,997.5,0,0.81796694,422.8125,1189.6875,0,0.9036965,408.75,1386.5625,0,0.977427,380.625,1456.875,0,0.78323865,forward,174.39684911537597,1
1914,63.8638,258.72087478637695,,,,,,,,,,,,,,,,,,,,455.625,992.8125,0,0.8174804,422.8125,1189.6875,0,0.90299296,408.75,1386.5625,0,0.97830904,380.625,1456.875,0,0.7918018,forward,174.62327052881244,1
1915,63.89716666666667,256.6187381744385,,,,,,,,,,,,,,,,,,,,455.625,992.8125,0,0.8169873,418.125,1189.6875,0,0.89927995,408.75,1386.5625,0,0.9770907,380.625,1456.875,0,0.7897468,forward,171.94202096809866,1
1916,63.93053333333334,260.93482971191406,,,,,,,,,,,,,,,,,,,,455.625,992.8125,0,0.81625473,418.125,1185.0,0,0.8978473,408.75,1386.5625,0,0.97892225,380.625,1456.875,0,0.79245627,forward,171.62205966102175,1
1917,63.9639,255.62524795532227,,,,,,,,,,,,,,,,,,,,455.625,992.8125,0,0.81470835,418.125,1185.0,0,0.89861375,408.75,1386.5625,0,0.98059285,380.625,1456.875,0,0.79148984,forward,171.62205966102175,1
1918,63.99726666666667,252.03514099121094,,,,,,,,,,,,,,,,,,,,455.625,992.8125,0,0.8159057,418.125,1185.0,0,0.8991856,408.75,1386.5625,0,0.9823712,380.625,1456.875,0,0.79331344,forward,171.62205966102175,1
1919,64.03063333333334,251.36303901672363,,,,,,,,,,,,,,,,,,,,455.625,992.8125,0,0.81725407,418.125,1185.0,0,0.89877284,408.75,1381.875,0,0.9822402,380.625,1456.875,0,0.7911929,forward,171.68539482457547,1
1920,64.06400000000001,251.38497352600098,,,,,,,,,,,,,,,,,,,,455.625,992.8125,0,0.817976,418.125,1189.6875,0,0.89899486,408.75,1381.875,0,0.98267955,380.625,1456.875,0,0.7914823,forward,172.0084140433141,1
1921,64.09736666666667,255.04112243652344,,,,,,,,,,,,,,,,,,,,455.625,997.5,0,0.81740236,418.125,1189.6875,0,0.8977107,408.75,1381.875,0,0.982973,380.625,1456.875,0,0.79129213,forward,171.7518070440768,1
1922,64.13073333333334,254.6529769897461,,,,,,,,,,,,,,,,,,,,455.625,997.5,0,0.8174963,418.125,1189.6875,0,0.90156883,408.75,1386.5625,0,0.9815166,380.625,1456.875,0,0.7899242,forward,171.68539482457547,1
1923,64.1641,255.09190559387207,,,,,,,,,,,,,,,,,,,,455.625,997.5,0,0.8199505,418.125,1189.6875,0,0.9043819,408.75,1386.5625,0,0.9817467,380.625,1456.875,0,0.7903314,forward,171.68539482457547,1
1924,64.19746666666667,255.1438808441162,,,,,,,,,,,,,,,,,,,,455.625,997.5,0,0.8234162,418.125,1189.6875,0,0.9057561,408.75,1386.5625,0,0.9823748,380.625,1456.875,0,0.7884226,forward,171.68539482457547,1
1925,64.23083333333334,254.3790340423584,,,,,,,,,,,,,,,,,,,,455.625,1002.1875,0,0.8164739,418.125,1189.6875,0,0.9064084,408.75,1386.5625,0,0.98049223,380.625,1456.875,0,0.7860714,forward,171.4163817703204,1
1926,64.2642,254.36091423034668,,,,,,,,,,,,,,,,,,,,455.625,1002.1875,0,0.8110012,418.125,1189.6875,0,0.9020427,408.75,1386.5625,0,0.9826473,380.625,1456.875,0,0.785524,forward,171.4163817703204,1
1927,64.29756666666667,254.85897064208984,,,,,,,,,,,,,,,,,,,,455.625,1002.1875,0,0.81348765,418.125,1194.375,0,0.90417695,408.75,1386.5625,0,0.98489404,380.625,1456.875,0,0.78478503,forward,171.7518070440768,1
1928,64.33093333333333,254.9130916595459,,,,,,,,,,,,,,,,,,,,455.625,1006.875,0,0.8083144,418.125,1199.0625,0,0.90052253,408.75,1386.5625,0,0.9797027,380.625,1456.875,0,0.7848042,forward,171.82149087084412,1
1929,64.3643,254.3008327484131,,,,,,,,,,,,,,,,,,,,460.3125,1006.875,0,0.8061342,418.125,1199.0625,0,0.9081597,408.75,1386.5625,0,0.9780857,380.625,1456.875,0,0.7836179,forward,170.481631586619,1
1930,64.39766666666667,255.7971477508545,,,,,,,,,,,,,,,,,,,,460.3125,1011.5625,0,0.80761886,418.125,1199.0625,0,0.904382,408.75,1386.5625,0,0.9736396,380.625,1456.875,0,0.77897716,forward,170.1820156437829,1
1931,64.43103333333333,255.4607391357422,,,,,,,,,,,,,,,,,,,,460.3125,1016.25,0,0.7987425,418.125,1199.0625,0,0.90498996,408.75,1386.5625,0,0.97458553,380.625,1456.875,0,0.7795892,forward,169.86779204964392,1
1932,64.4644,254.3778419494629,,,,,,,,,,,,,,,,,,,,460.3125,1016.25,0,0.81403136,413.4375,1203.75,0,0.9044471,408.75,1386.5625,0,0.96708524,380.625,1456.875,0,0.7763083,forward,167.43255249740062,1
1933,64.49776666666666,254.76598739624023,,,,,,,,,,,,,,,,,,,,460.3125,1020.9375,0,0.8084135,413.4375,1208.4375,0,0.9097259,408.75,1386.5625,0,0.9631761,380.625,1456.875,0,0.7699583,forward,167.4712054343499,1
1934,64.53113333333333,256.4659118652344,,,,,,,,,,,,,,,,,,,,460.3125,1025.625,0,0.8015861,413.4375,1208.4375,0,0.90629554,408.75,1386.5625,0,0.9666077,380.625,1456.875,0,0.7817651,forward,167.12606007655606,1
1935,64.5645,254.1179656982422,,,,,,,,,,,,,,,,,,,,460.3125,1030.3125,0,0.7997415,408.75,1213.125,0,0.9069534,408.75,1386.5625,0,0.96514964,380.625,1456.875,0,0.7826587,forward,164.24882503882307,1
1936,64.59786666666666,253.85594367980957,,,,,,,,,,,,,,,,,,,,460.3125,1035.0,0,0.7953551,408.75,1213.125,0,0.9073907,408.75,1386.5625,0,0.96938103,380.625,1456.875,0,0.78614014,forward,163.8556594269919,1
1937,64.63123333333334,254.82797622680664,,,,,,,,,,,,,,,,,,,,460.3125,1039.6875,0,0.79572755,408.75,1213.125,0,0.9014544,408.75,1386.5625,0,0.96736515,380.625,1456.875,0,0.7858116,forward,163.4429346985145,1
1938,64.66460000000001,254.7929286956787,,,,,,,,,,,,,,,,,,,,460.3125,1039.6875,0,0.7997687,408.75,1217.8125,0,0.9001471,408.75,1381.875,0,0.96941465,380.625,1456.875,0,0.7877585,forward,163.8556594269919,1
1939,64.69796666666667,252.241849899292,,,,,,,,,,,,,,,,,,,,460.3125,1044.375,0,0.79433125,408.75,1217.8125,0,0.8992207,408.75,1381.875,0,0.96983135,385.3125,1456.875,0,0.79148227,forward,163.4429346985145,1
1940,64.73133333333334,251.53088569641113,,,,,,,,,,,,,,,,,,,,460.3125,1049.0625,0,0.79533875,404.0625,1222.5,0,0.8876581,408.75,1381.875,0,0.96886015,385.3125,1456.875,0,0.78451806,forward,160.3461711993126,1
1941,64.7647,251.40976905822754,,,,,,,,,,,,,,,,,,,,460.3125,1053.75,0,0.8005897,404.0625,1222.5,0,0.90095305,408.75,1381.875,0,0.9703388,385.3125,1456.875,0,0.7924365,forward,159.88037171236675,1
1942,64.79806666666667,251.59692764282227,,,,,,,,,,,,,,,,,,,,455.625,1058.4375,0,0.79862505,404.0625,1222.5,0,0.9036348,408.75,1381.875,0,0.9657842,385.3125,1456.875,0,0.79636526,forward,160.86812035013347,1
1943,64.83143333333334,252.81882286071777,,,,,,,,,,,,,,,,,,,,455.625,1063.125,0,0.80179745,404.0625,1227.1875,0,0.89468396,408.75,1381.875,0,0.9643899,385.3125,1456.875,0,0.7986053,forward,160.81711727115942,1
1944,64.8648,267.3952579498291,,,,,,,,,,,,,,,,,,,,455.625,1072.5,0,0.80289686,404.0625,1227.1875,0,0.9023199,408.75,1381.875,0,0.97258794,385.3125,1456.875,0,0.8056126,forward,159.82935344096938,1
1945,64.89816666666667,262.0120048522949,,,,,,,,,,,,,,,,,,,,455.625,1077.1875,0,0.8049638,404.0625,1227.1875,0,0.91616607,408.75,1381.875,0,0.9717296,385.3125,1456.875,0,0.8041284,forward,159.29389903629414,1
1946,64.93153333333333,257.7090263366699,,,,,,,,,,,,,,,,,,,,455.625,1077.1875,0,0.8092303,399.375,1227.1875,0,0.92215854,408.75,1381.875,0,0.97550195,385.3125,1456.875,0,0.8063582,forward,155.97572543076595,1
1947,64.9649,258.21375846862793,,,,,,,,,,,,,,,,,,,,455.625,1081.875,0,0.8161683,399.375,1227.1875,0,0.92660856,408.75,1381.875,0,0.97314894,385.3125,1456.875,0,0.8002335,forward,155.37051892224744,1
1948,64.99826666666667,257.9231262207031,,,,,,,,,,,,,,,,,,,,455.625,1091.25,0,0.81959,394.6875,1231.875,0,0.9350136,408.75,1381.875,0,0.9719397,380.625,1456.875,0,0.7967081,forward,151.21548270831718,1
1949,65.03163333333333,258.99791717529297,,,,,,,,,,,,,,,,,,,,455.625,1091.25,0,0.82638013,394.6875,1231.875,0,0.93776655,408.75,1381.875,0,0.9659648,380.625,1456.875,0,0.7991849,forward,151.21548270831718,1
1950,65.065,261.51299476623535,,,,,,,,,,,,,,,,,,,,455.625,1095.9375,0,0.8256874,394.6875,1236.5625,0,0.9303162,408.75,1386.5625,0,0.9624138,380.625,1456.875,0,0.79615676,forward,151.21548270831718,1
1951,65.09836666666666,259.1710090637207,,,,,,,,,,,,,,,,,,,,455.625,1105.3125,0,0.832001,390.0,1236.5625,0,0.9329574,408.75,1381.875,0,0.9633611,380.625,1456.875,0,0.800484,forward,146.08256926968397,1
1952,65.13173333333333,258.0418586730957,,,,,,,,,,,,,,,,,,,,460.3125,1105.3125,0,0.82547987,394.6875,1236.5625,0,0.93377185,408.75,1386.5625,0,0.9614315,380.625,1456.875,0,0.7979791,forward,148.0791293895498,1
1953,65.1651,258.13984870910645,,,,,,,,,,,,,,,,,,,,455.625,1105.3125,0,0.8262601,394.6875,1236.5625,0,0.93350446,408.75,1386.5625,0,0.9600911,380.625,1456.875,0,0.7954068,forward,149.73941379935263,1
1954,65.19846666666666,264.74714279174805,,,,,,,,,,,,,,,,,,,,455.625,1105.3125,0,0.82403517,394.6875,1236.5625,0,0.9275156,408.75,1386.5625,0,0.9559027,380.625,1456.875,0,0.7942939,forward,149.73941379935263,1
1955,65.23183333333334,259.7470283508301,,,,,,,,,,,,,,,,,,,,460.3125,1110.0,0,0.8222271,394.6875,1241.25,0,0.9324869,408.75,1386.5625,0,0.9522524,380.625,1456.875,0,0.7920004,forward,147.90740773800195,1
1956,65.26520000000001,255.3391456604004,,,,,,,,,,,,,,,,,,,,460.3125,1110.0,0,0.82141894,394.6875,1241.25,0,0.93186736,408.75,1386.5625,0,0.9494933,380.625,1456.875,0,0.79003495,forward,147.90740773800195,1
1957,65.29856666666667,252.55107879638672,,,,,,,,,,,,,,,,,,,,460.3125,1110.0,0,0.82106054,394.6875,1241.25,0,0.9310707,408.75,1386.5625,0,0.9467851,380.625,1456.875,0,0.7882691,forward,147.90740773800195,1
1958,65.33193333333334,254.40502166748047,,,,,,,,,,,,,,,,,,,,460.3125,1110.0,0,0.82166725,394.6875,1241.25,0,0.9333744,408.75,1386.5625,0,0.9479358,380.625,1456.875,0,0.7894051,forward,147.90740773800195,1
1959,65.3653,256.86001777648926,,,,,,,,,,,,,,,,,,,,460.3125,1110.0,0,0.82367563,394.6875,1241.25,0,0.93242514,408.75,1386.5625,0,0.9494103,380.625,1456.875,0,0.7891182,forward,147.90740773800195,1
1960,65.39866666666667,253.92699241638184,,,,,,,,,,,,,,,,,,,,460.3125,1110.0,0,0.8257173,394.6875,1241.25,0,0.929885,408.75,1386.5625,0,0.9511261,380.625,1456.875,0,0.790849,forward,147.90740773800195,1
1961,65.43203333333334,254.1177272796631,,,,,,,,,,,,,,,,,,,,460.3125,1110.0,0,0.8270043,394.6875,1236.5625,0,0.9296533,408.75,1386.5625,0,0.9506253,380.625,1456.875,0,0.79116416,forward,147.23660538361634,1
1962,65.4654,259.4916820526123,,,,,,,,,,,,,,,,,,,,460.3125,1105.3125,0,0.8261752,394.6875,1241.25,0,0.9318397,408.75,1386.5625,0,0.95076275,380.625,1456.875,0,0.78556156,forward,148.70312681723735,1
1963,65.49876666666667,255.31721115112305,,,,,,,,,,,,,,,,,,,,460.3125,1105.3125,0,0.8291664,394.6875,1236.5625,0,0.9293572,408.75,1386.5625,0,0.9557446,380.625,1456.875,0,0.7903808,forward,148.0791293895498,1
1964,65.53213333333333,261.32678985595703,,,,,,,,,,,,,,,,,,,,460.3125,1100.625,0,0.83510184,394.6875,1236.5625,0,0.93009055,408.75,1386.5625,0,0.95909154,380.625,1456.875,0,0.7897401,forward,148.87485985291107,1
1965,65.5655,255.4781436920166,,,,,,,,,,,,,,,,,,,,460.3125,1095.9375,0,0.83120036,399.375,1236.5625,0,0.9217324,408.75,1386.5625,0,0.9664744,380.625,1456.875,0,0.7959548,forward,152.9949761233427,1
1966,65.59886666666667,255.0041675567627,,,,,,,,,,,,,,,,,,,,460.3125,1091.25,0,0.8226174,399.375,1236.5625,0,0.9190136,408.75,1386.5625,0,0.9654422,380.625,1456.875,0,0.7891747,forward,153.67270077113855,1
1967,65.63223333333333,256.8991184234619,,,,,,,,,,,,,,,,,,,,455.625,1081.875,0,0.81555784,399.375,1236.5625,0,0.91342986,408.75,1386.5625,0,0.96392673,385.3125,1456.875,0,0.78183055,forward,156.440565001164,1
1968,65.6656,255.66792488098145,,,,,,,,,,,,,,,,,,,,455.625,1077.1875,0,0.8154727,404.0625,1231.875,0,0.9131044,408.75,1381.875,0,0.96443444,385.3125,1456.875,0,0.7857455,forward,159.77513905785742,1
1969,65.69896666666666,254.7740936279297,,,,,,,,,,,,,,,,,,,,460.3125,1067.8125,0,0.80643845,404.0625,1227.1875,0,0.91347563,408.75,1381.875,0,0.9685695,385.3125,1456.875,0,0.79101545,forward,158.82426675433223,1
1970,65.73233333333333,255.28907775878906,,,,,,,,,,,,,,,,,,,,460.3125,1063.125,0,0.7999197,404.0625,1227.1875,0,0.9110123,408.75,1381.875,0,0.96144176,385.3125,1456.875,0,0.783164,forward,159.3396526749294,1
1971,65.7657,255.79595565795898,,,,,,,,,,,,,,,,,,,,460.3125,1053.75,0,0.79336953,404.0625,1222.5,0,0.90461886,408.75,1381.875,0,0.9637381,385.3125,1456.875,0,0.7754849,forward,159.88037171236675,1
1972,65.79906666666666,254.97794151306152,,,,,,,,,,,,,,,,,,,,460.3125,1049.0625,0,0.7900527,408.75,1222.5,0,0.8983199,408.75,1386.5625,0,0.96388066,385.3125,1456.875,0,0.7758756,forward,163.4429346985145,1
1973,65.83243333333334,261.7638111114502,,,,,,,,,,,,,,,,,,,,460.3125,1039.6875,0,0.80714655,408.75,1217.8125,0,0.9123574,408.75,1386.5625,0,0.9652605,380.625,1456.875,0,0.777445,forward,163.8556594269919,1
1974,65.86580000000001,259.1419219970703,,,,,,,,,,,,,,,,,,,,465.0,1035.0,0,0.80883574,408.75,1217.8125,0,0.9184143,408.75,1386.5625,0,0.96113956,380.625,1456.875,0,0.7717719,forward,162.89728406497815,1
1975,65.89916666666667,257.59315490722656,,,,,,,,,,,,,,,,,,,,465.0,1030.3125,0,0.8052374,413.4375,1213.125,0,0.9202175,408.75,1386.5625,0,0.96703136,380.625,1456.875,0,0.7746471,forward,165.79696489556375,1
1976,65.93253333333334,257.56287574768066,,,,,,,,,,,,,,,,,,,,465.0,1025.625,0,0.8089328,413.4375,1208.4375,0,0.91362107,408.75,1386.5625,0,0.96909857,380.625,1456.875,0,0.7689997,forward,165.75626780818504,1
1977,65.9659,251.54900550842285,,,,,,,,,,,,,,,,,,,,465.0,1020.9375,0,0.81318676,418.125,1203.75,0,0.9207887,408.75,1386.5625,0,0.9675884,380.625,1456.875,0,0.7647611,forward,168.55426558831635,1
1978,65.99926666666667,253.73387336730957,,,,,,,,,,,,,,,,,,,,465.0,1016.25,0,0.81372195,418.125,1199.0625,0,0.92707205,408.75,1386.5625,0,0.97428846,380.625,1456.875,0,0.76788354,forward,168.48102841205483,1
1979,66.03263333333334,253.99470329284668,,,,,,,,,,,,,,,,,,,,465.0,1016.25,0,0.81115377,418.125,1199.0625,0,0.91767347,408.75,1386.5625,0,0.9770517,380.625,1456.875,0,0.76831424,forward,168.48102841205483,1
1980,66.066,253.52811813354492,,,,,,,,,,,,,,,,,,,,465.0,1011.5625,0,0.81352127,418.125,1199.0625,0,0.92060924,408.75,1386.5625,0,0.9798745,380.625,1456.875,0,0.7705269,forward,168.8261834628041,1
1981,66.09936666666667,254.0428638458252,,,,,,,,,,,,,,,,,,,,465.0,1006.875,0,0.8176789,422.8125,1194.375,0,0.91554856,408.75,1386.5625,0,0.9797905,380.625,1456.875,0,0.7761604,forward,171.5045119907745,1
1982,66.13273333333333,254.08482551574707,,,,,,,,,,,,,,,,,,,,465.0,1006.875,0,0.8144558,422.8125,1194.375,0,0.90926445,408.75,1386.5625,0,0.9832911,380.625,1456.875,0,0.7765404,forward,171.5045119907745,1
1983,66.1661,253.02505493164062,,,,,,,,,,,,,,,,,,,,460.3125,1002.1875,0,0.81429666,422.8125,1189.6875,0,0.9025917,408.75,1381.875,0,0.9868667,380.625,1456.875,0,0.78144896,forward,172.8750037602196,1
1984,66.19946666666667,254.70995903015137,,,,,,,,,,,,,,,,,,,,460.3125,1002.1875,0,0.81883305,422.8125,1189.6875,0,0.9073064,408.75,1381.875,0,0.9864976,380.625,1456.875,0,0.7813806,forward,172.8750037602196,1
1985,66.23283333333333,255.20586967468262,,,,,,,,,,,,,,,,,,,,460.3125,1002.1875,0,0.82431126,422.8125,1189.6875,0,0.9030268,408.75,1386.5625,0,0.98098636,380.625,1456.875,0,0.78065807,forward,172.77569079342655,1
1986,66.2662,255.57994842529297,,,,,,,,,,,,,,,,,,,,460.3125,997.5,0,0.8240937,422.8125,1189.6875,0,0.8975125,408.75,1386.5625,0,0.98013806,380.625,1456.875,0,0.7827115,forward,173.04469295347693,1
1987,66.29956666666666,254.89306449890137,,,,,,,,,,,,,,,,,,,,460.3125,997.5,0,0.82484955,422.8125,1189.6875,0,0.8959323,408.75,1386.5625,0,0.97998995,380.625,1456.875,0,0.7783873,forward,173.04469295347693,1
1988,66.33293333333333,260.1442337036133,,,,,,,,,,,,,,,,,,,,460.3125,997.5,0,0.8265694,422.8125,1189.6875,0,0.89721024,408.75,1386.5625,0,0.9833471,380.625,1456.875,0,0.7859188,forward,173.04469295347693,1
1989,66.3663,253.49187850952148,,,,,,,,,,,,,,,,,,,,460.3125,997.5,0,0.826793,422.8125,1189.6875,0,0.8954228,408.75,1386.5625,0,0.98048973,380.625,1456.875,0,0.78299576,forward,173.04469295347693,1
1990,66.39966666666666,252.52103805541992,,,,,,,,,,,,,,,,,,,,460.3125,997.5,0,0.8256221,422.8125,1189.6875,0,0.89483035,408.75,1386.5625,0,0.97704417,380.625,1456.875,0,0.7799499,forward,173.04469295347693,1
1991,66.43303333333334,252.91800498962402,,,,,,,,,,,,,,,,,,,,455.625,997.5,0,0.8236767,422.8125,1189.6875,0,0.8924668,408.75,1386.5625,0,0.97665596,380.625,1456.875,0,0.7798923,forward,174.39684911537597,1
1992,66.46640000000001,256.5438747406006,,,,,,,,,,,,,,,,,,,,455.625,997.5,0,0.82671213,422.8125,1189.6875,0,0.8918735,408.75,1386.5625,0,0.97859955,380.625,1456.875,0,0.78450733,forward,174.39684911537597,1
1993,66.49976666666667,255.6760311126709,,,,,,,,,,,,,,,,,,,,455.625,997.5,0,0.8247582,422.8125,1189.6875,0,0.8943777,408.75,1381.875,0,0.97951114,380.625,1456.875,0,0.78541493,forward,174.49615226572627,1
1994,66.53313333333334,257.07077980041504,,,,,,,,,,,,,,,,,,,,455.625,997.5,0,0.82495385,422.8125,1189.6875,0,0.89442754,408.75,1381.875,0,0.9820508,380.625,1456.875,0,0.7872002,forward,174.49615226572627,1
1995,66.5665,264.04309272766113,,,,,,,,,,,,,,,,,,,,455.625,997.5,0,0.82438505,422.8125,1189.6875,0,0.89552927,408.75,1381.875,0,0.9840536,385.3125,1456.875,0,0.7903936,forward,174.49615226572627,1
1996,66.59986666666667,260.1649761199951,,,,,,,,,,,,,,,,,,,,455.625,997.5,0,0.82323635,422.8125,1189.6875,0,0.89779055,408.75,1381.875,0,0.98317087,385.3125,1456.875,0,0.7890935,forward,174.49615226572627,1
1997,66.63323333333334,260.42890548706055,,,,,,,,,,,,,,,,,,,,455.625,997.5,0,0.8222884,422.8125,1189.6875,0,0.9014324,408.75,1381.875,0,0.9849914,385.3125,1456.875,0,0.78887236,forward,174.49615226572627,1
1998,66.6666,259.6287727355957,,,,,,,,,,,,,,,,,,,,455.625,997.5,0,0.8227924,422.8125,1189.6875,0,0.897936,408.75,1381.875,0,0.9839727,380.625,1456.875,0,0.78814423,forward,174.49615226572627,1
1999,66.69996666666667,258.7549686431885,,,,,,,,,,,,,,,,,,,,455.625,997.5,0,0.82584804,422.8125,1189.6875,0,0.90913206,408.75,1381.875,0,0.98916495,385.3125,1456.875,0,0.7931243,forward,174.49615226572627,1
2000,66.73333333333333,259.45496559143066,,,,,,,,,,,,,,,,,,,,455.625,997.5,0,0.82890224,422.8125,1189.6875,0,0.91273963,408.75,1381.875,0,0.99127465,385.3125,1456.875,0,0.7932886,forward,174.49615226572627,1
2001,66.7667,257.28487968444824,,,,,,,,,,,,,,,,,,,,455.625,997.5,0,0.82540405,418.125,1189.6875,0,0.91446275,408.75,1386.5625,0,0.9892639,380.625,1456.875,0,0.7909095,forward,171.68539482457547,1
2002,66.80006666666667,318.36700439453125,,,,,,,,,,,,,,,,,,,,455.625,1002.1875,0,0.82528937,418.125,1189.6875,0,0.90870035,408.75,1386.5625,0,0.9893353,380.625,1456.875,0,0.7918047,forward,171.4163817703204,1
2003,66.83343333333333,259.3040466308594,,,,,,,,,,,,,,,,,,,,455.625,1002.1875,0,0.8221788,418.125,1194.375,0,0.9038875,408.75,1386.5625,0,0.990594,380.625,1456.875,0,0.7891315,forward,171.7518070440768,1
2004,66.8668,262.03083992004395,,,,,,,,,,,,,,,,,,,,455.625,1002.1875,0,0.8244989,418.125,1194.375,0,0.9066474,408.75,1386.5625,0,0.9842494,380.625,1456.875,0,0.7800772,forward,171.7518070440768,1
2005,66.90016666666666,260.13803482055664,,,,,,,,,,,,,,,,,,,,455.625,1006.875,0,0.8157366,418.125,1199.0625,0,0.900705,408.75,1386.5625,0,0.9793676,380.625,1456.875,0,0.78252137,forward,171.82149087084412,1
2006,66.93353333333333,260.8909606933594,,,,,,,,,,,,,,,,,,,,455.625,1011.5625,0,0.81937176,418.125,1199.0625,0,0.9080418,404.0625,1386.5625,0,0.97662294,380.625,1456.875,0,0.77940834,forward,172.9792050161289,1
2007,66.9669,261.0812187194824,,,,,,,,,,,,,,,,,,,,455.625,1016.25,0,0.8126453,418.125,1199.0625,0,0.9099767,404.0625,1386.5625,0,0.98046446,380.625,1456.875,0,0.784076,forward,172.69700888084597,1
2008,67.00026666666666,261.6410255432129,,,,,,,,,,,,,,,,,,,,460.3125,1020.9375,0,0.815807,413.4375,1203.75,0,0.90789825,408.75,1386.5625,0,0.9734136,380.625,1456.875,0,0.78089833,forward,167.0874148841327,1
2009,67.03363333333334,261.8720531463623,,,,,,,,,,,,,,,,,,,,455.625,1020.9375,0,0.8107149,413.4375,1203.75,0,0.9030382,408.75,1386.5625,0,0.9715569,380.625,1456.875,0,0.77971476,forward,168.47417261247384,1
2010,67.06700000000001,260.0722312927246,,,,,,,,,,,,,,,,,,,,460.3125,1025.625,0,0.8082488,413.4375,1208.4375,0,0.89950204,408.75,1386.5625,0,0.969778,380.625,1456.875,0,0.78049135,forward,167.12606007655606,1
2011,67.10036666666667,259.83214378356934,,,,,,,,,,,,,,,,,,,,460.3125,1030.3125,0,0.80067563,413.4375,1213.125,0,0.8981192,408.75,1386.5625,0,0.9750776,380.625,1456.875,0,0.7860216,forward,167.1667568101556,1
2012,67.13373333333334,259.52625274658203,,,,,,,,,,,,,,,,,,,,460.3125,1035.0,0,0.8048296,408.75,1213.125,0,0.9012836,408.75,1386.5625,0,0.9781107,380.625,1456.875,0,0.78858167,forward,163.8556594269919,1
2013,67.1671,256.6068172454834,,,,,,,,,,,,,,,,,,,,460.3125,1039.6875,0,0.80110914,408.75,1217.8125,0,0.902362,408.75,1381.875,0,0.9759963,380.625,1456.875,0,0.7896233,forward,163.8556594269919,1
2014,67.20046666666667,253.79300117492676,,,,,,,,,,,,,,,,,,,,460.3125,1044.375,0,0.79871696,408.75,1217.8125,0,0.90281034,408.75,1381.875,0,0.97594357,380.625,1456.875,0,0.7875742,forward,163.4429346985145,1
2015,67.23383333333334,252.32934951782227,,,,,,,,,,,,,,,,,,,,460.3125,1049.0625,0,0.7937324,408.75,1217.8125,0,0.9041861,408.75,1381.875,0,0.9763378,380.625,1456.875,0,0.7848084,forward,163.00917811664917,1
2016,67.2672,251.45792961120605,,,,,,,,,,,,,,,,,,,,460.3125,1053.75,0,0.80163825,404.0625,1222.5,0,0.90700775,408.75,1381.875,0,0.97374797,385.3125,1456.875,0,0.78697413,forward,159.88037171236675,1
2017,67.30056666666667,254.9448013305664,,,,,,,,,,,,,,,,,,,,455.625,1058.4375,0,0.8001307,404.0625,1222.5,0,0.9117098,408.75,1381.875,0,0.97419554,385.3125,1456.875,0,0.79131514,forward,160.86812035013347,1
2018,67.33393333333333,252.08497047424316,,,,,,,,,,,,,,,,,,,,455.625,1063.125,0,0.80072737,404.0625,1222.5,0,0.90704745,408.75,1381.875,0,0.97209084,385.3125,1456.875,0,0.79282117,forward,160.38738638421748,1
2019,67.3673,254.75502014160156,,,,,,,,,,,,,,,,,,,,455.625,1067.8125,0,0.8060451,399.375,1227.1875,0,0.9125759,408.75,1381.875,0,0.9692962,385.3125,1456.875,0,0.79835624,forward,157.09173823919815,1
2020,67.40066666666667,253.07703018188477,,,,,,,,,,,,,,,,,,,,455.625,1072.5,0,0.8124393,399.375,1227.1875,0,0.92512906,408.75,1381.875,0,0.976007,385.3125,1456.875,0,0.80125594,forward,156.54867731174824,1
2021,67.43403333333333,255.83910942077637,,,,,,,,,,,,,,,,,,,,455.625,1077.1875,0,0.80973125,399.375,1227.1875,0,0.9332905,408.75,1381.875,0,0.9728954,385.3125,1456.875,0,0.7992241,forward,155.97572543076595,1
2022,67.4674,256.0439109802246,,,,,,,,,,,,,,,,,,,,455.625,1081.875,0,0.81547093,394.6875,1227.1875,0,0.9243531,408.75,1381.875,0,0.97475004,385.3125,1456.875,0,0.800909,forward,152.05459567859913,1
2023,67.50076666666666,257.3680877685547,,,,,,,,,,,,,,,,,,,,455.625,1091.25,0,0.8191968,394.6875,1231.875,0,0.92737824,408.75,1381.875,0,0.9729327,385.3125,1456.875,0,0.7988604,forward,151.21548270831718,1
2024,67.53413333333333,256.7930221557617,,,,,,,,,,,,,,,,,,,,455.625,1095.9375,0,0.8221008,394.6875,1231.875,0,0.9313004,408.75,1381.875,0,0.9708599,380.625,1456.875,0,0.8004278,forward,150.49863719359368,1
2025,67.5675,256.84094429016113,,,,,,,,,,,,,,,,,,,,455.625,1095.9375,0,0.8242042,390.0,1231.875,0,0.9340217,408.75,1381.875,0,0.975088,380.625,1456.875,0,0.8064604,forward,147.10566009111335,1
2026,67.60086666666666,257.28607177734375,,,,,,,,,,,,,,,,,,,,455.625,1100.625,0,0.8234837,390.0,1231.875,0,0.9354476,408.75,1381.875,0,0.9750632,380.625,1456.875,0,0.8060782,forward,146.30993548480913,1
2027,67.63423333333334,256.727933883667,,,,,,,,,,,,,,,,,,,,455.625,1105.3125,0,0.8257154,390.0,1231.875,0,0.9368818,408.75,1381.875,0,0.97344184,380.625,1456.875,0,0.8040904,forward,145.46741200183308,1
2028,67.66760000000001,256.35409355163574,,,,,,,,,,,,,,,,,,,,455.625,1105.3125,0,0.83145636,390.0,1231.875,0,0.93779147,408.75,1381.875,0,0.97281086,380.625,1456.875,0,0.8079189,forward,145.46741200183308,1
2029,67.70096666666667,255.83291053771973,,,,,,,,,,,,,,,,,,,,455.625,1110.0,0,0.83222544,390.0,1231.875,0,0.9358014,408.75,1381.875,0,0.9745554,380.625,1456.875,0,0.8073927,forward,144.57423289140445,1
2030,67.73433333333334,257.9317092895508,,,,,,,,,,,,,,,,,,,,455.625,1105.3125,0,0.8306705,390.0,1231.875,0,0.94317716,408.75,1386.5625,0,0.9730556,380.625,1456.875,0,0.8057976,forward,145.68119646954585,1
2031,67.7677,257.7841281890869,,,,,,,,,,,,,,,,,,,,455.625,1110.0,0,0.82640934,394.6875,1231.875,0,0.9391509,408.75,1381.875,0,0.9707127,380.625,1456.875,0,0.79994553,forward,148.0791293895498,1
2032,67.80106666666667,256.96468353271484,,,,,,,,,,,,,,,,,,,,460.3125,1110.0,0,0.8253623,394.6875,1236.5625,0,0.93964875,408.75,1386.5625,0,0.9679858,380.625,1456.875,0,0.79746544,forward,147.23660538361634,1
2033,67.83443333333334,257.66563415527344,,,,,,,,,,,,,,,,,,,,460.3125,1114.6875,0,0.8275933,394.6875,1236.5625,0,0.9385912,408.75,1386.5625,0,0.9643979,380.625,1452.1875,0,0.79239297,forward,146.34343003378842,1
2034,67.8678,255.44977188110352,,,,,,,,,,,,,,,,,,,,460.3125,1114.6875,0,0.82694,394.6875,1236.5625,0,0.93358195,408.75,1386.5625,0,0.9632869,380.625,1452.1875,0,0.7920998,forward,146.34343003378842,1
2035,67.90116666666667,257.84778594970703,,,,,,,,,,,,,,,,,,,,460.3125,1114.6875,0,0.82713556,394.6875,1236.5625,0,0.9265329,408.75,1386.5625,0,0.96187025,380.625,1452.1875,0,0.79007816,forward,146.34343003378842,1
2036,67.93453333333333,257.30085372924805,,,,,,,,,,,,,,,,,,,,460.3125,1114.6875,0,0.8267233,394.6875,1231.875,0,0.92563677,408.75,1386.5625,0,0.9647555,380.625,1452.1875,0,0.78959507,forward,145.55674097760678,1
2037,67.9679,256.9549083709717,,,,,,,,,,,,,,,,,,,,460.3125,1114.6875,0,0.82717896,394.6875,1236.5625,0,0.923288,408.75,1386.5625,0,0.965895,380.625,1452.1875,0,0.7906404,forward,146.34343003378842,1
2038,68.00126666666667,256.2427520751953,,,,,,,,,,,,,,,,,,,,460.3125,1114.6875,0,0.8275602,399.375,1236.5625,0,0.9212704,408.75,1386.5625,0,0.9660517,380.625,1452.1875,0,0.7890136,forward,149.8586147764882,1
2039,68.03463333333333,253.3581256866455,,,,,,,,,,,,,,,,,,,,460.3125,1110.0,0,0.8243795,399.375,1236.5625,0,0.9251472,408.75,1386.5625,0,0.96843183,380.625,1456.875,0,0.7921117,forward,150.71372555265415,1
2040,68.068,257.7178478240967,,,,,,,,,,,,,,,,,,,,460.3125,1110.0,0,0.82311296,399.375,1236.5625,0,0.91997695,408.75,1386.5625,0,0.9628347,380.625,1452.1875,0,0.7879509,forward,150.71372555265415,1
2041,68.10136666666666,258.8059902191162,,,,,,,,,,,,,,,,,,,,460.3125,1110.0,0,0.8284628,399.375,1236.5625,0,0.9253435,413.4375,1386.5625,0,0.9666914,380.625,1452.1875,0,0.7885775,forward,148.93422630540428,1
2042,68.13473333333333,251.01590156555176,,,,,,,,,,,,,,,,,,,,460.3125,1105.3125,0,0.82421374,399.375,1236.5625,0,0.9226382,413.4375,1386.5625,0,0.97120523,380.625,1452.1875,0,0.7905305,forward,149.73941379935263,1
2043,68.1681,252.74205207824707,,,,,,,,,,,,,,,,,,,,460.3125,1100.625,0,0.82413244,399.375,1231.875,0,0.9248844,408.75,1386.5625,0,0.9704299,380.625,1452.1875,0,0.7910825,forward,151.62700866821953,1
2044,68.20146666666666,252.49886512756348,,,,,,,,,,,,,,,,,,,,460.3125,1095.9375,0,0.8237131,399.375,1236.5625,0,0.9183723,413.4375,1386.5625,0,0.96963793,380.625,1452.1875,0,0.7870356,forward,151.21548270831718,1
2045,68.23483333333334,252.74300575256348,,,,,,,,,,,,,,,,,,,,455.625,1091.25,0,0.8252332,399.375,1236.5625,0,0.9183141,413.4375,1381.875,0,0.97508323,380.625,1452.1875,0,0.783165,forward,153.31119215737385,1
2046,68.26820000000001,252.5801658630371,,,,,,,,,,,,,,,,,,,,455.625,1081.875,0,0.8172314,404.0625,1231.875,0,0.9115654,408.75,1381.875,0,0.97154284,385.3125,1452.1875,0,0.78595823,forward,159.23968459340043,1
2047,68.30156666666667,251.65796279907227,,,,,,,,,,,,,,,,,,,,455.625,1081.875,0,0.8167403,404.0625,1231.875,0,0.91575414,408.75,1381.875,0,0.97433436,385.3125,1456.875,0,0.7927227,forward,159.23968459340043,1
2048,68.33493333333334,253.09300422668457,,,,,,,,,,,,,,,,,,,,455.625,1072.5,0,0.81434184,404.0625,1227.1875,0,0.9102398,408.75,1381.875,0,0.9723206,385.3125,1456.875,0,0.7893446,forward,159.82935344096938,1
2049,68.3683,255.83195686340332,,,,,,,,,,,,,,,,,,,,455.625,1067.8125,0,0.81468785,404.0625,1227.1875,0,0.9065963,408.75,1381.875,0,0.97166574,385.3125,1456.875,0,0.7859854,forward,160.3363751233965,1
2050,68.40166666666667,254.22286987304688,,,,,,,,,,,,,,,,,,,,460.3125,1063.125,0,0.80415195,408.75,1227.1875,0,0.90863514,408.75,1381.875,0,0.9660222,380.625,1456.875,0,0.77402735,forward,162.55282694106322,1
2051,68.43503333333334,254.23002243041992,,,,,,,,,,,,,,,,,,,,460.3125,1053.75,0,0.8017921,408.75,1222.5,0,0.9087242,408.75,1386.5625,0,0.9658257,385.3125,1456.875,0,0.77029824,forward,163.00917811664917,1
2052,68.4684,254.9607753753662,,,,,,,,,,,,,,,,,,,,460.3125,1049.0625,0,0.80199516,408.75,1222.5,0,0.90953505,408.75,1386.5625,0,0.964831,380.625,1456.875,0,0.7726563,forward,163.4429346985145,1
2053,68.50176666666667,254.0748119354248,,,,,,,,,,,,,,,,,,,,460.3125,1044.375,0,0.8009392,408.75,1217.8125,0,0.9109727,408.75,1386.5625,0,0.96462786,380.625,1456.875,0,0.7711731,forward,163.4429227144762,1
2054,68.53513333333333,254.61816787719727,,,,,,,,,,,,,,,,,,,,465.0,1035.0,0,0.8059037,408.75,1213.125,0,0.9173758,408.75,1386.5625,0,0.96500444,380.625,1456.875,0,0.76734334,forward,162.47442769313392,1
2055,68.5685,254.32109832763672,,,,,,,,,,,,,,,,,,,,465.0,1030.3125,0,0.8050171,413.4375,1213.125,0,0.9117967,408.75,1386.5625,0,0.9704441,380.625,1456.875,0,0.7762979,forward,165.79696489556375,1
2056,68.60186666666667,254.85801696777344,,,,,,,,,,,,,,,,,,,,465.0,1020.9375,0,0.81034374,413.4375,1208.4375,0,0.91811174,408.75,1386.5625,0,0.9708096,380.625,1456.875,0,0.77954054,forward,166.1311946787955,1
2057,68.63523333333333,255.5537223815918,,,,,,,,,,,,,,,,,,,,465.0,1020.9375,0,0.8133703,418.125,1199.0625,0,0.9267025,408.75,1386.5625,0,0.9743787,380.625,1456.875,0,0.7786246,forward,168.1188354062519,1
2058,68.6686,254.7919750213623,,,,,,,,,,,,,,,,,,,,465.0,1016.25,0,0.8114499,418.125,1199.0625,0,0.92663574,408.75,1386.5625,0,0.9769634,380.625,1456.875,0,0.7815884,forward,168.48102841205483,1
2059,68.70196666666666,255.24592399597168,,,,,,,,,,,,,,,,,,,,465.0,1011.5625,0,0.8080345,418.125,1199.0625,0,0.91686815,408.75,1386.5625,0,0.98137397,380.625,1456.875,0,0.7856562,forward,168.8261834628041,1
2060,68.73533333333333,254.74882125854492,,,,,,,,,,,,,,,,,,,,465.0,1006.875,0,0.8137231,418.125,1199.0625,0,0.9164909,408.75,1386.5625,0,0.9820703,380.625,1456.875,0,0.7870251,forward,169.15544993089466,1
2061,68.7687,256.8860054016113,,,,,,,,,,,,,,,,,,,,465.0,1006.875,0,0.8113559,422.8125,1199.0625,0,0.91920257,408.75,1386.5625,0,0.9782685,380.625,1456.875,0,0.7852325,forward,171.90834801986352,1
2062,68.80206666666666,255.7060718536377,,,,,,,,,,,,,,,,,,,,460.3125,1002.1875,0,0.8136991,422.8125,1194.375,0,0.913202,408.75,1386.5625,0,0.9819633,380.625,1456.875,0,0.7890578,forward,173.14396309579345,1
2063,68.83543333333334,256.1612129211426,,,,,,,,,,,,,,,,,,,,460.3125,1002.1875,0,0.8132128,422.8125,1194.375,0,0.91282773,408.75,1386.5625,0,0.97810006,380.625,1456.875,0,0.78648126,forward,173.14396309579345,1
2064,68.86880000000001,255.18393516540527,,,,,,,,,,,,,,,,,,,,460.3125,997.5,0,0.81832755,422.8125,1194.375,0,0.9070087,408.75,1386.5625,0,0.98048097,380.625,1456.875,0,0.79288924,forward,173.4006104165116,1
2065,68.90216666666667,255.16605377197266,,,,,,,,,,,,,,,,,,,,460.3125,997.5,0,0.8177408,422.8125,1189.6875,0,0.9001148,408.75,1386.5625,0,0.9784298,380.625,1456.875,0,0.7905646,forward,173.04469295347693,1
2066,68.93553333333334,255.4008960723877,,,,,,,,,,,,,,,,,,,,460.3125,997.5,0,0.8197569,422.8125,1189.6875,0,0.89491487,408.75,1386.5625,0,0.97686577,380.625,1456.875,0,0.7871587,forward,173.04469295347693,1
2067,68.9689,254.79483604431152,,,,,,,,,,,,,,,,,,,,460.3125,997.5,0,0.81616414,422.8125,1189.6875,0,0.8907491,408.75,1386.5625,0,0.97523475,380.625,1456.875,0,0.78843117,forward,173.04469295347693,1
2068,69.00226666666667,254.9459934234619,,,,,,,,,,,,,,,,,,,,460.3125,992.8125,0,0.8160416,422.8125,1189.6875,0,0.88880515,408.75,1386.5625,0,0.97321665,380.625,1456.875,0,0.78919184,forward,173.30133161598886,1
2069,69.03563333333334,255.51700592041016,,,,,,,,,,,,,,,,,,,,460.3125,992.8125,0,0.81290776,422.8125,1189.6875,0,0.8877783,408.75,1386.5625,0,0.97660404,380.625,1456.875,0,0.7913087,forward,173.30133161598886,1
2070,69.069,253.51715087890625,,,,,,,,,,,,,,,,,,,,455.625,992.8125,0,0.81422174,422.8125,1189.6875,0,0.8832137,408.75,1386.5625,0,0.97323716,380.625,1456.875,0,0.79161125,forward,174.62327052881244,1
2071,69.10236666666667,254.3330192565918,,,,,,,,,,,,,,,,,,,,455.625,988.125,0,0.8110306,422.8125,1185.0,0,0.88308656,408.75,1386.5625,0,0.97355366,380.625,1456.875,0,0.7912855,forward,174.5285780288336,1
2072,69.13573333333333,255.12003898620605,,,,,,,,,,,,,,,,,,,,455.625,988.125,0,0.81043863,422.8125,1185.0,0,0.8841158,408.75,1386.5625,0,0.975139,380.625,1456.875,0,0.79604423,forward,174.5285780288336,1
2073,69.1691,265.9637928009033,,,,,,,,,,,,,,,,,,,,455.625,988.125,0,0.8101914,422.8125,1185.0,0,0.8889947,408.75,1386.5625,0,0.97691584,380.625,1456.875,0,0.7933393,forward,174.5285780288336,1
2074,69.20246666666667,262.5770568847656,,,,,,,,,,,,,,,,,,,,455.625,988.125,0,0.81175935,422.8125,1185.0,0,0.89299196,408.75,1386.5625,0,0.9784304,380.625,1456.875,0,0.7957891,forward,174.5285780288336,1
2075,69.23583333333333,256.9148540496826,,,,,,,,,,,,,,,,,,,,455.625,988.125,0,0.8129859,422.8125,1185.0,0,0.895841,408.75,1386.5625,0,0.98098594,380.625,1456.875,0,0.794806,forward,174.5285780288336,1
2076,69.2692,258.26406478881836,,,,,,,,,,,,,,,,,,,,455.625,988.125,0,0.8162108,422.8125,1189.6875,0,0.8998419,408.75,1386.5625,0,0.98072857,380.625,1456.875,0,0.7935928,forward,174.83953875092138,1
2077,69.30256666666666,260.3597640991211,,,,,,,,,,,,,,,,,,,,455.625,988.125,0,0.8187455,422.8125,1189.6875,0,0.90457475,408.75,1386.5625,0,0.9828732,380.625,1456.875,0,0.79602957,forward,174.83953875092138,1
2078,69.33593333333333,258.1148147583008,,,,,,,,,,,,,,,,,,,,455.625,988.125,0,0.8208442,422.8125,1189.6875,0,0.9071096,408.75,1386.5625,0,0.9833142,380.625,1456.875,0,0.79770255,forward,174.83953875092138,1
2079,69.3693,262.5012397766113,,,,,,,,,,,,,,,,,,,,455.625,992.8125,0,0.82086575,422.8125,1189.6875,0,0.9058045,408.75,1386.5625,0,0.9828575,380.625,1456.875,0,0.79641986,forward,174.62327052881244,1
2080,69.40266666666666,252.3820400238037,,,,,,,,,,,,,,,,,,,,455.625,992.8125,0,0.8197535,422.8125,1189.6875,0,0.90566874,408.75,1386.5625,0,0.9836939,380.625,1456.875,0,0.7944246,forward,174.62327052881244,1
2081,69.43603333333334,251.08027458190918,,,,,,,,,,,,,,,,,,,,455.625,992.8125,0,0.8191225,422.8125,1189.6875,0,0.9068979,408.75,1386.5625,0,0.9826679,380.625,1456.875,0,0.78996104,forward,174.62327052881244,1
2082,69.46940000000001,251.6958713531494,,,,,,,,,,,,,,,,,,,,455.625,992.8125,0,0.8222555,422.8125,1189.6875,0,0.90968376,408.75,1386.5625,0,0.9824208,380.625,1456.875,0,0.7889051,forward,174.62327052881244,1
2083,69.50276666666667,251.3868808746338,,,,,,,,,,,,,,,,,,,,455.625,997.5,0,0.81832415,418.125,1189.6875,0,0.9017374,408.75,1386.5625,0,0.98052466,380.625,1456.875,0,0.7855147,forward,171.68539482457547,1
2084,69.53613333333334,252.0599365234375,,,,,,,,,,,,,,,,,,,,455.625,997.5,0,0.81739795,418.125,1189.6875,0,0.9012804,408.75,1386.5625,0,0.98136616,380.625,1456.875,0,0.78904086,forward,171.68539482457547,1
2085,69.5695,253.47518920898438,,,,,,,,,,,,,,,,,,,,460.3125,997.5,0,0.8194035,422.8125,1194.375,0,0.9067808,408.75,1386.5625,0,0.98332566,380.625,1456.875,0,0.7859311,forward,173.4006104165116,1
2086,69.60286666666667,257.4450969696045,,,,,,,,,,,,,,,,,,,,455.625,1002.1875,0,0.8163888,422.8125,1194.375,0,0.9036224,408.75,1386.5625,0,0.9826747,380.625,1456.875,0,0.7878611,forward,174.49615226572627,1
2087,69.63623333333334,256.6490173339844,,,,,,,,,,,,,,,,,,,,460.3125,1002.1875,0,0.8166611,422.8125,1194.375,0,0.90722656,408.75,1386.5625,0,0.9828639,380.625,1456.875,0,0.78414476,forward,173.14396309579345,1
2088,69.6696,257.37500190734863,,,,,,,,,,,,,,,,,,,,460.3125,1006.875,0,0.81538796,422.8125,1199.0625,0,0.90348,408.75,1386.5625,0,0.982743,380.625,1456.875,0,0.7863369,forward,173.24819865649417,1
2089,69.70296666666667,257.0350170135498,,,,,,,,,,,,,,,,,,,,460.3125,1011.5625,0,0.8133287,422.8125,1199.0625,0,0.90576255,408.75,1386.5625,0,0.9816254,380.625,1456.875,0,0.7856276,forward,172.9792050161289,1
2090,69.73633333333333,256.1960220336914,,,,,,,,,,,,,,,,,,,,460.3125,1016.25,0,0.8065493,418.125,1199.0625,0,0.89906394,408.75,1386.5625,0,0.97561944,380.625,1456.875,0,0.77956545,forward,169.86779204964392,1
2091,69.7697,257.6289176940918,,,,,,,,,,,,,,,,,,,,460.3125,1020.9375,0,0.80717814,418.125,1203.75,0,0.9000288,408.75,1386.5625,0,0.97307765,380.625,1456.875,0,0.77719814,forward,169.9410460765714,1
2092,69.80306666666667,257.3118209838867,,,,,,,,,,,,,,,,,,,,460.3125,1020.9375,0,0.80989194,418.125,1208.4375,0,0.90180814,408.75,1386.5625,0,0.96861815,380.625,1456.875,0,0.7766516,forward,170.3324025091804,1
2093,69.83643333333333,256.96587562561035,,,,,,,,,,,,,,,,,,,,460.3125,1025.625,0,0.80822206,418.125,1213.125,0,0.89831334,408.75,1386.5625,0,0.9641287,380.625,1456.875,0,0.77214205,forward,170.41367895975375,1
2094,69.8698,256.5722465515137,,,,,,,,,,,,,,,,,,,,460.3125,1030.3125,0,0.7997303,413.4375,1213.125,0,0.89156926,408.75,1386.5625,0,0.968082,380.625,1456.875,0,0.77550614,forward,167.1667568101556,1
2095,69.90316666666666,256.058931350708,,,,,,,,,,,,,,,,,,,,460.3125,1035.0,0,0.79478335,413.4375,1217.8125,0,0.89308685,408.75,1386.5625,0,0.9717126,380.625,1456.875,0,0.7784034,forward,167.20974032223126,1
2096,69.93653333333333,256.2718391418457,,,,,,,,,,,,,,,,,,,,460.3125,1039.6875,0,0.80052716,413.4375,1217.8125,0,0.90491754,408.75,1386.5625,0,0.974643,380.625,1456.875,0,0.78496695,forward,166.8475746148289,1
2097,69.9699,262.7420425415039,,,,,,,,,,,,,,,,,,,,460.3125,1039.6875,0,0.7971968,408.75,1217.8125,0,0.89404607,408.75,1386.5625,0,0.97407055,380.625,1456.875,0,0.7838027,forward,163.8556594269919,1
2098,70.00326666666666,257.7061653137207,,,,,,,,,,,,,,,,,,,,455.625,1044.375,0,0.79755664,408.75,1222.5,0,0.89723223,408.75,1381.875,0,0.9759489,380.625,1456.875,0,0.7877329,forward,165.25643179913462,1
2099,70.03663333333334,259.22083854675293,,,,,,,,,,,,,,,,,,,,455.625,1049.0625,0,0.80340147,408.75,1217.8125,0,0.8998645,408.75,1381.875,0,0.9742393,380.625,1456.875,0,0.7874336,forward,164.47588785830487,1
2100,70.07000000000001,259.07301902770996,,,,,,,,,,,,,,,,,,,,455.625,1053.75,0,0.8020654,404.0625,1217.8125,0,0.90792894,408.75,1381.875,0,0.98282063,380.625,1456.875,0,0.7889999,forward,160.91623571861498,1
2101,70.10336666666667,256.15382194519043,,,,,,,,,,,,,,,,,,,,455.625,1058.4375,0,0.80985034,399.375,1222.5,0,0.9143802,408.75,1381.875,0,0.9762912,380.625,1456.875,0,0.79447937,forward,157.70890004127335,1
2102,70.13673333333334,255.1259994506836,,,,,,,,,,,,,,,,,,,,450.9375,1063.125,0,0.7974935,399.375,1222.5,0,0.92318857,408.75,1381.875,0,0.97707766,380.625,1456.875,0,0.79864633,forward,158.70561365863827,1
2103,70.1701,251.00016593933105,,,,,,,,,,,,,,,,,,,,450.9375,1063.125,0,0.8006345,399.375,1227.1875,0,0.9163399,408.75,1381.875,0,0.97375035,380.625,1456.875,0,0.7992288,forward,159.0845807116432,1
2104,70.20346666666667,253.15308570861816,,,,,,,,,,,,,,,,,,,,450.9375,1072.5,0,0.8089349,394.6875,1227.1875,0,0.9221144,408.75,1381.875,0,0.9793651,380.625,1456.875,0,0.8033328,forward,154.8224603888836,1
2105,70.23683333333334,255.13601303100586,,,,,,,,,,,,,,,,,,,,450.9375,1072.5,0,0.80457085,394.6875,1227.1875,0,0.92372787,408.75,1381.875,0,0.97317094,380.625,1456.875,0,0.79721653,forward,154.8224603888836,1
2106,70.2702,256.65807723999023,,,,,,,,,,,,,,,,,,,,450.9375,1081.875,0,0.8124418,394.6875,1227.1875,0,0.9303192,408.75,1381.875,0,0.9769615,380.625,1456.875,0,0.7987366,forward,153.64430837404151,1
2107,70.30356666666667,256.972074508667,,,,,,,,,,,,,,,,,,,,450.9375,1081.875,0,0.81228435,394.6875,1227.1875,0,0.9268748,408.75,1381.875,0,0.9734256,380.625,1456.875,0,0.7920052,forward,153.64430837404151,1
2108,70.33693333333333,255.93209266662598,,,,,,,,,,,,,,,,,,,,450.9375,1086.5625,0,0.81270176,390.0,1227.1875,0,0.9344388,408.75,1381.875,0,0.97522295,380.625,1456.875,0,0.7971115,forward,149.66008293810077,1
2109,70.3703,252.52699851989746,,,,,,,,,,,,,,,,,,,,450.9375,1091.25,0,0.8180867,390.0,1231.875,0,0.93454146,408.75,1381.875,0,0.97254,380.625,1456.875,0,0.7992511,forward,149.44629664769104,1
2110,70.40366666666667,255.02634048461914,,,,,,,,,,,,,,,,,,,,450.9375,1095.9375,0,0.8146707,390.0,1231.875,0,0.9334512,408.75,1381.875,0,0.9706199,380.625,1456.875,0,0.803275,forward,148.7294399664143,1
2111,70.43703333333333,253.80897521972656,,,,,,,,,,,,,,,,,,,,450.9375,1095.9375,0,0.823019,390.0,1231.875,0,0.9337901,408.75,1381.875,0,0.9690698,380.625,1456.875,0,0.80331576,forward,148.7294399664143,1
2112,70.4704,251.91497802734375,,,,,,,,,,,,,,,,,,,,450.9375,1095.9375,0,0.8245746,390.0,1231.875,0,0.9294868,408.75,1381.875,0,0.9726773,380.625,1456.875,0,0.80735826,forward,148.7294399664143,1
2113,70.50376666666666,251.40619277954102,,,,,,,,,,,,,,,,,,,,455.625,1100.625,0,0.82040447,390.0,1231.875,0,0.9314983,408.75,1381.875,0,0.96893394,380.625,1456.875,0,0.8020195,forward,146.30993548480913,1
2114,70.53713333333333,251.6798973083496,,,,,,,,,,,,,,,,,,,,450.9375,1100.625,0,0.8228715,390.0,1236.5625,0,0.9343606,408.75,1386.5625,0,0.9612911,380.625,1456.875,0,0.79979515,forward,148.7294399664143,1
2115,70.5705,257.0638656616211,,,,,,,,,,,,,,,,,,,,450.9375,1105.3125,0,0.8233774,390.0,1236.5625,0,0.9298644,408.75,1386.5625,0,0.9588736,380.625,1456.875,0,0.79625404,forward,147.97021863631517,1
2116,70.60386666666666,256.23297691345215,,,,,,,,,,,,,,,,,,,,455.625,1100.625,0,0.8221973,390.0,1236.5625,0,0.92826366,408.75,1386.5625,0,0.9616085,380.625,1456.875,0,0.7919059,forward,147.10566009111335,1
2117,70.63723333333334,256.98184967041016,,,,,,,,,,,,,,,,,,,,455.625,1100.625,0,0.82506716,390.0,1231.875,0,0.9319476,408.75,1386.5625,0,0.96198237,380.625,1456.875,0,0.79707026,forward,146.5237205577088,1
2118,70.67060000000001,256.929874420166,,,,,,,,,,,,,,,,,,,,455.625,1100.625,0,0.8232936,394.6875,1231.875,0,0.9329693,408.75,1386.5625,0,0.96376497,380.625,1456.875,0,0.79642487,forward,149.90080861335088,1
2119,70.70396666666667,260.2691650390625,,,,,,,,,,,,,,,,,,,,455.625,1105.3125,0,0.8274207,390.0,1231.875,0,0.93522537,408.75,1386.5625,0,0.96598244,380.625,1456.875,0,0.79966784,forward,145.68119646954585,1
2120,70.73733333333334,253.08799743652344,,,,,,,,,,,,,,,,,,,,455.625,1105.3125,0,0.8272687,390.0,1236.5625,0,0.9368197,408.75,1386.5625,0,0.966282,380.625,1456.875,0,0.799549,forward,146.30993548480913,1
2121,70.7707,251.99007987976074,,,,,,,,,,,,,,,,,,,,455.625,1100.625,0,0.82858944,390.0,1236.5625,0,0.9327122,408.75,1386.5625,0,0.96977735,380.625,1456.875,0,0.80305564,forward,147.10566009111335,1
2122,70.80406666666667,252.3510456085205,,,,,,,,,,,,,,,,,,,,455.625,1100.625,0,0.83007467,394.6875,1236.5625,0,0.9331607,408.75,1386.5625,0,0.9691577,380.625,1456.875,0,0.7985802,forward,150.49863719359368,1
2123,70.83743333333334,252.09903717041016,,,,,,,,,,,,,,,,,,,,455.625,1095.9375,0,0.83003867,394.6875,1236.5625,0,0.9313626,408.75,1386.5625,0,0.9717057,380.625,1456.875,0,0.7974002,forward,151.21548270831718,1
2124,70.8708,258.3911418914795,,,,,,,,,,,,,,,,,,,,455.625,1091.25,0,0.8350276,394.6875,1236.5625,0,0.9374546,408.75,1386.5625,0,0.9744718,380.625,1456.875,0,0.8012757,forward,151.8931999543362,1
2125,70.90416666666667,259.39393043518066,,,,,,,,,,,,,,,,,,,,455.625,1081.875,0,0.82499623,394.6875,1236.5625,0,0.9262155,408.75,1386.5625,0,0.96862334,380.625,1456.875,0,0.79432595,forward,153.1427562401133,1
2126,70.93753333333333,257.9813003540039,,,,,,,,,,,,,,,,,,,,455.625,1077.1875,0,0.8224733,394.6875,1231.875,0,0.9314685,408.75,1381.875,0,0.9731591,380.625,1456.875,0,0.79902077,forward,153.1427562401133,1
2127,70.9709,257.81869888305664,,,,,,,,,,,,,,,,,,,,455.625,1072.5,0,0.8132546,399.375,1231.875,0,0.92168266,408.75,1381.875,0,0.9708284,380.625,1456.875,0,0.7926463,forward,156.98362838651065,1
2128,71.00426666666667,258.84270668029785,,,,,,,,,,,,,,,,,,,,455.625,1067.8125,0,0.8159628,399.375,1231.875,0,0.91227174,408.75,1381.875,0,0.9701319,385.3125,1456.875,0,0.79723465,forward,157.49902305800816,1
2129,71.03763333333333,256.0420036315918,,,,,,,,,,,,,,,,,,,,455.625,1063.125,0,0.807384,399.375,1227.1875,0,0.903836,408.75,1381.875,0,0.9682355,385.3125,1456.875,0,0.78936064,forward,157.60713015564832,1
2130,71.071,255.31315803527832,,,,,,,,,,,,,,,,,,,,455.625,1053.75,0,0.8086792,404.0625,1222.5,0,0.90055114,408.75,1381.875,0,0.9732523,385.3125,1456.875,0,0.7865919,forward,161.32448867038045,1
2131,71.10436666666666,252.8681755065918,,,,,,,,,,,,,,,,,,,,455.625,1049.0625,0,0.8019271,404.0625,1222.5,0,0.90307224,408.75,1381.875,0,0.9699266,380.625,1456.875,0,0.78650564,forward,161.75824198953433,1
2132,71.13773333333333,251.36089324951172,,,,,,,,,,,,,,,,,,,,460.3125,1044.375,0,0.80042744,408.75,1217.8125,0,0.90456986,408.75,1386.5625,0,0.9678954,380.625,1456.875,0,0.78323376,forward,163.4429227144762,1
2133,71.1711,257.02691078186035,,,,,,,,,,,,,,,,,,,,460.3125,1035.0,0,0.808463,408.75,1213.125,0,0.9198092,408.75,1386.5625,0,0.9674355,380.625,1456.875,0,0.7845402,forward,163.8556594269919,1
2134,71.20446666666666,257.14778900146484,,,,,,,,,,,,,,,,,,,,460.3125,1030.3125,0,0.8075645,413.4375,1208.4375,0,0.91240656,408.75,1386.5625,0,0.9676522,380.625,1456.875,0,0.7863374,forward,166.76387804386886,1
2135,71.23783333333334,255.38182258605957,,,,,,,,,,,,,,,,,,,,460.3125,1020.9375,0,0.8054032,413.4375,1203.75,0,0.92144704,408.75,1386.5625,0,0.97002685,380.625,1456.875,0,0.77842855,forward,167.0874148841327,1
2136,71.27120000000001,255.9340000152588,,,,,,,,,,,,,,,,,,,,460.3125,1020.9375,0,0.8086512,418.125,1199.0625,0,0.92052364,408.75,1386.5625,0,0.9711333,380.625,1456.875,0,0.7798686,forward,169.53788552695772,1
2137,71.30456666666667,257.2150230407715,,,,,,,,,,,,,,,,,,,,460.3125,1016.25,0,0.8088364,418.125,1199.0625,0,0.922299,408.75,1386.5625,0,0.9732233,380.625,1456.875,0,0.7765945,forward,169.86779204964392,1
2138,71.33793333333334,255.54609298706055,,,,,,,,,,,,,,,,,,,,460.3125,1011.5625,0,0.8117721,418.125,1194.375,0,0.92835486,408.75,1386.5625,0,0.9755287,380.625,1456.875,0,0.7848828,forward,169.79808514651492,1
2139,71.3713,254.4260025024414,,,,,,,,,,,,,,,,,,,,460.3125,1006.875,0,0.81812656,422.8125,1194.375,0,0.921657,408.75,1386.5625,0,0.97435844,380.625,1456.875,0,0.7855315,forward,172.8750037602196,1
2140,71.40466666666667,256.0398578643799,,,,,,,,,,,,,,,,,,,,460.3125,1006.875,0,0.8141905,422.8125,1194.375,0,0.9239352,408.75,1386.5625,0,0.97173214,380.625,1456.875,0,0.7822064,forward,172.8750037602196,1
2141,71.43803333333334,256.1068534851074,,,,,,,,,,,,,,,,,,,,460.3125,1002.1875,0,0.8226958,422.8125,1194.375,0,0.9176972,408.75,1386.5625,0,0.97251844,380.625,1456.875,0,0.78125775,forward,173.14396309579345,1
2142,71.4714,255.22279739379883,,,,,,,,,,,,,,,,,,,,460.3125,997.5,0,0.81592155,422.8125,1189.6875,0,0.91257775,408.75,1386.5625,0,0.97699475,380.625,1456.875,0,0.7854982,forward,173.04469295347693,1
2143,71.50476666666667,255.36108016967773,,,,,,,,,,,,,,,,,,,,460.3125,997.5,0,0.812673,422.8125,1189.6875,0,0.9086114,408.75,1386.5625,0,0.97725886,380.625,1456.875,0,0.7868782,forward,173.04469295347693,1
2144,71.53813333333333,257.3680877685547,,,,,,,,,,,,,,,,,,,,460.3125,997.5,0,0.81862277,427.5,1185.0,0,0.90443027,408.75,1386.5625,0,0.9791999,380.625,1456.875,0,0.7809397,forward,175.3883237608652,1
2145,71.5715,261.2950801849365,,,,,,,,,,,,,,,,,,,,460.3125,997.5,0,0.81846476,422.8125,1189.6875,0,0.89173746,408.75,1386.5625,0,0.9756662,380.625,1456.875,0,0.78242743,forward,173.04469295347693,1
2146,71.60486666666667,257.56287574768066,,,,,,,,,,,,,,,,,,,,460.3125,997.5,0,0.82106996,422.8125,1189.6875,0,0.8845553,408.75,1386.5625,0,0.9752034,380.625,1456.875,0,0.78567606,forward,173.04469295347693,1
2147,71.63823333333333,257.2469711303711,,,,,,,,,,,,,,,,,,,,460.3125,997.5,0,0.81727755,422.8125,1189.6875,0,0.8830444,408.75,1386.5625,0,0.9746525,380.625,1456.875,0,0.78519005,forward,173.04469295347693,1
2148,71.6716,258.97789001464844,,,,,,,,,,,,,,,,,,,,455.625,997.5,0,0.81383693,427.5,1189.6875,0,0.8863472,408.75,1386.5625,0,0.97646034,380.625,1456.875,0,0.78767353,forward,177.11472709548536,1
2149,71.70496666666666,256.17218017578125,,,,,,,,,,,,,,,,,,,,455.625,997.5,0,0.81434333,427.5,1189.6875,0,0.88785565,408.75,1386.5625,0,0.9775368,380.625,1456.875,0,0.7882709,forward,177.11472709548536,1
2150,71.73833333333333,255.6588649749756,,,,,,,,,,,,,,,,,,,,455.625,997.5,0,0.8123541,422.8125,1189.6875,0,0.8834609,408.75,1386.5625,0,0.97478414,380.625,1456.875,0,0.78337216,forward,174.39684911537597,1
2151,71.7717,257.7800750732422,,,,,,,,,,,,,,,,,,,,455.625,997.5,0,0.81346965,422.8125,1189.6875,0,0.88411105,408.75,1386.5625,0,0.9748366,380.625,1456.875,0,0.78639627,forward,174.39684911537597,1
2152,71.80506666666666,256.3462257385254,,,,,,,,,,,,,,,,,,,,455.625,997.5,0,0.81202996,422.8125,1189.6875,0,0.88326406,408.75,1386.5625,0,0.9761299,380.625,1456.875,0,0.7867103,forward,174.39684911537597,1
2153,71.83843333333334,250.62298774719238,,,,,,,,,,,,,,,,,,,,455.625,997.5,0,0.81437105,422.8125,1189.6875,0,0.88410497,408.75,1386.5625,0,0.973462,380.625,1456.875,0,0.78469646,forward,174.39684911537597,1
2154,71.87180000000001,249.78303909301758,,,,,,,,,,,,,,,,,,,,455.625,997.5,0,0.81212735,422.8125,1189.6875,0,0.8849351,408.75,1386.5625,0,0.9753449,380.625,1456.875,0,0.7839048,forward,174.39684911537597,1
2155,71.90516666666667,251.10983848571777,,,,,,,,,,,,,,,,,,,,455.625,997.5,0,0.8131431,422.8125,1189.6875,0,0.88773596,408.75,1386.5625,0,0.9741286,380.625,1456.875,0,0.7816149,forward,174.39684911537597,1
2156,71.93853333333334,250.77009201049805,,,,,,,,,,,,,,,,,,,,455.625,997.5,0,0.81514263,422.8125,1189.6875,0,0.8885365,408.75,1386.5625,0,0.97439486,380.625,1456.875,0,0.78376937,forward,174.39684911537597,1
2157,71.9719,255.8307647705078,,,,,,,,,,,,,,,,,,,,455.625,997.5,0,0.8166158,422.8125,1189.6875,0,0.89360327,408.75,1386.5625,0,0.9765841,380.625,1456.875,0,0.78591037,forward,174.39684911537597,1
2158,72.00526666666667,254.99606132507324,,,,,,,,,,,,,,,,,,,,455.625,997.5,0,0.81723124,422.8125,1194.375,0,0.894518,408.75,1386.5625,0,0.9765974,380.625,1456.875,0,0.78647053,forward,174.72255108974696,1
2159,72.03863333333334,255.39422035217285,,,,,,,,,,,,,,,,,,,,455.625,997.5,0,0.817489,422.8125,1189.6875,0,0.8984621,408.75,1386.5625,0,0.9779605,380.625,1456.875,0,0.78288245,forward,174.39684911537597,1
2160,72.072,254.4729709625244,,,,,,,,,,,,,,,,,,,,455.625,997.5,0,0.81770265,422.8125,1189.6875,0,0.9058366,408.75,1386.5625,0,0.9797227,380.625,1456.875,0,0.78479314,forward,174.39684911537597,1
2161,72.10536666666667,254.91881370544434,,,,,,,,,,,,,,,,,,,,455.625,997.5,0,0.8163508,422.8125,1189.6875,0,0.899531,408.75,1386.5625,0,0.979492,380.625,1456.875,0,0.7878965,forward,174.39684911537597,1
2162,72.13873333333333,254.6849250793457,,,,,,,,,,,,,,,,,,,,455.625,1002.1875,0,0.81546116,422.8125,1189.6875,0,0.90427595,408.75,1386.5625,0,0.98180187,380.625,1456.875,0,0.7870791,forward,174.1594013939898,1
2163,72.1721,255.24210929870605,,,,,,,,,,,,,,,,,,,,455.625,1006.875,0,0.8101054,422.8125,1194.375,0,0.90436006,408.75,1386.5625,0,0.98007643,380.625,1456.875,0,0.78412044,forward,174.25870744529243,1
2164,72.20546666666667,256.20508193969727,,,,,,,,,,,,,,,,,,,,460.3125,1006.875,0,0.81501234,422.8125,1194.375,0,0.90896535,408.75,1386.5625,0,0.97949696,380.625,1456.875,0,0.78172123,forward,172.8750037602196,1
2165,72.23883333333333,254.89377975463867,,,,,,,,,,,,,,,,,,,,460.3125,1011.5625,0,0.8116709,422.8125,1199.0625,0,0.9022522,408.75,1386.5625,0,0.9750426,380.625,1456.875,0,0.77945876,forward,172.9792050161289,1
2166,72.2722,255.4948329925537,,,,,,,,,,,,,,,,,,,,460.3125,1016.25,0,0.80230725,422.8125,1199.0625,0,0.89773095,408.75,1386.5625,0,0.9758603,380.625,1456.875,0,0.7734953,forward,172.69700888084597,1
2167,72.30556666666666,254.67610359191895,,,,,,,,,,,,,,,,,,,,460.3125,1016.25,0,0.80887663,418.125,1199.0625,0,0.9000951,408.75,1386.5625,0,0.9699965,380.625,1456.875,0,0.76841885,forward,169.86779204964392,1
2168,72.33893333333333,255.1097869873047,,,,,,,,,,,,,,,,,,,,460.3125,1020.9375,0,0.8067243,418.125,1203.75,0,0.9003349,408.75,1386.5625,0,0.9676186,380.625,1456.875,0,0.7741256,forward,169.9410460765714,1
2169,72.3723,255.1441192626953,,,,,,,,,,,,,,,,,,,,460.3125,1025.625,0,0.80870175,413.4375,1208.4375,0,0.9057894,408.75,1386.5625,0,0.96102285,380.625,1456.875,0,0.77691424,forward,167.12606007655606,1
2170,72.40566666666666,256.8941116333008,,,,,,,,,,,,,,,,,,,,460.3125,1030.3125,0,0.7973923,413.4375,1213.125,0,0.9020133,408.75,1386.5625,0,0.9638715,380.625,1456.875,0,0.77807,forward,167.1667568101556,1
2171,72.43903333333334,259.71508026123047,,,,,,,,,,,,,,,,,,,,460.3125,1035.0,0,0.79908705,413.4375,1213.125,0,0.9072114,408.75,1386.5625,0,0.9684483,380.625,1456.875,0,0.7856921,forward,166.80458393723444,1
2172,72.47240000000001,253.59320640563965,,,,,,,,,,,,,,,,,,,,460.3125,1039.6875,0,0.7988944,408.75,1217.8125,0,0.90509665,408.75,1386.5625,0,0.96863574,380.625,1456.875,0,0.7842738,forward,163.8556594269919,1
2173,72.50576666666667,252.0599365234375,,,,,,,,,,,,,,,,,,,,460.3125,1044.375,0,0.8007058,408.75,1217.8125,0,0.90832186,408.75,1381.875,0,0.9697277,385.3125,1456.875,0,0.78357506,forward,163.4429346985145,1
2174,72.53913333333334,253.004789352417,,,,,,,,,,,,,,,,,,,,460.3125,1049.0625,0,0.8000493,408.75,1222.5,0,0.90756094,408.75,1381.875,0,0.9689612,380.625,1456.875,0,0.7872195,forward,163.4429346985145,1
2175,72.5725,251.97696685791016,,,,,,,,,,,,,,,,,,,,460.3125,1053.75,0,0.8032778,404.0625,1222.5,0,0.91122824,408.75,1381.875,0,0.96685475,385.3125,1456.875,0,0.78603137,forward,159.88037171236675,1
2176,72.60586666666667,257.82227516174316,,,,,,,,,,,,,,,,,,,,455.625,1058.4375,0,0.806805,404.0625,1227.1875,0,0.90135014,408.75,1381.875,0,0.96769834,385.3125,1456.875,0,0.78676635,forward,161.27349066939368,1
2177,72.63923333333334,257.5223445892334,,,,,,,,,,,,,,,,,,,,455.625,1063.125,0,0.8034391,399.375,1227.1875,0,0.91259587,408.75,1381.875,0,0.9682337,385.3125,1456.875,0,0.79265,forward,157.60713015564832,1
2178,72.6726,257.2898864746094,,,,,,,,,,,,,,,,,,,,455.625,1063.125,0,0.8171351,399.375,1227.1875,0,0.9218941,408.75,1381.875,0,0.97058034,385.3125,1456.875,0,0.7994882,forward,157.60713015564832,1
2179,72.70596666666667,257.4431896209717,,,,,,,,,,,,,,,,,,,,455.625,1072.5,0,0.8186842,394.6875,1231.875,0,0.9322616,408.75,1381.875,0,0.9706454,385.3125,1456.875,0,0.7984072,forward,153.71968107059837,1
2180,72.73933333333333,258.07905197143555,,,,,,,,,,,,,,,,,,,,455.625,1077.1875,0,0.8196939,394.6875,1231.875,0,0.9287101,408.75,1381.875,0,0.9753991,380.625,1456.875,0,0.7934339,forward,153.1427562401133,1
2181,72.7727,257.8740119934082,,,,,,,,,,,,,,,,,,,,455.625,1081.875,0,0.8192349,394.6875,1227.1875,0,0.9261526,408.75,1381.875,0,0.97193706,380.625,1456.875,0,0.79183406,forward,152.05459567859913,1
2182,72.80606666666667,257.6618194580078,,,,,,,,,,,,,,,,,,,,455.625,1086.5625,0,0.82251453,394.6875,1231.875,0,0.92992204,408.75,1381.875,0,0.97280073,380.625,1456.875,0,0.79199064,forward,151.8931999543362,1
2183,72.83943333333333,257.4019432067871,,,,,,,,,,,,,,,,,,,,455.625,1091.25,0,0.8272201,394.6875,1231.875,0,0.93350995,408.75,1381.875,0,0.9733796,380.625,1456.875,0,0.7917305,forward,151.21548270831718,1
2184,72.8728,257.6408386230469,,,,,,,,,,,,,,,,,,,,455.625,1095.9375,0,0.82720923,394.6875,1231.875,0,0.9312413,408.75,1381.875,0,0.9715985,380.625,1456.875,0,0.79588956,forward,150.49863719359368,1
2185,72.90616666666666,258.91804695129395,,,,,,,,,,,,,,,,,,,,455.625,1095.9375,0,0.8274331,390.0,1231.875,0,0.93589216,408.75,1381.875,0,0.9717529,380.625,1456.875,0,0.79666877,forward,147.10566009111335,1
2186,72.93953333333333,258.6989402770996,,,,,,,,,,,,,,,,,,,,455.625,1100.625,0,0.8277823,390.0,1231.875,0,0.93690443,408.75,1386.5625,0,0.9700929,380.625,1456.875,0,0.7969296,forward,146.5237205577088,1
2187,72.9729,256.41775131225586,,,,,,,,,,,,,,,,,,,,460.3125,1105.3125,0,0.82763773,390.0,1231.875,0,0.9383693,408.75,1386.5625,0,0.96605027,380.625,1456.875,0,0.7959806,forward,144.03416662616016,1
2188,73.00626666666666,258.46004486083984,,,,,,,,,,,,,,,,,,,,460.3125,1105.3125,0,0.8291272,390.0,1231.875,0,0.94177794,408.75,1386.5625,0,0.96996224,380.625,1456.875,0,0.7947326,forward,144.03416662616016,1
2189,73.03963333333334,257.4608325958252,,,,,,,,,,,,,,,,,,,,455.625,1110.0,0,0.8275689,390.0,1227.1875,0,0.9399191,408.75,1386.5625,0,0.9693742,380.625,1456.875,0,0.7968148,forward,144.0413311751853,1
2190,73.07300000000001,256.7400932312012,,,,,,,,,,,,,,,,,,,,455.625,1105.3125,0,0.82420707,390.0,1227.1875,0,0.93606865,408.75,1386.5625,0,0.9654958,380.625,1456.875,0,0.79445654,forward,144.98941045478338,1
2191,73.10636666666667,256.76417350769043,,,,,,,,,,,,,,,,,,,,455.625,1105.3125,0,0.8240924,390.0,1231.875,0,0.9356121,408.75,1386.5625,0,0.9656083,380.625,1456.875,0,0.7926301,forward,145.68119646954585,1
2192,73.13973333333334,257.4589252471924,,,,,,,,,,,,,,,,,,,,455.625,1105.3125,0,0.8248802,390.0,1231.875,0,0.93930113,408.75,1386.5625,0,0.9651387,380.625,1456.875,0,0.79285824,forward,145.68119646954585,1
2193,73.1731,256.94990158081055,,,,,,,,,,,,,,,,,,,,455.625,1105.3125,0,0.82361096,394.6875,1236.5625,0,0.94207746,408.75,1386.5625,0,0.96355677,375.9375,1456.875,0,0.78681433,forward,149.73941379935263,1
2194,73.20646666666667,257.2901248931885,,,,,,,,,,,,,,,,,,,,455.625,1100.625,0,0.82603467,394.6875,1231.875,0,0.93651986,408.75,1386.5625,0,0.9659492,380.625,1456.875,0,0.7906595,forward,149.90080861335088,1
2195,73.23983333333334,256.1821937561035,,,,,,,,,,,,,,,,,,,,460.3125,1100.625,0,0.8239,394.6875,1236.5625,0,0.94101816,408.75,1386.5625,0,0.96638656,375.9375,1456.875,0,0.78893435,forward,148.87485985291107,1
2196,73.2732,256.43396377563477,,,,,,,,,,,,,,,,,,,,455.625,1100.625,0,0.8209907,390.0,1236.5625,0,0.9373212,408.75,1386.5625,0,0.9652638,380.625,1456.875,0,0.7885671,forward,147.10566009111335,1
2197,73.30656666666667,256.0720443725586,,,,,,,,,,,,,,,,,,,,455.625,1095.9375,0,0.82394695,394.6875,1236.5625,0,0.93009686,408.75,1386.5625,0,0.9674124,380.625,1456.875,0,0.7912129,forward,151.21548270831718,1
2198,73.33993333333333,259.324312210083,,,,,,,,,,,,,,,,,,,,455.625,1086.5625,0,0.8172972,394.6875,1231.875,0,0.9295538,408.75,1381.875,0,0.97062767,380.625,1456.875,0,0.7912562,forward,151.8931999543362,1
2199,73.3733,257.3821544647217,,,,,,,,,,,,,,,,,,,,455.625,1081.875,0,0.81444514,394.6875,1231.875,0,0.9246759,408.75,1386.5625,0,0.9648112,380.625,1456.875,0,0.7872127,forward,152.69611901190785,1
2200,73.40666666666667,257.10487365722656,,,,,,,,,,,,,,,,,,,,455.625,1072.5,0,0.8074926,394.6875,1227.1875,0,0.91644645,408.75,1381.875,0,0.96791863,380.625,1456.875,0,0.783468,forward,153.30413692274294,1
2201,73.44003333333333,257.523775100708,,,,,,,,,,,,,,,,,,,,455.625,1067.8125,0,0.804672,394.6875,1227.1875,0,0.90656734,408.75,1381.875,0,0.964882,380.625,1456.875,0,0.7865608,forward,153.88106852167508,1
2202,73.4734,256.5128803253174,,,,,,,,,,,,,,,,,,,,455.625,1063.125,0,0.79858255,394.6875,1227.1875,0,0.90037525,408.75,1381.875,0,0.96726793,380.625,1456.875,0,0.7816618,forward,154.4291400375169,1
2203,73.50676666666666,256.8399906158447,,,,,,,,,,,,,,,,,,,,455.625,1058.4375,0,0.80346966,399.375,1222.5,0,0.90717655,408.75,1381.875,0,0.9702711,380.625,1456.875,0,0.78180945,forward,157.70890004127335,1
2204,73.54013333333333,257.4899196624756,,,,,,,,,,,,,,,,,,,,455.625,1053.75,0,0.80258054,399.375,1217.8125,0,0.9140762,408.75,1381.875,0,0.9668822,385.3125,1456.875,0,0.7863995,forward,157.80487413536733,1
2205,73.5735,257.7989101409912,,,,,,,,,,,,,,,,,,,,455.625,1044.375,0,0.7958572,404.0625,1213.125,0,0.90616727,408.75,1386.5625,0,0.9671197,385.3125,1456.875,0,0.78433585,forward,161.46101576839774,1
2206,73.60686666666666,256.9410800933838,,,,,,,,,,,,,,,,,,,,455.625,1039.6875,0,0.80655277,404.0625,1213.125,0,0.9009125,408.75,1386.5625,0,0.96992934,380.625,1456.875,0,0.78709614,forward,161.89477117253662,1
2207,73.64023333333334,256.7479610443115,,,,,,,,,,,,,,,,,,,,460.3125,1030.3125,0,0.8049613,408.75,1208.4375,0,0.9060674,404.0625,1386.5625,0,0.96635956,380.625,1456.875,0,0.78302354,forward,165.36308906252245,1
2208,73.67360000000001,257.476806640625,,,,,,,,,,,,,,,,,,,,460.3125,1025.625,0,0.802382,408.75,1203.75,0,0.9170884,404.0625,1386.5625,0,0.96729004,380.625,1456.875,0,0.78172016,forward,165.3244595295312,1
2209,73.70696666666667,256.43014907836914,,,,,,,,,,,,,,,,,,,,455.625,1020.9375,0,0.8064803,413.4375,1199.0625,0,0.92565686,404.0625,1386.5625,0,0.96673214,380.625,1456.875,0,0.77913564,forward,169.53788552695772,1
2210,73.74033333333334,257.9801082611084,,,,,,,,,,,,,,,,,,,,460.3125,1016.25,0,0.80728054,413.4375,1194.375,0,0.92163754,408.75,1386.5625,0,0.97088087,380.625,1456.875,0,0.7806492,forward,166.65361219343984,1
2211,73.7737,255.73277473449707,,,,,,,,,,,,,,,,,,,,460.3125,1016.25,0,0.81095874,413.4375,1194.375,0,0.9245217,408.75,1386.5625,0,0.96847737,380.625,1456.875,0,0.77832144,forward,166.65361219343984,1
2212,73.80706666666667,252.1829605102539,,,,,,,,,,,,,,,,,,,,455.625,1011.5625,0,0.8077486,418.125,1194.375,0,0.9155489,408.75,1386.5625,0,0.9705715,380.625,1456.875,0,0.7798853,forward,171.20055780413782,1
2213,73.84043333333334,251.64294242858887,,,,,,,,,,,,,,,,,,,,455.625,1011.5625,0,0.80966973,418.125,1194.375,0,0.91137433,408.75,1386.5625,0,0.97419524,380.625,1456.875,0,0.7853142,forward,171.20055780413782,1
2214,73.8738,250.24104118347168,,,,,,,,,,,,,,,,,,,,455.625,1006.875,0,0.8146279,418.125,1194.375,0,0.9154312,408.75,1386.5625,0,0.9772804,380.625,1456.875,0,0.78573227,forward,171.48278656475958,1
2215,73.90716666666667,251.91974639892578,,,,,,,,,,,,,,,,,,,,455.625,1002.1875,0,0.8148996,418.125,1194.375,0,0.9015744,408.75,1386.5625,0,0.98132896,380.625,1456.875,0,0.784873,forward,171.7518070440768,1
2216,73.94053333333333,253.77368927001953,,,,,,,,,,,,,,,,,,,,455.625,997.5,0,0.8190384,422.8125,1194.375,0,0.90879625,408.75,1386.5625,0,0.9788375,380.625,1456.875,0,0.78306407,forward,174.72255108974696,1
2217,73.9739,254.0299892425537,,,,,,,,,,,,,,,,,,,,455.625,997.5,0,0.81935287,422.8125,1189.6875,0,0.90865946,408.75,1386.5625,0,0.9800164,380.625,1456.875,0,0.78809774,forward,174.39684911537597,1
2218,74.00726666666667,256.4709186553955,,,,,,,,,,,,,,,,,,,,455.625,997.5,0,0.8180331,422.8125,1189.6875,0,0.90896165,408.75,1386.5625,0,0.9793716,380.625,1456.875,0,0.7831603,forward,174.39684911537597,1
2219,74.04063333333333,253.69787216186523,,,,,,,,,,,,,,,,,,,,455.625,997.5,0,0.82094514,422.8125,1189.6875,0,0.91390526,408.75,1386.5625,0,0.97904766,380.625,1456.875,0,0.78636664,forward,174.39684911537597,1
2220,74.074,256.1831474304199,,,,,,,,,,,,,,,,,,,,455.625,997.5,0,0.8199811,422.8125,1189.6875,0,0.90789634,408.75,1386.5625,0,0.9759934,380.625,1456.875,0,0.78510964,forward,174.39684911537597,1
2221,74.10736666666666,253.33571434020996,,,,,,,,,,,,,,,,,,,,455.625,997.5,0,0.81995684,422.8125,1189.6875,0,0.9032153,408.75,1386.5625,0,0.976671,380.625,1456.875,0,0.7894583,forward,174.39684911537597,1
2222,74.14073333333333,253.7059783935547,,,,,,,,,,,,,,,,,,,,455.625,997.5,0,0.81641865,422.8125,1189.6875,0,0.9016078,408.75,1386.5625,0,0.9763392,380.625,1456.875,0,0.7908958,forward,174.39684911537597,1
2223,74.1741,252.1810531616211,,,,,,,,,,,,,,,,,,,,455.625,992.8125,0,0.81341994,422.8125,1189.6875,0,0.90021276,408.75,1386.5625,0,0.9743155,380.625,1456.875,0,0.78890705,forward,174.62327052881244,1
2224,74.20746666666666,257.4441432952881,,,,,,,,,,,,,,,,,,,,455.625,992.8125,0,0.8107258,422.8125,1189.6875,0,0.894245,408.75,1386.5625,0,0.97561204,380.625,1456.875,0,0.7873412,forward,174.62327052881244,1
2225,74.24083333333334,256.03389739990234,,,,,,,,,,,,,,,,,,,,455.625,992.8125,0,0.81171393,422.8125,1189.6875,0,0.8982034,408.75,1386.5625,0,0.97666806,380.625,1456.875,0,0.78996074,forward,174.62327052881244,1
2226,74.27420000000001,255.5990219116211,,,,,,,,,,,,,,,,,,,,455.625,992.8125,0,0.81110847,422.8125,1189.6875,0,0.89806855,408.75,1386.5625,0,0.9759562,380.625,1456.875,0,0.7900195,forward,174.62327052881244,1
2227,74.30756666666667,256.2549114227295,,,,,,,,,,,,,,,,,,,,455.625,992.8125,0,0.8117647,422.8125,1189.6875,0,0.89848757,408.75,1386.5625,0,0.9760289,380.625,1456.875,0,0.788856,forward,174.62327052881244,1
2228,74.34093333333334,256.8240165710449,,,,,,,,,,,,,,,,,,,,455.625,992.8125,0,0.8119854,422.8125,1189.6875,0,0.8947594,408.75,1386.5625,0,0.97512984,380.625,1456.875,0,0.78664297,forward,174.62327052881244,1
2229,74.3743,254.1027069091797,,,,,,,,,,,,,,,,,,,,455.625,992.8125,0,0.810647,422.8125,1189.6875,0,0.89633435,408.75,1386.5625,0,0.97463286,380.625,1456.875,0,0.7825681,forward,174.62327052881244,1
2230,74.40766666666667,251.22594833374023,,,,,,,,,,,,,,,,,,,,455.625,992.8125,0,0.8124538,422.8125,1189.6875,0,0.8974832,408.75,1386.5625,0,0.97538716,380.625,1456.875,0,0.7825383,forward,174.62327052881244,1
2231,74.44103333333334,250.44488906860352,,,,,,,,,,,,,,,,,,,,455.625,992.8125,0,0.8098179,422.8125,1189.6875,0,0.8990144,408.75,1386.5625,0,0.97514343,380.625,1456.875,0,0.7820117,forward,174.62327052881244,1
2232,74.4744,250.55384635925293,,,,,,,,,,,,,,,,,,,,455.625,992.8125,0,0.8105562,422.8125,1189.6875,0,0.9021225,408.75,1386.5625,0,0.978927,380.625,1456.875,0,0.78387845,forward,174.62327052881244,1
2233,74.50776666666667,252.5768280029297,,,,,,,,,,,,,,,,,,,,455.625,992.8125,0,0.8108357,422.8125,1185.0,0,0.89987123,408.75,1386.5625,0,0.9791478,380.625,1456.875,0,0.78519666,forward,174.30208997520208,1
2234,74.54113333333333,254.36902046203613,,,,,,,,,,,,,,,,,,,,455.625,992.8125,0,0.80810523,422.8125,1185.0,0,0.9026083,408.75,1386.5625,0,0.9787451,380.625,1456.875,0,0.78130484,forward,174.30208997520208,1
2235,74.5745,254.41503524780273,,,,,,,,,,,,,,,,,,,,455.625,992.8125,0,0.80861753,422.8125,1185.0,0,0.90333956,408.75,1386.5625,0,0.97837067,380.625,1456.875,0,0.7853841,forward,174.30208997520208,1
2236,74.60786666666667,260.85615158081055,,,,,,,,,,,,,,,,,,,,455.625,992.8125,0,0.8101272,422.8125,1189.6875,0,0.9034902,408.75,1386.5625,0,0.97827685,380.625,1456.875,0,0.7863184,forward,174.62327052881244,1
2237,74.64123333333333,257.3230266571045,,,,,,,,,,,,,,,,,,,,455.625,992.8125,0,0.8098713,422.8125,1189.6875,0,0.90610254,408.75,1386.5625,0,0.9761721,380.625,1456.875,0,0.78354615,forward,174.62327052881244,1
2238,74.6746,256.38484954833984,,,,,,,,,,,,,,,,,,,,455.625,997.5,0,0.8120649,422.8125,1189.6875,0,0.8995988,408.75,1386.5625,0,0.9724208,380.625,1456.875,0,0.77967644,forward,174.39684911537597,1
2239,74.70796666666666,255.39398193359375,,,,,,,,,,,,,,,,,,,,455.625,997.5,0,0.8155525,422.8125,1189.6875,0,0.8999833,408.75,1386.5625,0,0.9742746,380.625,1456.875,0,0.78179216,forward,174.39684911537597,1
2240,74.74133333333333,255.00226020812988,,,,,,,,,,,,,,,,,,,,455.625,997.5,0,0.8136339,422.8125,1189.6875,0,0.89906067,408.75,1386.5625,0,0.9771067,380.625,1456.875,0,0.7813285,forward,174.39684911537597,1
2241,74.7747,257.3702335357666,,,,,,,,,,,,,,,,,,,,455.625,997.5,0,0.81097996,422.8125,1189.6875,0,0.8928666,408.75,1386.5625,0,0.97813797,380.625,1456.875,0,0.7842957,forward,174.39684911537597,1
2242,74.80806666666666,257.88402557373047,,,,,,,,,,,,,,,,,,,,455.625,997.5,0,0.80768067,422.8125,1194.375,0,0.8944893,408.75,1386.5625,0,0.9777112,380.625,1456.875,0,0.7832879,forward,174.72255108974696,1
2243,74.84143333333334,257.2939395904541,,,,,,,,,,,,,,,,,,,,455.625,997.5,0,0.81051266,422.8125,1194.375,0,0.89748544,408.75,1386.5625,0,0.9796264,380.625,1456.875,0,0.7820078,forward,174.72255108974696,1
2244,74.87480000000001,257.0319175720215,,,,,,,,,,,,,,,,,,,,455.625,1002.1875,0,0.8101736,422.8125,1194.375,0,0.89772016,408.75,1386.5625,0,0.98127085,380.625,1456.875,0,0.7833796,forward,174.49615226572627,1
2245,74.90816666666667,258.44502449035645,,,,,,,,,,,,,,,,,,,,455.625,1002.1875,0,0.8072937,422.8125,1194.375,0,0.89489436,408.75,1386.5625,0,0.9804262,380.625,1456.875,0,0.7832923,forward,174.49615226572627,1
2246,74.94153333333334,260.68687438964844,,,,,,,,,,,,,,,,,,,,455.625,1006.875,0,0.8120703,422.8125,1199.0625,0,0.9062338,408.75,1386.5625,0,0.97847366,380.625,1456.875,0,0.7815753,forward,174.60032220018502,1
2247,74.9749,258.2526206970215,,,,,,,,,,,,,,,,,,,,455.625,1006.875,0,0.8030913,422.8125,1199.0625,0,0.8979255,408.75,1386.5625,0,0.9750953,380.625,1456.875,0,0.7758931,forward,174.60032220018502,1
2248,75.00826666666667,257.6589584350586,,,,,,,,,,,,,,,,,,,,455.625,1011.5625,0,0.8013339,422.8125,1199.0625,0,0.9022899,408.75,1386.5625,0,0.97639465,380.625,1456.875,0,0.77996016,forward,174.36288390099304,1
2249,75.04163333333334,257.40694999694824,,,,,,,,,,,,,,,,,,,,455.625,1016.25,0,0.80325615,422.8125,1199.0625,0,0.8909272,408.75,1386.5625,0,0.9702003,380.625,1456.875,0,0.77889884,forward,174.11363658835435,1
2250,75.075,257.9770088195801,,,,,,,,,,,,,,,,,,,,460.3125,1016.25,0,0.80240107,418.125,1199.0625,0,0.895072,408.75,1386.5625,0,0.97457695,380.625,1456.875,0,0.77902174,forward,169.86779204964392,1
2251,75.10836666666667,259.02509689331055,,,,,,,,,,,,,,,,,,,,460.3125,1016.25,0,0.8015417,418.125,1203.75,0,0.8947172,408.75,1386.5625,0,0.9700419,380.625,1456.875,0,0.77797735,forward,170.25526708425687,1
2252,75.14173333333333,256.18720054626465,,,,,,,,,,,,,,,,,,,,460.3125,1020.9375,0,0.7961122,418.125,1208.4375,0,0.89040315,408.75,1386.5625,0,0.96522695,380.625,1456.875,0,0.77547777,forward,170.3324025091804,1
2253,75.1751,255.86724281311035,,,,,,,,,,,,,,,,,,,,455.625,1025.625,0,0.79436004,418.125,1213.125,0,0.89169115,408.75,1386.5625,0,0.96601343,380.625,1456.875,0,0.7719698,forward,171.7841495569625,1
2254,75.20846666666667,257.04097747802734,,,,,,,,,,,,,,,,,,,,455.625,1030.3125,0,0.7907835,418.125,1213.125,0,0.8897438,408.75,1386.5625,0,0.9672189,380.625,1456.875,0,0.7770171,forward,171.50190017986938,1
2255,75.24183333333333,256.6061019897461,,,,,,,,,,,,,,,,,,,,460.3125,1035.0,0,0.78820586,413.4375,1213.125,0,0.89702404,408.75,1386.5625,0,0.97103286,380.625,1456.875,0,0.78218853,forward,166.80458393723444,1
2256,75.2752,256.9270133972168,,,,,,,,,,,,,,,,,,,,460.3125,1039.6875,0,0.793995,413.4375,1217.8125,0,0.8987459,408.75,1386.5625,0,0.9736842,380.625,1456.875,0,0.7867347,forward,166.8475746148289,1
2257,75.30856666666666,256.01696968078613,,,,,,,,,,,,,,,,,,,,455.625,1039.6875,0,0.79265547,408.75,1217.8125,0,0.90032905,408.75,1386.5625,0,0.9768461,380.625,1456.875,0,0.79031503,forward,165.25643179913462,1
2258,75.34193333333333,256.46185874938965,,,,,,,,,,,,,,,,,,,,455.625,1044.375,0,0.7908017,408.75,1217.8125,0,0.9006592,408.75,1381.875,0,0.9767226,385.3125,1456.875,0,0.7915001,forward,164.87599055385257,1
2259,75.3753,256.4852237701416,,,,,,,,,,,,,,,,,,,,455.625,1044.375,0,0.80297554,408.75,1217.8125,0,0.9116262,408.75,1381.875,0,0.97517467,385.3125,1456.875,0,0.7965505,forward,164.87599055385257,1
2260,75.40866666666666,256.62708282470703,,,,,,,,,,,,,,,,,,,,455.625,1049.0625,0,0.7972087,404.0625,1217.8125,0,0.90496224,408.75,1381.875,0,0.9751563,380.625,1456.875,0,0.7956823,forward,161.37259530606346,1
2261,75.44203333333334,256.1910152435303,,,,,,,,,,,,,,,,,,,,455.625,1053.75,0,0.80297226,404.0625,1222.5,0,0.90624034,408.75,1381.875,0,0.97496164,385.3125,1456.875,0,0.79543316,forward,161.32448867038045,1
2262,75.47540000000001,258.47697257995605,,,,,,,,,,,,,,,,,,,,455.625,1058.4375,0,0.79459256,404.0625,1227.1875,0,0.9027672,408.75,1381.875,0,0.96527135,380.625,1456.875,0,0.79282755,forward,161.27349066939368,1
2263,75.50876666666667,253.24416160583496,,,,,,,,,,,,,,,,,,,,455.625,1058.4375,0,0.7976241,399.375,1227.1875,0,0.90959656,408.75,1381.875,0,0.97037196,385.3125,1456.875,0,0.79415715,forward,158.09682998827174,1
2264,75.54213333333334,252.41684913635254,,,,,,,,,,,,,,,,,,,,455.625,1063.125,0,0.79638493,399.375,1227.1875,0,0.91976553,408.75,1381.875,0,0.9698391,380.625,1456.875,0,0.7924806,forward,157.60713015564832,1
2265,75.5755,252.48289108276367,,,,,,,,,,,,,,,,,,,,455.625,1067.8125,0,0.7964209,394.6875,1227.1875,0,0.9177199,408.75,1381.875,0,0.9683169,385.3125,1456.875,0,0.79913604,forward,153.88106852167508,1
2266,75.60886666666667,251.93285942077637,,,,,,,,,,,,,,,,,,,,455.625,1072.5,0,0.8031554,394.6875,1227.1875,0,0.9176668,408.75,1381.875,0,0.97332025,385.3125,1456.875,0,0.7995255,forward,153.30413692274294,1
2267,75.64223333333334,252.65002250671387,,,,,,,,,,,,,,,,,,,,455.625,1072.5,0,0.8032507,394.6875,1227.1875,0,0.9270992,408.75,1381.875,0,0.9738164,380.625,1456.875,0,0.7968284,forward,153.30413692274294,1
2268,75.6756,256.1211585998535,,,,,,,,,,,,,,,,,,,,455.625,1077.1875,0,0.8064716,394.6875,1227.1875,0,0.9270309,408.75,1381.875,0,0.97685575,380.625,1456.875,0,0.79878384,forward,152.69611901190785,1
2269,75.70896666666667,255.53297996520996,,,,,,,,,,,,,,,,,,,,455.625,1081.875,0,0.80970705,394.6875,1227.1875,0,0.9325746,408.75,1381.875,0,0.9718096,380.625,1456.875,0,0.80052626,forward,152.05459567859913,1
2270,75.74233333333333,255.52892684936523,,,,,,,,,,,,,,,,,,,,455.625,1086.5625,0,0.8152342,394.6875,1231.875,0,0.93636084,408.75,1386.5625,0,0.976172,380.625,1456.875,0,0.80319273,forward,152.05459567859913,1
2271,75.7757,255.86724281311035,,,,,,,,,,,,,,,,,,,,455.625,1086.5625,0,0.8092089,394.6875,1227.1875,0,0.93575555,408.75,1381.875,0,0.970407,380.625,1456.875,0,0.7986717,forward,151.37687211020386,1
2272,75.80906666666667,256.3178539276123,,,,,,,,,,,,,,,,,,,,455.625,1091.25,0,0.81815493,390.0,1227.1875,0,0.93572176,408.75,1386.5625,0,0.9737617,380.625,1456.875,0,0.80289143,forward,147.5208381108939,1
2273,75.84243333333333,255.74207305908203,,,,,,,,,,,,,,,,,,,,455.625,1091.25,0,0.8179265,390.0,1227.1875,0,0.94209623,408.75,1386.5625,0,0.9733944,380.625,1456.875,0,0.80686843,forward,147.5208381108939,1
2274,75.8758,256.73604011535645,,,,,,,,,,,,,,,,,,,,455.625,1095.9375,0,0.8195405,390.0,1231.875,0,0.9458609,408.75,1386.5625,0,0.97093487,380.625,1456.875,0,0.8046326,forward,147.3194425743417,1
2275,75.90916666666666,254.36806678771973,,,,,,,,,,,,,,,,,,,,460.3125,1100.625,0,0.82337683,390.0,1231.875,0,0.94786453,408.75,1386.5625,0,0.97282696,380.625,1456.875,0,0.8004651,forward,144.91018394030286,1
2276,75.94253333333333,256.2100887298584,,,,,,,,,,,,,,,,,,,,455.625,1100.625,0,0.823223,390.0,1231.875,0,0.9484123,408.75,1386.5625,0,0.9701446,380.625,1456.875,0,0.8041903,forward,146.5237205577088,1
2277,75.9759,255.76400756835938,,,,,,,,,,,,,,,,,,,,455.625,1105.3125,0,0.82149065,390.0,1231.875,0,0.95398813,408.75,1386.5625,0,0.9609972,380.625,1456.875,0,0.8004547,forward,145.68119646954585,1
2278,76.00926666666666,256.8519115447998,,,,,,,,,,,,,,,,,,,,455.625,1105.3125,0,0.8303777,390.0,1231.875,0,0.9503161,408.75,1386.5625,0,0.9664857,380.625,1456.875,0,0.8038763,forward,145.68119646954585,1
2279,76.04263333333334,256.7110061645508,,,,,,,,,,,,,,,,,,,,455.625,1110.0,0,0.82755953,390.0,1231.875,0,0.95393807,408.75,1386.5625,0,0.9637046,375.9375,1456.875,0,0.801854,forward,144.7880255433724,1
2280,76.07600000000001,258.159875869751,,,,,,,,,,,,,,,,,,,,455.625,1110.0,0,0.8288562,390.0,1236.5625,0,0.95758605,408.75,1386.5625,0,0.9585863,375.9375,1456.875,0,0.8002298,forward,145.46741200183308,1
2281,76.10936666666667,263.045072555542,,,,,,,,,,,,,,,,,,,,455.625,1110.0,0,0.8323647,390.0,1236.5625,0,0.95528615,408.75,1386.5625,0,0.9636681,375.9375,1456.875,0,0.80253667,forward,145.46741200183308,1
2282,76.14273333333334,262.3860836029053,,,,,,,,,,,,,,,,,,,,455.625,1110.0,0,0.8304425,390.0,1236.5625,0,0.9537481,408.75,1386.5625,0,0.9586328,375.9375,1456.875,0,0.8010837,forward,145.46741200183308,1
2283,76.1761,258.9302062988281,,,,,,,,,,,,,,,,,,,,455.625,1110.0,0,0.83004344,390.0,1236.5625,0,0.9463165,408.75,1386.5625,0,0.95612824,375.9375,1456.875,0,0.7984683,forward,145.46741200183308,1
2284,76.20946666666667,259.83309745788574,,,,,,,,,,,,,,,,,,,,455.625,1110.0,0,0.82837516,390.0,1236.5625,0,0.94684404,408.75,1386.5625,0,0.9578887,375.9375,1456.875,0,0.79679155,forward,145.46741200183308,1
2285,76.24283333333334,259.4311237335205,,,,,,,,,,,,,,,,,,,,455.625,1110.0,0,0.82807183,390.0,1236.5625,0,0.94480467,408.75,1386.5625,0,0.95427155,375.9375,1456.875,0,0.7940585,forward,145.46741200183308,1
2286,76.2762,262.6922130584717,,,,,,,,,,,,,,,,,,,,455.625,1105.3125,0,0.8319339,390.0,1241.25,0,0.9428751,408.75,1386.5625,0,0.95739925,375.9375,1456.875,0,0.79793936,forward,146.8782947625008,1
2287,76.30956666666667,262.14098930358887,,,,,,,,,,,,,,,,,,,,455.625,1110.0,0,0.82905346,390.0,1241.25,0,0.9342499,408.75,1386.5625,0,0.9526967,375.9375,1456.875,0,0.7945484,forward,146.08256926968397,1
2288,76.34293333333333,261.4009380340576,,,,,,,,,,,,,,,,,,,,455.625,1105.3125,0,0.8253715,390.0,1241.25,0,0.938895,408.75,1386.5625,0,0.9489505,375.9375,1456.875,0,0.78807217,forward,146.8782947625008,1
2289,76.3763,259.4587802886963,,,,,,,,,,,,,,,,,,,,455.625,1105.3125,0,0.82745826,390.0,1241.25,0,0.9436668,408.75,1386.5625,0,0.9569291,375.9375,1456.875,0,0.7925416,forward,146.8782947625008,1
2290,76.40966666666667,257.8160762786865,,,,,,,,,,,,,,,,,,,,455.625,1100.625,0,0.8211018,390.0,1236.5625,0,0.9392121,408.75,1386.5625,0,0.9576776,375.9375,1456.875,0,0.7891735,forward,147.10566009111335,1
2291,76.44303333333333,258.58592987060547,,,,,,,,,,,,,,,,,,,,455.625,1095.9375,0,0.8178131,394.6875,1236.5625,0,0.93061596,408.75,1386.5625,0,0.9591764,380.625,1456.875,0,0.78573775,forward,151.21548270831718,1
2292,76.4764,258.5458755493164,,,,,,,,,,,,,,,,,,,,460.3125,1095.9375,0,0.81976914,394.6875,1236.5625,0,0.93382573,408.75,1386.5625,0,0.9620226,380.625,1456.875,0,0.78742236,forward,149.62728863294146,1
2293,76.50976666666666,259.8719596862793,,,,,,,,,,,,,,,,,,,,460.3125,1091.25,0,0.8155162,394.6875,1236.5625,0,0.9419438,408.75,1386.5625,0,0.9634205,380.625,1456.875,0,0.7870063,forward,150.33963318619627,1
2294,76.54313333333333,261.47985458374023,,,,,,,,,,,,,,,,,,,,455.625,1081.875,0,0.8130523,394.6875,1236.5625,0,0.94325984,408.75,1386.5625,0,0.965496,380.625,1456.875,0,0.7950162,forward,153.1427562401133,1
2295,76.5765,260.0419521331787,,,,,,,,,,,,,,,,,,,,455.625,1077.1875,0,0.8117964,394.6875,1231.875,0,0.9333854,408.75,1386.5625,0,0.9699287,380.625,1456.875,0,0.7972033,forward,153.30413692274294,1
2296,76.60986666666666,257.7700614929199,,,,,,,,,,,,,,,,,,,,455.625,1072.5,0,0.8097271,394.6875,1231.875,0,0.92643017,408.75,1381.875,0,0.96403176,380.625,1456.875,0,0.79744446,forward,153.71968107059837,1
2297,76.64323333333334,258.81099700927734,,,,,,,,,,,,,,,,,,,,455.625,1067.8125,0,0.80617106,394.6875,1231.875,0,0.91834956,408.75,1381.875,0,0.96891224,380.625,1456.875,0,0.7929793,forward,154.26774825515852,1
2298,76.67660000000001,260.0712776184082,,,,,,,,,,,,,,,,,,,,455.625,1063.125,0,0.80364597,399.375,1231.875,0,0.9136528,408.75,1381.875,0,0.96920884,380.625,1456.875,0,0.7915158,forward,157.98872748055047,1
2299,76.70996666666667,256.18910789489746,,,,,,,,,,,,,,,,,,,,460.3125,1058.4375,0,0.80475926,399.375,1227.1875,0,0.9126189,408.75,1381.875,0,0.968752,380.625,1456.875,0,0.78936386,forward,156.67655870151594,1
2300,76.74333333333334,254.0750503540039,,,,,,,,,,,,,,,,,,,,460.3125,1053.75,0,0.80009735,399.375,1222.5,0,0.9076283,408.75,1381.875,0,0.9669333,380.625,1456.875,0,0.7892371,forward,156.77831861585773,1
2301,76.7767,253.48997116088867,,,,,,,,,,,,,,,,,,,,460.3125,1049.0625,0,0.79482794,404.0625,1217.8125,0,0.9096801,408.75,1381.875,0,0.9691899,380.625,1456.875,0,0.78994626,forward,159.92847903470314,1
2302,76.81006666666667,260.530948638916,,,,,,,,,,,,,,,,,,,,460.3125,1044.375,0,0.7987958,404.0625,1213.125,0,0.91491437,408.75,1381.875,0,0.96993554,380.625,1456.875,0,0.79231334,forward,159.97391462019235,1
2303,76.84343333333334,254.94885444641113,,,,,,,,,,,,,,,,,,,,460.3125,1044.375,0,0.7978313,404.0625,1213.125,0,0.90799266,408.75,1381.875,0,0.9671792,380.625,1456.875,0,0.7879918,forward,159.97391462019235,1
2304,76.8768,254.74905967712402,,,,,,,,,,,,,,,,,,,,460.3125,1039.6875,0,0.7968992,404.0625,1213.125,0,0.90621185,408.75,1386.5625,0,0.96428144,380.625,1456.875,0,0.7855789,forward,160.48268768107314,1
2305,76.91016666666667,254.44912910461426,,,,,,,,,,,,,,,,,,,,460.3125,1035.0,0,0.7994173,408.75,1208.4375,0,0.9051247,408.75,1386.5625,0,0.96382755,380.625,1456.875,0,0.7870201,forward,163.4429346985145,1
2306,76.94353333333333,256.8509578704834,,,,,,,,,,,,,,,,,,,,460.3125,1030.3125,0,0.79958427,408.75,1203.75,0,0.92152643,408.75,1386.5625,0,0.96571493,380.625,1456.875,0,0.7859024,forward,163.4429227144762,1
2307,76.9769,257.4038505554199,,,,,,,,,,,,,,,,,,,,460.3125,1025.625,0,0.80563635,413.4375,1203.75,0,0.92661095,408.75,1386.5625,0,0.962192,380.625,1456.875,0,0.7799685,forward,166.72524292092368,1
2308,77.01026666666667,257.64012336730957,,,,,,,,,,,,,,,,,,,,460.3125,1020.9375,0,0.806938,413.4375,1203.75,0,0.92326903,408.75,1386.5625,0,0.9648427,380.625,1456.875,0,0.77723503,forward,167.0874148841327,1
2309,77.04363333333333,256.8049430847168,,,,,,,,,,,,,,,,,,,,460.3125,1016.25,0,0.8051025,418.125,1199.0625,0,0.91665393,408.75,1386.5625,0,0.96488065,380.625,1456.875,0,0.76983035,forward,169.86779204964392,1
2310,77.077,256.82616233825684,,,,,,,,,,,,,,,,,,,,460.3125,1016.25,0,0.7985982,418.125,1199.0625,0,0.9080576,408.75,1386.5625,0,0.96877086,380.625,1456.875,0,0.77254355,forward,169.86779204964392,1
2311,77.11036666666666,258.4507465362549,,,,,,,,,,,,,,,,,,,,460.3125,1011.5625,0,0.7968104,418.125,1199.0625,0,0.90488935,408.75,1386.5625,0,0.9717443,380.625,1456.875,0,0.7777275,forward,170.1820156437829,1
2312,77.14373333333333,256.32214546203613,,,,,,,,,,,,,,,,,,,,460.3125,1006.875,0,0.8089344,422.8125,1194.375,0,0.91422045,408.75,1386.5625,0,0.9717454,380.625,1456.875,0,0.7743018,forward,172.8750037602196,1
2313,77.1771,257.2159767150879,,,,,,,,,,,,,,,,,,,,460.3125,1002.1875,0,0.8044578,422.8125,1194.375,0,0.90381503,408.75,1386.5625,0,0.97927797,380.625,1456.875,0,0.7833144,forward,173.14396309579345,1
2314,77.21046666666666,257.2970390319824,,,,,,,,,,,,,,,,,,,,460.3125,1002.1875,0,0.80112576,422.8125,1189.6875,0,0.90850735,408.75,1386.5625,0,0.9816959,380.625,1456.875,0,0.77996194,forward,172.77569079342655,1
2315,77.24383333333334,256.2708854675293,,,,,,,,,,,,,,,,,,,,460.3125,997.5,0,0.80569184,422.8125,1189.6875,0,0.90537167,408.75,1386.5625,0,0.98099077,380.625,1456.875,0,0.78215677,forward,173.04469295347693,1
2316,77.27720000000001,256.119966506958,,,,,,,,,,,,,,,,,,,,460.3125,997.5,0,0.8051716,422.8125,1189.6875,0,0.90682566,408.75,1386.5625,0,0.98049974,380.625,1456.875,0,0.7788738,forward,173.04469295347693,1
2317,77.31056666666667,256.3142776489258,,,,,,,,,,,,,,,,,,,,455.625,997.5,0,0.8044653,422.8125,1189.6875,0,0.9083196,408.75,1386.5625,0,0.97890157,380.625,1456.875,0,0.77707994,forward,174.39684911537597,1
2318,77.34393333333334,255.8126449584961,,,,,,,,,,,,,,,,,,,,455.625,997.5,0,0.8066525,422.8125,1189.6875,0,0.90876067,408.75,1386.5625,0,0.97719145,380.625,1456.875,0,0.77743345,forward,174.39684911537597,1
2319,77.3773,255.6309700012207,,,,,,,,,,,,,,,,,,,,455.625,997.5,0,0.8093455,422.8125,1189.6875,0,0.908776,408.75,1386.5625,0,0.97633827,380.625,1456.875,0,0.78094524,forward,174.39684911537597,1
2320,77.41066666666667,255.65123558044434,,,,,,,,,,,,,,,,,,,,455.625,997.5,0,0.80835104,422.8125,1189.6875,0,0.9007107,408.75,1386.5625,0,0.97534055,380.625,1456.875,0,0.7860011,forward,174.39684911537597,1
2321,77.44403333333334,255.3122043609619,,,,,,,,,,,,,,,,,,,,455.625,997.5,0,0.80855006,422.8125,1189.6875,0,0.8996084,408.75,1386.5625,0,0.973858,380.625,1456.875,0,0.786607,forward,174.39684911537597,1
2322,77.4774,256.3619613647461,,,,,,,,,,,,,,,,,,,,455.625,992.8125,0,0.81005764,422.8125,1189.6875,0,0.89982414,408.75,1386.5625,0,0.9753912,380.625,1456.875,0,0.7861165,forward,174.62327052881244,1
2323,77.51076666666667,255.5520534515381,,,,,,,,,,,,,,,,,,,,455.625,992.8125,0,0.8105552,422.8125,1189.6875,0,0.8997741,408.75,1386.5625,0,0.97393745,380.625,1456.875,0,0.7876351,forward,174.62327052881244,1
2324,77.54413333333333,255.65600395202637,,,,,,,,,,,,,,,,,,,,455.625,992.8125,0,0.80923796,422.8125,1189.6875,0,0.8982235,408.75,1386.5625,0,0.97312903,380.625,1456.875,0,0.7880907,forward,174.62327052881244,1
2325,77.5775,255.6018829345703,,,,,,,,,,,,,,,,,,,,455.625,992.8125,0,0.80808496,422.8125,1189.6875,0,0.8966737,408.75,1386.5625,0,0.97412115,380.625,1456.875,0,0.7882167,forward,174.62327052881244,1
2326,77.61086666666667,256.1919689178467,,,,,,,,,,,,,,,,,,,,455.625,992.8125,0,0.8094251,422.8125,1189.6875,0,0.8951176,408.75,1386.5625,0,0.9730383,380.625,1456.875,0,0.7868695,forward,174.62327052881244,1
2327,77.64423333333333,256.9117546081543,,,,,,,,,,,,,,,,,,,,455.625,992.8125,0,0.80684745,422.8125,1189.6875,0,0.8944235,408.75,1386.5625,0,0.97419244,380.625,1456.875,0,0.78762895,forward,174.62327052881244,1
2328,77.6776,258.7108612060547,,,,,,,,,,,,,,,,,,,,450.9375,992.8125,0,0.8068161,422.8125,1189.6875,0,0.8929025,408.75,1386.5625,0,0.97598684,380.625,1456.875,0,0.78900665,forward,175.95557052222773,1
2329,77.71096666666666,256.9248676300049,,,,,,,,,,,,,,,,,,,,450.9375,992.8125,0,0.80910647,422.8125,1189.6875,0,0.89439964,408.75,1386.5625,0,0.97629535,380.625,1456.875,0,0.7897666,forward,175.95557052222773,1
2330,77.74433333333333,256.79683685302734,,,,,,,,,,,,,,,,,,,,450.9375,992.8125,0,0.8101908,422.8125,1189.6875,0,0.8947863,408.75,1386.5625,0,0.97729635,380.625,1456.875,0,0.7894811,forward,175.95557052222773,1
2331,77.7777,256.05297088623047,,,,,,,,,,,,,,,,,,,,450.9375,992.8125,0,0.8107927,422.8125,1189.6875,0,0.8920176,408.75,1386.5625,0,0.9774226,380.625,1456.875,0,0.78973526,forward,175.95557052222773,1
2332,77.81106666666666,255.89919090270996,,,,,,,,,,,,,,,,,,,,450.9375,992.8125,0,0.8106915,422.8125,1189.6875,0,0.89325964,408.75,1386.5625,0,0.9780661,380.625,1456.875,0,0.7900269,forward,175.95557052222773,1
2333,77.84443333333334,256.0439109802246,,,,,,,,,,,,,,,,,,,,455.625,992.8125,0,0.81044596,422.8125,1189.6875,0,0.8962815,408.75,1386.5625,0,0.9784521,380.625,1456.875,0,0.78956735,forward,174.62327052881244,1
2334,77.87780000000001,256.44898414611816,,,,,,,,,,,,,,,,,,,,450.9375,992.8125,0,0.8082907,422.8125,1189.6875,0,0.89342284,408.75,1386.5625,0,0.97661924,380.625,1456.875,0,0.78806305,forward,175.95557052222773,1
2335,77.91116666666667,256.497859954834,,,,,,,,,,,,,,,,,,,,450.9375,992.8125,0,0.8088577,422.8125,1189.6875,0,0.8954016,408.75,1386.5625,0,0.9751647,380.625,1456.875,0,0.7853763,forward,175.95557052222773,1
2336,77.94453333333334,256.9580078125,,,,,,,,,,,,,,,,,,,,450.9375,992.8125,0,0.8055996,422.8125,1189.6875,0,0.89639956,408.75,1386.5625,0,0.97602844,380.625,1456.875,0,0.78619236,forward,175.95557052222773,1
2337,77.9779,256.3498020172119,,,,,,,,,,,,,,,,,,,,455.625,992.8125,0,0.8052304,418.125,1189.6875,0,0.8940132,408.75,1386.5625,0,0.97617924,380.625,1456.875,0,0.78549975,forward,171.94202096809866,1
2338,78.01126666666667,256.838321685791,,,,,,,,,,,,,,,,,,,,455.625,992.8125,0,0.80397725,418.125,1189.6875,0,0.8972274,408.75,1386.5625,0,0.97685003,380.625,1456.875,0,0.78441787,forward,171.94202096809866,1
2339,78.04463333333334,256.115198135376,,,,,,,,,,,,,,,,,,,,455.625,997.5,0,0.8056725,418.125,1189.6875,0,0.8968534,408.75,1386.5625,0,0.9754354,380.625,1456.875,0,0.7815064,forward,171.68539482457547,1
2340,78.078,257.39216804504395,,,,,,,,,,,,,,,,,,,,455.625,997.5,0,0.8045149,418.125,1194.375,0,0.8983227,408.75,1386.5625,0,0.97975445,380.625,1456.875,0,0.7814771,forward,172.0084140433141,1
2341,78.11136666666667,256.38318061828613,,,,,,,,,,,,,,,,,,,,455.625,1002.1875,0,0.8071321,418.125,1194.375,0,0.89138114,408.75,1386.5625,0,0.978069,380.625,1456.875,0,0.7816992,forward,171.7518070440768,1
2342,78.14473333333333,255.6898593902588,,,,,,,,,,,,,,,,,,,,455.625,1002.1875,0,0.812147,418.125,1194.375,0,0.89513,408.75,1386.5625,0,0.97456324,375.9375,1456.875,0,0.7756456,forward,171.7518070440768,1
2343,78.1781,256.14190101623535,,,,,,,,,,,,,,,,,,,,455.625,1006.875,0,0.81027925,418.125,1199.0625,0,0.9003197,408.75,1386.5625,0,0.97772455,380.625,1456.875,0,0.78300047,forward,171.82149087084412,1
2344,78.21146666666667,257.07292556762695,,,,,,,,,,,,,,,,,,,,455.625,1006.875,0,0.7987752,418.125,1199.0625,0,0.90128684,408.75,1386.5625,0,0.9754038,380.625,1456.875,0,0.7821748,forward,171.82149087084412,1
2345,78.24483333333333,255.95879554748535,,,,,,,,,,,,,,,,,,,,460.3125,1011.5625,0,0.8085711,418.125,1203.75,0,0.90145975,408.75,1386.5625,0,0.96961653,375.9375,1456.875,0,0.78298914,forward,170.55487435687394,1
2346,78.2782,255.9809684753418,,,,,,,,,,,,,,,,,,,,460.3125,1016.25,0,0.8001648,413.4375,1208.4375,0,0.9033965,408.75,1391.25,0,0.96088845,375.9375,1456.875,0,0.7754843,forward,167.76183006437898,1
2347,78.31156666666666,255.65099716186523,,,,,,,,,,,,,,,,,,,,460.3125,1020.9375,0,0.79775,413.4375,1208.4375,0,0.89888155,408.75,1391.25,0,0.96253455,375.9375,1456.875,0,0.7772705,forward,167.43255249740062,1
2348,78.34493333333333,256.058931350708,,,,,,,,,,,,,,,,,,,,460.3125,1025.625,0,0.8007259,413.4375,1213.125,0,0.9112159,408.75,1391.25,0,0.9643901,375.9375,1456.875,0,0.7767221,forward,167.4712054343499,1
2349,78.3783,255.39898872375488,,,,,,,,,,,,,,,,,,,,460.3125,1025.625,0,0.7942108,413.4375,1213.125,0,0.9013307,408.75,1391.25,0,0.960567,375.9375,1456.875,0,0.7737839,forward,167.4712054343499,1
2350,78.41166666666666,255.6297779083252,,,,,,,,,,,,,,,,,,,,455.625,1030.3125,0,0.7976846,408.75,1213.125,0,0.9041744,408.75,1386.5625,0,0.95894545,380.625,1456.875,0,0.77620494,forward,165.6186066186658,1
2351,78.44503333333334,255.58876991271973,,,,,,,,,,,,,,,,,,,,460.3125,1035.0,0,0.7983857,408.75,1217.8125,0,0.90375865,408.75,1386.5625,0,0.9628913,380.625,1456.875,0,0.78494215,forward,164.24883761929004,1
2352,78.47840000000001,288.5479927062988,,,,,,,,,,,,,,,,,,,,460.3125,1039.6875,0,0.7923788,408.75,1217.8125,0,0.9017402,408.75,1386.5625,0,0.96808803,380.625,1456.875,0,0.7895814,forward,163.8556594269919,1
2353,78.51176666666667,277.40001678466797,,,,,,,,,,,,,,,,,,,,460.3125,1039.6875,0,0.8003204,404.0625,1217.8125,0,0.9036839,408.75,1386.5625,0,0.97106576,380.625,1456.875,0,0.7900655,forward,160.88328726383563,1
2354,78.54513333333334,257.89594650268555,,,,,,,,,,,,,,,,,,,,460.3125,1044.375,0,0.79378784,404.0625,1217.8125,0,0.9110683,408.75,1386.5625,0,0.9721541,380.625,1456.875,0,0.78654623,forward,160.43970863624995,1
2355,78.5785,362.75196075439453,,,,,,,,,,,,,,,,,,,,460.3125,1044.375,0,0.7944093,404.0625,1217.8125,0,0.9138323,408.75,1381.875,0,0.9665117,380.625,1456.875,0,0.7880564,forward,160.39427554701126,1
2356,78.61186666666667,255.02300262451172,,,,,,,,,,,,,,,,,,,,460.3125,1053.75,0,0.7942369,404.0625,1222.5,0,0.9177754,408.75,1386.5625,0,0.9615573,380.625,1456.875,0,0.7818526,forward,159.92847903470314,1
2357,78.64523333333334,252.45904922485352,,,,,,,,,,,,,,,,,,,,460.3125,1053.75,0,0.79852843,404.0625,1222.5,0,0.9251998,408.75,1386.5625,0,0.96268445,380.625,1456.875,0,0.7807618,forward,159.92847903470314,1
2358,78.6786,251.4328956604004,,,,,,,,,,,,,,,,,,,,455.625,1058.4375,0,0.79704624,404.0625,1222.5,0,0.9313073,408.75,1386.5625,0,0.962891,380.625,1456.875,0,0.78660786,forward,160.91623571861498,1
2359,78.71196666666667,253.01504135131836,,,,,,,,,,,,,,,,,,,,455.625,1063.125,0,0.80396223,399.375,1222.5,0,0.9365721,408.75,1386.5625,0,0.96988887,380.625,1456.875,0,0.7947557,forward,157.28947316178295,1
2360,78.74533333333333,260.2119445800781,,,,,,,,,,,,,,,,,,,,455.625,1067.8125,0,0.80286014,399.375,1227.1875,0,0.9324782,408.75,1386.5625,0,0.9646646,380.625,1456.875,0,0.79633385,forward,157.19349512807884,1
2361,78.7787,257.5488090515137,,,,,,,,,,,,,,,,,,,,455.625,1072.5,0,0.8026183,394.6875,1231.875,0,0.9354221,408.75,1386.5625,0,0.9648851,380.625,1456.875,0,0.80301476,forward,153.88106852167508,1
2362,78.81206666666667,257.60602951049805,,,,,,,,,,,,,,,,,,,,455.625,1072.5,0,0.8071779,394.6875,1231.875,0,0.93522066,408.75,1386.5625,0,0.9756571,380.625,1456.875,0,0.8024794,forward,153.88106852167508,1
2363,78.84543333333333,257.26795196533203,,,,,,,,,,,,,,,,,,,,455.625,1081.875,0,0.8090714,394.6875,1231.875,0,0.9334507,408.75,1386.5625,0,0.9739103,380.625,1456.875,0,0.8007333,forward,152.69611901190785,1
2364,78.8788,262.437105178833,,,,,,,,,,,,,,,,,,,,455.625,1081.875,0,0.8094548,394.6875,1231.875,0,0.93429065,408.75,1386.5625,0,0.96816415,380.625,1456.875,0,0.794147,forward,152.69611901190785,1
2365,78.91216666666666,257.20810890197754,,,,,,,,,,,,,,,,,,,,455.625,1086.5625,0,0.8079734,394.6875,1231.875,0,0.9333602,408.75,1386.5625,0,0.96882653,380.625,1456.875,0,0.7956843,forward,152.05459567859913,1
2366,78.94553333333333,258.7158679962158,,,,,,,,,,,,,,,,,,,,455.625,1091.25,0,0.8171531,390.0,1231.875,0,0.9303161,408.75,1386.5625,0,0.97419345,380.625,1456.875,0,0.7991681,forward,148.0718768516431,1
2367,78.9789,252.3021697998047,,,,,,,,,,,,,,,,,,,,460.3125,1095.9375,0,0.8152344,390.0,1231.875,0,0.94101644,408.75,1386.5625,0,0.97138333,380.625,1456.875,0,0.79555666,forward,145.73889858713306,1
2368,79.01226666666666,252.73704528808594,,,,,,,,,,,,,,,,,,,,460.3125,1100.625,0,0.8208538,385.3125,1231.875,0,0.9510892,408.75,1386.5625,0,0.9724417,380.625,1456.875,0,0.79962826,forward,141.63947432235386,1
2369,79.04563333333334,255.4149627685547,,,,,,,,,,,,,,,,,,,,460.3125,1105.3125,0,0.8233179,385.3125,1231.875,0,0.9491915,408.75,1386.5625,0,0.971321,380.625,1456.875,0,0.80001724,forward,140.73368771936074,1
2370,79.07900000000001,258.59594345092773,,,,,,,,,,,,,,,,,,,,460.3125,1105.3125,0,0.82312477,385.3125,1231.875,0,0.9539446,408.75,1386.5625,0,0.9654009,375.9375,1456.875,0,0.797451,forward,140.73368771936074,1
2371,79.11236666666667,257.3130130767822,,,,,,,,,,,,,,,,,,,,460.3125,1105.3125,0,0.82672167,385.3125,1231.875,0,0.9533469,408.75,1386.5625,0,0.96571624,375.9375,1456.875,0,0.80098987,forward,140.73368771936074,1
2372,79.14573333333334,256.2689781188965,,,,,,,,,,,,,,,,,,,,460.3125,1110.0,0,0.8296883,385.3125,1231.875,0,0.9546497,408.75,1386.5625,0,0.9686701,375.9375,1456.875,0,0.8035667,forward,139.77685251798627,1
2373,79.1791,256.7286491394043,,,,,,,,,,,,,,,,,,,,455.625,1114.6875,0,0.82705605,385.3125,1236.5625,0,0.9483463,408.75,1386.5625,0,0.9588729,375.9375,1456.875,0,0.78765595,forward,141.1377010759158,1
2374,79.21246666666667,256.3519477844238,,,,,,,,,,,,,,,,,,,,460.3125,1114.6875,0,0.82349896,385.3125,1236.5625,0,0.94487417,408.75,1386.5625,0,0.9555882,375.9375,1456.875,0,0.7841877,forward,139.51183752131166,1
2375,79.24583333333334,257.1840286254883,,,,,,,,,,,,,,,,,,,,460.3125,1114.6875,0,0.82304513,385.3125,1236.5625,0,0.9451302,408.75,1386.5625,0,0.9545015,375.9375,1456.875,0,0.78816855,forward,139.51183752131166,1
2376,79.2792,258.9690685272217,,,,,,,,,,,,,,,,,,,,460.3125,1114.6875,0,0.82129186,385.3125,1236.5625,0,0.9430859,408.75,1386.5625,0,0.95187044,375.9375,1456.875,0,0.78563964,forward,139.51183752131166,1
2377,79.31256666666667,263.1552219390869,,,,,,,,,,,,,,,,,,,,460.3125,1110.0,0,0.82403404,390.0,1236.5625,0,0.94444805,408.75,1386.5625,0,0.9592992,375.9375,1456.875,0,0.7917923,forward,143.82037932764987,1
2378,79.34593333333333,261.8539333343506,,,,,,,,,,,,,,,,,,,,455.625,1105.3125,0,0.8212098,390.0,1236.5625,0,0.9387996,408.75,1386.5625,0,0.9591779,375.9375,1456.875,0,0.7944155,forward,146.30993548480913,1
2379,79.3793,256.3059329986572,,,,,,,,,,,,,,,,,,,,455.625,1105.3125,0,0.81852305,390.0,1236.5625,0,0.946184,408.75,1386.5625,0,0.9614699,375.9375,1456.875,0,0.7960607,forward,146.30993548480913,1
2380,79.41266666666667,255.84101676940918,,,,,,,,,,,,,,,,,,,,455.625,1100.625,0,0.8212327,390.0,1236.5625,0,0.94224215,408.75,1386.5625,0,0.96544075,375.9375,1456.875,0,0.7924464,forward,147.10566009111335,1
2381,79.44603333333333,257.25293159484863,,,,,,,,,,,,,,,,,,,,455.625,1095.9375,0,0.8173251,390.0,1236.5625,0,0.9410067,408.75,1386.5625,0,0.96106243,375.9375,1456.875,0,0.78990006,forward,147.8580878508946,1
2382,79.4794,255.5239200592041,,,,,,,,,,,,,,,,,,,,455.625,1091.25,0,0.8175839,390.0,1236.5625,0,0.9347284,408.75,1386.5625,0,0.9658447,380.625,1456.875,0,0.78853476,forward,148.57043024569003,1
2383,79.51276666666666,257.22384452819824,,,,,,,,,,,,,,,,,,,,455.625,1081.875,0,0.8144708,394.6875,1231.875,0,0.9450809,408.75,1386.5625,0,0.9715451,375.9375,1456.875,0,0.7890923,forward,152.69611901190785,1
2384,79.54613333333333,258.0599784851074,,,,,,,,,,,,,,,,,,,,455.625,1072.5,0,0.8111817,394.6875,1231.875,0,0.93738717,408.75,1386.5625,0,0.9735615,380.625,1456.875,0,0.79350275,forward,153.88106852167508,1
2385,79.5795,257.4608325958252,,,,,,,,,,,,,,,,,,,,455.625,1067.8125,0,0.8043106,394.6875,1227.1875,0,0.9223994,408.75,1386.5625,0,0.9710133,380.625,1456.875,0,0.7844985,forward,154.0330442570645,1
2386,79.61286666666666,255.85317611694336,,,,,,,,,,,,,,,,,,,,455.625,1063.125,0,0.8032856,399.375,1227.1875,0,0.9134408,408.75,1386.5625,0,0.9680356,380.625,1456.875,0,0.7830721,forward,157.70890004127335,1
2387,79.64623333333333,259.33170318603516,,,,,,,,,,,,,,,,,,,,455.625,1053.75,0,0.8025211,399.375,1222.5,0,0.90853035,408.75,1386.5625,0,0.9690722,380.625,1456.875,0,0.7758181,forward,158.29457112695357,1
2388,79.67960000000001,258.7130069732666,,,,,,,,,,,,,,,,,,,,460.3125,1049.0625,0,0.79369783,404.0625,1213.125,0,0.9064206,408.75,1386.5625,0,0.9672566,380.625,1456.875,0,0.77673185,forward,159.52718881889075,1
2389,79.71296666666667,260.04981994628906,,,,,,,,,,,,,,,,,,,,460.3125,1039.6875,0,0.7994904,408.75,1213.125,0,0.90354645,408.75,1386.5625,0,0.9684758,380.625,1456.875,0,0.7756578,forward,163.4429346985145,1
2390,79.74633333333334,258.807897567749,,,,,,,,,,,,,,,,,,,,460.3125,1030.3125,0,0.8013261,408.75,1208.4375,0,0.90914774,408.75,1386.5625,0,0.9618695,380.625,1456.875,0,0.76820827,forward,163.85567170894222,1
2391,79.7797,258.5430145263672,,,,,,,,,,,,,,,,,,,,460.3125,1020.9375,0,0.8068592,413.4375,1199.0625,0,0.9226582,404.0625,1386.5625,0,0.9669094,380.625,1456.875,0,0.7657002,forward,168.1188354062519,1
2392,79.81306666666667,258.6653232574463,,,,,,,,,,,,,,,,,,,,460.3125,1016.25,0,0.81248045,413.4375,1199.0625,0,0.9275527,408.75,1386.5625,0,0.9623817,380.625,1456.875,0,0.7640899,forward,167.05071171747,1
2393,79.84643333333334,258.20088386535645,,,,,,,,,,,,,,,,,,,,460.3125,1016.25,0,0.80252016,418.125,1199.0625,0,0.90666866,408.75,1386.5625,0,0.97131956,380.625,1456.875,0,0.7716646,forward,169.86779204964392,1
2394,79.8798,259.3119144439697,,,,,,,,,,,,,,,,,,,,460.3125,1006.875,0,0.80068994,422.8125,1194.375,0,0.9085244,408.75,1386.5625,0,0.9769442,380.625,1456.875,0,0.7750726,forward,172.8750037602196,1
2395,79.91316666666667,259.23991203308105,,,,,,,,,,,,,,,,,,,,465.0,1002.1875,0,0.8085687,422.8125,1194.375,0,0.915661,408.75,1386.5625,0,0.9724761,380.625,1456.875,0,0.7740556,forward,171.80415249695608,1
2396,79.94653333333333,258.72325897216797,,,,,,,,,,,,,,,,,,,,465.0,1002.1875,0,0.80565953,422.8125,1194.375,0,0.9041965,408.75,1386.5625,0,0.9709897,380.625,1456.875,0,0.77489746,forward,171.80415249695608,1
2397,79.9799,256.9701671600342,,,,,,,,,,,,,,,,,,,,465.0,1002.1875,0,0.810982,427.5,1194.375,0,0.89132774,408.75,1386.5625,0,0.9728255,380.625,1456.875,0,0.77494615,forward,174.5312291040764,1
2398,80.01326666666667,258.41808319091797,,,,,,,,,,,,,,,,,,,,469.6875,997.5,0,0.8035073,432.1875,1189.6875,0,0.8902141,408.75,1386.5625,0,0.9751626,380.625,1456.875,0,0.7769885,forward,175.74798384599117,1
2399,80.04663333333333,260.0409984588623,,,,,,,,,,,,,,,,,,,,469.6875,997.5,0,0.8032954,432.1875,1189.6875,0,0.8970567,408.75,1386.5625,0,0.97427976,380.625,1456.875,0,0.7784492,forward,175.74798384599117,1
2400,80.08,270.0667381286621,,,,,,,,,,,,,,,,,,,,469.6875,997.5,0,0.7981998,432.1875,1194.375,0,0.8900298,408.75,1386.5625,0,0.973403,380.625,1456.875,0,0.77875036,forward,176.16860556583944,1
2401,80.11336666666666,257.33494758605957,,,,,,,,,,,,,,,,,,,,474.375,1002.1875,0,0.7909689,436.875,1194.375,0,0.88671046,408.75,1386.5625,0,0.97037363,380.625,1456.875,0,0.77386355,forward,177.2846601455388,1
2402,80.14673333333333,256.91890716552734,,,,,,,,,,,,,,,,,,,,479.0625,997.5,0,0.7921516,436.875,1194.375,0,0.87772447,413.4375,1386.5625,0,0.96905315,380.625,1456.875,0,0.7711001,forward,174.8582150207138,1
2403,80.1801,256.9746971130371,,,,,,,,,,,,,,,,,,,,479.0625,1002.1875,0,0.78753895,441.5625,1194.375,0,0.8754384,413.4375,1381.875,0,0.9693015,380.625,1456.875,0,0.7758144,forward,177.48993548390658,1
2404,80.21346666666666,257.1582794189453,,,,,,,,,,,,,,,,,,,,483.75,1002.1875,0,0.78129596,441.5625,1199.0625,0,0.8726102,413.4375,1386.5625,0,0.9732133,380.625,1456.875,0,0.7723881,forward,176.4360223243721,1
2405,80.24683333333333,256.8540573120117,,,,,,,,,,,,,,,,,,,,488.4375,1002.1875,0,0.78593385,446.25,1199.0625,0,0.8631904,413.4375,1386.5625,0,0.97820324,380.625,1456.875,0,0.7751206,forward,177.83155997113624,1
2406,80.28020000000001,257.45105743408203,,,,,,,,,,,,,,,,,,,,493.125,1002.1875,0,0.7900601,446.25,1199.0625,0,0.86243427,413.4375,1386.5625,0,0.9819709,380.625,1456.875,0,0.7794608,forward,176.53377694211827,1
2407,80.31356666666667,257.60912895202637,,,,,,,,,,,,,,,,,,,,497.8125,1002.1875,0,0.78846395,446.25,1199.0625,0,0.8551574,418.125,1386.5625,0,0.9925504,380.625,1461.5625,0,0.7825861,forward,173.85435875027886,1
2408,80.34693333333334,257.1249008178711,,,,,,,,,,,,,,,,,,,,497.8125,1002.1875,0,0.786521,441.5625,1199.0625,0,0.84869075,418.125,1386.5625,0,0.98879707,375.9375,1461.5625,0,0.78110963,forward,171.17959768135213,1
2409,80.3803,257.2028636932373,,,,,,,,,,,,,,,,,,,,497.8125,1002.1875,0,0.78664184,441.5625,1194.375,0,0.84187245,422.8125,1381.875,0,0.98942447,380.625,1461.5625,0,0.77162576,forward,169.3967392071384,1
2410,80.41366666666667,257.2662830352783,,,,,,,,,,,,,,,,,,,,502.5,997.5,0,0.7834443,441.5625,1189.6875,0,0.84414566,427.5,1377.1875,0,0.98443305,380.625,1461.5625,0,0.7626296,forward,166.696702501178,1
2411,80.44703333333334,256.4511299133301,,,,,,,,,,,,,,,,,,,,502.5,997.5,0,0.78340316,441.5625,1185.0,0,0.86950064,436.875,1377.1875,0,0.96433437,375.9375,1466.25,0,0.7504955,forward,163.39301042796694,1
2412,80.4804,256.5310001373291,,,,,,,,,,,,,,,,,,,,497.8125,997.5,0,0.7771024,436.875,1185.0,0,0.88251734,441.5625,1372.5,0,0.9632592,385.3125,1466.25,0,0.77409256,forward,160.56374660660458,1
2413,80.51376666666667,256.8972110748291,,,,,,,,,,,,,,,,,,,,497.8125,1002.1875,0,0.7850664,436.875,1185.0,0,0.8908119,441.5625,1377.1875,0,0.95374346,394.6875,1470.9375,0,0.7742403,forward,160.16787518972436,1
2414,80.54713333333333,259.3121528625488,,,,,,,,,,,,,,,,,,,,493.125,1002.1875,0,0.7919299,436.875,1189.6875,0,0.9025717,436.875,1386.5625,0,0.9590531,404.0625,1480.3125,0,0.7987244,forward,163.30075008939897,1
2415,80.5805,257.5349807739258,,,,,,,,,,,,,,,,,,,,493.125,1002.1875,0,0.78914547,436.875,1194.375,0,0.9125007,432.1875,1400.625,0,0.9525367,399.375,1489.6875,0,0.7988695,forward,164.98809979766978,1
2416,80.61386666666667,256.3459873199463,,,,,,,,,,,,,,,,,,,,488.4375,1006.875,0,0.7925945,432.1875,1203.75,0,0.90426606,422.8125,1414.6875,0,0.9468918,385.3125,1499.0625,0,0.7929188,forward,166.59939541005596,1
2417,80.64723333333333,256.9620609283447,,,,,,,,,,,,,,,,,,,,483.75,1011.5625,0,0.79097116,432.1875,1208.4375,0,0.9112748,413.4375,1433.4375,0,0.9398001,361.875,1494.375,0,0.78322834,forward,170.08727668467296,1
2418,80.6806,257.9972743988037,,,,,,,,,,,,,,,,,,,,479.0625,1011.5625,0,0.80118227,427.5,1213.125,0,0.9224853,394.6875,1442.8125,0,0.95379895,338.4375,1494.375,0,0.78169465,forward,173.78078929355053,1
2419,80.71396666666666,258.2519054412842,,,,,,,,,,,,,,,,,,,,474.375,1016.25,0,0.8033941,427.5,1222.5,0,0.9311422,385.3125,1452.1875,0,0.9621806,319.6875,1489.6875,0,0.7607482,forward,177.60346597698947,1
2420,80.74733333333333,257.8999996185303,,,,,,,,,,,,,,,,,,,,465.0,1020.9375,0,0.80453014,422.8125,1227.1875,0,0.93477654,385.3125,1461.5625,0,0.963572,319.6875,1513.125,0,0.7834261,forward,177.53018336900246,1
2421,80.7807,258.6178779602051,,,,,,,,,,,,,,,,,,,,455.625,1025.625,0,0.8137256,413.4375,1231.875,0,0.9382504,380.625,1466.25,0,0.9688693,319.6875,1531.875,0,0.78875124,forward,176.40947627334958,1
2422,80.81406666666666,258.9538097381592,,,,,,,,,,,,,,,,,,,,446.25,1025.625,0,0.8149538,399.375,1231.875,0,0.95567125,380.625,1470.9375,0,0.972335,319.6875,1541.25,0,0.7953361,forward,171.6803660944887,1
2423,80.84743333333333,258.8000297546387,,,,,,,,,,,,,,,,,,,,432.1875,1025.625,0,0.81617785,390.0,1236.5625,0,0.949829,380.625,1470.9375,0,0.9774718,319.6875,1545.9375,0,0.8000785,forward,170.9806864932226,1
2424,80.88080000000001,258.45813751220703,,,,,,,,,,,,,,,,,,,,418.125,1025.625,0,0.81747353,375.9375,1236.5625,0,0.9413887,380.625,1470.9375,0,0.9778044,315.0,1545.9375,0,0.7969259,forward,167.54430456958713,1
2425,80.91416666666667,258.5947513580322,,,,,,,,,,,,,,,,,,,,404.0625,1030.3125,0,0.8277066,371.25,1241.25,0,0.935449,375.9375,1470.9375,0,0.9637502,315.0,1545.9375,0,0.7935498,forward,169.98904387824788,1
2426,80.94753333333334,258.375883102417,,,,,,,,,,,,,,,,,,,,390.0,1025.625,0,0.8353914,361.875,1241.25,0,0.927208,375.9375,1475.625,0,0.94966376,315.0,1545.9375,0,0.7857761,forward,169.13495798434576,1
