frame,timeframe,frame_processing_time_ms,left_hip_x,left_hip_y,left_hip_z,left_hip_conf,left_knee_x,left_knee_y,left_knee_z,left_knee_conf,left_ankle_x,left_ankle_y,left_ankle_z,left_ankle_conf,left_foot_index_x,left_foot_index_y,left_foot_index_z,left_foot_index_conf,left_foot_direction,left_knee_angle,left_knee_incorrect,right_hip_x,right_hip_y,right_hip_z,right_hip_conf,right_knee_x,right_knee_y,right_knee_z,right_knee_conf,right_ankle_x,right_ankle_y,right_ankle_z,right_ankle_conf,right_foot_index_x,right_foot_index_y,right_foot_index_z,right_foot_index_conf,right_foot_direction,right_knee_angle,right_knee_incorrect
0,0.0,270.3852653503418,,,,,,,,,,,,,,,,,,,,0.45822247862815857,0.5250478982925415,0.007463021669536829,0.9999368190765381,0.4323427081108093,0.6263452172279358,-0.06712409108877182,0.9897193908691406,0.40739676356315613,0.7274381518363953,0.06381980329751968,0.9928431510925293,0.38866549730300903,0.758952260017395,-0.1442846655845642,0.9891756176948547,forward,92.98618289042707,1
1,0.03336666666666667,103.24811935424805,,,,,,,,,,,,,,,,,,,,0.4586277902126312,0.5259431004524231,0.004637781996279955,0.9999306797981262,0.43247631192207336,0.6281107664108276,-0.06913616508245468,0.9873133897781372,0.4073985815048218,0.7274561524391174,0.06787843257188797,0.9910171031951904,0.3892883360385895,0.7589608430862427,-0.12699821591377258,0.9866141676902771,forward,91.81546055986698,1
2,0.06673333333333334,93.09720993041992,,,,,,,,,,,,,,,,,,,,0.46034660935401917,0.5261061787605286,0.004447586368769407,0.9999228119850159,0.43290266394615173,0.6286288499832153,-0.07565897703170776,0.9840373992919922,0.40740808844566345,0.7274486422538757,0.06299465894699097,0.9887194037437439,0.3897397518157959,0.7590152621269226,-0.1292392611503601,0.983516275882721,forward,89.30889444007153,1
3,0.10010000000000001,92.83208847045898,,,,,,,,,,,,,,,,,,,,0.4630732238292694,0.5261188745498657,0.00406358577311039,0.999915599822998,0.43373343348503113,0.6287373900413513,-0.08114346116781235,0.9810000658035278,0.40741047263145447,0.7273454666137695,0.0439508818089962,0.9867967367172241,0.3898002505302429,0.7590023875236511,-0.14786288142204285,0.980825662612915,forward,90.60393282059128,1
4,0.13346666666666668,100.14104843139648,,,,,,,,,,,,,,,,,,,,0.4660342037677765,0.5261133909225464,0.004109239671379328,0.9999113082885742,0.43449774384498596,0.6288076043128967,-0.07991752028465271,0.9789665341377258,0.40741196274757385,0.7272613048553467,0.058951858431100845,0.9854615926742554,0.38979974389076233,0.7589905261993408,-0.14186395704746246,0.9788487553596497,forward,88.28412980878389,1
5,0.16683333333333333,91.94397926330566,,,,,,,,,,,,,,,,,,,,0.4680856764316559,0.5259897708892822,0.0044922796078026295,0.9999086260795593,0.4349548816680908,0.6287790536880493,-0.07229328900575638,0.9769608974456787,0.4073788821697235,0.7271907329559326,0.07232828438282013,0.9843558669090271,0.3896908164024353,0.759050726890564,-0.13419583439826965,0.9772396087646484,forward,89.8154896588915,1
6,0.20020000000000002,92.77796745300293,,,,,,,,,,,,,,,,,,,,0.46957623958587646,0.5259081721305847,0.004655677359551191,0.9999039173126221,0.43523117899894714,0.628682017326355,-0.07821115106344223,0.9732863903045654,0.4073568284511566,0.7271267175674438,0.04628674313426018,0.9819197654724121,0.3896886706352234,0.7590684294700623,-0.1507919877767563,0.9737737774848938,forward,91.97641407578352,1
7,0.23356666666666667,93.048095703125,,,,,,,,,,,,,,,,,,,,0.47037261724472046,0.5259028673171997,0.004338821861892939,0.9998989105224609,0.4354725480079651,0.6283194422721863,-0.08363012969493866,0.9695581197738647,0.4072451591491699,0.727011501789093,0.03908002749085426,0.9791985750198364,0.39125820994377136,0.7591135501861572,-0.157202810049057,0.9698585271835327,forward,90.76576106234506,1
8,0.26693333333333336,92.54908561706543,,,,,,,,,,,,,,,,,,,,0.4705996513366699,0.5258862972259521,0.003983089234679937,0.9998947381973267,0.4354909062385559,0.628170907497406,-0.08791838586330414,0.9663939476013184,0.4070838391780853,0.7267055511474609,0.04284445941448212,0.9769184589385986,0.39230501651763916,0.7591581344604492,-0.15550556778907776,0.9666244387626648,forward,87.71231586194158,1
9,0.3003,91.87197685241699,,,,,,,,,,,,,,,,,,,,0.47041136026382446,0.5257929563522339,0.003673100844025612,0.9998905658721924,0.4354693591594696,0.628163754940033,-0.08691050857305527,0.9631925225257874,0.4070042371749878,0.7264834046363831,0.04481477290391922,0.9748010039329529,0.39287519454956055,0.7591175436973572,-0.15406565368175507,0.9634351134300232,forward,87.87563061439789,1
10,0.33366666666666667,91.80521965026855,,,,,,,,,,,,,,,,,,,,0.47021782398223877,0.5258221626281738,0.0037087383680045605,0.9998881220817566,0.4354654550552368,0.628187894821167,-0.07548216730356216,0.9626206755638123,0.4069766104221344,0.7263710498809814,0.09050707519054413,0.9744494557380676,0.3932466506958008,0.7591399550437927,-0.11371395736932755,0.9626981019973755,forward,85.3800270775287,1
11,0.3670333333333333,93.35184097290039,,,,,,,,,,,,,,,,,,,,0.46992477774620056,0.5259689092636108,0.003665047697722912,0.9998842477798462,0.4354040026664734,0.6285222768783569,-0.07557030767202377,0.9609195590019226,0.4069931209087372,0.7264230251312256,0.08584947884082794,0.9736169576644897,0.3934367895126343,0.7592900395393372,-0.11933799833059311,0.9611472487449646,forward,86.03757268540255,1
12,0.40040000000000003,93.25790405273438,,,,,,,,,,,,,,,,,,,,0.46876657009124756,0.5262748599052429,0.00448524160310626,0.9998832941055298,0.43487247824668884,0.6293002963066101,-0.056920766830444336,0.9604178667068481,0.4069816768169403,0.7265081405639648,0.09998220950365067,0.973529577255249,0.39341428875923157,0.759457528591156,-0.0886763334274292,0.9608279466629028,forward,93.26588393271675,1
13,0.4337666666666667,95.17908096313477,,,,,,,,,,,,,,,,,,,,0.4665088951587677,0.526691198348999,0.004571881145238876,0.9998825192451477,0.4335183799266815,0.6294744610786438,-0.04712292179465294,0.9580380320549011,0.40697339177131653,0.7265613675117493,0.10404621064662933,0.9726160764694214,0.3934290409088135,0.7594974040985107,-0.08344791829586029,0.9592934250831604,forward,98.03948320406342,1
14,0.46713333333333334,94.41089630126953,,,,,,,,,,,,,,,,,,,,0.46216705441474915,0.5269461274147034,0.003884863341227174,0.9998818635940552,0.43188419938087463,0.6294508576393127,-0.042335908859968185,0.9561214447021484,0.40692225098609924,0.7266254425048828,0.10572843253612518,0.9718141555786133,0.3934799134731293,0.7596040368080139,-0.0820072591304779,0.9580426216125488,forward,100.71714321774083,1
15,0.5005000000000001,92.92006492614746,,,,,,,,,,,,,,,,,,,,0.4573794901371002,0.5273453593254089,0.0024531520903110504,0.9998813271522522,0.4296513497829437,0.6294402480125427,-0.04234393686056137,0.9543741941452026,0.40689122676849365,0.7268154621124268,0.12320633232593536,0.97101229429245,0.39360862970352173,0.7596901655197144,-0.06690553575754166,0.9566162824630737,forward,98.1666767629751,1
16,0.5338666666666667,93.66488456726074,,,,,,,,,,,,,,,,,,,,0.4523393213748932,0.5275857448577881,0.0023186909966170788,0.9998818039894104,0.42701074481010437,0.629494845867157,-0.0368565134704113,0.9529140591621399,0.40689122676849365,0.7269198298454285,0.13131433725357056,0.9706705808639526,0.3936108648777008,0.7598090767860413,-0.05896645411849022,0.9557986259460449,forward,100.12540080450508,1
17,0.5672333333333334,91.7971134185791,,,,,,,,,,,,,,,,,,,,0.4479525685310364,0.5281633734703064,0.0017643611645326018,0.9998837113380432,0.42446500062942505,0.6296601891517639,-0.03991595283150673,0.9493060111999512,0.40689393877983093,0.7269855737686157,0.11886820197105408,0.9691030979156494,0.3936307430267334,0.7599639892578125,-0.06345251947641373,0.9531975388526917,forward,100.07720302483605,1
18,0.6006,95.5500602722168,,,,,,,,,,,,,,,,,,,,0.44370684027671814,0.5284541249275208,-0.0004186042060609907,0.9998853206634521,0.421100378036499,0.6297571659088135,-0.04201620817184448,0.9481480121612549,0.4068180024623871,0.7269645929336548,0.12406941503286362,0.9683073163032532,0.3938612639904022,0.7599831223487854,-0.04538989067077637,0.9514265060424805,forward,98.6935881815511,1
19,0.6339666666666667,94.06208992004395,,,,,,,,,,,,,,,,,,,,0.43899810314178467,0.5285651683807373,-0.0005190787487663329,0.9998897910118103,0.4183606803417206,0.6299163699150085,-0.03800913318991661,0.9498046636581421,0.4071771800518036,0.7268856167793274,0.19669444859027863,0.9692546129226685,0.39402976632118225,0.7600327134132385,0.01628233678638935,0.9524232745170593,forward,92.58177401337635,1
20,0.6673333333333333,92.21315383911133,,,,,,,,,,,,,,,,,,,,0.4350355863571167,0.5286598801612854,-0.00046263221884146333,0.9998944997787476,0.4162110984325409,0.6301506161689758,-0.026543771848082542,0.9519660472869873,0.40720608830451965,0.7268850207328796,0.20599788427352905,0.9705410599708557,0.39378902316093445,0.7599496245384216,0.02767515555024147,0.9540575742721558,forward,98.40556282809696,1
21,0.7007,96.76599502563477,,,,,,,,,,,,,,,,,,,,0.43214717507362366,0.5287631154060364,-0.0004458909679669887,0.9998983144760132,0.4140746295452118,0.6306048035621643,-0.022254377603530884,0.9532508254051208,0.4072496294975281,0.7268917560577393,0.19300439953804016,0.9714133739471436,0.39317041635513306,0.7598966360092163,0.01871291734278202,0.954948902130127,forward,102.11774156333524,1
22,0.7340666666666666,94.94900703430176,,,,,,,,,,,,,,,,,,,,0.43112045526504517,0.5290290713310242,-0.0002325663372175768,0.9999012351036072,0.4130067825317383,0.6307872533798218,-0.014027615077793598,0.9532166123390198,0.4073575437068939,0.7270601391792297,0.20409533381462097,0.9718372821807861,0.3925209939479828,0.7598916888237,0.024670811370015144,0.9551272392272949,forward,106.08433267130542,1
23,0.7674333333333333,92.71883964538574,,,,,,,,,,,,,,,,,,,,0.4307243525981903,0.5292132496833801,0.0006314509664662182,0.9999035596847534,0.41234877705574036,0.6308407187461853,-0.012793736532330513,0.9547253251075745,0.407352089881897,0.7272165417671204,0.20858094096183777,0.9730339646339417,0.39196422696113586,0.7598934769630432,0.01882474310696125,0.9567515850067139,forward,105.95703639151492,1
24,0.8008000000000001,92.58604049682617,,,,,,,,,,,,,,,,,,,,0.43032106757164,0.5292819142341614,0.0007023134385235608,0.999905526638031,0.41221240162849426,0.6308324337005615,-0.01146008912473917,0.9558610916137695,0.40734922885894775,0.7272733449935913,0.2147936075925827,0.9740732908248901,0.3918410837650299,0.7598555088043213,0.01667785830795765,0.9581084251403809,forward,106.20318883920815,1
25,0.8341666666666667,91.78495407104492,,,,,,,,,,,,,,,,,,,,0.430033415555954,0.529279351234436,0.0007214163197204471,0.999904990196228,0.41248807311058044,0.6308284997940063,-0.00826200656592846,0.9551827907562256,0.4073707163333893,0.7272931933403015,0.2197672426700592,0.9741719365119934,0.3915790915489197,0.7597987055778503,0.025634389370679855,0.9579543471336365,forward,107.81408497832236,1
26,0.8675333333333334,92.24390983581543,,,,,,,,,,,,,,,,,,,,0.43009161949157715,0.5292882323265076,0.0007885437807999551,0.999904215335846,0.41280093789100647,0.6307837963104248,-0.0037778255064040422,0.9520212411880493,0.4074176549911499,0.7273004651069641,0.20590068399906158,0.972894012928009,0.39131367206573486,0.7596441507339478,0.018640995025634766,0.9558166861534119,forward,112.04624001985981,1
27,0.9009,91.34292602539062,,,,,,,,,,,,,,,,,,,,0.4305247366428375,0.5294421911239624,0.0007988958386704326,0.9999030232429504,0.413009375333786,0.6303452253341675,-0.005102694034576416,0.948660671710968,0.4075043797492981,0.7272980809211731,0.2004634588956833,0.9713415503501892,0.3912808299064636,0.7594426870346069,0.014728961512446404,0.9536091685295105,forward,111.81347224403316,1
28,0.9342666666666667,92.40031242370605,,,,,,,,,,,,,,,,,,,,0.43095019459724426,0.5297863483428955,0.0007768805371597409,0.99990314245224,0.4130954444408417,0.6301486492156982,-0.012590061873197556,0.9475340843200684,0.4075270891189575,0.7273092865943909,0.19883814454078674,0.9707575440406799,0.3912050127983093,0.7593600749969482,0.011144846677780151,0.9527691006660461,forward,107.07082051157653,1
29,0.9676333333333333,92.93794631958008,,,,,,,,,,,,,,,,,,,,0.4310222864151001,0.5299850702285767,3.506131179165095e-05,0.9999023079872131,0.41336989402770996,0.6298983097076416,-0.03849327191710472,0.9461750388145447,0.4075378477573395,0.7273852229118347,0.17626389861106873,0.9701655507087708,0.3911338746547699,0.7593363523483276,-0.016618961468338966,0.9520290493965149,forward,93.51309030786834,1
30,1.0010000000000001,92.5898551940918,,,,,,,,,,,,,,,,,,,,0.43140530586242676,0.5300548076629639,-2.6346144295530394e-05,0.9999006986618042,0.4141949415206909,0.6296754479408264,-0.039302289485931396,0.9455137848854065,0.40761569142341614,0.7274180054664612,0.16563250124454498,0.9697498083114624,0.3911190330982208,0.7593039274215698,-0.021557841449975967,0.9515675902366638,forward,94.1932988506187,1
31,1.0343666666666667,93.00780296325684,,,,,,,,,,,,,,,,,,,,0.4332015812397003,0.5300772786140442,0.00012075062113581225,0.9998980760574341,0.41538575291633606,0.6295295357704163,-0.037648119032382965,0.9445247054100037,0.4076360762119293,0.7275000810623169,0.13442793488502502,0.9692040681838989,0.39110085368156433,0.7592796087265015,-0.043954066932201385,0.9509770274162292,forward,99.1048104139493,1
32,1.0677333333333334,93.3687686920166,,,,,,,,,,,,,,,,,,,,0.43454399704933167,0.5301511287689209,0.0008941022679209709,0.9998966455459595,0.41638073325157166,0.6295813322067261,-0.02448839694261551,0.9428192377090454,0.40764155983924866,0.7275378704071045,0.14656060934066772,0.968155026435852,0.39107546210289,0.759271502494812,-0.03571080416440964,0.9497435688972473,forward,105.67923918054505,1
33,1.1011,92.03720092773438,,,,,,,,,,,,,,,,,,,,0.4360257387161255,0.5302236080169678,0.0010315929539501667,0.9998948574066162,0.4178687334060669,0.6295965313911438,-0.018017791211605072,0.9401904940605164,0.4076824188232422,0.7275514602661133,0.14751958847045898,0.9668081402778625,0.3910635709762573,0.7592191696166992,-0.030033959075808525,0.9480835795402527,forward,109.97955770161917,1
34,1.1344666666666667,92.64206886291504,,,,,,,,,,,,,,,,,,,,0.4373379349708557,0.530228316783905,0.0012964430497959256,0.9998942017555237,0.41973695158958435,0.6295681595802307,-0.011215953156352043,0.9370821118354797,0.4077783226966858,0.7275930047035217,0.15196870267391205,0.9654513597488403,0.39112183451652527,0.7590978145599365,-0.027839818969368935,0.946414589881897,forward,114.06345625502188,1
35,1.1678333333333333,93.23501586914062,,,,,,,,,,,,,,,,,,,,0.4384937286376953,0.5302298069000244,0.0012954886769875884,0.9998922348022461,0.42104318737983704,0.6295419335365295,-0.012681837193667889,0.9341443777084351,0.40784868597984314,0.7276669144630432,0.14119920134544373,0.9640175700187683,0.391189306974411,0.7589865326881409,-0.03424541652202606,0.944640040397644,forward,114.8381459835945,1
36,1.2012,91.65310859680176,,,,,,,,,,,,,,,,,,,,0.43954911828041077,0.5302382111549377,0.000992290209978819,0.999889075756073,0.42188844084739685,0.6294950246810913,-0.01588289998471737,0.9286952614784241,0.4078843593597412,0.7277082800865173,0.12928055226802826,0.9611068964004517,0.39122799038887024,0.7588550448417664,-0.04528467357158661,0.9409305453300476,forward,114.82592938366015,1
37,1.2345666666666666,91.5219783782959,,,,,,,,,,,,,,,,,,,,0.4404442608356476,0.530238926410675,0.0009807967580854893,0.9998869895935059,0.42243096232414246,0.6294481158256531,-0.021343247964978218,0.9242302775382996,0.4079330861568451,0.7277268171310425,0.11070382595062256,0.9583466053009033,0.39139342308044434,0.7587795257568359,-0.05746891349554062,0.9374786615371704,forward,114.45084373245449,1
38,1.2679333333333334,93.24812889099121,,,,,,,,,,,,,,,,,,,,0.44112175703048706,0.53021639585495,0.0009223505621775985,0.9998831748962402,0.4230622351169586,0.6294206976890564,-0.03332596644759178,0.9128913879394531,0.40805721282958984,0.7277451157569885,0.06412194669246674,0.950774073600769,0.39153534173965454,0.7587766647338867,-0.08053351193666458,0.9288015961647034,forward,116.80849275915696,1
39,1.3013000000000001,92.26679801940918,,,,,,,,,,,,,,,,,,,,0.44172078371047974,0.5301731824874878,0.001046449993737042,0.9998800158500671,0.4234637916088104,0.6294080018997192,-0.043543074280023575,0.9059091806411743,0.40811675786972046,0.727753758430481,0.053613852709531784,0.9462042450904846,0.39158788323402405,0.7587732076644897,-0.09436722844839096,0.9240626096725464,forward,111.83666851085431,1
40,1.3346666666666667,91.85314178466797,,,,,,,,,,,,,,,,,,,,0.4423190951347351,0.5301713347434998,0.00175668194424361,0.9998765587806702,0.4236499071121216,0.6294060349464417,-0.04434916749596596,0.9045010209083557,0.40820419788360596,0.7277635335922241,0.07687370479106903,0.9452927112579346,0.3915975093841553,0.7587824463844299,-0.08623844385147095,0.9230561852455139,forward,104.83974900324691,1
41,1.3680333333333334,91.98713302612305,,,,,,,,,,,,,,,,,,,,0.44267261028289795,0.5301696062088013,0.0018295061308890581,0.9998724460601807,0.42382338643074036,0.6293987035751343,-0.05037280172109604,0.904149055480957,0.4082566201686859,0.7278078198432922,0.07544513791799545,0.9449039697647095,0.3915998041629791,0.758784294128418,-0.09550172090530396,0.922652542591095,forward,101.0281191373867,1
42,1.4014,91.7062759399414,,,,,,,,,,,,,,,,,,,,0.44297152757644653,0.5300908088684082,0.0019301269203424454,0.999866783618927,0.42392677068710327,0.6293886303901672,-0.05946081131696701,0.9043685793876648,0.4082682728767395,0.7278850078582764,0.07261917740106583,0.9447140097618103,0.3916003406047821,0.758783757686615,-0.10861124843358994,0.9224603176116943,forward,95.77588404132486,1
43,1.4347666666666667,92.29493141174316,,,,,,,,,,,,,,,,,,,,0.4433794915676117,0.530085027217865,0.001879209536127746,0.9998589158058167,0.4240283966064453,0.6293677091598511,-0.06870560348033905,0.9043363928794861,0.4082775413990021,0.7279195189476013,0.04932258650660515,0.9441655874252319,0.3916013538837433,0.7587774395942688,-0.12683579325675964,0.9218922257423401,forward,95.29167296688307,1
44,1.4681333333333333,91.98904037475586,,,,,,,,,,,,,,,,,,,,0.44373077154159546,0.5300800800323486,0.0020725426729768515,0.9998518228530884,0.42408061027526855,0.6293647885322571,-0.0706038624048233,0.9070152640342712,0.40828022360801697,0.7279454469680786,0.05638575553894043,0.9454134106636047,0.39160075783729553,0.758794903755188,-0.12614727020263672,0.9234263896942139,forward,92.47414606570993,1
45,1.5015,92.52595901489258,,,,,,,,,,,,,,,,,,,,0.443899005651474,0.5300838351249695,0.002200450748205185,0.9998462796211243,0.42425036430358887,0.62930828332901,-0.07818589359521866,0.9102444052696228,0.4082839787006378,0.727985680103302,0.05741121619939804,0.9469977617263794,0.3916473686695099,0.7588000893592834,-0.13457123935222626,0.9254769682884216,forward,87.90617478269624,1
46,1.5348666666666666,91.87006950378418,,,,,,,,,,,,,,,,,,,,0.44399696588516235,0.5300869345664978,0.002221951959654689,0.9998365044593811,0.42437076568603516,0.629266619682312,-0.08188555389642715,0.9118865728378296,0.40827348828315735,0.7280547618865967,0.03286625072360039,0.9473884701728821,0.39165034890174866,0.7588149905204773,-0.151882603764534,0.9262253046035767,forward,91.3225779966533,1
47,1.5682333333333334,92.57698059082031,,,,,,,,,,,,,,,,,,,,0.4440529942512512,0.5300905108451843,0.0023770092520862818,0.9998289346694946,0.42461228370666504,0.6289892196655273,-0.08805164694786072,0.9131746292114258,0.40827059745788574,0.7281468510627747,0.021351831033825874,0.9474532604217529,0.3916715979576111,0.7588122487068176,-0.1757197380065918,0.9269251227378845,forward,90.65809776617681,1
48,1.6016000000000001,93.46485137939453,,,,,,,,,,,,,,,,,,,,0.4441382586956024,0.5301627516746521,0.0012494763359427452,0.9998137354850769,0.4249328076839447,0.6288838982582092,-0.10017122328281403,0.907523512840271,0.4082741439342499,0.7282019257545471,-0.014217458665370941,0.9422092437744141,0.39179062843322754,0.7588114142417908,-0.184122696518898,0.9217265844345093,forward,94.26756717564645,1
49,1.6349666666666667,92.7267074584961,,,,,,,,,,,,,,,,,,,,0.44422003626823425,0.5305450558662415,0.0012163822539150715,0.9998102188110352,0.4251856207847595,0.6288585066795349,-0.12309449911117554,0.909386157989502,0.408278226852417,0.7282383441925049,-0.007097173947840929,0.9426413178443909,0.3919001817703247,0.7588126063346863,-0.21219268441200256,0.9224818348884583,forward,79.83949615745027,1
50,1.6683333333333334,92.27705001831055,,,,,,,,,,,,,,,,,,,,0.44431328773498535,0.5310097932815552,0.0005293787107802927,0.9998018145561218,0.4254276156425476,0.6288759708404541,-0.11992859840393066,0.9038454294204712,0.4082837998867035,0.7282470464706421,-0.02117866277694702,0.9376748204231262,0.39207300543785095,0.7589402794837952,-0.20817731320858002,0.9175451397895813,forward,85.20029558784141,1
51,1.7017,93.29581260681152,,,,,,,,,,,,,,,,,,,,0.4443216919898987,0.5321715474128723,0.0014705535722896457,0.9997943639755249,0.4256303012371063,0.6296723484992981,-0.11057472974061966,0.9042611122131348,0.4083157777786255,0.728161096572876,0.007078643888235092,0.9376233220100403,0.392241895198822,0.7593345642089844,-0.18909168243408203,0.9177653193473816,forward,81.90195904122075,1
52,1.7350666666666668,92.6201343536377,,,,,,,,,,,,,,,,,,,,0.44444993138313293,0.5339988470077515,0.0029178024269640446,0.9997919201850891,0.4261104166507721,0.6305906772613525,-0.10493370145559311,0.8992581367492676,0.4083528220653534,0.7276296615600586,0.024907968938350677,0.9350401759147644,0.39225059747695923,0.7594197392463684,-0.18592607975006104,0.9158504605293274,forward,79.5784202255716,1
53,1.7684333333333333,93.24884414672852,,,,,,,,,,,,,,,,,,,,0.4444795846939087,0.5364083051681519,0.0029890488367527723,0.9997920989990234,0.42702752351760864,0.6313539147377014,-0.1348448246717453,0.8962181806564331,0.4086797833442688,0.7272945046424866,0.017679888755083084,0.932426929473877,0.3926919102668762,0.7596548199653625,-0.19712448120117188,0.9142638444900513,forward,67.64232021264012,0
54,1.8018,91.85528755187988,,,,,,,,,,,,,,,,,,,,0.4445716440677643,0.5380872488021851,0.003447057446464896,0.9997935891151428,0.4285111427307129,0.631571352481842,-0.18624316155910492,0.8893935680389404,0.40877673029899597,0.727128267288208,-0.053507234901189804,0.9258660674095154,0.3927818536758423,0.7599160671234131,-0.26530003547668457,0.9108228087425232,forward,62.8769314155572,0
55,1.8351666666666666,91.12024307250977,,,,,,,,,,,,,,,,,,,,0.4446084797382355,0.5413929224014282,0.0029261193703860044,0.9997928738594055,0.42915022373199463,0.6322882771492004,-0.22954608500003815,0.8789451122283936,0.4087982177734375,0.7271604537963867,-0.09491851180791855,0.9148440957069397,0.3929542303085327,0.7603122591972351,-0.3021292984485626,0.9042496681213379,forward,57.40178408191088,0
56,1.8685333333333334,91.90988540649414,,,,,,,,,,,,,,,,,,,,0.4446250796318054,0.5436725616455078,0.0007416978478431702,0.9997933506965637,0.4294065833091736,0.6334472894668579,-0.21352435648441315,0.8766159415245056,0.40875083208084106,0.7272836565971375,-0.07983426004648209,0.9117273688316345,0.3929911255836487,0.7605454325675964,-0.2935602366924286,0.9040178060531616,forward,58.71035280351214,0
57,1.9019,90.96717834472656,,,,,,,,,,,,,,,,,,,,0.4446564316749573,0.544981837272644,-0.0005071001942269504,0.9997893571853638,0.42979371547698975,0.6339913606643677,-0.27500542998313904,0.8746498227119446,0.40811604261398315,0.7278240919113159,-0.1722199022769928,0.9076396226882935,0.3933449685573578,0.7609006762504578,-0.3930244743824005,0.9034266471862793,forward,61.307353994539824,0
58,1.9352666666666667,92.77892112731934,,,,,,,,,,,,,,,,,,,,0.44493767619132996,0.5475953221321106,-0.0005336186732165515,0.9997883439064026,0.4299161732196808,0.6348771452903748,-0.2757999300956726,0.8751956224441528,0.40800899267196655,0.727844774723053,-0.14219579100608826,0.9071019887924194,0.3933969736099243,0.7610095143318176,-0.3536679148674011,0.9048466682434082,forward,53.372639476337596,0
59,1.9686333333333335,92.5288200378418,,,,,,,,,,,,,,,,,,,,0.44558611512184143,0.5487484335899353,-0.0017942250706255436,0.9997841119766235,0.4300112724304199,0.6352491974830627,-0.31623268127441406,0.8801146149635315,0.4079548120498657,0.7283355593681335,-0.20176683366298676,0.9078890085220337,0.3934658169746399,0.760977029800415,-0.4100304841995239,0.9082967638969421,forward,55.48577669525212,0
60,2.0020000000000002,91.6433334350586,,,,,,,,,,,,,,,,,,,,0.4457990229129791,0.5501003861427307,-0.002331141382455826,0.999775767326355,0.4306302070617676,0.6359253525733948,-0.30751001834869385,0.8840709924697876,0.4079301953315735,0.7283490896224976,-0.19211113452911377,0.9067882299423218,0.39367952942848206,0.7609127163887024,-0.38755226135253906,0.9105713963508606,forward,55.424995884422486,0
61,2.0353666666666665,92.73505210876465,,,,,,,,,,,,,,,,,,,,0.44586822390556335,0.5516179800033569,-0.003773834090679884,0.9997737407684326,0.4326189160346985,0.6362113356590271,-0.31643861532211304,0.8882718086242676,0.40796008706092834,0.7287949919700623,-0.19846288859844208,0.9066013097763062,0.3941689729690552,0.7609246969223022,-0.38724109530448914,0.9123695492744446,forward,54.33161103004434,0
62,2.0687333333333333,91.59111976623535,,,,,,,,,,,,,,,,,,,,0.44591280817985535,0.5524882078170776,-0.006796473171561956,0.999779462814331,0.4368543326854706,0.6361811757087708,-0.32556864619255066,0.8958235383033752,0.407998263835907,0.7289317846298218,-0.1961934119462967,0.910486102104187,0.3942371904850006,0.76091468334198,-0.3759807348251343,0.9171316623687744,forward,51.48260741030414,0
63,2.1021,91.77613258361816,,,,,,,,,,,,,,,,,,,,0.44589537382125854,0.5535522103309631,-0.006712143309414387,0.9997889995574951,0.44156500697135925,0.6361549496650696,-0.3643852472305298,0.904217541217804,0.408020943403244,0.7289265394210815,-0.22683539986610413,0.9154919385910034,0.3941876292228699,0.7607937455177307,-0.40006381273269653,0.9228909611701965,forward,48.236203329083146,0
64,2.135466666666667,92.67997741699219,,,,,,,,,,,,,,,,,,,,0.4460856318473816,0.5541700720787048,-0.007144757080823183,0.9997988343238831,0.44502487778663635,0.6360848546028137,-0.36520132422447205,0.9124537110328674,0.40808629989624023,0.7286811470985413,-0.1991737335920334,0.9213991761207581,0.39412251114845276,0.7605308294296265,-0.38053882122039795,0.9287576079368591,forward,43.23563505008605,0
65,2.168833333333333,91.86196327209473,,,,,,,,,,,,,,,,,,,,0.4461587369441986,0.5557689666748047,-0.008331703022122383,0.9997997283935547,0.4479942321777344,0.6357020139694214,-0.389639288187027,0.9190531373023987,0.40828725695610046,0.7284016013145447,-0.23152615129947662,0.925536036491394,0.39411091804504395,0.7604066729545593,-0.39827680587768555,0.9331218004226685,forward,43.552162240789606,0
66,2.2022,92.60988235473633,,,,,,,,,,,,,,,,,,,,0.44617488980293274,0.558664083480835,-0.009109482169151306,0.999808669090271,0.44958239793777466,0.6356570720672607,-0.38959118723869324,0.9259836077690125,0.4084208905696869,0.7284017205238342,-0.22837191820144653,0.9307361245155334,0.3940627872943878,0.7603384256362915,-0.3885442316532135,0.9381088018417358,forward,42.708057511055706,0
67,2.2355666666666667,93.17612648010254,,,,,,,,,,,,,,,,,,,,0.4461783766746521,0.5602996349334717,-0.008691319264471531,0.999817967414856,0.450088769197464,0.6356194019317627,-0.37444251775741577,0.9323630928993225,0.4085792601108551,0.7283443212509155,-0.2306368499994278,0.9356253147125244,0.3938950002193451,0.7603170871734619,-0.38285666704177856,0.9428431391716003,forward,45.879425398777165,0
68,2.2689333333333335,93.08505058288574,,,,,,,,,,,,,,,,,,,,0.44622042775154114,0.5627648830413818,-0.00854217167943716,0.9998276829719543,0.4502449929714203,0.6357249021530151,-0.38061660528182983,0.9377586245536804,0.40866973996162415,0.7283192276954651,-0.2256634384393692,0.9393020868301392,0.39376533031463623,0.7602652907371521,-0.37842708826065063,0.9466259479522705,forward,43.36165003450405,0
69,2.3023000000000002,92.96703338623047,,,,,,,,,,,,,,,,,,,,0.4462064206600189,0.5642050504684448,-0.008533655665814877,0.9998388290405273,0.450151652097702,0.6359195709228516,-0.38698452711105347,0.9422277808189392,0.40875008702278137,0.7283351421356201,-0.21986699104309082,0.9418206214904785,0.39375776052474976,0.7602483034133911,-0.3726556599140167,0.949553906917572,forward,41.03039363508782,0
70,2.3356666666666666,92.58818626403809,,,,,,,,,,,,,,,,,,,,0.44620928168296814,0.5656274557113647,-0.008533956483006477,0.9998491406440735,0.44969916343688965,0.6369119882583618,-0.39356720447540283,0.9459667801856995,0.4087652862071991,0.7283656597137451,-0.2240431010723114,0.9428435564041138,0.3936484456062317,0.7602226138114929,-0.3709329664707184,0.9515613317489624,forward,40.20258258493639,0
71,2.3690333333333333,91.49718284606934,,,,,,,,,,,,,,,,,,,,0.4461641013622284,0.5670864582061768,-0.007980930618941784,0.9998587369918823,0.4494152367115021,0.6375026106834412,-0.393981397151947,0.9493486881256104,0.40885525941848755,0.7283449172973633,-0.21311338245868683,0.9441121220588684,0.39360612630844116,0.7601996064186096,-0.34023532271385193,0.9531551599502563,forward,38.31660982952097,0
72,2.4024,91.71581268310547,,,,,,,,,,,,,,,,,,,,0.44615328311920166,0.5680103302001953,-0.00790140125900507,0.9998648762702942,0.4491741359233856,0.6380770802497864,-0.3987153172492981,0.9520761370658875,0.4088854193687439,0.7283668518066406,-0.2042798548936844,0.944500744342804,0.39349427819252014,0.760182797908783,-0.3318219482898712,0.9539589881896973,forward,36.31994470133714,0
73,2.435766666666667,92.33808517456055,,,,,,,,,,,,,,,,,,,,0.44612014293670654,0.5696917176246643,-0.007877234369516373,0.9998701810836792,0.4490000307559967,0.6387044787406921,-0.4064795672893524,0.9549365639686584,0.4089108109474182,0.7283135056495667,-0.20300765335559845,0.9456535577774048,0.3933773934841156,0.7603070735931396,-0.3329733610153198,0.9550373554229736,forward,34.81224870978714,0
74,2.469133333333333,92.10705757141113,,,,,,,,,,,,,,,,,,,,0.4461049735546112,0.5714883208274841,-0.00786671880632639,0.999875545501709,0.4489209055900574,0.6399024724960327,-0.4069349467754364,0.9574612975120544,0.4089067578315735,0.7284983396530151,-0.20148521661758423,0.9469289183616638,0.39267653226852417,0.7606648206710815,-0.3306925594806671,0.9560349583625793,forward,34.283485720331605,0
75,2.5025,92.46373176574707,,,,,,,,,,,,,,,,,,,,0.4460583031177521,0.5734158754348755,-0.007646456360816956,0.9998806715011597,0.4483695924282074,0.6408501863479614,-0.4133043885231018,0.9602611064910889,0.4091256260871887,0.7287542819976807,-0.2082168608903885,0.9486902356147766,0.3926994502544403,0.7609936594963074,-0.3313063085079193,0.9575799107551575,forward,33.86878446027794,0
76,2.5358666666666667,93.49393844604492,,,,,,,,,,,,,,,,,,,,0.44601941108703613,0.5741737484931946,-0.0074706352315843105,0.9998857378959656,0.4473791718482971,0.6420928835868835,-0.40761876106262207,0.9630925059318542,0.4091355800628662,0.7292402386665344,-0.20601879060268402,0.9510833621025085,0.3926105201244354,0.7611523270606995,-0.33369845151901245,0.9595273733139038,forward,34.238322405505464,0
77,2.5692333333333335,93.04118156433105,,,,,,,,,,,,,,,,,,,,0.4459661543369293,0.5744005441665649,-0.007468086667358875,0.9998881220817566,0.44696807861328125,0.6418517827987671,-0.4135861098766327,0.9651562571525574,0.40915021300315857,0.7293050289154053,-0.21856512129306793,0.9521228671073914,0.3925541341304779,0.761361300945282,-0.34686920046806335,0.9602984189987183,forward,34.83856402327478,0
78,2.6026000000000002,93.05787086486816,,,,,,,,,,,,,,,,,,,,0.44593584537506104,0.5738323330879211,-0.0067043728195130825,0.9998897314071655,0.44649213552474976,0.6419409513473511,-0.4089805483818054,0.9673518538475037,0.4091586470603943,0.7293936014175415,-0.21442225575447083,0.953677237033844,0.3925241529941559,0.7614663243293762,-0.3453952372074127,0.9615722298622131,forward,35.05001097675476,0
79,2.6359666666666666,93.16611289978027,,,,,,,,,,,,,,,,,,,,0.445724219083786,0.5736483335494995,-0.005921471863985062,0.9998908638954163,0.4461025297641754,0.6421571969985962,-0.4079994559288025,0.9689875841140747,0.4091911315917969,0.7294630408287048,-0.20810630917549133,0.9545688033103943,0.3924821615219116,0.7615918517112732,-0.3447660803794861,0.9624190926551819,forward,34.45298231508094,0
80,2.6693333333333333,93.43314170837402,,,,,,,,,,,,,,,,,,,,0.4455384314060211,0.5736382007598877,-0.005067556630820036,0.9998899698257446,0.4458601772785187,0.6424589157104492,-0.4050922989845276,0.9701470732688904,0.40941882133483887,0.7294699549674988,-0.1976291984319687,0.9547805786132812,0.3923599421977997,0.7616526484489441,-0.3409733772277832,0.9627780914306641,forward,33.64082439643221,0
81,2.7027,92.73195266723633,,,,,,,,,,,,,,,,,,,,0.44526535272598267,0.5733947157859802,-0.004879208281636238,0.9998884797096252,0.44573691487312317,0.6424578428268433,-0.40612784028053284,0.9719139337539673,0.4095633327960968,0.7294703125953674,-0.21366801857948303,0.9562270641326904,0.39223212003707886,0.761689305305481,-0.3633134365081787,0.964197039604187,forward,35.27115726717007,0
82,2.736066666666667,92.59605407714844,,,,,,,,,,,,,,,,,,,,0.44459736347198486,0.5732719898223877,-0.005402942653745413,0.9998867511749268,0.4456840455532074,0.6423824429512024,-0.4105774164199829,0.9735667705535889,0.4096057116985321,0.7294724583625793,-0.22434751689434052,0.9576592445373535,0.392098605632782,0.76169353723526,-0.3768436908721924,0.9655407667160034,forward,35.92314982980003,0
83,2.769433333333333,93.1849479675293,,,,,,,,,,,,,,,,,,,,0.44404837489128113,0.5718376040458679,-0.005620602983981371,0.9998787641525269,0.4456687569618225,0.6421461701393127,-0.4127013385295868,0.9750761985778809,0.4096422791481018,0.7294668555259705,-0.23721788823604584,0.9593386054039001,0.3919559419155121,0.7616930603981018,-0.397586852312088,0.9670030474662781,forward,37.45606570046272,0
84,2.8028,94.33507919311523,,,,,,,,,,,,,,,,,,,,0.44351235032081604,0.5696302056312561,-0.005621214862912893,0.9998727440834045,0.4455413520336151,0.6418064832687378,-0.410453736782074,0.9762699007987976,0.40960362553596497,0.7294474244117737,-0.23199252784252167,0.9605494737625122,0.39188385009765625,0.7616548538208008,-0.3847278654575348,0.9680867791175842,forward,37.40999073417404,0
85,2.8361666666666667,91.92204475402832,,,,,,,,,,,,,,,,,,,,0.44349536299705505,0.5668212175369263,-0.006221790798008442,0.9998654723167419,0.44551345705986023,0.640536904335022,-0.40918993949890137,0.9775299429893494,0.40960952639579773,0.729246199131012,-0.2286200076341629,0.961775004863739,0.39184850454330444,0.7615413665771484,-0.38377392292022705,0.9691692590713501,forward,37.63657936962011,0
86,2.8695333333333335,92.07487106323242,,,,,,,,,,,,,,,,,,,,0.4434542655944824,0.5633291602134705,-0.006569576915353537,0.9998579621315002,0.44523361325263977,0.6391137838363647,-0.41533759236335754,0.9786692261695862,0.40952983498573303,0.7291851043701172,-0.2364807277917862,0.9631913900375366,0.391931414604187,0.7616854906082153,-0.41126492619514465,0.9701545834541321,forward,38.31933751786656,0
87,2.9029000000000003,93.4898853302002,,,,,,,,,,,,,,,,,,,,0.44344383478164673,0.561363160610199,-0.006978930905461311,0.9998467564582825,0.4450252652168274,0.6375635266304016,-0.42469924688339233,0.9787372350692749,0.4092262387275696,0.7291886806488037,-0.26876288652420044,0.9624440670013428,0.3922109603881836,0.7616862654685974,-0.45508119463920593,0.9694400429725647,forward,41.963051250118,0
88,2.9362666666666666,92.31090545654297,,,,,,,,,,,,,,,,,,,,0.44344380497932434,0.5592027902603149,-0.006687983404844999,0.9998294115066528,0.44441187381744385,0.6364198923110962,-0.4225234091281891,0.9716851711273193,0.408968448638916,0.7289757132530212,-0.2791174650192261,0.9509551525115967,0.3926185071468353,0.7608925700187683,-0.47121483087539673,0.9607760310173035,forward,44.573369745121816,0
89,2.9696333333333333,92.09275245666504,,,,,,,,,,,,,,,,,,,,0.44335731863975525,0.5569721460342407,-0.006694118492305279,0.9998173117637634,0.4425969123840332,0.634735107421875,-0.42761722207069397,0.9672942757606506,0.40874072909355164,0.7286468148231506,-0.28076478838920593,0.94336998462677,0.3926210105419159,0.7605327367782593,-0.47456997632980347,0.955216109752655,forward,44.20679588379508,0
90,3.003,92.35692024230957,,,,,,,,,,,,,,,,,,,,0.4432904124259949,0.5550612211227417,-0.006979894824326038,0.9998070597648621,0.44030869007110596,0.6331316828727722,-0.43452316522598267,0.9652225375175476,0.40854501724243164,0.7285733819007874,-0.2872787117958069,0.9402682781219482,0.39265039563179016,0.7605022192001343,-0.49214091897010803,0.9524879455566406,forward,44.364470755090366,0
91,3.036366666666667,93.59312057495117,,,,,,,,,,,,,,,,,,,,0.4430544972419739,0.552977442741394,-0.005910136271268129,0.9998026490211487,0.4372836649417877,0.6327763795852661,-0.42910489439964294,0.964327871799469,0.40845295786857605,0.728132426738739,-0.28221070766448975,0.9398198127746582,0.3926929235458374,0.7605025172233582,-0.4959084391593933,0.9521195292472839,forward,44.64249571658577,0
92,3.069733333333333,92.94891357421875,,,,,,,,,,,,,,,,,,,,0.4428684115409851,0.549390435218811,-0.003670322010293603,0.9998023509979248,0.4343138635158539,0.6318913698196411,-0.41092124581336975,0.9636120200157166,0.40822792053222656,0.7280460000038147,-0.2752170264720917,0.9392650127410889,0.3927222788333893,0.7605068683624268,-0.4902598559856415,0.9515742063522339,forward,47.67772592311267,0
93,3.1031,93.02401542663574,,,,,,,,,,,,,,,,,,,,0.44269272685050964,0.5470768809318542,-0.0017884219996631145,0.9998067617416382,0.43031933903694153,0.6322052478790283,-0.347377747297287,0.9621960520744324,0.40793678164482117,0.7280482053756714,-0.19824254512786865,0.9388585686683655,0.3927218019962311,0.7603586316108704,-0.41940176486968994,0.9504832029342651,forward,47.363153290589885,0
94,3.1364666666666667,92.42606163024902,,,,,,,,,,,,,,,,,,,,0.44206157326698303,0.5451392531394958,0.0008795505273155868,0.9998157024383545,0.42759013175964355,0.6319647431373596,-0.32226261496543884,0.961901843547821,0.40768977999687195,0.7281389236450195,-0.1993279606103897,0.9404917359352112,0.39275142550468445,0.7602747678756714,-0.4161827564239502,0.951382577419281,forward,53.84982150463248,0
95,3.1698333333333335,91.71104431152344,,,,,,,,,,,,,,,,,,,,0.44114500284194946,0.5424099564552307,0.0024747364223003387,0.9998234510421753,0.4247966706752777,0.631830632686615,-0.29670432209968567,0.9618174433708191,0.4075709879398346,0.728208601474762,-0.1563517302274704,0.9424869418144226,0.3929213881492615,0.7602537274360657,-0.3756953477859497,0.9526707530021667,forward,51.799162195552,1
96,3.2032000000000003,92.56315231323242,,,,,,,,,,,,,,,,,,,,0.44073551893234253,0.5403357148170471,0.0034879755694419146,0.9998300671577454,0.42201513051986694,0.6319553852081299,-0.1756989061832428,0.957663893699646,0.407405823469162,0.7282103896141052,-0.029958575963974,0.9427677392959595,0.3930772840976715,0.7602567672729492,-0.2384200245141983,0.9515225887298584,forward,61.28073324673508,1
97,3.2365666666666666,92.06485748291016,,,,,,,,,,,,,,,,,,,,0.4401246905326843,0.5389917492866516,0.004829738289117813,0.9998372197151184,0.41966724395751953,0.6320512294769287,-0.11154307425022125,0.9566358327865601,0.4073059856891632,0.7282125949859619,0.04432171583175659,0.945323646068573,0.3930976092815399,0.7604105472564697,-0.15931960940361023,0.9525070190429688,forward,71.11278998866541,1
98,3.2699333333333334,91.79091453552246,,,,,,,,,,,,,,,,,,,,0.4391535520553589,0.5367854237556458,0.004478135146200657,0.9998447895050049,0.417361855506897,0.6315451264381409,-0.13997982442378998,0.9570062756538391,0.40696120262145996,0.7282214760780334,0.016697123646736145,0.9483245015144348,0.3931550681591034,0.7605972290039062,-0.19195027649402618,0.9542791843414307,forward,65.63733134704276,1
99,3.3033,91.32122993469238,,,,,,,,,,,,,,,,,,,,0.4383421540260315,0.5354089736938477,0.0058984835632145405,0.9998520016670227,0.41584980487823486,0.631342351436615,-0.06791934370994568,0.9580499529838562,0.4068395495414734,0.7277885675430298,0.1102476418018341,0.9516597986221313,0.3931604027748108,0.7606328129768372,-0.09268821775913239,0.9563533663749695,forward,81.4853518144805,1
100,3.336666666666667,92.2849178314209,,,,,,,,,,,,,,,,,,,,0.43763893842697144,0.5350162386894226,0.007803909946233034,0.9998597502708435,0.41504570841789246,0.6314137578010559,-0.023922016844153404,0.9604960680007935,0.4067665934562683,0.7276792526245117,0.1805524379014969,0.9554886221885681,0.3929470479488373,0.76077800989151,-0.027695873752236366,0.9592569470405579,forward,97.28037850302026,1
101,3.370033333333333,91.70937538146973,,,,,,,,,,,,,,,,,,,,0.43687576055526733,0.533672571182251,0.009125206619501114,0.9998679161071777,0.41525331139564514,0.6314245462417603,-0.01584557630121708,0.9628312587738037,0.40676572918891907,0.7272036671638489,0.1883123517036438,0.9590321779251099,0.39288222789764404,0.7608597874641418,-0.022674350067973137,0.9619832634925842,forward,101.01296190757824,1
102,3.4034,92.78392791748047,,,,,,,,,,,,,,,,,,,,0.43603765964508057,0.5329412817955017,0.009110412560403347,0.9998751282691956,0.41538023948669434,0.6312586665153503,-0.021948672831058502,0.9644408226013184,0.406797856092453,0.7271767258644104,0.16262727975845337,0.9618616700172424,0.3929060995578766,0.760891854763031,-0.03632207587361336,0.9639387726783752,forward,100.19516072072692,1
103,3.4367666666666667,93.14608573913574,,,,,,,,,,,,,,,,,,,,0.4350457787513733,0.5322710275650024,0.008802914060652256,0.9998813271522522,0.4152994751930237,0.6310647130012512,-0.018950287252664566,0.9654846787452698,0.40675443410873413,0.7271825671195984,0.16691960394382477,0.9642108082771301,0.39291152358055115,0.7608938813209534,-0.02881101332604885,0.9654179215431213,forward,101.88202533102378,1
104,3.4701333333333335,92.74482727050781,,,,,,,,,,,,,,,,,,,,0.4342789649963379,0.5317655205726624,0.00849239807575941,0.999886155128479,0.4150295853614807,0.630692183971405,-0.019636794924736023,0.9666749238967896,0.4066937565803528,0.7271832823753357,0.14550338685512543,0.9662233591079712,0.3928714394569397,0.7608126401901245,-0.04002701863646507,0.9666230082511902,forward,104.63360127707836,1
105,3.5035000000000003,91.9790267944336,,,,,,,,,,,,,,,,,,,,0.4339984357357025,0.5316731333732605,0.007056484464555979,0.9998880624771118,0.41490721702575684,0.6305118203163147,-0.01645383983850479,0.9644648432731628,0.4066944420337677,0.7271690964698792,0.10938310623168945,0.9657463431358337,0.3926674425601959,0.7609546184539795,-0.049617476761341095,0.9647395014762878,forward,114.27221932596554,1
106,3.5368666666666666,93.16515922546387,,,,,,,,,,,,,,,,,,,,0.43360111117362976,0.5316912531852722,0.006708713714033365,0.9998899102210999,0.41504472494125366,0.6304941177368164,-0.016181042417883873,0.9612657427787781,0.4067107141017914,0.7271909117698669,0.10367350280284882,0.964698076248169,0.3926498293876648,0.7612230777740479,-0.05022280290722847,0.9623390436172485,forward,115.97842641392624,1
107,3.5702333333333334,93.43314170837402,,,,,,,,,,,,,,,,,,,,0.4333014488220215,0.5317378640174866,0.006364847999066114,0.9998916983604431,0.41521358489990234,0.6305003762245178,-0.008183577097952366,0.9608079791069031,0.40677928924560547,0.7272918820381165,0.13391880691051483,0.9655183553695679,0.39274078607559204,0.7612965703010559,-0.03994028642773628,0.962264358997345,forward,115.95861524236135,1
108,3.6036,93.15204620361328,,,,,,,,,,,,,,,,,,,,0.4330521523952484,0.5316649675369263,0.006291757803410292,0.9998945593833923,0.4153386950492859,0.6305119395256042,0.003322240198031068,0.9610778093338013,0.4070312976837158,0.7273011803627014,0.16132251918315887,0.9669122099876404,0.39272478222846985,0.7612977623939514,-0.020144011825323105,0.9630136489868164,forward,119.74588843884828,1
109,3.636966666666667,93.07503700256348,,,,,,,,,,,,,,,,,,,,0.43282830715179443,0.5318449139595032,0.006242215633392334,0.9998975396156311,0.4154201149940491,0.6305214166641235,0.002927337307482958,0.960116982460022,0.40732741355895996,0.7273856401443481,0.1336517333984375,0.9670484066009521,0.3927254378795624,0.7613237500190735,-0.031399548053741455,0.9625495076179504,forward,124.56542030369198,1
110,3.6703333333333332,92.65613555908203,,,,,,,,,,,,,,,,,,,,0.432807594537735,0.5318009257316589,0.00620528357103467,0.9998989105224609,0.415481835603714,0.6305273175239563,0.00063581537688151,0.9580937027931213,0.40757837891578674,0.7274832129478455,0.12490402162075043,0.9664306044578552,0.3926503658294678,0.7613512873649597,-0.03694754093885422,0.9609991908073425,forward,124.69052185686365,1
111,3.7037,92.67282485961914,,,,,,,,,,,,,,,,,,,,0.4328199326992035,0.5316740274429321,0.006366603076457977,0.9999011158943176,0.41558945178985596,0.6305345296859741,0.002275219652801752,0.959152102470398,0.4077816903591156,0.7274888157844543,0.14812146127223969,0.9678977727890015,0.39264243841171265,0.7613531947135925,-0.024936454370617867,0.9621887803077698,forward,121.20764304704326,1
112,3.7370666666666668,93.48082542419434,,,,,,,,,,,,,,,,,,,,0.43283289670944214,0.531695544719696,0.006747642997652292,0.9999027848243713,0.4159224033355713,0.630546510219574,0.009110839106142521,0.9600428938865662,0.40797996520996094,0.7275018095970154,0.18267185986042023,0.9693166017532349,0.3926585018634796,0.7612940073013306,-0.00472837220877409,0.9633638858795166,forward,120.49532108328425,1
113,3.7704333333333335,93.08171272277832,,,,,,,,,,,,,,,,,,,,0.4328470826148987,0.53166264295578,0.006362341344356537,0.9999028444290161,0.41637587547302246,0.6305398344993591,0.008000367321074009,0.960303544998169,0.40803608298301697,0.727540135383606,0.16177520155906677,0.970260500907898,0.3926849663257599,0.7612062692642212,-0.02042148821055889,0.9639303684234619,forward,123.15985650453092,1
114,3.8038,93.25695037841797,,,,,,,,,,,,,,,,,,,,0.43287113308906555,0.5316771268844604,0.006276351865381002,0.9999030828475952,0.4166596829891205,0.6305440068244934,0.006049952004104853,0.960638701915741,0.4080699384212494,0.7275775074958801,0.1514575183391571,0.9711320996284485,0.3927071988582611,0.7611480951309204,-0.02820625714957714,0.9645192623138428,forward,123.58437436473801,1
115,3.8371666666666666,94.18487548828125,,,,,,,,,,,,,,,,,,,,0.432987242937088,0.5316855907440186,0.006139430683106184,0.999903678894043,0.4167701303958893,0.6305318474769592,0.007512683514505625,0.9607999920845032,0.4080825746059418,0.7276244759559631,0.14674188196659088,0.9718912839889526,0.39274027943611145,0.7610732913017273,-0.03216620534658432,0.965025782585144,forward,125.67410138051802,1
116,3.8705333333333334,92.57102012634277,,,,,,,,,,,,,,,,,,,,0.43313297629356384,0.5317090749740601,0.005983728915452957,0.9999040961265564,0.41707882285118103,0.6304700374603271,0.008391542360186577,0.9601655006408691,0.4081214368343353,0.7276296615600586,0.14466482400894165,0.9721260070800781,0.39286160469055176,0.7609078288078308,-0.03426910191774368,0.9650341868400574,forward,126.88129825932484,1
117,3.9039,92.6351547241211,,,,,,,,,,,,,,,,,,,,0.4332561492919922,0.5317918658256531,0.005960211623460054,0.999904215335846,0.4173388183116913,0.6304689049720764,0.010884245857596397,0.9604742527008057,0.40815263986587524,0.7276351451873779,0.16899839043617249,0.9727970361709595,0.3929364085197449,0.7607821822166443,-0.020913152024149895,0.9654452204704285,forward,124.42762809694558,1
118,3.937266666666667,92.81611442565918,,,,,,,,,,,,,,,,,,,,0.4335258901119232,0.5319100618362427,0.005227616522461176,0.9999024271965027,0.41760367155075073,0.6304699182510376,0.009914522059261799,0.9604606628417969,0.4081675112247467,0.7276278138160706,0.1607583910226822,0.9731673002243042,0.39303842186927795,0.760637640953064,-0.024797243997454643,0.9655033946037292,forward,125.51910243855548,1
119,3.9706333333333332,91.67599678039551,,,,,,,,,,,,,,,,,,,,0.4338657855987549,0.5319470167160034,0.005162345245480537,0.9998993277549744,0.4178026616573334,0.6305007934570312,0.008196748793125153,0.9600910544395447,0.4081907570362091,0.7276195883750916,0.15104006230831146,0.9733911156654358,0.393144428730011,0.7605140209197998,-0.030860956758260727,0.965442955493927,forward,126.00316346288845,1
120,4.0040000000000004,92.27395057678223,,,,,,,,,,,,,,,,,,,,0.4342574179172516,0.5319957137107849,0.005015139002352953,0.9998960494995117,0.41784244775772095,0.630517840385437,0.007614903151988983,0.9601836204528809,0.4082019329071045,0.7276095747947693,0.1445818543434143,0.97376549243927,0.3931790590286255,0.7604895830154419,-0.03607577085494995,0.9655752182006836,forward,126.86455336376916,1
121,4.037366666666666,91.82000160217285,,,,,,,,,,,,,,,,,,,,0.4348592460155487,0.5320440530776978,0.005016562063246965,0.9998940825462341,0.4178750813007355,0.6305869221687317,0.002278920728713274,0.9599267840385437,0.4082421064376831,0.7276191115379333,0.1368284970521927,0.9738737344741821,0.39317786693573,0.7604883313179016,-0.04350252076983452,0.9655287861824036,forward,124.25830730886321,1
122,4.070733333333333,92.4830436706543,,,,,,,,,,,,,,,,,,,,0.43530330061912537,0.5321117043495178,0.005021227989345789,0.9998918175697327,0.4180893898010254,0.6306849122047424,-0.002828000346198678,0.9600347280502319,0.4082914888858795,0.7276198267936707,0.13855861127376556,0.9741655588150024,0.3931536078453064,0.7605125308036804,-0.043428968638181686,0.965746283531189,forward,119.98795425874484,1
123,4.1041,93.48893165588379,,,,,,,,,,,,,,,,,,,,0.43603986501693726,0.5322452783584595,0.005011855624616146,0.9998873472213745,0.41882190108299255,0.6308389902114868,-0.006710819434374571,0.9602540731430054,0.40832725167274475,0.7276188731193542,0.15283320844173431,0.9744386076927185,0.3930920660495758,0.7605448961257935,-0.03305962309241295,0.9658403992652893,forward,114.64081290939572,1
124,4.137466666666667,91.91489219665527,,,,,,,,,,,,,,,,,,,,0.43676048517227173,0.532642662525177,0.004421662539243698,0.9998820424079895,0.4197031557559967,0.6309686899185181,-0.01603451743721962,0.9595640897750854,0.40833473205566406,0.727620005607605,0.151615172624588,0.974214494228363,0.3930709958076477,0.7606145739555359,-0.035816293209791183,0.9655075669288635,forward,108.50578534609681,1
125,4.170833333333333,92.66495704650879,,,,,,,,,,,,,,,,,,,,0.437686949968338,0.5335842370986938,0.0031518531031906605,0.9998731017112732,0.4208686053752899,0.6315962672233582,-0.020888281986117363,0.9586842656135559,0.40834295749664307,0.7276889681816101,0.1430034190416336,0.9738392233848572,0.3930710256099701,0.7608478665351868,-0.03928641974925995,0.964820921421051,forward,106.98063069089467,1
126,4.2042,92.86308288574219,,,,,,,,,,,,,,,,,,,,0.4386757016181946,0.5344058275222778,0.0026079833041876554,0.9998664855957031,0.42163148522377014,0.6319702863693237,-0.028376808390021324,0.9553905725479126,0.4084337651729584,0.727722704410553,0.11903515458106995,0.972231388092041,0.3930978775024414,0.7610281705856323,-0.0546913743019104,0.9626114368438721,forward,105.86056097733113,1
127,4.237566666666667,140.06996154785156,,,,,,,,,,,,,,,,,,,,0.44016531109809875,0.535295307636261,0.0015403555007651448,0.9998557567596436,0.42245638370513916,0.6322162747383118,-0.06153450161218643,0.9528843760490417,0.40850281715393066,0.7277864813804626,0.11249334365129471,0.9705396294593811,0.3931182622909546,0.761059045791626,-0.07572789490222931,0.9602946043014526,forward,86.38790721840277,1
128,4.270933333333334,93.35994720458984,,,,,,,,,,,,,,,,,,,,0.44115856289863586,0.5369090437889099,-0.0001258324336959049,0.9998494982719421,0.42256417870521545,0.6329391002655029,-0.06802919507026672,0.9538052678108215,0.4085119366645813,0.7278092503547668,0.11554607003927231,0.9711305499076843,0.3931818902492523,0.7610505223274231,-0.07368049025535583,0.9606837630271912,forward,82.79364003846129,1
129,4.3043000000000005,91.9489860534668,,,,,,,,,,,,,,,,,,,,0.44141316413879395,0.5390094518661499,-0.0006653366144746542,0.9998469948768616,0.42256081104278564,0.6333511471748352,-0.07787790149450302,0.9546620845794678,0.4084374010562897,0.7277829051017761,0.11689406633377075,0.9714893102645874,0.39330586791038513,0.76104736328125,-0.07354048639535904,0.9611155390739441,forward,77.3418684765402,1
130,4.337666666666666,92.28301048278809,,,,,,,,,,,,,,,,,,,,0.4414544701576233,0.5403531789779663,-0.0006943032494746149,0.9998422861099243,0.42195776104927063,0.6335917711257935,-0.12027518451213837,0.9533782005310059,0.4083954095840454,0.7277857661247253,0.08671559393405914,0.9699293971061707,0.393308162689209,0.7610839605331421,-0.10522791743278503,0.9591501951217651,forward,63.19760789228596,1
131,4.371033333333333,92.69499778747559,,,,,,,,,,,,,,,,,,,,0.4419364631175995,0.5416247844696045,-0.001406140043400228,0.9998367428779602,0.42051079869270325,0.6341017484664917,-0.1642972230911255,0.9526348114013672,0.4084630608558655,0.7277023196220398,0.06635458022356033,0.9688636064529419,0.39336857199668884,0.7610524892807007,-0.1291082501411438,0.9574742317199707,forward,52.41584118495553,1
132,4.4044,92.44394302368164,,,,,,,,,,,,,,,,,,,,0.4428803324699402,0.543427586555481,-0.0006256811320781708,0.9998310208320618,0.41924425959587097,0.6351118087768555,-0.1842523217201233,0.9509999752044678,0.4082801342010498,0.7277814149856567,0.030318627133965492,0.96720951795578,0.39333391189575195,0.7610265612602234,-0.17445233464241028,0.9553593397140503,forward,50.65837151966438,1
133,4.437766666666667,91.93301200866699,,,,,,,,,,,,,,,,,,,,0.4435109794139862,0.5461322665214539,-0.0005755064776167274,0.9998210072517395,0.41819626092910767,0.6360578536987305,-0.25372520089149475,0.9493056535720825,0.40795549750328064,0.7277638912200928,-0.026937805116176605,0.9641255736351013,0.39333483576774597,0.7610270380973816,-0.23901771008968353,0.951938807964325,forward,42.24883222552358,1
134,4.471133333333333,92.61417388916016,,,,,,,,,,,,,,,,,,,,0.44388073682785034,0.548089861869812,0.0004889766569249332,0.9998149871826172,0.41823717951774597,0.6365326642990112,-0.3055281639099121,0.9487981796264648,0.40701189637184143,0.7277628779411316,-0.09305081516504288,0.9614461660385132,0.39301374554634094,0.7609407901763916,-0.30336883664131165,0.9500678181648254,forward,40.01110731337028,1
135,4.5045,93.18900108337402,,,,,,,,,,,,,,,,,,,,0.44399476051330566,0.5507326722145081,0.0007182227564044297,0.9998166561126709,0.4197864532470703,0.6365845203399658,-0.33079013228416443,0.9478914141654968,0.4068601429462433,0.7278599143028259,-0.1451435089111328,0.9593486189842224,0.3929978311061859,0.761034369468689,-0.3538004755973816,0.9493159055709839,forward,41.37760867173151,1
136,4.537866666666667,93.87969970703125,,,,,,,,,,,,,,,,,,,,0.4442216753959656,0.553064227104187,0.000881111016497016,0.9998209476470947,0.42266926169395447,0.6372955441474915,-0.3211140036582947,0.9476747512817383,0.40685003995895386,0.727920651435852,-0.11867739260196686,0.9578683972358704,0.39299440383911133,0.7611019015312195,-0.3200785219669342,0.9490474462509155,forward,39.52031386539243,1
137,4.571233333333334,94.09904479980469,,,,,,,,,,,,,,,,,,,,0.4446480870246887,0.5557244420051575,0.0009529780363664031,0.9998197555541992,0.42700257897377014,0.6379106044769287,-0.3312949240207672,0.9464264512062073,0.4069407880306244,0.728083610534668,-0.13137342035770416,0.9557264447212219,0.3930923342704773,0.7613354325294495,-0.3356929123401642,0.948112428188324,forward,38.99795015016324,0
138,4.6046000000000005,92.25702285766602,,,,,,,,,,,,,,,,,,,,0.44489556550979614,0.5577789545059204,0.000730819592718035,0.9998128414154053,0.4305324852466583,0.6388253569602966,-0.3427458703517914,0.9437415599822998,0.4069507420063019,0.7280463576316833,-0.12165332585573196,0.9525222182273865,0.39311590790748596,0.7613595128059387,-0.3196377754211426,0.9459058046340942,forward,36.10178758035335,0
139,4.637966666666666,91.98904037475586,,,,,,,,,,,,,,,,,,,,0.44493454694747925,0.5603557229042053,0.00043911905959248543,0.9998066425323486,0.4335220158100128,0.6391988396644592,-0.3610592484474182,0.9411125779151917,0.4069564640522003,0.7280893325805664,-0.15007098019123077,0.9491565823554993,0.39336201548576355,0.7614293694496155,-0.3505646288394928,0.9439062476158142,forward,36.07340108723046,0
140,4.671333333333333,91.54391288757324,,,,,,,,,,,,,,,,,,,,0.4450693428516388,0.5628452897071838,0.0004427294188644737,0.9997982382774353,0.43517035245895386,0.6394311785697937,-0.36781150102615356,0.9358382821083069,0.40713411569595337,0.7280939817428589,-0.16489200294017792,0.9429179430007935,0.39346086978912354,0.7614984512329102,-0.3584039807319641,0.9401702880859375,forward,36.33338730598479,0
141,4.7047,91.42589569091797,,,,,,,,,,,,,,,,,,,,0.4452706575393677,0.5646952390670776,2.001553548325319e-05,0.9997930526733398,0.43582093715667725,0.6395886540412903,-0.3923441171646118,0.9309481978416443,0.4072580337524414,0.7281906008720398,-0.19481918215751648,0.9369938969612122,0.3937707841396332,0.7615797519683838,-0.3881149888038635,0.9363061189651489,forward,35.988560794391944,0
142,4.738066666666667,91.47000312805176,,,,,,,,,,,,,,,,,,,,0.4452677071094513,0.565841555595398,2.936228338512592e-05,0.9997902512550354,0.4361739158630371,0.640293300151825,-0.39083561301231384,0.9269657135009766,0.4072912931442261,0.7283279299736023,-0.18695230782032013,0.9313162565231323,0.3937890827655792,0.761918842792511,-0.37511497735977173,0.9328567385673523,forward,35.15389781314352,0
143,4.771433333333333,94.38395500183105,,,,,,,,,,,,,,,,,,,,0.4453181326389313,0.5670573711395264,2.854952253983356e-05,0.9997914433479309,0.4360300600528717,0.6406031250953674,-0.40081751346588135,0.9227052330970764,0.40726301074028015,0.7283703684806824,-0.18620194494724274,0.9259061217308044,0.3936190903186798,0.762090802192688,-0.37423405051231384,0.9286698698997498,forward,33.627371265260756,0
144,4.8048,92.3922061920166,,,,,,,,,,,,,,,,,,,,0.44540420174598694,0.5687257647514343,5.9064845117973164e-05,0.9997959733009338,0.43597331643104553,0.6408455967903137,-0.40759924054145813,0.9191489815711975,0.40722861886024475,0.7287298440933228,-0.19902706146240234,0.9206366539001465,0.39366278052330017,0.762090802192688,-0.39070096611976624,0.9239447712898254,forward,33.8991524290746,0
145,4.838166666666667,92.99921989440918,,,,,,,,,,,,,,,,,,,,0.4455292820930481,0.5700016617774963,0.00026265651104040444,0.9997992515563965,0.4357680380344391,0.6419515609741211,-0.39568841457366943,0.9152127504348755,0.407231867313385,0.7288835048675537,-0.17686034739017487,0.9168819189071655,0.39343467354774475,0.7621335387229919,-0.36735427379608154,0.9193295240402222,forward,32.960752385400966,0
146,4.871533333333334,92.45610237121582,,,,,,,,,,,,,,,,,,,,0.4456910490989685,0.5717112421989441,0.0010103491367772222,0.9998016357421875,0.434497594833374,0.6433379054069519,-0.3891301453113556,0.9057870507240295,0.4072854518890381,0.7289402484893799,-0.1584651917219162,0.9079692959785461,0.3930857479572296,0.7621335387229919,-0.3303282856941223,0.9098294377326965,forward,31.71910926713164,0
147,4.9049000000000005,92.7739143371582,,,,,,,,,,,,,,,,,,,,0.4458271265029907,0.5751282572746277,0.0016385592753067613,0.9998066425323486,0.4310583770275116,0.6464208960533142,-0.38693490624427795,0.8941484689712524,0.4073568284511566,0.7291929125785828,-0.12269288301467896,0.8979513645172119,0.39261043071746826,0.7621176242828369,-0.2975504398345947,0.8966771364212036,forward,28.640672410199855,0
148,4.938266666666666,93.36709976196289,,,,,,,,,,,,,,,,,,,,0.44592514634132385,0.5777991414070129,0.0005797906196676195,0.9998109936714172,0.42763200402259827,0.6464335918426514,-0.42124640941619873,0.8914294242858887,0.40735238790512085,0.7294819355010986,-0.1726447492837906,0.8956671953201294,0.3925591707229614,0.7621076703071594,-0.3611650764942169,0.892664909362793,forward,28.53377510174146,1
149,4.971633333333333,93.88589859008789,,,,,,,,,,,,,,,,,,,,0.4460218846797943,0.5788761973381042,-0.0003043200122192502,0.9998158812522888,0.4229324758052826,0.6472930312156677,-0.4225333333015442,0.8779935240745544,0.40732279419898987,0.7299019694328308,-0.17073392868041992,0.884493350982666,0.3921140134334564,0.7621049284934998,-0.35889390110969543,0.8787978291511536,forward,28.105440199449493,1
150,5.005,92.53597259521484,,,,,,,,,,,,,,,,,,,,0.446158766746521,0.5807785391807556,-0.0002453898196108639,0.9998206496238708,0.41971355676651,0.6478826403617859,-0.420286625623703,0.8719488978385925,0.40734395384788513,0.7299808263778687,-0.1648242473602295,0.8812301158905029,0.3905966579914093,0.7621082067489624,-0.3448391258716583,0.8726795315742493,forward,27.583601575775205,1
151,5.038366666666667,92.09775924682617,,,,,,,,,,,,,,,,,,,,0.4462396800518036,0.5819898247718811,-0.0005057667731307447,0.9998260736465454,0.4180282652378082,0.6475217938423157,-0.4506171941757202,0.8720097541809082,0.4073295295238495,0.7299896478652954,-0.19998617470264435,0.8819246292114258,0.3905801475048065,0.7621625661849976,-0.39049986004829407,0.8713957667350769,forward,27.126619669154895,1
152,5.071733333333333,93.35589408874512,,,,,,,,,,,,,,,,,,,,0.4465252459049225,0.5831206440925598,-0.00020800973288714886,0.9998336434364319,0.4156404137611389,0.6476662755012512,-0.451820433139801,0.8752036690711975,0.4073362648487091,0.7299697995185852,-0.184569850564003,0.8848032355308533,0.3905847668647766,0.7621572613716125,-0.37293845415115356,0.8730239868164062,forward,25.844348650920722,1
153,5.1051,93.49894523620605,,,,,,,,,,,,,,,,,,,,0.4466947913169861,0.5840809345245361,-0.00025298286345787346,0.9998407959938049,0.41142693161964417,0.6476758122444153,-0.47088107466697693,0.8782777190208435,0.407243013381958,0.7299724221229553,-0.21083350479602814,0.8883218169212341,0.39059603214263916,0.7622621655464172,-0.4073564112186432,0.8748298287391663,forward,25.752271952296763,1
154,5.138466666666667,92.44704246520996,,,,,,,,,,,,,,,,,,,,0.44674983620643616,0.584859311580658,-0.0003001475124619901,0.9998477101325989,0.40711334347724915,0.6477283835411072,-0.4634856581687927,0.8850260376930237,0.4068557322025299,0.7298166751861572,-0.20299690961837769,0.893377959728241,0.39060619473457336,0.762268602848053,-0.400867223739624,0.8793261051177979,forward,25.663071494317848,1
155,5.171833333333334,91.74609184265137,,,,,,,,,,,,,,,,,,,,0.44673675298690796,0.5853939056396484,-0.000918750069104135,0.9998514652252197,0.40230175852775574,0.6476565599441528,-0.46483027935028076,0.8885018229484558,0.4064100980758667,0.72934889793396,-0.19224776327610016,0.8962468504905701,0.3905966579914093,0.7622872591018677,-0.3847722113132477,0.8803845047950745,forward,24.71520627258735,1
156,5.2052000000000005,90.9888744354248,,,,,,,,,,,,,,,,,,,,0.4467177093029022,0.5861554741859436,-0.002508174628019333,0.9998546242713928,0.3979501724243164,0.6476202011108398,-0.47041675448417664,0.8908230066299438,0.406305730342865,0.7290160059928894,-0.1884157657623291,0.8974955677986145,0.3905850052833557,0.7622524499893188,-0.3793492019176483,0.879615306854248,forward,23.910680837290535,1
157,5.238566666666666,91.23897552490234,,,,,,,,,,,,,,,,,,,,0.44657713174819946,0.5861005187034607,-0.0033524027094244957,0.999859631061554,0.39449626207351685,0.6477260589599609,-0.4694672226905823,0.8953311443328857,0.40605276823043823,0.728821873664856,-0.18517054617404938,0.9004087448120117,0.3905477523803711,0.7622482180595398,-0.36092835664749146,0.8814105987548828,forward,23.734638404237284,1
158,5.271933333333333,91.55106544494629,,,,,,,,,,,,,,,,,,,,0.44614332914352417,0.5857275724411011,-0.005118556320667267,0.9998659491539001,0.3924412727355957,0.6476871967315674,-0.47698619961738586,0.9014935493469238,0.40588074922561646,0.7287563681602478,-0.20280401408672333,0.9059450626373291,0.39055031538009644,0.762182354927063,-0.38982096314430237,0.8864263892173767,forward,24.163066926549305,1
159,5.3053,90.70086479187012,,,,,,,,,,,,,,,,,,,,0.4458597004413605,0.5853729248046875,-0.0056014275178313255,0.9998714327812195,0.39227092266082764,0.6476324796676636,-0.47765666246414185,0.9071507453918457,0.40575000643730164,0.7286973595619202,-0.20725302398204803,0.9107207655906677,0.3905198276042938,0.762069821357727,-0.3985653519630432,0.8910717964172363,forward,24.399392218305913,1
160,5.338666666666667,92.53478050231934,,,,,,,,,,,,,,,,,,,,0.4458501935005188,0.585109531879425,-0.005468177609145641,0.9998771548271179,0.39331546425819397,0.6474630832672119,-0.4733867347240448,0.9140130281448364,0.4057117700576782,0.7286247611045837,-0.20085717737674713,0.9164423942565918,0.3901975750923157,0.7620928883552551,-0.3907504081726074,0.8977952003479004,forward,24.402901857336175,1
161,5.372033333333333,93.97506713867188,,,,,,,,,,,,,,,,,,,,0.44585949182510376,0.5849305987358093,-0.005927648860961199,0.9998799562454224,0.3946816921234131,0.64743572473526,-0.4668751060962677,0.9166001081466675,0.4056967496871948,0.7285044193267822,-0.18675251305103302,0.9186323285102844,0.3901638984680176,0.7622607350349426,-0.37263575196266174,0.8986740708351135,forward,24.145361265690777,1
162,5.4054,92.39625930786133,,,,,,,,,,,,,,,,,,,,0.4458903670310974,0.5848485231399536,-0.006048435345292091,0.999881386756897,0.3957432210445404,0.64735347032547,-0.466328501701355,0.9175018072128296,0.40569359064102173,0.7283994555473328,-0.18735510110855103,0.9190329313278198,0.39017271995544434,0.762220025062561,-0.3748299479484558,0.8976234793663025,forward,24.23300370839142,1
163,5.438766666666667,93.06097030639648,,,,,,,,,,,,,,,,,,,,0.44628047943115234,0.5833668112754822,-0.006069577299058437,0.9998846054077148,0.4010089933872223,0.6470097899436951,-0.46538013219833374,0.9202864766120911,0.4056923985481262,0.7284145951271057,-0.20744313299655914,0.9215952754020691,0.3901626169681549,0.7621457576751709,-0.40480300784111023,0.9000803828239441,forward,25.766263148718416,1
164,5.472133333333334,96.47989273071289,,,,,,,,,,,,,,,,,,,,0.4463203549385071,0.5812817811965942,-0.006316343322396278,0.9998877048492432,0.40774476528167725,0.6466212868690491,-0.4652993083000183,0.921881377696991,0.4056958556175232,0.728488028049469,-0.20901264250278473,0.923283040523529,0.39015713334083557,0.7621379494667053,-0.4069601893424988,0.9014678001403809,forward,26.30731704836152,1
165,5.5055000000000005,92.72599220275879,,,,,,,,,,,,,,,,,,,,0.4465509057044983,0.5790122747421265,-0.006308363284915686,0.99989253282547,0.41322049498558044,0.6455088257789612,-0.469312459230423,0.9223116040229797,0.40569618344306946,0.728893518447876,-0.2386157512664795,0.9241150617599487,0.3902040421962738,0.7621694207191467,-0.4452713131904602,0.9026310443878174,forward,28.627620688572087,1
166,5.538866666666666,92.39602088928223,,,,,,,,,,,,,,,,,,,,0.4465414881706238,0.5760186910629272,-0.007200152613222599,0.9998957514762878,0.41894906759262085,0.6445493698120117,-0.4723743200302124,0.9241375923156738,0.40574339032173157,0.7292384505271912,-0.2500050961971283,0.9255564212799072,0.39026984572410583,0.7622424364089966,-0.458400160074234,0.9048349857330322,forward,29.935992196572553,1
167,5.572233333333333,92.57912635803223,,,,,,,,,,,,,,,,,,,,0.4465440809726715,0.5736466646194458,-0.00717282434925437,0.9999000430107117,0.4240100085735321,0.6428040266036987,-0.47006189823150635,0.9246489405632019,0.40577736496925354,0.7295681834220886,-0.252490371465683,0.9263956546783447,0.3903147578239441,0.7622308731079102,-0.4652371406555176,0.9063858985900879,forward,31.062977653952785,1
168,5.6056,92.26608276367188,,,,,,,,,,,,,,,,,,,,0.44653746485710144,0.5716775059700012,-0.00704223895445466,0.9999039769172668,0.4280214309692383,0.6408337950706482,-0.4704079031944275,0.9258665442466736,0.40591752529144287,0.7295657396316528,-0.25836920738220215,0.9277591705322266,0.39066028594970703,0.7622596025466919,-0.476441890001297,0.9085859060287476,forward,32.11058868858658,1
169,5.638966666666667,117.03801155090332,,,,,,,,,,,,,,,,,,,,0.44647112488746643,0.5677623152732849,-0.007025998085737228,0.999906599521637,0.43178704380989075,0.6384024024009705,-0.4660167694091797,0.926368772983551,0.40592634677886963,0.7294455766677856,-0.26424115896224976,0.9280487895011902,0.39145857095718384,0.7623059153556824,-0.48915258049964905,0.9099377989768982,forward,34.045383725475965,0
170,5.6723333333333334,90.87681770324707,,,,,,,,,,,,,,,,,,,,0.446449875831604,0.5648835301399231,-0.0059415181167423725,0.9999094009399414,0.4332222044467926,0.6376402378082275,-0.44279032945632935,0.9287627935409546,0.4060259461402893,0.7292307615280151,-0.23061469197273254,0.9300624132156372,0.39149534702301025,0.7623220086097717,-0.4710506200790405,0.912818193435669,forward,33.80829706497251,0
171,5.7057,91.58086776733398,,,,,,,,,,,,,,,,,,,,0.4465786814689636,0.562150239944458,-0.00343370926566422,0.9999126195907593,0.43288537859916687,0.63661128282547,-0.42108508944511414,0.9306619763374329,0.4063087999820709,0.7289879322052002,-0.20733988285064697,0.9317578077316284,0.3914930522441864,0.7620798945426941,-0.4330756664276123,0.9152274131774902,forward,34.45297458579733,0
172,5.739066666666667,94.64907646179199,,,,,,,,,,,,,,,,,,,,0.4466893672943115,0.5595779418945312,-0.003133278340101242,0.9999154806137085,0.43181511759757996,0.6361661553382874,-0.42263713479042053,0.9338756799697876,0.40637779235839844,0.7289851903915405,-0.21145185828208923,0.9348029494285583,0.39162522554397583,0.7619157433509827,-0.43331584334373474,0.9193575382232666,forward,35.01356955846319,0
173,5.772433333333334,92.75698661804199,,,,,,,,,,,,,,,,,,,,0.44672003388404846,0.5578088760375977,-0.0031657188665121794,0.9999183416366577,0.4306251108646393,0.6351498961448669,-0.43026161193847656,0.9354223012924194,0.406378835439682,0.7289838194847107,-0.19794964790344238,0.9362198710441589,0.39161595702171326,0.7619189620018005,-0.4177199900150299,0.9216671586036682,forward,33.115869297289514,0
174,5.8058000000000005,94.0849781036377,,,,,,,,,,,,,,,,,,,,0.4467305839061737,0.5564889311790466,-0.003150226315483451,0.999921441078186,0.4304395616054535,0.6349233984947205,-0.43312153220176697,0.9401240348815918,0.40638455748558044,0.7289574146270752,-0.19159504771232605,0.9408140778541565,0.39184775948524475,0.7619035840034485,-0.407158225774765,0.9274559020996094,forward,32.43991078750259,0
175,5.839166666666666,94.26593780517578,,,,,,,,,,,,,,,,,,,,0.44676804542541504,0.5553403496742249,-0.0034253557678312063,0.9999256134033203,0.42787832021713257,0.6344248652458191,-0.43520304560661316,0.9456767439842224,0.40620559453964233,0.7289568185806274,-0.2106045037508011,0.9464024305343628,0.3920396864414215,0.7619339823722839,-0.4379591643810272,0.9342978000640869,forward,34.019619060905555,1
176,5.872533333333333,92.82612800598145,,,,,,,,,,,,,,,,,,,,0.4467509686946869,0.5529816150665283,-0.004435477778315544,0.9999292492866516,0.42233696579933167,0.6337848901748657,-0.45033586025238037,0.9503356218338013,0.40599414706230164,0.7289800047874451,-0.23041237890720367,0.9511715769767761,0.39203906059265137,0.7619669437408447,-0.45568111538887024,0.9401674270629883,forward,34.372335979775414,1
177,5.9059,92.62800216674805,,,,,,,,,,,,,,,,,,,,0.4464424252510071,0.5504809021949768,-0.003628335427492857,0.9999321699142456,0.41629114747047424,0.6332443356513977,-0.4180927276611328,0.9531729817390442,0.4058474898338318,0.7291297316551208,-0.22028011083602905,0.9542486071586609,0.39196884632110596,0.7619473338127136,-0.45488983392715454,0.943806529045105,forward,37.74646837468747,1
178,5.939266666666667,93.50705146789551,,,,,,,,,,,,,,,,,,,,0.44603878259658813,0.5480612516403198,-0.002975223585963249,0.9999335408210754,0.4099167287349701,0.6332723498344421,-0.40370967984199524,0.9547536373138428,0.4058320224285126,0.7290704846382141,-0.15845517814159393,0.9560276865959167,0.3912287652492523,0.7618141770362854,-0.3771373927593231,0.9458274245262146,forward,33.82627285641367,1
179,5.9726333333333335,95.79920768737793,,,,,,,,,,,,,,,,,,,,0.4455398917198181,0.5450785756111145,0.0029568171594291925,0.9999358654022217,0.4068485498428345,0.632578432559967,-0.36260104179382324,0.95574551820755,0.4056830108165741,0.7290512919425964,-0.1337050199508667,0.9568876624107361,0.39104706048965454,0.7617089152336121,-0.35164397954940796,0.9466044306755066,forward,36.76964301629209,1
180,6.006,92.67497062683105,,,,,,,,,,,,,,,,,,,,0.4452817738056183,0.5435766577720642,0.00391780911013484,0.9999377727508545,0.40484973788261414,0.6324372887611389,-0.34669238328933716,0.9574942588806152,0.40503230690956116,0.7290105819702148,-0.11032332479953766,0.9587655067443848,0.39084458351135254,0.7615998983383179,-0.3251069188117981,0.9486493468284607,forward,36.91535428679302,1
181,6.039366666666667,92.0560359954834,,,,,,,,,,,,,,,,,,,,0.44497135281562805,0.5418494343757629,0.004659305326640606,0.999939501285553,0.4046584963798523,0.631610631942749,-0.34125247597694397,0.9587231278419495,0.4045354723930359,0.7290089130401611,-0.09977907687425613,0.9598545432090759,0.3908579647541046,0.7614456415176392,-0.3104102313518524,0.9497352242469788,forward,37.00364871914147,1
182,6.072733333333334,92.4379825592041,,,,,,,,,,,,,,,,,,,,0.4449719488620758,0.5394946336746216,0.0047957515344023705,0.9999411702156067,0.4049922823905945,0.6308913826942444,-0.3256637752056122,0.959304690361023,0.4040246903896332,0.7290066480636597,-0.09622186422348022,0.960412323474884,0.39083749055862427,0.761325478553772,-0.3066636621952057,0.9502346515655518,forward,39.13449138411394,1
183,6.1061000000000005,95.01886367797852,,,,,,,,,,,,,,,,,,,,0.4449442923069,0.5387295484542847,0.004558281973004341,0.9999432563781738,0.4056527614593506,0.6306716799736023,-0.3300224840641022,0.9602068066596985,0.4039382338523865,0.7289239168167114,-0.0819229707121849,0.960814356803894,0.390691876411438,0.7612765431404114,-0.28682687878608704,0.9507880806922913,forward,37.520323826844034,1
184,6.139466666666666,91.54200553894043,,,,,,,,,,,,,,,,,,,,0.4448724091053009,0.5365241169929504,0.005186163354665041,0.9999452829360962,0.4061799943447113,0.6305181384086609,-0.26533421874046326,0.9612958431243896,0.4039034843444824,0.7287744283676147,-0.0268953088670969,0.9619848132133484,0.3907012343406677,0.7612749338150024,-0.22516591846942902,0.952239453792572,forward,42.23773376729321,1
185,6.172833333333333,91.82596206665039,,,,,,,,,,,,,,,,,,,,0.444319486618042,0.5348659157752991,0.0050014592707157135,0.9999473690986633,0.40654850006103516,0.6303375363349915,-0.2805265784263611,0.9630046486854553,0.4039047658443451,0.7282423377037048,-0.014005502685904503,0.9637755155563354,0.3906742036342621,0.7612758278846741,-0.21543030440807343,0.9544087648391724,forward,39.320507248780984,1
186,6.2062,92.37885475158691,,,,,,,,,,,,,,,,,,,,0.4436475932598114,0.533960223197937,0.0034399572759866714,0.9999489784240723,0.40681201219558716,0.6304145455360413,-0.245332732796669,0.9644780158996582,0.4039061963558197,0.727868914604187,0.046270404011011124,0.9653764367103577,0.39086294174194336,0.7613610625267029,-0.15470196306705475,0.9563294053077698,forward,40.4341065718544,1
187,6.239566666666667,91.84098243713379,,,,,,,,,,,,,,,,,,,,0.4434438645839691,0.5332605242729187,0.003291865112259984,0.9999505281448364,0.40827423334121704,0.6303577423095703,-0.14059586822986603,0.9647104144096375,0.4039849042892456,0.7277095317840576,0.12384612113237381,0.9662882089614868,0.39146652817726135,0.7613994479179382,-0.07170742750167847,0.9574294090270996,forward,55.25634851225679,1
188,6.2729333333333335,92.30589866638184,,,,,,,,,,,,,,,,,,,,0.44319069385528564,0.532715916633606,0.008930612355470657,0.9999505281448364,0.4099661409854889,0.6303859353065491,-0.02107449807226658,0.9650321006774902,0.4040583670139313,0.7270771861076355,0.192344069480896,0.9676124453544617,0.39148175716400146,0.7614185810089111,0.015841228887438774,0.958956241607666,forward,97.38440562866094,1
189,6.3063,92.02909469604492,,,,,,,,,,,,,,,,,,,,0.4429468810558319,0.5321076512336731,0.008800987154245377,0.9999513030052185,0.41244813799858093,0.6302035450935364,-0.005568807944655418,0.9630860686302185,0.40435636043548584,0.7268214821815491,0.17632903158664703,0.9680226445198059,0.3919629156589508,0.76140296459198,0.006022533867508173,0.9592697024345398,forward,109.42525197117718,1
190,6.339666666666667,93.33205223083496,,,,,,,,,,,,,,,,,,,,0.4425678253173828,0.5316964387893677,0.00842550490051508,0.9999512434005737,0.4145326316356659,0.6298795938491821,0.010011626407504082,0.9621288180351257,0.40444716811180115,0.726572573184967,0.19200265407562256,0.9688831567764282,0.39200738072395325,0.761388897895813,0.022216349840164185,0.9599378108978271,forward,118.53447661916152,1
191,6.373033333333334,91.28189086914062,,,,,,,,,,,,,,,,,,,,0.44252923130989075,0.5315883159637451,0.008234287612140179,0.999950647354126,0.4165925979614258,0.6296869516372681,0.019087744876742363,0.9611799716949463,0.40466010570526123,0.7265317440032959,0.19028230011463165,0.9696580171585083,0.3920505940914154,0.7612008452415466,0.021018896251916885,0.96044921875,forward,125.46755506689216,1
192,6.4064000000000005,92.48900413513184,,,,,,,,,,,,,,,,,,,,0.4425399899482727,0.5315144658088684,0.006416413001716137,0.999949038028717,0.4181956648826599,0.6293213963508606,0.008632602170109749,0.9534656405448914,0.4048803448677063,0.726604163646698,0.144342839717865,0.9667055606842041,0.39214199781417847,0.7606490254402161,-0.014992396347224712,0.9562263488769531,forward,126.90163646873629,1
193,6.439766666666666,93.20187568664551,,,,,,,,,,,,,,,,,,,,0.4425514042377472,0.5318152904510498,0.003930204547941685,0.9999482035636902,0.4197652041912079,0.6291640400886536,0.024496234953403473,0.9530309438705444,0.40518680214881897,0.7266237139701843,0.18569160997867584,0.9675987362861633,0.3921366035938263,0.7603548169136047,0.010431800968945026,0.9568432569503784,forward,132.92983510126479,1
194,6.473133333333333,92.79942512512207,,,,,,,,,,,,,,,,,,,,0.44263145327568054,0.5315444469451904,0.0014317325549200177,0.9999468326568604,0.4214324653148651,0.6286614537239075,0.019489245489239693,0.9515713453292847,0.40558871626853943,0.7267897129058838,0.18142764270305634,0.9680507779121399,0.39204689860343933,0.7602691650390625,-0.0006326181464828551,0.9569259881973267,forward,131.77844796742667,1
195,6.5065,92.16427803039551,,,,,,,,,,,,,,,,,,,,0.4426569640636444,0.5314506888389587,0.00036975403781980276,0.9999452233314514,0.4221359193325043,0.6285621523857117,0.024744344875216484,0.9495639801025391,0.4060056805610657,0.7269920706748962,0.18552006781101227,0.9680423140525818,0.39201998710632324,0.7602477669715881,0.008296950720250607,0.9563872218132019,forward,135.56811732102994,1
196,6.539866666666667,112.70380020141602,,,,,,,,,,,,,,,,,,,,0.4427317976951599,0.531315267086029,-0.000241831861785613,0.9999441504478455,0.42272138595581055,0.6285764575004578,0.029593907296657562,0.9494431614875793,0.4064355492591858,0.7270649075508118,0.21603722870349884,0.9688622355461121,0.3919336199760437,0.760226309299469,0.029826344922184944,0.9569305777549744,forward,134.86145998456084,1
197,6.5732333333333335,99.29800033569336,,,,,,,,,,,,,,,,,,,,0.4427783191204071,0.5313728451728821,-0.00025771636865101755,0.9999433159828186,0.42285341024398804,0.628745436668396,0.02671312727034092,0.9497498273849487,0.4067709743976593,0.7270933389663696,0.20971420407295227,0.9695500731468201,0.39182281494140625,0.7601941227912903,0.03359721973538399,0.9573555588722229,forward,133.72415932290647,1
198,6.6066,93.71805191040039,,,,,,,,,,,,,,,,,,,,0.44283685088157654,0.5311298370361328,-0.00023400154896080494,0.9999434947967529,0.4230392873287201,0.6288919448852539,0.021146075800061226,0.9502139091491699,0.4068927764892578,0.7271347045898438,0.2094874083995819,0.9703072309494019,0.3917206823825836,0.7601807117462158,0.032208025455474854,0.9580057263374329,forward,129.93646850625248,1
199,6.639966666666667,92.97728538513184,,,,,,,,,,,,,,,,,,,,0.4429054260253906,0.5308743715286255,0.00112305604852736,0.9999439716339111,0.423100084066391,0.6290223002433777,0.021759703755378723,0.9507588148117065,0.4069215655326843,0.7272275686264038,0.20538081228733063,0.9709258675575256,0.39158523082733154,0.7601840496063232,0.032367367297410965,0.9585410356521606,forward,130.08271317202366,1
200,6.673333333333334,92.98515319824219,,,,,,,,,,,,,,,,,,,,0.4431496560573578,0.5305505990982056,0.0013949234271422029,0.9999435544013977,0.42323821783065796,0.6292038559913635,0.019051911309361458,0.9496563673019409,0.4069480895996094,0.7273762822151184,0.1944720298051834,0.9706229567527771,0.39154449105262756,0.7602459788322449,0.024132397025823593,0.9577738046646118,forward,129.495075752341,1
201,6.7067000000000005,94.69079971313477,,,,,,,,,,,,,,,,,,,,0.44348597526550293,0.5304569602012634,0.0013783731264993548,0.9999428987503052,0.42343562841415405,0.6293089985847473,0.020597584545612335,0.9489440321922302,0.40711894631385803,0.7274768352508545,0.19514250755310059,0.9706261157989502,0.39153602719306946,0.7602472305297852,0.02230604737997055,0.957354724407196,forward,130.45416284602138,1
202,6.740066666666666,93.08528900146484,,,,,,,,,,,,,,,,,,,,0.4438127279281616,0.5303922295570374,0.0013827088987454772,0.99994295835495,0.42344334721565247,0.6295244097709656,0.020175371319055557,0.948599100112915,0.4073922634124756,0.7275601625442505,0.20166215300559998,0.9706907272338867,0.3915288746356964,0.7602662444114685,0.028203792870044708,0.9570273756980896,forward,129.18625650615832,1
203,6.773433333333333,91.80688858032227,,,,,,,,,,,,,,,,,,,,0.4439583718776703,0.5303959846496582,0.0006483891629613936,0.9999433159828186,0.4234343469142914,0.6297553777694702,0.016727294772863388,0.9479835629463196,0.4076314866542816,0.7275806069374084,0.20055340230464935,0.9702096581459045,0.39156651496887207,0.7602669596672058,0.022574346512556076,0.9559629559516907,forward,127.30070119961937,1
204,6.8068,92.2689437866211,,,,,,,,,,,,,,,,,,,,0.44396597146987915,0.5304156541824341,0.00020657408458646387,0.9999436140060425,0.42341873049736023,0.6300809979438782,0.015897223725914955,0.9474983811378479,0.4077548384666443,0.7276039719581604,0.20668591558933258,0.9700119495391846,0.3916376829147339,0.7602676153182983,0.03298136219382286,0.9553900361061096,forward,126.10515428497752,1
205,6.840166666666667,91.18795394897461,,,,,,,,,,,,,,,,,,,,0.44395509362220764,0.5304308533668518,0.0002154942776542157,0.9999445676803589,0.4233892858028412,0.6301406025886536,0.011177647858858109,0.947284996509552,0.4078214466571808,0.7276115417480469,0.19703803956508636,0.9700972437858582,0.3916999399662018,0.7602669596672058,0.025512758642435074,0.9553912281990051,forward,124.08467920443765,1
206,6.8735333333333335,92.83018112182617,,,,,,,,,,,,,,,,,,,,0.44381213188171387,0.5303717255592346,0.0003255442716181278,0.9999454617500305,0.4231276214122772,0.6301428079605103,-0.002936749719083309,0.9451943039894104,0.4079018235206604,0.7276252508163452,0.15923689305782318,0.9688932299613953,0.3917989730834961,0.7602627873420715,-0.001895705470815301,0.9538851380348206,forward,119.44013011232227,1
207,6.9069,92.49424934387207,,,,,,,,,,,,,,,,,,,,0.44367516040802,0.5303788185119629,0.0006493047694675624,0.9999465346336365,0.4222918152809143,0.6303708553314209,-0.004273548256605864,0.9447994232177734,0.40798377990722656,0.7276303172111511,0.1648002713918686,0.9685612320899963,0.3918275535106659,0.7602584958076477,-0.000356804026523605,0.9535503387451172,forward,117.35151296214113,1
208,6.940266666666667,93.34921836853027,,,,,,,,,,,,,,,,,,,,0.4434839189052582,0.530586302280426,0.0009991847909986973,0.999947726726532,0.42078807950019836,0.6311756372451782,-0.00384904770180583,0.945294976234436,0.40803396701812744,0.7276529669761658,0.18107540905475616,0.9687575697898865,0.391826868057251,0.7602585554122925,0.018184928223490715,0.9538329243659973,forward,114.9434921510671,1
209,6.973633333333334,90.76309204101562,,,,,,,,,,,,,,,,,,,,0.443106085062027,0.5309146046638489,0.0009986736113205552,0.9999479651451111,0.4196817874908447,0.6317050457000732,-0.0035810605622828007,0.9464049935340881,0.40805795788764954,0.7276700735092163,0.1860639899969101,0.9691670536994934,0.3918226957321167,0.7602578997612,0.023982323706150055,0.954365611076355,forward,114.30908189039395,1
210,7.007000000000001,92.3151969909668,,,,,,,,,,,,,,,,,,,,0.44269874691963196,0.5312885642051697,0.0007297026459127665,0.9999480843544006,0.41940200328826904,0.631945013999939,-0.01078866794705391,0.9458392858505249,0.4080718755722046,0.7277269959449768,0.16492070257663727,0.9686669707298279,0.39183783531188965,0.7602517008781433,0.005954820197075605,0.9538087844848633,forward,112.22370210221362,1
211,7.040366666666666,92.42892265319824,,,,,,,,,,,,,,,,,,,,0.44240492582321167,0.5318623185157776,0.00048562957090325654,0.9999471306800842,0.41912442445755005,0.6323316693305969,-0.020785558968782425,0.9444859027862549,0.4080796241760254,0.7277897596359253,0.141584575176239,0.9673227071762085,0.39189988374710083,0.7602609395980835,-0.013601311482489109,0.9523948431015015,forward,108.77318331471555,1
212,7.073733333333333,92.24295616149902,,,,,,,,,,,,,,,,,,,,0.4421374797821045,0.5334696173667908,-0.0001373729610349983,0.9999467730522156,0.4190613925457001,0.6324777007102966,-0.02912883087992668,0.9450889229774475,0.4080953896045685,0.7279178500175476,0.1455335170030594,0.9672362208366394,0.3921125531196594,0.760312020778656,-0.013847731985151768,0.9523673057556152,forward,102.7163009603003,1
213,7.1071,92.54813194274902,,,,,,,,,,,,,,,,,,,,0.44209569692611694,0.5343315601348877,-0.0015009035123512149,0.999945878982544,0.4190351665019989,0.6325227618217468,-0.05140558257699013,0.9469115138053894,0.4080180525779724,0.7279347777366638,0.14366333186626434,0.9680212736129761,0.39213699102401733,0.7603207230567932,-0.0299640204757452,0.9534012079238892,forward,89.73733762354851,1
214,7.140466666666667,94.34223175048828,,,,,,,,,,,,,,,,,,,,0.4420771598815918,0.5357585549354553,-0.0014843886019662023,0.9999459385871887,0.41890624165534973,0.6325197219848633,-0.09366762638092041,0.949313223361969,0.40791741013526917,0.727898895740509,0.10869938135147095,0.9691377878189087,0.39213958382606506,0.7603881359100342,-0.06811100989580154,0.955218493938446,forward,72.42979441267826,1
215,7.1738333333333335,94.10405158996582,,,,,,,,,,,,,,,,,,,,0.44207635521888733,0.5371416211128235,-0.0017820223001763225,0.999945342540741,0.4183486998081207,0.6329259872436523,-0.07772304862737656,0.9517266154289246,0.40784239768981934,0.7278157472610474,0.12193644791841507,0.9703439474105835,0.39228013157844543,0.7603831887245178,-0.04870837181806564,0.9569151997566223,forward,77.79872018623607,1
216,7.2072,92.7431583404541,,,,,,,,,,,,,,,,,,,,0.442069947719574,0.5386599898338318,-0.001153564895503223,0.9999457597732544,0.41684508323669434,0.6339253187179565,-0.06403569877147675,0.9543344378471375,0.40783190727233887,0.7275599241256714,0.1734583079814911,0.9718894362449646,0.3922155201435089,0.7604368925094604,-0.006418151780962944,0.959007203578949,forward,78.8265167769145,1
217,7.240566666666667,92.41008758544922,,,,,,,,,,,,,,,,,,,,0.44207584857940674,0.5402370691299438,-0.0010859398171305656,0.9999456405639648,0.41597503423690796,0.6342620253562927,-0.12839001417160034,0.9566975831985474,0.4077862799167633,0.7275532484054565,0.12780067324638367,0.9729502201080322,0.39221665263175964,0.7604606747627258,-0.060104962438344955,0.9604987502098083,forward,57.31277597120679,1
218,7.273933333333334,92.30589866638184,,,,,,,,,,,,,,,,,,,,0.4420700669288635,0.5418147444725037,-0.0011358794290572405,0.9999423623085022,0.41493234038352966,0.6343596577644348,-0.1878877431154251,0.9583900570869446,0.40774819254875183,0.7275051474571228,0.06605251878499985,0.9730634689331055,0.39221829175949097,0.7603210806846619,-0.12424489110708237,0.9606316089630127,forward,47.24409403113401,1
219,7.307300000000001,91.80903434753418,,,,,,,,,,,,,,,,,,,,0.44205281138420105,0.5435827374458313,-0.0007333153043873608,0.9999386668205261,0.4136058986186981,0.6346492767333984,-0.28774139285087585,0.9611316919326782,0.40763846039772034,0.7271469235420227,-0.003485353896394372,0.9741573333740234,0.3920367658138275,0.7600060701370239,-0.19971542060375214,0.9621556997299194,forward,36.18024287246966,1
220,7.3406666666666665,93.76668930053711,,,,,,,,,,,,,,,,,,,,0.44199615716934204,0.5457698106765747,-0.0006789228064008057,0.9999354481697083,0.4121881127357483,0.6347259879112244,-0.2655164301395416,0.9622101187705994,0.4073255956172943,0.7271441221237183,-0.02427477017045021,0.9739192128181458,0.39094942808151245,0.7598623633384705,-0.2238088697195053,0.9618343114852905,forward,40.10846794205246,1
221,7.374033333333333,92.8640365600586,,,,,,,,,,,,,,,,,,,,0.44199398159980774,0.5470055341720581,-0.0006745306309312582,0.9999324083328247,0.41169053316116333,0.6345736980438232,-0.29992181062698364,0.9632529020309448,0.40725815296173096,0.7271228432655334,-0.07921142876148224,0.9735392332077026,0.3909853398799896,0.7596231698989868,-0.27647972106933594,0.9613789916038513,forward,39.56373101543914,1
222,7.4074,93.34993362426758,,,,,,,,,,,,,,,,,,,,0.4419293999671936,0.5491706728935242,-0.0006785196019336581,0.9999294281005859,0.41105198860168457,0.6344966888427734,-0.348378986120224,0.9630540013313293,0.4070936143398285,0.7271050214767456,-0.12317432463169098,0.9716679453849792,0.3909483850002289,0.7592818737030029,-0.33313068747520447,0.9596675038337708,forward,36.57526494842661,1
223,7.440766666666667,91.66979789733887,,,,,,,,,,,,,,,,,,,,0.44198182225227356,0.5501970052719116,-0.0011841984232887626,0.9999276995658875,0.41062846779823303,0.6337802410125732,-0.3931126892566681,0.9638179540634155,0.4069024622440338,0.7270388007164001,-0.17369982600212097,0.970841646194458,0.3908126652240753,0.7592589259147644,-0.39364054799079895,0.959263801574707,forward,35.444320346845224,1
224,7.4741333333333335,91.17388725280762,,,,,,,,,,,,,,,,,,,,0.4420648217201233,0.5531667470932007,-0.00234981719404459,0.9999244809150696,0.4094928503036499,0.6350294947624207,-0.35684138536453247,0.9643905758857727,0.4066707193851471,0.7270130515098572,-0.09067613631486893,0.9697137475013733,0.3908241093158722,0.7593139410018921,-0.2880997359752655,0.958312451839447,forward,32.53024830022713,1
225,7.5075,92.85497665405273,,,,,,,,,,,,,,,,,,,,0.4420774579048157,0.5552937388420105,-0.0027219385374337435,0.9999244809150696,0.40813034772872925,0.6367117166519165,-0.3831700086593628,0.9642612934112549,0.4066101312637329,0.7270116209983826,-0.09379144757986069,0.9683593511581421,0.39074352383613586,0.7593399286270142,-0.29827967286109924,0.9572445750236511,forward,29.843757984660076,1
226,7.540866666666667,92.77796745300293,,,,,,,,,,,,,,,,,,,,0.442131906747818,0.5568552613258362,-0.002580477623268962,0.999923586845398,0.40681156516075134,0.6373741030693054,-0.37831103801727295,0.964046835899353,0.4066254794597626,0.7269050478935242,-0.09266360849142075,0.9673712849617004,0.3904349207878113,0.7593386769294739,-0.2939153015613556,0.9566369652748108,forward,29.92710260272099,1
227,7.574233333333334,93.88303756713867,,,,,,,,,,,,,,,,,,,,0.4423578381538391,0.5583019852638245,-0.0025676977820694447,0.9999233484268188,0.4054349362850189,0.6381235122680664,-0.40619978308677673,0.9639730453491211,0.40660667419433594,0.726881742477417,-0.1235484778881073,0.9664632081985474,0.38974690437316895,0.7593408823013306,-0.3278115391731262,0.9560575485229492,forward,28.99623815058001,1
228,7.6076,93.92094612121582,,,,,,,,,,,,,,,,,,,,0.4423583149909973,0.5595898032188416,-0.0025532220024615526,0.9999243021011353,0.40448710322380066,0.6380235552787781,-0.4344882071018219,0.9635910987854004,0.4064595699310303,0.7268736362457275,-0.1718413233757019,0.9651879072189331,0.3893769085407257,0.759360671043396,-0.38520070910453796,0.9550098776817322,forward,29.29359270577393,1
229,7.6409666666666665,93.96195411682129,,,,,,,,,,,,,,,,,,,,0.4422999918460846,0.5615929365158081,-0.0025490927509963512,0.9999251961708069,0.4034538269042969,0.6384751200675964,-0.4294450283050537,0.9637994766235352,0.4061468243598938,0.7268134951591492,-0.15527158975601196,0.9647495746612549,0.38939324021339417,0.7593624591827393,-0.3661758005619049,0.9547095894813538,forward,28.39784406974457,1
230,7.674333333333333,93.81294250488281,,,,,,,,,,,,,,,,,,,,0.4423167407512665,0.5628926753997803,-0.0026939469389617443,0.9999258518218994,0.4021293520927429,0.638750433921814,-0.43489620089530945,0.964085578918457,0.4061051905155182,0.7266913056373596,-0.14818662405014038,0.9642290472984314,0.38937118649482727,0.7595740556716919,-0.3536999225616455,0.9544140696525574,forward,27.33089952731105,1
231,7.7077,91.29500389099121,,,,,,,,,,,,,,,,,,,,0.44236424565315247,0.5649595856666565,-0.002783556003123522,0.9999276995658875,0.40138062834739685,0.6400076150894165,-0.4395984709262848,0.964182436466217,0.405921995639801,0.7267194986343384,-0.15226536989212036,0.9634924530982971,0.38933148980140686,0.7598186135292053,-0.3609742224216461,0.9538727402687073,forward,26.86147037195612,1
232,7.741066666666667,92.82135963439941,,,,,,,,,,,,,,,,,,,,0.4423908293247223,0.5669628381729126,-0.003038397990167141,0.9999299645423889,0.40151655673980713,0.6410443782806396,-0.4481954276561737,0.9641405940055847,0.405810683965683,0.7270853519439697,-0.16110432147979736,0.9628766179084778,0.3893640637397766,0.7602116465568542,-0.369545578956604,0.9536024928092957,forward,26.449971223490778,1
233,7.7744333333333335,91.68505668640137,,,,,,,,,,,,,,,,,,,,0.44242456555366516,0.5684700012207031,-0.0033448031172156334,0.9999321103096008,0.4015895426273346,0.6412532925605774,-0.444685697555542,0.9628469347953796,0.40557360649108887,0.7274116277694702,-0.17031314969062805,0.9612809419631958,0.3894292414188385,0.7603138089179993,-0.37504518032073975,0.952241837978363,forward,27.116699686880207,1
234,7.8078,92.88406372070312,,,,,,,,,,,,,,,,,,,,0.44249817728996277,0.5700829029083252,-0.003947447054088116,0.9999330043792725,0.4026101529598236,0.641861081123352,-0.4492165744304657,0.9593651294708252,0.4055652916431427,0.7275954484939575,-0.16860441863536835,0.9575711488723755,0.3894759714603424,0.7603311538696289,-0.37059950828552246,0.9486057162284851,forward,26.48893824500188,1
235,7.841166666666667,92.87500381469727,,,,,,,,,,,,,,,,,,,,0.44269493222236633,0.571150004863739,-0.004638249054551125,0.9999334812164307,0.4046068489551544,0.6421229243278503,-0.44946324825286865,0.9550970792770386,0.4055546820163727,0.7280098795890808,-0.17095085978507996,0.9536213874816895,0.38964924216270447,0.7603744864463806,-0.37041690945625305,0.9445867538452148,forward,26.580369994260526,1
236,7.874533333333334,93.37377548217773,,,,,,,,,,,,,,,,,,,,0.4430563151836395,0.5725862979888916,-0.005203947890549898,0.9999334216117859,0.4057583510875702,0.6427680253982544,-0.4507669508457184,0.9523505568504333,0.40555456280708313,0.7283993363380432,-0.17300699651241302,0.9506992101669312,0.38965365290641785,0.7604753375053406,-0.37267208099365234,0.9416419863700867,forward,26.488132259760196,1
237,7.9079,94.19012069702148,,,,,,,,,,,,,,,,,,,,0.4433051645755768,0.5741860866546631,-0.005624228622764349,0.9999333024024963,0.40648528933525085,0.6432087421417236,-0.4599969685077667,0.9492942094802856,0.4055507779121399,0.7288658022880554,-0.18015998601913452,0.9479354023933411,0.3896131217479706,0.7608026266098022,-0.38176000118255615,0.9384368658065796,forward,26.069019864926204,1
238,7.9412666666666665,92.96298027038574,,,,,,,,,,,,,,,,,,,,0.4435289800167084,0.5744589567184448,-0.005642011761665344,0.9999329447746277,0.40717393159866333,0.6432766318321228,-0.45514339208602905,0.9450950622558594,0.4056263566017151,0.7291839122772217,-0.17695610225200653,0.9437043070793152,0.38958606123924255,0.7608664035797119,-0.37592393159866333,0.933834969997406,forward,26.295372259427335,1
239,7.974633333333333,93.57190132141113,,,,,,,,,,,,,,,,,,,,0.44393017888069153,0.5757176876068115,-0.005635883659124374,0.999932587146759,0.4075784683227539,0.6431740522384644,-0.4632052183151245,0.9399204850196838,0.40575119853019714,0.7292970418930054,-0.18475940823554993,0.9387394189834595,0.3895871341228485,0.7608712911605835,-0.3807905912399292,0.9283314943313599,forward,26.005347967224214,1
240,8.008000000000001,93.75619888305664,,,,,,,,,,,,,,,,,,,,0.4444476366043091,0.5768508911132812,-0.005717702209949493,0.9999309182167053,0.40756985545158386,0.6436570286750793,-0.4706169664859772,0.9365485906600952,0.40606018900871277,0.7293793559074402,-0.18532302975654602,0.9352529644966125,0.38958805799484253,0.7608346939086914,-0.38232722878456116,0.9240589141845703,forward,25.332178999166086,1
241,8.041366666666667,92.65899658203125,,,,,,,,,,,,,,,,,,,,0.44494375586509705,0.57845538854599,-0.005716430954635143,0.9999297261238098,0.40646663308143616,0.645189106464386,-0.4781284034252167,0.9345703721046448,0.406513512134552,0.7297469973564148,-0.1938171237707138,0.9327036142349243,0.3892971873283386,0.7608429193496704,-0.3913922905921936,0.9209980964660645,forward,25.00379935391587,1
242,8.074733333333333,91.63689613342285,,,,,,,,,,,,,,,,,,,,0.4451068341732025,0.5791814923286438,-0.006157547701150179,0.9999281764030457,0.40591511130332947,0.645550549030304,-0.4765991270542145,0.9341819286346436,0.40656793117523193,0.7299754619598389,-0.19761621952056885,0.9322203993797302,0.38916802406311035,0.7608442902565002,-0.3956785500049591,0.9200729727745056,forward,25.25770922523689,1
243,8.1081,91.81785583496094,,,,,,,,,,,,,,,,,,,,0.44513511657714844,0.5794165134429932,-0.00685940682888031,0.9999265074729919,0.4053325951099396,0.6466044783592224,-0.478657066822052,0.9313538670539856,0.40655767917633057,0.7300153970718384,-0.19125911593437195,0.9294909834861755,0.3890172839164734,0.7608926892280579,-0.38998767733573914,0.9160458445549011,forward,24.680274315390196,1
244,8.141466666666666,92.47303009033203,,,,,,,,,,,,,,,,,,,,0.4451359808444977,0.5800517201423645,-0.0070879776030778885,0.9999257326126099,0.40487849712371826,0.6470111012458801,-0.4865873456001282,0.9305252432823181,0.40656664967536926,0.730038046836853,-0.190899059176445,0.928492546081543,0.38892197608947754,0.7609759569168091,-0.3897496163845062,0.9139308333396912,forward,24.018185328378486,1
245,8.174833333333334,91.75300598144531,,,,,,,,,,,,,,,,,,,,0.44507595896720886,0.5802764892578125,-0.007209690287709236,0.9999251961708069,0.4048668444156647,0.6469286680221558,-0.48799216747283936,0.9303951263427734,0.4066111743450165,0.7300310730934143,-0.1941681057214737,0.9282345175743103,0.38881680369377136,0.7610576152801514,-0.3916507363319397,0.913040280342102,forward,24.063183476422733,1
246,8.2082,94.08712387084961,,,,,,,,,,,,,,,,,,,,0.44507408142089844,0.58023601770401,-0.007261529099196196,0.9999252557754517,0.404930055141449,0.6468093395233154,-0.49057990312576294,0.9317850470542908,0.4066143035888672,0.7300252318382263,-0.19894009828567505,0.9292792081832886,0.3888618052005768,0.7610905170440674,-0.39903509616851807,0.9138495326042175,forward,24.140857965026054,1
247,8.241566666666667,94.3288803100586,,,,,,,,,,,,,,,,,,,,0.44510617852211,0.5800777077674866,-0.007258579134941101,0.9999260306358337,0.404999703168869,0.6467511653900146,-0.49095872044563293,0.9335340857505798,0.4065999388694763,0.7299286127090454,-0.19593311846256256,0.9305076599121094,0.3890121281147003,0.7610923051834106,-0.3961910009384155,0.914779782295227,forward,23.971192062520675,1
248,8.274933333333333,93.8420295715332,,,,,,,,,,,,,,,,,,,,0.4451591372489929,0.579840362071991,-0.007258473429828882,0.9999278783798218,0.4050188660621643,0.646708071231842,-0.4947379231452942,0.9358965158462524,0.406597763299942,0.7297479510307312,-0.19429098069667816,0.9326090812683105,0.3894561231136322,0.7610931992530823,-0.39605268836021423,0.9168894290924072,forward,23.641034916710836,1
249,8.308300000000001,93.43409538269043,,,,,,,,,,,,,,,,,,,,0.4452851414680481,0.5798025131225586,-0.007448834832757711,0.9999307990074158,0.40506213903427124,0.6466601490974426,-0.5063095092773438,0.9397533535957336,0.4065941572189331,0.7295534610748291,-0.1930530071258545,0.9365320801734924,0.38987672328948975,0.7610943913459778,-0.39487165212631226,0.9214363098144531,forward,22.837641073277165,1
250,8.341666666666667,92.20194816589355,,,,,,,,,,,,,,,,,,,,0.4453062415122986,0.5795162320137024,-0.008067963644862175,0.9999351501464844,0.405086487531662,0.6466239094734192,-0.5139604210853577,0.9452219605445862,0.40658295154571533,0.729396402835846,-0.19686248898506165,0.9423577189445496,0.39017781615257263,0.7610946297645569,-0.39471808075904846,0.9285858869552612,forward,22.564124988055184,1
251,8.375033333333333,94.11382675170898,,,,,,,,,,,,,,,,,,,,0.44540300965309143,0.5770482420921326,-0.008830314502120018,0.9999383091926575,0.40511354804039,0.646263062953949,-0.5136386156082153,0.9499022364616394,0.40654459595680237,0.7293400168418884,-0.20278994739055634,0.9473698139190674,0.3901871144771576,0.7611038088798523,-0.39905455708503723,0.9347569942474365,forward,23.141589988415493,1
252,8.4084,94.09689903259277,,,,,,,,,,,,,,,,,,,,0.44541072845458984,0.572478175163269,-0.009394117631018162,0.9999411702156067,0.4059280455112457,0.6451570987701416,-0.5076621770858765,0.9539099931716919,0.40645667910575867,0.7293397784233093,-0.2011333853006363,0.9517145156860352,0.3901861608028412,0.7611458897590637,-0.39847421646118164,0.9400994181632996,forward,24.034473793368875,1
253,8.441766666666666,93.87683868408203,,,,,,,,,,,,,,,,,,,,0.44541293382644653,0.5686754584312439,-0.009897158481180668,0.99994295835495,0.40677741169929504,0.6441847681999207,-0.48168712854385376,0.956749677658081,0.4061567485332489,0.7293389439582825,-0.18386007845401764,0.9547088146209717,0.39019912481307983,0.761165201663971,-0.3799384832382202,0.9437568783760071,forward,25.46688827661405,1
254,8.475133333333334,91.79997444152832,,,,,,,,,,,,,,,,,,,,0.4453330636024475,0.5649195313453674,-0.009839585050940514,0.9999435544013977,0.4071582853794098,0.6433899402618408,-0.43521469831466675,0.9586624503135681,0.40588369965553284,0.728977382183075,-0.1298641860485077,0.9566105008125305,0.3903294503688812,0.7610625624656677,-0.3262796700000763,0.9461864829063416,forward,26.605044542862412,1
255,8.5085,92.34189987182617,,,,,,,,,,,,,,,,,,,,0.44529175758361816,0.561188280582428,-0.009668669663369656,0.9999427795410156,0.4076630473136902,0.6424962282180786,-0.41485241055488586,0.9600181579589844,0.40582066774368286,0.7286086678504944,-0.09715632349252701,0.9579304456710815,0.3905055522918701,0.7613485455513,-0.2911841869354248,0.9480469226837158,forward,27.04769247317295,1
256,8.541866666666667,93.48201751708984,,,,,,,,,,,,,,,,,,,,0.4452257752418518,0.5586740970611572,-0.009554151445627213,0.9999410510063171,0.4080123007297516,0.6411867141723633,-0.38248100876808167,0.9610452651977539,0.4057668447494507,0.7279971837997437,-0.06291353702545166,0.9591413736343384,0.39063259959220886,0.7619612812995911,-0.2557114064693451,0.9496427178382874,forward,28.26642015870033,1
257,8.575233333333333,94.26212310791016,,,,,,,,,,,,,,,,,,,,0.44507136940956116,0.5552104711532593,-0.008938579820096493,0.9999403357505798,0.40818774700164795,0.6406526565551758,-0.3326359689235687,0.962383508682251,0.405679851770401,0.7279360294342041,-0.026797691360116005,0.9606292247772217,0.390653133392334,0.762065052986145,-0.22185899317264557,0.9513887166976929,forward,31.387835690846586,1
258,8.608600000000001,93.11509132385254,,,,,,,,,,,,,,,,,,,,0.4450726807117462,0.5533186793327332,-0.0018861446296796203,0.9999407529830933,0.40837451815605164,0.6396434903144836,-0.3252127468585968,0.9640796184539795,0.40567731857299805,0.7279329299926758,-0.024095280095934868,0.9625186324119568,0.39065441489219666,0.7621759176254272,-0.2218789905309677,0.9535870552062988,forward,31.952442689078516,1
259,8.641966666666667,94.28882598876953,,,,,,,,,,,,,,,,,,,,0.44502386450767517,0.5495518445968628,-0.00133420224301517,0.9999418258666992,0.40903690457344055,0.6376438736915588,-0.3475608825683594,0.9648441672325134,0.4055488109588623,0.7279386520385742,-0.06390726566314697,0.9635077714920044,0.3906559646129608,0.7621751427650452,-0.2666653096675873,0.9547101855278015,forward,32.52432080128193,1
260,8.675333333333333,92.71764755249023,,,,,,,,,,,,,,,,,,,,0.444999635219574,0.5470589995384216,0.0015778648667037487,0.9999428987503052,0.40945762395858765,0.6355562210083008,-0.31882214546203613,0.966637134552002,0.40542012453079224,0.72782301902771,-0.05255057290196419,0.9655644297599792,0.39063453674316406,0.7622190117835999,-0.2529551386833191,0.9572314620018005,forward,35.18147416146456,1
261,8.7087,93.43481063842773,,,,,,,,,,,,,,,,,,,,0.4449843764305115,0.5444082021713257,0.001959578599780798,0.9999446272850037,0.40957778692245483,0.6344171762466431,-0.3108726441860199,0.9686088562011719,0.4053345322608948,0.7278276681900024,-0.057877954095602036,0.9677190184593201,0.38958656787872314,0.7621816396713257,-0.25545480847358704,0.9597837328910828,forward,36.94340613344665,1
262,8.742066666666666,92.30279922485352,,,,,,,,,,,,,,,,,,,,0.44489431381225586,0.5409238338470459,0.0014543045544996858,0.9999461770057678,0.410431832075119,0.6320842504501343,-0.3280874192714691,0.9697287082672119,0.40524396300315857,0.727859377861023,-0.06810470670461655,0.9692254662513733,0.38929733633995056,0.7621612548828125,-0.26014286279678345,0.9616779088973999,forward,36.28239916838367,1
263,8.775433333333334,92.96298027038574,,,,,,,,,,,,,,,,,,,,0.44479942321777344,0.5387313961982727,0.000964780745562166,0.9999479055404663,0.4106864929199219,0.6316906809806824,-0.3230229914188385,0.9704901576042175,0.40520375967025757,0.727914571762085,-0.07393816858530045,0.970433235168457,0.38930341601371765,0.7618973851203918,-0.26906558871269226,0.9632182717323303,forward,37.72401869622084,1
264,8.8088,92.02194213867188,,,,,,,,,,,,,,,,,,,,0.44462770223617554,0.5363736748695374,0.0007516499608755112,0.9999503493309021,0.411326140165329,0.63109290599823,-0.2817612588405609,0.97157222032547,0.4051707684993744,0.727929949760437,-0.03756061941385269,0.9718285202980042,0.3893103003501892,0.7611089944839478,-0.23646335303783417,0.9649608731269836,forward,40.83071487215278,1
265,8.842166666666667,92.8657054901123,,,,,,,,,,,,,,,,,,,,0.4446215033531189,0.53515625,0.00023154680093284696,0.9999517798423767,0.4123748540878296,0.6307726502418518,-0.22205394506454468,0.9704775810241699,0.40509721636772156,0.7279672622680664,0.022193213924765587,0.9718874096870422,0.3893146514892578,0.7611156702041626,-0.17078740894794464,0.9650341272354126,forward,45.78925574143351,1
266,8.875533333333333,93.92976760864258,,,,,,,,,,,,,,,,,,,,0.4446690082550049,0.5332568883895874,7.886706953286193e-06,0.9999535083770752,0.4133533239364624,0.6307212114334106,-0.12380481511354446,0.9687070846557617,0.4048471748828888,0.7279672622680664,0.12192250043153763,0.9718243479728699,0.3893183171749115,0.7609771490097046,-0.07114215195178986,0.9647418856620789,forward,60.86718502877302,1
267,8.908900000000001,92.29803085327148,,,,,,,,,,,,,,,,,,,,0.44474712014198303,0.532474160194397,-0.00040503768832422793,0.9999555945396423,0.4144352376461029,0.6303046345710754,-0.07138592004776001,0.9685550332069397,0.40482792258262634,0.7279843091964722,0.160532608628273,0.9730196595191956,0.3901183307170868,0.760982096195221,-0.04469606652855873,0.9659531116485596,forward,77.83193670717438,1
268,8.942266666666667,92.0248031616211,,,,,,,,,,,,,,,,,,,,0.44478681683540344,0.5324124693870544,-0.001643114141188562,0.9999567866325378,0.41528356075286865,0.6303423047065735,-0.03938306123018265,0.9673951268196106,0.4047852158546448,0.7279768586158752,0.19380097091197968,0.9734373688697815,0.39081451296806335,0.7609964609146118,-0.0029741120524704456,0.9660419225692749,forward,92.22463076559698,1
269,8.975633333333333,91.32099151611328,,,,,,,,,,,,,,,,,,,,0.44472452998161316,0.5326859951019287,-0.001951581216417253,0.9999576807022095,0.4156728684902191,0.6305770874023438,-0.0004209933686070144,0.9664773344993591,0.4048151671886444,0.7276414036750793,0.24982240796089172,0.9740642309188843,0.3910731375217438,0.761294424533844,0.059832580387592316,0.9663546085357666,forward,111.82802007712844,1
270,9.009,92.79799461364746,,,,,,,,,,,,,,,,,,,,0.4443088173866272,0.5326711535453796,-0.0018766383873298764,0.9999573230743408,0.41685667634010315,0.6305872201919556,0.024734828621149063,0.963419497013092,0.4048517942428589,0.7275134325027466,0.2600055932998657,0.973609447479248,0.39162877202033997,0.7613083720207214,0.07950691878795624,0.9651643633842468,forward,126.90983427518846,1
271,9.042366666666666,93.9631462097168,,,,,,,,,,,,,,,,,,,,0.44393283128738403,0.5325677990913391,-0.0014377943007275462,0.9999574422836304,0.41772952675819397,0.6303035020828247,0.014612884260714054,0.9620576500892639,0.4050074815750122,0.7273821234703064,0.20742133259773254,0.9739241600036621,0.39164772629737854,0.761580228805542,0.03960510715842247,0.9651584625244141,forward,125.66164243514346,1
272,9.075733333333334,93.58477592468262,,,,,,,,,,,,,,,,,,,,0.4435611963272095,0.5320168137550354,-0.0002535784733481705,0.999956488609314,0.4182194471359253,0.6300292611122131,0.01893998123705387,0.9577488899230957,0.40529870986938477,0.7272781729698181,0.1848888248205185,0.9727369546890259,0.39173218607902527,0.7611774802207947,0.026229891926050186,0.9631792306900024,forward,131.04765818905506,1
273,9.1091,93.85824203491211,,,,,,,,,,,,,,,,,,,,0.4433503746986389,0.5319076180458069,-0.00025165319675579667,0.999955952167511,0.41873225569725037,0.6300165057182312,0.02910507284104824,0.9567371606826782,0.4054207503795624,0.7272785902023315,0.23139609396457672,0.97314453125,0.39195242524147034,0.7611661553382874,0.05293198302388191,0.9632189869880676,forward,131.87612274138283,1
274,9.142466666666667,93.58382225036621,,,,,,,,,,,,,,,,,,,,0.4430721700191498,0.5316256284713745,-0.000269989570369944,0.9999544620513916,0.41923677921295166,0.6299269199371338,0.01915600337088108,0.9516997337341309,0.40559202432632446,0.7271814346313477,0.19449350237846375,0.9709246754646301,0.39212414622306824,0.7610847353935242,0.03575974702835083,0.9599536061286926,forward,129.95064644501505,1
275,9.175833333333333,92.5142765045166,,,,,,,,,,,,,,,,,,,,0.4427795112133026,0.531248927116394,-0.0002990651410073042,0.9999534487724304,0.4195944666862488,0.6298061609268188,0.01521947793662548,0.9481781125068665,0.4056224822998047,0.7271388173103333,0.20093083381652832,0.9697389006614685,0.39223670959472656,0.7610538005828857,0.03264812007546425,0.9579356908798218,forward,126.48538449888432,1
276,9.209200000000001,91.85600280761719,,,,,,,,,,,,,,,,,,,,0.4425283968448639,0.5303390622138977,-0.0006146847736090422,0.9999520778656006,0.4196375608444214,0.6298221349716187,0.006861854810267687,0.9432223439216614,0.40562665462493896,0.7271326780319214,0.19025258719921112,0.9675533771514893,0.39236754179000854,0.7610422968864441,0.02269912324845791,0.9545047283172607,forward,122.27377620903665,1
277,9.242566666666667,93.6729907989502,,,,,,,,,,,,,,,,,,,,0.44228988885879517,0.5294671654701233,-0.0005754805169999599,0.9999504685401917,0.4196307361125946,0.6298123002052307,0.0037274379283189774,0.9396010637283325,0.405661404132843,0.7271350622177124,0.1858900487422943,0.9656348824501038,0.39242133498191833,0.7610562443733215,0.01327634695917368,0.951627790927887,forward,120.65268273653074,1
278,9.275933333333333,93.43099594116211,,,,,,,,,,,,,,,,,,,,0.4419667422771454,0.5289220809936523,-0.0004685877065639943,0.9999502301216125,0.41967201232910156,0.6297373175621033,0.003882351564243436,0.9394945502281189,0.4059846103191376,0.7271670699119568,0.18185341358184814,0.9658423066139221,0.39244160056114197,0.7610653042793274,0.009846126660704613,0.9515429735183716,forward,121.24908266920183,1
279,9.3093,92.60201454162598,,,,,,,,,,,,,,,,,,,,0.4417404234409332,0.5286268591880798,-0.00012027927732560784,0.9999504685401917,0.4199092388153076,0.629543125629425,0.00514551717787981,0.9396515488624573,0.40638262033462524,0.727185845375061,0.18532277643680573,0.9662291407585144,0.3924156129360199,0.7610083222389221,0.0101593853905797,0.9518425464630127,forward,121.51113374977615,1
280,9.342666666666666,93.11795234680176,,,,,,,,,,,,,,,,,,,,0.441732794046402,0.5282536745071411,-0.0006026701303198934,0.99994957447052,0.420071005821228,0.6295017004013062,-0.0019354202086105943,0.9347606897354126,0.40643274784088135,0.7272313833236694,0.15814468264579773,0.963079571723938,0.3924274444580078,0.7608742117881775,-0.004605596419423819,0.9477927684783936,forward,120.82204763420211,1
281,9.376033333333334,94.33507919311523,,,,,,,,,,,,,,,,,,,,0.44169852137565613,0.5277872681617737,-0.0004951192531734705,0.9999499320983887,0.42006710171699524,0.6295062303543091,-0.005110660567879677,0.9336926341056824,0.4065733253955841,0.7274547219276428,0.15961356461048126,0.9622782468795776,0.39242979884147644,0.7608699202537537,-0.0025039224419742823,0.9466105699539185,forward,118.34416830161285,1
282,9.4094,93.31917762756348,,,,,,,,,,,,,,,,,,,,0.44171565771102905,0.5276245474815369,-0.0002435933711240068,0.9999501705169678,0.42003172636032104,0.6295856833457947,-0.00618027476593852,0.9347562789916992,0.4066125750541687,0.7275506258010864,0.19861719012260437,0.9624617099761963,0.3924083113670349,0.7608821392059326,0.028355581685900688,0.9465829133987427,forward,112.44000042332272,1
283,9.442766666666667,91.5520191192627,,,,,,,,,,,,,,,,,,,,0.4417054355144501,0.5276703238487244,-0.0003063659823965281,0.9999504089355469,0.42002445459365845,0.6295921206474304,-0.006863533519208431,0.934171199798584,0.40662428736686707,0.7275643944740295,0.19597721099853516,0.9617575407028198,0.3923821449279785,0.7608946561813354,0.02181359753012657,0.9453665018081665,forward,112.31493578941195,1
284,9.476133333333333,93.16301345825195,,,,,,,,,,,,,,,,,,,,0.44162288308143616,0.5273610353469849,-0.00028210095479153097,0.9999505281448364,0.42001253366470337,0.6294831037521362,-0.007440631277859211,0.9338897466659546,0.40662825107574463,0.7275869846343994,0.1946801245212555,0.9610509276390076,0.39237329363822937,0.7608970403671265,0.017881853505969048,0.9441637992858887,forward,112.10345381970323,1
285,9.509500000000001,94.00177001953125,,,,,,,,,,,,,,,,,,,,0.4414937198162079,0.5271978378295898,-0.0001622080453671515,0.9999510645866394,0.42000603675842285,0.6294267773628235,-0.006973555311560631,0.9357197284698486,0.40664082765579224,0.7275860905647278,0.19457387924194336,0.9618813991546631,0.39241695404052734,0.7608989477157593,0.018789011985063553,0.945066511631012,forward,112.37414391898724,1
286,9.542866666666667,93.07384490966797,,,,,,,,,,,,,,,,,,,,0.44141700863838196,0.5271904468536377,0.0007606528233736753,0.9999510049819946,0.41999995708465576,0.6293942928314209,0.00016482127830386162,0.9365366101264954,0.4066283702850342,0.7275806665420532,0.20094238221645355,0.9622273445129395,0.3924195468425751,0.7609383463859558,0.02785450406372547,0.9453506469726562,forward,115.87003365246079,1
287,9.576233333333333,93.72591972351074,,,,,,,,,,,,,,,,,,,,0.4413972795009613,0.5272156596183777,0.0019991768058389425,0.9999510049819946,0.4199943244457245,0.629391074180603,-0.00035606007440946996,0.9371480941772461,0.4065949618816376,0.7276164293289185,0.19117935001850128,0.9624478220939636,0.39238929748535156,0.7610645294189453,0.024429164826869965,0.9455857276916504,forward,115.99913635972611,1
288,9.6096,94.51913833618164,,,,,,,,,,,,,,,,,,,,0.44139236211776733,0.5273786187171936,0.003959306050091982,0.9999508261680603,0.4199753403663635,0.6295639276504517,-0.0012656472390517592,0.9393817782402039,0.40654316544532776,0.7276716828346252,0.18792760372161865,0.9636812210083008,0.3923247158527374,0.761146605014801,0.021403802558779716,0.9473116993904114,forward,114.68977972986589,1
289,9.642966666666666,94.57039833068848,,,,,,,,,,,,,,,,,,,,0.44142529368400574,0.5277756452560425,0.004005506169050932,0.9999490976333618,0.4198908805847168,0.6299533843994141,-0.019779961556196213,0.9378545880317688,0.40650713443756104,0.7276812791824341,0.11545903235673904,0.9618261456489563,0.3922956883907318,0.7612253427505493,-0.02103344351053238,0.9450486302375793,forward,113.18231753960549,1
290,9.676333333333334,93.68109703063965,,,,,,,,,,,,,,,,,,,,0.44150522351264954,0.528882622718811,0.004734362941235304,0.9999486207962036,0.419437050819397,0.6307942271232605,-0.02145981602370739,0.9410109519958496,0.40648677945137024,0.7276833653450012,0.14203350245952606,0.9636522531509399,0.3921842575073242,0.7612607479095459,-0.014235429465770721,0.9475283622741699,forward,106.67731400366827,1
291,9.7097,93.3997631072998,,,,,,,,,,,,,,,,,,,,0.44159865379333496,0.5303201079368591,0.004684783052653074,0.9999467134475708,0.41939759254455566,0.6309995651245117,-0.030846072360873222,0.9428581595420837,0.406483918428421,0.7276671528816223,0.14288011193275452,0.9645711779594421,0.39218059182167053,0.7612717747688293,-0.019081342965364456,0.94869065284729,forward,100.19786974967045,1
292,9.743066666666667,137.15696334838867,,,,,,,,,,,,,,,,,,,,0.44173598289489746,0.5321722626686096,0.00437873974442482,0.9999440312385559,0.4193291962146759,0.6316218972206116,-0.03133635222911835,0.9453245401382446,0.40644481778144836,0.7276666760444641,0.14816303551197052,0.9660130143165588,0.3921562731266022,0.7612765431404114,-0.015098833478987217,0.9505937099456787,forward,98.95410411414744,1
293,9.776433333333333,92.66400337219238,,,,,,,,,,,,,,,,,,,,0.4418952465057373,0.533252477645874,0.004101095721125603,0.9999390840530396,0.4193233251571655,0.6320653557777405,-0.029263172298669815,0.946047306060791,0.4064345061779022,0.727676272392273,0.1545414924621582,0.9666106700897217,0.39215314388275146,0.7612800598144531,-0.01239238865673542,0.9512646198272705,forward,99.36896049799613,1
294,9.809800000000001,92.71097183227539,,,,,,,,,,,,,,,,,,,,0.44202980399131775,0.5342325568199158,0.002857007784768939,0.9999332427978516,0.4193413555622101,0.6322243809700012,-0.03421858698129654,0.9470700025558472,0.40642204880714417,0.7276769280433655,0.13941562175750732,0.9671894311904907,0.392150342464447,0.7612831592559814,-0.02326374128460884,0.9520666003227234,forward,98.6711096133893,1
295,9.843166666666667,94.66695785522461,,,,,,,,,,,,,,,,,,,,0.4422672688961029,0.5348240733146667,0.000920052349101752,0.9999244809150696,0.41934168338775635,0.6322430372238159,-0.058706045150756836,0.9477318525314331,0.4063909947872162,0.7277191281318665,0.09420580416917801,0.9673265218734741,0.3921515941619873,0.7612857222557068,-0.06508172303438187,0.9522580504417419,forward,91.30779970261736,1
296,9.876533333333333,94.47073936462402,,,,,,,,,,,,,,,,,,,,0.442586749792099,0.5355027318000793,-0.0007457491592504084,0.9999154210090637,0.41929569840431213,0.6324281096458435,-0.08502919226884842,0.9497729539871216,0.40634435415267944,0.7277778387069702,0.08329601585865021,0.9681275486946106,0.39216259121894836,0.7613098621368408,-0.08779036998748779,0.9534602165222168,forward,79.42826699133362,1
297,9.9099,94.23089027404785,,,,,,,,,,,,,,,,,,,,0.44269752502441406,0.537066638469696,-0.0008757375180721283,0.9999083876609802,0.4188038408756256,0.6329172849655151,-0.10933463275432587,0.9521466493606567,0.40634456276893616,0.7277652621269226,0.10262621939182281,0.9690948724746704,0.39188405871391296,0.7613365650177002,-0.07101944088935852,0.9546051621437073,forward,66.5061993327899,1
298,9.943266666666666,93.75476837158203,,,,,,,,,,,,,,,,,,,,0.44293302297592163,0.5384982824325562,-0.00012087188952136785,0.9999029636383057,0.41767287254333496,0.6339671015739441,-0.09034138917922974,0.9551410675048828,0.40648314356803894,0.7276127338409424,0.13740423321723938,0.9705405235290527,0.391652375459671,0.761372983455658,-0.03702940046787262,0.9565458297729492,forward,69.91262867531682,1
299,9.976633333333334,93.14393997192383,,,,,,,,,,,,,,,,,,,,0.4432603120803833,0.5394781231880188,0.0006031554075889289,0.9999019503593445,0.416828453540802,0.6349122524261475,-0.08200228214263916,0.9582707285881042,0.4065956771373749,0.7275427579879761,0.1692895144224167,0.9723913073539734,0.391647607088089,0.7613760828971863,-0.0178996492177248,0.9590917229652405,forward,70.30601229597451,1
300,10.01,93.76692771911621,,,,,,,,,,,,,,,,,,,,0.44357961416244507,0.5407066941261292,0.0006090460228733718,0.9998982548713684,0.4162673056125641,0.6353833675384521,-0.1494791954755783,0.9594221115112305,0.4067697823047638,0.7275339961051941,0.09836296737194061,0.9725335836410522,0.39164555072784424,0.7613394856452942,-0.09392524510622025,0.9593038558959961,forward,53.564628511354755,1
301,10.043366666666667,94.66314315795898,,,,,,,,,,,,,,,,,,,,0.4438663423061371,0.5415557026863098,0.0005613615503534675,0.9998936653137207,0.41550689935684204,0.6356629729270935,-0.16999875009059906,0.9610335826873779,0.40694743394851685,0.7275604009628296,0.06409032642841339,0.9732446074485779,0.39164260029792786,0.761323094367981,-0.13574190437793732,0.9602723717689514,forward,51.20388698049355,1
302,10.076733333333333,93.74427795410156,,,,,,,,,,,,,,,,,,,,0.4442360997200012,0.542461633682251,0.0005541973514482379,0.9998857975006104,0.4145744740962982,0.6359938383102417,-0.17501820623874664,0.9615856409072876,0.40703171491622925,0.7275607585906982,0.06197863817214966,0.9730609059333801,0.3917081654071808,0.7611610889434814,-0.13262060284614563,0.9600299596786499,forward,50.05851218155389,1
303,10.110100000000001,94.47336196899414,,,,,,,,,,,,,,,,,,,,0.4444223940372467,0.5439258217811584,0.0006481694872491062,0.9998784065246582,0.41323208808898926,0.636286199092865,-0.18408425152301788,0.9618771076202393,0.40686479210853577,0.727563202381134,0.03902900591492653,0.9727925658226013,0.3916229009628296,0.7609637975692749,-0.1604246348142624,0.9593232274055481,forward,49.68714229528795,1
304,10.143466666666667,94.01702880859375,,,,,,,,,,,,,,,,,,,,0.4446256756782532,0.5446789264678955,0.0008253033738583326,0.9998695850372314,0.4123263359069824,0.6362506747245789,-0.22884707152843475,0.9618950486183167,0.4067445993423462,0.7276598215103149,-0.019099948927760124,0.9720479249954224,0.3912624716758728,0.7607816457748413,-0.2197110503911972,0.9579164981842041,forward,46.02993341379873,1
305,10.176833333333333,93.45793724060059,,,,,,,,,,,,,,,,,,,,0.4446590840816498,0.5464087128639221,0.0005434436025097966,0.9998578429222107,0.4109223783016205,0.6362351775169373,-0.2943606972694397,0.9614616632461548,0.4067341685295105,0.7277294397354126,-0.07560960203409195,0.9703225493431091,0.3911727964878082,0.7607845664024353,-0.28013575077056885,0.955605685710907,forward,40.228073824369346,1
306,10.2102,93.14393997192383,,,,,,,,,,,,,,,,,,,,0.44471049308776855,0.547457754611969,-0.00012227933621034026,0.9998491406440735,0.4099993407726288,0.6361331343650818,-0.334307461977005,0.963032066822052,0.406203955411911,0.727727472782135,-0.11287370324134827,0.9704355597496033,0.39077645540237427,0.7607337236404419,-0.32482609152793884,0.9559665322303772,forward,37.864252881907206,1
307,10.243566666666666,91.80116653442383,,,,,,,,,,,,,,,,,,,,0.4448128044605255,0.5495129227638245,4.3844571337103844e-05,0.9998431205749512,0.40913060307502747,0.6360068917274475,-0.3497155010700226,0.964726448059082,0.4061931371688843,0.7277618050575256,-0.15093152225017548,0.9705936908721924,0.39073997735977173,0.7604856491088867,-0.3621698319911957,0.9565513134002686,forward,39.141254187766265,1
308,10.276933333333334,91.95709228515625,,,,,,,,,,,,,,,,,,,,0.445026159286499,0.5517145991325378,0.000927713408600539,0.9998399019241333,0.4082743525505066,0.6360009908676147,-0.3263152539730072,0.9653294682502747,0.4061641991138458,0.7277650237083435,-0.14185066521167755,0.9697664380073547,0.3906475007534027,0.7603799700737,-0.34623050689697266,0.9560956954956055,forward,41.37789375431502,1
309,10.3103,92.96989440917969,,,,,,,,,,,,,,,,,,,,0.4450756907463074,0.5532017350196838,0.0008532839128747582,0.9998395442962646,0.40783482789993286,0.6362009048461914,-0.3519141674041748,0.9660410284996033,0.40611958503723145,0.7277664542198181,-0.12898267805576324,0.9691469669342041,0.3901277184486389,0.7603811025619507,-0.33357158303260803,0.955974280834198,forward,36.059846472305495,1
310,10.343666666666667,92.27490425109863,,,,,,,,,,,,,,,,,,,,0.4453343451023102,0.5555244088172913,0.0004621801199391484,0.9998378157615662,0.4070780575275421,0.6374216675758362,-0.3635469079017639,0.9661518931388855,0.4060823321342468,0.7278582453727722,-0.12914437055587769,0.9675583839416504,0.3900686204433441,0.7603868842124939,-0.33386874198913574,0.9547767639160156,forward,34.2631699176598,1
311,10.377033333333333,92.98586845397949,,,,,,,,,,,,,,,,,,,,0.4454761743545532,0.557228684425354,-0.0007514985627494752,0.9998334050178528,0.40665945410728455,0.6386492848396301,-0.3584151566028595,0.9649602770805359,0.4060727655887604,0.7278597950935364,-0.11451466381549835,0.9643903970718384,0.3902304470539093,0.7605615854263306,-0.31331008672714233,0.9521709084510803,forward,33.42860427051745,1
312,10.410400000000001,94.66290473937988,,,,,,,,,,,,,,,,,,,,0.4455743432044983,0.5586663484573364,-0.0006193911540322006,0.9998307228088379,0.4066472053527832,0.6386516690254211,-0.3645036518573761,0.9637482166290283,0.40599024295806885,0.7278425097465515,-0.12820540368556976,0.9616811275482178,0.3898564279079437,0.7606002688407898,-0.32581064105033875,0.9502927660942078,forward,33.57763917314471,1
313,10.443766666666667,92.85688400268555,,,,,,,,,,,,,,,,,,,,0.4458504617214203,0.5598366260528564,-0.0006644005770795047,0.9998284578323364,0.4066832363605499,0.6387939453125,-0.3715077042579651,0.9633381962776184,0.40582939982414246,0.7278639078140259,-0.1437932848930359,0.9602583646774292,0.38973578810691833,0.7606488466262817,-0.3487846553325653,0.9494415521621704,forward,33.877278950832036,1
314,10.477133333333333,93.00994873046875,,,,,,,,,,,,,,,,,,,,0.4459095001220703,0.5612694621086121,-0.0007914957241155207,0.9998286366462708,0.4066988229751587,0.6389200091362,-0.38444751501083374,0.9629364609718323,0.40567073225975037,0.7278692126274109,-0.13978129625320435,0.959322452545166,0.38971376419067383,0.7608926296234131,-0.34331014752388,0.9489649534225464,forward,31.928149780706352,1
315,10.5105,93.25385093688965,,,,,,,,,,,,,,,,,,,,0.44604167342185974,0.5632382035255432,-0.0008150574285537004,0.9998281002044678,0.4066884219646454,0.6390762329101562,-0.38129496574401855,0.961585521697998,0.40566378831863403,0.727865993976593,-0.13048480451107025,0.9570056200027466,0.38972207903862,0.7609071135520935,-0.32963618636131287,0.9468358755111694,forward,31.298572507048863,1
316,10.543866666666666,94.86699104309082,,,,,,,,,,,,,,,,,,,,0.4460943639278412,0.5644391179084778,-0.00062318064738065,0.999828577041626,0.4066406488418579,0.6392585635185242,-0.38318338990211487,0.9604780077934265,0.40557199716567993,0.7278732061386108,-0.13906818628311157,0.9556871056556702,0.38990044593811035,0.760938823223114,-0.3396824598312378,0.9457377791404724,forward,31.544267164083678,1
317,10.577233333333334,94.21396255493164,,,,,,,,,,,,,,,,,,,,0.4461525082588196,0.5658567547798157,-0.000665143015794456,0.99983149766922,0.40641990303993225,0.6393168568611145,-0.3941706717014313,0.959518551826477,0.4054216742515564,0.7279624938964844,-0.1681509017944336,0.9546747803688049,0.39008617401123047,0.7609459161758423,-0.37026751041412354,0.9452298283576965,forward,32.47947680571028,1
318,10.6106,92.95105934143066,,,,,,,,,,,,,,,,,,,,0.446348637342453,0.5671930909156799,-0.0006647307891398668,0.999830961227417,0.40575531125068665,0.640336811542511,-0.39910364151000977,0.9560469388961792,0.40541571378707886,0.7279965877532959,-0.15675413608551025,0.9509865045547485,0.38996756076812744,0.7610238790512085,-0.35377028584480286,0.9415301084518433,forward,30.787881235708113,1
319,10.643966666666667,93.55592727661133,,,,,,,,,,,,,,,,,,,,0.44658592343330383,0.5691277980804443,-0.0007579465745948255,0.9998360872268677,0.40520238876342773,0.6406147480010986,-0.42552661895751953,0.9540203213691711,0.4054132103919983,0.7280108332633972,-0.17210619151592255,0.9486721158027649,0.38968169689178467,0.7610253691673279,-0.3693050146102905,0.9392305016517639,forward,29.0502655616029,1
320,10.677333333333333,93.63198280334473,,,,,,,,,,,,,,,,,,,,0.4466843605041504,0.5717140436172485,-0.0012235468020662665,0.9998384118080139,0.4048427641391754,0.6407395005226135,-0.4529057741165161,0.953561544418335,0.4055003523826599,0.7280120849609375,-0.20728537440299988,0.9475998282432556,0.3896467089653015,0.7610267400741577,-0.40935584902763367,0.93849116563797,forward,28.663530703987586,1
321,10.710700000000001,93.33205223083496,,,,,,,,,,,,,,,,,,,,0.4468227028846741,0.5751253962516785,-0.0026981299743056297,0.9998413324356079,0.40404361486434937,0.6420988440513611,-0.4511905908584595,0.9510815739631653,0.40562528371810913,0.7281215190887451,-0.20761863887310028,0.9444676637649536,0.3896110951900482,0.7610327005386353,-0.4039157032966614,0.9352774620056152,forward,28.351421028447934,1
322,10.744066666666667,92.6368236541748,,,,,,,,,,,,,,,,,,,,0.44727569818496704,0.5766019821166992,-0.0026730760000646114,0.9998418688774109,0.40365463495254517,0.6425463557243347,-0.4447993338108063,0.9450880885124207,0.4057721793651581,0.7282801270484924,-0.2023019790649414,0.9381846189498901,0.38942572474479675,0.7610055208206177,-0.3938177227973938,0.9286816120147705,forward,28.3675996832038,1
323,10.777433333333333,93.41597557067871,,,,,,,,,,,,,,,,,,,,0.44768109917640686,0.5794561505317688,-0.0033749211579561234,0.9998455047607422,0.40314897894859314,0.6430177688598633,-0.4628337621688843,0.94279944896698,0.40609386563301086,0.7286570072174072,-0.21527397632598877,0.9364564418792725,0.3894234001636505,0.7610321640968323,-0.41520148515701294,0.925912618637085,forward,27.342938642898567,1
324,10.8108,92.73719787597656,,,,,,,,,,,,,,,,,,,,0.44814640283584595,0.5814875364303589,-0.006004283670336008,0.999847948551178,0.40308910608291626,0.6435106992721558,-0.4886576235294342,0.9397558569908142,0.406068354845047,0.7288646697998047,-0.24163506925106049,0.9351493716239929,0.3894057273864746,0.7610321044921875,-0.4481605589389801,0.9236727356910706,forward,26.745887987303103,1
325,10.844166666666666,93.66679191589355,,,,,,,,,,,,,,,,,,,,0.44844862818717957,0.5824654698371887,-0.006665123160928488,0.9998487234115601,0.40304479002952576,0.6439467072486877,-0.49241903424263,0.9375735521316528,0.4059363305568695,0.7288837432861328,-0.24920998513698578,0.9336602091789246,0.38938093185424805,0.7610562443733215,-0.45402681827545166,0.9214823842048645,forward,26.827825850132896,1
326,10.877533333333334,92.16094017028809,,,,,,,,,,,,,,,,,,,,0.4487282931804657,0.5836092829704285,-0.007570972200483084,0.9998483657836914,0.40301093459129333,0.644443690776825,-0.4887530207633972,0.9365392923355103,0.40593746304512024,0.7288681864738464,-0.24690969288349152,0.9330506920814514,0.3893785774707794,0.7610295414924622,-0.44850215315818787,0.920111358165741,forward,26.824343778078017,1
327,10.9109,92.40102767944336,,,,,,,,,,,,,,,,,,,,0.4492299556732178,0.5842707753181458,-0.007984701544046402,0.9998487830162048,0.40303221344947815,0.6449258923530579,-0.4830392897129059,0.9339923858642578,0.4059312343597412,0.7288122773170471,-0.23312881588935852,0.9304652214050293,0.389504611492157,0.7609628438949585,-0.4327394664287567,0.9163413047790527,forward,26.243395914570986,1
328,10.944266666666667,92.65398979187012,,,,,,,,,,,,,,,,,,,,0.44938427209854126,0.5853505730628967,-0.008945446461439133,0.9998515248298645,0.4031401574611664,0.6449070572853088,-0.4896385371685028,0.9356716275215149,0.40592989325523376,0.7288130521774292,-0.24192208051681519,0.9321107268333435,0.3897482454776764,0.7608890533447266,-0.4428536593914032,0.9176615476608276,forward,26.18220900238386,1
329,10.977633333333333,92.9098129272461,,,,,,,,,,,,,,,,,,,,0.4494279623031616,0.5859605073928833,-0.009138161316514015,0.9998527765274048,0.40316125750541687,0.6451918482780457,-0.48298153281211853,0.9381735324859619,0.4059385657310486,0.7287887930870056,-0.23411370813846588,0.9343343377113342,0.38981324434280396,0.7609002590179443,-0.43817833065986633,0.9195417761802673,forward,26.116409045239205,1
330,11.011000000000001,93.57905387878418,,,,,,,,,,,,,,,,,,,,0.4494320750236511,0.5863025188446045,-0.009028250351548195,0.9998562335968018,0.40318921208381653,0.6453012228012085,-0.4798729717731476,0.939303994178772,0.4059392809867859,0.7287763357162476,-0.22979475557804108,0.9356889724731445,0.3898349404335022,0.7609319686889648,-0.436126708984375,0.9203419089317322,forward,26.03368158460148,1
331,11.044366666666667,93.36018562316895,,,,,,,,,,,,,,,,,,,,0.4494355618953705,0.5865411758422852,-0.0093770120292902,0.9998603463172913,0.40319687128067017,0.6452805399894714,-0.4865359365940094,0.9408504962921143,0.40595313906669617,0.7287676930427551,-0.23418018221855164,0.9376882314682007,0.3898506760597229,0.7610544562339783,-0.43541085720062256,0.921983003616333,forward,25.750075018238306,1
332,11.077733333333333,93.30201148986816,,,,,,,,,,,,,,,,,,,,0.44943657517433167,0.5860984325408936,-0.009324646554887295,0.9998636245727539,0.4032028615474701,0.6453989148139954,-0.4826008677482605,0.9418943524360657,0.40598738193511963,0.7286665439605713,-0.21618150174617767,0.9385722875595093,0.3897916376590729,0.761100709438324,-0.4052974283695221,0.9222524166107178,forward,24.95393034534381,1
333,11.1111,94.0999984741211,,,,,,,,,,,,,,,,,,,,0.44940802454948425,0.5856752395629883,-0.009273018687963486,0.9998664259910583,0.40320897102355957,0.6454583406448364,-0.4805127680301666,0.9434499144554138,0.40600672364234924,0.728558361530304,-0.21205489337444305,0.939863920211792,0.38973468542099,0.7611007690429688,-0.4022964537143707,0.9232370853424072,forward,24.890805354161635,1
334,11.144466666666666,93.81914138793945,,,,,,,,,,,,,,,,,,,,0.44930002093315125,0.5854467749595642,-0.009412623941898346,0.9998708367347717,0.4032507538795471,0.6454381346702576,-0.4864411950111389,0.9455801844596863,0.4060218930244446,0.7285253405570984,-0.22113604843616486,0.9419575333595276,0.3897324502468109,0.7610414028167725,-0.4164856970310211,0.9253374338150024,forward,24.999895785551235,1
335,11.177833333333334,93.7800407409668,,,,,,,,,,,,,,,,,,,,0.4491787850856781,0.5853613615036011,-0.010481131263077259,0.9998769164085388,0.40341535210609436,0.6452683806419373,-0.5030076503753662,0.9478299021720886,0.4060550630092621,0.728511393070221,-0.23744286596775055,0.9439411759376526,0.38980337977409363,0.7609211206436157,-0.4374614655971527,0.927575945854187,forward,24.75549490947173,1
336,11.2112,93.74690055847168,,,,,,,,,,,,,,,,,,,,0.44917091727256775,0.5838099122047424,-0.01166188158094883,0.9998835921287537,0.40370315313339233,0.6449906229972839,-0.5160543322563171,0.9500938653945923,0.40610915422439575,0.7285093665122986,-0.25124168395996094,0.9457488059997559,0.38980692625045776,0.76082444190979,-0.45610660314559937,0.9297969341278076,forward,24.817513758028404,1
337,11.244566666666667,93.69301795959473,,,,,,,,,,,,,,,,,,,,0.44916701316833496,0.5793535113334656,-0.012122837826609612,0.9998900294303894,0.4051859378814697,0.6433906555175781,-0.5154210925102234,0.9525335431098938,0.40614211559295654,0.7284716963768005,-0.2516448199748993,0.9477666020393372,0.39037737250328064,0.7608282566070557,-0.4610047936439514,0.9322975277900696,forward,25.541925954125816,1
338,11.277933333333333,93.13488006591797,,,,,,,,,,,,,,,,,,,,0.44916656613349915,0.5754336714744568,-0.0132788410410285,0.9998950362205505,0.406414270401001,0.6429674029350281,-0.5078310966491699,0.9555375576019287,0.4061947762966156,0.7283279299736023,-0.2343364655971527,0.9502522945404053,0.39060845971107483,0.7606716156005859,-0.448789119720459,0.9353696703910828,forward,25.56072148038762,1
339,11.311300000000001,92.31805801391602,,,,,,,,,,,,,,,,,,,,0.449151873588562,0.5712835788726807,-0.013227354735136032,0.9999008774757385,0.4085984528064728,0.6420376300811768,-0.4921768307685852,0.9580632448196411,0.40619805455207825,0.7283251285552979,-0.19870302081108093,0.9522147178649902,0.3905702233314514,0.7605140805244446,-0.40558740496635437,0.9377439618110657,forward,25.308994882586614,1
340,11.344666666666667,93.92881393432617,,,,,,,,,,,,,,,,,,,,0.44912955164909363,0.5677607655525208,-0.013114504516124725,0.9999053478240967,0.4098748564720154,0.6417052149772644,-0.47382083535194397,0.9600418210029602,0.4061678647994995,0.7284313440322876,-0.17922036349773407,0.9539568424224854,0.39055436849594116,0.7605839371681213,-0.3820720613002777,0.940081000328064,forward,26.081987266670055,1
341,11.378033333333333,98.16765785217285,,,,,,,,,,,,,,,,,,,,0.44926053285598755,0.5645577907562256,-0.013311411254107952,0.9999085068702698,0.4104282259941101,0.6404483914375305,-0.46317505836486816,0.9614222049713135,0.4060840904712677,0.7284665703773499,-0.17380182445049286,0.9549139738082886,0.39058101177215576,0.7606381177902222,-0.3823643624782562,0.9415254592895508,forward,27.070156175747858,1
342,11.4114,93.80674362182617,,,,,,,,,,,,,,,,,,,,0.4493368864059448,0.5620272755622864,-0.013050012290477753,0.9999109506607056,0.4107213318347931,0.6402750015258789,-0.4503116011619568,0.9634367227554321,0.40602776408195496,0.7284008860588074,-0.15144534409046173,0.9571134448051453,0.39072126150131226,0.7607452869415283,-0.36512336134910583,0.944412350654602,forward,27.17874335810632,1
343,11.444766666666666,94.05398368835449,,,,,,,,,,,,,,,,,,,,0.44934046268463135,0.5593157410621643,-0.012002943083643913,0.9999123215675354,0.41077980399131775,0.6400838494300842,-0.41960012912750244,0.9651660919189453,0.40602949261665344,0.7282527089118958,-0.1186261922121048,0.9590908885002136,0.39080438017845154,0.7609817385673523,-0.3338592052459717,0.9468233585357666,forward,28.185155633308753,1
344,11.478133333333334,93.32799911499023,,,,,,,,,,,,,,,,,,,,0.44929176568984985,0.5558854937553406,-0.0107391607016325,0.9999141693115234,0.41112205386161804,0.6395435929298401,-0.38624122738838196,0.9671564698219299,0.4059426784515381,0.7282904386520386,-0.10402015596628189,0.9616221785545349,0.3905138075351715,0.7611616849899292,-0.31861692667007446,0.9498637914657593,forward,30.70645921085564,1
345,11.5115,92.60010719299316,,,,,,,,,,,,,,,,,,,,0.44928205013275146,0.5530871152877808,-0.0046706413850188255,0.9999158382415771,0.4113631546497345,0.6387728452682495,-0.3421941101551056,0.968738853931427,0.40594837069511414,0.7282847762107849,-0.05435609817504883,0.9635987281799316,0.39050087332725525,0.7613570094108582,-0.26025626063346863,0.9522057771682739,forward,32.287883514846136,1
346,11.544866666666667,93.28103065490723,,,,,,,,,,,,,,,,,,,,0.4492555558681488,0.5502663850784302,0.00014099129475653172,0.9999184012413025,0.4118025004863739,0.6374254822731018,-0.35417911410331726,0.9704947471618652,0.40597498416900635,0.7283028364181519,-0.0761600211262703,0.9657101631164551,0.39031466841697693,0.7611714005470276,-0.2831861078739166,0.954785943031311,forward,32.633213872949526,1
347,11.578233333333333,94.41471099853516,,,,,,,,,,,,,,,,,,,,0.44925224781036377,0.5472061038017273,0.004533424973487854,0.9999217391014099,0.4119761288166046,0.635559618473053,-0.31159788370132446,0.9722896218299866,0.40601056814193726,0.7282840609550476,-0.0612097904086113,0.9679396152496338,0.3902924656867981,0.7602331042289734,-0.26827043294906616,0.9575989246368408,forward,36.6990468605086,1
348,11.611600000000001,93.86396408081055,,,,,,,,,,,,,,,,,,,,0.44920822978019714,0.5444510579109192,0.003022844437509775,0.99992436170578,0.41219422221183777,0.633691668510437,-0.3455663323402405,0.9740811586380005,0.40597695112228394,0.7282830476760864,-0.09282990545034409,0.9700589179992676,0.39040809869766235,0.7602673172950745,-0.30025795102119446,0.9603719115257263,forward,35.56237161666341,1
349,11.644966666666667,94.34890747070312,,,,,,,,,,,,,,,,,,,,0.44899895787239075,0.542316198348999,0.0021248366683721542,0.9999279975891113,0.41232749819755554,0.6333731412887573,-0.30599159002304077,0.9759649038314819,0.40560686588287354,0.728326678276062,-0.05198067054152489,0.9723035097122192,0.39035654067993164,0.7602739930152893,-0.25498512387275696,0.9632907509803772,forward,37.735650806925726,1
350,11.678333333333333,93.85299682617188,,,,,,,,,,,,,,,,,,,,0.4490392506122589,0.5404655337333679,0.0017442111857235432,0.9999315738677979,0.41264665126800537,0.632904052734375,-0.2803501784801483,0.9773288369178772,0.4053463339805603,0.7281109094619751,-0.03100922890007496,0.974030077457428,0.3902174234390259,0.7602828741073608,-0.22395680844783783,0.9655346274375916,forward,39.88800293498738,1
351,11.7117,98.54698181152344,,,,,,,,,,,,,,,,,,,,0.44904088973999023,0.538625955581665,0.001198354410007596,0.9999350309371948,0.413639098405838,0.6324870586395264,-0.19372330605983734,0.977946400642395,0.40511733293533325,0.7281131744384766,0.026286980137228966,0.9753422141075134,0.39014819264411926,0.7601121068000793,-0.1624932438135147,0.9671252369880676,forward,50.30878302388973,1
352,11.745066666666666,92.8640365600586,,,,,,,,,,,,,,,,,,,,0.44904056191444397,0.5363434553146362,0.0010997466742992401,0.9999380707740784,0.4151707887649536,0.6319607496261597,-0.1898580640554428,0.9783679842948914,0.4044553339481354,0.728435218334198,0.02279183454811573,0.9764227867126465,0.3900563716888428,0.7600101828575134,-0.1737745851278305,0.96849524974823,forward,52.14210991863404,1
353,11.778433333333334,94.80094909667969,,,,,,,,,,,,,,,,,,,,0.4490806758403778,0.5357983112335205,0.001029459061101079,0.99993896484375,0.4155575931072235,0.6320945024490356,-0.08619028329849243,0.9761213660240173,0.4041922688484192,0.7284101247787476,0.13179998099803925,0.9758678078651428,0.39035841822624207,0.7600204348564148,-0.043469250202178955,0.9677214026451111,forward,73.00512387103605,1
354,11.8118,93.46985816955566,,,,,,,,,,,,,,,,,,,,0.4490938186645508,0.5350053310394287,0.0007412891136482358,0.9999405145645142,0.41588127613067627,0.6322454810142517,-0.04088790714740753,0.9753081202507019,0.4041852653026581,0.7282703518867493,0.1853821873664856,0.9763495326042175,0.39039841294288635,0.7600783109664917,0.01153299119323492,0.9681589603424072,forward,90.64366090018841,1
355,11.845166666666668,93.31321716308594,,,,,,,,,,,,,,,,,,,,0.4491265118122101,0.5345137119293213,0.0023085090797394514,0.9999426603317261,0.4166269898414612,0.6322415471076965,-0.017359863966703415,0.9755773544311523,0.40418651700019836,0.7282235622406006,0.22673921287059784,0.9775282144546509,0.39030373096466064,0.7601510286331177,0.042235612869262695,0.9695538878440857,forward,100.42801989987623,1
356,11.878533333333333,95.04294395446777,,,,,,,,,,,,,,,,,,,,0.4491201937198639,0.533961832523346,0.002019651234149933,0.9999434947967529,0.41720423102378845,0.6320487260818481,0.004425947088748217,0.9734939932823181,0.4042469263076782,0.7281258702278137,0.22387614846229553,0.9776315689086914,0.3899163603782654,0.7605300545692444,0.05158788710832596,0.9694008827209473,forward,114.75596669518265,1
357,11.911900000000001,94.49601173400879,,,,,,,,,,,,,,,,,,,,0.44908419251441956,0.5333248376846313,0.0019829049706459045,0.9999424815177917,0.41852429509162903,0.6316300630569458,0.006561484187841415,0.9700403213500977,0.40462028980255127,0.7280179262161255,0.18904809653759003,0.977062463760376,0.3899098336696625,0.760615885257721,0.02506694197654724,0.968335747718811,forward,120.24357788220487,1
358,11.945266666666667,94.36702728271484,,,,,,,,,,,,,,,,,,,,0.44899314641952515,0.533555269241333,3.369177284184843e-05,0.9999425411224365,0.42001011967658997,0.6311619281768799,0.02309165894985199,0.9684411287307739,0.40511736273765564,0.7278088927268982,0.23288267850875854,0.9773796200752258,0.3901381492614746,0.7606186270713806,0.055909037590026855,0.9683564901351929,forward,127.47696361583367,1
359,11.978633333333333,95.87478637695312,,,,,,,,,,,,,,,,,,,,0.448956698179245,0.5333998203277588,-2.2867916413815692e-05,0.999941349029541,0.42061424255371094,0.6309686303138733,0.020223617553710938,0.9662566781044006,0.4054214656352997,0.7276372313499451,0.20659279823303223,0.9771389961242676,0.390572190284729,0.7606027126312256,0.04210418090224266,0.9674573540687561,forward,128.70274841931598,1
360,12.012,102.36430168151855,,,,,,,,,,,,,,,,,,,,0.44895491003990173,0.5331417918205261,-6.444258178817108e-05,0.9999399781227112,0.42106109857559204,0.630804717540741,0.02083372138440609,0.9644730091094971,0.4055839478969574,0.7275606989860535,0.21975067257881165,0.9770131707191467,0.390614777803421,0.760588526725769,0.04974072054028511,0.9667821526527405,forward,127.6273992046363,1
361,12.045366666666666,95.19600868225098,,,,,,,,,,,,,,,,,,,,0.4489523768424988,0.5327826738357544,-0.001062898663803935,0.9999394416809082,0.4213598072528839,0.6307850480079651,0.017967011779546738,0.9629092216491699,0.4057113230228424,0.7275389432907104,0.2253785878419876,0.9767628312110901,0.39095404744148254,0.7605469822883606,0.050493475049734116,0.9660146236419678,forward,125.68700071194601,1
362,12.078733333333334,95.16072273254395,,,,,,,,,,,,,,,,,,,,0.44889235496520996,0.5328158140182495,-0.0014487517764791846,0.9999386668205261,0.42156702280044556,0.6308128833770752,0.018458291888237,0.958788275718689,0.40585529804229736,0.7274935841560364,0.2147742211818695,0.9749504923820496,0.39117592573165894,0.7605422735214233,0.04887563735246658,0.9631391167640686,forward,127.39358627725025,1
363,12.1121,96.89807891845703,,,,,,,,,,,,,,,,,,,,0.4486815631389618,0.5329130291938782,-0.0015642961952835321,0.9999387264251709,0.42166295647621155,0.6308382749557495,0.01869189739227295,0.9567062854766846,0.4059464931488037,0.7274662852287292,0.21578189730644226,0.9742634892463684,0.39127835631370544,0.7605304718017578,0.04598798230290413,0.9618907570838928,forward,127.50763645517091,1
364,12.145466666666668,98.19507598876953,,,,,,,,,,,,,,,,,,,,0.4484780728816986,0.5329868197441101,-0.001830875058658421,0.9999393224716187,0.4217078387737274,0.630854070186615,0.02217693068087101,0.9557120203971863,0.40598466992378235,0.7274425625801086,0.22708609700202942,0.9743401408195496,0.39128589630126953,0.7604532837867737,0.04918139427900314,0.9617107510566711,forward,128.66865152950845,1
365,12.178833333333333,93.74284744262695,,,,,,,,,,,,,,,,,,,,0.44835007190704346,0.5329340100288391,-0.0020972422789782286,0.9999402165412903,0.4217815697193146,0.6308687329292297,0.02259787544608116,0.955841064453125,0.4060136675834656,0.7274481654167175,0.24491333961486816,0.9748874306678772,0.39130106568336487,0.7603903412818909,0.060288649052381516,0.9622296690940857,forward,127.28597540532455,1
366,12.212200000000001,93.25385093688965,,,,,,,,,,,,,,,,,,,,0.44817620515823364,0.5328180193901062,-0.002123210346326232,0.9999407529830933,0.4217764735221863,0.630886971950531,0.019701829180121422,0.9550526142120361,0.40605735778808594,0.7274454832077026,0.22817234694957733,0.9749429821968079,0.39134690165519714,0.7602646350860596,0.047866325825452805,0.9621499180793762,forward,127.11368426451963,1
367,12.245566666666667,93.41597557067871,,,,,,,,,,,,,,,,,,,,0.44781216979026794,0.5327879786491394,-0.0020537865348160267,0.9999412894248962,0.4217652678489685,0.6308974623680115,0.01926489919424057,0.9543394446372986,0.4060684144496918,0.7274462580680847,0.21993888914585114,0.9750005006790161,0.3913697600364685,0.7601804733276367,0.04105011001229286,0.9620935916900635,forward,127.6971357995178,1
368,12.278933333333333,93.4288501739502,,,,,,,,,,,,,,,,,,,,0.4474375545978546,0.5327843427658081,-0.0018454137025400996,0.9999421238899231,0.4217555820941925,0.6309078335762024,0.01835121214389801,0.9538981318473816,0.4060942232608795,0.7274444699287415,0.21625728905200958,0.9749841094017029,0.3913724720478058,0.7601433396339417,0.03958345949649811,0.9620506167411804,forward,127.41667246674173,1
369,12.3123,93.50299835205078,,,,,,,,,,,,,,,,,,,,0.4470812678337097,0.5326628684997559,-0.0010773364920169115,0.9999427199363708,0.42167091369628906,0.6309154033660889,0.01406174711883068,0.952142596244812,0.4062079191207886,0.7274434566497803,0.19579902291297913,0.9742764234542847,0.3913609981536865,0.7601025104522705,0.029724353924393654,0.961067795753479,forward,126.61237287302305,1
370,12.345666666666666,92.91410446166992,,,,,,,,,,,,,,,,,,,,0.44672873616218567,0.5326097011566162,-0.0009392584906890988,0.999943196773529,0.4216356873512268,0.6309224367141724,0.011693835258483887,0.9498704075813293,0.4062659740447998,0.7274419665336609,0.18368133902549744,0.9731337428092957,0.3913581669330597,0.7600891590118408,0.02382521890103817,0.95958012342453,forward,126.55756658229471,1
371,12.379033333333334,93.89519691467285,,,,,,,,,,,,,,,,,,,,0.44658294320106506,0.5325656533241272,-0.00012756286014337093,0.9999434351921082,0.42161524295806885,0.6309283971786499,0.010297002270817757,0.9466804265975952,0.40634486079216003,0.7274408936500549,0.17356285452842712,0.9715140461921692,0.39135169982910156,0.7600804567337036,0.019558925181627274,0.9574869275093079,forward,126.6119287987901,1
372,12.4124,94.88892555236816,,,,,,,,,,,,,,,,,,,,0.44641876220703125,0.5325461626052856,0.00015666491526644677,0.9999444484710693,0.4215734302997589,0.6309062838554382,0.012532496824860573,0.9470584988594055,0.40642109513282776,0.727415144443512,0.20225416123867035,0.9717956781387329,0.39132851362228394,0.7600772976875305,0.03192819654941559,0.9577929377555847,forward,124.06778495099212,1
373,12.445766666666668,94.98119354248047,,,,,,,,,,,,,,,,,,,,0.44629111886024475,0.5324633121490479,0.00019486949895508587,0.9999443888664246,0.4215616285800934,0.6308180689811707,0.0055327750742435455,0.9437487125396729,0.4064490497112274,0.7274134755134583,0.16001172363758087,0.9697150588035583,0.3913273811340332,0.7600744962692261,0.0067159817554056644,0.9550240635871887,forward,125.18731437325717,1
374,12.479133333333333,94.8648452758789,,,,,,,,,,,,,,,,,,,,0.4460543394088745,0.5324700474739075,0.0002574511745478958,0.9999445080757141,0.4214645326137543,0.6307869553565979,0.005499623715877533,0.9432023763656616,0.40646013617515564,0.7273893356323242,0.16922423243522644,0.9691796898841858,0.39131492376327515,0.7600762248039246,0.007834693416953087,0.954224169254303,forward,123.65673536840829,1
375,12.512500000000001,94.1929817199707,,,,,,,,,,,,,,,,,,,,0.4459451735019684,0.5324714183807373,0.00026802520733326674,0.9999455809593201,0.4213836193084717,0.6307613253593445,0.00659139221534133,0.9441697597503662,0.4064587354660034,0.7273871302604675,0.18916626274585724,0.9697232842445374,0.3912721276283264,0.7600753307342529,0.018037710338830948,0.9549086093902588,forward,121.60814235987252,1
376,12.545866666666667,94.09189224243164,,,,,,,,,,,,,,,,,,,,0.4458591341972351,0.5324200391769409,0.00026647059712558985,0.9999462366104126,0.4211936593055725,0.6307342052459717,0.005975808948278427,0.9449859261512756,0.4064353108406067,0.7273879647254944,0.1891801357269287,0.970291793346405,0.3912281394004822,0.7600743174552917,0.01832536607980728,0.9556176662445068,forward,121.17227125854951,1
377,12.579233333333333,96.62914276123047,,,,,,,,,,,,,,,,,,,,0.445848286151886,0.532298743724823,0.0002149293723050505,0.999946653842926,0.42095762491226196,0.6307133436203003,6.501276402559597e-06,0.9463305473327637,0.4062987267971039,0.7274191975593567,0.18328213691711426,0.9710217118263245,0.391090452671051,0.7600776553153992,0.010128193534910679,0.956476092338562,forward,117.82598436582772,1
378,12.6126,94.6509838104248,,,,,,,,,,,,,,,,,,,,0.44584012031555176,0.5322999954223633,0.00044616282684728503,0.999947190284729,0.42021265625953674,0.6307234168052673,-0.0025235782377421856,0.9479076266288757,0.4062892496585846,0.7274200320243835,0.169651597738266,0.9719809293746948,0.3908994495868683,0.7600693106651306,-0.0054362001828849316,0.9577413201332092,forward,117.69929559603884,1
379,12.645966666666666,162.05525398254395,,,,,,,,,,,,,,,,,,,,0.44589969515800476,0.5324232578277588,0.000546428665984422,0.9999473094940186,0.4196503162384033,0.6307682394981384,-0.011766146868467331,0.9493564963340759,0.40628400444984436,0.7274181246757507,0.1633603423833847,0.9726558327674866,0.3906930088996887,0.760069727897644,-0.009021447971463203,0.9586493372917175,forward,111.99945970968515,1
380,12.679333333333334,103.50489616394043,,,,,,,,,,,,,,,,,,,,0.44592979550361633,0.533038854598999,0.0008136486285366118,0.9999468922615051,0.41905656456947327,0.6314045786857605,-0.012112976983189583,0.9491660594940186,0.40628907084465027,0.7274423241615295,0.15471242368221283,0.9721338748931885,0.3904101252555847,0.7602916359901428,-0.004347779788076878,0.9580607414245605,forward,112.6411200792447,1
381,12.7127,99.73716735839844,,,,,,,,,,,,,,,,,,,,0.44599786400794983,0.5338789820671082,0.0007889236439950764,0.9999469518661499,0.4186825156211853,0.6316829323768616,-0.021131372079253197,0.9499403238296509,0.4062933027744293,0.7274423837661743,0.16004326939582825,0.972392737865448,0.3902149796485901,0.76056969165802,-0.0025802208110690117,0.9585236310958862,forward,105.59232406816656,1
382,12.746066666666668,94.54631805419922,,,,,,,,,,,,,,,,,,,,0.44607558846473694,0.5347923636436462,0.0007506871479563415,0.9999465346336365,0.4181196689605713,0.6319906711578369,-0.03717492148280144,0.9513408541679382,0.40640780329704285,0.7274356484413147,0.1511901617050171,0.9727253913879395,0.38990235328674316,0.7605697512626648,-0.004943142179399729,0.9591596722602844,forward,96.18353584172208,1
383,12.779433333333333,92.21792221069336,,,,,,,,,,,,,,,,,,,,0.4461510479450226,0.5358821153640747,0.0019145027035847306,0.9999472498893738,0.4172200560569763,0.6333662271499634,-0.03671664372086525,0.9533742666244507,0.40649574995040894,0.7274356484413147,0.14764389395713806,0.9735537171363831,0.3895658850669861,0.7605718970298767,-0.002994305221363902,0.9604875445365906,forward,96.00503377241486,1
384,12.812800000000001,92.96393394470215,,,,,,,,,,,,,,,,,,,,0.44615739583969116,0.5372123718261719,0.0017606134060770273,0.9999476671218872,0.41575053334236145,0.6344849467277527,-0.06225258857011795,0.9553425312042236,0.4065621793270111,0.7275110483169556,0.1478181928396225,0.9741489887237549,0.3893798887729645,0.7607897520065308,-0.004137990064918995,0.9614003896713257,forward,81.43967975486444,1
385,12.846166666666667,98.34909439086914,,,,,,,,,,,,,,,,,,,,0.4463973939418793,0.5385652780532837,0.0012430205242708325,0.9999491572380066,0.41446539759635925,0.634976327419281,-0.09137407690286636,0.9584077000617981,0.40676626563072205,0.7275197505950928,0.14915089309215546,0.9756193161010742,0.38940542936325073,0.7608630657196045,-0.011143733747303486,0.9635234475135803,forward,68.2907763915488,1
386,12.879533333333333,94.01106834411621,,,,,,,,,,,,,,,,,,,,0.4465470612049103,0.5405951738357544,0.00029101045220158994,0.9999482035636902,0.41314783692359924,0.6357958316802979,-0.10465812683105469,0.9599825143814087,0.4067915081977844,0.7274314761161804,0.14752621948719025,0.9758914113044739,0.38972291350364685,0.7608868479728699,-0.012414996512234211,0.9639377593994141,forward,63.34161461551804,1
387,12.9129,92.22602844238281,,,,,,,,,,,,,,,,,,,,0.4468606114387512,0.5426986813545227,-0.0027295448817312717,0.9999475479125977,0.4121277332305908,0.6361616849899292,-0.2729091942310333,0.9622607231140137,0.4067969024181366,0.7274318337440491,0.03432593122124672,0.9759873747825623,0.3897700011730194,0.7610386610031128,-0.1371176689863205,0.9641540050506592,forward,36.41143403625246,1
388,12.946266666666666,93.16301345825195,,,,,,,,,,,,,,,,,,,,0.446898877620697,0.5443931221961975,-0.0018853087676689029,0.9999463558197021,0.4114343225955963,0.6363126039505005,-0.2916516959667206,0.9641721844673157,0.4065658152103424,0.7272995710372925,0.015959564596414566,0.9756767749786377,0.3897119164466858,0.7610476613044739,-0.1520003229379654,0.9640176892280579,forward,34.83023505236323,1
389,12.979633333333334,93.39642524719238,,,,,,,,,,,,,,,,,,,,0.44696754217147827,0.5466349124908447,-0.0020424555987119675,0.999944806098938,0.41095057129859924,0.6362654566764832,-0.3230031728744507,0.966057538986206,0.40651270747184753,0.7276582717895508,-0.055860716849565506,0.9757744073867798,0.3898705840110779,0.7610242962837219,-0.23857668042182922,0.9642532467842102,forward,35.147744343975866,1
390,13.013,92.26083755493164,,,,,,,,,,,,,,,,,,,,0.4470560848712921,0.5484980940818787,-0.00466340035200119,0.9999440312385559,0.4109608829021454,0.6362284421920776,-0.34205764532089233,0.9677197337150574,0.40628644824028015,0.7278357744216919,-0.07715465128421783,0.9758058786392212,0.38987666368484497,0.7611166834831238,-0.26680660247802734,0.9643206000328064,forward,34.29334386099294,1
391,13.046366666666668,91.99213981628418,,,,,,,,,,,,,,,,,,,,0.447098970413208,0.5510333180427551,-0.004591064993292093,0.99994295835495,0.41073018312454224,0.6364331841468811,-0.36247217655181885,0.9687085747718811,0.40628719329833984,0.7279688119888306,-0.08775222301483154,0.9750252962112427,0.3898066580295563,0.7611421346664429,-0.2790117859840393,0.9634138941764832,forward,32.465812035423355,1
392,13.079733333333333,94.10309791564941,,,,,,,,,,,,,,,,,,,,0.44726306200027466,0.5537715554237366,-0.006483449134975672,0.9999423623085022,0.4105592370033264,0.6366842985153198,-0.38124850392341614,0.969574511051178,0.40614238381385803,0.7280105352401733,-0.10700669139623642,0.9741448163986206,0.3898073434829712,0.7610982060432434,-0.30137899518013,0.96253502368927,forward,31.496562762065114,1
393,13.113100000000001,97.58591651916504,,,,,,,,,,,,,,,,,,,,0.44740256667137146,0.5565602779388428,-0.006641091778874397,0.9999420642852783,0.40998703241348267,0.6374807357788086,-0.3761124014854431,0.9697532057762146,0.4061136841773987,0.7280712127685547,-0.09417883306741714,0.972581148147583,0.38943803310394287,0.7612208724021912,-0.2801484167575836,0.9607017040252686,forward,30.794935891552857,1
394,13.146466666666667,95.14379501342773,,,,,,,,,,,,,,,,,,,,0.4478032886981964,0.5585237145423889,-0.006856753025203943,0.9999427199363708,0.40974336862564087,0.6382696628570557,-0.3830296993255615,0.9699175357818604,0.40612608194351196,0.728113055229187,-0.08941138535737991,0.9712157845497131,0.38930320739746094,0.7612354755401611,-0.2802618145942688,0.9591677784919739,forward,29.623376401254117,1
395,13.179833333333333,93.46389770507812,,,,,,,,,,,,,,,,,,,,0.44815272092819214,0.5600950717926025,-0.006770983338356018,0.9999439120292664,0.40881481766700745,0.6394755840301514,-0.3723869025707245,0.9695667028427124,0.4060676395893097,0.7282117009162903,-0.09624047577381134,0.9693863391876221,0.38941752910614014,0.7612153887748718,-0.29253149032592773,0.9570070505142212,forward,30.717674861157835,1
396,13.2132,93.62006187438965,,,,,,,,,,,,,,,,,,,,0.4481563866138458,0.5613315105438232,-0.006736012641340494,0.9999458193778992,0.4085557758808136,0.6398757696151733,-0.39571884274482727,0.9697400331497192,0.4060199558734894,0.728238046169281,-0.12187888473272324,0.9686176776885986,0.3897755742073059,0.7612103223800659,-0.32386961579322815,0.9561207294464111,forward,29.904892110969065,1
397,13.246566666666666,93.81699562072754,,,,,,,,,,,,,,,,,,,,0.4481547772884369,0.5634814500808716,-0.006741035263985395,0.9999472498893738,0.40851980447769165,0.6398643851280212,-0.4283624291419983,0.970181941986084,0.4059189260005951,0.7282348275184631,-0.14397530257701874,0.9685068130493164,0.3897140920162201,0.7612087726593018,-0.35017862915992737,0.9562723636627197,forward,28.096503272304005,1
398,13.279933333333334,95.3209400177002,,,,,,,,,,,,,,,,,,,,0.44824787974357605,0.5646566152572632,-0.007963540963828564,0.9999482035636902,0.40792086720466614,0.6402851343154907,-0.42951345443725586,0.9698317050933838,0.4058970510959625,0.728181779384613,-0.14128433167934418,0.9671504497528076,0.38968801498413086,0.7612522840499878,-0.341978520154953,0.9546785950660706,forward,27.698850127878117,1
399,13.3133,93.63389015197754,,,,,,,,,,,,,,,,,,,,0.44827476143836975,0.5667029619216919,-0.008625990711152554,0.9999492764472961,0.407319575548172,0.640571653842926,-0.43747103214263916,0.9701331853866577,0.4058900773525238,0.7281767725944519,-0.1563594490289688,0.9668039083480835,0.38968414068222046,0.7612569332122803,-0.35966402292251587,0.9542729258537292,forward,27.628799332593726,1
400,13.346666666666668,92.67497062683105,,,,,,,,,,,,,,,,,,,,0.4482779800891876,0.5691537261009216,-0.009554886259138584,0.9999496936798096,0.40661701560020447,0.6410780549049377,-0.47218000888824463,0.9696382284164429,0.4058605432510376,0.728179395198822,-0.17842793464660645,0.9654024839401245,0.38973549008369446,0.7612485885620117,-0.38334938883781433,0.9526447057723999,forward,25.853760018155707,1
401,13.380033333333333,93.25075149536133,,,,,,,,,,,,,,,,,,,,0.44825541973114014,0.5711842775344849,-0.009742926806211472,0.9999517798423767,0.4050672650337219,0.6417849659919739,-0.4913424551486969,0.9709720611572266,0.4058120548725128,0.7283008098602295,-0.19735655188560486,0.9667350053787231,0.3895570933818817,0.7612277865409851,-0.40174269676208496,0.9546436071395874,forward,25.192022498655444,1
402,13.413400000000001,93.06120872497559,,,,,,,,,,,,,,,,,,,,0.44821974635124207,0.5730486512184143,-0.010182482190430164,0.9999526739120483,0.40326759219169617,0.6427555084228516,-0.4996929466724396,0.97111576795578,0.4058244228363037,0.7283791303634644,-0.19949205219745636,0.9663743376731873,0.38958778977394104,0.761046290397644,-0.4031250476837158,0.9544433355331421,forward,24.448134565626912,1
403,13.446766666666667,105.93605041503906,,,,,,,,,,,,,,,,,,,,0.4481586217880249,0.5749617218971252,-0.010435622185468674,0.999954342842102,0.40153539180755615,0.6437440514564514,-0.5194169878959656,0.9726055264472961,0.4057908058166504,0.7286348938941956,-0.2136671245098114,0.9678974747657776,0.3894052803516388,0.7610416412353516,-0.4199373722076416,0.9565458297729492,forward,23.59323811499023,1
404,13.480133333333333,94.43092346191406,,,,,,,,,,,,,,,,,,,,0.4481591582298279,0.5766409039497375,-0.01111456099897623,0.9999560117721558,0.40050655603408813,0.64397794008255,-0.5277576446533203,0.9743585586547852,0.4057863652706146,0.7286483645439148,-0.224867582321167,0.9698676466941833,0.3894045650959015,0.7610673308372498,-0.4298902153968811,0.9591566920280457,forward,23.396155182724414,1
405,13.5135,94.25091743469238,,,,,,,,,,,,,,,,,,,,0.4481518566608429,0.5787993669509888,-0.011794575490057468,0.9999576210975647,0.39948299527168274,0.6440280079841614,-0.5378041863441467,0.9762454628944397,0.4058115780353546,0.7287570834159851,-0.25203821063041687,0.9721872806549072,0.38940390944480896,0.7610679864883423,-0.4521545469760895,0.9623192548751831,forward,23.88345313699803,1
406,13.546866666666666,93.48106384277344,,,,,,,,,,,,,,,,,,,,0.4481487274169922,0.5808916091918945,-0.012369018979370594,0.9999589323997498,0.3989179730415344,0.6442806124687195,-0.5502980351448059,0.977993369102478,0.40578609704971313,0.7287960648536682,-0.25817570090293884,0.9742403626441956,0.3894244134426117,0.7610657215118408,-0.4576687812805176,0.9650700092315674,forward,23.145935296170617,1
407,13.580233333333334,91.2017822265625,,,,,,,,,,,,,,,,,,,,0.4481264650821686,0.5817755460739136,-0.012326636351644993,0.9999599456787109,0.3982955515384674,0.6447740197181702,-0.553829550743103,0.979689359664917,0.40580201148986816,0.7287400960922241,-0.24864467978477478,0.9762901067733765,0.3894239068031311,0.7610413432121277,-0.44620347023010254,0.9678194522857666,forward,22.315371884444772,1
408,13.6136,92.32592582702637,,,,,,,,,,,,,,,,,,,,0.448116272687912,0.5829048752784729,-0.012329754419624805,0.9999606013298035,0.3978749215602875,0.6451329588890076,-0.5596579909324646,0.9811697006225586,0.4058675765991211,0.7287184000015259,-0.2482616901397705,0.9780323505401611,0.38941219449043274,0.7610362768173218,-0.4449719786643982,0.9701194763183594,forward,21.803336540896435,1
409,13.646966666666668,93.97196769714355,,,,,,,,,,,,,,,,,,,,0.44807687401771545,0.5839383006095886,-0.01233493909239769,0.9999620318412781,0.3974063992500305,0.645770788192749,-0.5559558272361755,0.9827311038970947,0.4058644473552704,0.7287495732307434,-0.24837644398212433,0.9799401164054871,0.38934123516082764,0.7610407471656799,-0.44591566920280457,0.9726696014404297,forward,21.871775506544537,1
410,13.680333333333333,94.39277648925781,,,,,,,,,,,,,,,,,,,,0.4480251371860504,0.584845244884491,-0.012312252074480057,0.9999638795852661,0.39705392718315125,0.6461808681488037,-0.5654274821281433,0.9843774437904358,0.40592193603515625,0.72868412733078,-0.2535223364830017,0.9818810820579529,0.38929226994514465,0.7610387206077576,-0.4453684687614441,0.9752992391586304,forward,21.4174130939596,1
411,13.713700000000001,93.83392333984375,,,,,,,,,,,,,,,,,,,,0.4480228126049042,0.5853163599967957,-0.012296818196773529,0.9999647736549377,0.39708730578422546,0.6468302607536316,-0.5548270344734192,0.985748827457428,0.40593093633651733,0.728545069694519,-0.24273082613945007,0.9835174083709717,0.3890593647956848,0.7610205411911011,-0.420846164226532,0.9774929285049438,forward,21.43063525926422,1
412,13.747066666666667,94.79665756225586,,,,,,,,,,,,,,,,,,,,0.4480092227458954,0.5854677557945251,-0.012285733595490456,0.9999656677246094,0.3971445560455322,0.6473232507705688,-0.5539838671684265,0.9869778752326965,0.405984103679657,0.7284724116325378,-0.23771362006664276,0.9849817752838135,0.38853365182876587,0.761003315448761,-0.420572429895401,0.9794574975967407,forward,21.202469699344054,1
413,13.780433333333333,93.6279296875,,,,,,,,,,,,,,,,,,,,0.4480162262916565,0.5854292511940002,-0.01227391604334116,0.9999672770500183,0.39718884229660034,0.647330641746521,-0.554042637348175,0.9881153106689453,0.4060778021812439,0.7284688353538513,-0.24052785336971283,0.9863587617874146,0.38835135102272034,0.7609823346138,-0.42521584033966064,0.9813204407691956,forward,21.318740888382905,1
414,13.8138,94.19798851013184,,,,,,,,,,,,,,,,,,,,0.44821661710739136,0.5855088829994202,-0.012295962311327457,0.9999687671661377,0.3972133696079254,0.6472861170768738,-0.5607898235321045,0.9890770316123962,0.4061962366104126,0.7284828424453735,-0.24547265470027924,0.9875166416168213,0.38829439878463745,0.7609735727310181,-0.4366295337677002,0.9828729629516602,forward,21.15109144858525,1
415,13.847166666666666,93.86110305786133,,,,,,,,,,,,,,,,,,,,0.44826215505599976,0.585541844367981,-0.012299075722694397,0.9999704360961914,0.39736461639404297,0.6472719311714172,-0.5667610764503479,0.9900627136230469,0.4063267707824707,0.7284924983978271,-0.2516694664955139,0.9886879324913025,0.38829505443573,0.7609638571739197,-0.4410409927368164,0.9844679236412048,forward,21.082438145637596,1
416,13.880533333333334,93.13368797302246,,,,,,,,,,,,,,,,,,,,0.4483737647533417,0.5853738784790039,-0.012821849435567856,0.9999722242355347,0.39754948019981384,0.6472362875938416,-0.5779373049736023,0.9910140037536621,0.4064120352268219,0.7284812331199646,-0.2639845609664917,0.9897921681404114,0.38838478922843933,0.7609577775001526,-0.4506513476371765,0.9859780669212341,forward,21.017886953058646,1
417,13.9139,93.71423721313477,,,,,,,,,,,,,,,,,,,,0.44850605726242065,0.5852397680282593,-0.013165341690182686,0.9999736547470093,0.39768025279045105,0.6472129225730896,-0.5868897438049316,0.9918617010116577,0.4064743220806122,0.728438675403595,-0.274467408657074,0.9907792806625366,0.38853341341018677,0.7609455585479736,-0.4651992619037628,0.9873267412185669,forward,20.990044179565146,1
418,13.947266666666668,94.14005279541016,,,,,,,,,,,,,,,,,,,,0.44855743646621704,0.5851803421974182,-0.013181015849113464,0.9999750852584839,0.39792579412460327,0.6471995115280151,-0.5885979533195496,0.9926430583000183,0.40648242831230164,0.7284029126167297,-0.27683010697364807,0.9916806817054749,0.3886975347995758,0.7609490752220154,-0.46689003705978394,0.9885614514350891,forward,21.003471850739786,1
419,13.980633333333333,93.60289573669434,,,,,,,,,,,,,,,,,,,,0.4487779140472412,0.583674967288971,-0.013326829299330711,0.9999765753746033,0.3985164165496826,0.6471821069717407,-0.5808467864990234,0.9933613538742065,0.40651819109916687,0.7283508777618408,-0.27171754837036133,0.9925037026405334,0.38882607221603394,0.7609542012214661,-0.4597853422164917,0.989691436290741,forward,21.3644985009357,1
420,14.014000000000001,92.7281379699707,,,,,,,,,,,,,,,,,,,,0.4490508735179901,0.5809821486473083,-0.013124015182256699,0.9999780058860779,0.39910411834716797,0.6469385027885437,-0.5723994970321655,0.9940025210380554,0.40658384561538696,0.7283154726028442,-0.2669477164745331,0.9932408332824707,0.38872671127319336,0.7609535455703735,-0.4495961368083954,0.9907026886940002,forward,21.92235882508534,1
421,14.047366666666667,93.1861400604248,,,,,,,,,,,,,,,,,,,,0.4490929841995239,0.5772123336791992,-0.01346607506275177,0.9999785423278809,0.3999450206756592,0.6467739343643188,-0.5424624681472778,0.9944947361946106,0.40658673644065857,0.7283223271369934,-0.24419736862182617,0.9938457608222961,0.3887864649295807,0.7607030868530273,-0.4320839047431946,0.9915286302566528,forward,23.095675931563925,1
422,14.080733333333333,92.21029281616211,,,,,,,,,,,,,,,,,,,,0.4490976631641388,0.5722852349281311,-0.01278731506317854,0.9999779462814331,0.40069735050201416,0.6465672254562378,-0.48737096786499023,0.9944624900817871,0.4065907895565033,0.7283254861831665,-0.1768176555633545,0.993945837020874,0.3888274133205414,0.7606838941574097,-0.36766788363456726,0.9916620850563049,forward,24.060126710145813,1
423,14.1141,92.76008605957031,,,,,,,,,,,,,,,,,,,,0.44912099838256836,0.5691408514976501,-0.012048403732478619,0.9999772906303406,0.4028332829475403,0.6450781226158142,-0.47607067227363586,0.9940972328186035,0.4065534770488739,0.7283218502998352,-0.17623068392276764,0.9936810731887817,0.389208048582077,0.7608782649040222,-0.3744640350341797,0.9913192391395569,forward,25.25163559269897,1
424,14.147466666666666,93.09697151184082,,,,,,,,,,,,,,,,,,,,0.44907960295677185,0.5658695101737976,-0.012043977156281471,0.9999765753746033,0.4047251343727112,0.6440896391868591,-0.46086084842681885,0.9937444925308228,0.4063728153705597,0.7282668352127075,-0.15875475108623505,0.9934979677200317,0.3898490369319916,0.7609326839447021,-0.35835373401641846,0.9911123514175415,forward,25.951621154810248,1
425,14.180833333333334,93.91093254089355,,,,,,,,,,,,,,,,,,,,0.4491080343723297,0.5624347925186157,-0.01065975520759821,0.9999758005142212,0.4058016538619995,0.6436331868171692,-0.40307652950286865,0.9935200810432434,0.40619707107543945,0.7281690239906311,-0.09181894361972809,0.993462085723877,0.38990136981010437,0.7609788775444031,-0.28548023104667664,0.9911068081855774,forward,27.516018886326318,1
426,14.2142,92.7128791809082,,,,,,,,,,,,,,,,,,,,0.44912025332450867,0.5595600008964539,-0.008221211843192577,0.9999744296073914,0.407120943069458,0.6426409482955933,-0.39165744185447693,0.9922021627426147,0.406100869178772,0.7280887365341187,-0.06718061119318008,0.9921121597290039,0.3903164863586426,0.7613667249679565,-0.2687935531139374,0.9894934296607971,forward,27.6519447033399,1
427,14.247566666666668,92.64206886291504,,,,,,,,,,,,,,,,,,,,0.44913527369499207,0.5566866397857666,-0.00717474240809679,0.9999733567237854,0.40838316082954407,0.6412694454193115,-0.3692951798439026,0.9916504621505737,0.40609389543533325,0.7280082106590271,-0.05819888040423393,0.99174565076828,0.3903673589229584,0.7615020275115967,-0.25651344656944275,0.9890260100364685,forward,29.435377321643557,1
428,14.280933333333333,94.00391578674316,,,,,,,,,,,,,,,,,,,,0.4491054117679596,0.5542958378791809,-0.004244561772793531,0.999971330165863,0.4090331792831421,0.6408484578132629,-0.33889466524124146,0.9906516075134277,0.4060099124908447,0.7280149459838867,-0.030936159193515778,0.9905909299850464,0.39036351442337036,0.7615536451339722,-0.22393153607845306,0.9874205589294434,forward,31.076134678180566,1
429,14.314300000000001,93.3229923248291,,,,,,,,,,,,,,,,,,,,0.4490770101547241,0.5505983829498291,0.0028158947825431824,0.9999693632125854,0.4095860421657562,0.6391951441764832,-0.3164219260215759,0.9899237155914307,0.4060104787349701,0.7279922366142273,-0.015688670799136162,0.9898362159729004,0.39041709899902344,0.7616177797317505,-0.21068717539310455,0.9863945245742798,forward,32.7497702524414,1
430,14.347666666666667,92.39697456359863,,,,,,,,,,,,,,,,,,,,0.4489532709121704,0.5486716032028198,0.001548947999253869,0.999967098236084,0.41028910875320435,0.637517511844635,-0.3447291851043701,0.9888494610786438,0.4059022068977356,0.7279943823814392,-0.046578481793403625,0.9884839057922363,0.39041370153427124,0.7616651058197021,-0.24364158511161804,0.9846811294555664,forward,31.987150889756474,1
431,14.381033333333333,93.40906143188477,,,,,,,,,,,,,,,,,,,,0.44878634810447693,0.5458553433418274,0.0009977773297578096,0.9999660849571228,0.4110770523548126,0.63558429479599,-0.3395483195781708,0.9883907437324524,0.4058874547481537,0.7279713153839111,-0.06454925984144211,0.9878932237625122,0.39027056097984314,0.7616759538650513,-0.26015880703926086,0.9839476346969604,forward,34.03220524409604,1
432,14.4144,92.13519096374512,,,,,,,,,,,,,,,,,,,,0.4487146735191345,0.5433415174484253,0.0006725171697326005,0.9999661445617676,0.41218188405036926,0.6337116360664368,-0.33320385217666626,0.9883078336715698,0.4056364595890045,0.7280376553535461,-0.07438772916793823,0.9878989458084106,0.3894678056240082,0.7616769671440125,-0.27170228958129883,0.9839820265769958,forward,35.8841660870171,1
433,14.447766666666666,93.86897087097168,,,,,,,,,,,,,,,,,,,,0.4486561715602875,0.5409373044967651,0.0006152343703433871,0.9999657869338989,0.4125131070613861,0.6326339840888977,-0.3138287663459778,0.9876685738563538,0.4054018259048462,0.7281413674354553,-0.07340776175260544,0.9872845411300659,0.3893360197544098,0.7616717219352722,-0.26718059182167053,0.9832252860069275,forward,38.6689952761516,1
434,14.481133333333334,92.79108047485352,,,,,,,,,,,,,,,,,,,,0.44853532314300537,0.5387913584709167,-0.0006788345635868609,0.999966025352478,0.4130845069885254,0.6318765878677368,-0.30110910534858704,0.9873752593994141,0.40528029203414917,0.728271484375,-0.061849698424339294,0.9871661067008972,0.38921016454696655,0.7613858580589294,-0.25993597507476807,0.9830732941627502,forward,39.93457482152734,1
435,14.5145,93.12891960144043,,,,,,,,,,,,,,,,,,,,0.44853419065475464,0.5374532341957092,-0.0028439746238291264,0.9999658465385437,0.4137660264968872,0.6311447024345398,-0.3251884877681732,0.9868043661117554,0.4052290618419647,0.728187620639801,-0.06534795463085175,0.9866867065429688,0.3891606628894806,0.7612608075141907,-0.26421818137168884,0.9825018048286438,forward,37.42898486279961,1
436,14.547866666666668,92.21720695495605,,,,,,,,,,,,,,,,,,,,0.44854170083999634,0.5355745553970337,-0.00292928796261549,0.999966025352478,0.4144551753997803,0.6313620805740356,-0.23905198276042938,0.9862774610519409,0.4049953818321228,0.7279042601585388,0.03250996395945549,0.9864905476570129,0.3891269862651825,0.7610264420509338,-0.1645003855228424,0.9821775555610657,forward,42.620422555401326,1
437,14.581233333333333,91.89009666442871,,,,,,,,,,,,,,,,,,,,0.4485664367675781,0.5347617268562317,-0.0030063423328101635,0.9999666213989258,0.415324866771698,0.6316219568252563,-0.11838529258966446,0.9851190447807312,0.4049764573574066,0.7279177308082581,0.14009851217269897,0.9863397479057312,0.38912084698677063,0.7610675096511841,-0.054427362978458405,0.981845498085022,forward,61.754946870072736,1
438,14.614600000000001,92.35095977783203,,,,,,,,,,,,,,,,,,,,0.4486280381679535,0.5333206653594971,-0.003323044627904892,0.9999659657478333,0.4164070188999176,0.6308770775794983,-0.1000775620341301,0.9828939437866211,0.4048089385032654,0.7279922962188721,0.1106286495923996,0.98538738489151,0.3896797299385071,0.7610675692558289,-0.07270113378763199,0.9804964661598206,forward,71.2483927894345,1
439,14.647966666666667,92.41080284118652,,,,,,,,,,,,,,,,,,,,0.44865521788597107,0.532785177230835,-0.004055405966937542,0.9999659061431885,0.41727444529533386,0.6302033066749573,-0.07631388306617737,0.9821474552154541,0.4047444760799408,0.7279683947563171,0.15606267750263214,0.9853990077972412,0.3908359110355377,0.7610694766044617,-0.039714474231004715,0.980327844619751,forward,77.44578950077461,1
440,14.681333333333333,91.74990653991699,,,,,,,,,,,,,,,,,,,,0.4485151469707489,0.5334487557411194,-0.004560159984976053,0.9999648332595825,0.41822564601898193,0.6303837895393372,-0.019605357199907303,0.9811379313468933,0.4047166705131531,0.7279208898544312,0.20136581361293793,0.9852342009544373,0.3916204571723938,0.7610406875610352,0.02544001117348671,0.9797870516777039,forward,105.26573404331342,1
441,14.7147,92.42606163024902,,,,,,,,,,,,,,,,,,,,0.4482424557209015,0.5336742401123047,-0.0035844151861965656,0.9999635815620422,0.4186006188392639,0.6305683851242065,0.01519648265093565,0.9800907969474792,0.40471455454826355,0.7276670932769775,0.2518238127231598,0.9851412773132324,0.3916020393371582,0.7610514760017395,0.07619988918304443,0.9792816638946533,forward,122.70832325437637,1
442,14.748066666666666,91.97592735290527,,,,,,,,,,,,,,,,,,,,0.44775769114494324,0.5336217284202576,-0.00300930580124259,0.9999614953994751,0.4191833436489105,0.6306735873222351,0.009799778461456299,0.9746846556663513,0.40477538108825684,0.7274364829063416,0.17577539384365082,0.9829189777374268,0.39143693447113037,0.7608347535133362,0.025532735511660576,0.9759058952331543,forward,127.38302136996316,1
443,14.781433333333334,93.36400032043457,,,,,,,,,,,,,,,,,,,,0.4474283456802368,0.5331900119781494,-0.0023133063223212957,0.9999605417251587,0.4200611114501953,0.6305853724479675,0.02190135046839714,0.974436342716217,0.404782235622406,0.727290153503418,0.2236633598804474,0.9831444621086121,0.3914889693260193,0.760553777217865,0.04955233260989189,0.9758920669555664,forward,129.12991888905253,1
444,14.8148,92.13376045227051,,,,,,,,,,,,,,,,,,,,0.44727596640586853,0.5329486131668091,-0.0010095266625285149,0.9999595284461975,0.4207875728607178,0.6299535036087036,0.01712746173143387,0.9732486605644226,0.40485039353370667,0.7272455096244812,0.20271490514278412,0.9830785393714905,0.3914431631565094,0.7604644298553467,0.03310994431376457,0.9754849672317505,forward,128.0203134942651,1
445,14.848166666666668,91.63188934326172,,,,,,,,,,,,,,,,,,,,0.44720780849456787,0.5325392484664917,-0.0006620496278628707,0.9999569058418274,0.42152079939842224,0.629226803779602,-0.00231626583263278,0.9683073163032532,0.40513819456100464,0.7272413372993469,0.17475520074367523,0.9805210828781128,0.39141330122947693,0.7603066563606262,-0.0019222005503252149,0.9717256426811218,forward,118.21351737580108,1
446,14.881533333333334,92.96798706054688,,,,,,,,,,,,,,,,,,,,0.44714218378067017,0.531305193901062,-0.00011609755165409297,0.9999558329582214,0.4219473898410797,0.6287106275558472,0.0013320265570655465,0.9675557017326355,0.4054979383945465,0.7272428274154663,0.1686113476753235,0.9804151654243469,0.3914107382297516,0.760067880153656,-0.00884173158556223,0.9713392853736877,forward,121.53689548334069,1
447,14.9149,94.1770076751709,,,,,,,,,,,,,,,,,,,,0.44708335399627686,0.5306950211524963,-1.1382655429770239e-05,0.999954879283905,0.422252357006073,0.6283890008926392,0.0008177944109775126,0.9663932919502258,0.40559154748916626,0.7272416353225708,0.16547538340091705,0.9799851775169373,0.3915438652038574,0.7599112391471863,-0.01174937468022108,0.9705236554145813,forward,121.68767117851338,1
448,14.948266666666667,93.79100799560547,,,,,,,,,,,,,,,,,,,,0.4469861090183258,0.5303877592086792,7.585970888612792e-05,0.999954104423523,0.4229280948638916,0.6283254027366638,-0.0025759972631931305,0.9648680090904236,0.40566253662109375,0.7272946834564209,0.15955935418605804,0.9794262051582336,0.3916247487068176,0.7597467303276062,-0.01599147543311119,0.9695884585380554,forward,120.19627501027757,1
449,14.981633333333333,93.34993362426758,,,,,,,,,,,,,,,,,,,,0.4467443823814392,0.5300353765487671,0.00046563567593693733,0.9999535083770752,0.42312127351760864,0.6283162832260132,-0.002774458145722747,0.962867021560669,0.4058579206466675,0.7274125814437866,0.15650147199630737,0.9785062670707703,0.3917352259159088,0.7597430348396301,-0.01864338479936123,0.9681822657585144,forward,120.36673096481216,1
450,15.015,92.54813194274902,,,,,,,,,,,,,,,,,,,,0.44651055335998535,0.5296980142593384,0.000566795701161027,0.9999533891677856,0.42319455742836,0.62833571434021,-0.008844858966767788,0.9613773226737976,0.40612712502479553,0.7275566458702087,0.15472109615802765,0.9777624607086182,0.39217185974121094,0.7597576975822449,-0.02187352441251278,0.9671604037284851,forward,116.24440154982665,1
451,15.048366666666666,92.99111366271973,,,,,,,,,,,,,,,,,,,,0.44635623693466187,0.5294786691665649,0.0010712591465562582,0.9999533891677856,0.4231909513473511,0.6283672451972961,-0.009987401776015759,0.9611227512359619,0.4063636362552643,0.7275159955024719,0.15632104873657227,0.9776172637939453,0.39216288924217224,0.7597582340240479,-0.016987688839435577,0.9669298529624939,forward,114.88489506103207,1
452,15.081733333333334,93.85490417480469,,,,,,,,,,,,,,,,,,,,0.4463379979133606,0.5295949578285217,0.0010984147666022182,0.9999536275863647,0.42317959666252136,0.6283839344978333,-0.009224179200828075,0.9616937041282654,0.40652889013290405,0.7274736762046814,0.1688804030418396,0.9778846502304077,0.3921263813972473,0.7597590684890747,-0.002104981103911996,0.9672344326972961,forward,113.55877020829992,1
453,15.1151,93.53899955749512,,,,,,,,,,,,,,,,,,,,0.44628116488456726,0.5295867323875427,0.0012948099756613374,0.9999536871910095,0.4231381416320801,0.6284799575805664,-0.011036492884159088,0.962282121181488,0.4066116511821747,0.7274676561355591,0.16877815127372742,0.9781299233436584,0.3919646441936493,0.7597666382789612,-0.002201240975409746,0.9674307107925415,forward,112.1819458880878,1
454,15.148466666666668,94.51413154602051,,,,,,,,,,,,,,,,,,,,0.4462544023990631,0.5294547080993652,0.001600420568138361,0.9999538660049438,0.4231036305427551,0.6285558342933655,-0.012639093212783337,0.9629368782043457,0.4066716730594635,0.7274891138076782,0.16327078640460968,0.9782688617706299,0.3919467628002167,0.7598121762275696,-0.005345779936760664,0.9675533771514893,forward,111.65927960002607,1
455,15.181833333333334,93.5978889465332,,,,,,,,,,,,,,,,,,,,0.44622454047203064,0.5292098522186279,0.001610026927664876,0.9999539256095886,0.4230867028236389,0.6286627054214478,-0.013792268000543118,0.9635872840881348,0.40670517086982727,0.7276337742805481,0.16173160076141357,0.9784201383590698,0.39193299412727356,0.759838342666626,-0.006108507513999939,0.967677652835846,forward,111.1086670834652,1
456,15.2152,92.18096733093262,,,,,,,,,,,,,,,,,,,,0.44619619846343994,0.5291842818260193,0.0016409363597631454,0.999954342842102,0.42305487394332886,0.6290386915206909,-0.013382534496486187,0.9646829962730408,0.4067315459251404,0.7277160286903381,0.1832212209701538,0.9789273738861084,0.39178547263145447,0.7599679827690125,0.004219279158860445,0.968337893486023,forward,108.5702367848078,1
457,15.248566666666667,92.65995025634766,,,,,,,,,,,,,,,,,,,,0.4461876451969147,0.5291104912757874,0.0016671634512022138,0.9999548196792603,0.42303696274757385,0.6292965412139893,-0.012382464483380318,0.9662059545516968,0.40680670738220215,0.7278212904930115,0.2087000012397766,0.9796928763389587,0.391562819480896,0.760069727897644,0.018701426684856415,0.9693964719772339,forward,106.47642803186918,1
458,15.281933333333333,93.12915802001953,,,,,,,,,,,,,,,,,,,,0.44619065523147583,0.5289571285247803,0.001662649679929018,0.9999547600746155,0.42302629351615906,0.6296507716178894,-0.01288317795842886,0.9667069315910339,0.406818687915802,0.7278819680213928,0.20800146460533142,0.9798223376274109,0.39130091667175293,0.7601739764213562,0.013925960287451744,0.9694911241531372,forward,106.2015734412204,1
459,15.3153,92.87190437316895,,,,,,,,,,,,,,,,,,,,0.44623804092407227,0.5288845300674438,0.0016613614279776812,0.9999544620513916,0.4230421185493469,0.6298571825027466,-0.012907987460494041,0.9673197865486145,0.406848281621933,0.7279270887374878,0.19411826133728027,0.9801158905029297,0.39119377732276917,0.7602935433387756,0.008636935614049435,0.9698203206062317,forward,107.59209805194375,1
460,15.348666666666666,93.06097030639648,,,,,,,,,,,,,,,,,,,,0.4463755488395691,0.5288444757461548,0.0017001696396619081,0.9999542236328125,0.42303162813186646,0.6300931572914124,-0.012769332155585289,0.9682149291038513,0.40685516595840454,0.727996826171875,0.19599249958992004,0.9806435108184814,0.39113426208496094,0.7603667378425598,0.008107761852443218,0.9705237150192261,forward,107.4449233190506,1
461,15.382033333333334,92.78011322021484,,,,,,,,,,,,,,,,,,,,0.44648855924606323,0.5288035273551941,0.0016476820455864072,0.9999535083770752,0.42304232716560364,0.6301657557487488,-0.013798441737890244,0.9686598777770996,0.4068767726421356,0.728021502494812,0.1898530274629593,0.9808278679847717,0.3911032974720001,0.7604007720947266,0.002557789906859398,0.9706748723983765,forward,107.46958818158417,1
462,15.4154,93.31989288330078,,,,,,,,,,,,,,,,,,,,0.4465978741645813,0.5286514163017273,0.0015570558607578278,0.9999533295631409,0.4231252074241638,0.63017737865448,-0.014749103225767612,0.9693188667297363,0.40694376826286316,0.7280703783035278,0.1866934895515442,0.9812279343605042,0.39109545946121216,0.7604275941848755,0.0010486841201782227,0.9711771607398987,forward,107.27643105921467,1
463,15.448766666666668,94.2230224609375,,,,,,,,,,,,,,,,,,,,0.44673967361450195,0.5285526514053345,0.0015060313744470477,0.9999532103538513,0.4231571853160858,0.6301892995834351,-0.018921833485364914,0.9696733355522156,0.40701720118522644,0.7281008958816528,0.18298666179180145,0.981365442276001,0.39106518030166626,0.7604960799217224,-0.0009178654872812331,0.971316933631897,forward,105.04165598193225,1
464,15.482133333333334,94.30074691772461,,,,,,,,,,,,,,,,,,,,0.4469062387943268,0.5282961130142212,0.0015025462489575148,0.9999532103538513,0.42317265272140503,0.6302146315574646,-0.02455800585448742,0.969688355922699,0.4070250689983368,0.7280998229980469,0.16737139225006104,0.9812833070755005,0.39105236530303955,0.7606220841407776,-0.010366520844399929,0.9711444973945618,forward,103.29420614423131,1
465,15.5155,93.02115440368652,,,,,,,,,,,,,,,,,,,,0.4470250606536865,0.5282145142555237,0.0013244006549939513,0.9999525547027588,0.4232664406299591,0.6302191615104675,-0.024192411452531815,0.9689621329307556,0.4070311486721039,0.7281007170677185,0.15464875102043152,0.9808028340339661,0.3910568654537201,0.7606950998306274,-0.015306481160223484,0.9703899621963501,forward,105.27046946613473,1
466,15.548866666666667,93.60074996948242,,,,,,,,,,,,,,,,,,,,0.4471040964126587,0.5281073451042175,0.00108033895958215,0.999951958656311,0.42332887649536133,0.6301937103271484,-0.024071497842669487,0.9687168598175049,0.40703824162483215,0.7281061410903931,0.1546594351530075,0.9805672764778137,0.39113789796829224,0.7607544660568237,-0.017723530530929565,0.969978928565979,forward,105.49489621212997,1
467,15.582233333333333,93.40286254882812,,,,,,,,,,,,,,,,,,,,0.4471977651119232,0.5280479788780212,0.0007026820094324648,0.9999520778656006,0.4233836531639099,0.6301817297935486,-0.023851649835705757,0.9690159559249878,0.40704426169395447,0.7281116247177124,0.16896416246891022,0.9807881712913513,0.39124616980552673,0.7607808709144592,-0.01631402224302292,0.9703161716461182,forward,104.01363801822741,1
468,15.6156,92.93580055236816,,,,,,,,,,,,,,,,,,,,0.44725242257118225,0.5279915928840637,0.0007025594240985811,0.9999522566795349,0.42342251539230347,0.6301752924919128,-0.021311676129698753,0.9695888161659241,0.407050758600235,0.7281141877174377,0.1866733431816101,0.9811999797821045,0.3912762403488159,0.7607848048210144,-0.006115884520113468,0.970936119556427,forward,103.62178413227645,1
469,15.648966666666666,94.2850112915039,,,,,,,,,,,,,,,,,,,,0.4472667872905731,0.5279746651649475,0.00081871502334252,0.9999523162841797,0.4234407842159271,0.6301034688949585,-0.021223030984401703,0.9699992537498474,0.407068133354187,0.7281196713447571,0.18386352062225342,0.9814882874488831,0.3912883698940277,0.7607905268669128,-0.006223880685865879,0.9713801741600037,forward,103.93172685931103,1
470,15.682333333333334,93.21093559265137,,,,,,,,,,,,,,,,,,,,0.44727203249931335,0.5279573798179626,0.0008684420608915389,0.9999522566795349,0.4234510064125061,0.6300752758979797,-0.020188521593809128,0.9702948331832886,0.4070747196674347,0.7281287312507629,0.1835203766822815,0.9817337989807129,0.3913024067878723,0.7607946991920471,-0.005521518178284168,0.9717197418212891,forward,104.60650955826391,1
471,15.7157,94.3460464477539,,,,,,,,,,,,,,,,,,,,0.4472772777080536,0.5279244780540466,0.0010433872230350971,0.9999520778656006,0.42345619201660156,0.6300317049026489,-0.01964573562145233,0.9704617857933044,0.4070674479007721,0.7281320691108704,0.18604744970798492,0.9819261431694031,0.39130210876464844,0.7607980966567993,-0.0034620610531419516,0.9719945192337036,forward,104.59180502616086,1
472,15.749066666666668,91.30001068115234,,,,,,,,,,,,,,,,,,,,0.44724878668785095,0.5279238820075989,0.0010149965528398752,0.9999517202377319,0.42346012592315674,0.6299400329589844,-0.022074827924370766,0.9702743291854858,0.40703585743904114,0.7281363010406494,0.16658061742782593,0.9818577766418457,0.39131203293800354,0.7608029246330261,-0.016023054718971252,0.9719198346138,forward,105.33743475296018,1
473,15.782433333333334,93.60289573669434,,,,,,,,,,,,,,,,,,,,0.44719502329826355,0.5279168486595154,0.0009148310637101531,0.9999508857727051,0.4234626889228821,0.6298640370368958,-0.024880290031433105,0.9699330925941467,0.40699687600135803,0.7281476259231567,0.15624697506427765,0.9817212820053101,0.3913360834121704,0.760819137096405,-0.022285310551524162,0.9717309474945068,forward,104.92046126967753,1
474,15.8158,94.17104721069336,,,,,,,,,,,,,,,,,,,,0.44718945026397705,0.5278777480125427,0.0007575876661576331,0.999950110912323,0.4235048294067383,0.6298027038574219,-0.026765018701553345,0.969405472278595,0.4068993628025055,0.7281568050384521,0.15332138538360596,0.9815096259117126,0.3913484215736389,0.7608319520950317,-0.02611970156431198,0.9714497327804565,forward,104.19332363299247,1
475,15.849166666666667,92.7431583404541,,,,,,,,,,,,,,,,,,,,0.44710299372673035,0.5279070138931274,0.000282370689092204,0.9999489784240723,0.42351385951042175,0.6298035979270935,-0.02682727761566639,0.9685654044151306,0.40684595704078674,0.7281810641288757,0.15134167671203613,0.9811066389083862,0.3914147913455963,0.7608435750007629,-0.02532992511987686,0.9708285331726074,forward,104.66912762153277,1
476,15.882533333333333,93.6119556427002,,,,,,,,,,,,,,,,,,,,0.4471018612384796,0.5279351472854614,-0.00035244078026153147,0.9999478459358215,0.4234566390514374,0.6298929452896118,-0.026734324172139168,0.9672375917434692,0.4067828059196472,0.7282007336616516,0.14833174645900726,0.9804679751396179,0.39145785570144653,0.7608757019042969,-0.02406119555234909,0.9699342250823975,forward,105.46580498458678,1
477,15.9159,94.12813186645508,,,,,,,,,,,,,,,,,,,,0.44715553522109985,0.5280367136001587,-0.0003532702976372093,0.9999459385871887,0.42342299222946167,0.6300334334373474,-0.027899518609046936,0.9635218977928162,0.4067077934741974,0.7282161116600037,0.12291848659515381,0.9783079028129578,0.3914862871170044,0.7609139680862427,-0.030414387583732605,0.9669463634490967,forward,108.64410559128551,1
478,15.949266666666666,94.05303001403809,,,,,,,,,,,,,,,,,,,,0.4472109377384186,0.5285772085189819,-0.0008237006259150803,0.9999444484710693,0.42349082231521606,0.6300928592681885,-0.025824345648288727,0.9613307118415833,0.4066864550113678,0.7282416820526123,0.13236898183822632,0.9772976040840149,0.39150044322013855,0.760921835899353,-0.020273827016353607,0.9655389785766602,forward,108.6469402515124,1
479,15.982633333333334,92.64111518859863,,,,,,,,,,,,,,,,,,,,0.44725996255874634,0.5287353992462158,-0.0014902213588356972,0.9999433159828186,0.42348620295524597,0.6301384568214417,-0.026726992800831795,0.9610166549682617,0.406695693731308,0.7282976508140564,0.1376461684703827,0.9772148132324219,0.3914962112903595,0.7609276175498962,-0.020378539338707924,0.9652841091156006,forward,107.53278928009767,1
480,16.016000000000002,126.04403495788574,,,,,,,,,,,,,,,,,,,,0.4476962089538574,0.5291417241096497,-0.0016340345609933138,0.9999411702156067,0.42348700761795044,0.6302104592323303,-0.029205506667494774,0.9569223523139954,0.40673255920410156,0.7284267544746399,0.11064763367176056,0.9750521779060364,0.39147424697875977,0.760921835899353,-0.03462055325508118,0.9620538949966431,forward,110.53403492836176,1
481,16.049366666666668,92.4229621887207,,,,,,,,,,,,,,,,,,,,0.4478215277194977,0.5302201509475708,-0.0016329422360286117,0.9999403357505798,0.423284649848938,0.6314096450805664,-0.028985142707824707,0.9578327536582947,0.40673452615737915,0.7284440398216248,0.14301690459251404,0.9754697680473328,0.3911847770214081,0.7609214782714844,-0.008669037371873856,0.9625186324119568,forward,104.99578948147523,1
482,16.082733333333334,93.6121940612793,,,,,,,,,,,,,,,,,,,,0.4479900002479553,0.5313071012496948,-0.0016162514220923185,0.999939501285553,0.42302170395851135,0.632297158241272,-0.031916070729494095,0.9584009051322937,0.40676596760749817,0.7284868955612183,0.14363740384578705,0.9755541086196899,0.3910444378852844,0.7609223127365112,-0.00742666469886899,0.9625162482261658,forward,102.7450005462782,1
483,16.1161,93.2619571685791,,,,,,,,,,,,,,,,,,,,0.4480472207069397,0.5327826142311096,-0.0018780076643452048,0.9999407529830933,0.42226147651672363,0.6336690187454224,-0.031726233661174774,0.9606348872184753,0.4067678153514862,0.7284680604934692,0.21362996101379395,0.9767197370529175,0.39075011014938354,0.760977029800415,0.044656556099653244,0.9641968607902527,forward,95.30718733405116,1
484,16.149466666666665,92.9727554321289,,,,,,,,,,,,,,,,,,,,0.4482637345790863,0.5347166657447815,-0.0025759744457900524,0.9999421834945679,0.4213663637638092,0.6348088979721069,-0.030817480757832527,0.9632666707038879,0.4067670702934265,0.7284623384475708,0.2580568790435791,0.9780430793762207,0.3903026580810547,0.7610301375389099,0.08057090640068054,0.9660813212394714,forward,92.82287183202125,1
485,16.182833333333335,93.38498115539551,,,,,,,,,,,,,,,,,,,,0.44847211241722107,0.5366234183311462,-0.0031120337080210447,0.9999432563781738,0.42025354504585266,0.635854959487915,-0.04215223714709282,0.9655050039291382,0.40670478343963623,0.7284650802612305,0.22127825021743774,0.9791088104248047,0.3903049826622009,0.7609995603561401,0.05285545438528061,0.9676238894462585,forward,88.6766034781032,1
486,16.2162,92.99087524414062,,,,,,,,,,,,,,,,,,,,0.44868138432502747,0.5377933979034424,-0.0024455911479890347,0.9999439716339111,0.4194059371948242,0.6370119452476501,-0.046274542808532715,0.9674080014228821,0.40667131543159485,0.7283942103385925,0.21030384302139282,0.9799163937568665,0.3903041183948517,0.7611355185508728,0.05600346252322197,0.968827486038208,forward,86.62028988912186,1
487,16.249566666666666,95.53933143615723,,,,,,,,,,,,,,,,,,,,0.44887664914131165,0.5391616225242615,-0.0029671459924429655,0.9999446868896484,0.4185810983181,0.6374000906944275,-0.062147337943315506,0.9694044589996338,0.4066188335418701,0.7282359600067139,0.2179204374551773,0.9808342456817627,0.3900916874408722,0.7611586451530457,0.054727952927351,0.9701976776123047,forward,77.96470368322036,1
488,16.282933333333332,92.95797348022461,,,,,,,,,,,,,,,,,,,,0.44916608929634094,0.5405924320220947,-0.0035807944368571043,0.9999451637268066,0.41745808720588684,0.6381051540374756,-0.09508533775806427,0.97142094373703,0.4064865708351135,0.728107213973999,0.21458688378334045,0.9816860556602478,0.39003604650497437,0.7612609267234802,0.047326166182756424,0.9714481234550476,forward,64.32650772904694,1
489,16.316300000000002,94.49434280395508,,,,,,,,,,,,,,,,,,,,0.4496736228466034,0.5419754385948181,-0.003652261570096016,0.9999457001686096,0.4156324565410614,0.6389051675796509,-0.11896055936813354,0.973216712474823,0.4064485728740692,0.7279499173164368,0.21001292765140533,0.9823712110519409,0.38970208168029785,0.7612506151199341,0.04346342012286186,0.9724177718162537,forward,56.592758523221924,1
490,16.349666666666668,94.76399421691895,,,,,,,,,,,,,,,,,,,,0.4500621259212494,0.5434367060661316,-0.0027563024777919054,0.9999454021453857,0.4133066236972809,0.6395899057388306,-0.11197550594806671,0.9746562242507935,0.4064415991306305,0.7278905510902405,0.13448722660541534,0.9828353524208069,0.38937461376190186,0.7611379623413086,0.0031382329761981964,0.9731335043907166,forward,62.456841617728436,1
491,16.383033333333334,94.92111206054688,,,,,,,,,,,,,,,,,,,,0.45054003596305847,0.5445737242698669,-0.0027570787351578474,0.9999440908432007,0.41102898120880127,0.6394982933998108,-0.16430555284023285,0.9756848812103271,0.40642109513282776,0.7275742292404175,0.08329959213733673,0.9827771186828613,0.38937586545944214,0.7610525488853455,-0.053358037024736404,0.9731836915016174,forward,51.31844928254374,1
492,16.4164,94.57993507385254,,,,,,,,,,,,,,,,,,,,0.45090124011039734,0.5457727909088135,-0.0032970011234283447,0.9999436736106873,0.4103476405143738,0.6393610239028931,-0.2666136920452118,0.9769479036331177,0.4059945046901703,0.7275750041007996,0.048236455768346786,0.9828291535377502,0.3892033100128174,0.7608781456947327,-0.11987638473510742,0.9733085632324219,forward,36.24346640371306,1
493,16.449766666666665,94.64287757873535,,,,,,,,,,,,,,,,,,,,0.45090267062187195,0.5478188395500183,-0.0036890488117933273,0.9999431371688843,0.4089488089084625,0.6393442749977112,-0.3162199556827545,0.9780668020248413,0.40561655163764954,0.7276448011398315,0.008695194497704506,0.9827671647071838,0.38804176449775696,0.7607913613319397,-0.162766233086586,0.9733463525772095,forward,32.423815164344326,1
494,16.483133333333335,93.58716011047363,,,,,,,,,,,,,,,,,,,,0.4509509205818176,0.549778163433075,-0.005971325561404228,0.9999421834945679,0.4080088436603546,0.6394507884979248,-0.3679182231426239,0.9793338775634766,0.4056001305580139,0.7276178598403931,-0.012164798565208912,0.9827923774719238,0.38807711005210876,0.7606996893882751,-0.19151687622070312,0.9734591841697693,forward,28.630759109780733,1
495,16.5165,93.60408782958984,,,,,,,,,,,,,,,,,,,,0.4509282410144806,0.55165034532547,-0.00599017133936286,0.9999415278434753,0.4075164496898651,0.639415442943573,-0.39841917157173157,0.9803358316421509,0.4053601324558258,0.7276117205619812,-0.045553795993328094,0.9822325706481934,0.3881780207157135,0.7606579661369324,-0.2247643917798996,0.9728156924247742,forward,27.37347455011368,1
496,16.549866666666667,92.63300895690918,,,,,,,,,,,,,,,,,,,,0.45108938217163086,0.5530080795288086,-0.007048390340059996,0.9999408721923828,0.4071284234523773,0.6395416855812073,-0.43402576446533203,0.9813817739486694,0.40529268980026245,0.7276695370674133,-0.07435917109251022,0.982089638710022,0.3875637948513031,0.760657012462616,-0.25315287709236145,0.9727544784545898,forward,25.89894784152143,1
497,16.583233333333332,93.11628341674805,,,,,,,,,,,,,,,,,,,,0.4511532783508301,0.5559090971946716,-0.007429874502122402,0.9999410510063171,0.40728524327278137,0.6397706270217896,-0.4161744713783264,0.9821287989616394,0.40528804063796997,0.7282140254974365,-0.06979842483997345,0.9819415211677551,0.3875470757484436,0.7609542012214661,-0.25257712602615356,0.9726406335830688,forward,26.63365463823581,1
498,16.616600000000002,93.51205825805664,,,,,,,,,,,,,,,,,,,,0.45151016116142273,0.557036280632019,-0.0073686749674379826,0.9999417066574097,0.40737196803092957,0.6400225758552551,-0.38026222586631775,0.9823707342147827,0.40528419613838196,0.7282838821411133,-0.04259008914232254,0.981250524520874,0.3875342607498169,0.7610727548599243,-0.22084689140319824,0.9717437624931335,forward,28.008643849750182,1
499,16.649966666666668,93.5068130493164,,,,,,,,,,,,,,,,,,,,0.4518546164035797,0.5585671067237854,-0.007281997706741095,0.9999421834945679,0.40774834156036377,0.6405471563339233,-0.39697694778442383,0.9830096960067749,0.4056287109851837,0.7283517122268677,-0.05419416353106499,0.9813114404678345,0.387535959482193,0.7611042857170105,-0.23264379799365997,0.9719483852386475,forward,27.03048076488508,1
500,16.683333333333334,92.97299385070801,,,,,,,,,,,,,,,,,,,,0.4522984027862549,0.5604391098022461,-0.007388101425021887,0.9999415874481201,0.4086737036705017,0.6412498950958252,-0.40049606561660767,0.9825266599655151,0.40573641657829285,0.7283792495727539,-0.056003838777542114,0.9794196486473083,0.3880329132080078,0.7611175775527954,-0.23446990549564362,0.9695960283279419,forward,26.613769508528325,1
501,16.7167,135.25104522705078,,,,,,,,,,,,,,,,,,,,0.4528942108154297,0.5624393224716187,-0.007360818330198526,0.9999423027038574,0.40966835618019104,0.6414796113967896,-0.397492378950119,0.9819670915603638,0.40575796365737915,0.7288114428520203,-0.07189391553401947,0.9782190918922424,0.388131707906723,0.7610710859298706,-0.25989776849746704,0.9679816365242004,forward,27.29673021672579,1
502,16.750066666666665,94.26999092102051,,,,,,,,,,,,,,,,,,,,0.45304960012435913,0.5641217827796936,-0.007348594721406698,0.9999433159828186,0.41015028953552246,0.6419396996498108,-0.39918825030326843,0.9810006618499756,0.4058188796043396,0.728805422782898,-0.0757061317563057,0.9762305617332458,0.3885090947151184,0.7610665559768677,-0.26146695017814636,0.9652994871139526,forward,27.10352335901931,1
503,16.783433333333335,92.50521659851074,,,,,,,,,,,,,,,,,,,,0.4530505836009979,0.5653851628303528,-0.007332110311836004,0.9999443888664246,0.4105713367462158,0.6421640515327454,-0.4390244483947754,0.979072093963623,0.40588900446891785,0.7287834286689758,-0.12081988155841827,0.9730148315429688,0.38863101601600647,0.7610199451446533,-0.32189565896987915,0.961089551448822,forward,26.0624000760642,1
504,16.8168,93.22977066040039,,,,,,,,,,,,,,,,,,,,0.45302554965019226,0.5663101077079773,-0.007245223969221115,0.9999459385871887,0.4110602140426636,0.6422685384750366,-0.427297979593277,0.9774208068847656,0.4060215651988983,0.7289007306098938,-0.1350652128458023,0.9707575440406799,0.3886074721813202,0.760999858379364,-0.3369421660900116,0.9580950736999512,forward,27.51889539291342,1
505,16.850166666666667,93.45579147338867,,,,,,,,,,,,,,,,,,,,0.4530312716960907,0.5672386288642883,-0.0068150172010064125,0.9999478459358215,0.4112851321697235,0.6423981189727783,-0.4468308985233307,0.9769046902656555,0.4060229957103729,0.7291736602783203,-0.17147433757781982,0.9700301289558411,0.3887287378311157,0.7609986662864685,-0.3844330310821533,0.9573755860328674,forward,27.892284118158283,1
506,16.883533333333332,93.62268447875977,,,,,,,,,,,,,,,,,,,,0.4530293643474579,0.5689581036567688,-0.00724623491987586,0.9999490976333618,0.411284863948822,0.6423837542533875,-0.4567878246307373,0.9757269620895386,0.4060695767402649,0.7292619943618774,-0.17518220841884613,0.9679081439971924,0.3887375295162201,0.7610002160072327,-0.3787105679512024,0.9547332525253296,forward,27.12055937715161,1
507,16.916900000000002,93.90783309936523,,,,,,,,,,,,,,,,,,,,0.4530285596847534,0.5714720487594604,-0.007115447428077459,0.999950647354126,0.41033676266670227,0.6425870060920715,-0.48249948024749756,0.9747909903526306,0.4061095416545868,0.7292976975440979,-0.18837864696979523,0.965543806552887,0.3886677920818329,0.7609922289848328,-0.3874642848968506,0.9518238306045532,forward,25.58691261873453,1
508,16.950266666666668,94.0852165222168,,,,,,,,,,,,,,,,,,,,0.4528738856315613,0.5735280513763428,-0.00812231283634901,0.9999531507492065,0.40895378589630127,0.6425852179527283,-0.5078865885734558,0.9760167002677917,0.4061122536659241,0.7293360829353333,-0.22900299727916718,0.9671897292137146,0.388613224029541,0.7606180310249329,-0.4293228089809418,0.9541293978691101,forward,25.719666857652808,1
509,16.983633333333334,92.92888641357422,,,,,,,,,,,,,,,,,,,,0.4527266323566437,0.5749196410179138,-0.008863045834004879,0.9999549388885498,0.40745431184768677,0.642862856388092,-0.5210354328155518,0.9758902192115784,0.40613147616386414,0.7291609048843384,-0.22522594034671783,0.9663518071174622,0.38860148191452026,0.7603412866592407,-0.42997777462005615,0.9527238607406616,forward,24.36429197454107,1
510,17.017,92.63110160827637,,,,,,,,,,,,,,,,,,,,0.45234498381614685,0.5758393406867981,-0.010094420053064823,0.9999560713768005,0.4056205451488495,0.6433060169219971,-0.51422119140625,0.9760639071464539,0.4061412811279297,0.7289902567863464,-0.220155730843544,0.9658668637275696,0.38863861560821533,0.7602455019950867,-0.424221009016037,0.9518464803695679,forward,24.38339553067658,1
511,17.050366666666665,92.14425086975098,,,,,,,,,,,,,,,,,,,,0.4520341753959656,0.5778380036354065,-0.012133657932281494,0.9999575018882751,0.4042682349681854,0.6438178420066833,-0.547579824924469,0.9770931601524353,0.406161367893219,0.7288904190063477,-0.2365027815103531,0.9670774936676025,0.38864296674728394,0.7601699829101562,-0.44267988204956055,0.9534124135971069,forward,22.7834771933598,1
512,17.083733333333335,93.93501281738281,,,,,,,,,,,,,,,,,,,,0.4510916769504547,0.5787565112113953,-0.012740668840706348,0.9999586939811707,0.40334585309028625,0.6439963579177856,-0.5428956151008606,0.9779156446456909,0.4061851501464844,0.7287943363189697,-0.2301027625799179,0.9678667187690735,0.3886239528656006,0.7601302862167358,-0.4344169497489929,0.9544064998626709,forward,22.624567440709296,1
513,17.1171,94.59996223449707,,,,,,,,,,,,,,,,,,,,0.4506674110889435,0.5794723629951477,-0.012755126692354679,0.9999600648880005,0.4025183320045471,0.64397794008255,-0.5494931936264038,0.9791139364242554,0.4061848819255829,0.7286232709884644,-0.23814934492111206,0.9696884155273438,0.3885590732097626,0.7601278424263,-0.43728193640708923,0.9569467902183533,forward,22.471544536244586,1
514,17.150466666666667,92.72599220275879,,,,,,,,,,,,,,,,,,,,0.4499223232269287,0.5803532004356384,-0.012649663724005222,0.999960720539093,0.40152764320373535,0.6439717411994934,-0.5503608584403992,0.9800273776054382,0.4061828851699829,0.7284325957298279,-0.23435626924037933,0.9708231687545776,0.3885273337364197,0.7601222991943359,-0.4327314794063568,0.9584977030754089,forward,22.097930345109603,1
515,17.183833333333332,92.49305725097656,,,,,,,,,,,,,,,,,,,,0.4491633474826813,0.5811253786087036,-0.012594384141266346,0.9999614953994751,0.4004605710506439,0.644158661365509,-0.5564586520195007,0.9812293648719788,0.4061877727508545,0.7283508777618408,-0.24207568168640137,0.972549319267273,0.3883059024810791,0.7601182460784912,-0.4423559606075287,0.9608638882637024,forward,21.9492684057652,1
516,17.217200000000002,93.31893920898438,,,,,,,,,,,,,,,,,,,,0.44855478405952454,0.5818458795547485,-0.012537318281829357,0.9999618530273438,0.39958056807518005,0.6445072889328003,-0.559434711933136,0.9821803569793701,0.4061942398548126,0.7283539175987244,-0.2382989078760147,0.9739507436752319,0.38824906945228577,0.7601191997528076,-0.44097885489463806,0.9627557992935181,forward,21.497928117258738,1
517,17.250566666666668,93.53804588317871,,,,,,,,,,,,,,,,,,,,0.44797182083129883,0.5819166302680969,-0.012640041299164295,0.9999633431434631,0.3993803858757019,0.6449970006942749,-0.5573038458824158,0.9835563898086548,0.40618881583213806,0.728383481502533,-0.2428666055202484,0.9761019349098206,0.38824525475502014,0.7601085901260376,-0.4423449635505676,0.9657905101776123,forward,21.768243788816296,1
518,17.283933333333334,91.29190444946289,,,,,,,,,,,,,,,,,,,,0.44759809970855713,0.5819230675697327,-0.012684952467679977,0.999964714050293,0.3993832767009735,0.6451435089111328,-0.5594586133956909,0.9849199652671814,0.40617749094963074,0.7284166216850281,-0.24509723484516144,0.9781947731971741,0.38814616203308105,0.7601087689399719,-0.4421593248844147,0.9687435626983643,forward,21.732873538852687,1
519,17.3173,92.28014945983887,,,,,,,,,,,,,,,,,,,,0.44748666882514954,0.5818606019020081,-0.012689651921391487,0.9999660849571228,0.39947572350502014,0.6451490521430969,-0.560190737247467,0.9861818552017212,0.4061848223209381,0.7284360527992249,-0.2475084662437439,0.9801391363143921,0.38806429505348206,0.7601067423820496,-0.4440900385379791,0.9714893102645874,forward,21.805579976814737,1
520,17.350666666666665,93.83201599121094,,,,,,,,,,,,,,,,,,,,0.4474114775657654,0.5818625688552856,-0.012748097069561481,0.9999676942825317,0.39955851435661316,0.6451689004898071,-0.570020854473114,0.9874282479286194,0.406242698431015,0.7284365892410278,-0.2607223093509674,0.9820045232772827,0.38804730772972107,0.7601064443588257,-0.4566274881362915,0.9741483926773071,forward,21.82698212047565,1
521,17.384033333333335,93.00780296325684,,,,,,,,,,,,,,,,,,,,0.44733715057373047,0.5817356109619141,-0.012884870171546936,0.9999691843986511,0.39961180090904236,0.6451608538627625,-0.5724104046821594,0.9885610938072205,0.40629279613494873,0.7284381985664368,-0.2662363350391388,0.9836979508399963,0.3880379796028137,0.760092556476593,-0.4644342064857483,0.9765625,forward,21.95247428501846,1
522,17.4174,93.25098991394043,,,,,,,,,,,,,,,,,,,,0.4473204016685486,0.5816326141357422,-0.013283684849739075,0.9999703764915466,0.39963722229003906,0.6451542377471924,-0.5729143023490906,0.989606499671936,0.4063240885734558,0.728441059589386,-0.27497097849845886,0.9852547645568848,0.38807541131973267,0.7600618004798889,-0.4753042757511139,0.9787898659706116,forward,22.350338179107823,1
523,17.450766666666667,93.18900108337402,,,,,,,,,,,,,,,,,,,,0.4473193287849426,0.5804197788238525,-0.014425530098378658,0.999971866607666,0.3997350335121155,0.6450912952423096,-0.5698292255401611,0.9905726313591003,0.40641361474990845,0.728440523147583,-0.27028512954711914,0.9866806864738464,0.3880801796913147,0.7600142359733582,-0.4673674404621124,0.9808358550071716,forward,22.45152399434559,1
524,17.484133333333332,93.92499923706055,,,,,,,,,,,,,,,,,,,,0.44732341170310974,0.578213095664978,-0.015148286707699299,0.9999736547470093,0.3998892307281494,0.6448161602020264,-0.5697612762451172,0.9914831519126892,0.4065841734409332,0.7284313440322876,-0.27362796664237976,0.9879958629608154,0.38808292150497437,0.7599987387657166,-0.4671127498149872,0.9827260971069336,forward,22.865304644412547,1
525,17.517500000000002,93.17398071289062,,,,,,,,,,,,,,,,,,,,0.44732585549354553,0.5739272832870483,-0.015110595151782036,0.9999752640724182,0.40044113993644714,0.6442046761512756,-0.5584168434143066,0.9922905564308167,0.40666714310646057,0.7284318208694458,-0.27151206135749817,0.989169716835022,0.3880995810031891,0.7599970102310181,-0.46164193749427795,0.9844127297401428,forward,23.97998920733142,1
526,17.550866666666668,93.47677230834961,,,,,,,,,,,,,,,,,,,,0.4472590684890747,0.569487988948822,-0.01568201743066311,0.9999760389328003,0.40096718072891235,0.643526017665863,-0.5285965204238892,0.992835283279419,0.4066711962223053,0.7284311652183533,-0.23922871053218842,0.9900771975517273,0.38822582364082336,0.7599533200263977,-0.4363177418708801,0.9857166409492493,forward,24.8522815754896,1
527,17.584233333333334,91.53008460998535,,,,,,,,,,,,,,,,,,,,0.4472462236881256,0.5651165246963501,-0.016115494072437286,0.9999763369560242,0.402037650346756,0.6419553160667419,-0.5061343908309937,0.9930194616317749,0.40668436884880066,0.7280852198600769,-0.19901971518993378,0.990581214427948,0.38832566142082214,0.7599188089370728,-0.39526036381721497,0.98646479845047,forward,24.923880520230874,1
528,17.6176,92.46492385864258,,,,,,,,,,,,,,,,,,,,0.4471915662288666,0.5620445609092712,-0.016373896971344948,0.9999760985374451,0.40374165773391724,0.6407099962234497,-0.49024826288223267,0.9932070374488831,0.406528502702713,0.7279684543609619,-0.19034141302108765,0.9911600947380066,0.38860973715782166,0.7599618434906006,-0.3892453908920288,0.9873520135879517,forward,26.028765337449947,1
529,17.650966666666665,93.15919876098633,,,,,,,,,,,,,,,,,,,,0.4471367299556732,0.5594748854637146,-0.016350675374269485,0.999975323677063,0.4046406149864197,0.6403931379318237,-0.45862722396850586,0.9931732416152954,0.4063103199005127,0.727770209312439,-0.14713387191295624,0.9915816187858582,0.3890754282474518,0.7599605321884155,-0.341362327337265,0.9880512356758118,forward,26.492266169752913,1
530,17.684333333333335,93.53518486022949,,,,,,,,,,,,,,,,,,,,0.44713521003723145,0.5567490458488464,-0.014515128917992115,0.9999749660491943,0.4064888656139374,0.6392934322357178,-0.4371795356273651,0.9932931065559387,0.40616676211357117,0.727580189704895,-0.13881750404834747,0.9920148253440857,0.38949307799339294,0.759903609752655,-0.34216615557670593,0.9887158274650574,forward,28.028561000909292,1
531,17.7177,92.54598617553711,,,,,,,,,,,,,,,,,,,,0.44724518060684204,0.5535727143287659,-0.01232999563217163,0.9999735355377197,0.4078904986381531,0.6385737061500549,-0.3846779465675354,0.9930989742279053,0.40613412857055664,0.7273023128509521,-0.07346617430448532,0.9920614361763,0.3896811306476593,0.7599021196365356,-0.2694025933742523,0.9888135194778442,forward,29.383920089021743,1
532,17.751066666666667,93.9781665802002,,,,,,,,,,,,,,,,,,,,0.44722065329551697,0.5510337948799133,-0.011024834588170052,0.9999720454216003,0.40905702114105225,0.6381829380989075,-0.38307058811187744,0.9923586845397949,0.4059731364250183,0.7271865606307983,-0.07223386317491531,0.9914896488189697,0.3899914026260376,0.7600901126861572,-0.2760387063026428,0.9879225492477417,forward,29.780185462605882,1
533,17.784433333333332,94.09689903259277,,,,,,,,,,,,,,,,,,,,0.4472484588623047,0.5487170815467834,-0.00513415364548564,0.9999707341194153,0.4094414710998535,0.6377378702163696,-0.33736342191696167,0.991252601146698,0.405828058719635,0.7270901203155518,-0.03470722958445549,0.990455150604248,0.38995808362960815,0.7601764798164368,-0.23222117125988007,0.9864218235015869,forward,32.14553866987019,1
534,17.817800000000002,92.82994270324707,,,,,,,,,,,,,,,,,,,,0.4472423791885376,0.5468515157699585,-0.004252849146723747,0.9999697804450989,0.41033676266670227,0.6364421248435974,-0.35147613286972046,0.9907842874526978,0.4057488441467285,0.7271020412445068,-0.0684715285897255,0.9898025989532471,0.38993358612060547,0.7601792216300964,-0.26628851890563965,0.9855780005455017,forward,32.88282705065913,1
535,17.851166666666668,93.69397163391113,,,,,,,,,,,,,,,,,,,,0.4471896290779114,0.5446630716323853,-0.0040504662320017815,0.9999687671661377,0.41112133860588074,0.6346694827079773,-0.3381805419921875,0.9904231429100037,0.4055207371711731,0.727076530456543,-0.0707189217209816,0.9893611073493958,0.389931321144104,0.7601950168609619,-0.2641250193119049,0.9850777983665466,forward,34.8114838768193,1
536,17.884533333333334,93.71399879455566,,,,,,,,,,,,,,,,,,,,0.447189062833786,0.5433740615844727,-0.003706231014803052,0.9999678134918213,0.4117286801338196,0.6335431933403015,-0.32971861958503723,0.9895387887954712,0.4053429365158081,0.7270798087120056,-0.0793970599770546,0.9886453151702881,0.3899301588535309,0.7602201700210571,-0.27288761734962463,0.984235405921936,forward,36.639884330373704,1
537,17.9179,94.31290626525879,,,,,,,,,,,,,,,,,,,,0.4472510516643524,0.5408949255943298,-0.004093409515917301,0.9999672174453735,0.41234344244003296,0.6325361132621765,-0.3222145140171051,0.9892687797546387,0.40530115365982056,0.7270889282226562,-0.07191292941570282,0.9885737895965576,0.38954851031303406,0.7603775858879089,-0.2656917870044708,0.9841426014900208,forward,37.47192636767671,1
538,17.951266666666665,93.39284896850586,,,,,,,,,,,,,,,,,,,,0.4474586844444275,0.5391718745231628,-0.004165686201304197,0.9999661445617676,0.41259437799453735,0.6321048736572266,-0.2993474304676056,0.9885122776031494,0.4052968919277191,0.7271081805229187,-0.036187052726745605,0.988268256187439,0.3883814811706543,0.7605326771736145,-0.22228166460990906,0.9837188124656677,forward,38.092644766004405,1
539,17.984633333333335,92.76914596557617,,,,,,,,,,,,,,,,,,,,0.44761207699775696,0.5377587080001831,-0.004361396189779043,0.9999656677246094,0.4126601219177246,0.6321868896484375,-0.29034024477005005,0.9877635836601257,0.4052262604236603,0.7272610068321228,-0.019945770502090454,0.9877678155899048,0.3883345425128937,0.7604665756225586,-0.2065829336643219,0.9830760955810547,forward,38.43850663679053,1
540,18.018,91.7820930480957,,,,,,,,,,,,,,,,,,,,0.4477800726890564,0.5362037420272827,-0.004433730151504278,0.9999655485153198,0.4131101071834564,0.6321660876274109,-0.22967705130577087,0.9864727854728699,0.40511974692344666,0.7274351716041565,0.01491664070636034,0.9872363805770874,0.3886743187904358,0.7602503299713135,-0.1810951977968216,0.9823233485221863,forward,45.30407989944177,1
541,18.051366666666667,93.56427192687988,,,,,,,,,,,,,,,,,,,,0.44790881872177124,0.5354490280151367,-0.004092985764145851,0.9999655485153198,0.4136142432689667,0.6321712732315063,-0.1260274052619934,0.9856931567192078,0.40497976541519165,0.7274351119995117,0.11892089992761612,0.9871540069580078,0.38863030076026917,0.7602905631065369,-0.06649814546108246,0.9821300506591797,forward,60.93809742956263,1
542,18.084733333333332,93.45173835754395,,,,,,,,,,,,,,,,,,,,0.44793301820755005,0.5357965230941772,-0.004140912555158138,0.9999660849571228,0.4140360653400421,0.6323145031929016,-0.04040384665131569,0.9847657084465027,0.40471822023391724,0.7274049520492554,0.23238831758499146,0.9871876835823059,0.3880663812160492,0.7602974772453308,0.04390418902039528,0.9820069670677185,forward,89.27223364523734,1
543,18.118100000000002,93.58835220336914,,,,,,,,,,,,,,,,,,,,0.4479372799396515,0.5354774594306946,-0.003999907057732344,0.9999643564224243,0.41515323519706726,0.632291853427887,-0.02030682936310768,0.9814412593841553,0.40452510118484497,0.7272911667823792,0.19513116776943207,0.985940158367157,0.38796699047088623,0.7602831721305847,0.028769532218575478,0.9801252484321594,forward,104.3165466779315,1
544,18.151466666666668,92.32115745544434,,,,,,,,,,,,,,,,,,,,0.4479384422302246,0.5356444120407104,-0.004037124570459127,0.9999626874923706,0.4164767265319824,0.6323127150535583,0.01105413306504488,0.9806600213050842,0.4041377305984497,0.7272642850875854,0.23753634095191956,0.9860237836837769,0.3881261646747589,0.7602185010910034,0.06632579118013382,0.9799973368644714,forward,120.9190699790086,1
545,18.184833333333334,92.4229621887207,,,,,,,,,,,,,,,,,,,,0.44794780015945435,0.5354745388031006,-0.0031363735906779766,0.9999610185623169,0.417426198720932,0.6322661638259888,0.03489857167005539,0.9791078567504883,0.4041312336921692,0.7268902659416199,0.2594505846500397,0.9858782887458801,0.38836270570755005,0.7600167989730835,0.08519688248634338,0.9795249700546265,forward,133.198647210006,1
546,18.2182,93.42598915100098,,,,,,,,,,,,,,,,,,,,0.44795289635658264,0.5346249938011169,-0.002645391272380948,0.9999594688415527,0.4187425374984741,0.6318289637565613,0.03336633741855621,0.9776339530944824,0.40436437726020813,0.7269006371498108,0.24265241622924805,0.9858177900314331,0.3898923695087433,0.7596693634986877,0.04801712557673454,0.9791451096534729,forward,133.8954461571392,1
547,18.251566666666665,93.92404556274414,,,,,,,,,,,,,,,,,,,,0.4479179382324219,0.5342405438423157,-0.002116662450134754,0.9999583959579468,0.41957324743270874,0.6316202282905579,0.03998815640807152,0.9761070013046265,0.4047401249408722,0.7269119024276733,0.2410413920879364,0.9856253862380981,0.3903919458389282,0.7594966888427734,0.05986342951655388,0.9786097407341003,forward,137.88777601672783,1
548,18.284933333333335,92.85211563110352,,,,,,,,,,,,,,,,,,,,0.4477657377719879,0.5333908796310425,-0.001870074775069952,0.9999569058418274,0.4206475019454956,0.6308912038803101,0.03295770287513733,0.9741514921188354,0.4047853946685791,0.7269131541252136,0.23200780153274536,0.9850392937660217,0.3904873728752136,0.759495198726654,0.056193478405475616,0.9775534272193909,forward,134.8520292411433,1
549,18.3183,93.02496910095215,,,,,,,,,,,,,,,,,,,,0.447690486907959,0.5324026942253113,-0.0009701336966827512,0.9999561905860901,0.42154085636138916,0.6300817728042603,0.026934925466775894,0.9727980494499207,0.4048595428466797,0.7269068360328674,0.23134516179561615,0.9848061203956604,0.3904118537902832,0.7594796419143677,0.04615359753370285,0.9770355820655823,forward,130.9680545058247,1
550,18.351666666666667,92.62895584106445,,,,,,,,,,,,,,,,,,,,0.44765469431877136,0.5315535068511963,-0.0010190751636400819,0.9999551773071289,0.4219934642314911,0.6294470429420471,0.023399578407406807,0.971106767654419,0.4050682783126831,0.7268432378768921,0.23006534576416016,0.9842957854270935,0.3905201852321625,0.7594732642173767,0.04474354907870293,0.9761366248130798,forward,129.01907776100722,1
551,18.385033333333332,93.44696998596191,,,,,,,,,,,,,,,,,,,,0.4476527273654938,0.5303784608840942,-0.0010368211660534143,0.9999546408653259,0.4223262071609497,0.6288766860961914,0.007307440508157015,0.9681242108345032,0.4053046405315399,0.7268239259719849,0.20032615959644318,0.9830440878868103,0.39068180322647095,0.7594928741455078,0.031788419932127,0.9744208455085754,forward,121.84380893730173,1
552,18.418400000000002,93.42598915100098,,,,,,,,,,,,,,,,,,,,0.44761914014816284,0.5294412970542908,-0.0010910669807344675,0.9999539256095886,0.4229017496109009,0.6281680464744568,-0.005867918021976948,0.9640370011329651,0.405356228351593,0.7269585728645325,0.14341644942760468,0.9810311198234558,0.39069217443466187,0.759497880935669,-0.025158874690532684,0.9718134999275208,forward,121.12823681857829,1
553,18.451766666666668,92.85187721252441,,,,,,,,,,,,,,,,,,,,0.4476229250431061,0.5290175080299377,-0.001123271882534027,0.9999532103538513,0.42307084798812866,0.6282337307929993,-0.009365331381559372,0.9615206122398376,0.4053562581539154,0.727033257484436,0.15025478601455688,0.9793670177459717,0.3904549181461334,0.7595148682594299,-0.02000279538333416,0.9694745540618896,forward,117.48011245365343,1
554,18.485133333333334,92.35596656799316,,,,,,,,,,,,,,,,,,,,0.4475860297679901,0.5291739702224731,-0.0011866557179018855,0.9999533891677856,0.423141211271286,0.6283060312271118,-0.00029655819525942206,0.9614645838737488,0.40539470314979553,0.7271186113357544,0.19309674203395844,0.9793169498443604,0.39044123888015747,0.7596580982208252,0.003960868343710899,0.9693480134010315,forward,117.87275407884043,1
555,18.5185,92.41294860839844,,,,,,,,,,,,,,,,,,,,0.4475846588611603,0.5291317701339722,-0.0012011696817353368,0.9999539852142334,0.4233420789241791,0.6283596158027649,0.0020808319095522165,0.962043821811676,0.4054800271987915,0.7271870374679565,0.20585910975933075,0.9796901345252991,0.39054110646247864,0.7596661448478699,0.011403854936361313,0.9698539972305298,forward,118.02288099164039,1
556,18.551866666666665,93.24908256530762,,,,,,,,,,,,,,,,,,,,0.4476328492164612,0.529085099697113,-0.001251953188329935,0.9999540448188782,0.42340007424354553,0.6283978819847107,0.0027525504119694233,0.963010847568512,0.40548262000083923,0.727187991142273,0.21918174624443054,0.9802109599113464,0.39071011543273926,0.7596622109413147,0.02301507443189621,0.9705097079277039,forward,117.08138474804407,1
557,18.585233333333335,92.34189987182617,,,,,,,,,,,,,,,,,,,,0.4476068913936615,0.5290835499763489,-0.0012708093272522092,0.9999542832374573,0.4233776330947876,0.6285454034805298,0.0013641879195347428,0.9637369513511658,0.40542924404144287,0.7271488308906555,0.22491441667079926,0.9805019497871399,0.3907158672809601,0.7596555948257446,0.036649808287620544,0.970859706401825,forward,115.57740130493434,1
558,18.6186,93.46675872802734,,,,,,,,,,,,,,,,,,,,0.44757527112960815,0.5291062593460083,-0.0016288284678012133,0.9999535083770752,0.42335817217826843,0.6288780570030212,0.0007387777441181242,0.963090181350708,0.40538549423217773,0.727160632610321,0.2152898609638214,0.9799495935440063,0.390714168548584,0.759659469127655,0.032522961497306824,0.9700173735618591,forward,116.2473640022588,1
559,18.651966666666667,93.35494041442871,,,,,,,,,,,,,,,,,,,,0.4475227892398834,0.529114305973053,-0.0017198057612404227,0.9999529123306274,0.4233441948890686,0.6291363835334778,-0.0006794286309741437,0.9623520970344543,0.40538665652275085,0.7273167967796326,0.1940450817346573,0.9793089032173157,0.3906271159648895,0.7597464919090271,0.026164080947637558,0.9690430164337158,forward,117.67065972653359,1
560,18.685333333333332,92.56505966186523,,,,,,,,,,,,,,,,,,,,0.4474877715110779,0.529069721698761,-0.0008896359358914196,0.9999532699584961,0.42332354187965393,0.629335343837738,0.004164920188486576,0.9625895023345947,0.4054858088493347,0.7275462746620178,0.21582715213298798,0.9794870018959045,0.39039498567581177,0.7600423097610474,0.03406372293829918,0.9692384004592896,forward,118.0091741865164,1
561,18.718700000000002,93.98293495178223,,,,,,,,,,,,,,,,,,,,0.44748127460479736,0.5290271043777466,-0.0005126920295879245,0.9999530911445618,0.4233097434043884,0.6296481490135193,0.002773313084617257,0.9619801640510559,0.40571749210357666,0.7277601361274719,0.21401730179786682,0.9790587425231934,0.39033642411231995,0.7603470683097839,0.030839242041110992,0.9685847759246826,forward,117.03263496994204,1
562,18.752066666666668,93.97220611572266,,,,,,,,,,,,,,,,,,,,0.44747892022132874,0.5290037393569946,-0.00012347489246167243,0.999953031539917,0.4232998788356781,0.6297682523727417,0.002107292180880904,0.9619197249412537,0.4058730900287628,0.7279767990112305,0.2119886875152588,0.9789763689041138,0.3903063237667084,0.7606989145278931,0.028710274025797844,0.968435525894165,forward,116.60257751895206,1
563,18.785433333333334,93.81604194641113,,,,,,,,,,,,,,,,,,,,0.44747626781463623,0.5290177464485168,0.00010694318189052865,0.9999530911445618,0.42331376671791077,0.6299015283584595,0.009779711253941059,0.962054967880249,0.40604156255722046,0.7280522584915161,0.2235386073589325,0.9791441559791565,0.39030203223228455,0.7609968781471252,0.04224715009331703,0.9685800671577454,forward,120.27122580210468,1
564,18.8188,93.80006790161133,,,,,,,,,,,,,,,,,,,,0.4474823772907257,0.5290290117263794,0.0007472143624909222,0.9999533295631409,0.4233880043029785,0.6299616694450378,0.01667645014822483,0.9631405472755432,0.40618062019348145,0.728071928024292,0.24139666557312012,0.9798000454902649,0.39029011130332947,0.7612465620040894,0.05691925063729286,0.9694337248802185,forward,122.58243767239178,1
565,18.852166666666665,94.1319465637207,,,,,,,,,,,,,,,,,,,,0.44748055934906006,0.5290623903274536,0.0013058522017672658,0.9999533295631409,0.4233815670013428,0.6300430297851562,0.014269994571805,0.9638710618019104,0.40633898973464966,0.7281309366226196,0.23378251492977142,0.9802451729774475,0.39027664065361023,0.7614151239395142,0.05033339187502861,0.9699884653091431,forward,121.4608215138786,1
566,18.885533333333335,94.25902366638184,,,,,,,,,,,,,,,,,,,,0.44749245047569275,0.5290696024894714,0.0013832405675202608,0.9999534487724304,0.42340007424354553,0.6300536394119263,0.013207443989813328,0.9641973376274109,0.40645915269851685,0.7281769514083862,0.2333061546087265,0.9804864525794983,0.3902733623981476,0.7615436911582947,0.044942714273929596,0.9702761769294739,forward,120.78550544906234,1
567,18.9189,93.18804740905762,,,,,,,,,,,,,,,,,,,,0.4475065767765045,0.5292256474494934,0.0013193059712648392,0.9999533891677856,0.42339619994163513,0.6301882266998291,0.012272272258996964,0.964384138584137,0.406539648771286,0.7281897664070129,0.2317591905593872,0.9806737899780273,0.39027050137519836,0.7615953087806702,0.043514903634786606,0.9704740047454834,forward,120.34089508042915,1
568,18.952266666666667,93.44196319580078,,,,,,,,,,,,,,,,,,,,0.4475801885128021,0.5295103788375854,0.0013071006396785378,0.9999532103538513,0.42329686880111694,0.6304420232772827,0.011636031791567802,0.9648481011390686,0.40657666325569153,0.7281920313835144,0.2375618815422058,0.9809582233428955,0.3902677893638611,0.7616318464279175,0.05069088190793991,0.9707950949668884,forward,119.32257069866066,1
569,18.985633333333332,94.09594535827637,,,,,,,,,,,,,,,,,,,,0.4476330578327179,0.5299655795097351,0.0006582900532521307,0.9999532699584961,0.42325088381767273,0.6308878064155579,0.012242875061929226,0.9653207659721375,0.4065931737422943,0.7282077670097351,0.24532869458198547,0.9812893271446228,0.3902619481086731,0.7616456747055054,0.0593029148876667,0.9711973667144775,forward,119.26606269993957,1
570,19.019000000000002,94.54083442687988,,,,,,,,,,,,,,,,,,,,0.4477398991584778,0.5304926037788391,0.00042141522862948477,0.9999526739120483,0.4229971766471863,0.6313415169715881,0.012030310928821564,0.9653928279876709,0.40661123394966125,0.7282097935676575,0.2425817996263504,0.9813960194587708,0.39025959372520447,0.7616470456123352,0.05907522886991501,0.9712628126144409,forward,119.39086919253552,1
571,19.052366666666668,93.14584732055664,,,,,,,,,,,,,,,,,,,,0.4477597773075104,0.531662106513977,-1.950259684235789e-05,0.9999520778656006,0.4225292205810547,0.6318780183792114,0.01140671968460083,0.9653623700141907,0.4066026210784912,0.728209912776947,0.22985364496707916,0.9814717769622803,0.39024990797042847,0.7616474628448486,0.05678323283791542,0.9712790846824646,forward,120.30039174211493,1
572,19.085733333333334,93.0790901184082,,,,,,,,,,,,,,,,,,,,0.44776207208633423,0.5332804322242737,-0.00024953915271908045,0.9999517202377319,0.4222612679004669,0.6323740482330322,0.012121018022298813,0.966193437576294,0.40657562017440796,0.7282412648200989,0.24912306666374207,0.981867253780365,0.39026308059692383,0.7616478800773621,0.07074261456727982,0.9718412756919861,forward,119.08187069766359,1
573,19.1191,93.25003623962402,,,,,,,,,,,,,,,,,,,,0.44776979088783264,0.5344576239585876,-0.0011934908106923103,0.9999508261680603,0.4215580224990845,0.6331799626350403,0.014819982461631298,0.967153012752533,0.4064600467681885,0.7282418608665466,0.274982213973999,0.9822821617126465,0.3902566432952881,0.7616807222366333,0.09334718436002731,0.9723527431488037,forward,119.09629561562083,1
574,19.152466666666665,93.10293197631836,,,,,,,,,,,,,,,,,,,,0.44777101278305054,0.5358541011810303,-0.0015706794802099466,0.9999498128890991,0.42072784900665283,0.6339752674102783,0.010331308469176292,0.9681349992752075,0.40633901953697205,0.7282320261001587,0.2776561379432678,0.9825619459152222,0.39025363326072693,0.7617129683494568,0.1027822196483612,0.9726849794387817,forward,116.15315222158463,1
575,19.185833333333335,92.49997138977051,,,,,,,,,,,,,,,,,,,,0.4479246735572815,0.5366682410240173,-0.0012628481490537524,0.9999498724937439,0.4192045331001282,0.6349157691001892,-0.0037317064125090837,0.9694691896438599,0.406119167804718,0.7281960248947144,0.26727163791656494,0.9830629229545593,0.39016973972320557,0.7617607116699219,0.09262152016162872,0.9733991622924805,forward,107.57720796951965,1
576,19.2192,93.92404556274414,,,,,,,,,,,,,,,,,,,,0.44807949662208557,0.5380277633666992,-0.0015940479934215546,0.9999503493309021,0.4174373745918274,0.6356127262115479,-0.06180364638566971,0.9711906909942627,0.4059186279773712,0.7279452085494995,0.24764204025268555,0.9835563898086548,0.3900872766971588,0.7617903351783752,0.08387933671474457,0.9741140007972717,forward,76.01514279383166,1
577,19.252566666666667,93.90115737915039,,,,,,,,,,,,,,,,,,,,0.44822996854782104,0.5393020510673523,-0.002388225868344307,0.9999505877494812,0.4158446192741394,0.6364983916282654,-0.09554105252027512,0.9726508855819702,0.4057939648628235,0.7274593710899353,0.2189648300409317,0.9838626980781555,0.39004814624786377,0.7617793679237366,0.055602990090847015,0.9745696187019348,forward,63.650703483925646,1
578,19.285933333333332,93.13583374023438,,,,,,,,,,,,,,,,,,,,0.4483100175857544,0.5409982800483704,-0.003211176721379161,0.9999493360519409,0.41494569182395935,0.6366854906082153,-0.1621508151292801,0.9732908606529236,0.40570154786109924,0.7271662354469299,0.10856647789478302,0.9834501147270203,0.3902040421962738,0.7615281343460083,-0.05136386305093765,0.974124550819397,forward,50.74797981068727,1
579,19.319300000000002,93.82295608520508,,,,,,,,,,,,,,,,,,,,0.44831565022468567,0.542397677898407,-0.00440645357593894,0.9999492168426514,0.41390460729599,0.6368966698646545,-0.21710465848445892,0.974160373210907,0.4055429697036743,0.7270879149436951,0.07919841259717941,0.9830055236816406,0.3901793956756592,0.7613875865936279,-0.08828222006559372,0.9735488295555115,forward,41.954149425468785,1
580,19.352666666666668,93.54376792907715,,,,,,,,,,,,,,,,,,,,0.4483239948749542,0.5442635416984558,-0.004819847643375397,0.9999483227729797,0.41326388716697693,0.6371996402740479,-0.2748349905014038,0.9752311706542969,0.40541592240333557,0.7271538376808167,0.039934586733579636,0.9826789498329163,0.38994795083999634,0.7614365816116333,-0.1381281018257141,0.9732804894447327,forward,35.8578968124496,1
581,19.386033333333334,93.22285652160645,,,,,,,,,,,,,,,,,,,,0.4484190046787262,0.545660674571991,-0.0046753413043916225,0.9999463558197021,0.4128921329975128,0.6371999382972717,-0.35607948899269104,0.9768638014793396,0.4053841531276703,0.7274883389472961,-0.04322132468223572,0.9831683039665222,0.38969191908836365,0.7614772915840149,-0.23470070958137512,0.974075198173523,forward,31.426736127587205,1
582,19.4194,93.13106536865234,,,,,,,,,,,,,,,,,,,,0.4484245479106903,0.5476433634757996,-0.003936974797397852,0.9999436736106873,0.4124121367931366,0.6371661424636841,-0.33610233664512634,0.9775717854499817,0.4053693413734436,0.727964460849762,-0.058294251561164856,0.9827527403831482,0.38990652561187744,0.7612519860267639,-0.24689175188541412,0.9736294150352478,forward,33.93929675254346,1
583,19.452766666666665,93.5211181640625,,,,,,,,,,,,,,,,,,,,0.4484314024448395,0.5502994060516357,-0.004002670757472515,0.9999408721923828,0.41160324215888977,0.6371573805809021,-0.37676531076431274,0.9779340624809265,0.40537187457084656,0.7284343838691711,-0.09328518062829971,0.9817823171615601,0.38979318737983704,0.7612532377243042,-0.2841804325580597,0.9724143147468567,forward,31.640713937719298,1
584,19.486133333333335,94.43998336791992,,,,,,,,,,,,,,,,,,,,0.4484666585922241,0.5528596639633179,-0.005937705747783184,0.9999389052391052,0.41083991527557373,0.637614905834198,-0.3952568471431732,0.9787477850914001,0.4053858816623688,0.7285295128822327,-0.08270380645990372,0.9813541769981384,0.3896876573562622,0.7612513303756714,-0.2744426727294922,0.9720260500907898,forward,29.164458183477308,1
585,19.5195,93.83606910705566,,,,,,,,,,,,,,,,,,,,0.44847145676612854,0.5564073920249939,-0.007052701897919178,0.9999384880065918,0.40901491045951843,0.639561116695404,-0.35497626662254333,0.9788038730621338,0.40541625022888184,0.7286689877510071,-0.06096209958195686,0.9801557064056396,0.3898717164993286,0.7612105011940002,-0.2483701854944229,0.9705619812011719,forward,31.037648256796988,1
586,19.552866666666667,93.35613250732422,,,,,,,,,,,,,,,,,,,,0.44847702980041504,0.5579392313957214,-0.007243841886520386,0.9999375343322754,0.4081284701824188,0.6401268243789673,-0.3660411536693573,0.9779612421989441,0.40549713373184204,0.7287594079971313,-0.08031371235847473,0.9776536822319031,0.39008161425590515,0.7612060904502869,-0.2701786458492279,0.9673566222190857,forward,30.829331661731963,1
587,19.586233333333332,93.03808212280273,,,,,,,,,,,,,,,,,,,,0.448674738407135,0.5592056512832642,-0.007270373869687319,0.9999361038208008,0.4071734547615051,0.6408048272132874,-0.3658539652824402,0.9781001806259155,0.4055928587913513,0.7288138270378113,-0.059969328343868256,0.9765965342521667,0.3900375962257385,0.7612311244010925,-0.24611534178256989,0.965998113155365,forward,29.586189350349084,1
588,19.619600000000002,92.87405014038086,,,,,,,,,,,,,,,,,,,,0.4487611949443817,0.5610507726669312,-0.007237845566123724,0.9999352693557739,0.40647241473197937,0.6411575078964233,-0.37749195098876953,0.9781107902526855,0.40559741854667664,0.7288039922714233,-0.06416009366512299,0.9754258394241333,0.3900112807750702,0.7612232565879822,-0.2528783082962036,0.964562177658081,forward,28.5345079819601,1
589,19.652966666666668,92.94795989990234,,,,,,,,,,,,,,,,,,,,0.4488176107406616,0.563238799571991,-0.007106265053153038,0.9999350309371948,0.4055369198322296,0.6417334675788879,-0.382554292678833,0.9780802726745605,0.4059818983078003,0.728524923324585,-0.06476249545812607,0.974229097366333,0.3900100290775299,0.7610458135604858,-0.2481774240732193,0.9629145264625549,forward,27.763830462122254,1
590,19.686333333333334,93.92905235290527,,,,,,,,,,,,,,,,,,,,0.4488549828529358,0.5649235844612122,-0.007040370721369982,0.9999352097511292,0.4053076207637787,0.642002284526825,-0.40897396206855774,0.9785036444664001,0.4060666561126709,0.7284113168716431,-0.07867517322301865,0.973993718624115,0.38964441418647766,0.7609131932258606,-0.268560528755188,0.9626079797744751,forward,26.15176912391203,1
591,19.7197,93.11294555664062,,,,,,,,,,,,,,,,,,,,0.44901326298713684,0.5664401650428772,-0.00699072377756238,0.9999343752861023,0.4047362804412842,0.6424484848976135,-0.4211500287055969,0.9779090881347656,0.40590375661849976,0.7284071445465088,-0.09812334924936295,0.9726283550262451,0.38940805196762085,0.7608307600021362,-0.29393941164016724,0.961193323135376,forward,25.91025542865385,1
592,19.753066666666665,93.51801872253418,,,,,,,,,,,,,,,,,,,,0.44902920722961426,0.5678974986076355,-0.006976529024541378,0.9999357461929321,0.4044261574745178,0.6426042318344116,-0.44223752617836,0.9775713682174683,0.405693382024765,0.7285251617431641,-0.14270548522472382,0.9718530774116516,0.3891295790672302,0.7608309388160706,-0.34837806224823,0.960500955581665,forward,26.287855602113183,1
593,19.786433333333335,93.63365173339844,,,,,,,,,,,,,,,,,,,,0.44903841614723206,0.5691604614257812,-0.0071806348860263824,0.9999369978904724,0.40381497144699097,0.6429831981658936,-0.44404301047325134,0.9772374629974365,0.405660480260849,0.7288077473640442,-0.1311413198709488,0.9708490967750549,0.3889562487602234,0.7608786225318909,-0.32647234201431274,0.9594829678535461,forward,25.484526254589703,1
594,19.8198,93.81914138793945,,,,,,,,,,,,,,,,,,,,0.4490911066532135,0.5710123777389526,-0.007525241933763027,0.9999375343322754,0.402663916349411,0.6438571214675903,-0.46672528982162476,0.9772136807441711,0.40571340918540955,0.7288426756858826,-0.12202703952789307,0.969912052154541,0.3885144889354706,0.7608786225318909,-0.30753564834594727,0.9584192037582397,forward,23.409417874074048,1
595,19.853166666666667,93.58501434326172,,,,,,,,,,,,,,,,,,,,0.4490964114665985,0.5725820660591125,-0.007563221734017134,0.999938428401947,0.4017910659313202,0.6444100737571716,-0.4889448881149292,0.9770871996879578,0.40591567754745483,0.7288500666618347,-0.1468362808227539,0.9691031575202942,0.3881012499332428,0.7608823180198669,-0.3373040556907654,0.957452118396759,forward,22.838785838863277,1
596,19.886533333333333,92.90385246276855,,,,,,,,,,,,,,,,,,,,0.44904154539108276,0.5745819807052612,-0.008006773889064789,0.9999397993087769,0.4012017846107483,0.6445079445838928,-0.5014447569847107,0.9770722389221191,0.4059586822986603,0.7290894985198975,-0.18702121078968048,0.9686212539672852,0.3874848186969757,0.7609557509422302,-0.38659563660621643,0.9568808674812317,forward,23.5431740299084,1
597,19.919900000000002,92.08202362060547,,,,,,,,,,,,,,,,,,,,0.4490152597427368,0.5766202807426453,-0.00825969036668539,0.9999396800994873,0.40048983693122864,0.6446435451507568,-0.49977371096611023,0.9769616723060608,0.4059721827507019,0.7292239665985107,-0.18975253403186798,0.9680076241493225,0.3874565362930298,0.7611062526702881,-0.3874552845954895,0.9560089707374573,forward,23.550022172066576,1
598,19.953266666666668,92.96679496765137,,,,,,,,,,,,,,,,,,,,0.44900253415107727,0.5778142213821411,-0.009778745472431183,0.9999383091926575,0.4000730514526367,0.6449856162071228,-0.48904097080230713,0.9760643839836121,0.4059722125530243,0.7291955947875977,-0.18350903689861298,0.9662465453147888,0.38793495297431946,0.7610682249069214,-0.375648558139801,0.9536888599395752,forward,23.808533213230916,1
599,19.986633333333334,94.3150520324707,,,,,,,,,,,,,,,,,,,,0.44888344407081604,0.5787814855575562,-0.009778568521142006,0.9999372363090515,0.39898088574409485,0.645528256893158,-0.4950151741504669,0.9753766655921936,0.4060145616531372,0.729168713092804,-0.18356932699680328,0.9652979373931885,0.3882555663585663,0.7609872817993164,-0.37648168206214905,0.9522694945335388,forward,23.267187733864343,1
600,20.02,93.10197830200195,,,,,,,,,,,,,,,,,,,,0.44868505001068115,0.5796101093292236,-0.009844633750617504,0.9999364018440247,0.39806774258613586,0.6459572911262512,-0.51249760389328,0.9744763374328613,0.40604838728904724,0.7291691303253174,-0.19016388058662415,0.9644371867179871,0.3882337212562561,0.7609941363334656,-0.3847484588623047,0.9508568048477173,forward,22.3693000460078,1
601,20.053366666666665,97.56684303283691,,,,,,,,,,,,,,,,,,,,0.44866669178009033,0.5805804133415222,-0.009851113893091679,0.9999361038208008,0.397866427898407,0.6459493041038513,-0.5040305852890015,0.9739068746566772,0.40604081749916077,0.7291719913482666,-0.1954444944858551,0.9639058113098145,0.3882441818714142,0.7610293030738831,-0.39108580350875854,0.9498109817504883,forward,22.992405537049116,1
602,20.086733333333335,99.7319221496582,,,,,,,,,,,,,,,,,,,,0.44859760999679565,0.5810219049453735,-0.009977703914046288,0.9999364018440247,0.39736470580101013,0.6470257043838501,-0.5127511620521545,0.974130392074585,0.40604230761528015,0.729174017906189,-0.1855456680059433,0.964547336101532,0.3881182074546814,0.7611390948295593,-0.3836979866027832,0.9503999948501587,forward,21.948186784313112,1
603,20.1201,95.03793716430664,,,,,,,,,,,,,,,,,,,,0.44847747683525085,0.5815852284431458,-0.010093306191265583,0.9999387264251709,0.39712417125701904,0.6474896669387817,-0.5230587124824524,0.9757400751113892,0.40605056285858154,0.7291713356971741,-0.19514738023281097,0.9669750928878784,0.3881031274795532,0.7612514495849609,-0.39375337958335876,0.9536536931991577,forward,21.664215339371946,1
604,20.153466666666667,94.35415267944336,,,,,,,,,,,,,,,,,,,,0.44852346181869507,0.5817689895629883,-0.009976661764085293,0.9999406933784485,0.39704203605651855,0.6478611826896667,-0.5155526995658875,0.9770943522453308,0.40606147050857544,0.7291465401649475,-0.19073908030986786,0.9689328074455261,0.38802990317344666,0.761318564414978,-0.38504478335380554,0.9561814665794373,forward,21.860217675061136,1
605,20.186833333333333,94.11287307739258,,,,,,,,,,,,,,,,,,,,0.4485626518726349,0.5817483067512512,-0.010159262455999851,0.9999433159828186,0.3970586657524109,0.6477840542793274,-0.5129498243331909,0.9787821769714355,0.4060627520084381,0.7291645407676697,-0.1927117258310318,0.971397340297699,0.3879718780517578,0.7613297700881958,-0.38708528876304626,0.9595404267311096,forward,22.100593787204122,1
606,20.220200000000002,95.28517723083496,,,,,,,,,,,,,,,,,,,,0.448731005191803,0.581612765789032,-0.0102441580966115,0.9999468326568604,0.39708420634269714,0.6477308869361877,-0.5222571492195129,0.9806786179542542,0.4060732126235962,0.7292423844337463,-0.2016858607530594,0.9740448594093323,0.38793039321899414,0.7613650560379028,-0.3979984223842621,0.9632310271263123,forward,21.97217776097209,1
607,20.253566666666668,104.57611083984375,,,,,,,,,,,,,,,,,,,,0.449101984500885,0.5815589427947998,-0.010269497521221638,0.9999499320983887,0.39715561270713806,0.6477012038230896,-0.5270686745643616,0.9823781847953796,0.4060790240764618,0.7293151617050171,-0.21280547976493835,0.9764038920402527,0.38789141178131104,0.7613803148269653,-0.4107306897640228,0.966508686542511,forward,22.187923551016006,1
608,20.286933333333334,95.7491397857666,,,,,,,,,,,,,,,,,,,,0.44939690828323364,0.581436812877655,-0.01089206151664257,0.9999525547027588,0.3972465991973877,0.6476872563362122,-0.5340467691421509,0.9839078783988953,0.4060811400413513,0.729302167892456,-0.21027082204818726,0.9785186648368835,0.38784900307655334,0.761389970779419,-0.4063592553138733,0.9694400429725647,forward,21.715138656695775,1
609,20.3203,94.52199935913086,,,,,,,,,,,,,,,,,,,,0.4496907889842987,0.5813499689102173,-0.011636286973953247,0.9999552369117737,0.39768704771995544,0.647657573223114,-0.5407216548919678,0.9853991866111755,0.406082421541214,0.7291198968887329,-0.22065478563308716,0.9805648922920227,0.3875758945941925,0.761421263217926,-0.4135023057460785,0.9723343253135681,forward,21.76978628975143,1
610,20.353666666666665,93.47176551818848,,,,,,,,,,,,,,,,,,,,0.4499243497848511,0.5806729793548584,-0.012673421762883663,0.9999572038650513,0.3984219431877136,0.6475683450698853,-0.5366714000701904,0.9866749048233032,0.4061014652252197,0.7290251851081848,-0.21320109069347382,0.9823450446128845,0.3873664140701294,0.7614415884017944,-0.4067104458808899,0.974847137928009,forward,21.784114832052875,1
611,20.387033333333335,93.15180778503418,,,,,,,,,,,,,,,,,,,,0.4503384530544281,0.5786904096603394,-0.012651477940380573,0.9999588131904602,0.39886683225631714,0.6475510001182556,-0.5354067087173462,0.9877667427062988,0.4061194956302643,0.7289428114891052,-0.21140480041503906,0.9838919639587402,0.3872854709625244,0.7614603638648987,-0.4045197665691376,0.9770276546478271,forward,21.99243226677465,1
612,20.4204,93.51205825805664,,,,,,,,,,,,,,,,,,,,0.4505961239337921,0.5755916833877563,-0.012808071449398994,0.9999594688415527,0.3998672068119049,0.646859884262085,-0.5321727395057678,0.9881621599197388,0.406154602766037,0.7289778590202332,-0.21162761747837067,0.9846687316894531,0.3874102234840393,0.7613922357559204,-0.4083307683467865,0.9781379103660583,forward,22.580096283315015,1
613,20.453766666666667,93.84489059448242,,,,,,,,,,,,,,,,,,,,0.450613796710968,0.5706045031547546,-0.012705541215837002,0.9999597072601318,0.4009759724140167,0.6466481685638428,-0.4675004482269287,0.9879316687583923,0.40622416138648987,0.7290140986442566,-0.16413258016109467,0.9847884774208069,0.387448251247406,0.7613831162452698,-0.35305550694465637,0.9783177971839905,forward,25.16605103595594,1
614,20.487133333333333,93.22023391723633,,,,,,,,,,,,,,,,,,,,0.4506162703037262,0.5669431686401367,-0.011944080702960491,0.9999592304229736,0.40288323163986206,0.6456257700920105,-0.44766876101493835,0.9863367080688477,0.40619957447052,0.7288448214530945,-0.14283671975135803,0.983012855052948,0.3888019919395447,0.7613973021507263,-0.3414362370967865,0.9759355187416077,forward,26.04907042906179,1
615,20.520500000000002,93.93191337585449,,,,,,,,,,,,,,,,,,,,0.4506203234195709,0.562654435634613,-0.01088511198759079,0.9999595880508423,0.40491944551467896,0.6441406607627869,-0.43408164381980896,0.9852283000946045,0.40616053342819214,0.7288115620613098,-0.1296384483575821,0.9820384383201599,0.3887914717197418,0.7615603804588318,-0.33426541090011597,0.9748573899269104,forward,27.02503597084692,1
616,20.553866666666668,94.16413307189941,,,,,,,,,,,,,,,,,,,,0.4508732855319977,0.5607240796089172,-0.010286038741469383,0.9999603033065796,0.40637287497520447,0.6425245404243469,-0.44489723443984985,0.9854487776756287,0.40615296363830566,0.7286466360092163,-0.138968363404274,0.9827362895011902,0.3893875777721405,0.7615617513656616,-0.34456339478492737,0.9759137034416199,forward,26.9650783828309,1
617,20.587233333333334,92.00000762939453,,,,,,,,,,,,,,,,,,,,0.4511967897415161,0.5579205751419067,-0.008525735698640347,0.9999604225158691,0.4079039692878723,0.6412983536720276,-0.3943500220775604,0.9853671789169312,0.4060620367527008,0.7285982966423035,-0.0874977856874466,0.9826804399490356,0.3894403874874115,0.7616220712661743,-0.29252350330352783,0.9759014248847961,forward,28.785861874731612,1
618,20.6206,92.26274490356445,,,,,,,,,,,,,,,,,,,,0.45135223865509033,0.5552613139152527,-0.007496952079236507,0.9999592900276184,0.4088239073753357,0.6405678391456604,-0.3527066707611084,0.9850096106529236,0.40596234798431396,0.7280449271202087,-0.035309914499521255,0.9823337197303772,0.3894641101360321,0.7617219686508179,-0.2277992069721222,0.9753989577293396,forward,30.125830240349615,1
619,20.653966666666665,93.20878982543945,,,,,,,,,,,,,,,,,,,,0.4514768719673157,0.5525001883506775,0.0033794245682656765,0.9999591708183289,0.4093354642391205,0.6401635408401489,-0.3029384911060333,0.9848308563232422,0.4059221148490906,0.728004515171051,0.00419947225600481,0.9825744032859802,0.3893446624279022,0.7617056965827942,-0.18535850942134857,0.9756723642349243,forward,32.8692011447943,1
620,20.687333333333335,93.55688095092773,,,,,,,,,,,,,,,,,,,,0.4514767527580261,0.5495268702507019,0.0022827882785350084,0.9999585151672363,0.4097771942615509,0.6392420530319214,-0.31262996792793274,0.9848314523696899,0.405837744474411,0.7280401587486267,-0.00868823379278183,0.9827858209609985,0.38934388756752014,0.761708676815033,-0.20392997562885284,0.9759537577629089,forward,33.081904490772786,1
621,20.7207,92.75221824645996,,,,,,,,,,,,,,,,,,,,0.45146268606185913,0.5466394424438477,0.0014026989229023457,0.9999588131904602,0.41149285435676575,0.6360741257667542,-0.3583601117134094,0.9853248596191406,0.4058120548725128,0.7280533313751221,-0.02636994794011116,0.9833027720451355,0.38924863934516907,0.761738121509552,-0.24817883968353271,0.9767486453056335,forward,30.240780090513123,1
622,20.754066666666667,92.24820137023926,,,,,,,,,,,,,,,,,,,,0.45135298371315,0.5439291596412659,0.0006262272945605218,0.9999590516090393,0.41222864389419556,0.6347659826278687,-0.3001485764980316,0.9852320551872253,0.40566539764404297,0.7280619144439697,-0.04453388601541519,0.9835139513015747,0.38908666372299194,0.7615519762039185,-0.2469184547662735,0.9771121144294739,forward,37.739621748082264,1
623,20.787433333333333,92.47469902038574,,,,,,,,,,,,,,,,,,,,0.45126277208328247,0.5412060618400574,0.0001898063492262736,0.999959409236908,0.41274261474609375,0.6338219046592712,-0.30223262310028076,0.98548424243927,0.40550848841667175,0.7281315326690674,-0.05199882760643959,0.9840162396430969,0.3887123465538025,0.7615610957145691,-0.24632275104522705,0.9778297543525696,forward,38.54682779764418,1
624,20.820800000000002,92.80204772949219,,,,,,,,,,,,,,,,,,,,0.4512397050857544,0.5397107005119324,5.489772229338996e-05,0.9999599456787109,0.41324034333229065,0.6329317688941956,-0.3139277398586273,0.9856215119361877,0.4054706394672394,0.7281297445297241,-0.04779009148478508,0.9844317436218262,0.3882076144218445,0.7615895867347717,-0.2387366145849228,0.9783763289451599,forward,37.06744105794978,1
625,20.854166666666668,94.26474571228027,,,,,,,,,,,,,,,,,,,,0.45114707946777344,0.5368680953979492,-0.0013781174784526229,0.9999601244926453,0.41375645995140076,0.6322409510612488,-0.25689882040023804,0.9850444793701172,0.4053150415420532,0.7281317114830017,-0.009405515156686306,0.9843640327453613,0.388306200504303,0.7612749338150024,-0.20136472582817078,0.9783169031143188,forward,42.63873670268782,1
626,20.887533333333334,95.10183334350586,,,,,,,,,,,,,,,,,,,,0.4511212706565857,0.5360901951789856,-0.0010059571359306574,0.9999606013298035,0.41368168592453003,0.6327704191207886,-0.10301221162080765,0.9830029010772705,0.4051871597766876,0.7280699014663696,0.11755188554525375,0.9839454293251038,0.3882642984390259,0.7611437439918518,-0.06339403241872787,0.9776329398155212,forward,68.23296429159674,1
627,20.9209,94.19798851013184,,,,,,,,,,,,,,,,,,,,0.45086055994033813,0.5351130962371826,-0.0011639968724921346,0.9999611377716064,0.41374844312667847,0.6327766180038452,-0.07813674211502075,0.9820435643196106,0.4049353301525116,0.7278003096580505,0.1562071442604065,0.9840723872184753,0.3883052468299866,0.7608156800270081,-0.027981936931610107,0.9776842594146729,forward,75.12252324883555,1
628,20.954266666666665,93.79005432128906,,,,,,,,,,,,,,,,,,,,0.45076772570610046,0.5345611572265625,-0.001302839256823063,0.999962329864502,0.41419363021850586,0.6329279541969299,-0.049915265291929245,0.9815471172332764,0.4048314094543457,0.727580189704895,0.21955682337284088,0.9844970107078552,0.3883306086063385,0.7607856392860413,0.027441348880529404,0.9781388640403748,forward,84.01420244519088,1
629,20.987633333333335,93.17803382873535,,,,,,,,,,,,,,,,,,,,0.4505264461040497,0.5348732471466064,-0.000987004255875945,0.999963104724884,0.4143008887767792,0.6331043243408203,-0.0063008395954966545,0.9804989099502563,0.40470090508461,0.7275617122650146,0.26756906509399414,0.9845376014709473,0.3882775902748108,0.7607041597366333,0.0824599340558052,0.9780123829841614,forward,105.59901575989842,1
630,21.021,95.03507614135742,,,,,,,,,,,,,,,,,,,,0.4502255618572235,0.5348946452140808,-0.0009130285470746458,0.9999630451202393,0.4146448075771332,0.6331910490989685,0.0022481807973235846,0.9801381230354309,0.4044966995716095,0.7276929020881653,0.2655777335166931,0.9848141074180603,0.3883151113986969,0.7606650590896606,0.08474493026733398,0.9782541394233704,forward,110.97876593727051,1
631,21.054366666666667,92.50903129577637,,,,,,,,,,,,,,,,,,,,0.4498068392276764,0.5351791977882385,-0.002078006509691477,0.9999610185623169,0.4149540960788727,0.6332279443740845,0.016705892980098724,0.9780625104904175,0.40427345037460327,0.7276419997215271,0.26734188199043274,0.9842895865440369,0.38839226961135864,0.7606405019760132,0.09498390555381775,0.9772437810897827,forward,120.38794933644536,1
632,21.087733333333333,92.61894226074219,,,,,,,,,,,,,,,,,,,,0.44897913932800293,0.5346155762672424,-0.0011128524783998728,0.9999608397483826,0.41545453667640686,0.6331904530525208,0.03894880414009094,0.9770541787147522,0.4042282700538635,0.7273674607276917,0.2998371124267578,0.984360933303833,0.3887680470943451,0.7606380581855774,0.11818212270736694,0.9771267175674438,forward,130.49752879415726,1
633,21.121100000000002,93.76001358032227,,,,,,,,,,,,,,,,,,,,0.44815707206726074,0.5345298647880554,-0.0009477058192715049,0.9999598860740662,0.41594699025154114,0.633134126663208,0.0449645034968853,0.9762826561927795,0.40422195196151733,0.7273253202438354,0.30341988801956177,0.9844484329223633,0.38880598545074463,0.7606379389762878,0.1229027658700943,0.9769800305366516,forward,133.58086353014195,1
634,21.154466666666668,94.59710121154785,,,,,,,,,,,,,,,,,,,,0.4475621283054352,0.534204363822937,-0.0008843001560308039,0.9999592304229736,0.41654837131500244,0.6328255534172058,0.047658875584602356,0.9758484959602356,0.4043276607990265,0.7270068526268005,0.3045158088207245,0.984728991985321,0.38881105184555054,0.7605310678482056,0.12392444163560867,0.9771478176116943,forward,135.05073753829694,1
635,21.187833333333334,93.75286102294922,,,,,,,,,,,,,,,,,,,,0.4468438923358917,0.5336939692497253,-0.00012692532618530095,0.999958336353302,0.41747063398361206,0.6321173310279846,0.04544186219573021,0.9754654765129089,0.4043835997581482,0.7269187569618225,0.2866653800010681,0.9850049018859863,0.3888324201107025,0.7603937983512878,0.1034407690167427,0.9772742986679077,forward,135.24356098261907,1
636,21.2212,94.61402893066406,,,,,,,,,,,,,,,,,,,,0.44668543338775635,0.5327793955802917,0.0003009830543305725,0.9999572038650513,0.41880369186401367,0.6311013698577881,0.03842407092452049,0.9742273092269897,0.4045294225215912,0.7268733382225037,0.26695626974105835,0.9847633838653564,0.38909703493118286,0.7603656649589539,0.08474089950323105,0.9767083525657654,forward,133.18272188786713,1
637,21.254566666666665,94.52080726623535,,,,,,,,,,,,,,,,,,,,0.4463326036930084,0.532290518283844,0.00028095985180698335,0.9999555349349976,0.41950100660324097,0.6304558515548706,0.023476412519812584,0.9732204675674438,0.4046677052974701,0.7268733978271484,0.257968932390213,0.984549880027771,0.389344722032547,0.7603428959846497,0.07527708262205124,0.9761350154876709,forward,125.2566971432294,1
638,21.287933333333335,93.98198127746582,,,,,,,,,,,,,,,,,,,,0.4461398720741272,0.5317835211753845,0.00023954453354235739,0.9999547600746155,0.42022040486335754,0.6298723220825195,0.016503794118762016,0.9713919162750244,0.4049016833305359,0.7268713116645813,0.236031174659729,0.983951985836029,0.3897721767425537,0.7603443264961243,0.04886610060930252,0.9752408266067505,forward,123.06537345722128,1
639,21.3213,93.99223327636719,,,,,,,,,,,,,,,,,,,,0.44579261541366577,0.5310623645782471,0.00047963991528376937,0.9999545812606812,0.4208987355232239,0.6294138431549072,0.013346536085009575,0.9698909521102905,0.40502312779426575,0.7269263863563538,0.2252475917339325,0.9836016893386841,0.3899235129356384,0.7603340148925781,0.030351804569363594,0.9747199416160583,forward,122.11862588393481,1
640,21.354666666666667,93.64795684814453,,,,,,,,,,,,,,,,,,,,0.44540610909461975,0.5310280323028564,0.0007736015249975026,0.9999538064002991,0.4211040437221527,0.6293157339096069,0.01849946565926075,0.968616783618927,0.4051685333251953,0.7269619703292847,0.21793965995311737,0.9833312630653381,0.3896792232990265,0.7602131366729736,0.029685666784644127,0.9742501974105835,forward,126.21437059471162,1
641,21.388033333333333,94.27142143249512,,,,,,,,,,,,,,,,,,,,0.4449732005596161,0.5307208895683289,0.0007622026023454964,0.9999531507492065,0.4212605953216553,0.6291639804840088,0.014184026047587395,0.9670186638832092,0.40537917613983154,0.7270042896270752,0.20972026884555817,0.9827112555503845,0.3896200358867645,0.7601938843727112,0.02368355728685856,0.9733381867408752,forward,124.34325274028342,1
642,21.421400000000002,93.73307228088379,,,,,,,,,,,,,,,,,,,,0.4448392689228058,0.5305397510528564,0.0007130374433472753,0.9999521374702454,0.4214194118976593,0.6291322708129883,0.011294931173324585,0.9649636149406433,0.4054889678955078,0.7270588278770447,0.1887718141078949,0.9816359877586365,0.38972005248069763,0.7601913809776306,0.011939133517444134,0.9717636108398438,forward,125.07971393488172,1
643,21.454766666666668,93.6579704284668,,,,,,,,,,,,,,,,,,,,0.44465503096580505,0.5306353569030762,0.0003175890597049147,0.9999516010284424,0.42154502868652344,0.6291691064834595,0.011521228589117527,0.9632312059402466,0.4055893123149872,0.7270589470863342,0.19575908780097961,0.980660617351532,0.3897925913333893,0.7601986527442932,0.0153091074898839,0.9703893661499023,forward,124.53447741464355,1
644,21.488133333333334,94.15912628173828,,,,,,,,,,,,,,,,,,,,0.44454705715179443,0.5306930541992188,-6.444032624131069e-05,0.9999508261680603,0.4217070937156677,0.629199206829071,0.012098192237317562,0.9611992239952087,0.4056970179080963,0.7270413041114807,0.19420740008354187,0.9796171188354492,0.38997888565063477,0.7601940631866455,0.017611350864171982,0.9689593315124512,forward,125.35134685127866,1
645,21.5215,93.32466125488281,,,,,,,,,,,,,,,,,,,,0.4444448947906494,0.5307288765907288,-7.401905168080702e-05,0.9999505877494812,0.42186039686203003,0.6292158365249634,0.011780434288084507,0.9590538740158081,0.40583884716033936,0.7270015478134155,0.18861080706119537,0.9784839153289795,0.39013558626174927,0.7601866126060486,0.019579224288463593,0.9674912691116333,forward,125.88794115101152,1
646,21.554866666666666,93.88303756713867,,,,,,,,,,,,,,,,,,,,0.4443013370037079,0.5307678580284119,-6.297170330071822e-05,0.9999504685401917,0.4219854772090912,0.6292317509651184,0.01417418010532856,0.9576942920684814,0.40593352913856506,0.7269917726516724,0.19114995002746582,0.977708637714386,0.39022958278656006,0.7601829767227173,0.02326781302690506,0.9664431214332581,forward,127.20342982601724,1
647,21.588233333333335,94.50197219848633,,,,,,,,,,,,,,,,,,,,0.44427692890167236,0.5307891368865967,0.00048343936214223504,0.9999504685401917,0.4220540523529053,0.629264771938324,0.01432843692600727,0.9565812945365906,0.4059595465660095,0.7269851565361023,0.18744917213916779,0.9770364165306091,0.3902634084224701,0.7601829171180725,0.024499893188476562,0.965596079826355,forward,127.52031484922492,1
648,21.6216,93.24169158935547,,,,,,,,,,,,,,,,,,,,0.4442710876464844,0.5308201909065247,0.0005413039471022785,0.9999504089355469,0.42211219668388367,0.629298985004425,0.01826629973948002,0.9558036923408508,0.40596941113471985,0.7269763350486755,0.19395571947097778,0.9766525626182556,0.3902781307697296,0.7601824998855591,0.03738103061914444,0.9651399850845337,forward,129.30176909335034,1
649,21.654966666666667,93.41883659362793,,,,,,,,,,,,,,,,,,,,0.44427165389060974,0.530843198299408,0.001032153028063476,0.9999502301216125,0.4221554100513458,0.6293681859970093,0.017510265111923218,0.9539087414741516,0.40597715973854065,0.7269618511199951,0.18016906082630157,0.9754372835159302,0.3902835547924042,0.7601798176765442,0.032218776643276215,0.963573694229126,forward,130.513516351252,1
650,21.688333333333333,93.2769775390625,,,,,,,,,,,,,,,,,,,,0.44430890679359436,0.5308650732040405,0.0010681947460398078,0.9999497532844543,0.42216455936431885,0.6294724941253662,0.016739552840590477,0.9527207016944885,0.40600281953811646,0.726943850517273,0.1819453090429306,0.9747562408447266,0.39028671383857727,0.7601694464683533,0.032177891582250595,0.9626776576042175,forward,129.63567400172005,1
651,21.721700000000002,93.3220386505127,,,,,,,,,,,,,,,,,,,,0.44436097145080566,0.5308841466903687,0.0012507938081398606,0.9999499320983887,0.42222437262535095,0.6296500563621521,0.022005561739206314,0.9529616832733154,0.4060295522212982,0.7269443273544312,0.20913349092006683,0.9751269817352295,0.39029061794281006,0.7601538300514221,0.04524653032422066,0.9631329774856567,forward,129.3290492023599,1
652,21.755066666666668,92.55814552307129,,,,,,,,,,,,,,,,,,,,0.44437482953071594,0.530925989151001,0.0011881113750860095,0.9999502301216125,0.42224010825157166,0.629858136177063,0.02333439514040947,0.9533959031105042,0.40603646636009216,0.7269433736801147,0.2364126741886139,0.9756717085838318,0.39027392864227295,0.7601394653320312,0.05749296769499779,0.9638434052467346,forward,127.07257335805721,1
653,21.788433333333334,93.39714050292969,,,,,,,,,,,,,,,,,,,,0.4443954527378082,0.5309715867042542,0.0015564013738185167,0.9999504685401917,0.4222480356693268,0.630022406578064,0.0222430732101202,0.9533812999725342,0.40604373812675476,0.7269423007965088,0.22605259716510773,0.9757031798362732,0.3901881277561188,0.7601375579833984,0.05360782891511917,0.9639241099357605,forward,127.21553417055739,1
654,21.8218,93.18995475769043,,,,,,,,,,,,,,,,,,,,0.4444493353366852,0.5310126543045044,0.0015842061256989837,0.9999505281448364,0.4222450256347656,0.6302101612091064,0.022116106003522873,0.9529382586479187,0.40605199337005615,0.7269397377967834,0.2249578833580017,0.975634753704071,0.39007577300071716,0.7601521015167236,0.05095381662249565,0.9638416767120361,forward,127.17790017769272,1
655,21.855166666666666,94.21801567077637,,,,,,,,,,,,,,,,,,,,0.44447842240333557,0.531105101108551,0.0015869480557739735,0.9999507069587708,0.4222831726074219,0.6303036212921143,0.020848482847213745,0.9527243971824646,0.40606969594955444,0.7269346714019775,0.2230970710515976,0.975775957107544,0.39005738496780396,0.7601569294929504,0.04966944828629494,0.9640753865242004,forward,126.53366302016116,1
656,21.888533333333335,92.45824813842773,,,,,,,,,,,,,,,,,,,,0.44448423385620117,0.5311960577964783,0.0012645007809624076,0.9999507665634155,0.42228397727012634,0.6303218603134155,0.01749180629849434,0.9522695541381836,0.40607643127441406,0.7269374132156372,0.2060951590538025,0.9756571650505066,0.39005717635154724,0.7601616978645325,0.041472285985946655,0.9638615846633911,forward,126.47718753047097,1
657,21.9219,93.28293800354004,,,,,,,,,,,,,,,,,,,,0.44449087977409363,0.5313723683357239,0.0011245206696912646,0.9999505877494812,0.422108918428421,0.6306339502334595,0.020263634622097015,0.9522150754928589,0.40608394145965576,0.7269219756126404,0.21903598308563232,0.9757011532783508,0.3901158571243286,0.7601630687713623,0.057632651180028915,0.9637625217437744,forward,126.75693547281273,1
658,21.955266666666667,94.5889949798584,,,,,,,,,,,,,,,,,,,,0.44460052251815796,0.5315948128700256,0.0006197263137437403,0.9999508857727051,0.4216783046722412,0.6311752200126648,0.019992511719465256,0.9531951546669006,0.40609055757522583,0.7269214391708374,0.23079296946525574,0.9761618971824646,0.3901329040527344,0.7601740956306458,0.06564922630786896,0.9642279744148254,forward,125.38544983321343,1
659,21.988633333333333,93.19400787353516,,,,,,,,,,,,,,,,,,,,0.44474682211875916,0.5320120453834534,0.0004521674127317965,0.9999509453773499,0.42076635360717773,0.6317676305770874,0.019820356741547585,0.9544941186904907,0.4060538411140442,0.7269213795661926,0.23773911595344543,0.9767223596572876,0.3901315927505493,0.7601928114891052,0.07229665666818619,0.9648333787918091,forward,124.43407485819925,1
660,22.022000000000002,93.0490493774414,,,,,,,,,,,,,,,,,,,,0.444763720035553,0.532775342464447,0.0005698509630747139,0.9999512434005737,0.41980865597724915,0.6330324411392212,0.020111599937081337,0.9558421969413757,0.4060096740722656,0.7269256711006165,0.25188037753105164,0.9771813750267029,0.390095978975296,0.7602540850639343,0.09384769946336746,0.9653156399726868,forward,122.85617076431069,1
661,22.055366666666668,93.14298629760742,,,,,,,,,,,,,,,,,,,,0.44479653239250183,0.533392071723938,0.0004754579858854413,0.9999508857727051,0.4189770817756653,0.6338880658149719,0.020657658576965332,0.9571250081062317,0.40591979026794434,0.726940929889679,0.2583649754524231,0.9776906371116638,0.39007505774497986,0.7603515982627869,0.09992369264364243,0.965817391872406,forward,122.42195387944467,1
662,22.088733333333334,93.25170516967773,,,,,,,,,,,,,,,,,,,,0.4448060393333435,0.5339022874832153,0.0007356767309829593,0.9999511241912842,0.41782477498054504,0.6345106363296509,0.027849527075886726,0.9593384265899658,0.40579134225845337,0.7269472479820251,0.30227768421173096,0.9787302613258362,0.38999080657958984,0.7604455947875977,0.1329519897699356,0.9672330617904663,forward,123.16462861712911,1
663,22.1221,93.67918968200684,,,,,,,,,,,,,,,,,,,,0.4448719620704651,0.5348408818244934,0.0007669447222724557,0.999950647354126,0.41704061627388,0.6347299218177795,0.02707163617014885,0.9609336256980896,0.40564876794815063,0.7269476056098938,0.2807866334915161,0.9794738292694092,0.38970452547073364,0.7605119943618774,0.11611983180046082,0.9682251811027527,forward,124.09339141176106,1
664,22.155466666666666,92.76008605957031,,,,,,,,,,,,,,,,,,,,0.4448550045490265,0.535912275314331,0.0013229689793661237,0.99994957447052,0.4158039689064026,0.6351807713508606,0.024328647181391716,0.9619247317314148,0.40559542179107666,0.7269238829612732,0.27288123965263367,0.979884922504425,0.38952311873435974,0.7605520486831665,0.11160041391849518,0.9687933325767517,forward,122.56505194864828,1
665,22.188833333333335,92.84186363220215,,,,,,,,,,,,,,,,,,,,0.44481807947158813,0.5373214483261108,0.0018047286430373788,0.9999487400054932,0.41456204652786255,0.6357675790786743,0.012361385859549046,0.9633253812789917,0.40559396147727966,0.7269203066825867,0.2460743933916092,0.9804190397262573,0.38940179347991943,0.7605902552604675,0.09807366132736206,0.9695608019828796,forward,116.78696900985261,1
666,22.2222,92.45586395263672,,,,,,,,,,,,,,,,,,,,0.4448142349720001,0.5381671786308289,0.003304366720840335,0.9999486207962036,0.41313594579696655,0.6362799406051636,-0.015987545251846313,0.9653592705726624,0.40565210580825806,0.7269198298454285,0.21739575266838074,0.9812507033348083,0.38919955492019653,0.7606046199798584,0.06419254094362259,0.9707727432250977,forward,100.14489548068266,1
667,22.255566666666667,92.49401092529297,,,,,,,,,,,,,,,,,,,,0.4448237419128418,0.5391600728034973,0.0033486844040453434,0.9999475479125977,0.41266101598739624,0.6367441415786743,-0.032756954431533813,0.9673084020614624,0.4058079421520233,0.7269204258918762,0.2046985775232315,0.9820244312286377,0.38912883400917053,0.7606666684150696,0.04906748980283737,0.9719583988189697,forward,90.92492395348683,1
668,22.288933333333333,91.49694442749023,,,,,,,,,,,,,,,,,,,,0.4448208212852478,0.5400353670120239,0.0034169871360063553,0.9999459981918335,0.41246163845062256,0.6369926929473877,-0.05688125640153885,0.9694380164146423,0.40588024258613586,0.7268853783607483,0.18270501494407654,0.9828861355781555,0.38898178935050964,0.7606584429740906,0.02360481582581997,0.9733403921127319,forward,79.53472811317748,1
669,22.322300000000002,94.35510635375977,,,,,,,,,,,,,,,,,,,,0.4448184669017792,0.541166365146637,0.003744604764506221,0.999944269657135,0.41224080324172974,0.637571394443512,-0.04152076691389084,0.9711973071098328,0.40590518712997437,0.7270212173461914,0.18778234720230103,0.9836076498031616,0.387896329164505,0.7607232332229614,0.0340094231069088,0.9743492007255554,forward,86.76034521723697,1
670,22.355666666666668,94.78592872619629,,,,,,,,,,,,,,,,,,,,0.44470787048339844,0.5430113077163696,0.0032032725866883993,0.9999396800994873,0.41165950894355774,0.6382526755332947,-0.06360036134719849,0.9724001884460449,0.4059581458568573,0.7270834445953369,0.1917775571346283,0.9838923215866089,0.38792744278907776,0.761307954788208,0.03402174636721611,0.9746941328048706,forward,75.09759437506209,1
671,22.389033333333334,94.9249267578125,,,,,,,,,,,,,,,,,,,,0.44465333223342896,0.544035792350769,0.0031017132569104433,0.9999357461929321,0.4106975197792053,0.6383085250854492,-0.07643532752990723,0.9738427996635437,0.40605878829956055,0.7269508838653564,0.1986459344625473,0.9844067692756653,0.3886876106262207,0.7613067030906677,0.03693559765815735,0.9753820300102234,forward,68.81196514967641,1
672,22.4224,93.98388862609863,,,,,,,,,,,,,,,,,,,,0.4446481168270111,0.5447970628738403,0.002790929516777396,0.9999301433563232,0.41058290004730225,0.6382643580436707,-0.11348823457956314,0.9738041758537292,0.40563228726387024,0.727026104927063,0.1547299325466156,0.9838677048683167,0.3886650502681732,0.761186420917511,-0.03452938422560692,0.9745042324066162,forward,58.29759202528795,1
673,22.455766666666666,94.12097930908203,,,,,,,,,,,,,,,,,,,,0.4447200298309326,0.5455838441848755,0.002626731526106596,0.9999220371246338,0.4106030762195587,0.6381320953369141,-0.2400100976228714,0.9741940498352051,0.40532511472702026,0.7278757095336914,0.014521258883178234,0.9833409786224365,0.3886658847332001,0.7611962556838989,-0.1988859623670578,0.973853349685669,forward,41.10736520751924,1
674,22.489133333333335,94.4359302520752,,,,,,,,,,,,,,,,,,,,0.4447234570980072,0.5467904210090637,0.002671906491741538,0.9999127388000488,0.4102180004119873,0.6380012035369873,-0.20827727019786835,0.9722158908843994,0.40518927574157715,0.7279559969902039,-0.005285505671054125,0.9809576272964478,0.3886590898036957,0.761063277721405,-0.20382267236709595,0.970507025718689,forward,48.13918358734615,1
675,22.5225,92.99898147583008,,,,,,,,,,,,,,,,,,,,0.4447364807128906,0.5487567186355591,0.002612695563584566,0.999902606010437,0.40822625160217285,0.6381202340126038,-0.2800798714160919,0.9718833565711975,0.405212938785553,0.7279914617538452,-0.041447412222623825,0.9795491099357605,0.3883934020996094,0.7610612511634827,-0.24676239490509033,0.96880042552948,forward,38.85947767783339,1
676,22.555866666666667,93.0330753326416,,,,,,,,,,,,,,,,,,,,0.44473302364349365,0.5504275560379028,0.0014669226948171854,0.9998950362205505,0.4063183665275574,0.6384952664375305,-0.3066841959953308,0.9716109037399292,0.40522241592407227,0.7280119061470032,-0.08841756731271744,0.9783385396003723,0.38858258724212646,0.7610602974891663,-0.297695130109787,0.9676856398582458,forward,38.814351609375414,1
677,22.589233333333333,93.17803382873535,,,,,,,,,,,,,,,,,,,,0.4447391927242279,0.5520696640014648,0.0015230386052280664,0.9998874664306641,0.4049730896949768,0.6387975811958313,-0.31010308861732483,0.9709894061088562,0.4051957130432129,0.728010356426239,-0.09859759360551834,0.9767955541610718,0.3886154592037201,0.7610153555870056,-0.300782710313797,0.9663190245628357,forward,38.948058518863526,1
678,22.622600000000002,93.92786026000977,,,,,,,,,,,,,,,,,,,,0.44473958015441895,0.5529997944831848,0.001377716544084251,0.9998807311058044,0.4041441082954407,0.6389977931976318,-0.3061886429786682,0.969257116317749,0.40492063760757446,0.7277314066886902,-0.07064405083656311,0.9735997319221497,0.38866788148880005,0.7610238194465637,-0.25660181045532227,0.9632830023765564,forward,36.84575906764013,1
679,22.655966666666668,93.72115135192871,,,,,,,,,,,,,,,,,,,,0.4446413516998291,0.5550777912139893,0.00028007914079353213,0.9998763799667358,0.40372732281684875,0.6389769315719604,-0.35439905524253845,0.9680812954902649,0.40452778339385986,0.7275744676589966,-0.10044611245393753,0.9709177017211914,0.3886665105819702,0.7610055208206177,-0.297363817691803,0.9608312249183655,forward,33.062992678677496,1
680,22.689333333333334,93.0030345916748,,,,,,,,,,,,,,,,,,,,0.4446261525154114,0.5570577383041382,-0.001213819021359086,0.9998701810836792,0.40330037474632263,0.6390382647514343,-0.36655905842781067,0.9657743573188782,0.40402981638908386,0.7275694608688354,-0.10564807057380676,0.9670352339744568,0.3886692225933075,0.761003851890564,-0.2963659167289734,0.9567136168479919,forward,31.921212255722967,1
681,22.7227,93.6591625213623,,,,,,,,,,,,,,,,,,,,0.4446381628513336,0.5584693551063538,-0.0024914240930229425,0.9998621344566345,0.40322595834732056,0.6391595602035522,-0.3673313558101654,0.9632993340492249,0.40396538376808167,0.7275480031967163,-0.1117715984582901,0.9626420736312866,0.38868024945259094,0.7610080242156982,-0.30580899119377136,0.9523870944976807,forward,32.08093977275744,1
682,22.756066666666666,94.1019058227539,,,,,,,,,,,,,,,,,,,,0.4446876049041748,0.5603731870651245,-0.0036398705560714006,0.9998527765274048,0.40319696068763733,0.6391981840133667,-0.3813461363315582,0.961252748966217,0.40395689010620117,0.727546751499176,-0.12581686675548553,0.9592349529266357,0.38867318630218506,0.7609224319458008,-0.3212425410747528,0.9492172598838806,forward,31.37335471106892,1
683,22.789433333333335,93.5359001159668,,,,,,,,,,,,,,,,,,,,0.44483524560928345,0.563052773475647,-0.0038770418614149094,0.999842643737793,0.4024633765220642,0.6400169134140015,-0.39327749609947205,0.9598971605300903,0.4039981961250305,0.7275744080543518,-0.12765546143054962,0.9570888876914978,0.38840481638908386,0.7609215974807739,-0.32284149527549744,0.9475136995315552,forward,29.927703379835513,1
684,22.8228,93.73617172241211,,,,,,,,,,,,,,,,,,,,0.44487354159355164,0.5651941895484924,-0.00469847721979022,0.9998342990875244,0.4017009735107422,0.6410275101661682,-0.4059816300868988,0.9585699439048767,0.4041445851325989,0.7276893258094788,-0.11832471936941147,0.9543945789337158,0.38815078139305115,0.7609214186668396,-0.30844077467918396,0.9448753595352173,forward,27.97118017024584,1
685,22.856166666666667,93.34969520568848,,,,,,,,,,,,,,,,,,,,0.44502562284469604,0.5671979188919067,-0.005382555071264505,0.9998262524604797,0.4003545343875885,0.6424344778060913,-0.41491004824638367,0.9580339193344116,0.40437254309654236,0.7278861999511719,-0.11469012498855591,0.9523221254348755,0.3881519138813019,0.7609517574310303,-0.3065585792064667,0.9424884915351868,forward,26.787292621876396,1
686,22.889533333333333,94.32482719421387,,,,,,,,,,,,,,,,,,,,0.4453013241291046,0.5684430599212646,-0.005305218044668436,0.9998223185539246,0.39971214532852173,0.642753005027771,-0.4236237704753876,0.9567302465438843,0.40460148453712463,0.7282409071922302,-0.13902486860752106,0.9499685168266296,0.3881458044052124,0.7608885169029236,-0.3361930847167969,0.9397246241569519,forward,27.228649782033155,1
687,22.922900000000002,94.1309928894043,,,,,,,,,,,,,,,,,,,,0.44544997811317444,0.5714786648750305,-0.0047638616524636745,0.9998219609260559,0.3987271785736084,0.6438499093055725,-0.4263577461242676,0.9567165970802307,0.40497079491615295,0.7285890579223633,-0.1352902203798294,0.9489977359771729,0.3880482316017151,0.7607675790786743,-0.327494740486145,0.9383332133293152,forward,26.39694842285503,1
688,22.956266666666668,93.92380714416504,,,,,,,,,,,,,,,,,,,,0.4455091953277588,0.5731887817382812,-0.005025307647883892,0.9998206496238708,0.39828044176101685,0.6441895961761475,-0.44424566626548767,0.9563458561897278,0.4049213230609894,0.7287366390228271,-0.14825628697872162,0.9472173452377319,0.3880455493927002,0.7607671618461609,-0.33962467312812805,0.936004102230072,forward,25.524752370001817,1
689,22.989633333333334,94.53582763671875,,,,,,,,,,,,,,,,,,,,0.44557151198387146,0.5748099684715271,-0.005059801507741213,0.9998218417167664,0.39759984612464905,0.6446580290794373,-0.442184180021286,0.9571051597595215,0.40485045313835144,0.7288528084754944,-0.1418755203485489,0.9469125866889954,0.38796883821487427,0.7609609961509705,-0.33026671409606934,0.9351068735122681,forward,25.151090349657963,1
690,23.023,93.86301040649414,,,,,,,,,,,,,,,,,,,,0.44575437903404236,0.5765358805656433,-0.006221959833055735,0.9998223781585693,0.3968353271484375,0.6453827619552612,-0.4654371738433838,0.9571747183799744,0.40480610728263855,0.7289952039718628,-0.1585293561220169,0.9450523853302002,0.3880612850189209,0.7610161304473877,-0.34892404079437256,0.9326552748680115,forward,24.146683452486094,1
691,23.056366666666666,94.12121772766113,,,,,,,,,,,,,,,,,,,,0.445844441652298,0.5783312916755676,-0.006916767917573452,0.9998227953910828,0.3963746428489685,0.64608234167099,-0.4627533257007599,0.9584934711456299,0.4047739505767822,0.7290145754814148,-0.1452675312757492,0.944972574710846,0.38844743371009827,0.7610165476799011,-0.33574625849723816,0.9315876960754395,forward,23.502360721892547,1
692,23.089733333333335,94.3899154663086,,,,,,,,,,,,,,,,,,,,0.4458425045013428,0.5790638327598572,-0.008190891705453396,0.9998213052749634,0.3959837853908539,0.6466974020004272,-0.45830467343330383,0.9581785798072815,0.4046841859817505,0.7290142178535461,-0.1415461301803589,0.9424137473106384,0.38908252120018005,0.7609900236129761,-0.3309089243412018,0.9273512959480286,forward,23.532037807510466,1
693,23.1231,94.02894973754883,,,,,,,,,,,,,,,,,,,,0.4458468556404114,0.5801180601119995,-0.008586781099438667,0.9998207688331604,0.3957061469554901,0.6470289826393127,-0.46787384152412415,0.9583556056022644,0.40459734201431274,0.7288986444473267,-0.14798365533351898,0.9410865902900696,0.3895561993122101,0.7609643936157227,-0.3342856764793396,0.9249110221862793,forward,23.05460775295107,1
694,23.156466666666667,93.64604949951172,,,,,,,,,,,,,,,,,,,,0.44585058093070984,0.5811372995376587,-0.008585052564740181,0.9998214840888977,0.395492285490036,0.6474395990371704,-0.46426352858543396,0.9588311910629272,0.40454983711242676,0.7288074493408203,-0.1492314338684082,0.9405484795570374,0.38962429761886597,0.7609202861785889,-0.3328016996383667,0.9234780073165894,forward,23.17112335959325,1
695,23.189833333333333,93.83392333984375,,,,,,,,,,,,,,,,,,,,0.44583481550216675,0.5818189978599548,-0.008797591552138329,0.9998236894607544,0.39545512199401855,0.648094892501831,-0.4680950939655304,0.9596545100212097,0.4045465290546417,0.7287866473197937,-0.15395575761795044,0.9410176873207092,0.38982313871383667,0.7609018683433533,-0.34123510122299194,0.92351895570755,forward,23.02001261634921,1
696,23.223200000000002,94.11096572875977,,,,,,,,,,,,,,,,,,,,0.44586965441703796,0.5824477672576904,-0.009045897983014584,0.9998286962509155,0.39548906683921814,0.6479699611663818,-0.49599653482437134,0.9613266587257385,0.40465840697288513,0.7287752032279968,-0.1916980743408203,0.9432117342948914,0.3898906111717224,0.7608653903007507,-0.38734710216522217,0.925710141658783,forward,22.867131649010577,1
697,23.256566666666668,93.8723087310791,,,,,,,,,,,,,,,,,,,,0.44652900099754333,0.5831627249717712,-0.00903237983584404,0.9998356699943542,0.3955053389072418,0.6478675603866577,-0.5090010762214661,0.9631374478340149,0.404701828956604,0.7287700772285461,-0.21133926510810852,0.9458205103874207,0.3898748457431793,0.7608526349067688,-0.41128721833229065,0.9285243153572083,forward,22.890785827692742,1
698,23.289933333333334,94.27499771118164,,,,,,,,,,,,,,,,,,,,0.4469757378101349,0.5829151272773743,-0.009118739515542984,0.9998388886451721,0.39561569690704346,0.6478582620620728,-0.49095016717910767,0.9650757908821106,0.4046865701675415,0.7286277413368225,-0.18843822181224823,0.9485167860984802,0.39024481177330017,0.7604550719261169,-0.38144686818122864,0.9314641952514648,forward,22.987525092957352,1
699,23.3233,94.60711479187012,,,,,,,,,,,,,,,,,,,,0.44747239351272583,0.5826439261436462,-0.00967545434832573,0.9998440742492676,0.3959643244743347,0.6478472352027893,-0.4904322326183319,0.9669964909553528,0.40475526452064514,0.7283255457878113,-0.1792573779821396,0.9512191414833069,0.39039745926856995,0.7603650689125061,-0.37218230962753296,0.9343726634979248,forward,22.61944126202768,1
700,23.356666666666666,92.39411354064941,,,,,,,,,,,,,,,,,,,,0.44781869649887085,0.5822955965995789,-0.00983554869890213,0.9998496770858765,0.39641356468200684,0.6478132605552673,-0.4882519245147705,0.9685906171798706,0.4048749506473541,0.7281858921051025,-0.17877577245235443,0.9534432291984558,0.3903937041759491,0.7603407502174377,-0.3718782961368561,0.9367454648017883,forward,22.76228054359042,1
701,23.390033333333335,94.24281120300293,,,,,,,,,,,,,,,,,,,,0.44828516244888306,0.5816912055015564,-0.010915587656199932,0.9998571872711182,0.3974636495113373,0.6476839184761047,-0.4926278591156006,0.970341682434082,0.4049706757068634,0.7281532287597656,-0.18853621184825897,0.9557565450668335,0.3903978765010834,0.7603332996368408,-0.3891618251800537,0.9394398331642151,forward,23.03365421801934,1
702,23.4234,94.73204612731934,,,,,,,,,,,,,,,,,,,,0.44861146807670593,0.5802386403083801,-0.011792839504778385,0.9998652338981628,0.3982807695865631,0.6473228335380554,-0.4971543550491333,0.9720208644866943,0.4050840139389038,0.7281816601753235,-0.19777454435825348,0.9579938650131226,0.39023634791374207,0.7604368925094604,-0.39983969926834106,0.9422439932823181,forward,23.39069555364093,1
703,23.456766666666667,93.94097328186035,,,,,,,,,,,,,,,,,,,,0.44917386770248413,0.5778827667236328,-0.01189348567277193,0.9998742938041687,0.39913803339004517,0.6467872262001038,-0.5023889541625977,0.9734376668930054,0.4051862061023712,0.7282395958900452,-0.21078070998191833,0.9599742889404297,0.3900446593761444,0.7604738473892212,-0.41454505920410156,0.9448359608650208,forward,24.002297053638134,1
704,23.490133333333333,93.66989135742188,,,,,,,,,,,,,,,,,,,,0.4493171274662018,0.5726604461669922,-0.011847670190036297,0.9998794198036194,0.4005908966064453,0.6462799906730652,-0.48524123430252075,0.973777174949646,0.405407577753067,0.7282688021659851,-0.17318452894687653,0.9601826667785645,0.3888159394264221,0.7604425549507141,-0.37207698822021484,0.945101797580719,forward,24.028554636689464,1
705,23.523500000000002,94.33126449584961,,,,,,,,,,,,,,,,,,,,0.44932693243026733,0.5688983798027039,-0.011764931492507458,0.9998854994773865,0.4021417200565338,0.6449289321899414,-0.46239662170410156,0.974120557308197,0.4054183065891266,0.7283685207366943,-0.1556863635778427,0.9606980681419373,0.38803261518478394,0.7605575919151306,-0.3532958924770355,0.9457386136054993,forward,25.30838453496657,1
706,23.556866666666668,93.87016296386719,,,,,,,,,,,,,,,,,,,,0.4493270814418793,0.5643017888069153,-0.011526522226631641,0.9998894929885864,0.40411177277565,0.6436842083930969,-0.44360673427581787,0.9731364250183105,0.4054345488548279,0.728367269039154,-0.13589204847812653,0.959396481513977,0.38804757595062256,0.7610511779785156,-0.33420732617378235,0.9441739320755005,forward,26.35961214370783,1
707,23.590233333333334,92.77486801147461,,,,,,,,,,,,,,,,,,,,0.449407160282135,0.5607506632804871,-0.010754319839179516,0.9998944401741028,0.4052797555923462,0.6421980261802673,-0.4373670220375061,0.9733871221542358,0.40543049573898315,0.7283009886741638,-0.13223595917224884,0.9602088928222656,0.38824066519737244,0.7613049745559692,-0.3386134207248688,0.9456588625907898,forward,27.141796522895,1
708,23.6236,93.94407272338867,,,,,,,,,,,,,,,,,,,,0.4494326412677765,0.5576323866844177,-0.008850793354213238,0.9999003410339355,0.4065420925617218,0.6407651305198669,-0.42582565546035767,0.9742467999458313,0.4053651690483093,0.7282617092132568,-0.13580474257469177,0.9617539048194885,0.3883576989173889,0.7614837884902954,-0.3447529673576355,0.947995662689209,forward,28.64871916103447,1
709,23.656966666666666,93.65701675415039,,,,,,,,,,,,,,,,,,,,0.44943082332611084,0.5552326440811157,-0.007834370248019695,0.9999052286148071,0.4078328311443329,0.6396269202232361,-0.38086095452308655,0.975027859210968,0.40536975860595703,0.7281575798988342,-0.08937128633260727,0.9634047746658325,0.3884170353412628,0.7615156769752502,-0.2974010109901428,0.9502505660057068,forward,30.330206620491712,1
710,23.690333333333335,93.2779312133789,,,,,,,,,,,,,,,,,,,,0.44941726326942444,0.552107036113739,-0.006985540501773357,0.9999094605445862,0.40873780846595764,0.6386379599571228,-0.36659926176071167,0.9756000638008118,0.40527960658073425,0.7279265522956848,-0.07104325294494629,0.9649576544761658,0.38842931389808655,0.7616488933563232,-0.27918490767478943,0.9521591663360596,forward,31.063124662881343,1
711,23.7237,91.83597564697266,,,,,,,,,,,,,,,,,,,,0.4494161903858185,0.5491494536399841,-0.006131127942353487,0.9999134540557861,0.4091435968875885,0.6373801827430725,-0.3439803421497345,0.9764630794525146,0.40518084168434143,0.7277593016624451,-0.053546905517578125,0.9668495059013367,0.38833287358283997,0.7616502046585083,-0.25754204392433167,0.9546679258346558,forward,32.688549507727615,1
712,23.757066666666667,92.41485595703125,,,,,,,,,,,,,,,,,,,,0.4493577480316162,0.5471794605255127,-0.004823111928999424,0.999916136264801,0.4094025790691376,0.6365388631820679,-0.33263126015663147,0.9772215485572815,0.4049728512763977,0.7277396321296692,-0.0484805703163147,0.9683578014373779,0.38834136724472046,0.7617141604423523,-0.24288839101791382,0.9567773342132568,forward,33.828964486726065,1
713,23.790433333333333,92.55290031433105,,,,,,,,,,,,,,,,,,,,0.4493090808391571,0.544677734375,-0.0012402943102642894,0.9999200105667114,0.4099526107311249,0.6346510648727417,-0.3406665325164795,0.9784287214279175,0.4049004018306732,0.7277505397796631,-0.07280978560447693,0.9703763723373413,0.38807255029678345,0.761578381061554,-0.2736797332763672,0.9595281481742859,forward,34.75014639498123,1
714,23.823800000000002,93.1389331817627,,,,,,,,,,,,,,,,,,,,0.4491637051105499,0.542088508605957,-0.0008923480636440217,0.999923825263977,0.4103313982486725,0.6336963772773743,-0.29253196716308594,0.9791213870048523,0.4047282934188843,0.7277500629425049,-0.04011039063334465,0.9720281362533569,0.3880639374256134,0.7615827322006226,-0.23926396667957306,0.9618188142776489,forward,38.71367626178041,1
715,23.857166666666668,93.79887580871582,,,,,,,,,,,,,,,,,,,,0.4491617679595947,0.5388887524604797,-0.0011777817271649837,0.9999274611473083,0.4115391671657562,0.6320174336433411,-0.30158767104148865,0.9800947308540344,0.4045265316963196,0.7277854681015015,-0.057465482503175735,0.9737660884857178,0.3880901336669922,0.7615862488746643,-0.2579326033592224,0.9642698168754578,forward,39.460337218809265,1
716,23.890533333333334,94.47193145751953,,,,,,,,,,,,,,,,,,,,0.44915953278541565,0.53670334815979,-0.0018351447070017457,0.9999310374259949,0.41284236311912537,0.6310260891914368,-0.31652361154556274,0.980789065361023,0.40444377064704895,0.7277905941009521,-0.06469953805208206,0.9752750396728516,0.3877639174461365,0.7615162134170532,-0.2676646113395691,0.9663814306259155,forward,38.5023514638639,1
717,23.9239,93.56522560119629,,,,,,,,,,,,,,,,,,,,0.44918519258499146,0.535988986492157,-0.0019060269696637988,0.9999339580535889,0.41300567984580994,0.6311030983924866,-0.30417588353157043,0.9812179803848267,0.40444648265838623,0.7278041839599609,-0.040167488157749176,0.9764723181724548,0.3874204456806183,0.7614758014678955,-0.23853734135627747,0.9680089950561523,forward,38.41502707712669,1
718,23.957266666666666,93.79696846008301,,,,,,,,,,,,,,,,,,,,0.44912925362586975,0.5350127816200256,-0.002089150482788682,0.9999366998672485,0.413949191570282,0.6311487555503845,-0.17515850067138672,0.9798596501350403,0.4044150114059448,0.7279456257820129,0.05883615091443062,0.976707398891449,0.3877514898777008,0.7614680528640747,-0.13553623855113983,0.9682952165603638,forward,52.73045084108162,1
719,23.990633333333335,93.75929832458496,,,,,,,,,,,,,,,,,,,,0.4491123855113983,0.5349045395851135,-0.0018244850216433406,0.9999392032623291,0.4148695170879364,0.631055474281311,-0.038572393357753754,0.9788694977760315,0.4044035077095032,0.7279336452484131,0.17547403275966644,0.9775441288948059,0.3877227306365967,0.7610031962394714,-0.008230110630393028,0.9692075848579407,forward,94.06276809860282,1
720,24.024,93.94502639770508,,,,,,,,,,,,,,,,,,,,0.44894054532051086,0.5350143313407898,-0.0017982755089178681,0.999941885471344,0.4159491956233978,0.6311553716659546,-0.01255213376134634,0.9783580303192139,0.4042401611804962,0.7277540564537048,0.23542346060276031,0.9785159826278687,0.3881138563156128,0.7606324553489685,0.04007159173488617,0.9703459739685059,forward,104.91225418369191,1
721,24.057366666666667,93.56689453125,,,,,,,,,,,,,,,,,,,,0.4488101899623871,0.5347380042076111,0.00024158002634067088,0.999943733215332,0.41674187779426575,0.6312141418457031,0.013337058015167713,0.9782343506813049,0.40405136346817017,0.7278813719749451,0.2551185190677643,0.9795200228691101,0.3882310092449188,0.7606382369995117,0.05605904012918472,0.971583366394043,forward,118.86184845495086,1
722,24.090733333333333,93.66607666015625,,,,,,,,,,,,,,,,,,,,0.4485059976577759,0.5347288846969604,7.922553777461872e-05,0.999943733215332,0.4179935157299042,0.6311385035514832,0.04098662734031677,0.9770309925079346,0.40397703647613525,0.7276631593704224,0.27990642189979553,0.9799861907958984,0.3882591724395752,0.7606271505355835,0.09827166050672531,0.9719282388687134,forward,133.8651253642113,1
723,24.124100000000002,93.51682662963867,,,,,,,,,,,,,,,,,,,,0.4480449855327606,0.5346564054489136,-1.4483012819255237e-05,0.9999430179595947,0.4189293682575226,0.6310001015663147,0.06210901588201523,0.9747536778450012,0.4038427770137787,0.7273467183113098,0.30296042561531067,0.9799273610115051,0.38821256160736084,0.7605481743812561,0.13322599232196808,0.9714751839637756,forward,143.43393197940335,1
724,24.157466666666668,94.66004371643066,,,,,,,,,,,,,,,,,,,,0.4476375877857208,0.5343759655952454,-8.252858970081434e-05,0.9999424815177917,0.4195716679096222,0.6307777762413025,0.06428167223930359,0.9742028117179871,0.40372878313064575,0.7271448969841003,0.3202427923679352,0.9805017709732056,0.3888917565345764,0.7604150772094727,0.13398881256580353,0.9719235301017761,forward,143.33720221715564,1
725,24.190833333333334,94.96712684631348,,,,,,,,,,,,,,,,,,,,0.44744256138801575,0.5340967178344727,-0.000712856010068208,0.9999426603317261,0.4198903739452362,0.6307337284088135,0.05656154453754425,0.9741083979606628,0.4037224054336548,0.7266635894775391,0.320456862449646,0.9811534881591797,0.38926780223846436,0.760330319404602,0.13153377175331116,0.9725181460380554,forward,139.75390417190775,1
726,24.2242,94.13504600524902,,,,,,,,,,,,,,,,,,,,0.44705402851104736,0.533574104309082,-0.0010333937825635076,0.999941885471344,0.4203285276889801,0.6303650736808777,0.046226512640714645,0.9732890725135803,0.4037620723247528,0.726665198802948,0.26964637637138367,0.9814532995223999,0.38961735367774963,0.760059118270874,0.08846954256296158,0.9725722670555115,forward,138.67249886198198,1
727,24.257566666666666,93.57380867004395,,,,,,,,,,,,,,,,,,,,0.4468151032924652,0.5327631831169128,-0.0014521308476105332,0.9999414682388306,0.42110034823417664,0.630162239074707,0.030899662524461746,0.9727509021759033,0.4039924442768097,0.7267841696739197,0.2421332746744156,0.9817926287651062,0.3898361921310425,0.7599270939826965,0.05793588608503342,0.9727842211723328,forward,132.6136684609701,1
728,24.290933333333335,93.46914291381836,,,,,,,,,,,,,,,,,,,,0.4466659128665924,0.5317516922950745,-0.0035784149076789618,0.999940812587738,0.4215433597564697,0.6294811964035034,0.006352369207888842,0.9721619486808777,0.4041130840778351,0.7269309759140015,0.1935640275478363,0.9821089506149292,0.38984912633895874,0.7596994042396545,0.0028480596374720335,0.9729630351066589,forward,123.40138558944491,1
729,24.3243,94.00296211242676,,,,,,,,,,,,,,,,,,,,0.4466016888618469,0.5315133929252625,-0.005585669074207544,0.9999403953552246,0.4221707582473755,0.6290905475616455,0.0011279223253950477,0.9709658622741699,0.40421539545059204,0.7269498705863953,0.1953725963830948,0.9821156859397888,0.3897894620895386,0.7596574425697327,0.005773948971182108,0.9726954102516174,forward,120.87819056931069,1
730,24.357666666666667,93.91403198242188,,,,,,,,,,,,,,,,,,,,0.44657596945762634,0.5309799313545227,-0.006343076471239328,0.9999390840530396,0.42238304018974304,0.628850519657135,-0.0024641326162964106,0.9694499373435974,0.4042341113090515,0.726955771446228,0.17777810990810394,0.9817907214164734,0.38977888226509094,0.7596623301506042,-0.0005992060177959502,0.9720074534416199,forward,121.11216834489248,1
731,24.391033333333333,92.99421310424805,,,,,,,,,,,,,,,,,,,,0.44659537076950073,0.5307796001434326,-0.006283864378929138,0.9999394416809082,0.4224603474140167,0.6286365389823914,-0.004938439931720495,0.9692124724388123,0.4042368233203888,0.7269461750984192,0.17960841953754425,0.9819520711898804,0.3897688388824463,0.7596757411956787,0.0016727637266740203,0.9721512794494629,forward,119.1593702380551,1
732,24.424400000000002,92.94581413269043,,,,,,,,,,,,,,,,,,,,0.44663530588150024,0.5304723381996155,-0.006263168528676033,0.9999402165412903,0.4224916100502014,0.628661036491394,0.001273276866413653,0.9696646928787231,0.4042103886604309,0.726958692073822,0.21269281208515167,0.9824260473251343,0.38976624608039856,0.759675920009613,0.025631383061408997,0.9727185964584351,forward,119.52676049632205,1
733,24.457766666666668,93.02902221679688,,,,,,,,,,,,,,,,,,,,0.4466790556907654,0.5303768515586853,-0.006615679245442152,0.9999406933784485,0.42250433564186096,0.6286304593086243,-0.0012357913656160235,0.969476044178009,0.40421590209007263,0.7269617319107056,0.21260108053684235,0.9825177192687988,0.3897808790206909,0.7596616148948669,0.026391029357910156,0.972736120223999,forward,118.0651350295434,1
734,24.491133333333334,92.85521507263184,,,,,,,,,,,,,,,,,,,,0.44668957591056824,0.5303458571434021,-0.0068248300813138485,0.999940812587738,0.4225946366786957,0.6284410953521729,-0.0007456130115315318,0.9692134261131287,0.40425142645835876,0.7269660234451294,0.21163035929203033,0.9825929403305054,0.3898385167121887,0.7596471905708313,0.02559901587665081,0.9727616310119629,forward,118.66138592682925,1
735,24.5245,92.0267105102539,,,,,,,,,,,,,,,,,,,,0.4467065930366516,0.5303617119789124,-0.006816105451434851,0.9999411702156067,0.4227461814880371,0.6283273100852966,0.0068987649865448475,0.9689258933067322,0.4043098986148834,0.7269924879074097,0.22308707237243652,0.9827352166175842,0.38996991515159607,0.7596420049667358,0.03262736275792122,0.9728864431381226,forward,122.60562378724262,1
736,24.557866666666666,92.44894981384277,,,,,,,,,,,,,,,,,,,,0.4467307925224304,0.5301792025566101,-0.006783595308661461,0.9999421238899231,0.42286571860313416,0.6282781362533569,0.010249617509543896,0.9695239663124084,0.40431976318359375,0.7270553708076477,0.2350093573331833,0.983223021030426,0.3901296555995941,0.7596406936645508,0.03721752390265465,0.9735404253005981,forward,123.62956247460556,1
737,24.591233333333335,92.81420707702637,,,,,,,,,,,,,,,,,,,,0.4467315375804901,0.5302221775054932,-0.006997635588049889,0.9999427795410156,0.4229668378829956,0.6282957792282104,0.012652890756726265,0.9703587889671326,0.4043098986148834,0.727070689201355,0.2523980140686035,0.9837704300880432,0.39030468463897705,0.7596514821052551,0.05201376974582672,0.9743022322654724,forward,123.7327768613127,1
738,24.6246,93.39094161987305,,,,,,,,,,,,,,,,,,,,0.4467281401157379,0.5302848815917969,-0.006996431853622198,0.9999434947967529,0.4229702055454254,0.6286394000053406,0.01894262433052063,0.9710443019866943,0.40430086851119995,0.7270808815956116,0.2689060568809509,0.984205961227417,0.39038005471229553,0.759667158126831,0.07251715660095215,0.9748530387878418,forward,126.1901288618226,1
739,24.657966666666667,92.93603897094727,,,,,,,,,,,,,,,,,,,,0.4467223882675171,0.5303757190704346,-0.006899197120219469,0.9999441504478455,0.4229715168476105,0.6288977861404419,0.022447386756539345,0.9716981649398804,0.4043006896972656,0.7270843386650085,0.2708584666252136,0.9846130013465881,0.39043453335762024,0.7596744298934937,0.07811077684164047,0.9753867387771606,forward,128.0356585688473,1
740,24.691333333333333,93.26386451721191,,,,,,,,,,,,,,,,,,,,0.4467225670814514,0.5304137468338013,-0.006829604972153902,0.9999444484710693,0.42300257086753845,0.6289619207382202,0.022740652784705162,0.9722431898117065,0.4042997658252716,0.7270859479904175,0.2696337103843689,0.9849447011947632,0.39047449827194214,0.759678304195404,0.07584366947412491,0.9758008122444153,forward,128.261105981778,1
741,24.724700000000002,92.60392189025879,,,,,,,,,,,,,,,,,,,,0.44672515988349915,0.5304251313209534,-0.00660230265930295,0.9999448657035828,0.42300522327423096,0.6290632486343384,0.021750666201114655,0.9722015261650085,0.4042801260948181,0.7270889282226562,0.26190540194511414,0.9850678443908691,0.390473872423172,0.7596844434738159,0.0682084932923317,0.9759173393249512,forward,128.15010542465538,1
742,24.758066666666668,93.19210052490234,,,,,,,,,,,,,,,,,,,,0.44672995805740356,0.5304552316665649,-0.006402496248483658,0.9999451041221619,0.4230444133281708,0.6290622353553772,0.022650308907032013,0.972257673740387,0.4042593836784363,0.7270916700363159,0.25771814584732056,0.9852547645568848,0.3904735743999481,0.7596850991249084,0.06481527537107468,0.9761372208595276,forward,128.963078213201,1
743,24.791433333333334,94.48790550231934,,,,,,,,,,,,,,,,,,,,0.446739137172699,0.5305339694023132,-0.0062785036861896515,0.9999449849128723,0.4231206178665161,0.6291019916534424,0.023880938068032265,0.9718266129493713,0.4042569398880005,0.7270806431770325,0.25621497631073,0.9852024912834167,0.39046967029571533,0.759685754776001,0.06298453360795975,0.9760156273841858,forward,129.78355810113018,1
744,24.8248,94.95687484741211,,,,,,,,,,,,,,,,,,,,0.446740061044693,0.5305831432342529,-0.005925945937633514,0.9999452233314514,0.4231376349925995,0.6292611956596375,0.022890981286764145,0.9717711806297302,0.40425506234169006,0.7270727753639221,0.25169700384140015,0.9852683544158936,0.3904682397842407,0.7596872448921204,0.06176280230283737,0.9760751724243164,forward,129.35523099574436,1
745,24.858166666666666,93.31989288330078,,,,,,,,,,,,,,,,,,,,0.4467422068119049,0.5306858420372009,-0.0056927562691271305,0.9999452829360962,0.42313843965530396,0.629487931728363,0.022549720481038094,0.9713834524154663,0.40425536036491394,0.7270408272743225,0.24711738526821136,0.9850778579711914,0.39045828580856323,0.7596878409385681,0.06132117286324501,0.9757393598556519,forward,129.377964265775,1
746,24.891533333333335,93.27387809753418,,,,,,,,,,,,,,,,,,,,0.4467755854129791,0.5308194756507874,-0.005654587410390377,0.9999451637268066,0.42311450839042664,0.6297117471694946,0.023952752351760864,0.971336841583252,0.4042738080024719,0.7270270586013794,0.25227853655815125,0.9851356744766235,0.3904643654823303,0.7596843242645264,0.06961409747600555,0.9757687449455261,forward,129.673958153054,1
747,24.9249,93.00899505615234,,,,,,,,,,,,,,,,,,,,0.44677942991256714,0.5313258767127991,-0.005645276512950659,0.9999451637268066,0.4231076240539551,0.6301113367080688,0.029747450724244118,0.9713946580886841,0.40427884459495544,0.7270163893699646,0.26777219772338867,0.985284149646759,0.39046549797058105,0.7596678137779236,0.08623269200325012,0.9759180545806885,forward,131.70861998316914,1
748,24.958266666666667,95.08299827575684,,,,,,,,,,,,,,,,,,,,0.4470784366130829,0.5318963527679443,-0.005447797477245331,0.9999446868896484,0.4230930209159851,0.6304429173469543,0.03137686848640442,0.971663773059845,0.4042781591415405,0.7270006537437439,0.27506065368652344,0.9853951334953308,0.390469491481781,0.7596598267555237,0.09477058053016663,0.9760195016860962,forward,131.9094635778772,1
749,24.991633333333333,93.90497207641602,,,,,,,,,,,,,,,,,,,,0.44730594754219055,0.5324150323867798,-0.005439962726086378,0.9999443888664246,0.4230503737926483,0.6307879090309143,0.029003486037254333,0.9718440175056458,0.40427207946777344,0.7269629240036011,0.27034255862236023,0.9853437542915344,0.39047566056251526,0.7596429586410522,0.0899992361664772,0.9758896231651306,forward,130.84186883648084,1
750,25.025000000000002,93.53017807006836,,,,,,,,,,,,,,,,,,,,0.44742196798324585,0.532813549041748,-0.005567994900047779,0.9999438524246216,0.42308250069618225,0.6311336755752563,0.030495816841721535,0.9723513722419739,0.4042269289493561,0.7269191741943359,0.28573372960090637,0.9854890704154968,0.3904784619808197,0.7596010565757751,0.10432509332895279,0.9760879874229431,forward,130.49971449302146,1
751,25.058366666666668,94.54107284545898,,,,,,,,,,,,,,,,,,,,0.4474808871746063,0.5332911014556885,-0.007035333197563887,0.9999437928199768,0.42314276099205017,0.6313253045082092,0.03457878530025482,0.9726762175559998,0.4040868878364563,0.7269055843353271,0.3074816167354584,0.9856148958206177,0.39048969745635986,0.7595806121826172,0.11828429996967316,0.9762817621231079,forward,132.01776607445694,1
752,25.091733333333334,93.53113174438477,,,,,,,,,,,,,,,,,,,,0.4475168287754059,0.534336507320404,-0.008744494058191776,0.9999426007270813,0.4231407642364502,0.631589949131012,0.02187522128224373,0.9729746580123901,0.40399688482284546,0.7269038558006287,0.2940163016319275,0.9856813549995422,0.3905031681060791,0.7595654726028442,0.11763615906238556,0.9763455390930176,forward,126.61512123067635,1
753,25.1251,92.37003326416016,,,,,,,,,,,,,,,,,,,,0.4479174315929413,0.5352838635444641,-0.010452413000166416,0.999941885471344,0.4228306710720062,0.6322883367538452,0.014423810876905918,0.973044216632843,0.403865247964859,0.7268975377082825,0.28957393765449524,0.9855577945709229,0.39049386978149414,0.7595239281654358,0.10798247903585434,0.9761611819267273,forward,123.23475128472732,1
754,25.158466666666666,93.79720687866211,,,,,,,,,,,,,,,,,,,,0.44869500398635864,0.5361688137054443,-0.010664261877536774,0.9999420046806335,0.42265358567237854,0.6330574750900269,-0.00015871286450419575,0.9733501076698303,0.40370312333106995,0.7268956303596497,0.27561578154563904,0.9856553077697754,0.39049530029296875,0.7594966292381287,0.08225473761558533,0.9763833284378052,forward,115.08044722945064,1
755,25.191833333333335,93.08910369873047,,,,,,,,,,,,,,,,,,,,0.44903045892715454,0.537339448928833,-0.010692192241549492,0.9999402761459351,0.42216062545776367,0.6342532634735107,-0.03978833183646202,0.9730926156044006,0.4036855101585388,0.7270124554634094,0.20559115707874298,0.9853159189224243,0.3905763030052185,0.7596599459648132,0.02553347498178482,0.9759113192558289,forward,94.8890694807766,1
756,25.2252,93.39690208435059,,,,,,,,,,,,,,,,,,,,0.4494154751300812,0.5385066866874695,-0.01172349788248539,0.9999392032623291,0.42086678743362427,0.635077714920044,-0.09659501910209656,0.9739300608634949,0.40365853905677795,0.7272172570228577,0.1689108908176422,0.9853050708770752,0.3906112015247345,0.7598708271980286,-0.019972870126366615,0.9759911894798279,forward,69.23844612621691,1
757,25.258566666666667,92.82898902893066,,,,,,,,,,,,,,,,,,,,0.4496540129184723,0.5398079752922058,-0.01083388552069664,0.9999398589134216,0.4195055067539215,0.6359793543815613,-0.10318650305271149,0.975074827671051,0.4036152958869934,0.727575957775116,0.17176884412765503,0.985579788684845,0.3900960385799408,0.7600849270820618,-0.009750359691679478,0.9764283299446106,forward,66.05236857751217,1
758,25.291933333333333,92.61798858642578,,,,,,,,,,,,,,,,,,,,0.45006364583969116,0.5410559773445129,-0.008897422812879086,0.9999411106109619,0.4181576073169708,0.6366711854934692,-0.10825829952955246,0.9763432145118713,0.4036126136779785,0.727587103843689,0.190575510263443,0.9859256744384766,0.3887912631034851,0.7601038217544556,0.010338298045098782,0.9770029187202454,forward,62.35512240163696,1
759,25.325300000000002,93.17612648010254,,,,,,,,,,,,,,,,,,,,0.4501960277557373,0.5433804392814636,-0.009201493114233017,0.9999417662620544,0.4172610938549042,0.6377997994422913,-0.18090836703777313,0.9773263931274414,0.40360769629478455,0.727586030960083,0.15113379061222076,0.9858005046844482,0.3887869417667389,0.7601803541183472,-0.028197169303894043,0.9768596887588501,forward,45.33109349863461,1
760,25.358666666666668,93.28103065490723,,,,,,,,,,,,,,,,,,,,0.4502750635147095,0.5450471043586731,-0.009046920575201511,0.9999406933784485,0.41643863916397095,0.6380079984664917,-0.30469027161598206,0.9782803058624268,0.40369269251823425,0.7275869846343994,0.025675779208540916,0.9854301810264587,0.38880103826522827,0.7602358460426331,-0.16779926419258118,0.9765089750289917,forward,33.63181944692528,1
761,25.392033333333334,96.47512435913086,,,,,,,,,,,,,,,,,,,,0.45037245750427246,0.5469300746917725,-0.007641439791768789,0.9999392628669739,0.4160817265510559,0.6381233930587769,-0.32152095437049866,0.9789843559265137,0.4037538766860962,0.7275782227516174,0.015665393322706223,0.9848671555519104,0.38874897360801697,0.7604306936264038,-0.17061209678649902,0.9759276509284973,forward,32.032467031718916,1
762,25.4254,96.70782089233398,,,,,,,,,,,,,,,,,,,,0.45045235753059387,0.5491880178451538,-0.007729536388069391,0.9999374151229858,0.4156748652458191,0.6380549669265747,-0.3710850477218628,0.9796093702316284,0.4038108289241791,0.7280324101448059,-0.0517386756837368,0.9841360449790955,0.38866621255874634,0.7609476447105408,-0.2415836751461029,0.9751126766204834,forward,30.351805849924176,1
763,25.458766666666666,97.0010757446289,,,,,,,,,,,,,,,,,,,,0.45074647665023804,0.5512411594390869,-0.006660860031843185,0.9999355673789978,0.4155701994895935,0.6379865407943726,-0.35456395149230957,0.9797322154045105,0.40400567650794983,0.7284711599349976,-0.08458326011896133,0.983040988445282,0.38951051235198975,0.7609468698501587,-0.26771971583366394,0.9737867116928101,forward,33.44288177130213,1
764,25.492133333333335,96.15778923034668,,,,,,,,,,,,,,,,,,,,0.45080479979515076,0.5530357956886292,-0.007967845536768436,0.9999342560768127,0.41516226530075073,0.6381666660308838,-0.36658576130867004,0.9794248938560486,0.4040086567401886,0.7287725210189819,-0.07943504303693771,0.9813056588172913,0.38964539766311646,0.7609456777572632,-0.26458919048309326,0.9714823365211487,forward,31.76299084200741,1
765,25.5255,94.3150520324707,,,,,,,,,,,,,,,,,,,,0.4508093595504761,0.5547290444374084,-0.008084150962531567,0.9999333620071411,0.41471216082572937,0.6382118463516235,-0.3663937747478485,0.9791917204856873,0.40445107221603394,0.7289807200431824,-0.09156005084514618,0.9801032543182373,0.38917577266693115,0.7609447240829468,-0.27769264578819275,0.9698683023452759,forward,32.269103761500936,1
766,25.558866666666667,94.696044921875,,,,,,,,,,,,,,,,,,,,0.4509197473526001,0.5559027194976807,-0.008423696272075176,0.9999322295188904,0.4135860502719879,0.6387709975242615,-0.37856385111808777,0.9793106317520142,0.4046063721179962,0.7289923429489136,-0.08619603514671326,0.979364812374115,0.389175683259964,0.7609243988990784,-0.27742719650268555,0.9690349698066711,forward,30.614451599268666,1
767,25.592233333333333,95.17788887023926,,,,,,,,,,,,,,,,,,,,0.451088011264801,0.5581485629081726,-0.008426165208220482,0.9999315738677979,0.4122133255004883,0.639847457408905,-0.3796577751636505,0.9796799421310425,0.40472546219825745,0.7290236949920654,-0.078156977891922,0.9786873459815979,0.38882386684417725,0.7609121799468994,-0.2629009187221527,0.9683362245559692,forward,29.73255704987325,1
768,25.625600000000002,94.92111206054688,,,,,,,,,,,,,,,,,,,,0.45123589038848877,0.5594601035118103,-0.008288085460662842,0.9999312162399292,0.4115602970123291,0.6400840282440186,-0.3823612928390503,0.9793123602867126,0.404893159866333,0.7290090322494507,-0.08252359181642532,0.977089524269104,0.3887632489204407,0.7609161734580994,-0.26666948199272156,0.9664140939712524,forward,29.51549063149072,1
769,25.658966666666668,94.31123733520508,,,,,,,,,,,,,,,,,,,,0.4516468942165375,0.5606323480606079,-0.007765611167997122,0.9999307990074158,0.4107150435447693,0.6403768062591553,-0.3807695209980011,0.9785386919975281,0.40494033694267273,0.7289592623710632,-0.09281356632709503,0.9752821922302246,0.38867461681365967,0.7608961462974548,-0.28145623207092285,0.9640825390815735,forward,30.001114601193898,1
770,25.692333333333334,93.82891654968262,,,,,,,,,,,,,,,,,,,,0.45181113481521606,0.5615899562835693,-0.006899372674524784,0.9999304413795471,0.4102250337600708,0.6404832005500793,-0.37828633189201355,0.9768412113189697,0.4049378037452698,0.728959858417511,-0.10270170122385025,0.9728043079376221,0.3885921239852905,0.7608945369720459,-0.29756247997283936,0.960905909538269,forward,30.622644532426694,1
771,25.7257,94.65217590332031,,,,,,,,,,,,,,,,,,,,0.4520857334136963,0.5625414252281189,-0.006027633789926767,0.9999311566352844,0.40925195813179016,0.6407385468482971,-0.3998187184333801,0.9761805534362793,0.40503567457199097,0.7289575338363647,-0.12814177572727203,0.9718603491783142,0.3882030248641968,0.76082843542099,-0.3354751169681549,0.9598725438117981,forward,29.98489037914649,1
772,25.759066666666666,94.4509506225586,,,,,,,,,,,,,,,,,,,,0.45210960507392883,0.5644582509994507,-0.005432508420199156,0.9999315738677979,0.40837061405181885,0.6408971548080444,-0.41395464539527893,0.9748998880386353,0.4050857722759247,0.7289600372314453,-0.13959422707557678,0.9703510999679565,0.3878632187843323,0.7608311772346497,-0.3460688889026642,0.9582048058509827,forward,29.11774437054653,1
773,25.792433333333335,94.15817260742188,,,,,,,,,,,,,,,,,,,,0.4521232545375824,0.5664801001548767,-0.0036948630586266518,0.999929666519165,0.4069649279117584,0.6415865421295166,-0.42276185750961304,0.9729271531105042,0.40521228313446045,0.7289292216300964,-0.11878163367509842,0.9677951335906982,0.38761237263679504,0.7608723044395447,-0.31529197096824646,0.9551597833633423,forward,26.9100915384441,1
774,25.8258,93.80412101745605,,,,,,,,,,,,,,,,,,,,0.4521290361881256,0.5689331293106079,-0.0036651554983109236,0.9999294877052307,0.40570947527885437,0.6422795057296753,-0.4427237808704376,0.9715574979782104,0.4053523540496826,0.7289620041847229,-0.1350061595439911,0.9658634662628174,0.38687410950660706,0.7609725594520569,-0.331809401512146,0.9529240131378174,forward,25.879864161635524,1
775,25.859166666666667,93.64628791809082,,,,,,,,,,,,,,,,,,,,0.45217445492744446,0.5711908936500549,-0.003856303868815303,0.9999300837516785,0.4047478139400482,0.6422796249389648,-0.4737228453159332,0.9697723388671875,0.4055819809436798,0.7289966344833374,-0.16893738508224487,0.9640167951583862,0.38636860251426697,0.7610496282577515,-0.36820194125175476,0.9506787657737732,forward,25.06512961974295,1
776,25.892533333333333,93.6880111694336,,,,,,,,,,,,,,,,,,,,0.45215457677841187,0.5728318691253662,-0.004044057801365852,0.999929666519165,0.40427467226982117,0.6422516107559204,-0.4819311499595642,0.9662207365036011,0.4057181775569916,0.7291420102119446,-0.1951509714126587,0.9608150720596313,0.38650619983673096,0.7611862421035767,-0.4001002907752991,0.9470207095146179,forward,25.64959399225596,1
777,25.925900000000002,94.75398063659668,,,,,,,,,,,,,,,,,,,,0.4521114230155945,0.5742552280426025,-0.005239910911768675,0.9999294877052307,0.4029802680015564,0.6428579688072205,-0.4784855544567108,0.9637596607208252,0.40577033162117004,0.7292531132698059,-0.18048623204231262,0.9580090641975403,0.3865026831626892,0.7611674070358276,-0.37744319438934326,0.9435319304466248,forward,24.94922798795921,1
778,25.959266666666668,93.93906593322754,,,,,,,,,,,,,,,,,,,,0.4520757794380188,0.5765383839607239,-0.0054588899947702885,0.9999297261238098,0.40157830715179443,0.643511176109314,-0.49131742119789124,0.9623197317123413,0.4057770371437073,0.729308009147644,-0.1996724158525467,0.956649899482727,0.386518269777298,0.7611683011054993,-0.400362104177475,0.9417999982833862,forward,24.720763610851712,1
779,25.992633333333334,94.04993057250977,,,,,,,,,,,,,,,,,,,,0.45209529995918274,0.578646719455719,-0.006610817741602659,0.9999290108680725,0.4004482626914978,0.6440377831459045,-0.500731348991394,0.9612302184104919,0.4056546986103058,0.7293206453323364,-0.21101154386997223,0.9560288190841675,0.3865216374397278,0.7611693143844604,-0.4137228727340698,0.9408509731292725,forward,24.392595253880096,1
780,26.026,93.08600425720215,,,,,,,,,,,,,,,,,,,,0.45200231671333313,0.5794960856437683,-0.006913274992257357,0.9999279975891113,0.3991723656654358,0.6454693675041199,-0.49201932549476624,0.9609024524688721,0.40564125776290894,0.7293118834495544,-0.19320769608020782,0.9553616046905518,0.3864932358264923,0.7611702084541321,-0.3899647295475006,0.9394465088844299,forward,23.883433013275496,1
781,26.059366666666666,93.81914138793945,,,,,,,,,,,,,,,,,,,,0.4519610106945038,0.5802881717681885,-0.007582753896713257,0.9999275803565979,0.3983766436576843,0.6465703845024109,-0.4922393262386322,0.9616584777832031,0.4053856432437897,0.729326069355011,-0.19006191194057465,0.9561090469360352,0.3864828944206238,0.7612742185592651,-0.3853215277194977,0.9400590658187866,forward,23.575136044434796,1
782,26.092733333333335,93.3387279510498,,,,,,,,,,,,,,,,,,,,0.4519585371017456,0.5810524225234985,-0.007610549684613943,0.9999284148216248,0.3980006277561188,0.6466130614280701,-0.49769359827041626,0.9634160995483398,0.4046151340007782,0.7295154333114624,-0.20336519181728363,0.9579108357429504,0.3866822421550751,0.7614060640335083,-0.4000381827354431,0.942132830619812,forward,23.82072515919433,1
783,26.1261,94.17510032653809,,,,,,,,,,,,,,,,,,,,0.45190170407295227,0.5815868973731995,-0.00839664600789547,0.99992835521698,0.3978438079357147,0.6473004817962646,-0.5016906261444092,0.9646716713905334,0.4044255018234253,0.7293490171432495,-0.19280607998371124,0.9589986801147461,0.3869098424911499,0.7613903880119324,-0.39158502221107483,0.9432381391525269,forward,22.964672876790097,1
784,26.159466666666667,94.66910362243652,,,,,,,,,,,,,,,,,,,,0.4518146216869354,0.5819936990737915,-0.009121495299041271,0.9999298453330994,0.3978293538093567,0.6474847793579102,-0.5217392444610596,0.966602087020874,0.4043883979320526,0.7293484210968018,-0.2122822105884552,0.9610677361488342,0.38703152537345886,0.7614263296127319,-0.4175131618976593,0.9457828998565674,forward,22.56251682412424,1
785,26.192833333333333,93.77384185791016,,,,,,,,,,,,,,,,,,,,0.45162415504455566,0.5817760229110718,-0.0098350765183568,0.9999311566352844,0.3978891670703888,0.6480464339256287,-0.5097753405570984,0.9685015678405762,0.404372900724411,0.7292966246604919,-0.20542529225349426,0.9631634950637817,0.38717684149742126,0.7614267468452454,-0.41123881936073303,0.9484367966651917,forward,22.974718653030557,1
786,26.226200000000002,93.70279312133789,,,,,,,,,,,,,,,,,,,,0.45146387815475464,0.581549882888794,-0.011303596198558807,0.9999325275421143,0.39790135622024536,0.6486215591430664,-0.5058422088623047,0.9702027440071106,0.40437498688697815,0.7292984127998352,-0.2031938135623932,0.964660108089447,0.3873138725757599,0.7614184617996216,-0.4004475772380829,0.9501700401306152,forward,23.130116511572833,1
787,26.259566666666668,93.0640697479248,,,,,,,,,,,,,,,,,,,,0.4514673948287964,0.581464409828186,-0.011597884818911552,0.9999357461929321,0.3978811502456665,0.6488011479377747,-0.5063449740409851,0.9726832509040833,0.4044114053249359,0.729212760925293,-0.198520690202713,0.9674694538116455,0.3875911831855774,0.761418879032135,-0.39161044359207153,0.9539690613746643,forward,22.87925856790208,1
788,26.292933333333334,93.42718124389648,,,,,,,,,,,,,,,,,,,,0.45147964358329773,0.5812848210334778,-0.012217056937515736,0.9999392628669739,0.3979211449623108,0.6486718058586121,-0.5238579511642456,0.9751014709472656,0.404538631439209,0.7289772629737854,-0.20384779572486877,0.9703039526939392,0.38802459836006165,0.7614163160324097,-0.3957865536212921,0.9578699469566345,forward,22.0655303602021,1
789,26.3263,94.20084953308105,,,,,,,,,,,,,,,,,,,,0.4514828324317932,0.5811861157417297,-0.012160507030785084,0.9999428391456604,0.3979562520980835,0.6486204266548157,-0.5267491936683655,0.9773331880569458,0.40463975071907043,0.7287830710411072,-0.20700176060199738,0.9729421138763428,0.3883163332939148,0.7614220976829529,-0.40024036169052124,0.9615283608436584,forward,22.00635007830815,1
790,26.359666666666666,93.93787384033203,,,,,,,,,,,,,,,,,,,,0.4516214430332184,0.5798583626747131,-0.012122152373194695,0.9999455213546753,0.39823997020721436,0.6479909420013428,-0.5265500545501709,0.9790654182434082,0.4047507643699646,0.7286966443061829,-0.2106473296880722,0.9748634099960327,0.38848698139190674,0.7614390254020691,-0.411135733127594,0.9641504287719727,forward,22.33440120285324,1
791,26.393033333333335,93.62983703613281,,,,,,,,,,,,,,,,,,,,0.4516809284687042,0.5773305892944336,-0.011648431420326233,0.999948263168335,0.39881816506385803,0.647494375705719,-0.5209668278694153,0.9806432723999023,0.40496280789375305,0.7286439538002014,-0.2067503184080124,0.976647675037384,0.38860902190208435,0.7613813281059265,-0.4081934690475464,0.9666327834129333,forward,22.784589300539107,1
792,26.4264,93.71519088745117,,,,,,,,,,,,,,,,,,,,0.4518062472343445,0.5731685757637024,-0.010707631707191467,0.9999496936798096,0.3995095491409302,0.6467441320419312,-0.47795337438583374,0.981084942817688,0.40517714619636536,0.7283113598823547,-0.1583128720521927,0.9768558144569397,0.3883726894855499,0.7611692547798157,-0.3518896698951721,0.9669527411460876,forward,23.810950869235846,1
793,26.459766666666667,93.75309944152832,,,,,,,,,,,,,,,,,,,,0.4518032968044281,0.5687269568443298,-0.01016766857355833,0.9999505281448364,0.4005483388900757,0.6458920836448669,-0.46189573407173157,0.9811107516288757,0.405256062746048,0.728306233882904,-0.14220194518566132,0.9765635132789612,0.3879784941673279,0.7612205147743225,-0.3364502787590027,0.9667383432388306,forward,24.725770748432428,1
794,26.493133333333333,94.16508674621582,,,,,,,,,,,,,,,,,,,,0.4517882466316223,0.5641376376152039,-0.008799687027931213,0.9999516010284424,0.4017758071422577,0.6449910402297974,-0.42741695046424866,0.9813815355300903,0.40546151995658875,0.7283099889755249,-0.10730774700641632,0.976678192615509,0.3879879415035248,0.7611963152885437,-0.3111135959625244,0.9671226143836975,forward,26.165553428561964,1
795,26.526500000000002,94.80595588684082,,,,,,,,,,,,,,,,,,,,0.4517855644226074,0.5608586072921753,-0.006554984021931887,0.999953031539917,0.4035392105579376,0.6434043049812317,-0.4101508855819702,0.981701672077179,0.4054332673549652,0.728301465511322,-0.09907184541225433,0.9771997928619385,0.38798338174819946,0.761255145072937,-0.30342593789100647,0.9679135084152222,forward,27.50049340876928,1
796,26.559866666666668,93.86324882507324,,,,,,,,,,,,,,,,,,,,0.4517847001552582,0.557348906993866,-0.005792797077447176,0.9999544024467468,0.4051046669483185,0.6417201161384583,-0.39258453249931335,0.981995701789856,0.4054376780986786,0.7283037304878235,-0.09331855177879333,0.9779323935508728,0.3877626657485962,0.7612495422363281,-0.30364537239074707,0.9689382910728455,forward,29.146247026284666,1
797,26.593233333333334,92.53811836242676,,,,,,,,,,,,,,,,,,,,0.45178601145744324,0.5533369183540344,-0.005608350038528442,0.9999553561210632,0.40754735469818115,0.6392871141433716,-0.37958821654319763,0.9820985198020935,0.4054287075996399,0.7281687259674072,-0.0900178924202919,0.9783366322517395,0.38811004161834717,0.7613264918327332,-0.30148079991340637,0.9694544076919556,forward,30.74555204757409,1
798,26.6266,93.3830738067627,,,,,,,,,,,,,,,,,,,,0.4517230689525604,0.5505760908126831,-0.0015266562113538384,0.9999563694000244,0.40882179141044617,0.6376134753227234,-0.3562500774860382,0.9820031523704529,0.4052881598472595,0.728100597858429,-0.06886576116085052,0.9785850048065186,0.38816869258880615,0.761334240436554,-0.27524593472480774,0.969749927520752,forward,32.056304310194314,1
799,26.659966666666666,93.19710731506348,,,,,,,,,,,,,,,,,,,,0.4516865909099579,0.5478726625442505,-0.0018459049751982093,0.9999561905860901,0.40982627868652344,0.6365591883659363,-0.32843655347824097,0.9819291830062866,0.4049414098262787,0.7279229760169983,-0.03462990000844002,0.9788201451301575,0.3881540894508362,0.7613559365272522,-0.22378437221050262,0.9701940417289734,forward,33.35590256640537,1
800,26.693333333333335,93.89686584472656,,,,,,,,,,,,,,,,,,,,0.45168429613113403,0.5455402731895447,-0.0021388849709182978,0.9999569654464722,0.41054752469062805,0.6354562640190125,-0.32159513235092163,0.9823301434516907,0.4048256278038025,0.7277964949607849,-0.04380485787987709,0.9795449376106262,0.38811421394348145,0.7613549828529358,-0.23621168732643127,0.9712478518486023,forward,35.00136686211445,1
801,26.7267,93.58406066894531,,,,,,,,,,,,,,,,,,,,0.4514307677745819,0.5431738495826721,-0.002377020427957177,0.9999577403068542,0.4108660817146301,0.6349039673805237,-0.27676814794540405,0.9825142621994019,0.404551237821579,0.7275428771972656,0.004363230429589748,0.9801232814788818,0.38811445236206055,0.7613534331321716,-0.18861769139766693,0.9721390008926392,forward,37.755796614383705,1
802,26.760066666666667,94.18606758117676,,,,,,,,,,,,,,,,,,,,0.45141127705574036,0.5412145256996155,-0.002570546232163906,0.9999585151672363,0.4117215573787689,0.6335840821266174,-0.2759037911891937,0.9827145934104919,0.4044051170349121,0.7275107502937317,-0.01513008400797844,0.9807987809181213,0.38811782002449036,0.7613441348075867,-0.2081763595342636,0.9730879664421082,forward,39.497459298745454,1
803,26.793433333333333,93.59598159790039,,,,,,,,,,,,,,,,,,,,0.4514109194278717,0.5388672947883606,-0.0026507931761443615,0.9999591708183289,0.41260284185409546,0.6328223943710327,-0.222738116979599,0.9826472997665405,0.4044090807437897,0.7275091409683228,0.01977572962641716,0.9813017249107361,0.3878527283668518,0.7613544464111328,-0.16252554953098297,0.9737238883972168,forward,45.62676119752555,1
804,26.826800000000002,92.94486045837402,,,,,,,,,,,,,,,,,,,,0.4514164328575134,0.5372235774993896,-0.002869540126994252,0.9999591708183289,0.4137728810310364,0.6316516399383545,-0.27968108654022217,0.9826405644416809,0.4043950140476227,0.7275058627128601,-0.015379955060780048,0.9816979765892029,0.38782575726509094,0.7613570690155029,-0.20617906749248505,0.9743151068687439,forward,39.771636919706516,1
805,26.860166666666668,93.7049388885498,,,,,,,,,,,,,,,,,,,,0.45138922333717346,0.5364145636558533,-0.004017098341137171,0.9999597668647766,0.41430285573005676,0.6315430998802185,-0.2536059021949768,0.9829639792442322,0.4041920602321625,0.7275569438934326,-0.009179686196148396,0.9823796153068542,0.3878236413002014,0.7613522410392761,-0.20535685122013092,0.9752404689788818,forward,43.392907827630744,1
806,26.893533333333334,93.87016296386719,,,,,,,,,,,,,,,,,,,,0.4513254761695862,0.5345796942710876,-0.0036080244462937117,0.9999600648880005,0.4153377115726471,0.6311560273170471,-0.08497952669858932,0.9817999005317688,0.40415072441101074,0.7275571823120117,0.10995032638311386,0.982721209526062,0.3880247175693512,0.7609549164772034,-0.08433376252651215,0.9756483435630798,forward,77.58166027037853,1
807,26.9269,93.32799911499023,,,,,,,,,,,,,,,,,,,,0.45112404227256775,0.5348520278930664,-0.0035507292486727238,0.999960720539093,0.4162486493587494,0.6311902403831482,-0.06773586571216583,0.9816575050354004,0.4041426479816437,0.7275960445404053,0.14479175209999084,0.9834250211715698,0.38812190294265747,0.7605838179588318,-0.04919896647334099,0.9765015840530396,forward,82.00138093164989,1
808,26.960266666666666,93.32823753356934,,,,,,,,,,,,,,,,,,,,0.4507991373538971,0.5339207053184509,-0.0029830741696059704,0.9999614357948303,0.41693514585494995,0.6312076449394226,-0.004171537701040506,0.9815043210983276,0.4041282832622528,0.7277676463127136,0.21141791343688965,0.9842180609703064,0.3879813551902771,0.7603921890258789,0.01030179113149643,0.9774406552314758,forward,113.12467106423408,1
809,26.993633333333335,93.23787689208984,,,,,,,,,,,,,,,,,,,,0.4506751596927643,0.5342077612876892,-0.002182499971240759,0.9999602437019348,0.41811099648475647,0.6309936046600342,0.011502880603075027,0.9799883365631104,0.40407153964042664,0.727754533290863,0.22611671686172485,0.9842429757118225,0.3878011107444763,0.7603431940078735,0.04234321415424347,0.9772510528564453,forward,121.67585465978094,1
810,27.027,93.27507019042969,,,,,,,,,,,,,,,,,,,,0.45041272044181824,0.5343830585479736,-0.002291799057275057,0.9999586343765259,0.41950005292892456,0.6306561827659607,0.024289226159453392,0.9787843823432922,0.4040583372116089,0.7276395559310913,0.23788994550704956,0.9843699336051941,0.38779711723327637,0.7602669596672058,0.055422451347112656,0.9771711826324463,forward,129.0715378219892,1
811,27.060366666666667,92.52214431762695,,,,,,,,,,,,,,,,,,,,0.45006802678108215,0.5345621705055237,-0.002289698924869299,0.999957263469696,0.4204205870628357,0.6306520104408264,0.03195028007030487,0.9770417809486389,0.404024600982666,0.7275875806808472,0.23438499867916107,0.9841846823692322,0.3879251480102539,0.7602590918540955,0.060773398727178574,0.9767299890518188,forward,134.41889498265584,1
812,27.093733333333333,92.37289428710938,,,,,,,,,,,,,,,,,,,,0.44983482360839844,0.5343663096427917,-0.00255318614654243,0.999956488609314,0.4212149679660797,0.6305937170982361,0.06300508230924606,0.9767793416976929,0.40378323197364807,0.7273688912391663,0.3202812969684601,0.984620988368988,0.3879319429397583,0.7602420449256897,0.1271086484193802,0.9771087169647217,forward,143.88349740033374,1
813,27.127100000000002,93.01185607910156,,,,,,,,,,,,,,,,,,,,0.4496578872203827,0.5337139368057251,-0.0020457410719245672,0.9999556541442871,0.42212212085723877,0.6304981112480164,0.05249441787600517,0.975449800491333,0.4037210941314697,0.7272586822509766,0.2845044732093811,0.9846872091293335,0.3877623975276947,0.7598097324371338,0.09696478396654129,0.9770256280899048,forward,141.33528547239936,1
814,27.160466666666668,93.48511695861816,,,,,,,,,,,,,,,,,,,,0.4494697153568268,0.5333439707756042,-0.001180665916763246,0.9999551177024841,0.42248445749282837,0.6305282711982727,0.05132310092449188,0.974608838558197,0.40371742844581604,0.7271621227264404,0.2785652279853821,0.9848396182060242,0.3874642550945282,0.759484052658081,0.09822206944227219,0.9770894646644592,forward,140.82136205820495,1
815,27.193833333333334,93.0328369140625,,,,,,,,,,,,,,,,,,,,0.4494467079639435,0.5330479145050049,-0.0007651944761164486,0.9999539256095886,0.42298460006713867,0.6301776170730591,0.04127407446503639,0.973953366279602,0.40371352434158325,0.7271296977996826,0.25081196427345276,0.9849821925163269,0.3874987065792084,0.7594481706619263,0.07392381876707077,0.9771406650543213,forward,137.8387843901649,1
816,27.2272,94.11096572875977,,,,,,,,,,,,,,,,,,,,0.44940975308418274,0.5328856110572815,-0.0007896708557382226,0.9999531507492065,0.4232485294342041,0.6299911737442017,0.039054542779922485,0.973239541053772,0.4037225544452667,0.7271299362182617,0.23833484947681427,0.9850857853889465,0.387576699256897,0.7593610286712646,0.05942259356379509,0.9771642684936523,forward,137.97517602880276,1
817,27.260566666666666,92.94486045837402,,,,,,,,,,,,,,,,,,,,0.44940444827079773,0.5325987935066223,-0.0007867247331887484,0.9999526143074036,0.4233570098876953,0.6298984885215759,0.0392000637948513,0.9728633165359497,0.40371909737586975,0.7271295189857483,0.2395365685224533,0.9853304028511047,0.3876366913318634,0.7592797875404358,0.05627283453941345,0.9774272441864014,forward,137.92578202313396,1
818,27.293933333333335,93.11199188232422,,,,,,,,,,,,,,,,,,,,0.4493997097015381,0.5322989821434021,-0.000975059112533927,0.9999513030052185,0.42338675260543823,0.6296256184577942,0.028959544375538826,0.9719846248626709,0.4037129282951355,0.7271295189857483,0.22450314462184906,0.9853459000587463,0.3876689672470093,0.7592455744743347,0.05566239729523659,0.9774000644683838,forward,133.44411215382533,1
819,27.3273,92.62585639953613,,,,,,,,,,,,,,,,,,,,0.44940251111984253,0.5321218371391296,-0.000992627115920186,0.9999504685401917,0.4233488440513611,0.6294888257980347,0.02345881052315235,0.9717758297920227,0.4037212133407593,0.7271315455436707,0.21549192070960999,0.9855553507804871,0.38767117261886597,0.7592388987541199,0.04942496865987778,0.9775991439819336,forward,130.9815077191915,1
820,27.360666666666667,92.7591323852539,,,,,,,,,,,,,,,,,,,,0.4493663012981415,0.5318382382392883,-0.001004743855446577,0.9999496936798096,0.42341142892837524,0.6290825605392456,0.0230327807366848,0.9715295433998108,0.40372562408447266,0.7271209955215454,0.2109569013118744,0.985767662525177,0.387669175863266,0.7592366933822632,0.04243246465921402,0.9778114557266235,forward,131.3812912957712,1
821,27.394033333333333,92.82398223876953,,,,,,,,,,,,,,,,,,,,0.4493524432182312,0.5318528413772583,-0.00026653354871086776,0.9999494552612305,0.4236370921134949,0.6290539503097534,0.027071885764598846,0.9710759520530701,0.40383660793304443,0.7271073460578918,0.21271832287311554,0.9858753085136414,0.3876684308052063,0.7592363953590393,0.042866721749305725,0.977893054485321,forward,133.46467787142024,1
822,27.427400000000002,92.66090393066406,,,,,,,,,,,,,,,,,,,,0.4493487477302551,0.5318406820297241,0.0005719464970752597,0.9999493956565857,0.4237980246543884,0.6290646195411682,0.029730020090937614,0.9707499742507935,0.40392065048217773,0.7270851135253906,0.21990163624286652,0.9859938025474548,0.38766977190971375,0.7592376470565796,0.04874763265252113,0.9779638648033142,forward,133.85854215817145,1
823,27.460766666666668,93.51301193237305,,,,,,,,,,,,,,,,,,,,0.4493454694747925,0.5318759083747864,0.003321047406643629,0.9999493956565857,0.4238396883010864,0.6291130185127258,0.03861725330352783,0.9702284336090088,0.4039632976055145,0.7270346283912659,0.22886578738689423,0.9860098361968994,0.3876047134399414,0.7592465877532959,0.06550951302051544,0.9779512286186218,forward,136.99694316260738,1
824,27.494133333333334,92.16785430908203,,,,,,,,,,,,,,,,,,,,0.44934237003326416,0.5319082140922546,0.005702219437807798,0.9999498128890991,0.42385411262512207,0.6294809579849243,0.04530198127031326,0.9701439738273621,0.40401071310043335,0.7269986271858215,0.24758532643318176,0.9861325621604919,0.3875800669193268,0.7592455148696899,0.08333966881036758,0.9781384468078613,forward,137.58171871739594,1
825,27.5275,92.26703643798828,,,,,,,,,,,,,,,,,,,,0.4493435323238373,0.5319337844848633,0.006785950623452663,0.9999500513076782,0.42385292053222656,0.629938542842865,0.04477425664663315,0.970069944858551,0.404066264629364,0.7269542813301086,0.25103822350502014,0.9861928224563599,0.3875558078289032,0.7592583894729614,0.08963683992624283,0.9781777262687683,forward,136.15772549662606,1
826,27.560866666666666,92.05985069274902,,,,,,,,,,,,,,,,,,,,0.4493409991264343,0.5319772958755493,0.007452331483364105,0.9999499917030334,0.4238486588001251,0.6302391886711121,0.047705505043268204,0.9698306322097778,0.404080331325531,0.72691410779953,0.25574344396591187,0.9861908555030823,0.38751521706581116,0.7592542767524719,0.09586995095014572,0.9781368970870972,forward,136.9597620469836,1
827,27.594233333333335,93.51205825805664,,,,,,,,,,,,,,,,,,,,0.44933560490608215,0.5319840908050537,0.008309895172715187,0.9999499917030334,0.4238559305667877,0.6303807497024536,0.051515307277441025,0.9695388078689575,0.40411806106567383,0.7268637418746948,0.2601686120033264,0.9862217307090759,0.3874979615211487,0.759249746799469,0.09848766028881073,0.9781737923622131,forward,138.2506921886779,1
828,27.6276,93.94478797912598,,,,,,,,,,,,,,,,,,,,0.4493340253829956,0.5319914221763611,0.008351700380444527,0.9999500513076782,0.42384395003318787,0.6306775212287903,0.05134110525250435,0.9698153138160706,0.4041340947151184,0.7268350124359131,0.2673795521259308,0.9864110946655273,0.38742440938949585,0.7592498064041138,0.10185819119215012,0.9783818125724792,forward,137.2622127716714,1
829,27.660966666666667,93.12701225280762,,,,,,,,,,,,,,,,,,,,0.44933652877807617,0.5320108532905579,0.008955268189311028,0.9999498128890991,0.4238370954990387,0.6307728290557861,0.04995237663388252,0.9699743986129761,0.4041374623775482,0.7268286943435669,0.26556241512298584,0.9865591526031494,0.38731929659843445,0.7592448592185974,0.09826678782701492,0.9785505533218384,forward,136.31127781290957,1
830,27.694333333333333,93.12295913696289,,,,,,,,,,,,,,,,,,,,0.4493364691734314,0.532025933265686,0.008854709565639496,0.9999498128890991,0.42374375462532043,0.6309131979942322,0.048294730484485626,0.9699096083641052,0.40412846207618713,0.7268069982528687,0.26426923274993896,0.9865925312042236,0.387144535779953,0.7592322826385498,0.09532853215932846,0.9785495400428772,forward,135.45070045263378,1
831,27.727700000000002,94.04420852661133,,,,,,,,,,,,,,,,,,,,0.4493407607078552,0.5320342779159546,0.00873866118490696,0.9999493956565857,0.42368075251579285,0.6310186386108398,0.047176726162433624,0.969134509563446,0.4041270911693573,0.7267847061157227,0.26347464323043823,0.9863747358322144,0.3870577812194824,0.7592220306396484,0.09268609434366226,0.9782434701919556,forward,134.87621532788964,1
832,27.761066666666668,93.79720687866211,,,,,,,,,,,,,,,,,,,,0.4493381977081299,0.5320626497268677,0.008199341595172882,0.9999490976333618,0.4236680567264557,0.6310752630233765,0.04487307742238045,0.9689792990684509,0.4041183590888977,0.7267647385597229,0.2609374225139618,0.9863711595535278,0.3869384229183197,0.7591920495033264,0.09085170179605484,0.9782466888427734,forward,134.00689319454497,1
833,27.794433333333334,93.57786178588867,,,,,,,,,,,,,,,,,,,,0.44935548305511475,0.5320714116096497,0.007399043533951044,0.9999490976333618,0.4236525595188141,0.6310762166976929,0.037015389651060104,0.9689469933509827,0.4041047990322113,0.7267576456069946,0.24878443777561188,0.986374020576477,0.3868606388568878,0.7591503262519836,0.07966774702072144,0.9782669544219971,forward,130.86290050075888,1
834,27.8278,92.57197380065918,,,,,,,,,,,,,,,,,,,,0.44935816526412964,0.5320695638656616,0.005946991965174675,0.9999488592147827,0.4236465394496918,0.6310490369796753,0.03316512703895569,0.9688676595687866,0.404066801071167,0.7267515659332275,0.24576427042484283,0.9863212704658508,0.3868429660797119,0.7591253519058228,0.07268350571393967,0.9781658053398132,forward,129.54073829556745,1
835,27.861166666666666,97.76091575622559,,,,,,,,,,,,,,,,,,,,0.44935786724090576,0.5320583581924438,0.005359619855880737,0.9999491572380066,0.423618346452713,0.6310215592384338,0.025536755099892616,0.9691781401634216,0.40401360392570496,0.7267473340034485,0.22996553778648376,0.9863799810409546,0.3868224024772644,0.7590996026992798,0.05777642875909805,0.9782516956329346,forward,126.6674864779735,1
836,27.894533333333335,93.67108345031738,,,,,,,,,,,,,,,,,,,,0.449358731508255,0.5320629477500916,0.004033066798001528,0.9999494552612305,0.4235784411430359,0.6310200095176697,0.026421090587973595,0.9693716764450073,0.403935045003891,0.726750910282135,0.23389197885990143,0.9864176511764526,0.38681429624557495,0.7590309977531433,0.06153782084584236,0.978192150592804,forward,127.52959450889917,1
837,27.9279,92.76866912841797,,,,,,,,,,,,,,,,,,,,0.44933971762657166,0.5321821570396423,0.0038868850097060204,0.9999491572380066,0.42334994673728943,0.6311308741569519,0.02665857970714569,0.9693118929862976,0.4038945734500885,0.7267534136772156,0.2332838624715805,0.9863415956497192,0.3867582678794861,0.7590154409408569,0.06273205578327179,0.9780449271202087,forward,127.78074407260681,1
838,27.961266666666667,91.7360782623291,,,,,,,,,,,,,,,,,,,,0.449260413646698,0.5322755575180054,0.0030740636866539717,0.9999490976333618,0.4232615828514099,0.6312471628189087,0.0267589520663023,0.9689472317695618,0.40387603640556335,0.7267559766769409,0.22316358983516693,0.9861142039299011,0.38673385977745056,0.7589879631996155,0.05868738889694214,0.9776719212532043,forward,129.37124160863746,1
839,27.994633333333333,92.45681762695312,,,,,,,,,,,,,,,,,,,,0.44902193546295166,0.5325497388839722,0.0027701696380972862,0.9999487996101379,0.42318275570869446,0.6315382122993469,0.027285931631922722,0.9692572951316833,0.40383467078208923,0.7267543077468872,0.2475670725107193,0.9861738681793213,0.3867001235485077,0.7589753866195679,0.08094435185194016,0.977756917476654,forward,127.23476008934497,1
840,28.028000000000002,92.84830093383789,,,,,,,,,,,,,,,,,,,,0.44882068037986755,0.5330658555030823,0.0028313391376286745,0.9999482035636902,0.422958642244339,0.6316550970077515,0.02972337231040001,0.969316840171814,0.403831422328949,0.7267471551895142,0.2506762444972992,0.9862169027328491,0.3866395056247711,0.7589710354804993,0.08642182499170303,0.9777482748031616,forward,128.43341565064085,1
841,28.061366666666668,92.76390075683594,,,,,,,,,,,,,,,,,,,,0.4488151967525482,0.5339027643203735,0.0027341435197740793,0.999948263168335,0.4226362705230713,0.6320645809173584,0.03068828210234642,0.9698581099510193,0.4038337469100952,0.7267532348632812,0.27551406621932983,0.9864568114280701,0.38662904500961304,0.7590481638908386,0.1041145846247673,0.9780303835868835,forward,126.85171839348118,1
842,28.094733333333334,92.55218505859375,,,,,,,,,,,,,,,,,,,,0.4487997591495514,0.5352646708488464,0.0020514046773314476,0.9999474287033081,0.42186617851257324,0.6327837109565735,0.026082010939717293,0.9700992107391357,0.403801292181015,0.7268846035003662,0.2575565576553345,0.9865344166755676,0.38658714294433594,0.7591956853866577,0.09454505145549774,0.9781175255775452,forward,125.76517637371072,1
843,28.1281,93.44792366027832,,,,,,,,,,,,,,,,,,,,0.4487912654876709,0.5363987684249878,0.0012375516816973686,0.9999468922615051,0.421016126871109,0.6332334876060486,0.022618841379880905,0.9705615639686584,0.4037504494190216,0.727027952671051,0.24560131132602692,0.9867021441459656,0.38656604290008545,0.7593643069267273,0.08111023157835007,0.9783728122711182,forward,125.01204995381198,1
844,28.161466666666666,92.07296371459961,,,,,,,,,,,,,,,,,,,,0.4488254487514496,0.537487268447876,0.0009908295469358563,0.9999459385871887,0.4196496307849884,0.634332537651062,0.005371676292270422,0.9716911315917969,0.4036930203437805,0.7270585298538208,0.22321966290473938,0.9870608448982239,0.3864481747150421,0.7594934701919556,0.06875444203615189,0.9789743423461914,forward,115.65177741208616,1
845,28.194833333333335,92.74578094482422,,,,,,,,,,,,,,,,,,,,0.44926464557647705,0.5384383797645569,0.0008381259976886213,0.9999441504478455,0.417985200881958,0.635623037815094,-0.01621737889945507,0.9733309745788574,0.4036633372306824,0.727060854434967,0.22309544682502747,0.9875833988189697,0.3863210082054138,0.7595588564872742,0.06655272841453552,0.9798256754875183,forward,101.40690858948395,1
846,28.2282,93.4457778930664,,,,,,,,,,,,,,,,,,,,0.4494406580924988,0.5398550033569336,0.003984013106673956,0.9999424815177917,0.4169803261756897,0.6364506483078003,-0.014945510774850845,0.9746239185333252,0.4036532938480377,0.7270492911338806,0.2204572558403015,0.987983226776123,0.38631120324134827,0.7596171498298645,0.06178766116499901,0.9805554747581482,forward,100.40444526476058,1
847,28.261566666666667,94.53201293945312,,,,,,,,,,,,,,,,,,,,0.4495517611503601,0.5408827662467957,0.004998133517801762,0.9999402165412903,0.41648954153060913,0.6366579532623291,-0.03436223417520523,0.9760023355484009,0.40365758538246155,0.7270295023918152,0.20511451363563538,0.9884402751922607,0.3862939774990082,0.759652316570282,0.03469964861869812,0.9812805652618408,forward,89.28775282238871,1
848,28.294933333333333,93.6119556427002,,,,,,,,,,,,,,,,,,,,0.4496648609638214,0.5426065921783447,0.004391148686408997,0.99993497133255,0.41562291979789734,0.6367948055267334,-0.09660948812961578,0.977276086807251,0.4039183259010315,0.7269757986068726,0.12961843609809875,0.9886703491210938,0.38629215955734253,0.7599529027938843,-0.03183351457118988,0.9816122055053711,forward,66.26928627694004,1
849,28.328300000000002,93.40786933898926,,,,,,,,,,,,,,,,,,,,0.44966524839401245,0.5446596741676331,0.002440533135086298,0.9999299049377441,0.4149392545223236,0.637253999710083,-0.15084920823574066,0.977845311164856,0.4040094017982483,0.7271718978881836,0.06244424358010292,0.988411009311676,0.3862527310848236,0.7599943280220032,-0.10454213619232178,0.981113076210022,forward,55.422785830114535,1
850,28.361666666666668,93.40405464172363,,,,,,,,,,,,,,,,,,,,0.45003315806388855,0.546086311340332,-0.0002806879347190261,0.9999236464500427,0.4146920442581177,0.6374448537826538,-0.17745301127433777,0.9776017665863037,0.40408337116241455,0.727286696434021,0.05500980094075203,0.9874729514122009,0.3866003155708313,0.7600840330123901,-0.12504927814006805,0.9796628952026367,forward,49.788560502263124,1
851,28.395033333333334,92.2689437866211,,,,,,,,,,,,,,,,,,,,0.4503590762615204,0.5472924113273621,-0.00032870896393433213,0.9999151229858398,0.4139065444469452,0.6376668810844421,-0.2506924569606781,0.9773816466331482,0.40408483147621155,0.7276294827461243,0.014775936491787434,0.9862239360809326,0.38656580448150635,0.760484516620636,-0.17847628891468048,0.977840006351471,forward,39.69969509068289,1
852,28.4284,93.13297271728516,,,,,,,,,,,,,,,,,,,,0.4505631625652313,0.5487645864486694,-0.0013311380753293633,0.9999016523361206,0.41340991854667664,0.6376376748085022,-0.3061346411705017,0.9768679738044739,0.404022216796875,0.7277187705039978,-0.033861346542835236,0.9839760661125183,0.38714462518692017,0.7608129382133484,-0.22596260905265808,0.9746037721633911,forward,35.54190121105139,1
853,28.461766666666666,95.29995918273926,,,,,,,,,,,,,,,,,,,,0.45082005858421326,0.550568699836731,-0.001316817826591432,0.999890148639679,0.4127652645111084,0.6376752853393555,-0.3226788341999054,0.9761994481086731,0.4040633738040924,0.7281109690666199,-0.05152421072125435,0.9816348552703857,0.3885943293571472,0.7608466744422913,-0.2503441274166107,0.9714676737785339,forward,34.55372827735456,1
854,28.495133333333335,93.3370590209961,,,,,,,,,,,,,,,,,,,,0.4511539041996002,0.5521881580352783,-0.0012836586683988571,0.999882161617279,0.41181889176368713,0.639039158821106,-0.2955968379974365,0.9751833081245422,0.40426281094551086,0.7283332943916321,-0.030586108565330505,0.9797551035881042,0.38858118653297424,0.7607994079589844,-0.22546173632144928,0.9689379930496216,forward,36.08388595615147,1
855,28.5285,94.07901763916016,,,,,,,,,,,,,,,,,,,,0.45116546750068665,0.5552331805229187,-0.0013705187011510134,0.999875545501709,0.41076940298080444,0.6397907137870789,-0.32931724190711975,0.9747764468193054,0.40435677766799927,0.7284972071647644,-0.06336800009012222,0.9780816435813904,0.38852497935295105,0.7607887983322144,-0.2606545388698578,0.9669358730316162,forward,33.824679840320925,1
856,28.561866666666667,93.4140682220459,,,,,,,,,,,,,,,,,,,,0.4511675536632538,0.5571102499961853,-0.0022558628115803003,0.9998683333396912,0.4106798470020294,0.6401140093803406,-0.3537474572658539,0.9745120406150818,0.40436887741088867,0.7284783124923706,-0.06595133244991302,0.9766114354133606,0.38853001594543457,0.7607796788215637,-0.26115551590919495,0.9652071595191956,forward,31.238796973270183,1
857,28.595233333333333,92.4372673034668,,,,,,,,,,,,,,,,,,,,0.4513606131076813,0.5582496523857117,-0.00224491604603827,0.999862551689148,0.4106130301952362,0.6401916742324829,-0.3529566824436188,0.9738712310791016,0.404360294342041,0.7284843921661377,-0.07219883799552917,0.9749988317489624,0.38851192593574524,0.7607864737510681,-0.2647104859352112,0.9634536504745483,forward,31.500930651932766,1
858,28.628600000000002,92.66495704650879,,,,,,,,,,,,,,,,,,,,0.4514007568359375,0.5604791045188904,-0.0022255703806877136,0.9998615980148315,0.41061681509017944,0.6403751969337463,-0.3586946427822113,0.973959743976593,0.40449389815330505,0.7284834384918213,-0.08608964085578918,0.9740438461303711,0.38827118277549744,0.7607738971710205,-0.27700161933898926,0.9623101949691772,forward,31.421763072719443,1
859,28.661966666666668,92.64111518859863,,,,,,,,,,,,,,,,,,,,0.45147377252578735,0.5624160170555115,-0.0020773978903889656,0.9998579621315002,0.410258024930954,0.6405684947967529,-0.3659053146839142,0.9738380312919617,0.4045889377593994,0.7285031676292419,-0.08582159131765366,0.9728301763534546,0.3878927528858185,0.7607756853103638,-0.27628177404403687,0.960812509059906,forward,30.421599899684995,1
860,28.695333333333334,93.6579704284668,,,,,,,,,,,,,,,,,,,,0.4515511989593506,0.5638458728790283,-0.002055332064628601,0.9998522400856018,0.40939244627952576,0.6411502361297607,-0.3812340497970581,0.9723118543624878,0.4047132730484009,0.7285839915275574,-0.08655869215726852,0.9700353741645813,0.38711392879486084,0.7607852816581726,-0.27852094173431396,0.9578561782836914,forward,28.88380664708904,1
861,28.7287,93.16086769104004,,,,,,,,,,,,,,,,,,,,0.45159006118774414,0.56495201587677,-0.001514165778644383,0.999847948551178,0.40845948457717896,0.6411884427070618,-0.38949939608573914,0.9706355333328247,0.4048673212528229,0.7286431193351746,-0.10359630733728409,0.9675176739692688,0.3866213262081146,0.760797381401062,-0.2989717423915863,0.9550089836120605,forward,28.912906395618254,1
862,28.762066666666666,92.42391586303711,,,,,,,,,,,,,,,,,,,,0.45160046219825745,0.5656644701957703,-0.0010405112989246845,0.9998458027839661,0.4067181944847107,0.641710102558136,-0.3838104009628296,0.9696031808853149,0.4053291380405426,0.7288955450057983,-0.10341344028711319,0.9659512639045715,0.3863338530063629,0.7608184814453125,-0.2939714789390564,0.9533495903015137,forward,29.256959137856732,1
863,28.795433333333335,93.97101402282715,,,,,,,,,,,,,,,,,,,,0.45160478353500366,0.5672733187675476,-0.0011500704567879438,0.9998425245285034,0.40500104427337646,0.6426733136177063,-0.40912166237831116,0.9680352807044983,0.405624121427536,0.7289020419120789,-0.10645020008087158,0.9628849625587463,0.38620924949645996,0.7608612775802612,-0.29562002420425415,0.9498724341392517,forward,27.058605275012965,1
864,28.8288,94.11001205444336,,,,,,,,,,,,,,,,,,,,0.45168960094451904,0.5690592527389526,-0.0011482900008559227,0.9998401999473572,0.40345337986946106,0.6431519985198975,-0.4227093756198883,0.966805100440979,0.40579745173454285,0.7289101481437683,-0.11415424197912216,0.9604229927062988,0.3862221837043762,0.7609155774116516,-0.3058367669582367,0.9470006227493286,forward,26.14299638644199,1
865,28.862166666666667,94.23995018005371,,,,,,,,,,,,,,,,,,,,0.4518295228481293,0.571377694606781,-0.00119592878036201,0.9998407363891602,0.40238410234451294,0.6433270573616028,-0.4360755681991577,0.964893102645874,0.4058586061000824,0.7290236949920654,-0.1452479362487793,0.9571897983551025,0.3862232565879822,0.7609109878540039,-0.33604517579078674,0.9432564377784729,forward,26.384730746713036,1
866,28.895533333333333,93.65510940551758,,,,,,,,,,,,,,,,,,,,0.4518716633319855,0.5727434158325195,-0.0014962295535951853,0.9998430013656616,0.40109819173812866,0.6435118317604065,-0.44053611159324646,0.9624507427215576,0.4058101177215576,0.7290791273117065,-0.14492008090019226,0.9533559679985046,0.3861943483352661,0.7609233260154724,-0.3303912878036499,0.9386580586433411,forward,25.857922456331004,1
867,28.928900000000002,94.26593780517578,,,,,,,,,,,,,,,,,,,,0.45196533203125,0.5742365121841431,-0.0022063401993364096,0.9998466372489929,0.4005657434463501,0.6436306238174438,-0.4540623724460602,0.9605098366737366,0.4057231843471527,0.7291856408119202,-0.1759478747844696,0.9509561657905579,0.3862413465976715,0.7609537839889526,-0.36909082531929016,0.9357480406761169,forward,26.32503858782744,1
868,28.962266666666668,94.37012672424316,,,,,,,,,,,,,,,,,,,,0.4520973265171051,0.5761069059371948,-0.004026343114674091,0.9998483061790466,0.4000973701477051,0.6437865495681763,-0.4750758409500122,0.95992511510849,0.4055814743041992,0.7291866540908813,-0.19007425010204315,0.9498711824417114,0.3862361013889313,0.7609665393829346,-0.385358601808548,0.9341988563537598,forward,25.332497825467758,1
869,28.995633333333334,94.68793869018555,,,,,,,,,,,,,,,,,,,,0.4522258937358856,0.5774869322776794,-0.004407044965773821,0.9998486042022705,0.39945685863494873,0.6440210342407227,-0.47146275639533997,0.9588555097579956,0.40548908710479736,0.7291950583457947,-0.1795956939458847,0.9478245377540588,0.38624677062034607,0.7610614895820618,-0.37101659178733826,0.9313564300537109,forward,24.873551023154462,1
870,29.029,94.31886672973633,,,,,,,,,,,,,,,,,,,,0.45245039463043213,0.5786817669868469,-0.005157452076673508,0.9998496174812317,0.39920589327812195,0.6442140936851501,-0.48956817388534546,0.9587486386299133,0.40546858310699463,0.7291927337646484,-0.20008468627929688,0.9470893144607544,0.3863092064857483,0.7610885500907898,-0.3963402211666107,0.9302287101745605,forward,24.526027231069822,1
871,29.062366666666666,92.66209602355957,,,,,,,,,,,,,,,,,,,,0.45245832204818726,0.5794392228126526,-0.005225158296525478,0.9998513460159302,0.3989114463329315,0.6445688009262085,-0.4760228991508484,0.9596310257911682,0.4053827226161957,0.7291929721832275,-0.19288195669651031,0.9473816752433777,0.38650649785995483,0.7611119747161865,-0.3858548700809479,0.9304326176643372,forward,24.99334495687066,1
872,29.095733333333335,92.67997741699219,,,,,,,,,,,,,,,,,,,,0.45241329073905945,0.5794887542724609,-0.005405019968748093,0.9998540282249451,0.39870938658714294,0.6449279189109802,-0.475875586271286,0.9601985216140747,0.4052443504333496,0.7291945219039917,-0.1877899169921875,0.947516918182373,0.3867805004119873,0.7611470818519592,-0.38084876537323,0.9305169582366943,forward,24.713187460117865,1
873,29.1291,94.18511390686035,,,,,,,,,,,,,,,,,,,,0.4523795545101166,0.5797531008720398,-0.005554549396038055,0.9998581409454346,0.3985512852668762,0.6455756425857544,-0.4731971323490143,0.9608572721481323,0.40507999062538147,0.7292121052742004,-0.18340124189853668,0.9478999376296997,0.38706064224243164,0.7611502408981323,-0.3762224018573761,0.9307966828346252,forward,24.615073448179263,1
874,29.162466666666667,93.49203109741211,,,,,,,,,,,,,,,,,,,,0.45238280296325684,0.5797955989837646,-0.005536902695894241,0.9998622536659241,0.398561954498291,0.6458964943885803,-0.47065994143486023,0.9616977572441101,0.4050177037715912,0.7292145490646362,-0.18165364861488342,0.9486561417579651,0.3873843848705292,0.7611923813819885,-0.3755320608615875,0.9315184950828552,forward,24.682203555909407,1
875,29.195833333333333,94.74492073059082,,,,,,,,,,,,,,,,,,,,0.452469140291214,0.579469621181488,-0.005525778979063034,0.9998671412467957,0.398522287607193,0.6460258364677429,-0.4681689441204071,0.9624342322349548,0.40500369668006897,0.7292435169219971,-0.17976467311382294,0.9497334957122803,0.3875766694545746,0.7612020373344421,-0.3769471347332001,0.9325594305992126,forward,24.79863775561505,1
876,29.229200000000002,94.22898292541504,,,,,,,,,,,,,,,,,,,,0.4526742696762085,0.5796257257461548,-0.005513092037290335,0.9998719692230225,0.3985256254673004,0.6460720896720886,-0.4717966318130493,0.9639889597892761,0.40499067306518555,0.7292736172676086,-0.18751734495162964,0.9517119526863098,0.38770827651023865,0.7612054347991943,-0.38729408383369446,0.9347934126853943,forward,24.928843523576397,1
877,29.262566666666668,94.24781799316406,,,,,,,,,,,,,,,,,,,,0.4527846872806549,0.5794709920883179,-0.0058031827211380005,0.9998758435249329,0.398546427488327,0.6460463404655457,-0.4848845899105072,0.9655529856681824,0.40498772263526917,0.7292667627334595,-0.1937156617641449,0.9539259672164917,0.3877406120300293,0.7612100839614868,-0.3964090049266815,0.9374106526374817,forward,24.35753324791944,1
878,29.295933333333334,94.33293342590332,,,,,,,,,,,,,,,,,,,,0.45282307267189026,0.5793699026107788,-0.0061096022836863995,0.9998807907104492,0.3987111449241638,0.6460474133491516,-0.4920085072517395,0.9671422243118286,0.40496233105659485,0.7292349934577942,-0.19280827045440674,0.9559449553489685,0.3877464234828949,0.7612124681472778,-0.3959909975528717,0.9397900700569153,forward,23.85432519200583,1
879,29.3293,94.4068431854248,,,,,,,,,,,,,,,,,,,,0.4528464078903198,0.5789835453033447,-0.0062929061241447926,0.9998878240585327,0.39884161949157715,0.6460388898849487,-0.49142715334892273,0.9688071608543396,0.40495866537094116,0.7291825413703918,-0.1946006715297699,0.9578331708908081,0.38775116205215454,0.761222779750824,-0.39739370346069336,0.9420841336250305,forward,24.01930298157716,1
880,29.362666666666666,93.72091293334961,,,,,,,,,,,,,,,,,,,,0.4529838263988495,0.5775229334831238,-0.00697733461856842,0.9998942613601685,0.39903002977371216,0.645993173122406,-0.4922371804714203,0.9707974791526794,0.4049558937549591,0.7291412949562073,-0.19651339948177338,0.9602500200271606,0.3877522349357605,0.761225163936615,-0.39997896552085876,0.9453164339065552,forward,24.236978612174777,1
881,29.396033333333335,93.88494491577148,,,,,,,,,,,,,,,,,,,,0.4530313313007355,0.5752735137939453,-0.0071793231181800365,0.999899685382843,0.3993776738643646,0.6455982327461243,-0.488336980342865,0.9723248481750488,0.40497687458992004,0.728885293006897,-0.194257915019989,0.9617397785186768,0.3877645432949066,0.7612272500991821,-0.3883080780506134,0.9473974704742432,forward,24.634541900040027,1
882,29.4294,92.32163429260254,,,,,,,,,,,,,,,,,,,,0.4531978666782379,0.5719569325447083,-0.0073736319318413734,0.9999036192893982,0.40003180503845215,0.6449441313743591,-0.4862930178642273,0.9735305905342102,0.40501269698143005,0.7286285161972046,-0.1784149408340454,0.9629783630371094,0.38778388500213623,0.7611782550811768,-0.367098331451416,0.9492573738098145,forward,24.41289447992957,1
883,29.462766666666667,92.83590316772461,,,,,,,,,,,,,,,,,,,,0.4532473385334015,0.5690118670463562,-0.007364083547145128,0.9999092817306519,0.40046602487564087,0.6444042325019836,-0.4744836390018463,0.9754334688186646,0.4050297439098358,0.7285630702972412,-0.16362011432647705,0.965647280216217,0.38777461647987366,0.7609209418296814,-0.36041536927223206,0.9529275894165039,forward,24.88615571501073,1
884,29.496133333333333,94.37012672424316,,,,,,,,,,,,,,,,,,,,0.45325174927711487,0.5651196241378784,-0.007032099179923534,0.9999144077301025,0.40115100145339966,0.643743634223938,-0.45382583141326904,0.9767101407051086,0.4050220251083374,0.7283632755279541,-0.144228994846344,0.9673923850059509,0.3873761296272278,0.7607691287994385,-0.3441409468650818,0.955416738986969,forward,25.87711233930332,1
885,29.529500000000002,93.71089935302734,,,,,,,,,,,,,,,,,,,,0.4532577395439148,0.5615805387496948,-0.005929896142333746,0.999919056892395,0.4024302661418915,0.6426042914390564,-0.41944828629493713,0.9776842594146729,0.4051298499107361,0.7282917499542236,-0.11788763105869293,0.9687290787696838,0.38736727833747864,0.7607792019844055,-0.32122787833213806,0.9572917222976685,forward,27.625223461193574,1
886,29.562866666666668,93.1539535522461,,,,,,,,,,,,,,,,,,,,0.4534233808517456,0.5590320229530334,-0.004728586412966251,0.9999235272407532,0.4040888845920563,0.6413415670394897,-0.41507571935653687,0.9789061546325684,0.40527042746543884,0.7282670736312866,-0.11352288722991943,0.9706498980522156,0.38700175285339355,0.7607879042625427,-0.31861212849617004,0.9598821401596069,forward,28.119411326756826,1
887,29.596233333333334,92.97513961791992,,,,,,,,,,,,,,,,,,,,0.453427791595459,0.5560783743858337,-0.004745348356664181,0.9999259114265442,0.4061167240142822,0.6401700973510742,-0.385344535112381,0.9796969294548035,0.4053192734718323,0.728216826915741,-0.07908336818218231,0.9719051122665405,0.3869746923446655,0.7608055472373962,-0.2821350395679474,0.9614657163619995,forward,29.293763545029467,1
888,29.6296,93.13797950744629,,,,,,,,,,,,,,,,,,,,0.4533655047416687,0.5534759163856506,-0.00476051913574338,0.9999289512634277,0.40824535489082336,0.6384564638137817,-0.3811473846435547,0.9803183674812317,0.40529224276542664,0.7280859351158142,-0.08917049318552017,0.973020076751709,0.3869469165802002,0.7608619928359985,-0.29238399863243103,0.9628101587295532,forward,30.589803476108752,1
889,29.662966666666666,93.35207939147949,,,,,,,,,,,,,,,,,,,,0.45330116152763367,0.5507379174232483,-0.004517539404332638,0.9999315142631531,0.40980347990989685,0.6369041800498962,-0.35679522156715393,0.9806457161903381,0.40502992272377014,0.7280817031860352,-0.08289040625095367,0.9739190936088562,0.38700971007347107,0.7608887553215027,-0.2852652668952942,0.9639517068862915,forward,33.01871551506409,1
890,29.696333333333335,93.48011016845703,,,,,,,,,,,,,,,,,,,,0.4532303810119629,0.5482093691825867,-0.004522915463894606,0.9999334216117859,0.41084328293800354,0.6359927654266357,-0.3345343768596649,0.9809441566467285,0.40480726957321167,0.7280241250991821,-0.06689751148223877,0.9747339487075806,0.3872693181037903,0.7609408497810364,-0.2648552358150482,0.9650394320487976,forward,34.800320945747586,1
891,29.7297,94.25091743469238,,,,,,,,,,,,,,,,,,,,0.45307084918022156,0.546691358089447,-0.0043676164932549,0.9999358057975769,0.41175734996795654,0.6357278823852539,-0.3334901034832001,0.9815986156463623,0.40441423654556274,0.7278071641921997,-0.053723108023405075,0.9758979082107544,0.38722094893455505,0.7609512209892273,-0.24947857856750488,0.9665803909301758,forward,34.31470034097038,1
892,29.763066666666667,93.07432174682617,,,,,,,,,,,,,,,,,,,,0.4528287947177887,0.5441381931304932,-0.0036030311603099108,0.9999385476112366,0.4126240313053131,0.6343935132026672,-0.32426711916923523,0.9823580980300903,0.40428978204727173,0.7278074026107788,-0.06595539301633835,0.977211594581604,0.3872078061103821,0.7609521746635437,-0.2667630612850189,0.968402624130249,forward,36.56117139828232,1
893,29.796433333333333,93.0490493774414,,,,,,,,,,,,,,,,,,,,0.45273831486701965,0.5421580076217651,-0.002550978446379304,0.9999415874481201,0.4131859540939331,0.6338189244270325,-0.26946642994880676,0.9831352829933167,0.40427231788635254,0.7277916073799133,-0.02782049961388111,0.9786900877952576,0.38693681359291077,0.7607625126838684,-0.22101065516471863,0.9704484939575195,forward,41.309726651433095,1
894,29.8298,93.78314018249512,,,,,,,,,,,,,,,,,,,,0.45268377661705017,0.5398326516151428,-0.0031999803613871336,0.9999442100524902,0.41459956765174866,0.6331479549407959,-0.26962700486183167,0.9838014841079712,0.4042723476886749,0.7277967929840088,-0.025852974504232407,0.9800103902816772,0.3869048058986664,0.76069575548172,-0.21872670948505402,0.9722177982330322,forward,41.628445202806766,1
895,29.863166666666668,94.05803680419922,,,,,,,,,,,,,,,,,,,,0.45262283086776733,0.5375505685806274,-0.004116843454539776,0.9999467730522156,0.41548269987106323,0.6324467062950134,-0.23686537146568298,0.9843261241912842,0.4042148292064667,0.727787435054779,-0.004475470166653395,0.9811458587646484,0.3868708312511444,0.7606899738311768,-0.19567012786865234,0.9737446308135986,forward,45.69538782704924,1
896,29.896533333333334,94.85697746276855,,,,,,,,,,,,,,,,,,,,0.45256507396698,0.53708815574646,-0.0030015462543815374,0.9999476075172424,0.4160579442977905,0.6321014761924744,-0.20446179807186127,0.9834296107292175,0.4041851758956909,0.7275524139404297,0.026067174971103668,0.9812030792236328,0.38686320185661316,0.7606598734855652,-0.15096357464790344,0.9739015102386475,forward,49.06658745155835,1
897,29.9299,94.33293342590332,,,,,,,,,,,,,,,,,,,,0.4523202180862427,0.5366814732551575,-0.0019277060637250543,0.9999483227729797,0.41648703813552856,0.6321783065795898,-0.12290941923856735,0.9825692772865295,0.4041708707809448,0.7275463342666626,0.08760260045528412,0.9814972281455994,0.3863948583602905,0.7606253027915955,-0.08148065954446793,0.9741923213005066,forward,64.23442458382604,1
898,29.963266666666666,93.9481258392334,,,,,,,,,,,,,,,,,,,,0.452203631401062,0.536411702632904,-0.0019080195343121886,0.9999503493309021,0.41671833395957947,0.6323960423469543,-0.06680264323949814,0.9829657673835754,0.40419477224349976,0.7275280356407166,0.19244219362735748,0.9825524091720581,0.3859855830669403,0.7607109546661377,0.013389438390731812,0.9755415916442871,forward,77.50355609929777,1
899,29.996633333333335,95.55530548095703,,,,,,,,,,,,,,,,,,,,0.4518924057483673,0.5359532833099365,-0.0010732077062129974,0.9999518990516663,0.4171147048473358,0.6325281858444214,-0.021782929077744484,0.982833743095398,0.40423834323883057,0.7274692058563232,0.20125889778137207,0.9834123253822327,0.3860948085784912,0.7606236338615417,0.022396046668291092,0.9766268134117126,forward,101.33855986161939,1
900,30.03,93.7948226928711,,,,,,,,,,,,,,,,,,,,0.4517732262611389,0.5352494120597839,0.0003144176153000444,0.9999518394470215,0.41784024238586426,0.6323902606964111,0.006459453608840704,0.9818754196166992,0.4042443633079529,0.7271023392677307,0.2070288360118866,0.983868420124054,0.3862070143222809,0.7604044079780579,0.03285723924636841,0.9771434664726257,forward,118.39773161720714,1
901,30.063366666666667,93.45102310180664,,,,,,,,,,,,,,,,,,,,0.45154085755348206,0.5353739857673645,0.0002641173196025193,0.9999508857727051,0.41826167702674866,0.6324670910835266,0.03038540855050087,0.9805675745010376,0.4042225778102875,0.7270392179489136,0.24203503131866455,0.9841081500053406,0.3862537443637848,0.7601378560066223,0.06847526133060455,0.9772732257843018,forward,130.17006233716688,1
902,30.096733333333333,93.61624717712402,,,,,,,,,,,,,,,,,,,,0.45086753368377686,0.5352077484130859,0.0006078270962461829,0.9999517798423767,0.4186035394668579,0.6325210332870483,0.06398206204175949,0.9807884693145752,0.40422892570495605,0.7270432710647583,0.31189611554145813,0.9850064516067505,0.38623178005218506,0.7599659562110901,0.11922480165958405,0.9783509969711304,forward,142.3991526562864,1
903,30.1301,93.60814094543457,,,,,,,,,,,,,,,,,,,,0.44975727796554565,0.5352323651313782,0.0013759216526523232,0.9999516606330872,0.419286847114563,0.632512629032135,0.04716407507658005,0.9798929691314697,0.4043073058128357,0.7270963191986084,0.25714361667633057,0.9853167533874512,0.38672661781311035,0.7599577307701111,0.08123539388179779,0.9786666631698608,forward,138.35293019418808,1
904,30.163466666666668,94.87509727478027,,,,,,,,,,,,,,,,,,,,0.4492299258708954,0.5348502993583679,0.004395774565637112,0.9999511241912842,0.4201269745826721,0.6322329640388489,0.058766771107912064,0.9794900417327881,0.4043254256248474,0.7270822525024414,0.27713000774383545,0.9858027696609497,0.38672736287117004,0.7599321007728577,0.09260152280330658,0.979228675365448,forward,141.65259706544472,1
905,30.196833333333334,93.95194053649902,,,,,,,,,,,,,,,,,,,,0.4488954544067383,0.5347291231155396,0.004287787713110447,0.9999492168426514,0.42095911502838135,0.631935179233551,0.045444946736097336,0.9766791462898254,0.40434530377388,0.7270569205284119,0.22914355993270874,0.9851399660110474,0.38728219270706177,0.7598234415054321,0.06074224412441254,0.9782482981681824,forward,139.65328450939253,1
906,30.2302,92.79179573059082,,,,,,,,,,,,,,,,,,,,0.4487757086753845,0.5344163179397583,0.0018151450203731656,0.9999465942382812,0.42156684398651123,0.6316121220588684,0.041595473885536194,0.9748476147651672,0.4043170213699341,0.7270616292953491,0.23403874039649963,0.9847936034202576,0.3879047632217407,0.759674608707428,0.06168751046061516,0.9775625467300415,forward,138.1005478116424,1
907,30.263566666666666,93.01090240478516,,,,,,,,,,,,,,,,,,,,0.4487300217151642,0.5339187383651733,0.0005144788883626461,0.9999438524246216,0.4218440353870392,0.6311789155006409,0.02496151067316532,0.9721230864524841,0.4042796194553375,0.7271339893341064,0.21301983296871185,0.9839870929718018,0.3881497383117676,0.7595155239105225,0.04725617915391922,0.9762964248657227,forward,130.90195180884237,1
908,30.296933333333335,94.01082992553711,,,,,,,,,,,,,,,,,,,,0.4486885666847229,0.533465564250946,0.00046309977187775075,0.9999418258666992,0.4220641255378723,0.6309587955474854,0.023238493129611015,0.9694733023643494,0.40417152643203735,0.7272992730140686,0.19360454380512238,0.9831709265708923,0.3882151246070862,0.7594719529151917,0.03996371477842331,0.9750187397003174,forward,132.47564906524966,1
909,30.3303,93.80483627319336,,,,,,,,,,,,,,,,,,,,0.4486163258552551,0.5326975584030151,0.0011108373291790485,0.9999403953552246,0.42211470007896423,0.6308659315109253,0.0204907413572073,0.9661224484443665,0.4040578305721283,0.7273608446121216,0.17289328575134277,0.9821727871894836,0.3882903456687927,0.7594708204269409,0.016795653849840164,0.9736107587814331,forward,133.4482026914655,1
910,30.363666666666667,93.2319164276123,,,,,,,,,,,,,,,,,,,,0.4485129714012146,0.5321944355964661,0.0011658330913633108,0.9999392628669739,0.4220869243144989,0.630607545375824,0.020281609147787094,0.9641073346138,0.40399816632270813,0.7273693084716797,0.17472517490386963,0.9818561673164368,0.38829076290130615,0.7595201134681702,0.013390627689659595,0.9731283783912659,forward,133.01273722162972,1
911,30.397033333333333,92.87405014038086,,,,,,,,,,,,,,,,,,,,0.4484247863292694,0.5307921767234802,0.0020367333199828863,0.9999392032623291,0.42206111550331116,0.6302039623260498,0.016508126631379128,0.9633265137672424,0.4039953351020813,0.7274180054664612,0.17614132165908813,0.981921911239624,0.3883432447910309,0.7596776485443115,0.006972889881581068,0.973124623298645,forward,129.67315843642845,1
912,30.4304,94.14505958557129,,,,,,,,,,,,,,,,,,,,0.4483267068862915,0.5307226777076721,0.0030641318298876286,0.9999387860298157,0.4220452606678009,0.6301043033599854,0.01748230680823326,0.9561651349067688,0.4040074348449707,0.7273990511894226,0.15318599343299866,0.9789730906486511,0.38842862844467163,0.7597499489784241,0.006993839051574469,0.9693449139595032,forward,133.95147927643578,1
913,30.463766666666668,93.35088729858398,,,,,,,,,,,,,,,,,,,,0.44827646017074585,0.5306530594825745,0.003300165291875601,0.9999383687973022,0.4220159947872162,0.6301303505897522,0.01519213616847992,0.9519823789596558,0.40402141213417053,0.727390706539154,0.14682473242282867,0.9773669242858887,0.3883194923400879,0.7597500681877136,0.0067181456834077835,0.9670390486717224,forward,133.3821696989364,1
914,30.497133333333334,93.48201751708984,,,,,,,,,,,,,,,,,,,,0.4482579529285431,0.5306965112686157,0.0035940315574407578,0.9999386072158813,0.42199578881263733,0.6305226683616638,0.016018716618418694,0.9502276182174683,0.40400072932243347,0.7273958325386047,0.1539352536201477,0.9767929911613464,0.3881246745586395,0.759723424911499,0.015374370850622654,0.9661316871643066,forward,132.2852379103756,1
915,30.5305,92.25010871887207,,,,,,,,,,,,,,,,,,,,0.44824331998825073,0.5305318832397461,0.005718512460589409,0.9999393224716187,0.4219559133052826,0.6309076547622681,0.024739496409893036,0.9510394930839539,0.40392908453941345,0.7274159789085388,0.197667196393013,0.9773432612419128,0.387924462556839,0.7597026824951172,0.04631566256284714,0.966770589351654,forward,129.88042535852935,1
916,30.563866666666666,92.8339958190918,,,,,,,,,,,,,,,,,,,,0.4481838047504425,0.5304597616195679,0.00653782719746232,0.9999402165412903,0.42193806171417236,0.6312544345855713,0.03228521719574928,0.9517208933830261,0.4038878381252289,0.7274768352508545,0.2134590446949005,0.9777612090110779,0.38786885142326355,0.7596680521965027,0.05869589373469353,0.9672322869300842,forward,132.18492402258994,1
917,30.597233333333335,95.4122543334961,,,,,,,,,,,,,,,,,,,,0.4481301009654999,0.5304126143455505,0.006483493838459253,0.9999407529830933,0.4219330847263336,0.6313267350196838,0.03016921877861023,0.9522071480751038,0.4038684070110321,0.7274913787841797,0.2068646252155304,0.9780662059783936,0.3877737820148468,0.7596706748008728,0.05218271538615227,0.9674793481826782,forward,131.6906115506407,1
918,30.6306,95.05105018615723,,,,,,,,,,,,,,,,,,,,0.448032408952713,0.5304155945777893,0.006464608944952488,0.9999415278434753,0.42192837595939636,0.6314976811408997,0.03612790256738663,0.9534415602684021,0.40384846925735474,0.727498471736908,0.22405335307121277,0.9787734150886536,0.387710303068161,0.7596757411956787,0.0662953332066536,0.9683077931404114,forward,133.25094591514735,1
919,30.663966666666667,93.27530860900879,,,,,,,,,,,,,,,,,,,,0.44788798689842224,0.5304350256919861,0.00748627120628953,0.9999423027038574,0.4219188690185547,0.6317899227142334,0.04838128015398979,0.9546340703964233,0.4038446247577667,0.7275007963180542,0.2541441321372986,0.9795024991035461,0.3875388503074646,0.7597096562385559,0.09374663978815079,0.9692123532295227,forward,136.61154466911424,1
920,30.697333333333333,122.03001976013184,,,,,,,,,,,,,,,,,,,,0.4478168487548828,0.5304531455039978,0.007937892340123653,0.9999430775642395,0.4218875765800476,0.6320315599441528,0.046355150640010834,0.9554762244224548,0.40383997559547424,0.7275378704071045,0.2434661090373993,0.9799772500991821,0.387420117855072,0.7597231268882751,0.0855683982372284,0.9697657227516174,forward,136.30493905161387,1
921,30.7307,94.74515914916992,,,,,,,,,,,,,,,,,,,,0.4478079080581665,0.5304602980613708,0.00833879690617323,0.9999437928199768,0.4218737781047821,0.6323218941688538,0.043478190898895264,0.9566642045974731,0.4038366973400116,0.7275806069374084,0.23750895261764526,0.9805689454078674,0.3872016370296478,0.7597324848175049,0.07949838042259216,0.97053062915802,forward,134.9686842631385,1
922,30.76406666666667,93.91522407531738,,,,,,,,,,,,,,,,,,,,0.44780001044273376,0.5304672718048096,0.008349058218300343,0.9999448657035828,0.42181089520454407,0.632523238658905,0.04179220274090767,0.9577782154083252,0.4038332998752594,0.7276137471199036,0.23484735190868378,0.9810619354248047,0.3868524730205536,0.759835422039032,0.07492818683385849,0.9711511731147766,forward,134.17482120750907,1
923,30.797433333333334,93.27125549316406,,,,,,,,,,,,,,,,,,,,0.4478119909763336,0.5304766893386841,0.008363613858819008,0.9999455809593201,0.4216959476470947,0.6326701641082764,0.03713570162653923,0.9581590890884399,0.4038224220275879,0.7276556491851807,0.2240569293498993,0.9811869263648987,0.386700302362442,0.7598990201950073,0.07081775367259979,0.9712584614753723,forward,132.52924486853473,1
924,30.8308,94.42782402038574,,,,,,,,,,,,,,,,,,,,0.4478066563606262,0.5304998159408569,0.008371301926672459,0.9999463558197021,0.4215548634529114,0.6327369213104248,0.03393500670790672,0.959009051322937,0.40381884574890137,0.727708637714386,0.21299993991851807,0.981516420841217,0.38641971349716187,0.7599250078201294,0.06213684007525444,0.9716953039169312,forward,131.88393908929643,1
925,30.864166666666666,118.94011497497559,,,,,,,,,,,,,,,,,,,,0.4478001296520233,0.5305237174034119,0.009222390130162239,0.9999470710754395,0.42143332958221436,0.6328441500663757,0.0342852957546711,0.960156261920929,0.4038170874118805,0.7277446985244751,0.22902557253837585,0.9820831418037415,0.3862219452857971,0.7599402666091919,0.06960301846265793,0.9724788069725037,forward,129.6329808542595,1
926,30.897533333333335,94.7568416595459,,,,,,,,,,,,,,,,,,,,0.4477883279323578,0.5305784940719604,0.00951002724468708,0.9999477863311768,0.42131540179252625,0.6329138278961182,0.03392903506755829,0.9609649777412415,0.4038237929344177,0.7277680039405823,0.2286456972360611,0.9824191927909851,0.38615715503692627,0.7599579095840454,0.06787165999412537,0.9729589223861694,forward,129.27932489365378,1
927,30.9309,95.4580307006836,,,,,,,,,,,,,,,,,,,,0.4477749168872833,0.5306087136268616,0.009594028815627098,0.9999482035636902,0.42130544781684875,0.632976770401001,0.03226018324494362,0.9614918828010559,0.4038337171077728,0.7278068661689758,0.21634137630462646,0.982621431350708,0.38616544008255005,0.759964644908905,0.06118813902139664,0.9732500314712524,forward,129.6611730547115,1
928,30.964266666666667,93.5201644897461,,,,,,,,,,,,,,,,,,,,0.44776931405067444,0.5306169390678406,0.009648687206208706,0.9999487400054932,0.4213210642337799,0.6329724192619324,0.03220076486468315,0.9623028039932251,0.4038270115852356,0.7278190851211548,0.21638481318950653,0.9829425811767578,0.386170357465744,0.759962260723114,0.06058906391263008,0.9737353324890137,forward,129.59675129833818,1
929,30.997633333333333,93.16587448120117,,,,,,,,,,,,,,,,,,,,0.44776651263237,0.5306434631347656,0.009463745169341564,0.9999491572380066,0.42146560549736023,0.6329607367515564,0.03229672834277153,0.963088870048523,0.40382012724876404,0.7278441190719604,0.2171306014060974,0.9833393692970276,0.3861670196056366,0.7599471807479858,0.05933244526386261,0.9743085503578186,forward,129.6897024614023,1
930,31.031,93.32585334777832,,,,,,,,,,,,,,,,,,,,0.447733610868454,0.5306626558303833,0.00932445377111435,0.9999496340751648,0.4215729236602783,0.632943332195282,0.03303517773747444,0.9637098908424377,0.4038110375404358,0.7278598546981812,0.21985435485839844,0.9836642146110535,0.3861629068851471,0.7599321007728577,0.05964941903948784,0.974784255027771,forward,129.9202022048582,1
931,31.06436666666667,93.11199188232422,,,,,,,,,,,,,,,,,,,,0.4477365016937256,0.5306686758995056,0.009063906036317348,0.99994957447052,0.42158159613609314,0.6329335570335388,0.03289906308054924,0.9644041657447815,0.4037541151046753,0.7278653383255005,0.2203167825937271,0.9839385747909546,0.38611704111099243,0.7599408626556396,0.06040361151099205,0.9751613140106201,forward,129.91988526467262,1
932,31.097733333333334,93.34015846252441,,,,,,,,,,,,,,,,,,,,0.44774380326271057,0.5308563113212585,0.008949434384703636,0.9999497532844543,0.4215047061443329,0.6329838037490845,0.03386332467198372,0.9652299880981445,0.403700053691864,0.7278706431388855,0.23752902448177338,0.9842802286148071,0.3861035704612732,0.7599470019340515,0.07635360211133957,0.9756467342376709,forward,128.58937569234075,1
933,31.1311,94.02132034301758,,,,,,,,,,,,,,,,,,,,0.4477089047431946,0.5313078165054321,0.008510112762451172,0.9999496340751648,0.42135289311408997,0.6331120729446411,0.03613029792904854,0.9654948115348816,0.40357232093811035,0.7278728485107422,0.24801352620124817,0.9843509793281555,0.38609442114830017,0.7599519491195679,0.08869430422782898,0.9757134914398193,forward,129.11537021281197,1
934,31.164466666666666,93.85395050048828,,,,,,,,,,,,,,,,,,,,0.44765129685401917,0.5316728949546814,0.007619781885296106,0.9999494552612305,0.4208565056324005,0.6335009336471558,0.0358433835208416,0.9668653607368469,0.40349289774894714,0.7279155254364014,0.2548939883708954,0.9848868250846863,0.3860909044742584,0.7599535584449768,0.0917946994304657,0.9763835072517395,forward,128.58947431604128,1
935,31.197833333333335,93.53208541870117,,,,,,,,,,,,,,,,,,,,0.447557270526886,0.5326218008995056,0.00769764045253396,0.99994957447052,0.41998210549354553,0.63399738073349,0.03895939141511917,0.9681734442710876,0.4033842384815216,0.7279192209243774,0.2669874131679535,0.9853893518447876,0.3860873579978943,0.7599532008171082,0.10573631525039673,0.9770515561103821,forward,129.1568164132065,1
936,31.2312,93.57690811157227,,,,,,,,,,,,,,,,,,,,0.44742992520332336,0.5330266356468201,0.007707739714533091,0.9999492168426514,0.41945770382881165,0.6341944932937622,0.0386727973818779,0.969301700592041,0.4032922089099884,0.7279136776924133,0.2629540264606476,0.9858401417732239,0.386044979095459,0.7599504590034485,0.10228505730628967,0.9776685237884521,forward,129.27940742021724,1
937,31.264566666666667,92.8800106048584,,,,,,,,,,,,,,,,,,,,0.4473765194416046,0.5336423516273499,0.006894475314766169,0.9999486207962036,0.41911041736602783,0.6343287229537964,0.03854306414723396,0.9706546068191528,0.40316042304039,0.7278890013694763,0.29790422320365906,0.9864040017127991,0.3859732151031494,0.7599509358406067,0.12319909781217575,0.9784189462661743,forward,126.80750692381233,1
938,31.297933333333333,92.15307235717773,,,,,,,,,,,,,,,,,,,,0.44733288884162903,0.5343914031982422,0.006782180164009333,0.9999484419822693,0.41842079162597656,0.6345516443252563,0.03864692524075508,0.9719709753990173,0.4031203091144562,0.7278000712394714,0.29854997992515564,0.986903190612793,0.38596734404563904,0.7599685788154602,0.1254301816225052,0.9791359901428223,forward,126.81255452454056,1
939,31.3313,92.58008003234863,,,,,,,,,,,,,,,,,,,,0.44718149304389954,0.5354705452919006,0.006685781292617321,0.9999481439590454,0.41771504282951355,0.6348949670791626,0.036622799932956696,0.9732398986816406,0.4030052125453949,0.7277979254722595,0.3030869662761688,0.9873467087745667,0.38593626022338867,0.7600276470184326,0.12792326509952545,0.9797996282577515,forward,125.35271462671551,1
940,31.36466666666667,92.98324584960938,,,,,,,,,,,,,,,,,,,,0.44702282547950745,0.5367795825004578,0.006688861176371574,0.9999482035636902,0.41728267073631287,0.6355807185173035,0.0449860654771328,0.9741848707199097,0.40299683809280396,0.7276110053062439,0.35136210918426514,0.9876841306686401,0.385720819234848,0.7600271701812744,0.1755015105009079,0.9802403450012207,forward,127.08416526153135,1
941,31.398033333333334,92.18835830688477,,,,,,,,,,,,,,,,,,,,0.446997731924057,0.5382160544395447,0.006679111160337925,0.9999482035636902,0.416645884513855,0.6358740329742432,0.03981938585639,0.9751179218292236,0.4029810428619385,0.7274461984634399,0.32202672958374023,0.9880632758140564,0.38535791635513306,0.7600231766700745,0.15020284056663513,0.9808228611946106,forward,125.87300058856509,1
942,31.4314,93.57118606567383,,,,,,,,,,,,,,,,,,,,0.4467937648296356,0.5397615432739258,0.00664814468473196,0.999948263168335,0.4158957600593567,0.636305570602417,0.02250843681395054,0.9758685827255249,0.4029731750488281,0.7273170351982117,0.292326956987381,0.9883449077606201,0.38529399037361145,0.7600211501121521,0.12214542180299759,0.9813545346260071,forward,117.41369206482206,1
943,31.464766666666666,93.3990478515625,,,,,,,,,,,,,,,,,,,,0.44662314653396606,0.5408095717430115,0.004967110697180033,0.9999486207962036,0.41459500789642334,0.6364156603813171,-0.023534541949629784,0.976855456829071,0.40305274724960327,0.7270675897598267,0.22653765976428986,0.988691508769989,0.3852868378162384,0.7598951458930969,0.05789010599255562,0.9819028973579407,forward,93.92399464024933,1
944,31.498133333333335,93.84989738464355,,,,,,,,,,,,,,,,,,,,0.44633764028549194,0.5418087244033813,0.0032658439595252275,0.9999485611915588,0.41377007961273193,0.636407732963562,-0.08350188285112381,0.9777400493621826,0.4032747447490692,0.7272669672966003,0.15047332644462585,0.9888423085212708,0.3853108584880829,0.7600793242454529,-0.01996375061571598,0.9821344614028931,forward,70.02608580424823,1
945,31.5315,93.31202507019043,,,,,,,,,,,,,,,,,,,,0.44632694125175476,0.5433633923530579,0.00018088825163431466,0.9999483227729797,0.41279086470603943,0.6363144516944885,-0.1798083782196045,0.9785193204879761,0.4034760296344757,0.7272655963897705,0.07828795909881592,0.9886234998703003,0.38531798124313354,0.7601234316825867,-0.09348031133413315,0.9818123579025269,forward,47.90610995566342,1
946,31.564866666666667,93.57404708862305,,,,,,,,,,,,,,,,,,,,0.44632217288017273,0.544909656047821,-0.0002630240051075816,0.9999479651451111,0.41216713190078735,0.6363201141357422,-0.26148146390914917,0.9796118140220642,0.40350088477134705,0.7273710370063782,0.02571580931544304,0.9886326193809509,0.3854978680610657,0.7609172463417053,-0.16344477236270905,0.9818686842918396,forward,37.809814619151645,1
947,31.598233333333333,94.47932243347168,,,,,,,,,,,,,,,,,,,,0.4462210237979889,0.5464080572128296,-0.0017745207296684384,0.9999465346336365,0.4112725555896759,0.6363880038261414,-0.3162672519683838,0.9804328083992004,0.40350013971328735,0.7276052832603455,-0.02203747071325779,0.9882761836051941,0.3859037458896637,0.7611363530158997,-0.2087962031364441,0.9814834594726562,forward,33.98634109524913,1
948,31.6316,94.26307678222656,,,,,,,,,,,,,,,,,,,,0.44620656967163086,0.5478819012641907,-0.002797613153234124,0.9999452829360962,0.4099656343460083,0.6370984315872192,-0.28479263186454773,0.9810135364532471,0.40375974774360657,0.7277559041976929,0.017299799248576164,0.9876893758773804,0.38651517033576965,0.7611754536628723,-0.15950903296470642,0.9807308316230774,forward,35.13488534468088,1
949,31.66496666666667,92.38338470458984,,,,,,,,,,,,,,,,,,,,0.4461963176727295,0.5503473281860352,-0.005381470080465078,0.999942421913147,0.4092070162296295,0.6375895738601685,-0.3498404026031494,0.9812172651290894,0.4037509262561798,0.7277714014053345,-0.0341494083404541,0.9863221049308777,0.3878267705440521,0.7610475420951843,-0.21742963790893555,0.9790949821472168,forward,30.887166666793615,1
950,31.698333333333334,93.61791610717773,,,,,,,,,,,,,,,,,,,,0.44613808393478394,0.5525949597358704,-0.006101938430219889,0.9999402761459351,0.40871304273605347,0.6382560729980469,-0.35668158531188965,0.9813715219497681,0.4037521481513977,0.7277767658233643,-0.033479154109954834,0.9850276708602905,0.3878691494464874,0.7609789371490479,-0.21566331386566162,0.9775223731994629,forward,29.940922341521443,1
951,31.7317,92.00906753540039,,,,,,,,,,,,,,,,,,,,0.44611266255378723,0.5536652207374573,-0.006296664476394653,0.9999386072158813,0.40838736295700073,0.6382945775985718,-0.35010549426078796,0.9805115461349487,0.403763085603714,0.7278009057044983,-0.0513814315199852,0.9828925728797913,0.3876621127128601,0.7608572840690613,-0.23263417184352875,0.9747960567474365,forward,31.235681724687105,1
952,31.765066666666666,92.67902374267578,,,,,,,,,,,,,,,,,,,,0.44600164890289307,0.5548428893089294,-0.006741285789757967,0.9999384880065918,0.40787097811698914,0.6383157968521118,-0.37466081976890564,0.9801957011222839,0.40365245938301086,0.727781355381012,-0.06830060482025146,0.9812561273574829,0.3877275288105011,0.7608499526977539,-0.25164055824279785,0.9729021191596985,forward,29.743064343933554,1
953,31.798433333333335,93.03617477416992,,,,,,,,,,,,,,,,,,,,0.4456923007965088,0.5565938353538513,-0.006685583386570215,0.9999397397041321,0.40746867656707764,0.6387984156608582,-0.36658376455307007,0.9790905117988586,0.4032905697822571,0.7278041839599609,-0.08031332492828369,0.9788841009140015,0.38740161061286926,0.7608476877212524,-0.2693401575088501,0.9699801802635193,forward,30.82845381381185,1
954,31.8318,93.18709373474121,,,,,,,,,,,,,,,,,,,,0.4456270635128021,0.5579320192337036,-0.006851612124592066,0.999940812587738,0.40695562958717346,0.639009416103363,-0.36777904629707336,0.9778801202774048,0.403198778629303,0.7278210520744324,-0.09014277160167694,0.9768118262290955,0.3873947858810425,0.7607900500297546,-0.28348401188850403,0.9675320386886597,forward,31.081419528894656,1
955,31.865166666666667,91.9501781463623,,,,,,,,,,,,,,,,,,,,0.44561636447906494,0.5590745806694031,-0.0071425591595470905,0.9999423623085022,0.4063790440559387,0.6389959454536438,-0.3897629380226135,0.9769187569618225,0.40319618582725525,0.7278224229812622,-0.11193609982728958,0.9750729203224182,0.3871747553348541,0.7607763409614563,-0.3068508803844452,0.9655067324638367,forward,30.16067263719235,1
956,31.898533333333333,92.4980640411377,,,,,,,,,,,,,,,,,,,,0.4456173777580261,0.5600747466087341,-0.007080495357513428,0.9999439716339111,0.405476450920105,0.6390178799629211,-0.3967091143131256,0.9776754379272461,0.4031910002231598,0.7277987599372864,-0.10179606080055237,0.9754627346992493,0.38711822032928467,0.7607721090316772,-0.2950681746006012,0.9661685228347778,forward,28.834971854087406,1
957,31.9319,93.61100196838379,,,,,,,,,,,,,,,,,,,,0.44562119245529175,0.5621573328971863,-0.0070127216167747974,0.9999455213546753,0.4041377007961273,0.6394391655921936,-0.42296531796455383,0.9784757494926453,0.4032174348831177,0.7277986407279968,-0.10597144812345505,0.9758606553077698,0.38711029291152954,0.7607940435409546,-0.3017410337924957,0.9669256210327148,forward,26.688664011574133,1
958,31.96526666666667,92.7739143371582,,,,,,,,,,,,,,,,,,,,0.44567903876304626,0.5639963150024414,-0.006968522910028696,0.999945878982544,0.40313801169395447,0.6397654414176941,-0.4402858018875122,0.9791409969329834,0.40322694182395935,0.7277988195419312,-0.12450595200061798,0.9762986302375793,0.3869393765926361,0.7608128786087036,-0.3265642821788788,0.9676724076271057,forward,26.04475981203316,1
959,31.998633333333334,94.31576728820801,,,,,,,,,,,,,,,,,,,,0.4458458721637726,0.566210150718689,-0.006929066032171249,0.999947190284729,0.4017178416252136,0.6403742432594299,-0.4580618143081665,0.9795758128166199,0.40341928601264954,0.727870762348175,-0.15056155622005463,0.9763988256454468,0.3864017128944397,0.7608209848403931,-0.3521025478839874,0.9679129123687744,forward,25.710143072383847,1
960,32.032000000000004,93.80578994750977,,,,,,,,,,,,,,,,,,,,0.4458799660205841,0.5679597854614258,-0.006818607449531555,0.9999486804008484,0.40095698833465576,0.6410872936248779,-0.47008708119392395,0.9799389243125916,0.4038642942905426,0.728046178817749,-0.16301333904266357,0.9765079617500305,0.3861842453479767,0.7608361840248108,-0.3688412308692932,0.9682043790817261,forward,25.229582645877166,1
961,32.06536666666667,93.39427947998047,,,,,,,,,,,,,,,,,,,,0.4459865093231201,0.5694656372070312,-0.00678723119199276,0.99994957447052,0.4007660150527954,0.6412259340286255,-0.48328039050102234,0.9795663356781006,0.4039519429206848,0.7282227277755737,-0.17128205299377441,0.9758101105690002,0.3858715891838074,0.7608810067176819,-0.3710918724536896,0.9675108790397644,forward,24.577817696766253,1
962,32.098733333333335,93.7809944152832,,,,,,,,,,,,,,,,,,,,0.44655710458755493,0.5708184838294983,-0.00673303660005331,0.9999512434005737,0.40049049258232117,0.6414667963981628,-0.49777474999427795,0.9800384044647217,0.4040926694869995,0.7284438610076904,-0.1974772810935974,0.9762195348739624,0.3858683407306671,0.760881245136261,-0.4035320580005646,0.9680544137954712,forward,24.739914375125313,1
963,32.1321,94.20990943908691,,,,,,,,,,,,,,,,,,,,0.44694554805755615,0.572151243686676,-0.0066492194309830666,0.9999536275863647,0.4002276659011841,0.6414644122123718,-0.5089288353919983,0.9808639287948608,0.40409499406814575,0.7284638285636902,-0.20923806726932526,0.9769507646560669,0.3858013153076172,0.7608612775802612,-0.41484805941581726,0.9690213799476624,forward,24.433546146676683,1
964,32.16546666666667,93.33300590515137,,,,,,,,,,,,,,,,,,,,0.4470647871494293,0.5734243392944336,-0.006626590620726347,0.9999552369117737,0.400042325258255,0.6416485905647278,-0.5115389823913574,0.9813778400421143,0.4040968716144562,0.7287520170211792,-0.21803180873394012,0.9772620797157288,0.38587436079978943,0.7608328461647034,-0.4221927225589752,0.969414472579956,forward,24.6017580083876,1
965,32.19883333333333,93.62101554870605,,,,,,,,,,,,,,,,,,,,0.44725367426872253,0.5751780271530151,-0.006951048504561186,0.9999571442604065,0.3995547294616699,0.6419898271560669,-0.5344778299331665,0.9822461605072021,0.404082328081131,0.7290153503417969,-0.2481366991996765,0.9782952070236206,0.38588476181030273,0.7608299255371094,-0.4585944712162018,0.9707387685775757,forward,24.457967471740197,1
966,32.2322,91.70103073120117,,,,,,,,,,,,,,,,,,,,0.4474034905433655,0.5764528512954712,-0.006940432358533144,0.9999585151672363,0.39898061752319336,0.6424151659011841,-0.5322996973991394,0.9827125072479248,0.40403541922569275,0.7290160059928894,-0.2378973513841629,0.9784141778945923,0.38612377643585205,0.7608299255371094,-0.446512907743454,0.9706920385360718,forward,23.89469003337268,1
967,32.265566666666665,92.85116195678711,,,,,,,,,,,,,,,,,,,,0.44740620255470276,0.5770644545555115,-0.006926744244992733,0.99996018409729,0.3984273672103882,0.6428722739219666,-0.5390892028808594,0.9833378195762634,0.4038984477519989,0.7291263937950134,-0.24466021358966827,0.9786850810050964,0.3861423432826996,0.7608445882797241,-0.45848530530929565,0.9708008766174316,forward,23.71165887647756,1
968,32.29893333333333,92.67783164978027,,,,,,,,,,,,,,,,,,,,0.44743892550468445,0.5775691270828247,-0.005745600443333387,0.9999611377716064,0.39785972237586975,0.643836259841919,-0.5319973230361938,0.9837737679481506,0.40371382236480713,0.7291313409805298,-0.22179216146469116,0.9787701368331909,0.3862481713294983,0.7608652114868164,-0.42948299646377563,0.970726728439331,forward,22.91718559553215,1
969,32.332300000000004,92.5910472869873,,,,,,,,,,,,,,,,,,,,0.4472990036010742,0.5777813196182251,-0.007307031191885471,0.9999624490737915,0.39735016226768494,0.6446750164031982,-0.5225415229797363,0.9845691323280334,0.4034942388534546,0.7291068434715271,-0.21844035387039185,0.9796130657196045,0.38668370246887207,0.7609336972236633,-0.4080449342727661,0.9718132615089417,forward,23.285098356163147,1
970,32.36566666666667,92.96393394470215,,,,,,,,,,,,,,,,,,,,0.4472556710243225,0.577571451663971,-0.007831849157810211,0.9999628663063049,0.3970396816730499,0.645072877407074,-0.5166705846786499,0.9847909212112427,0.4034927189350128,0.7290258407592773,-0.19990751147270203,0.979669988155365,0.3868251442909241,0.7609283924102783,-0.3912513852119446,0.9718164205551147,forward,22.796401709086574,1
971,32.399033333333335,94.15912628173828,,,,,,,,,,,,,,,,,,,,0.4472675919532776,0.5773774981498718,-0.008592633530497551,0.9999638199806213,0.3969042897224426,0.645304262638092,-0.5137460827827454,0.9852755069732666,0.4035540223121643,0.729015052318573,-0.19550010561943054,0.9799067974090576,0.3868713974952698,0.7608948349952698,-0.3906235098838806,0.971966564655304,forward,22.79554915557278,1
972,32.4324,93.67108345031738,,,,,,,,,,,,,,,,,,,,0.4473910331726074,0.5770898461341858,-0.008796613663434982,0.999965250492096,0.3969254493713379,0.6452205777168274,-0.5126662254333496,0.9861811995506287,0.40366315841674805,0.7289543151855469,-0.21047714352607727,0.981183648109436,0.38714900612831116,0.7608386874198914,-0.409517377614975,0.9737185835838318,forward,23.561246079991538,1
973,32.46576666666667,94.39992904663086,,,,,,,,,,,,,,,,,,,,0.44744494557380676,0.5769774317741394,-0.00912612583488226,0.999967098236084,0.3969343304634094,0.6451705694198608,-0.5127726793289185,0.9872167110443115,0.403791606426239,0.728841245174408,-0.21358813345432281,0.9826653599739075,0.387456476688385,0.7607619762420654,-0.4125952124595642,0.9757727384567261,forward,23.700099327813636,1
974,32.49913333333333,93.83893013000488,,,,,,,,,,,,,,,,,,,,0.4475182294845581,0.575993537902832,-0.010465465486049652,0.9999690055847168,0.39707979559898376,0.6451354622840881,-0.5168359875679016,0.988186776638031,0.4038465619087219,0.7286418676376343,-0.22107835114002228,0.9840803742408752,0.387777179479599,0.7607212066650391,-0.4237431287765503,0.9777194857597351,forward,23.897068771057988,1
975,32.5325,92.94986724853516,,,,,,,,,,,,,,,,,,,,0.44755661487579346,0.5731121301651001,-0.011364615522325039,0.9999703168869019,0.39769113063812256,0.6447325348854065,-0.5102306604385376,0.9888044595718384,0.40391236543655396,0.7284310460090637,-0.2166244089603424,0.984978437423706,0.38811826705932617,0.7607119083404541,-0.4194501042366028,0.9789421558380127,forward,24.446363542145814,1
976,32.565866666666665,93.14107894897461,,,,,,,,,,,,,,,,,,,,0.44761791825294495,0.5704910755157471,-0.0114971324801445,0.9999717473983765,0.3983527719974518,0.6439253091812134,-0.5098689198493958,0.9894883036613464,0.40396037697792053,0.7283973693847656,-0.22108620405197144,0.9860238432884216,0.38841575384140015,0.7607081532478333,-0.4211699962615967,0.9804067611694336,forward,25.048952499607285,1
977,32.59923333333333,93.57404708862305,,,,,,,,,,,,,,,,,,,,0.4476206600666046,0.5662021040916443,-0.012076878920197487,0.9999722838401794,0.40003421902656555,0.6431313157081604,-0.5086157917976379,0.9897460341453552,0.40418002009391785,0.728454053401947,-0.22003325819969177,0.9866578578948975,0.3885077238082886,0.7606253027915955,-0.41940027475357056,0.981339693069458,forward,25.652873959730293,1
978,32.632600000000004,93.7950611114502,,,,,,,,,,,,,,,,,,,,0.4476228356361389,0.5627298951148987,-0.011819715611636639,0.9999724626541138,0.4009910225868225,0.6424996256828308,-0.46277186274528503,0.9899606704711914,0.40425699949264526,0.7284057140350342,-0.15688197314739227,0.9872301816940308,0.3883175551891327,0.7604483962059021,-0.35194289684295654,0.9821646809577942,forward,26.194848964875348,1
979,32.66596666666667,94.47479248046875,,,,,,,,,,,,,,,,,,,,0.447621613740921,0.5594223141670227,-0.009189890697598457,0.9999732375144958,0.4021609127521515,0.6413524746894836,-0.45175671577453613,0.9902912974357605,0.4042707085609436,0.7283638119697571,-0.15014375746250153,0.9877981543540955,0.3874671161174774,0.7604473233222961,-0.3519554138183594,0.9829911589622498,forward,27.07187413685239,1
980,32.699333333333335,94.22802925109863,,,,,,,,,,,,,,,,,,,,0.44756901264190674,0.5570942759513855,-0.008808528073132038,0.9999727606773376,0.40334352850914,0.6403071880340576,-0.42105624079704285,0.9900695085525513,0.4042128920555115,0.728255569934845,-0.1068083792924881,0.9877426624298096,0.387422651052475,0.7608870267868042,-0.3081713318824768,0.9829156994819641,forward,27.62225064717667,1
981,32.7327,94.04492378234863,,,,,,,,,,,,,,,,,,,,0.44755181670188904,0.5545380711555481,-0.00860557146370411,0.999971866607666,0.40476319193840027,0.6387028098106384,-0.4119628369808197,0.9892705082893372,0.40403082966804504,0.7282184362411499,-0.10931084305047989,0.9868798851966858,0.38747522234916687,0.7610140442848206,-0.3198034465312958,0.9816625118255615,forward,28.85654142452017,1
982,32.76606666666667,93.10317039489746,,,,,,,,,,,,,,,,,,,,0.44755473732948303,0.5515278577804565,-0.008210521191358566,0.9999709129333496,0.4059596657752991,0.6373833417892456,-0.3801502585411072,0.9881014823913574,0.40383270382881165,0.7280966639518738,-0.09877022355794907,0.9858733415603638,0.38762035965919495,0.7610883116722107,-0.3116196393966675,0.9800918102264404,forward,31.514166841768326,1
983,32.79943333333333,93.43290328979492,,,,,,,,,,,,,,,,,,,,0.4474436640739441,0.5489267706871033,-0.005014986731112003,0.9999704360961914,0.4067390561103821,0.6360938549041748,-0.37559762597084045,0.9877418875694275,0.4034433364868164,0.7279297113418579,-0.07537515461444855,0.9856184124946594,0.38760852813720703,0.761125922203064,-0.28229600191116333,0.9796642065048218,forward,30.92709451828103,1
984,32.8328,93.84274482727051,,,,,,,,,,,,,,,,,,,,0.4473121166229248,0.545646607875824,-0.005015967413783073,0.9999688267707825,0.4072161912918091,0.6353635787963867,-0.34200209379196167,0.9870042204856873,0.40310895442962646,0.7279263734817505,-0.055351097136735916,0.9851179718971252,0.38752925395965576,0.761157751083374,-0.258489191532135,0.9790109395980835,forward,33.55127272895705,1
985,32.866166666666665,93.09816360473633,,,,,,,,,,,,,,,,,,,,0.4473029673099518,0.5434114933013916,-0.0042373002506792545,0.9999683499336243,0.4080502390861511,0.6345186829566956,-0.33510127663612366,0.9867737889289856,0.4030100107192993,0.72794508934021,-0.051640842109918594,0.9849642515182495,0.38738885521888733,0.7613294124603271,-0.2467961609363556,0.9788404107093811,forward,34.39827141176912,1
986,32.89953333333333,93.42813491821289,,,,,,,,,,,,,,,,,,,,0.4472503066062927,0.5418301820755005,-0.004526165314018726,0.9999671578407288,0.40896329283714294,0.6335593461990356,-0.3293987512588501,0.9866998195648193,0.4027716815471649,0.7279487252235413,-0.05214138701558113,0.9851376414299011,0.38739684224128723,0.7612816691398621,-0.2541502118110657,0.9791079759597778,forward,35.348873739056096,1
987,32.932900000000004,144.19817924499512,,,,,,,,,,,,,,,,,,,,0.44726890325546265,0.5394837260246277,-0.005007284693419933,0.9999672174453735,0.41025957465171814,0.6327884197235107,-0.2880144417285919,0.9865233898162842,0.4025220572948456,0.7279148697853088,-0.02014373242855072,0.9853824973106384,0.38693761825561523,0.7610988020896912,-0.21432438492774963,0.9794510006904602,forward,38.6927817352529,1
988,32.96626666666667,95.2157974243164,,,,,,,,,,,,,,,,,,,,0.44727733731269836,0.5383837223052979,-0.005072400905191898,0.999966561794281,0.41112667322158813,0.6322728395462036,-0.29843786358833313,0.9863552451133728,0.4025220274925232,0.7278823852539062,-0.03789275884628296,0.9855101108551025,0.3869253993034363,0.7610257863998413,-0.2301565557718277,0.9796804189682007,forward,38.76335418742881,1
989,32.999633333333335,93.82319450378418,,,,,,,,,,,,,,,,,,,,0.44726812839508057,0.5361502170562744,-0.004973819945007563,0.9999662041664124,0.4116775691509247,0.6318690180778503,-0.27094921469688416,0.9859693050384521,0.4025310277938843,0.7279377579689026,-0.025211794301867485,0.9855417013168335,0.3863014578819275,0.760959804058075,-0.21570859849452972,0.9797377586364746,forward,42.06640775760779,1
990,33.033,93.25599670410156,,,,,,,,,,,,,,,,,,,,0.44726961851119995,0.5348240733146667,-0.00501467427238822,0.9999664425849915,0.4119318425655365,0.6317220330238342,-0.16806074976921082,0.9853417277336121,0.4025237560272217,0.7279070615768433,0.07150712609291077,0.9857813715934753,0.3854121267795563,0.7609597444534302,-0.12319029122591019,0.9799497723579407,forward,53.83875257701633,1
991,33.06636666666667,93.08314323425293,,,,,,,,,,,,,,,,,,,,0.4472419321537018,0.5337068438529968,-0.0018821944249793887,0.999967098236084,0.41237330436706543,0.6319114565849304,-0.08225236088037491,0.9849118590354919,0.4025757908821106,0.7279129028320312,0.14523138105869293,0.9863119125366211,0.38378670811653137,0.7608001828193665,-0.04294846951961517,0.9805921316146851,forward,74.82345159819303,1
992,33.09973333333333,93.90592575073242,,,,,,,,,,,,,,,,,,,,0.4472408890724182,0.5341956615447998,-0.002080095699056983,0.9999668598175049,0.41303667426109314,0.6316819787025452,-0.09003952890634537,0.9838918447494507,0.4025932848453522,0.7278755903244019,0.13871034979820251,0.9864029884338379,0.3835122287273407,0.7605785131454468,-0.044931210577487946,0.9806073904037476,forward,72.05011743355493,1
993,33.1331,94.1619873046875,,,,,,,,,,,,,,,,,,,,0.4472405016422272,0.53453129529953,-0.001993512501940131,0.9999658465385437,0.4134472608566284,0.6317110061645508,-0.025198321789503098,0.9826148748397827,0.40259429812431335,0.7278043031692505,0.2004728764295578,0.9862934350967407,0.38355016708374023,0.7604914903640747,0.026421910151839256,0.9802752137184143,forward,99.93652990078746,1
994,33.166466666666665,92.41986274719238,,,,,,,,,,,,,,,,,,,,0.4472295641899109,0.5343914031982422,-0.0016864825738593936,0.999965250492096,0.413819283246994,0.6317662596702576,0.006067601032555103,0.9819525480270386,0.40263277292251587,0.7277702689170837,0.2470867931842804,0.9866079688072205,0.38358041644096375,0.7604483366012573,0.05930022522807121,0.980547308921814,forward,115.6173849448005,1
995,33.19983333333333,144.10924911499023,,,,,,,,,,,,,,,,,,,,0.446926087141037,0.5341561436653137,-0.001693999976851046,0.9999639391899109,0.4152788817882538,0.6317073702812195,0.036667197942733765,0.9812448620796204,0.4026789665222168,0.7276877164840698,0.2858165204524994,0.9869126677513123,0.38369742035865784,0.7603493332862854,0.0936906710267067,0.9807650446891785,forward,131.30704599555685,1
996,33.233200000000004,94.81596946716309,,,,,,,,,,,,,,,,,,,,0.4467954635620117,0.5339283347129822,-0.0016882127383723855,0.9999615550041199,0.4169040024280548,0.63135826587677,0.02811179682612419,0.9794601202011108,0.40267160534858704,0.7276642918586731,0.24255408346652985,0.9865400791168213,0.384407103061676,0.7602011561393738,0.06584946066141129,0.9800370335578918,forward,130.37612555663597,1
997,33.26656666666667,94.34819221496582,,,,,,,,,,,,,,,,,,,,0.4465843737125397,0.5340899229049683,-0.0017577288672327995,0.9999602437019348,0.4179403483867645,0.6314020752906799,0.05552622303366661,0.9791384339332581,0.4025961458683014,0.7275879383087158,0.3168412446975708,0.9868581891059875,0.3844199478626251,0.7600497007369995,0.13302727043628693,0.9802549481391907,forward,139.6749838962458,1
998,33.299933333333335,93.23692321777344,,,,,,,,,,,,,,,,,,,,0.44649261236190796,0.5338480472564697,-0.0006358443642966449,0.9999593496322632,0.41887593269348145,0.6313369870185852,0.05459343269467354,0.9784320592880249,0.4024260938167572,0.7275680899620056,0.29930853843688965,0.9869534969329834,0.38442176580429077,0.7598593235015869,0.1171116754412651,0.9801955223083496,forward,140.1766177978943,1
999,33.3333,93.69707107543945,,,,,,,,,,,,,,,,,,,,0.44648951292037964,0.5333572030067444,-0.0006990524125285447,0.9999582171440125,0.4193342626094818,0.6311458945274353,0.056005481630563736,0.9782956838607788,0.40240615606307983,0.7275102734565735,0.3111402988433838,0.9873058199882507,0.3843567669391632,0.7596719264984131,0.1258382648229599,0.9804940223693848,forward,140.04298343773814,1
1000,33.36666666666667,93.11890602111816,,,,,,,,,,,,,,,,,,,,0.44648662209510803,0.5326679944992065,-0.0005130036734044552,0.9999568462371826,0.419484406709671,0.6309471130371094,0.044351860880851746,0.9771051406860352,0.4024093449115753,0.7275063991546631,0.2703986167907715,0.9872161746025085,0.38436588644981384,0.7595946192741394,0.08774042874574661,0.9801138043403625,forward,137.07666357692042,1
1001,33.40003333333333,92.72193908691406,,,,,,,,,,,,,,,,,,,,0.44648507237434387,0.532018780708313,-4.010566772194579e-05,0.9999560117721558,0.419712096452713,0.6307157278060913,0.037915267050266266,0.9764310717582703,0.4024188220500946,0.7275233864784241,0.2542249858379364,0.9872738718986511,0.38437867164611816,0.7595499157905579,0.07183416187763214,0.979979932308197,forward,134.68884107655245,1
1002,33.4334,94.17009353637695,,,,,,,,,,,,,,,,,,,,0.4464348256587982,0.5317774415016174,0.003743761219084263,0.9999558925628662,0.419764906167984,0.6306202411651611,0.03481840342283249,0.9758656024932861,0.4024433195590973,0.7275316119194031,0.23941627144813538,0.987334668636322,0.384361207485199,0.7595283389091492,0.061142001301050186,0.9800278544425964,forward,132.45916887812845,1
1003,33.466766666666665,93.72210502624512,,,,,,,,,,,,,,,,,,,,0.4464283287525177,0.5312060713768005,0.004392406437546015,0.999955415725708,0.4197852611541748,0.630524218082428,0.02703791670501232,0.9751227498054504,0.4024657607078552,0.7275373339653015,0.22148582339286804,0.9872493147850037,0.3842669129371643,0.7595259547233582,0.056306563317775726,0.9798563718795776,forward,129.17662487746912,1
1004,33.50013333333333,93.87898445129395,,,,,,,,,,,,,,,,,,,,0.44641590118408203,0.5312628149986267,0.0042151496745646,0.9999548196792603,0.4197852909564972,0.630530595779419,0.030606810003519058,0.9747517108917236,0.40245646238327026,0.7275263071060181,0.23104383051395416,0.9872679710388184,0.3841812014579773,0.7594050168991089,0.0679873675107956,0.9797930717468262,forward,130.46230521800993,1
1005,33.533500000000004,94.46907043457031,,,,,,,,,,,,,,,,,,,,0.44646167755126953,0.5311221480369568,0.004123865161091089,0.9999542236328125,0.41979315876960754,0.6305336356163025,0.026336390525102615,0.9742873311042786,0.40243038535118103,0.7275110483169556,0.23052407801151276,0.987108051776886,0.38403305411338806,0.759369432926178,0.06644796580076218,0.9794564843177795,forward,127.82413233398884,1
1006,33.56686666666667,93.51968765258789,,,,,,,,,,,,,,,,,,,,0.4465148150920868,0.5310799479484558,0.004045628942549229,0.9999536871910095,0.41977864503860474,0.6305752396583557,0.026889396831393242,0.9733448624610901,0.4023831784725189,0.7274981737136841,0.23085297644138336,0.9867566823959351,0.3838043212890625,0.7593479156494141,0.06654553860425949,0.9788611531257629,forward,128.16117843526493,1
1007,33.600233333333335,93.64008903503418,,,,,,,,,,,,,,,,,,,,0.4465351104736328,0.5310329794883728,0.0030293981544673443,0.99995356798172,0.41988566517829895,0.6306317448616028,0.0268416665494442,0.9726334810256958,0.40231573581695557,0.7274913191795349,0.24803461134433746,0.9864701628684998,0.38378632068634033,0.7593510746955872,0.08045759797096252,0.978373646736145,forward,126.90051186190911,1
1008,33.6336,93.5678482055664,,,,,,,,,,,,,,,,,,,,0.44656091928482056,0.5310642719268799,0.002003439236432314,0.9999536275863647,0.4199809432029724,0.6311337947845459,0.026640336960554123,0.9726296663284302,0.4022485017776489,0.7274968028068542,0.27029192447662354,0.9863446354866028,0.38376256823539734,0.7594118118286133,0.10057669878005981,0.9781310558319092,forward,125.21456201806122,1
1009,33.66696666666667,94.47288513183594,,,,,,,,,,,,,,,,,,,,0.4466068148612976,0.5310508608818054,0.0018884817836806178,0.9999536275863647,0.42005622386932373,0.6314433813095093,0.02503514103591442,0.9717720746994019,0.4021741449832916,0.7275142073631287,0.2596345543861389,0.9858274459838867,0.38367870450019836,0.7594815492630005,0.09042911976575851,0.977308988571167,forward,125.10658592071341,1
1010,33.70033333333333,94.30384635925293,,,,,,,,,,,,,,,,,,,,0.446578711271286,0.5310676097869873,0.0017948291497305036,0.9999537467956543,0.4201293885707855,0.6317404508590698,0.025651851668953896,0.9714531302452087,0.40213876962661743,0.7275136113166809,0.2591772675514221,0.9855802655220032,0.3836769163608551,0.7595930099487305,0.0928679034113884,0.9769022464752197,forward,125.49244511303516,1
1011,33.7337,92.80586242675781,,,,,,,,,,,,,,,,,,,,0.446564644575119,0.5310682058334351,0.0017873673932626843,0.9999540448188782,0.42013636231422424,0.6321427226066589,0.026538260281085968,0.9714524149894714,0.40213197469711304,0.7275113463401794,0.262899249792099,0.9854875802993774,0.3836981952190399,0.7597244381904602,0.09676757454872131,0.9767606854438782,forward,125.58986293641071,1
1012,33.767066666666665,93.82009506225586,,,,,,,,,,,,,,,,,,,,0.4465143084526062,0.5310792326927185,0.001799683552235365,0.999954104423523,0.42013588547706604,0.6324020624160767,0.027086200192570686,0.971433162689209,0.4021245837211609,0.7275122404098511,0.2592615485191345,0.9853742122650146,0.38371503353118896,0.7597793936729431,0.09350039809942245,0.9765892028808594,forward,126.14983729757003,1
1013,33.80043333333333,92.59700775146484,,,,,,,,,,,,,,,,,,,,0.44648289680480957,0.5310858488082886,0.0021433150395751,0.999954342842102,0.4201347529888153,0.6325701475143433,0.028011197224259377,0.9717118144035339,0.4021211266517639,0.7275075316429138,0.2685413062572479,0.9854561686515808,0.3837333917617798,0.7598031759262085,0.09969010949134827,0.9767101407051086,forward,125.68998415913961,1
1014,33.833800000000004,94.76709365844727,,,,,,,,,,,,,,,,,,,,0.4464261829853058,0.5310617685317993,0.0027915521059185266,0.9999545216560364,0.42013120651245117,0.6326879858970642,0.03161916136741638,0.9719066023826599,0.4021230936050415,0.7275057435035706,0.2710036039352417,0.9855713248252869,0.38373425602912903,0.7598196268081665,0.10120490193367004,0.9768487811088562,forward,127.25812364492927,1
1015,33.86716666666667,93.53518486022949,,,,,,,,,,,,,,,,,,,,0.4464166462421417,0.5310646891593933,0.004102841950953007,0.9999544620513916,0.4202467203140259,0.6327819228172302,0.0322880744934082,0.9717577695846558,0.4021228551864624,0.7275132536888123,0.26856154203414917,0.9855623245239258,0.3837239146232605,0.7598206400871277,0.10060577839612961,0.9768575429916382,forward,127.17576507901256,1
1016,33.900533333333335,93.51897239685059,,,,,,,,,,,,,,,,,,,,0.4464337229728699,0.5310657024383545,0.005585376173257828,0.9999545216560364,0.4203248918056488,0.6328432559967041,0.03181032836437225,0.9714625477790833,0.4021209478378296,0.7275132536888123,0.2559431493282318,0.9855285286903381,0.3836851119995117,0.7598217725753784,0.0890122577548027,0.9769014120101929,forward,127.23601627466445,1
1017,33.9339,93.12605857849121,,,,,,,,,,,,,,,,,,,,0.4464835524559021,0.5310382843017578,0.005838387180119753,0.9999544620513916,0.42041176557540894,0.6328586935997009,0.02793017588555813,0.9711179137229919,0.40212109684944153,0.7275161743164062,0.24258142709732056,0.9853401184082031,0.38360396027565,0.7598278522491455,0.0758819654583931,0.9767123460769653,forward,126.0060305939655,1
1018,33.96726666666667,93.13368797302246,,,,,,,,,,,,,,,,,,,,0.44662076234817505,0.5309672951698303,0.005885923281311989,0.9999542236328125,0.42046770453453064,0.6328557729721069,0.026851603761315346,0.9704602956771851,0.4021380841732025,0.7275159955024719,0.23122651875019073,0.9850399494171143,0.3836028277873993,0.7598284482955933,0.06465750187635422,0.9763687252998352,forward,126.4749102095645,1
1019,34.00063333333333,94.84410285949707,,,,,,,,,,,,,,,,,,,,0.44670748710632324,0.5309630036354065,0.005717105232179165,0.999954104423523,0.4205145835876465,0.6328226327896118,0.02681627869606018,0.969618558883667,0.4021645486354828,0.7275165319442749,0.22957919538021088,0.9847674369812012,0.38352832198143005,0.7598329782485962,0.06322632730007172,0.9759729504585266,forward,126.72969177205579,1
1020,34.034,95.03579139709473,,,,,,,,,,,,,,,,,,,,0.44672998785972595,0.5310012698173523,0.006089459639042616,0.9999538064002991,0.420640766620636,0.6327916383743286,0.030286230146884918,0.9686728119850159,0.4021827280521393,0.7275158166885376,0.23218339681625366,0.9845495820045471,0.3834565579891205,0.7598372101783752,0.06578736752271652,0.975683331489563,forward,128.4624048614743,1
1021,34.067366666666665,94.32601928710938,,,,,,,,,,,,,,,,,,,,0.446697860956192,0.5310755372047424,0.006695984397083521,0.9999532103538513,0.42075109481811523,0.6327112913131714,0.027458684518933296,0.9671083688735962,0.402206152677536,0.7275109887123108,0.20108045637607574,0.9838850498199463,0.38342875242233276,0.7598406672477722,0.047481968998909,0.9747567772865295,forward,130.2284542058521,1
1022,34.10073333333333,93.07289123535156,,,,,,,,,,,,,,,,,,,,0.4467012584209442,0.5310991406440735,0.008055857382714748,0.9999529719352722,0.42082688212394714,0.6324596405029297,0.02635878324508667,0.9671461582183838,0.4022064507007599,0.7275081872940063,0.19892814755439758,0.9839900135993958,0.38335785269737244,0.7598415613174438,0.04186857491731644,0.974958598613739,forward,129.17080034082073,1
1023,34.134100000000004,93.86110305786133,,,,,,,,,,,,,,,,,,,,0.44672003388404846,0.531152606010437,0.008668175898492336,0.9999529123306274,0.42089271545410156,0.6324077248573303,0.02394300326704979,0.9676534533500671,0.4022119343280792,0.7275142073631287,0.20472925901412964,0.984303891658783,0.3833066523075104,0.7598744034767151,0.04257471114397049,0.975435733795166,forward,126.46124544306937,1
1024,34.16746666666667,94.0091609954834,,,,,,,,,,,,,,,,,,,,0.44679880142211914,0.5312104821205139,0.008978825062513351,0.9999524354934692,0.42099031805992126,0.632292628288269,0.01438200380653143,0.9686328172683716,0.40221866965293884,0.7275227904319763,0.1932932436466217,0.9847129583358765,0.38328254222869873,0.7599361538887024,0.02941104769706726,0.9760792851448059,forward,121.39647519528862,1
1025,34.200833333333335,93.58811378479004,,,,,,,,,,,,,,,,,,,,0.44682008028030396,0.5313462018966675,0.00902925431728363,0.9999514818191528,0.42099642753601074,0.6323449015617371,0.006465335842221975,0.9700847268104553,0.4022226333618164,0.7275485396385193,0.19553746283054352,0.9853554368019104,0.383242666721344,0.7600293755531311,0.027706105262041092,0.9770061373710632,forward,115.71437281916276,1
1026,34.2342,93.43433380126953,,,,,,,,,,,,,,,,,,,,0.44686251878738403,0.53204745054245,0.008595364168286324,0.9999483823776245,0.4210022985935211,0.6325035095214844,-0.002538180211558938,0.9713519215583801,0.40222659707069397,0.7276189923286438,0.19900816679000854,0.9859039783477783,0.3832891881465912,0.7600878477096558,0.02619607374072075,0.9777749180793762,forward,109.52040482588187,1
1027,34.26756666666667,93.49203109741211,,,,,,,,,,,,,,,,,,,,0.4469701647758484,0.5332881808280945,0.007595798000693321,0.9999455809593201,0.4208555221557617,0.6329616904258728,-0.0055739134550094604,0.9727966785430908,0.40222540497779846,0.7276719212532043,0.2096683531999588,0.9864951968193054,0.383295476436615,0.7601796388626099,0.027450012043118477,0.9785608649253845,forward,106.82335712189936,1
1028,34.30093333333333,93.85919570922852,,,,,,,,,,,,,,,,,,,,0.44720345735549927,0.5341816544532776,0.0075538670644164085,0.9999414086341858,0.420388400554657,0.6337682008743286,-0.006937205791473389,0.9741860032081604,0.40219807624816895,0.7277507185935974,0.21953409910202026,0.9870879650115967,0.38330432772636414,0.7602226138114929,0.029995480552315712,0.9793800115585327,forward,104.85609292862657,1
1029,34.3343,93.92619132995605,,,,,,,,,,,,,,,,,,,,0.4475102126598358,0.5348286032676697,0.007327689789235592,0.9999353885650635,0.4198248088359833,0.6342445611953735,-0.010723958723247051,0.975459098815918,0.40215638279914856,0.7277564406394958,0.21968108415603638,0.9875873327255249,0.3833026885986328,0.7602255940437317,0.033428292721509933,0.9800653457641602,forward,102.44131012300166,1
1030,34.367666666666665,91.99285507202148,,,,,,,,,,,,,,,,,,,,0.44813141226768494,0.5358863472938538,0.004221112933009863,0.9999266266822815,0.418667197227478,0.6345487833023071,-0.023783115670084953,0.9761716723442078,0.40205132961273193,0.7277547717094421,0.20071493089199066,0.987735390663147,0.3833023011684418,0.7602250576019287,0.021929683163762093,0.9801924824714661,forward,97.51126711354942,1
1031,34.40103333333333,93.51921081542969,,,,,,,,,,,,,,,,,,,,0.4484119117259979,0.5371993184089661,0.0033001736737787724,0.9999181032180786,0.4167846739292145,0.6354661583900452,-0.037908218801021576,0.9770594239234924,0.402050644159317,0.7275471091270447,0.20285971462726593,0.9878677129745483,0.38321277499198914,0.7602062821388245,0.026273805648088455,0.9803051352500916,forward,89.18710615013758,1
1032,34.434400000000004,92.01478958129883,,,,,,,,,,,,,,,,,,,,0.4487510323524475,0.5383272171020508,0.002679299097508192,0.9999127984046936,0.4154193103313446,0.6359827518463135,-0.05891869589686394,0.9780781865119934,0.4020453989505768,0.727483332157135,0.1960180550813675,0.9880472421646118,0.38321176171302795,0.7603141069412231,0.020330674946308136,0.9805026054382324,forward,78.81405435459689,1
1033,34.46776666666667,92.35310554504395,,,,,,,,,,,,,,,,,,,,0.4488249123096466,0.5395362377166748,0.0012881469447165728,0.9999068379402161,0.41423043608665466,0.6363669633865356,-0.09019994735717773,0.9786482453346252,0.40206897258758545,0.7275219559669495,0.12813860177993774,0.9879868626594543,0.38311636447906494,0.7603806257247925,-0.038778968155384064,0.9803083539009094,forward,70.79158077827765,1
1034,34.501133333333335,93.78504753112793,,,,,,,,,,,,,,,,,,,,0.4488380551338196,0.5413020253181458,0.001362201408483088,0.9999021887779236,0.4127042889595032,0.6367998719215393,-0.11733948439359665,0.97892165184021,0.4023069739341736,0.7275852560997009,0.11159715056419373,0.9874942302703857,0.3831130564212799,0.7603813409805298,-0.055844951421022415,0.9793955087661743,forward,61.982944558448715,1
1035,34.5345,93.33014488220215,,,,,,,,,,,,,,,,,,,,0.4488416314125061,0.54274582862854,0.0008740904158912599,0.9998960494995117,0.41218045353889465,0.6368332505226135,-0.15596222877502441,0.9778040051460266,0.40250688791275024,0.7276081442832947,0.06078025698661804,0.9860997796058655,0.3833254277706146,0.7605506777763367,-0.11808046698570251,0.9772530794143677,forward,55.10292844115086,1
1036,34.56786666666667,94.28286552429199,,,,,,,,,,,,,,,,,,,,0.4488583207130432,0.544874370098114,0.0007785526104271412,0.9998936057090759,0.4121146500110626,0.637202262878418,-0.19874441623687744,0.9782107472419739,0.4025881886482239,0.7276407480239868,0.058780234307050705,0.9857156276702881,0.3832397162914276,0.7608830332756042,-0.13095572590827942,0.9765785932540894,forward,45.48203235999231,1
1037,34.60123333333333,93.04499626159668,,,,,,,,,,,,,,,,,,,,0.44885993003845215,0.5466171503067017,0.0008069257019087672,0.9998880624771118,0.41196104884147644,0.6371725797653198,-0.2606539726257324,0.9780828356742859,0.40276050567626953,0.7278066873550415,-0.010988825000822544,0.9847800135612488,0.3836866319179535,0.7609320878982544,-0.2067526876926422,0.975214958190918,forward,40.12083358784947,1
1038,34.6346,92.33617782592773,,,,,,,,,,,,,,,,,,,,0.4487159848213196,0.5481206774711609,-0.0004817994777113199,0.9998794794082642,0.41166824102401733,0.6371510624885559,-0.3154338300228119,0.9778909087181091,0.4027588963508606,0.7280796766281128,-0.06323890388011932,0.9832738041877747,0.38562336564064026,0.7609410881996155,-0.2626989185810089,0.9731698036193848,forward,36.520264817780024,1
1039,34.667966666666665,93.59121322631836,,,,,,,,,,,,,,,,,,,,0.44876307249069214,0.5501196384429932,-0.000527933007106185,0.9998724460601807,0.41095924377441406,0.637320876121521,-0.299805611371994,0.9767066836357117,0.4028548002243042,0.7284552454948425,-0.05567597597837448,0.9805280566215515,0.38613614439964294,0.7609519958496094,-0.2505139708518982,0.9694041013717651,forward,37.65936128334943,1
1040,34.70133333333333,93.28222274780273,,,,,,,,,,,,,,,,,,,,0.44874581694602966,0.5526072978973389,-0.0014414151664823294,0.9998658299446106,0.4096640348434448,0.637904703617096,-0.34100329875946045,0.9763020277023315,0.40288132429122925,0.7285662889480591,-0.08596043288707733,0.9783448576927185,0.38656336069107056,0.7609012722969055,-0.28512415289878845,0.9665454030036926,forward,34.505730546486426,1
1041,34.734700000000004,94.70629692077637,,,,,,,,,,,,,,,,,,,,0.44872498512268066,0.5549800992012024,-0.0019322419539093971,0.9998619556427002,0.40843847393989563,0.6392104029655457,-0.33245518803596497,0.9757590293884277,0.4028841555118561,0.7285582423210144,-0.05511528253555298,0.9756363034248352,0.38729384541511536,0.7608965039253235,-0.2429092973470688,0.9630036950111389,forward,33.029490223207944,1
1042,34.76806666666667,93.77193450927734,,,,,,,,,,,,,,,,,,,,0.448653906583786,0.5561527013778687,-0.002313887234777212,0.9998591542243958,0.4077853262424469,0.6396227478981018,-0.3561795949935913,0.9761964082717896,0.40302470326423645,0.7285677194595337,-0.07802417129278183,0.974981963634491,0.38725924491882324,0.7608899474143982,-0.2734491229057312,0.9623416662216187,forward,31.80736837751775,1
1043,34.801433333333335,94.30098533630371,,,,,,,,,,,,,,,,,,,,0.44866469502449036,0.5573845505714417,-0.002435666508972645,0.999851644039154,0.4069174528121948,0.6400691866874695,-0.3577081859111786,0.975321352481842,0.40301674604415894,0.7284436821937561,-0.0713689997792244,0.9724999666213989,0.3872307240962982,0.7608867287635803,-0.26281648874282837,0.9594353437423706,forward,31.05766743643932,1
1044,34.8348,93.46699714660645,,,,,,,,,,,,,,,,,,,,0.44861361384391785,0.5587489604949951,-0.0024807134177535772,0.9998493790626526,0.40553906559944153,0.6403406262397766,-0.37020382285118103,0.9754136204719543,0.40298062562942505,0.7283785939216614,-0.07999292761087418,0.9713461995124817,0.3872210681438446,0.7608547210693359,-0.27061426639556885,0.9584910869598389,forward,30.1512083624251,1
1045,34.86816666666667,93.08385848999023,,,,,,,,,,,,,,,,,,,,0.4485875368118286,0.5601012706756592,-0.002502639312297106,0.999843955039978,0.40387752652168274,0.6406925916671753,-0.37398287653923035,0.9740670919418335,0.4029768705368042,0.7283719778060913,-0.08721091598272324,0.9682374000549316,0.38703393936157227,0.7608185410499573,-0.27877357602119446,0.9552443027496338,forward,29.975160756149595,1
1046,34.90153333333333,93.08600425720215,,,,,,,,,,,,,,,,,,,,0.4485144317150116,0.5617936253547668,-0.0024953889660537243,0.99983811378479,0.40319204330444336,0.641051709651947,-0.3782709240913391,0.9728195071220398,0.40298593044281006,0.7283748388290405,-0.0960836410522461,0.9655598402023315,0.38696637749671936,0.7608144283294678,-0.2889821231365204,0.9523590803146362,forward,29.815959725354595,1
1047,34.9349,92.58604049682617,,,,,,,,,,,,,,,,,,,,0.44848793745040894,0.5628859996795654,-0.0028591533191502094,0.9998321533203125,0.40219637751579285,0.6418470144271851,-0.3903440535068512,0.9724433422088623,0.40306827425956726,0.7283679842948914,-0.08298138529062271,0.964411735534668,0.3864104151725769,0.76092129945755,-0.26913031935691833,0.9514382481575012,forward,27.946594524586892,1
1048,34.968266666666665,93.66488456726074,,,,,,,,,,,,,,,,,,,,0.4485667049884796,0.5651106238365173,-0.0030662892386317253,0.9998271465301514,0.40129968523979187,0.642324686050415,-0.3928481638431549,0.972633957862854,0.40318232774734497,0.7283117175102234,-0.07810372114181519,0.9638551473617554,0.3863788843154907,0.7609732747077942,-0.26402661204338074,0.9511030912399292,forward,27.19565739554623,1
1049,35.00163333333333,93.85204315185547,,,,,,,,,,,,,,,,,,,,0.44860538840293884,0.5675634741783142,-0.00253549637272954,0.9998219013214111,0.4000585675239563,0.6429527401924133,-0.4023842513561249,0.9723077416419983,0.4035823345184326,0.7284113168716431,-0.10604967176914215,0.9626979231834412,0.38606974482536316,0.761012613773346,-0.2964516580104828,0.9500437378883362,forward,27.39261549401629,1
1050,35.035000000000004,93.35708618164062,,,,,,,,,,,,,,,,,,,,0.44858428835868835,0.5693500638008118,-0.002605871530249715,0.99981689453125,0.39958247542381287,0.6434104442596436,-0.42437639832496643,0.9718050956726074,0.40383318066596985,0.7287099957466125,-0.13826552033424377,0.9614201784133911,0.3858889937400818,0.7610137462615967,-0.33169418573379517,0.9488500952720642,forward,27.10254432123967,1
1051,35.06836666666667,92.35000610351562,,,,,,,,,,,,,,,,,,,,0.44855359196662903,0.5708935260772705,-0.0037194048054516315,0.9998117089271545,0.39890122413635254,0.6436475515365601,-0.43903931975364685,0.9711192846298218,0.4040582478046417,0.7288559675216675,-0.16337056457996368,0.9598194360733032,0.38587215542793274,0.7610604166984558,-0.359622597694397,0.9472419023513794,forward,27.138613929932227,1
1052,35.101733333333335,91.83311462402344,,,,,,,,,,,,,,,,,,,,0.4485483467578888,0.5729373693466187,-0.005760262720286846,0.999809205532074,0.39820417761802673,0.6438924670219421,-0.45867371559143066,0.9709879159927368,0.4040680229663849,0.7289769649505615,-0.18076393008232117,0.9590219855308533,0.3855743706226349,0.7610609531402588,-0.375338613986969,0.9465184211730957,forward,26.36239855941339,1
1053,35.1351,91.92919731140137,,,,,,,,,,,,,,,,,,,,0.4485110342502594,0.5743805766105652,-0.006947155576199293,0.9998080730438232,0.3975602686405182,0.6443455815315247,-0.45605942606925964,0.9704779982566833,0.4041520953178406,0.7291649580001831,-0.18171530961990356,0.9578691720962524,0.38549280166625977,0.7610962390899658,-0.374094158411026,0.945270836353302,forward,26.458587909568166,1
1054,35.16846666666667,93.40381622314453,,,,,,,,,,,,,,,,,,,,0.44844451546669006,0.5757962465286255,-0.007138223387300968,0.9998072981834412,0.39668115973472595,0.6448794603347778,-0.46132439374923706,0.970349907875061,0.40413156151771545,0.7292152643203735,-0.18540191650390625,0.9570032358169556,0.3854275941848755,0.761093020439148,-0.3780113756656647,0.944392740726471,forward,26.048737180838625,1
1055,35.20183333333333,93.59288215637207,,,,,,,,,,,,,,,,,,,,0.4483722746372223,0.5769170522689819,-0.008231762796640396,0.9998084306716919,0.3954688608646393,0.6454272866249084,-0.4628652036190033,0.970350980758667,0.4039803743362427,0.7292807102203369,-0.18863323330879211,0.9565219879150391,0.385463684797287,0.7611062526702881,-0.37984779477119446,0.9436196088790894,forward,25.95633875585792,1
1056,35.2352,92.83995628356934,,,,,,,,,,,,,,,,,,,,0.4483100473880768,0.5781293511390686,-0.008577916771173477,0.9998120069503784,0.39500436186790466,0.6454395651817322,-0.48080065846443176,0.9712281823158264,0.4039241373538971,0.7294530272483826,-0.2028585523366928,0.9575321078300476,0.3854561746120453,0.7613657116889954,-0.39662808179855347,0.9447135329246521,forward,25.285138853326977,1
1057,35.268566666666665,93.50895881652832,,,,,,,,,,,,,,,,,,,,0.4482429027557373,0.5786600708961487,-0.00996412243694067,0.9998149275779724,0.394455224275589,0.6456550359725952,-0.49267905950546265,0.9720595479011536,0.40372326970100403,0.7294970750808716,-0.21379047632217407,0.9586806297302246,0.3856953978538513,0.761401891708374,-0.4145328998565674,0.9459089040756226,forward,24.96898177452988,1
1058,35.30193333333333,93.61386299133301,,,,,,,,,,,,,,,,,,,,0.4480724036693573,0.5788584351539612,-0.010523342527449131,0.999818742275238,0.3941541314125061,0.6459898352622986,-0.4867822825908661,0.972768247127533,0.40352925658226013,0.7296313643455505,-0.2098662257194519,0.9594128727912903,0.385917603969574,0.7614423632621765,-0.41203370690345764,0.9466063380241394,forward,25.17091276080949,1
1059,35.335300000000004,93.03808212280273,,,,,,,,,,,,,,,,,,,,0.4479425549507141,0.5794420838356018,-0.011099133640527725,0.9998191595077515,0.39405736327171326,0.6465117931365967,-0.48020946979522705,0.9737427830696106,0.40346986055374146,0.7296318411827087,-0.19512531161308289,0.9602996706962585,0.3860549032688141,0.7614432573318481,-0.39421626925468445,0.94728022813797,forward,24.764115706514854,1
1060,35.36866666666667,93.17970275878906,,,,,,,,,,,,,,,,,,,,0.4478225111961365,0.5793894529342651,-0.010989788919687271,0.9998190402984619,0.3938128352165222,0.6471509337425232,-0.4724092483520508,0.9742770195007324,0.40345245599746704,0.72963547706604,-0.17340798676013947,0.9605072736740112,0.3860509991645813,0.7614477872848511,-0.3610287308692932,0.9470922350883484,forward,24.191357959050265,1
1061,35.402033333333335,92.9410457611084,,,,,,,,,,,,,,,,,,,,0.4477674067020416,0.5793269872665405,-0.010378671810030937,0.9998155236244202,0.3938567638397217,0.647504448890686,-0.4630815088748932,0.9742898941040039,0.40344640612602234,0.729593813419342,-0.15068118274211884,0.9599594473838806,0.38609007000923157,0.7614715099334717,-0.3347717523574829,0.9455873370170593,forward,23.75158116290416,1
1062,35.4354,93.42527389526367,,,,,,,,,,,,,,,,,,,,0.44767603278160095,0.5791685581207275,-0.010197375901043415,0.9998145699501038,0.3938876688480377,0.6478346586227417,-0.46092215180397034,0.9743199348449707,0.4034113585948944,0.7293981313705444,-0.15070493519306183,0.9596221446990967,0.386184960603714,0.7614867091178894,-0.3372664153575897,0.9444308280944824,forward,23.857215217753687,1
1063,35.46876666666667,93.30105781555176,,,,,,,,,,,,,,,,,,,,0.44769802689552307,0.5789301991462708,-0.010136664845049381,0.9998142719268799,0.3939076066017151,0.6478418111801147,-0.46063539385795593,0.974519670009613,0.40338248014450073,0.7292778491973877,-0.15206082165241241,0.9596027135848999,0.3862587809562683,0.7614882588386536,-0.3401297628879547,0.9440109133720398,forward,23.943240959864585,1
1064,35.50213333333333,92.62371063232422,,,,,,,,,,,,,,,,,,,,0.44770437479019165,0.5788532495498657,-0.00966201163828373,0.999816358089447,0.3940199017524719,0.6478282809257507,-0.45775386691093445,0.9747310876846313,0.4033799171447754,0.7291972637176514,-0.15397247672080994,0.9598740339279175,0.3863489031791687,0.7614876627922058,-0.3409479856491089,0.943877100944519,forward,24.204694143443323,1
1065,35.5355,92.31996536254883,,,,,,,,,,,,,,,,,,,,0.4478822350502014,0.5783094763755798,-0.009594759903848171,0.9998183250427246,0.3942480683326721,0.6477965116500854,-0.4553653597831726,0.9747251868247986,0.4033905565738678,0.7291667461395264,-0.15526960790157318,0.9596045017242432,0.3863835334777832,0.7614887952804565,-0.3438047468662262,0.9433385133743286,forward,24.492190780419484,1
1066,35.568866666666665,92.20194816589355,,,,,,,,,,,,,,,,,,,,0.4481412172317505,0.5771649479866028,-0.009566284716129303,0.9998239278793335,0.3945963978767395,0.6477806568145752,-0.45062190294265747,0.9758242964744568,0.40348705649375916,0.7290410399436951,-0.15496127307415009,0.9608554244041443,0.38650619983673096,0.761488139629364,-0.3443688750267029,0.9448553919792175,forward,24.930396986075152,1
1067,35.60223333333333,93.49513053894043,,,,,,,,,,,,,,,,,,,,0.4483368992805481,0.5748969316482544,-0.009552521631121635,0.9998301863670349,0.3955237567424774,0.6469316482543945,-0.4589191675186157,0.9770007729530334,0.40381428599357605,0.7287614941596985,-0.15809759497642517,0.9620567560195923,0.38673901557922363,0.7614865899085999,-0.3510332405567169,0.9464111328125,forward,24.783762063833464,1
1068,35.635600000000004,94.17891502380371,,,,,,,,,,,,,,,,,,,,0.44833654165267944,0.5715753436088562,-0.009544053114950657,0.9998367428779602,0.3970608115196228,0.6457250714302063,-0.4580858647823334,0.9780820608139038,0.4039965569972992,0.7285923361778259,-0.1583055704832077,0.9633358716964722,0.3871471583843231,0.7614107728004456,-0.3526136875152588,0.9481058716773987,forward,25.30457397167943,1
1069,35.66896666666667,93.08314323425293,,,,,,,,,,,,,,,,,,,,0.4484262466430664,0.5688109993934631,-0.009908599779009819,0.9998396039009094,0.3982882499694824,0.6446045637130737,-0.4564628005027771,0.9789524674415588,0.4044475555419922,0.728597104549408,-0.15871793031692505,0.9644489884376526,0.3870043158531189,0.7611332535743713,-0.3548296391963959,0.9496559500694275,forward,25.846717519633266,1
1070,35.702333333333335,92.24700927734375,,,,,,,,,,,,,,,,,,,,0.4484211802482605,0.5645728707313538,-0.009816570207476616,0.999841034412384,0.39921650290489197,0.6438065767288208,-0.4182615876197815,0.9796373844146729,0.404507040977478,0.7285632491111755,-0.11480028927326202,0.9651540517807007,0.3863890767097473,0.761166512966156,-0.30816560983657837,0.9507157206535339,forward,27.134111984974837,1
1071,35.7357,92.96512603759766,,,,,,,,,,,,,,,,,,,,0.44842299818992615,0.5611997842788696,-0.009695463813841343,0.9998395442962646,0.40066444873809814,0.6427605152130127,-0.40711504220962524,0.9804196357727051,0.40454229712486267,0.7285574674606323,-0.11751831322908401,0.9663100838661194,0.3860066533088684,0.7610074877738953,-0.31643494963645935,0.9522996544837952,forward,28.657174219565135,1
1072,35.76906666666667,94.24090385437012,,,,,,,,,,,,,,,,,,,,0.448346883058548,0.558300793170929,-0.009222925640642643,0.9998427629470825,0.4028826355934143,0.6409264802932739,-0.40690651535987854,0.9812567830085754,0.4044947028160095,0.7284209132194519,-0.12590330839157104,0.9676792025566101,0.3860267102718353,0.7609959244728088,-0.32207050919532776,0.9543060064315796,forward,29.597188042325637,1
1073,35.80243333333333,92.68403053283691,,,,,,,,,,,,,,,,,,,,0.4483412504196167,0.556143581867218,-0.009166869334876537,0.9998464584350586,0.4043077826499939,0.6393264532089233,-0.39093533158302307,0.9824017286300659,0.40438058972358704,0.728351354598999,-0.12230581790208817,0.9696506857872009,0.38605254888534546,0.7609694600105286,-0.3256209194660187,0.9569804072380066,forward,31.227590844512378,1
1074,35.8358,91.43614768981934,,,,,,,,,,,,,,,,,,,,0.4483327269554138,0.5534847974777222,-0.008763987571001053,0.9998521208763123,0.40513095259666443,0.6381602883338928,-0.3795168697834015,0.9834508895874023,0.4042643904685974,0.7279675006866455,-0.10895480215549469,0.9715469479560852,0.38624823093414307,0.7609958052635193,-0.3162679672241211,0.9594951272010803,forward,31.863953406296055,1
1075,35.869166666666665,92.42486953735352,,,,,,,,,,,,,,,,,,,,0.4481761157512665,0.5510261058807373,-0.008186740800738335,0.9998584389686584,0.40594273805618286,0.6369245052337646,-0.35926467180252075,0.9844939708709717,0.40397608280181885,0.7278968095779419,-0.09546546638011932,0.9734377264976501,0.38628384470939636,0.7610006928443909,-0.30613335967063904,0.9620804190635681,forward,33.45927979686361,1
1076,35.90253333333333,92.41104125976562,,,,,,,,,,,,,,,,,,,,0.4480056166648865,0.548391580581665,-0.005726180039346218,0.9998646974563599,0.40601620078086853,0.6366568803787231,-0.2973836362361908,0.9852275848388672,0.4037508964538574,0.7278950214385986,-0.045650914311409,0.9750562906265259,0.38622406125068665,0.7610023021697998,-0.24536076188087463,0.9643077254295349,forward,37.58350418877058,1
1077,35.935900000000004,92.73219108581543,,,,,,,,,,,,,,,,,,,,0.4477896988391876,0.5466974973678589,-0.003906579688191414,0.9998693466186523,0.4064211845397949,0.6359349489212036,-0.3063294291496277,0.9858405590057373,0.40363284945487976,0.7278364896774292,-0.04532601684331894,0.97652667760849,0.386003315448761,0.7610079050064087,-0.2508171498775482,0.9663584232330322,forward,36.636283960005265,1
1078,35.96926666666667,93.26386451721191,,,,,,,,,,,,,,,,,,,,0.4473581314086914,0.5437742471694946,-0.0020683605689555407,0.9998747110366821,0.40680012106895447,0.6346796154975891,-0.2910277247428894,0.9861648678779602,0.40362802147865295,0.7278339862823486,-0.04347200691699982,0.9776978492736816,0.3858473002910614,0.760990560054779,-0.25149253010749817,0.9679508805274963,forward,38.87720138146768,1
1079,36.002633333333335,93.91307830810547,,,,,,,,,,,,,,,,,,,,0.44701364636421204,0.5419276356697083,-0.0011442637769505382,0.999879002571106,0.4074155390262604,0.6338094472885132,-0.24775263667106628,0.986284077167511,0.4036256968975067,0.7278262972831726,-0.01615506038069725,0.9787071943283081,0.38584256172180176,0.7608782649040222,-0.21747438609600067,0.9693326950073242,forward,43.41530694947035,1
1080,36.036,92.71812438964844,,,,,,,,,,,,,,,,,,,,0.44654765725135803,0.5392903685569763,0.0003901648160535842,0.9998846650123596,0.40824660658836365,0.6325000524520874,-0.2110985517501831,0.9864769577980042,0.403658926486969,0.7278153300285339,0.006740615237504244,0.9799032211303711,0.38558369874954224,0.7608769536018372,-0.19479218125343323,0.9710197448730469,forward,48.37260410121065,1
1081,36.06936666666667,91.91608428955078,,,,,,,,,,,,,,,,,,,,0.44620445370674133,0.5370603799819946,0.0013898116303607821,0.9998894333839417,0.4096582233905792,0.6304935812950134,-0.2377617210149765,0.9864765405654907,0.4035325050354004,0.7278050780296326,-0.02446819841861725,0.9807614684104919,0.3855796158313751,0.7607799172401428,-0.22974154353141785,0.9723781943321228,forward,46.72506483613496,1
1082,36.10273333333333,92.55385398864746,,,,,,,,,,,,,,,,,,,,0.44587844610214233,0.5357531309127808,0.0020451396703720093,0.9998915195465088,0.410486102104187,0.6306345462799072,-0.1359005868434906,0.9860163331031799,0.403523325920105,0.7277310490608215,0.008756007999181747,0.981447696685791,0.3855445384979248,0.7607797980308533,-0.16531981527805328,0.9732831120491028,forward,69.4050654953332,1
1083,36.1361,93.47176551818848,,,,,,,,,,,,,,,,,,,,0.4450545907020569,0.5352354645729065,0.00530194491147995,0.999894917011261,0.41099148988723755,0.630554735660553,-0.1215665191411972,0.9860798716545105,0.40355241298675537,0.7276747226715088,0.04791312664747238,0.9824033975601196,0.3846031427383423,0.7605307698249817,-0.1246219351887703,0.9746374487876892,forward,67.793308971658,1
1084,36.169466666666665,94.18201446533203,,,,,,,,,,,,,,,,,,,,0.4444195032119751,0.5355415344238281,0.008974430151283741,0.99989914894104,0.41143059730529785,0.630839467048645,-0.06253600120544434,0.9854832291603088,0.4035528004169464,0.7276437282562256,0.1265469789505005,0.9830524325370789,0.3841550350189209,0.7603827714920044,-0.043760474771261215,0.9754979610443115,forward,81.16487904160655,1
1085,36.20283333333333,92.87190437316895,,,,,,,,,,,,,,,,,,,,0.44387516379356384,0.5352870225906372,0.010564452037215233,0.9999020099639893,0.4115888178348541,0.6310346126556396,-0.03801148012280464,0.9851050972938538,0.40353527665138245,0.7276006937026978,0.1436854600906372,0.9838242530822754,0.3841550648212433,0.7602949142456055,-0.03271481767296791,0.9765538573265076,forward,91.6875695806721,1
1086,36.236200000000004,93.12224388122559,,,,,,,,,,,,,,,,,,,,0.4432991147041321,0.5344945192337036,0.010631138458848,0.9999057650566101,0.4119811952114105,0.630846381187439,-0.010858001187443733,0.9854477643966675,0.4035019874572754,0.7274666428565979,0.19357702136039734,0.9849027395248413,0.384159117937088,0.7600265741348267,0.008677702397108078,0.9780037999153137,forward,102.77488862992156,1
1087,36.26956666666667,94.88987922668457,,,,,,,,,,,,,,,,,,,,0.44258859753608704,0.5340082049369812,0.011513241566717625,0.9999083876609802,0.41230764985084534,0.6309798359870911,0.017070159316062927,0.9854431748390198,0.40329331159591675,0.7274313569068909,0.2150198370218277,0.9856693148612976,0.3830890655517578,0.7599318623542786,0.049385134130716324,0.9789996147155762,forward,118.57904026045976,1
1088,36.302933333333335,94.44117546081543,,,,,,,,,,,,,,,,,,,,0.4412730038166046,0.5340967774391174,0.014022680930793285,0.9999111294746399,0.41307833790779114,0.6310209631919861,0.03663256764411926,0.985303521156311,0.4030498266220093,0.7273143529891968,0.24925868213176727,0.986351490020752,0.3832719326019287,0.7597495913505554,0.06860964000225067,0.9798830151557922,forward,126.64190599061592,1
1089,36.3363,93.73712539672852,,,,,,,,,,,,,,,,,,,,0.44080641865730286,0.533692479133606,0.014234366826713085,0.9999133944511414,0.41412752866744995,0.6309717297554016,0.031153135001659393,0.9848775267601013,0.40302643179893494,0.7272719144821167,0.21019352972507477,0.9868075251579285,0.3838117718696594,0.7596386075019836,0.03931785747408867,0.9804247617721558,forward,127.55685504843326,1
1090,36.36966666666667,94.00606155395508,,,,,,,,,,,,,,,,,,,,0.4399031400680542,0.5334025621414185,0.015091159380972385,0.999915361404419,0.4149337112903595,0.6308324337005615,0.04359544813632965,0.9845185279846191,0.4029522240161896,0.7272323369979858,0.22949577867984772,0.9873274564743042,0.3841920793056488,0.7593089938163757,0.05418311059474945,0.9810431599617004,forward,133.12868787286922,1
1091,36.40303333333333,93.40095520019531,,,,,,,,,,,,,,,,,,,,0.43747490644454956,0.5328341126441956,0.015602080151438713,0.9999179244041443,0.41518914699554443,0.6304804682731628,0.04677267372608185,0.9843343496322632,0.40294790267944336,0.7272160053253174,0.24675366282463074,0.9878504276275635,0.3852306306362152,0.7590824365615845,0.06422267109155655,0.9816884994506836,forward,133.1205433028215,1
1092,36.4364,92.23604202270508,,,,,,,,,,,,,,,,,,,,0.434869647026062,0.5329226851463318,0.015468618832528591,0.9999207258224487,0.41467776894569397,0.6305182576179504,0.04074453189969063,0.9837799668312073,0.40294691920280457,0.7272247672080994,0.2225542813539505,0.9880969524383545,0.3852783441543579,0.7590702176094055,0.05822396278381348,0.981886088848114,forward,132.29078749348733,1
1093,36.469766666666665,94.26999092102051,,,,,,,,,,,,,,,,,,,,0.43004462122917175,0.5330281853675842,0.016524428501725197,0.9999239444732666,0.41172268986701965,0.630932629108429,0.0408199243247509,0.9832949638366699,0.40296655893325806,0.727232038974762,0.22844992578029633,0.9882331490516663,0.38523924350738525,0.7591850757598877,0.07305110991001129,0.9819509387016296,forward,130.82267586251888,1
1094,36.50313333333333,92.8492546081543,,,,,,,,,,,,,,,,,,,,0.42425644397735596,0.5330212116241455,0.01631031557917595,0.9999272227287292,0.408796489238739,0.6312089562416077,0.028464671224355698,0.9803449511528015,0.40352368354797363,0.7273827791213989,0.19502802193164825,0.9868062734603882,0.38519424200057983,0.759207546710968,0.046665918081998825,0.9801080822944641,forward,126.82804700436022,1
1095,36.536500000000004,92.38505363464355,,,,,,,,,,,,,,,,,,,,0.41919925808906555,0.5325767993927002,0.016681820154190063,0.9999300837516785,0.40568023920059204,0.6312633156776428,0.02085929550230503,0.977483332157135,0.40414392948150635,0.7275755405426025,0.16575635969638824,0.985579252243042,0.38518986105918884,0.7592092752456665,0.039055295288562775,0.9784205555915833,forward,125.7344711908725,1
1096,36.56986666666667,92.23794937133789,,,,,,,,,,,,,,,,,,,,0.41437220573425293,0.5325992703437805,0.01654965616762638,0.999932050704956,0.40182629227638245,0.6313192844390869,0.01865045540034771,0.9710352420806885,0.404325932264328,0.7275742888450623,0.16172564029693604,0.9820794463157654,0.3839389383792877,0.7592152953147888,0.03799250349402428,0.9740273952484131,forward,124.69739299189712,1
1097,36.603233333333336,92.03600883483887,,,,,,,,,,,,,,,,,,,,0.4086242914199829,0.532301127910614,0.015937194228172302,0.9999329447746277,0.3987729251384735,0.6313011050224304,0.018048500642180443,0.9597846269607544,0.40442538261413574,0.7275241017341614,0.14661559462547302,0.9753026962280273,0.38385799527168274,0.7593258619308472,0.03634124621748924,0.9658926129341125,forward,127.53447998888275,1
1098,36.6366,92.74888038635254,,,,,,,,,,,,,,,,,,,,0.40347909927368164,0.5317951440811157,0.015121984295547009,0.9999336004257202,0.3966835141181946,0.6312807202339172,0.015352653339505196,0.9472503066062927,0.40425246953964233,0.7275313138961792,0.12340542674064636,0.9680139422416687,0.38308897614479065,0.759648859500885,0.028846928849816322,0.9578461647033691,forward,131.36556892812683,1
1099,36.66996666666667,94.45667266845703,,,,,,,,,,,,,,,,,,,,0.39760449528694153,0.5317582488059998,0.018653785809874535,0.9999357461929321,0.394115149974823,0.6316093802452087,0.028633588925004005,0.9427353143692017,0.4041571021080017,0.727695882320404,0.13076601922512054,0.9650556445121765,0.38309141993522644,0.7600336670875549,0.04517407342791557,0.9541354179382324,forward,138.53792096245775,1
1100,36.70333333333333,93.84918212890625,,,,,,,,,,,,,,,,,,,,0.39315083622932434,0.5314949750900269,0.018402254208922386,0.9999386668205261,0.39229616522789,0.6317395567893982,0.02749979868531227,0.9407779574394226,0.4040159583091736,0.7275694012641907,0.139398455619812,0.9632960557937622,0.3835832178592682,0.7600389719009399,0.04713167995214462,0.9520597457885742,forward,135.52009687071924,1
1101,36.7367,92.12589263916016,,,,,,,,,,,,,,,,,,,,0.3905555307865143,0.5306598544120789,0.02615971863269806,0.9999419450759888,0.3901980221271515,0.6317054033279419,0.03517231345176697,0.9403876662254333,0.4034253656864166,0.7275761961936951,0.1432521641254425,0.9631127119064331,0.3832188546657562,0.7600017189979553,0.04281329736113548,0.9522779583930969,forward,136.39165271351453,1
1102,36.770066666666665,92.79084205627441,,,,,,,,,,,,,,,,,,,,0.3886423408985138,0.5296003222465515,0.03518982604146004,0.9999462962150574,0.38779640197753906,0.6314713358879089,0.043384455144405365,0.9429641962051392,0.4033946692943573,0.7273387908935547,0.1631624549627304,0.965110182762146,0.38291433453559875,0.7600346803665161,0.04809833690524101,0.9549897909164429,forward,132.9285879613068,1
1103,36.80343333333333,92.43297576904297,,,,,,,,,,,,,,,,,,,,0.3878687024116516,0.5285806059837341,0.04619291052222252,0.9999504685401917,0.3871554434299469,0.6307499408721924,0.03783390671014786,0.947040319442749,0.40339624881744385,0.7271757125854492,0.17244642972946167,0.9678342342376709,0.3826269805431366,0.7600499987602234,0.045179106295108795,0.9584677219390869,forward,120.72760528219086,1
1104,36.836800000000004,94.1152572631836,,,,,,,,,,,,,,,,,,,,0.3870059549808502,0.5259181261062622,0.04238275811076164,0.9999539256095886,0.38655582070350647,0.6297355890274048,-0.002763627329841256,0.949739396572113,0.40387141704559326,0.7271731495857239,0.0658896192908287,0.9698361754417419,0.3825654089450836,0.7601249814033508,-0.06408145278692245,0.9610162973403931,forward,120.92946390815406,1
1105,36.87016666666667,93.72401237487793,,,,,,,,,,,,,,,,,,,,0.3870088756084442,0.5234505534172058,0.04120568558573723,0.9999573230743408,0.3854067325592041,0.6276305317878723,-0.02128903567790985,0.9525454044342041,0.40380239486694336,0.7266663908958435,0.061889782547950745,0.971945583820343,0.38256990909576416,0.7601277232170105,-0.07431007921695709,0.9634447693824768,forward,108.7044825544156,1
1106,36.903533333333336,94.3918228149414,,,,,,,,,,,,,,,,,,,,0.3869810104370117,0.5213540196418762,0.04009004309773445,0.9999600052833557,0.3852921426296234,0.6263641715049744,-0.023107174783945084,0.95390784740448,0.40315166115760803,0.7264084219932556,0.0672488659620285,0.9731709361076355,0.3826200067996979,0.7601268887519836,-0.06484252214431763,0.964496910572052,forward,106.6121903603045,1
1107,36.9369,93.36709976196289,,,,,,,,,,,,,,,,,,,,0.38666823506355286,0.5214614272117615,0.03963535279035568,0.999961256980896,0.385405570268631,0.6248176693916321,-0.02741454727947712,0.9521603584289551,0.402093768119812,0.726356565952301,0.07147693634033203,0.9722598791122437,0.38326767086982727,0.76054447889328,-0.05070086568593979,0.9628958702087402,forward,102.62400519607719,1
1108,36.97026666666667,94.02012825012207,,,,,,,,,,,,,,,,,,,,0.38637372851371765,0.5204876661300659,0.038067031651735306,0.9999616742134094,0.38574036955833435,0.6241739392280579,-0.024697931483387947,0.951842188835144,0.40102049708366394,0.7261049151420593,0.059029944241046906,0.9727929830551147,0.3836751878261566,0.7608553171157837,-0.07140891253948212,0.9633277654647827,forward,109.24089838987096,1
1109,37.00363333333333,93.80078315734863,,,,,,,,,,,,,,,,,,,,0.38692936301231384,0.5159714818000793,0.03632720559835434,0.9999606013298035,0.38695982098579407,0.6237266659736633,-0.02543216198682785,0.9509963393211365,0.40082985162734985,0.7261027097702026,0.012936359271407127,0.9734300374984741,0.38418328762054443,0.7608463764190674,-0.13548323512077332,0.9644101858139038,forward,129.2619519734188,1
1110,37.037,92.49210357666016,,,,,,,,,,,,,,,,,,,,0.38745051622390747,0.5114983916282654,0.03185427561402321,0.9999600052833557,0.3876804709434509,0.6222808957099915,-0.036603473126888275,0.9516974687576294,0.40111881494522095,0.7261120080947876,0.022149035707116127,0.9744298458099365,0.3843187093734741,0.7609280347824097,-0.12249317765235901,0.9658519625663757,forward,118.59813053000123,1
1111,37.070366666666665,93.52898597717285,,,,,,,,,,,,,,,,,,,,0.3877442181110382,0.5065667629241943,0.02823190949857235,0.9999587535858154,0.3924086093902588,0.6209264397621155,-0.0315360501408577,0.9513531923294067,0.40155550837516785,0.7261130213737488,0.0418250598013401,0.9752469062805176,0.3853309154510498,0.7609272599220276,-0.09860808402299881,0.9671688675880432,forward,117.58463874869716,1
1112,37.10373333333333,92.75507926940918,,,,,,,,,,,,,,,,,,,,0.3865685760974884,0.5073438286781311,0.02146252617239952,0.9999564290046692,0.392715722322464,0.6210626363754272,-0.02871139720082283,0.95172119140625,0.40152356028556824,0.7255193591117859,0.035212624818086624,0.976391613483429,0.3859812319278717,0.7609489560127258,-0.12026834487915039,0.9689943194389343,forward,124.82360158328771,1
1113,37.137100000000004,92.45896339416504,,,,,,,,,,,,,,,,,,,,0.38656821846961975,0.5077188014984131,0.01699969731271267,0.9999529719352722,0.39395472407341003,0.6175090074539185,-0.02881639637053013,0.9507507681846619,0.40152931213378906,0.7246971130371094,0.02398831769824028,0.9767897129058838,0.3859733045101166,0.7610355019569397,-0.12793883681297302,0.9700538516044617,forward,131.22453934158352,1
1114,37.17046666666667,92.14997291564941,,,,,,,,,,,,,,,,,,,,0.3858429789543152,0.5090475082397461,0.0163115244358778,0.9999479055404663,0.39391517639160156,0.61823570728302,-0.019585750997066498,0.9485088586807251,0.4015340209007263,0.7244407534599304,0.02808534912765026,0.9765441417694092,0.384904682636261,0.761023759841919,-0.11555201560258865,0.9705299735069275,forward,137.72856798108745,0
1115,37.203833333333336,93.42288970947266,,,,,,,,,,,,,,,,,,,,0.38493749499320984,0.5097869634628296,0.014919099397957325,0.9999423027038574,0.39377132058143616,0.6186832785606384,-0.019558491185307503,0.9484465718269348,0.40146365761756897,0.7243937253952026,0.022544249892234802,0.9767908453941345,0.3845037519931793,0.7610266208648682,-0.1199657991528511,0.9714369177818298,forward,140.81833026465625,0
1116,37.2372,107.53989219665527,,,,,,,,,,,,,,,,,,,,0.384692519903183,0.5119084119796753,0.013664985075592995,0.999939501285553,0.39141881465911865,0.6196692585945129,-0.02476288564503193,0.9492307305335999,0.401324987411499,0.7244670391082764,0.02747051790356636,0.9772940874099731,0.38419437408447266,0.7610779404640198,-0.11545324325561523,0.972243070602417,forward,133.98357981774578,1
1117,37.27056666666667,97.18179702758789,,,,,,,,,,,,,,,,,,,,0.3842737674713135,0.5155052542686462,0.013009088113904,0.9999347925186157,0.39062511920928955,0.6223846673965454,-0.023149071261286736,0.9491714835166931,0.40133583545684814,0.7244843244552612,0.02768971398472786,0.977158784866333,0.3843090534210205,0.7610894441604614,-0.11128409206867218,0.972212016582489,forward,134.92410889689606,1
1118,37.30393333333333,97.59902954101562,,,,,,,,,,,,,,,,,,,,0.3826794922351837,0.5179036855697632,0.013302771374583244,0.9999381303787231,0.39028871059417725,0.6246243119239807,-0.028084976598620415,0.9523341059684753,0.40136754512786865,0.7244968414306641,0.041869115084409714,0.978825569152832,0.38457193970680237,0.7610362768173218,-0.11409489810466766,0.9739717841148376,forward,123.96687213924363,1
1119,37.3373,94.12193298339844,,,,,,,,,,,,,,,,,,,,0.3804689645767212,0.519078254699707,0.00849272683262825,0.9999423623085022,0.38906770944595337,0.6252664923667908,-0.03643130138516426,0.9542608261108398,0.40143874287605286,0.7247390747070312,0.04539954662322998,0.980017364025116,0.3845718502998352,0.7610353231430054,-0.10794009268283844,0.9748098254203796,forward,117.86642195164565,1
1120,37.370666666666665,94.04683113098145,,,,,,,,,,,,,,,,,,,,0.3769533634185791,0.5199547410011292,0.009419526904821396,0.9999469518661499,0.3879152834415436,0.6255672574043274,-0.05490727350115776,0.9575890302658081,0.40144750475883484,0.724747896194458,0.06581571698188782,0.9815881848335266,0.3844905197620392,0.7605229616165161,-0.10636425763368607,0.9763883948326111,forward,98.4393634924878,1
1121,37.40403333333333,93.15109252929688,,,,,,,,,,,,,,,,,,,,0.37474122643470764,0.5212944746017456,0.009960566647350788,0.9999513626098633,0.3854540288448334,0.6258155107498169,-0.07441091537475586,0.9609391093254089,0.40145090222358704,0.7247549891471863,0.08539070188999176,0.9830343127250671,0.38451752066612244,0.7605405449867249,-0.0979960560798645,0.9777681231498718,forward,83.28977246244928,1
1122,37.437400000000004,92.64898300170898,,,,,,,,,,,,,,,,,,,,0.3731503486633301,0.5227696299552917,0.005862233228981495,0.9999555349349976,0.3830384314060211,0.6267982125282288,-0.11345142871141434,0.9644322991371155,0.40137195587158203,0.7247435450553894,0.08005703240633011,0.9845094084739685,0.3844875395298004,0.760746955871582,-0.09831865131855011,0.97944176197052,forward,68.38291803559554,1
1123,37.47076666666667,93.59192848205566,,,,,,,,,,,,,,,,,,,,0.37253537774086,0.523589551448822,-0.0012408981565386057,0.9999590516090393,0.38155367970466614,0.6271047592163086,-0.135614812374115,0.9673766493797302,0.4011501967906952,0.7247050404548645,0.051551513373851776,0.9855967164039612,0.384896844625473,0.7607437372207642,-0.10221584141254425,0.9805201292037964,forward,65.60921854016301,1
1124,37.504133333333336,93.94717216491699,,,,,,,,,,,,,,,,,,,,0.37302643060684204,0.524678111076355,-0.0041221315041184425,0.9999606013298035,0.3810558319091797,0.6279409527778625,-0.12280195951461792,0.968360424041748,0.40110254287719727,0.7246841192245483,0.04955968260765076,0.9848477840423584,0.385821670293808,0.7606917023658752,-0.08321522176265717,0.9783812165260315,forward,70.77439904166005,1
1125,37.5375,94.45309638977051,,,,,,,,,,,,,,,,,,,,0.3730936348438263,0.5251744389533997,-0.0032646094914525747,0.9999628067016602,0.38123565912246704,0.6283464431762695,-0.10438966006040573,0.9708971977233887,0.4010373055934906,0.7246843576431274,0.11880411207675934,0.9857239127159119,0.3858782947063446,0.7606695294380188,-0.03919443488121033,0.979447066783905,forward,69.30849767612052,1
1126,37.57086666666667,96.71688079833984,,,,,,,,,,,,,,,,,,,,0.3758338689804077,0.5266059041023254,-0.0017539755208417773,0.99996417760849,0.38140636682510376,0.6287939548492432,-0.07646108418703079,0.9728288054466248,0.4010293185710907,0.7247467041015625,0.13143041729927063,0.9861542582511902,0.3861500322818756,0.7606057524681091,-0.01665668748319149,0.979922354221344,forward,78.87885096858706,1
1127,37.60423333333333,97.85580635070801,,,,,,,,,,,,,,,,,,,,0.3803040087223053,0.5277051329612732,0.008521806448698044,0.999965488910675,0.3815966844558716,0.6296672224998474,-0.020074907690286636,0.9745374917984009,0.40118202567100525,0.7250144481658936,0.19753684103488922,0.986625075340271,0.3861555755138397,0.7604925036430359,0.04449601098895073,0.9805498719215393,forward,98.02408836238854,1
1128,37.6376,164.7038459777832,,,,,,,,,,,,,,,,,,,,0.3842606842517853,0.5281275510787964,0.01850653439760208,0.9999653100967407,0.3819468319416046,0.6310359239578247,-0.0027359938248991966,0.9743701815605164,0.40135207772254944,0.7254393696784973,0.2026188224554062,0.9858707189559937,0.38532498478889465,0.7605220675468445,0.05287374556064606,0.9797542095184326,forward,102.86290017631964,1
1129,37.670966666666665,96.36092185974121,,,,,,,,,,,,,,,,,,,,0.38866281509399414,0.5294918417930603,0.0254646148532629,0.9999648332595825,0.3825136125087738,0.632148802280426,0.03090599551796913,0.9744051098823547,0.40135565400123596,0.7254875302314758,0.278022438287735,0.9854310750961304,0.38497045636177063,0.7605806589126587,0.12254046648740768,0.9792134165763855,forward,113.35229746215583,1
1130,37.70433333333333,95.66998481750488,,,,,,,,,,,,,,,,,,,,0.3925569951534271,0.5303018093109131,0.02606866881251335,0.9999649524688721,0.3838162422180176,0.6327137351036072,0.02719378098845482,0.968714714050293,0.4009307026863098,0.7252668738365173,0.23374883830547333,0.9809402227401733,0.3848865032196045,0.7605419754981995,0.11066905409097672,0.9744741320610046,forward,114.1916745479741,1
1131,37.737700000000004,95.68405151367188,,,,,,,,,,,,,,,,,,,,0.3963962197303772,0.5307285785675049,0.02718493901193142,0.9999644756317139,0.38640308380126953,0.6324946880340576,0.04058714583516121,0.9696145057678223,0.40078938007354736,0.7252431511878967,0.3135388195514679,0.9816156029701233,0.38473573327064514,0.7605278491973877,0.14508488774299622,0.9752697348594666,forward,115.79444264390995,1
1132,37.77106666666667,151.34215354919434,,,,,,,,,,,,,,,,,,,,0.40080171823501587,0.5311400890350342,0.019414721056818962,0.9999645352363586,0.39050760865211487,0.6323846578598022,0.015303786844015121,0.970151960849762,0.4008288085460663,0.7256093621253967,0.25278240442276,0.9820664525032043,0.38463693857192993,0.7605306506156921,0.08910417556762695,0.9756502509117126,forward,108.74272306322376,1
1133,37.804433333333336,129.39691543579102,,,,,,,,,,,,,,,,,,,,0.40603557229042053,0.5308752655982971,0.010339664295315742,0.9999656677246094,0.3945446312427521,0.6322743892669678,-0.0006576318992301822,0.971484899520874,0.40107589960098267,0.725724995136261,0.2331630140542984,0.982993483543396,0.3846435546875,0.7605329155921936,0.043510135263204575,0.9767616391181946,forward,105.31677951724888,1
1134,37.8378,97.1531867980957,,,,,,,,,,,,,,,,,,,,0.4151054322719574,0.5307648181915283,0.003960423171520233,0.9999668598175049,0.39858368039131165,0.6319754719734192,-0.02301594987511635,0.9731008410453796,0.4019702076911926,0.7257900238037109,0.21530874073505402,0.984054446220398,0.384645938873291,0.7604266405105591,0.019909925758838654,0.9780545830726624,forward,96.362367865012,1
1135,37.87116666666667,97.71490097045898,,,,,,,,,,,,,,,,,,,,0.4235858619213104,0.5306232571601868,0.0002363973471801728,0.9999680519104004,0.4019257128238678,0.6318550109863281,-0.056151628494262695,0.9743731021881104,0.4026123881340027,0.7260467410087585,0.16398613154888153,0.9849250912666321,0.38464629650115967,0.7604541182518005,-0.01885983720421791,0.9790861010551453,forward,84.11768499091588,1
1136,37.90453333333333,99.3952751159668,,,,,,,,,,,,,,,,,,,,0.4308077096939087,0.5305245518684387,0.0007781155873090029,0.9999693632125854,0.4079051911830902,0.6315509676933289,-0.0493161678314209,0.9758055210113525,0.4028526246547699,0.7262265086174011,0.17104625701904297,0.9859048128128052,0.38462042808532715,0.7605177760124207,-0.014066793024539948,0.9803380370140076,forward,87.17917757040188,1
1137,37.9379,94.38276290893555,,,,,,,,,,,,,,,,,,,,0.43713459372520447,0.5303183197975159,-0.004031040705740452,0.9999700784683228,0.4142356216907501,0.6310988068580627,-0.06589869409799576,0.9771011471748352,0.40282997488975525,0.7266530990600586,0.15628522634506226,0.9867143630981445,0.38530901074409485,0.7608105540275574,-0.041682709008455276,0.9814003705978394,forward,82.40482133893153,1
1138,37.971266666666665,93.77479553222656,,,,,,,,,,,,,,,,,,,,0.44629889726638794,0.5300565958023071,-0.006520229857414961,0.999970555305481,0.41850146651268005,0.6304728984832764,-0.09915157407522202,0.9772881269454956,0.4028460383415222,0.7266526818275452,0.11512882262468338,0.9868384003639221,0.3856733441352844,0.7602270245552063,-0.08906155079603195,0.9816408753395081,forward,72.70615480785207,1
1139,38.00463333333333,93.34897994995117,,,,,,,,,,,,,,,,,,,,0.45575734972953796,0.5299002528190613,-0.009022464975714684,0.999971330165863,0.42724743485450745,0.6295387744903564,-0.0912199318408966,0.9780488610267639,0.40288877487182617,0.7266802191734314,0.11410938203334808,0.987353503704071,0.3856102526187897,0.760234534740448,-0.09865811467170715,0.9823557138442993,forward,77.5708216266853,1
1140,38.038000000000004,92.74506568908691,,,,,,,,,,,,,,,,,,,,0.46454450488090515,0.5298810601234436,-0.012625464238226414,0.9999720454216003,0.4358556270599365,0.6296041011810303,-0.08234875649213791,0.9782544374465942,0.4034605920314789,0.7269632816314697,0.12060286849737167,0.9875839948654175,0.38574057817459106,0.7603120803833008,-0.08752941340208054,0.9827434420585632,forward,82.90393582722128,0
1141,38.07136666666667,95.29614448547363,,,,,,,,,,,,,,,,,,,,0.47414663434028625,0.5301443934440613,-0.014171463437378407,0.999972939491272,0.444158673286438,0.6302758455276489,-0.07847128063440323,0.9787026643753052,0.4055759608745575,0.7269089221954346,0.15838392078876495,0.9880213141441345,0.38611215353012085,0.760379433631897,-0.05899369344115257,0.9833679795265198,forward,82.03958615059611,0
1142,38.104733333333336,94.86913681030273,,,,,,,,,,,,,,,,,,,,0.47774386405944824,0.5296224355697632,-0.013641217723488808,0.9999738931655884,0.4574415683746338,0.6299657225608826,-0.07514205574989319,0.9787306189537048,0.40947720408439636,0.7265383005142212,0.11098426580429077,0.9883109927177429,0.386057585477829,0.759932816028595,-0.09444544464349747,0.9838617444038391,forward,88.2540107447474,0
1143,38.1381,93.55902671813965,,,,,,,,,,,,,,,,,,,,0.48715633153915405,0.5293771624565125,-0.02084207348525524,0.999974250793457,0.4698185324668884,0.6298636198043823,-0.08056727051734924,0.9788467288017273,0.4151424765586853,0.7241107821464539,0.12061896175146103,0.9884757399559021,0.38632261753082275,0.7595816254615784,-0.07902230322360992,0.984198272228241,forward,86.61307823180991,0
1144,38.17146666666667,94.72322463989258,,,,,,,,,,,,,,,,,,,,0.49658575654029846,0.5287066102027893,-0.02869984693825245,0.9999741315841675,0.48954683542251587,0.6280836462974548,-0.097618468105793,0.9787213802337646,0.4227537214756012,0.7213004231452942,0.12310048192739487,0.9884427785873413,0.3934844434261322,0.758330762386322,-0.09103574603796005,0.9842817783355713,forward,79.52545147649685,0
1145,38.20483333333333,94.53415870666504,,,,,,,,,,,,,,,,,,,,0.5046098828315735,0.5264720320701599,-0.05780237540602684,0.9999743103981018,0.517600953578949,0.6236951351165771,-0.20698925852775574,0.9801894426345825,0.4352259635925293,0.7108979821205139,0.07180541753768921,0.9888668656349182,0.4183375835418701,0.7573139071464539,-0.10223844647407532,0.984994113445282,forward,50.88816770441696,0
1146,38.2382,94.37394142150879,,,,,,,,,,,,,,,,,,,,0.5070431232452393,0.5228302478790283,-0.07315026968717575,0.9999740719795227,0.5420953035354614,0.61741042137146,-0.3877173662185669,0.981813907623291,0.45001769065856934,0.7042583227157593,-0.12849071621894836,0.9895092844963074,0.44691967964172363,0.7571776509284973,-0.3055865466594696,0.9860036969184875,forward,36.5476633774375,0
1147,38.271566666666665,93.9340591430664,,,,,,,,,,,,,,,,,,,,0.509631872177124,0.521411657333374,-0.07605733722448349,0.9999726414680481,0.5660125017166138,0.6106832027435303,-0.457904189825058,0.9831873774528503,0.4706621468067169,0.6939812302589417,-0.17648474872112274,0.9896803498268127,0.4709036946296692,0.7484827637672424,-0.32830947637557983,0.9865654110908508,forward,30.44452423026595,0
1148,38.30493333333333,93.8730239868164,,,,,,,,,,,,,,,,,,,,0.5102446675300598,0.5183186531066895,-0.07818335294723511,0.9999706149101257,0.5823309421539307,0.5990707874298096,-0.5091655850410461,0.9839609265327454,0.4954236149787903,0.6865962147712708,-0.24250428378582,0.988584578037262,0.49921876192092896,0.7381175756454468,-0.3950963020324707,0.9861863851547241,forward,29.059042056292984,0
1149,38.338300000000004,93.67799758911133,,,,,,,,,,,,,,,,,,,,0.5115557312965393,0.5162907838821411,-0.07784710824489594,0.999968945980072,0.6037995219230652,0.5878802537918091,-0.5465213060379028,0.9842908382415771,0.5171006321907043,0.682289183139801,-0.3217402696609497,0.9868922829627991,0.524297833442688,0.7289676070213318,-0.4778784215450287,0.9853543639183044,forward,31.478755198752488,0
1150,38.37166666666667,92.95797348022461,,,,,,,,,,,,,,,,,,,,0.511444628238678,0.5161782503128052,-0.08483205735683441,0.9999639987945557,0.6162670850753784,0.5801432728767395,-0.5306932330131531,0.9846197366714478,0.5392821431159973,0.6759478449821472,-0.2602630853652954,0.9841741323471069,0.5538337230682373,0.7206830382347107,-0.3936659097671509,0.983632504940033,forward,26.894064533013985,0
1151,38.405033333333336,94.26522254943848,,,,,,,,,,,,,,,,,,,,0.5090305805206299,0.5122382640838623,-0.08866364508867264,0.9999621510505676,0.6221559643745422,0.5681467056274414,-0.5276872515678406,0.9854453802108765,0.5687237977981567,0.6706036329269409,-0.22772376239299774,0.9834508299827576,0.5896255970001221,0.7142735123634338,-0.3644248843193054,0.9833269715309143,forward,25.97317814237677,0
1152,38.4384,94.39587593078613,,,,,,,,,,,,,,,,,,,,0.5095694065093994,0.511311948299408,-0.09078808128833771,0.9999632239341736,0.6280186772346497,0.5581558346748352,-0.513019323348999,0.9866002202033997,0.5882397294044495,0.6671050190925598,-0.30050963163375854,0.9844096302986145,0.6274213194847107,0.704755961894989,-0.4650065004825592,0.9843867421150208,forward,33.20693140162356,0
1153,38.47176666666667,93.53494644165039,,,,,,,,,,,,,,,,,,,,0.5107036232948303,0.5094860792160034,-0.08427339792251587,0.9999638795852661,0.6264060735702515,0.5471071600914001,-0.5881572961807251,0.987610936164856,0.6119943261146545,0.6550256609916687,-0.38197019696235657,0.9851558804512024,0.6475058794021606,0.6964730024337769,-0.5708231329917908,0.9851903319358826,forward,32.88212610576625,0
1154,38.50513333333333,93.84417533874512,,,,,,,,,,,,,,,,,,,,0.5128318071365356,0.5103439688682556,-0.08642105758190155,0.9999645948410034,0.6258291006088257,0.5355764031410217,-0.58730548620224,0.9887111186981201,0.6326197981834412,0.6471385955810547,-0.3902212083339691,0.9863600134849548,0.6817454099655151,0.6859920024871826,-0.5722917318344116,0.9863974452018738,forward,35.23882878173357,0
1155,38.5385,92.98300743103027,,,,,,,,,,,,,,,,,,,,0.5138167142868042,0.5093185901641846,-0.08589261025190353,0.999966561794281,0.6214060187339783,0.5226762294769287,-0.5681727528572083,0.9897719025611877,0.6440727114677429,0.6351743340492249,-0.42459651827812195,0.9876008033752441,0.6974421143531799,0.6716783046722412,-0.6108141541481018,0.9876465797424316,forward,44.049428202154814,0
1156,38.571866666666665,93.79792213439941,,,,,,,,,,,,,,,,,,,,0.5131329298019409,0.507327139377594,-0.08013343811035156,0.9999678134918213,0.6160959601402283,0.5124685764312744,-0.5556718111038208,0.9906831979751587,0.6521121859550476,0.6247835755348206,-0.42152103781700134,0.9886364936828613,0.7043663263320923,0.6581061482429504,-0.6000161170959473,0.9887176752090454,forward,46.792266643937126,0
1157,38.60523333333333,92.95105934143066,,,,,,,,,,,,,,,,,,,,0.51262366771698,0.5051991939544678,-0.08010838180780411,0.9999685883522034,0.610736072063446,0.5046438574790955,-0.6015652418136597,0.991538405418396,0.6533015370368958,0.6142560839653015,-0.46713852882385254,0.9895899891853333,0.7036644816398621,0.6442445516586304,-0.6472684144973755,0.9896895885467529,forward,45.87132373501116,0
1158,38.638600000000004,94.52986717224121,,,,,,,,,,,,,,,,,,,,0.5128784775733948,0.5024523138999939,-0.07482989877462387,0.9999679327011108,0.6079981327056885,0.4982333481311798,-0.6033115983009338,0.9921671748161316,0.646656334400177,0.6043397188186646,-0.4643273949623108,0.9899943470954895,0.6965474486351013,0.6326684951782227,-0.6263294219970703,0.9902482628822327,forward,43.09506354753041,0
1159,38.67196666666667,94.61402893066406,,,,,,,,,,,,,,,,,,,,0.5143623352050781,0.5019692182540894,-0.07045438140630722,0.999965488910675,0.5988739132881165,0.4898150563240051,-0.6379411220550537,0.9926189184188843,0.6359967589378357,0.5962570309638977,-0.45803046226501465,0.9898989200592041,0.6881392002105713,0.6293914318084717,-0.6223989129066467,0.9903724193572998,forward,34.630843461266515,0
1160,38.705333333333336,94.64907646179199,,,,,,,,,,,,,,,,,,,,0.5152700543403625,0.5015151500701904,-0.06757159531116486,0.9999624490737915,0.5817658305168152,0.48057815432548523,-0.6522107124328613,0.9930663108825684,0.6250171065330505,0.5885974168777466,-0.46184495091438293,0.9897986650466919,0.6739242076873779,0.623304009437561,-0.6253668665885925,0.9904025197029114,forward,32.58868434182353,0
1161,38.7387,94.26689147949219,,,,,,,,,,,,,,,,,,,,0.515633761882782,0.5019967555999756,-0.061961788684129715,0.9999575614929199,0.5653610825538635,0.47396522760391235,-0.6320706605911255,0.9926255345344543,0.61652010679245,0.5864213109016418,-0.4829091429710388,0.9876790642738342,0.6525306701660156,0.6164926886558533,-0.6585577130317688,0.9891182780265808,forward,39.48550022260978,0
1162,38.77206666666667,95.1838493347168,,,,,,,,,,,,,,,,,,,,0.5211822390556335,0.5025545358657837,-0.045984234660863876,0.9999513626098633,0.5432325601577759,0.4702170193195343,-0.6082983016967773,0.9881903529167175,0.6016533374786377,0.5845023989677429,-0.5135688185691833,0.9777697920799255,0.6251939535140991,0.607937753200531,-0.7016947865486145,0.9831703901290894,forward,51.74461304339962,0
1163,38.80543333333333,94.52486038208008,,,,,,,,,,,,,,,,,,,,0.5231302380561829,0.5029091238975525,-0.03494420647621155,0.9999444484710693,0.5217247009277344,0.47171708941459656,-0.532461404800415,0.9831457138061523,0.5739675164222717,0.5814626812934875,-0.4663379192352295,0.9662341475486755,0.5980752110481262,0.6104735136032104,-0.6599346399307251,0.9759418368339539,forward,58.154127923345385,0
1164,38.8388,93.84393692016602,,,,,,,,,,,,,,,,,,,,0.522290825843811,0.5029545426368713,-0.02991766482591629,0.9999393224716187,0.5079739689826965,0.4703192114830017,-0.5070869326591492,0.9802644848823547,0.5478841066360474,0.5848225355148315,-0.40644150972366333,0.9602020382881165,0.563843309879303,0.6186817288398743,-0.5625330805778503,0.9718008041381836,forward,46.049931492332135,1
1165,38.872166666666665,93.48106384277344,,,,,,,,,,,,,,,,,,,,0.5217310786247253,0.5030922293663025,-0.018819386139512062,0.9999393224716187,0.493049293756485,0.4788110852241516,-0.5006996989250183,0.9777326583862305,0.5186553597450256,0.5905311107635498,-0.41548246145248413,0.9548762440681458,0.5217478275299072,0.6193135380744934,-0.564773678779602,0.9682409167289734,forward,49.85064654864235,1
1166,38.90553333333333,92.60201454162598,,,,,,,,,,,,,,,,,,,,0.5217698216438293,0.5031896233558655,-0.013634741306304932,0.9999361634254456,0.47473523020744324,0.47940710186958313,-0.4746953248977661,0.9760237336158752,0.5015182495117188,0.5936273336410522,-0.32067739963531494,0.9505851864814758,0.4861242175102234,0.623248279094696,-0.4536408483982086,0.963113009929657,forward,33.424703095857204,1
1167,38.938900000000004,93.78623962402344,,,,,,,,,,,,,,,,,,,,0.5228198170661926,0.5039598941802979,-0.011411234736442566,0.9999383687973022,0.46527791023254395,0.4900224506855011,-0.48404139280319214,0.9762531518936157,0.48243802785873413,0.6050993204116821,-0.4812108278274536,0.950518786907196,0.4583917260169983,0.6280060410499573,-0.6611426472663879,0.9615108370780945,forward,85.93569016586132,1
1168,38.97226666666667,94.2840576171875,,,,,,,,,,,,,,,,,,,,0.5241628885269165,0.5049669742584229,-0.0032365291845053434,0.9999409914016724,0.4472939074039459,0.5027199983596802,-0.5121822357177734,0.977239727973938,0.47066834568977356,0.6158493757247925,-0.4695151150226593,0.9518610835075378,0.4302311837673187,0.6474887728691101,-0.6511358618736267,0.9610980153083801,forward,67.9792823020595,1
1169,39.005633333333336,93.67990493774414,,,,,,,,,,,,,,,,,,,,0.5244172811508179,0.5055704712867737,0.008522721007466316,0.9999437928199768,0.4319315552711487,0.5192515850067139,-0.4692949950695038,0.9786518812179565,0.4537874460220337,0.6292182803153992,-0.3398430049419403,0.9549459218978882,0.3999171257019043,0.6668526530265808,-0.4871176779270172,0.9626013040542603,forward,41.57951949802027,1
1170,39.039,93.38712692260742,,,,,,,,,,,,,,,,,,,,0.5242888331413269,0.5073655843734741,0.014969831332564354,0.9999469518661499,0.42268869280815125,0.5360081791877747,-0.4688403606414795,0.9803255200386047,0.44619953632354736,0.6452222466468811,-0.29243430495262146,0.9584218263626099,0.3861778676509857,0.682328999042511,-0.43740829825401306,0.9649043679237366,forward,35.088432138812315,1
1171,39.07236666666667,94.88272666931152,,,,,,,,,,,,,,,,,,,,0.5245646238327026,0.5089388489723206,0.014864367432892323,0.9999491572380066,0.4168270230293274,0.5500089526176453,-0.42256730794906616,0.9818184971809387,0.4359925389289856,0.6578807830810547,-0.20121419429779053,0.9616304039955139,0.3740181624889374,0.6946313977241516,-0.3270111680030823,0.9669716358184814,forward,32.279274355718115,1
1172,39.10573333333333,93.78218650817871,,,,,,,,,,,,,,,,,,,,0.5250465273857117,0.5120028853416443,0.028363782912492752,0.9999512434005737,0.4157440960407257,0.5651785731315613,-0.41452136635780334,0.9830874800682068,0.43361884355545044,0.6704919934272766,-0.18102720379829407,0.964189350605011,0.3718620538711548,0.707078218460083,-0.2933027744293213,0.9683889150619507,forward,32.219828737837055,1
1173,39.1391,94.02108192443848,,,,,,,,,,,,,,,,,,,,0.5249945521354675,0.5136469602584839,0.029974142089486122,0.9999528527259827,0.4202180504798889,0.5764238834381104,-0.38919055461883545,0.9843711853027344,0.4364596903324127,0.6793023347854614,-0.13071611523628235,0.9669200778007507,0.37591907382011414,0.7176753282546997,-0.26034343242645264,0.9702908396720886,forward,31.636036783660554,1
1174,39.172466666666665,93.72615814208984,,,,,,,,,,,,,,,,,,,,0.5227255821228027,0.5157191157341003,0.030641591176390648,0.9999544620513916,0.42693328857421875,0.586560845375061,-0.353421688079834,0.9854154586791992,0.44091060757637024,0.686719536781311,-0.11400871723890305,0.9693582653999329,0.3852177560329437,0.7266303300857544,-0.24328675866127014,0.9719931483268738,forward,34.43724810602376,1
1175,39.20583333333333,92.81086921691895,,,,,,,,,,,,,,,,,,,,0.5189552903175354,0.5161088109016418,0.0350673533976078,0.9999552369117737,0.43282175064086914,0.593012273311615,-0.2947072684764862,0.986064076423645,0.4503196179866791,0.692879319190979,-0.08761488646268845,0.971308708190918,0.3946109712123871,0.7334868311882019,-0.20897497236728668,0.9732074737548828,forward,39.55106214942878,1
1176,39.239200000000004,93.46580505371094,,,,,,,,,,,,,,,,,,,,0.5149976015090942,0.5164334177970886,0.029248351231217384,0.9999570846557617,0.4338343143463135,0.6010580658912659,-0.22360020875930786,0.9867656230926514,0.45078936219215393,0.6966812610626221,-0.037007130682468414,0.9734106063842773,0.4042713940143585,0.7384287118911743,-0.16406987607479095,0.9748192429542542,forward,46.35580298476373,1
1177,39.27256666666667,94.24591064453125,,,,,,,,,,,,,,,,,,,,0.512371301651001,0.5172048807144165,0.028739552944898605,0.9999585747718811,0.44502678513526917,0.6054428815841675,-0.1898292601108551,0.9873425364494324,0.4658253490924835,0.6991121768951416,0.029131636023521423,0.9752287864685059,0.4145791530609131,0.7412785887718201,-0.11209806054830551,0.9761987924575806,forward,45.61261423772313,1
1178,39.305933333333336,94.67911720275879,,,,,,,,,,,,,,,,,,,,0.5104597210884094,0.517623245716095,0.0266873799264431,0.9999600052833557,0.45459821820259094,0.6106993556022644,-0.11491241306066513,0.9878026843070984,0.4814245104789734,0.698302686214447,0.14789849519729614,0.9769348502159119,0.43679678440093994,0.7398160099983215,0.007974892854690552,0.9775291681289673,forward,52.02080406399809,1
1179,39.3393,93.5051441192627,,,,,,,,,,,,,,,,,,,,0.5092145800590515,0.5182330012321472,0.023821288719773293,0.9999603033065796,0.4631894528865814,0.6132718324661255,-0.09307809174060822,0.9877457618713379,0.491630494594574,0.6978973746299744,0.1861211210489273,0.9779595732688904,0.4537092447280884,0.7389576435089111,0.05663768947124481,0.9780703186988831,forward,55.875774723408284,1
1180,39.37266666666667,92.74101257324219,,,,,,,,,,,,,,,,,,,,0.5074517130851746,0.5204477310180664,0.020634863525629044,0.9999600052833557,0.4762062430381775,0.6160570383071899,-0.013426344841718674,0.9866928458213806,0.4989486038684845,0.6982477903366089,0.28563329577445984,0.978329598903656,0.4655790627002716,0.7370374798774719,0.15888139605522156,0.9779157042503357,forward,84.72056824576111,1
1181,39.40603333333333,92.45419502258301,,,,,,,,,,,,,,,,,,,,0.5055335760116577,0.520097017288208,0.0169774629175663,0.9999596476554871,0.4843830168247223,0.617445170879364,-0.013265670277178288,0.9840067028999329,0.5031024813652039,0.7019692063331604,0.21559931337833405,0.9777902364730835,0.47142091393470764,0.7370508909225464,0.07843896746635437,0.9771354794502258,forward,92.04881078263557,1
1182,39.4394,94.33794021606445,,,,,,,,,,,,,,,,,,,,0.5033876895904541,0.5197873711585999,0.01651087775826454,0.9999589920043945,0.49094781279563904,0.6189716458320618,0.002159054158255458,0.9792572259902954,0.5063133239746094,0.704900324344635,0.20904432237148285,0.9758199453353882,0.4730583727359772,0.7373359799385071,0.06688749045133591,0.9752206802368164,forward,103.6788373629001,1
1183,39.472766666666665,93.2779312133789,,,,,,,,,,,,,,,,,,,,0.5015175342559814,0.5197061896324158,0.016385238617658615,0.9999587535858154,0.4945003390312195,0.6200562119483948,0.016922809183597565,0.9759650230407715,0.5091025233268738,0.7069998979568481,0.25539371371269226,0.9747783541679382,0.47323718667030334,0.737464189529419,0.09043346345424652,0.9741045832633972,forward,110.00703039802883,1
1184,39.50613333333333,92.88406372070312,,,,,,,,,,,,,,,,,,,,0.49945294857025146,0.5201760530471802,0.01646251045167446,0.9999590516090393,0.49648037552833557,0.6196371912956238,0.01945357583463192,0.9727840423583984,0.5112008452415466,0.7081053256988525,0.2398906797170639,0.973963737487793,0.47452521324157715,0.7371712923049927,0.07750095427036285,0.9732958674430847,forward,113.41521381867159,1
1185,39.539500000000004,94.09284591674805,,,,,,,,,,,,,,,,,,,,0.4975093603134155,0.5214737057685852,0.022188890725374222,0.9999590516090393,0.49720025062561035,0.6197775602340698,0.03903980180621147,0.967094898223877,0.5118633508682251,0.7089813947677612,0.243513822555542,0.9723905920982361,0.4750833511352539,0.7371886372566223,0.08512120693922043,0.9719444513320923,forward,123.20153997095248,1
1186,39.57286666666667,93.23310852050781,,,,,,,,,,,,,,,,,,,,0.4939163625240326,0.522150993347168,0.02711859531700611,0.9999591708183289,0.49689212441444397,0.6190863847732544,0.03787962719798088,0.9604064226150513,0.5118203163146973,0.709468424320221,0.2232133001089096,0.9703302979469299,0.4758282005786896,0.7369221448898315,0.0599837489426136,0.9703371524810791,forward,122.3696382382879,1
1187,39.606233333333336,93.92786026000977,,,,,,,,,,,,,,,,,,,,0.49045586585998535,0.522161066532135,0.035784199833869934,0.9999595284461975,0.49598851799964905,0.6185740232467651,0.02851884253323078,0.9552441239356995,0.5115282535552979,0.7094968557357788,0.20892928540706635,0.9687849879264832,0.476426362991333,0.7368205785751343,0.044680140912532806,0.9692960977554321,forward,112.60109308338262,1
1188,39.6396,93.1861400604248,,,,,,,,,,,,,,,,,,,,0.4872879683971405,0.5221433639526367,0.04266148805618286,0.999959409236908,0.49483710527420044,0.6185448169708252,0.028203671798110008,0.9488472938537598,0.5116620659828186,0.7094831466674805,0.2018144130706787,0.9667869806289673,0.4760647714138031,0.737107515335083,0.044873423874378204,0.9679688215255737,forward,109.38529522624422,1
1189,39.67296666666667,94.12479400634766,,,,,,,,,,,,,,,,,,,,0.4837879240512848,0.5222823619842529,0.05008944869041443,0.9999592304229736,0.49429067969322205,0.6186261773109436,0.03612349182367325,0.9440841674804688,0.5117147564888,0.7092075943946838,0.21335533261299133,0.9652442932128906,0.47704240679740906,0.7372325658798218,0.05551363527774811,0.9670909643173218,forward,109.2030138557794,1
1190,39.70633333333333,95.01314163208008,,,,,,,,,,,,,,,,,,,,0.4815414845943451,0.5226385593414307,0.0593193918466568,0.9999595284461975,0.49360573291778564,0.6185124516487122,0.04935557395219803,0.9392799139022827,0.5115513801574707,0.7088249921798706,0.22699618339538574,0.9636220335960388,0.4775001108646393,0.7373415231704712,0.0734340101480484,0.9662923812866211,forward,111.44141312532346,1
1191,39.7397,93.91427040100098,,,,,,,,,,,,,,,,,,,,0.47939836978912354,0.5228655934333801,0.06923249363899231,0.9999594688415527,0.4931489825248718,0.6183570623397827,0.06492851674556732,0.9364833235740662,0.5117752552032471,0.7088840007781982,0.2388763129711151,0.9632900953292847,0.4788875877857208,0.7374263405799866,0.07949384301900864,0.966524600982666,forward,115.37524572150652,1
1192,39.773066666666665,91.9790267944336,,,,,,,,,,,,,,,,,,,,0.478300541639328,0.5228084325790405,0.08182404935359955,0.9999598264694214,0.4925270974636078,0.6179327368736267,0.05753287672996521,0.9334242939949036,0.5117067098617554,0.7098051309585571,0.19030915200710297,0.9626160860061646,0.47926148772239685,0.7373864054679871,0.03081490285694599,0.9668757319450378,forward,111.02426928416955,1
1193,39.80643333333333,95.1848030090332,,,,,,,,,,,,,,,,,,,,0.47700098156929016,0.5227625966072083,0.09692142903804779,0.9999600052833557,0.4917852282524109,0.6176798343658447,0.090183325111866,0.9327040910720825,0.5116002559661865,0.7095106244087219,0.23333978652954102,0.9634864926338196,0.47911083698272705,0.7373488545417786,0.06723452359437943,0.9682721495628357,forward,119.20150816969071,1
1194,39.839800000000004,93.83773803710938,,,,,,,,,,,,,,,,,,,,0.47745904326438904,0.5217534303665161,0.09868255257606506,0.99996018409729,0.4911753833293915,0.6169843673706055,0.07634221017360687,0.9326103925704956,0.5115066766738892,0.7093417644500732,0.18084965646266937,0.9648411870002747,0.47866758704185486,0.737362265586853,0.002959491917863488,0.9700672030448914,forward,118.95374925772708,1
1195,39.87316666666667,92.50211715698242,,,,,,,,,,,,,,,,,,,,0.4772356450557709,0.5206769704818726,0.10919500887393951,0.9999596476554871,0.4864434003829956,0.616165816783905,0.07640916854143143,0.9238335490226746,0.5114164352416992,0.7092044353485107,0.17563550174236298,0.9621866345405579,0.47853201627731323,0.737402617931366,0.014230397529900074,0.9694215655326843,forward,114.71003903864164,1
1196,39.906533333333336,93.5969352722168,,,,,,,,,,,,,,,,,,,,0.4778856635093689,0.518524706363678,0.12220741808414459,0.9999589920043945,0.4821641147136688,0.6106383204460144,0.08466549962759018,0.9085465669631958,0.5114900469779968,0.7072576880455017,0.17309099435806274,0.9564411044120789,0.47825098037719727,0.7373193502426147,0.018680648878216743,0.9666273593902588,forward,115.27621470783639,1
1197,39.9399,93.109130859375,,,,,,,,,,,,,,,,,,,,0.4783267676830292,0.5169159770011902,0.1270931512117386,0.9999584555625916,0.48171567916870117,0.607207179069519,0.07642892748117447,0.892121434211731,0.5129646062850952,0.7049423456192017,0.16065913438796997,0.951017439365387,0.4784826636314392,0.7368385791778564,0.006261395290493965,0.9638203382492065,forward,109.82120339782782,1
1198,39.97326666666667,93.35017204284668,,,,,,,,,,,,,,,,,,,,0.4783739447593689,0.5156314373016357,0.11751161515712738,0.9999604225158691,0.4834234118461609,0.607464611530304,0.10295537114143372,0.8935225009918213,0.5116063952445984,0.7027708888053894,0.21564888954162598,0.9520712494850159,0.4757872521877289,0.7367902398109436,0.06763941794633865,0.9643880128860474,forward,121.22976718018273,1
1199,40.00663333333333,94.03705596923828,,,,,,,,,,,,,,,,,,,,0.479983925819397,0.5154657959938049,0.11162538081407547,0.9999622106552124,0.4893723130226135,0.6104784607887268,0.09859022498130798,0.8977599740028381,0.5115410685539246,0.7133356928825378,0.2074577361345291,0.9534958004951477,0.4742022454738617,0.7376292943954468,0.06255602836608887,0.9648839235305786,forward,125.93347789811195,1
1200,40.04,94.00701522827148,,,,,,,,,,,,,,,,,,,,0.48115742206573486,0.5131794214248657,0.10816303640604019,0.99996417760849,0.4930151402950287,0.6106264591217041,0.06642170995473862,0.9035329818725586,0.5120707154273987,0.715162992477417,0.15445859730243683,0.9560433030128479,0.47020822763442993,0.7378418445587158,0.022417599335312843,0.9664878845214844,forward,117.24199108131782,1
1201,40.073366666666665,93.45364570617676,,,,,,,,,,,,,,,,,,,,0.48118269443511963,0.5117620229721069,0.106397844851017,0.999966025352478,0.49514052271842957,0.6112812757492065,0.06363017857074738,0.9098263382911682,0.5127623081207275,0.7141348719596863,0.20587646961212158,0.9587242603302002,0.4721284806728363,0.7378149628639221,0.0610349215567112,0.9681394100189209,forward,103.19562418540129,1
1202,40.10673333333333,93.39499473571777,,,,,,,,,,,,,,,,,,,,0.48172393441200256,0.5106149911880493,0.10256698727607727,0.9999670386314392,0.49759820103645325,0.611636221408844,0.042692068964242935,0.9161684513092041,0.5130510330200195,0.713580846786499,0.16741898655891418,0.9616607427597046,0.46761441230773926,0.7377560138702393,0.013624624349176884,0.9702653288841248,forward,99.2298913291361,0
1203,40.140100000000004,94.67124938964844,,,,,,,,,,,,,,,,,,,,0.4817885160446167,0.5102594494819641,0.09752785414457321,0.9999684691429138,0.4984772801399231,0.6118345856666565,0.04567303508520126,0.9222515225410461,0.5130996108055115,0.7129024863243103,0.169633686542511,0.964573860168457,0.46701952815055847,0.737740159034729,0.011179545894265175,0.9725175499916077,forward,102.73913961352295,0
1204,40.17346666666667,93.48201751708984,,,,,,,,,,,,,,,,,,,,0.4817294776439667,0.5087016224861145,0.09077224135398865,0.9999695420265198,0.49955591559410095,0.6135124564170837,0.04613151401281357,0.9282816648483276,0.5130795240402222,0.7127699255943298,0.16787628829479218,0.9673312306404114,0.467300146818161,0.7375627756118774,0.0051545933820307255,0.974645733833313,forward,106.65231421845566,0
1205,40.206833333333336,94.20108795166016,,,,,,,,,,,,,,,,,,,,0.4827372133731842,0.507271945476532,0.09090607613325119,0.9999693036079407,0.5007734298706055,0.6148492097854614,0.03888034448027611,0.9321844577789307,0.5130616426467896,0.7122944593429565,0.14783887565135956,0.9692743420600891,0.4675235450267792,0.7374321818351746,-0.020933037623763084,0.9762775897979736,forward,106.50306980820716,0
1206,40.2402,93.81413459777832,,,,,,,,,,,,,,,,,,,,0.48623764514923096,0.5074408650398254,0.08806351572275162,0.9999682307243347,0.5003506541252136,0.615283191204071,0.024752430617809296,0.9354904890060425,0.5130038261413574,0.7119404673576355,0.09631577879190445,0.9709031581878662,0.46759191155433655,0.7371882200241089,-0.07323184609413147,0.9776356220245361,forward,113.51290335775758,1
1207,40.27356666666667,93.25909614562988,,,,,,,,,,,,,,,,,,,,0.4897725284099579,0.5075778365135193,0.08734827488660812,0.9999661445617676,0.4982512295246124,0.6154407262802124,0.020878566429018974,0.9349641799926758,0.5129613876342773,0.7115758061408997,0.027448827400803566,0.97098708152771,0.4701807498931885,0.7367236614227295,-0.14008457958698273,0.9782423973083496,forward,144.3451464006555,1
1208,40.30693333333333,93.49298477172852,,,,,,,,,,,,,,,,,,,,0.4902682304382324,0.5078679323196411,0.07948709279298782,0.9999639987945557,0.4961183965206146,0.6156104207038879,0.004367473069578409,0.9368407726287842,0.5128375291824341,0.7110276818275452,0.015736836940050125,0.9719480276107788,0.4710472524166107,0.736608624458313,-0.15504762530326843,0.9793082475662231,forward,137.9633924125677,1
1209,40.3403,91.83907508850098,,,,,,,,,,,,,,,,,,,,0.49006980657577515,0.508080244064331,0.07564487308263779,0.999961793422699,0.49445968866348267,0.6147514581680298,-0.008582955226302147,0.9404689073562622,0.5124183297157288,0.7095701694488525,0.023545052856206894,0.9735903739929199,0.4711240231990814,0.7363385558128357,-0.16504539549350739,0.9807242751121521,forward,122.77329476193685,1
1210,40.373666666666665,94.56205368041992,,,,,,,,,,,,,,,,,,,,0.4851975739002228,0.509090006351471,0.07390616089105606,0.9999603629112244,0.4910446107387543,0.6145254969596863,-0.017492525279521942,0.9439438581466675,0.511807382106781,0.7095516920089722,0.027647260576486588,0.9752233028411865,0.47073110938072205,0.7362233996391296,-0.14753061532974243,0.9819819331169128,forward,113.68037695301715,1
1211,40.40703333333333,94.27094459533691,,,,,,,,,,,,,,,,,,,,0.4838096797466278,0.509794294834137,0.06659501045942307,0.9999597072601318,0.49113765358924866,0.613831102848053,-0.012762434780597687,0.9474188089370728,0.5108643770217896,0.709469199180603,0.06827455759048462,0.9768310785293579,0.4702453315258026,0.7362076044082642,-0.11772681027650833,0.9828370809555054,forward,102.72633627757713,1
1212,40.440400000000004,93.77884864807129,,,,,,,,,,,,,,,,,,,,0.48328715562820435,0.5125060677528381,0.05639221891760826,0.9999597072601318,0.4911794066429138,0.6138137578964233,-0.013616480864584446,0.9510709047317505,0.5098097324371338,0.709947943687439,0.11629576236009598,0.978370726108551,0.47093164920806885,0.7361995577812195,-0.05893034115433693,0.9834937453269958,forward,92.2587192840323,1
1213,40.47376666666667,94.49386596679688,,,,,,,,,,,,,,,,,,,,0.4829655885696411,0.5158853530883789,0.05253036320209503,0.9999610185623169,0.491123229265213,0.6177421808242798,-0.01650942862033844,0.9548428058624268,0.5094524025917053,0.710077702999115,0.13161201775074005,0.9799795746803284,0.47150787711143494,0.736493706703186,-0.049418579787015915,0.9841853380203247,forward,88.22140635791263,1
1214,40.507133333333336,93.95933151245117,,,,,,,,,,,,,,,,,,,,0.48291096091270447,0.5171748995780945,0.04373830556869507,0.9999624490737915,0.4914112091064453,0.6182810068130493,-0.04626224935054779,0.9584967494010925,0.5094339847564697,0.7100449800491333,0.0989300012588501,0.9815541505813599,0.4722656011581421,0.7368124723434448,-0.10449936240911484,0.9849880933761597,forward,81.06912344912182,1
1215,40.5405,93.80292892456055,,,,,,,,,,,,,,,,,,,,0.4831331670284271,0.5188567638397217,0.044441450387239456,0.9999642372131348,0.4923045337200165,0.6181290149688721,-0.060015104711055756,0.9616978168487549,0.5094741582870483,0.7096388339996338,0.06532540917396545,0.9829686880111694,0.47225940227508545,0.736856997013092,-0.1358821988105774,0.9858285784721375,forward,80.16573874254229,1
1216,40.57386666666667,93.37711334228516,,,,,,,,,,,,,,,,,,,,0.4841570258140564,0.5195226669311523,0.04445703700184822,0.999965488910675,0.4938962459564209,0.6181814074516296,-0.04461625590920448,0.963138222694397,0.5102221965789795,0.7093717455863953,0.07358109951019287,0.9836265444755554,0.47186198830604553,0.7368497252464294,-0.11850636452436447,0.9859644174575806,forward,86.06790021582174,1
1217,40.60723333333333,93.2168960571289,,,,,,,,,,,,,,,,,,,,0.4847676157951355,0.519503653049469,0.04580977186560631,0.999966561794281,0.4946872293949127,0.6181375980377197,-0.013878206722438335,0.9650272130966187,0.5104705095291138,0.7093559503555298,0.1010621041059494,0.9843586087226868,0.47192710638046265,0.7368437647819519,-0.09507175534963608,0.9863554835319519,forward,97.71718536757115,1
1218,40.6406,92.74506568908691,,,,,,,,,,,,,,,,,,,,0.4853453040122986,0.5200712084770203,0.056426797062158585,0.9999653697013855,0.4948808550834656,0.6180546283721924,0.03345957770943642,0.9630129337310791,0.5106063485145569,0.7094914317131042,0.10977448523044586,0.9832572340965271,0.4719236195087433,0.7367375493049622,-0.07554532587528229,0.9854843020439148,forward,127.28359405389621,1
1219,40.673966666666665,93.41096878051758,,,,,,,,,,,,,,,,,,,,0.48628953099250793,0.5229224562644958,0.06858786940574646,0.9999632835388184,0.49497267603874207,0.6190236210823059,0.09176108986139297,0.9627634286880493,0.5111874938011169,0.7096510529518127,0.26242029666900635,0.9831659197807312,0.4719444811344147,0.7367919087409973,0.09218225628137589,0.9854045510292053,forward,131.71598461701117,1
1220,40.70733333333333,93.76788139343262,,,,,,,,,,,,,,,,,,,,0.4892897307872772,0.5253963470458984,0.07344814389944077,0.999957263469696,0.49513497948646545,0.6202525496482849,0.1108889952301979,0.9572815299034119,0.5112572908401489,0.7098852396011353,0.29704374074935913,0.9802926778793335,0.47312095761299133,0.7367729544639587,0.1346048265695572,0.9836073517799377,forward,137.3370677998238,1
1221,40.740700000000004,92.42391586303711,,,,,,,,,,,,,,,,,,,,0.49264827370643616,0.5279279351234436,0.07671843469142914,0.9999494552612305,0.49523723125457764,0.6211210489273071,0.11559964716434479,0.9516194462776184,0.5114977955818176,0.7101911902427673,0.29198434948921204,0.9777953028678894,0.47310584783554077,0.7364835739135742,0.1392088681459427,0.9821621179580688,forward,139.37697917936288,1
1222,40.77406666666667,92.23484992980957,,,,,,,,,,,,,,,,,,,,0.49713343381881714,0.5283635854721069,0.06547888368368149,0.9999454617500305,0.49714016914367676,0.6209658980369568,0.08118710666894913,0.9520954489707947,0.5117373466491699,0.7102493643760681,0.24283190071582794,0.9778493642807007,0.47417449951171875,0.7363347411155701,0.07384379208087921,0.9820954203605652,forward,128.3998986412711,1
1223,40.807433333333336,93.11580657958984,,,,,,,,,,,,,,,,,,,,0.5042605400085449,0.5274767279624939,0.05863742157816887,0.999939501285553,0.5017821788787842,0.6208299994468689,0.05915391817688942,0.951336681842804,0.5129481554031372,0.7105023860931396,0.22155214846134186,0.9770738482475281,0.4745004177093506,0.7362890839576721,0.057592716068029404,0.9813438653945923,forward,119.0497136367181,1
1224,40.8408,93.02687644958496,,,,,,,,,,,,,,,,,,,,0.5101358890533447,0.5268964171409607,0.05296921730041504,0.9999353289604187,0.5060446858406067,0.6207298636436462,0.05787474662065506,0.9509648084640503,0.5135288238525391,0.7106698155403137,0.21156716346740723,0.9771314263343811,0.47423553466796875,0.7362416982650757,0.042076509445905685,0.9811533093452454,forward,123.13467569280591,1
1225,40.87416666666667,92.94009208679199,,,,,,,,,,,,,,,,,,,,0.5164123177528381,0.5266245007514954,0.05265599116683006,0.9999284744262695,0.5078437924385071,0.620657742023468,0.056756749749183655,0.9483066201210022,0.5146118402481079,0.7106898427009583,0.21563416719436646,0.9760851263999939,0.4738589823246002,0.7362452745437622,0.05225376784801483,0.980271577835083,forward,121.63804683768595,1
1226,40.90753333333333,93.94693374633789,,,,,,,,,,,,,,,,,,,,0.5208613872528076,0.52638840675354,0.048594217747449875,0.9999247193336487,0.5109516978263855,0.6207791566848755,0.04163050651550293,0.9493166208267212,0.514958381652832,0.710867166519165,0.19802266359329224,0.9765673875808716,0.4737935960292816,0.7362858057022095,0.03672634810209274,0.9804466962814331,forward,115.42082100171523,1
1227,40.9409,92.3910140991211,,,,,,,,,,,,,,,,,,,,0.5253183245658875,0.5262280702590942,0.04798398166894913,0.999920666217804,0.513376772403717,0.6209600567817688,0.03409479930996895,0.9500470161437988,0.5149393081665039,0.7109083533287048,0.18341027200222015,0.9769682884216309,0.4737713932991028,0.7362843751907349,0.023612119257450104,0.9805692434310913,forward,112.46980364495427,1
1228,40.974266666666665,93.89901161193848,,,,,,,,,,,,,,,,,,,,0.5291575789451599,0.526099443435669,0.048106495290994644,0.9999188780784607,0.5152413845062256,0.6212559342384338,0.03545565530657768,0.9511651396751404,0.5149312615394592,0.7108278870582581,0.2047807276248932,0.9773929715156555,0.47335267066955566,0.7364117503166199,0.049022089689970016,0.9807127118110657,forward,110.1006069341065,1
1229,41.00763333333333,92.58699417114258,,,,,,,,,,,,,,,,,,,,0.5337671637535095,0.5259165167808533,0.04528851434588432,0.9999187588691711,0.5144333243370056,0.6217600107192993,0.005039479583501816,0.9534095525741577,0.5149191617965698,0.7103541493415833,0.18412381410598755,0.9782759547233582,0.47305911779403687,0.7366518378257751,0.03514173999428749,0.9811802506446838,forward,93.45681710683826,1
1230,41.041000000000004,92.32020378112793,,,,,,,,,,,,,,,,,,,,0.5369301438331604,0.5258709192276001,0.04067834094166756,0.9999176263809204,0.5137888789176941,0.6219249367713928,-0.0034154036547988653,0.9558764696121216,0.5154229998588562,0.7073945999145508,0.23997282981872559,0.979042649269104,0.4730105698108673,0.7366506457328796,0.093973308801651,0.9814509153366089,forward,84.73730178597167,1
1231,41.07436666666667,92.43297576904297,,,,,,,,,,,,,,,,,,,,0.5403657555580139,0.5259851217269897,0.040121566504240036,0.9999176859855652,0.5130472779273987,0.6210206151008606,-0.020138483494520187,0.9587346315383911,0.5188089609146118,0.7034157514572144,0.25293004512786865,0.9799076318740845,0.473129004240036,0.7364438772201538,0.12228328734636307,0.9818285703659058,forward,74.58345356600051,1
1232,41.107733333333336,92.6971435546875,,,,,,,,,,,,,,,,,,,,0.5427901148796082,0.526055634021759,0.04097945988178253,0.9999201893806458,0.5077705383300781,0.6197581887245178,-0.06417986005544662,0.962231457233429,0.5270772576332092,0.6993675827980042,0.2626926898956299,0.9812074899673462,0.4772365987300873,0.7359254956245422,0.14464977383613586,0.982760488986969,forward,55.65903947194901,1
1233,41.1411,93.21904182434082,,,,,,,,,,,,,,,,,,,,0.5447414517402649,0.5252397656440735,0.041884150356054306,0.9999228715896606,0.5019102692604065,0.6154604554176331,-0.1546952873468399,0.9656854867935181,0.5370616912841797,0.6961915493011475,0.1660017967224121,0.9825726747512817,0.48356300592422485,0.7358919382095337,0.06580114364624023,0.9837872385978699,forward,38.6544965096626,1
1234,41.17446666666667,93.59908103942871,,,,,,,,,,,,,,,,,,,,0.5473482012748718,0.5245482325553894,0.04323029890656471,0.9999260306358337,0.4973667860031128,0.6105772852897644,-0.20676329731941223,0.9688408970832825,0.5404608249664307,0.6959747076034546,0.09017952531576157,0.9838740825653076,0.490023136138916,0.7376453876495361,-0.031455934047698975,0.9847985506057739,forward,34.66368656201714,1
1235,41.20783333333333,93.00494194030762,,,,,,,,,,,,,,,,,,,,0.5489518642425537,0.5237588882446289,0.042347438633441925,0.9999296069145203,0.4963245391845703,0.6082393527030945,-0.2311050295829773,0.9716838598251343,0.5378739833831787,0.6969876885414124,0.05556224659085274,0.9849517941474915,0.4947916567325592,0.7429511547088623,-0.07113395631313324,0.985564649105072,forward,34.010767332760174,1
1236,41.2412,93.42074394226074,,,,,,,,,,,,,,,,,,,,0.549162745475769,0.5233706831932068,0.035379499197006226,0.9999321699142456,0.49682390689849854,0.6091301441192627,-0.2278967648744583,0.9739810824394226,0.5335690379142761,0.7009820342063904,0.027893954887986183,0.9854300022125244,0.49709659814834595,0.7487317323684692,-0.11372452229261398,0.9857311248779297,forward,37.40691527268762,1
1237,41.274566666666665,93.14680099487305,,,,,,,,,,,,,,,,,,,,0.550054669380188,0.5222172737121582,0.014465771615505219,0.9999293684959412,0.5023648142814636,0.6099644899368286,-0.21387487649917603,0.9747671484947205,0.5131991505622864,0.7076556086540222,0.0036058847326785326,0.9835278391838074,0.4988289773464203,0.7507666945457458,-0.18019264936447144,0.9834219813346863,forward,45.61604804719413,1
1238,41.30793333333333,93.64891052246094,,,,,,,,,,,,,,,,,,,,0.5531768798828125,0.5210821032524109,0.0009456658735871315,0.9999237060546875,0.5138993263244629,0.6102553606033325,-0.14613698422908783,0.9733982086181641,0.4887496531009674,0.7113348245620728,0.02393915317952633,0.9804293513298035,0.4908810555934906,0.7522201538085938,-0.18848034739494324,0.9799150824546814,forward,64.74250552787697,1
1239,41.341300000000004,92.37480163574219,,,,,,,,,,,,,,,,,,,,0.5551334619522095,0.5206096172332764,0.0003963527560699731,0.9999211430549622,0.5185375213623047,0.6117496490478516,-0.09817859530448914,0.9735445976257324,0.47657737135887146,0.7140392065048218,0.034424200654029846,0.9797534942626953,0.47463592886924744,0.75157630443573,-0.1857863962650299,0.978837788105011,forward,84.71447161965085,0
1240,41.37466666666667,92.94986724853516,,,,,,,,,,,,,,,,,,,,0.5567708611488342,0.5206882357597351,0.01112557202577591,0.9999226927757263,0.517300009727478,0.6139429807662964,-0.03700564056634903,0.9750742316246033,0.4769684970378876,0.7157148122787476,0.04673372209072113,0.9810128808021545,0.4564586281776428,0.7506277561187744,-0.12766824662685394,0.9798845648765564,forward,117.15199543583972,1
1241,41.408033333333336,94.20585632324219,,,,,,,,,,,,,,,,,,,,0.5584625601768494,0.520458459854126,0.04108477383852005,0.9999248385429382,0.5168479681015015,0.6146009564399719,-0.012549045495688915,0.9761179685592651,0.48173245787620544,0.7154057621955872,0.0714244693517685,0.9821353554725647,0.43533483147621155,0.7430755496025085,-0.0853700265288353,0.980904221534729,forward,114.14274884258252,1
1242,41.4414,94.86174583435059,,,,,,,,,,,,,,,,,,,,0.5592061877250671,0.5205119848251343,0.0437043122947216,0.9999271035194397,0.5170296430587769,0.6146305203437805,-0.024245893582701683,0.9773456454277039,0.48285895586013794,0.7150789499282837,0.0767548680305481,0.9833150506019592,0.4332359731197357,0.740986704826355,-0.08857584744691849,0.9819825291633606,forward,102.87752708799003,1
1243,41.47476666666667,94.6052074432373,,,,,,,,,,,,,,,,,,,,0.558366596698761,0.5211285948753357,0.03722057864069939,0.999930202960968,0.5167076587677002,0.6148072481155396,-0.0452626533806324,0.9790771007537842,0.48110175132751465,0.7152915596961975,0.05150625854730606,0.9846407771110535,0.44155970215797424,0.7424105405807495,-0.13884572684764862,0.9832566976547241,forward,98.85017530084966,1
1244,41.50813333333333,92.12517738342285,,,,,,,,,,,,,,,,,,,,0.5580629110336304,0.5212727189064026,0.022440319880843163,0.9999322891235352,0.5145931243896484,0.6149258017539978,-0.061550457030534744,0.9804143905639648,0.4789994955062866,0.7154754996299744,0.05661587044596672,0.9855242967605591,0.4459523856639862,0.7472680807113647,-0.1372462660074234,0.9839712977409363,forward,92.81125344871242,1
1245,41.5415,93.17398071289062,,,,,,,,,,,,,,,,,,,,0.5570453405380249,0.5213884115219116,0.013797741383314133,0.9999337196350098,0.5102326273918152,0.6148067712783813,-0.09362197667360306,0.9815133810043335,0.47596830129623413,0.715951144695282,0.049103401601314545,0.9860801696777344,0.44660887122154236,0.7504828572273254,-0.1524002104997635,0.9842737913131714,forward,80.7828730980379,1
1246,41.574866666666665,94.18869018554688,,,,,,,,,,,,,,,,,,,,0.5547599196434021,0.5213735103607178,0.00913968589156866,0.9999350309371948,0.5052139163017273,0.6145732998847961,-0.10635783523321152,0.9824480414390564,0.47445231676101685,0.7158272862434387,0.049925703555345535,0.9865270853042603,0.44703152775764465,0.7527146935462952,-0.1523769348859787,0.9844757914543152,forward,76.10954975969128,1
1247,41.60823333333333,92.9861068725586,,,,,,,,,,,,,,,,,,,,0.5523252487182617,0.5212918519973755,0.008263276889920235,0.9999356865882874,0.5006952285766602,0.6145668625831604,-0.1085454598069191,0.9832209348678589,0.4722810983657837,0.7156283259391785,0.06799327582120895,0.9868002533912659,0.4495878517627716,0.7542647123336792,-0.13322710990905762,0.9844951629638672,forward,72.57371713278533,1
1248,41.641600000000004,93.54519844055176,,,,,,,,,,,,,,,,,,,,0.5496010780334473,0.5213138461112976,0.009015213698148727,0.9999359250068665,0.4976137578487396,0.6145748496055603,-0.10374799370765686,0.9835982322692871,0.4699864089488983,0.7155284285545349,0.07908380031585693,0.986829936504364,0.44904398918151855,0.7555550336837769,-0.10763467103242874,0.9843328595161438,forward,72.6329163381047,1
1249,41.67496666666667,93.87898445129395,,,,,,,,,,,,,,,,,,,,0.5465887784957886,0.5214338898658752,0.009781514294445515,0.9999367594718933,0.49546512961387634,0.6150333881378174,-0.08133264631032944,0.9841240644454956,0.4668978452682495,0.7154070734977722,0.14535385370254517,0.9870162606239319,0.44570237398147583,0.7569803595542908,-0.03780220448970795,0.9843299388885498,forward,73.74425834528505,1
1250,41.708333333333336,93.68109703063965,,,,,,,,,,,,,,,,,,,,0.5432870388031006,0.521623432636261,0.009074336849153042,0.9999377727508545,0.4933868944644928,0.6165972948074341,-0.06756608188152313,0.9845885038375854,0.4643653333187103,0.7153319120407104,0.14905565977096558,0.9872570633888245,0.44260865449905396,0.7572818994522095,-0.02925393171608448,0.9844349026679993,forward,79.47373500600123,1
1251,41.7417,94.27714347839355,,,,,,,,,,,,,,,,,,,,0.5394459962844849,0.5222424864768982,0.0050717866979539394,0.9999380111694336,0.4923416078090668,0.6191898584365845,-0.05303891375660896,0.9845040440559387,0.46245113015174866,0.7152969837188721,0.16177166998386383,0.987042248249054,0.4436064064502716,0.7565812468528748,-0.02433726005256176,0.9839954376220703,forward,86.53133560303802,1
1252,41.77506666666667,93.83487701416016,,,,,,,,,,,,,,,,,,,,0.534119188785553,0.5222577452659607,0.003988061565905809,0.9999383687973022,0.49154138565063477,0.6219915747642517,-0.038711704313755035,0.9835880398750305,0.4608597457408905,0.715591549873352,0.1679721474647522,0.9861339926719666,0.44401413202285767,0.7562165856361389,-0.023118121549487114,0.9828760623931885,forward,93.90253995540903,1
1253,41.80843333333333,92.51999855041504,,,,,,,,,,,,,,,,,,,,0.5300132632255554,0.5235771536827087,0.00407791044563055,0.9999383687973022,0.4894580841064453,0.6242284178733826,-0.03465694561600685,0.9815255999565125,0.4598522186279297,0.7169790267944336,0.1491151750087738,0.984555721282959,0.44449111819267273,0.7561845183372498,-0.03692556917667389,0.9809866547584534,forward,98.20004954958426,1
1254,41.8418,92.9720401763916,,,,,,,,,,,,,,,,,,,,0.5242679715156555,0.5242288708686829,0.0044016665779054165,0.9999383687973022,0.4887828230857849,0.6249626874923706,-0.03509843721985817,0.9797734022140503,0.45985615253448486,0.7197375893592834,0.10783708840608597,0.9834749698638916,0.4442647099494934,0.7563521265983582,-0.07247718423604965,0.9797495007514954,forward,104.40664981293968,1
1255,41.875166666666665,92.76080131530762,,,,,,,,,,,,,,,,,,,,0.5186904668807983,0.5246805548667908,0.005761098116636276,0.9999402761459351,0.4875195622444153,0.6252277493476868,-0.03441203385591507,0.9802125096321106,0.4602873921394348,0.7221383452415466,0.11999218165874481,0.9840918183326721,0.443396657705307,0.7567585706710815,-0.07174549251794815,0.9804207682609558,forward,102.2035540874668,1
1256,41.90853333333333,94.27404403686523,,,,,,,,,,,,,,,,,,,,0.5120028853416443,0.5248327255249023,0.006892851088196039,0.9999422430992126,0.4854000508785248,0.6256547570228577,-0.03464645892381668,0.9806774854660034,0.4608305096626282,0.7235678434371948,0.13017995655536652,0.984652578830719,0.44248318672180176,0.7570364475250244,-0.061434511095285416,0.9810506105422974,forward,99.7625501583714,1
1257,41.941900000000004,94.24924850463867,,,,,,,,,,,,,,,,,,,,0.5048474073410034,0.5248087644577026,0.009977749548852444,0.9999442100524902,0.4828442633152008,0.626239538192749,-0.02900104597210884,0.9813166856765747,0.4610339403152466,0.7236931324005127,0.17138999700546265,0.9853699803352356,0.44144323468208313,0.7575744986534119,-0.020240910351276398,0.9818846583366394,forward,95.90482720174182,0
1258,41.97526666666667,93.84894371032715,,,,,,,,,,,,,,,,,,,,0.49615997076034546,0.5248846411705017,0.013525051064789295,0.9999465346336365,0.4792185425758362,0.6269163489341736,-0.01901300624012947,0.9817245602607727,0.46126240491867065,0.7245683073997498,0.17697075009346008,0.9859669208526611,0.4415961802005768,0.7575820684432983,-0.011229455471038818,0.9825307726860046,forward,99.40061580034728,0
1259,42.008633333333336,93.50872039794922,,,,,,,,,,,,,,,,,,,,0.4885193407535553,0.5248017311096191,0.013682817108929157,0.9999482035636902,0.47416120767593384,0.6282831430435181,-0.01234176941215992,0.9817716479301453,0.46102282404899597,0.7242565751075745,0.19596636295318604,0.9862188100814819,0.44201040267944336,0.757587730884552,0.006755402777343988,0.9828052520751953,forward,100.95166291246237,1
1260,42.042,93.25528144836426,,,,,,,,,,,,,,,,,,,,0.48260971903800964,0.5247946977615356,0.012716432102024555,0.9999493956565857,0.47057563066482544,0.6287583708763123,-0.016515204682946205,0.9815990328788757,0.46108537912368774,0.7241840362548828,0.18350039422512054,0.9863507151603699,0.4421427547931671,0.7579513788223267,-0.009188010357320309,0.9829216003417969,forward,100.00659142567352,1
1261,42.07536666666667,93.01614761352539,,,,,,,,,,,,,,,,,,,,0.47800350189208984,0.5247906446456909,0.01283301506191492,0.999951183795929,0.46724459528923035,0.6294592618942261,-0.01144425105303526,0.9823645353317261,0.46123310923576355,0.7242738008499146,0.1807011067867279,0.9870990514755249,0.44163376092910767,0.7582172155380249,0.000777707900851965,0.9837430715560913,forward,103.29792877732848,1
1262,42.10873333333333,94.86913681030273,,,,,,,,,,,,,,,,,,,,0.47639381885528564,0.5257554650306702,0.012110529467463493,0.9999527931213379,0.46523621678352356,0.6298592686653137,-0.012686236761510372,0.9831959009170532,0.4612495005130768,0.7241783738136292,0.19405826926231384,0.9878571033477783,0.4413858950138092,0.7583262920379639,0.016744691878557205,0.9845156669616699,forward,101.16895990877009,1
1263,42.1421,93.59192848205566,,,,,,,,,,,,,,,,,,,,0.47195228934288025,0.5269116163253784,0.011889086104929447,0.9999542236328125,0.463612824678421,0.6304368376731873,-0.013278491795063019,0.9838432669639587,0.4612945318222046,0.724423348903656,0.19590872526168823,0.9885060787200928,0.4413919746875763,0.7587907910346985,0.026826946064829826,0.9851447939872742,forward,100.54316618930137,1
1264,42.175466666666665,93.54591369628906,,,,,,,,,,,,,,,,,,,,0.4678983986377716,0.5281217694282532,0.008531699888408184,0.9999560713768005,0.46129950881004333,0.6305886507034302,-0.03343134745955467,0.9844295382499695,0.46100884675979614,0.7244371771812439,0.2000759392976761,0.989061176776886,0.44127601385116577,0.7588563561439514,0.03100467659533024,0.98566734790802,forward,89.62973814361759,1
1265,42.20883333333333,92.45586395263672,,,,,,,,,,,,,,,,,,,,0.46414440870285034,0.5285853147506714,0.005542966071516275,0.9999579787254333,0.45783939957618713,0.6304038166999817,-0.07898694276809692,0.9848483204841614,0.46042704582214355,0.7248402833938599,0.12288206815719604,0.9895275831222534,0.4403946101665497,0.7591254115104675,-0.0299067460000515,0.9860920310020447,forward,75.35640553216902,1
1266,42.242200000000004,93.13297271728516,,,,,,,,,,,,,,,,,,,,0.4605504870414734,0.5284523963928223,0.004872712306678295,0.9999598860740662,0.4555348753929138,0.6297178268432617,-0.10275919735431671,0.9854007959365845,0.4603331685066223,0.7250450253486633,0.06982225179672241,0.9900516271591187,0.43955644965171814,0.7591075897216797,-0.09128183126449585,0.9866243600845337,forward,72.13527669724456,1
1267,42.27556666666667,92.09990501403809,,,,,,,,,,,,,,,,,,,,0.45886650681495667,0.5283771753311157,0.005305288825184107,0.9999609589576721,0.4532804787158966,0.6286607980728149,-0.09326913207769394,0.9858741164207458,0.4599617123603821,0.7252722382545471,0.0990639254450798,0.9904396533966064,0.4395558536052704,0.7592833638191223,-0.06525792181491852,0.9869987368583679,forward,72.11269910951938,1
1268,42.308933333333336,91.92776679992676,,,,,,,,,,,,,,,,,,,,0.45608025789260864,0.5283439755439758,0.016022387892007828,0.9999611973762512,0.4506659507751465,0.6285394430160522,-0.08266910165548325,0.9862735271453857,0.4598120152950287,0.7257618308067322,0.0978362187743187,0.9908304214477539,0.4390997886657715,0.7593040466308594,-0.0702647715806961,0.9874578714370728,forward,73.66733737359007,1
1269,42.3423,93.55998039245605,,,,,,,,,,,,,,,,,,,,0.45403093099594116,0.5282665491104126,0.027146704494953156,0.9999586939811707,0.45024850964546204,0.6285802125930786,-0.03215286135673523,0.9847714304924011,0.45981618762016296,0.7261572480201721,0.12643134593963623,0.9899892807006836,0.4391322135925293,0.7592918276786804,-0.03177011013031006,0.9866135120391846,forward,90.91766704854656,1
1270,42.37566666666667,94.29574012756348,,,,,,,,,,,,,,,,,,,,0.45157527923583984,0.5282480716705322,0.02928076684474945,0.9999560117721558,0.4497951865196228,0.6285790205001831,-0.01877797394990921,0.98077392578125,0.45988163352012634,0.7261156439781189,0.13423839211463928,0.9875577092170715,0.4404011070728302,0.759120762348175,-0.013434689491987228,0.9840532541275024,forward,96.85712666407782,1
1271,42.40903333333333,93.63889694213867,,,,,,,,,,,,,,,,,,,,0.4497254192829132,0.5285659432411194,0.028853729367256165,0.9999532103538513,0.4492786228656769,0.6289083361625671,-0.008821340277791023,0.9789422154426575,0.45997196435928345,0.7259835600852966,0.1831706166267395,0.9867234826087952,0.441205769777298,0.7588287591934204,0.02587350830435753,0.9830165505409241,forward,96.22301773555058,1
1272,42.4424,94.01607513427734,,,,,,,,,,,,,,,,,,,,0.44801193475723267,0.5286645889282227,0.026287397369742393,0.9999503493309021,0.44896042346954346,0.6291609406471252,-0.016690220683813095,0.9751050472259521,0.4602116644382477,0.7259694337844849,0.13428111374378204,0.9844567775726318,0.442647248506546,0.7584014534950256,-0.012198484502732754,0.9804002046585083,forward,99.52773438540326,1
1273,42.475766666666665,94.3441390991211,,,,,,,,,,,,,,,,,,,,0.44585511088371277,0.529712975025177,0.021087288856506348,0.999950647354126,0.44895341992378235,0.6294126510620117,-0.020999109372496605,0.973626434803009,0.46048110723495483,0.7257736921310425,0.1275845319032669,0.9837937951087952,0.44261598587036133,0.7582743167877197,-0.01307751052081585,0.9794348478317261,forward,100.16101160760348,1
1274,42.50913333333333,93.1997299194336,,,,,,,,,,,,,,,,,,,,0.4445211887359619,0.5297992825508118,0.0077656046487390995,0.9999513626098633,0.44927290081977844,0.6294022798538208,-0.04164572432637215,0.9725969433784485,0.46052175760269165,0.725623369216919,0.06964188069105148,0.9828019738197327,0.44282612204551697,0.7580082416534424,-0.06278623640537262,0.9780065417289734,forward,104.59822688416442,1
1275,42.542500000000004,92.98276901245117,,,,,,,,,,,,,,,,,,,,0.44430917501449585,0.5300483107566833,0.008133254013955593,0.9999516606330872,0.44952815771102905,0.6293988823890686,-0.039922233670949936,0.9725412130355835,0.4606572687625885,0.725575864315033,0.0933656096458435,0.9829772114753723,0.442801833152771,0.7579866647720337,-0.051224809139966965,0.9780438542366028,forward,100.15170462915529,1
1276,42.57586666666667,93.10007095336914,,,,,,,,,,,,,,,,,,,,0.4445084035396576,0.5299689173698425,0.008387242443859577,0.999951183795929,0.4497421383857727,0.6293922662734985,-0.038833241909742355,0.9715573787689209,0.4609382748603821,0.7255539298057556,0.09204472601413727,0.9825865626335144,0.4427652359008789,0.7578317523002625,-0.055652230978012085,0.9775184392929077,forward,101.05332953033947,1
1277,42.609233333333336,93.86801719665527,,,,,,,,,,,,,,,,,,,,0.44532835483551025,0.5299515128135681,0.012475743889808655,0.9999514818191528,0.44978341460227966,0.6295138001441956,-0.024378912523388863,0.9725346565246582,0.4610561430454254,0.7255192399024963,0.15464945137500763,0.9833177924156189,0.44273677468299866,0.757738471031189,-0.01880590245127678,0.9783312082290649,forward,98.005138422466,1
1278,42.6426,94.5899486541748,,,,,,,,,,,,,,,,,,,,0.4455503225326538,0.5297877788543701,0.016997477039694786,0.9999523758888245,0.44988182187080383,0.6295202374458313,-0.01243135891854763,0.9735394716262817,0.4611077606678009,0.7255008816719055,0.16439977288246155,0.9840628504753113,0.4426766335964203,0.757663905620575,-0.009568319655954838,0.979192852973938,forward,102.15840277025723,1
1279,42.67596666666667,93.26004981994629,,,,,,,,,,,,,,,,,,,,0.4459657073020935,0.5297339558601379,0.01927722804248333,0.9999530911445618,0.449957013130188,0.6295986771583557,0.008064927533268929,0.9746319651603699,0.46112924814224243,0.7254844307899475,0.2094137966632843,0.9848805665969849,0.44261276721954346,0.7576539516448975,0.029040100052952766,0.9801455736160278,forward,109.1385548358434,1
1280,42.70933333333333,92.89169311523438,,,,,,,,,,,,,,,,,,,,0.44601568579673767,0.5297444462776184,0.019185036420822144,0.999954104423523,0.4503990411758423,0.6297932863235474,-0.002102532424032688,0.975836455821991,0.46114107966423035,0.7254992127418518,0.1899302899837494,0.9856981039047241,0.44255757331848145,0.7576500177383423,0.013113797642290592,0.9811389446258545,forward,104.57374129422607,1
1281,42.7427,92.82207489013672,,,,,,,,,,,,,,,,,,,,0.44662925601005554,0.5295018553733826,0.01911909319460392,0.9999552369117737,0.452352911233902,0.6297915577888489,-3.6774777072423603e-06,0.9769858121871948,0.46115511655807495,0.7256183624267578,0.18411576747894287,0.9865512251853943,0.44237375259399414,0.7576753497123718,0.006127281114459038,0.9821763634681702,forward,106.79939520858983,1
1282,42.776066666666665,93.4748649597168,,,,,,,,,,,,,,,,,,,,0.44932821393013,0.5292383432388306,0.016084009781479836,0.9999564290046692,0.45368489623069763,0.6296414136886597,-0.004227377939969301,0.9781109094619751,0.4611855745315552,0.7256314754486084,0.18271169066429138,0.9872981905937195,0.4423612952232361,0.7576682567596436,-0.026119770482182503,0.983058750629425,forward,105.8086114859257,1
1283,42.80943333333333,92.7879810333252,,,,,,,,,,,,,,,,,,,,0.4525817334651947,0.5292297005653381,0.008740149438381195,0.9999577403068542,0.4555943012237549,0.629279375076294,-0.013753104954957962,0.9790396094322205,0.4611971080303192,0.7256515026092529,0.16820240020751953,0.987873375415802,0.4436580538749695,0.7572939395904541,-0.04926137626171112,0.9837600588798523,forward,105.27210158262696,1
1284,42.842800000000004,92.99492835998535,,,,,,,,,,,,,,,,,,,,0.456188827753067,0.529181182384491,0.007082715630531311,0.9999582767486572,0.4573902189731598,0.628622829914093,-0.04567436873912811,0.9795531034469604,0.46120989322662354,0.7255275249481201,0.10729670524597168,0.9882108569145203,0.44400063157081604,0.7566165328025818,-0.09227754175662994,0.9842191338539124,forward,94.41786551019742,1
1285,42.87616666666667,94.37990188598633,,,,,,,,,,,,,,,,,,,,0.46005043387413025,0.528985321521759,0.00442531518638134,0.9999586343765259,0.4604383111000061,0.6285228133201599,-0.05398108437657356,0.9795127511024475,0.4612254798412323,0.7255593538284302,0.09376988559961319,0.9880884885787964,0.4457353949546814,0.7565767168998718,-0.10985896736383438,0.9841020107269287,forward,92.89254826597458,1
1286,42.909533333333336,92.72193908691406,,,,,,,,,,,,,,,,,,,,0.4648253619670868,0.5288612842559814,0.0031289567705243826,0.9999597668647766,0.4625217318534851,0.6284008622169495,-0.05083352327346802,0.9802905321121216,0.4612199068069458,0.7255138754844666,0.11116064339876175,0.9885228872299194,0.44592052698135376,0.7563042044639587,-0.0958256870508194,0.9846431612968445,forward,92.4864636214185,1
1287,42.9429,93.10269355773926,,,,,,,,,,,,,,,,,,,,0.4717995822429657,0.5285125970840454,0.003567554522305727,0.9999602437019348,0.4641853868961334,0.6284039616584778,-0.05242200195789337,0.9807683825492859,0.4612187147140503,0.7255123853683472,0.1120358407497406,0.9888139963150024,0.445895791053772,0.7562094926834106,-0.09773899614810944,0.9849579930305481,forward,91.34606723098406,1
1288,42.97626666666667,92.4532413482666,,,,,,,,,,,,,,,,,,,,0.4768500328063965,0.5274786353111267,0.002821145346388221,0.9999599456787109,0.4668976962566376,0.6282384991645813,-0.08609955757856369,0.980720579624176,0.4612254202365875,0.7255458235740662,0.022329863160848618,0.9885998964309692,0.445849746465683,0.7560921907424927,-0.18515978753566742,0.9847184419631958,forward,90.64014219731563,1
1289,43.00963333333333,93.0180549621582,,,,,,,,,,,,,,,,,,,,0.4803321063518524,0.52653568983078,0.0030232102144509554,0.999960720539093,0.46986234188079834,0.6279588937759399,-0.07785052061080933,0.9814870953559875,0.4613214135169983,0.7255244851112366,0.06130491942167282,0.9889432787895203,0.44591817259788513,0.7559741735458374,-0.1605251133441925,0.9851695895195007,forward,86.71452807002683,1
1290,43.043,93.55401992797852,,,,,,,,,,,,,,,,,,,,0.4842282235622406,0.5254957675933838,0.0023583590518683195,0.9999609589576721,0.47316205501556396,0.627780020236969,-0.0743425190448761,0.9813013076782227,0.46160081028938293,0.7255304455757141,0.05649903789162636,0.9886384606361389,0.44593870639801025,0.7561551332473755,-0.15584515035152435,0.9848241209983826,forward,90.2470754285183,0
1291,43.076366666666665,94.00796890258789,,,,,,,,,,,,,,,,,,,,0.48752039670944214,0.5254679322242737,0.0007314890390262008,0.9999613761901855,0.47472885251045227,0.627792477607727,-0.07405465841293335,0.9812484383583069,0.4619707763195038,0.7254392504692078,0.06960983574390411,0.988332986831665,0.4459401071071625,0.7563273906707764,-0.1374647617340088,0.9844711422920227,forward,88.47814535176002,0
1292,43.10973333333333,94.24901008605957,,,,,,,,,,,,,,,,,,,,0.4909292161464691,0.5254995226860046,0.0008168525528162718,0.999962568283081,0.4758370816707611,0.6277478933334351,-0.07286304980516434,0.9819003343582153,0.4622378647327423,0.7247010469436646,0.07605668902397156,0.9886582493782043,0.44584888219833374,0.7562992572784424,-0.13265204429626465,0.9848663806915283,forward,87.83683909762557,1
1293,43.143100000000004,93.66989135742188,,,,,,,,,,,,,,,,,,,,0.49469202756881714,0.5257089734077454,-0.001770729897543788,0.9999627470970154,0.4759764075279236,0.6270231604576111,-0.08548812568187714,0.9821143746376038,0.4624873697757721,0.7229757905006409,0.0719558596611023,0.9887375831604004,0.44564658403396606,0.75592041015625,-0.13103847205638885,0.9848970174789429,forward,82.49159670984339,1
1294,43.17646666666667,93.80793571472168,,,,,,,,,,,,,,,,,,,,0.4985582232475281,0.5257592797279358,-0.001236560638062656,0.9999634027481079,0.4759722054004669,0.6251767873764038,-0.08235188573598862,0.9827302098274231,0.4638940691947937,0.7213818430900574,0.069217249751091,0.9891632199287415,0.44355231523513794,0.7556788921356201,-0.128473699092865,0.985426127910614,forward,83.98282154349494,1
1295,43.209833333333336,93.51134300231934,,,,,,,,,,,,,,,,,,,,0.5014097094535828,0.5257890820503235,0.000909156515263021,0.9999632239341736,0.4755374491214752,0.6229134798049927,-0.130577951669693,0.983510434627533,0.4692672789096832,0.7191355228424072,0.053912896662950516,0.9895355105400085,0.44231024384498596,0.7557293772697449,-0.1334621012210846,0.9858768582344055,forward,64.65083785030812,1
1296,43.2432,92.77176856994629,,,,,,,,,,,,,,,,,,,,0.5036047697067261,0.5256230235099792,0.006224635988473892,0.9999635815620422,0.47285178303718567,0.620384156703949,-0.18679898977279663,0.9845975041389465,0.47599413990974426,0.7174525856971741,0.00506260059773922,0.9900843501091003,0.4404240548610687,0.755855917930603,-0.17390389740467072,0.9865521192550659,forward,53.274714462820384,1
1297,43.27656666666667,92.28229522705078,,,,,,,,,,,,,,,,,,,,0.5053625702857971,0.524794340133667,0.008202316239476204,0.9999638795852661,0.4699871242046356,0.6180368065834045,-0.20838014781475067,0.9853426218032837,0.47928693890571594,0.7166663408279419,-0.03533020615577698,0.9903523325920105,0.44065186381340027,0.7561734318733215,-0.2105298936367035,0.9868665337562561,forward,53.00180619670711,1
1298,43.30993333333333,92.26703643798828,,,,,,,,,,,,,,,,,,,,0.5073716640472412,0.5240333676338196,0.0080850375816226,0.9999641180038452,0.4699886739253998,0.6172440648078918,-0.21298262476921082,0.9859189987182617,0.47788548469543457,0.7170826196670532,-0.03940752521157265,0.9905450940132141,0.44290778040885925,0.7580177187919617,-0.22853189706802368,0.9870736002922058,forward,52.88507435201992,1
1299,43.3433,92.2858715057373,,,,,,,,,,,,,,,,,,,,0.5089946985244751,0.5231007933616638,-0.00040395540418103337,0.9999632835388184,0.47433382272720337,0.6171053647994995,-0.17795942723751068,0.9856888651847839,0.4718029201030731,0.7181002497673035,-0.011045178398489952,0.9900258183479309,0.44991567730903625,0.7605180144309998,-0.2282266616821289,0.9864698052406311,forward,59.722988376274905,1
1300,43.376666666666665,93.73331069946289,,,,,,,,,,,,,,,,,,,,0.511974573135376,0.5228856205940247,-0.012917528860270977,0.9999614357948303,0.48033764958381653,0.6174478530883789,-0.16257984936237335,0.9843124151229858,0.4595254063606262,0.7181627154350281,-0.008349584415555,0.9885000586509705,0.4516765773296356,0.761033833026886,-0.2457456737756729,0.9847769737243652,forward,67.23455473465982,1
1301,43.41003333333333,93.22977066040039,,,,,,,,,,,,,,,,,,,,0.5138230919837952,0.5222356915473938,-0.014814209192991257,0.9999611973762512,0.4821610152721405,0.6177393794059753,-0.09529829770326614,0.9838600754737854,0.4525778591632843,0.7182136178016663,0.03840455412864685,0.9881022572517395,0.44827646017074585,0.7594814896583557,-0.22901561856269836,0.9843361973762512,forward,89.40139191687501,1
1302,43.443400000000004,92.74721145629883,,,,,,,,,,,,,,,,,,,,0.515138566493988,0.5220221281051636,-0.013781709596514702,0.9999624490737915,0.482003778219223,0.6179742217063904,-0.05469499155879021,0.9845045804977417,0.45068150758743286,0.7184976935386658,0.06840848177671432,0.9887317419052124,0.4425184428691864,0.754616916179657,-0.18500949442386627,0.9851074814796448,forward,108.57214092513387,1
1303,43.47676666666667,94.16508674621582,,,,,,,,,,,,,,,,,,,,0.5160093903541565,0.5219487547874451,0.005728559102863073,0.99996417760849,0.48142123222351074,0.6181425452232361,-0.04547438398003578,0.9854248762130737,0.4515693187713623,0.7190682291984558,0.06753417104482651,0.9895788431167603,0.42932596802711487,0.752698540687561,-0.15828901529312134,0.9861761331558228,forward,106.29726884395158,1
1304,43.510133333333336,94.07901763916016,,,,,,,,,,,,,,,,,,,,0.5153262615203857,0.5223606824874878,0.016783205792307854,0.9999659657478333,0.481014609336853,0.6182379126548767,-0.041944198310375214,0.9862635135650635,0.4527042806148529,0.7200102210044861,0.06329920142889023,0.9903901815414429,0.4203278124332428,0.7528946995735168,-0.15313629806041718,0.9872010350227356,forward,105.03907699634719,1
1305,43.5435,93.32084655761719,,,,,,,,,,,,,,,,,,,,0.5144370794296265,0.5223825573921204,0.018380098044872284,0.9999675750732422,0.4807344675064087,0.6187695860862732,-0.05469315126538277,0.9871548414230347,0.4530109465122223,0.7214537262916565,0.06296198815107346,0.991144061088562,0.41896772384643555,0.755175769329071,-0.15800254046916962,0.9881582260131836,forward,96.44182792374498,1
1306,43.57686666666667,93.4610366821289,,,,,,,,,,,,,,,,,,,,0.5141692161560059,0.5223947167396545,0.017234113067388535,0.9999688863754272,0.48051080107688904,0.6190266013145447,-0.06267129629850388,0.9878889918327332,0.4533408582210541,0.7221073508262634,0.036363739520311356,0.9917934536933899,0.42008718848228455,0.7554833889007568,-0.17160221934318542,0.9889817237854004,forward,99.02083233325423,1
1307,43.61023333333333,95.06106376647949,,,,,,,,,,,,,,,,,,,,0.513965368270874,0.5224061608314514,0.016109639778733253,0.9999699592590332,0.4789428114891052,0.6190770864486694,-0.09879729896783829,0.9886286854743958,0.45288896560668945,0.7220989465713501,0.012514526024460793,0.9923715591430664,0.42072802782058716,0.7570674419403076,-0.19309791922569275,0.9896984696388245,forward,85.36179710795095,1
1308,43.6436,92.56505966186523,,,,,,,,,,,,,,,,,,,,0.5134727358818054,0.5223946571350098,0.015386553481221199,0.9999707341194153,0.4764955937862396,0.6190174221992493,-0.0850580707192421,0.9891156554222107,0.4523254930973053,0.7219206094741821,0.04360530525445938,0.992809534072876,0.421504408121109,0.7580057978630066,-0.15617412328720093,0.9902142286300659,forward,85.01358589041318,1
1309,43.676966666666665,93.15991401672363,,,,,,,,,,,,,,,,,,,,0.5129953026771545,0.5221536755561829,0.015260500833392143,0.9999710321426392,0.4745299816131592,0.6181564927101135,-0.08069156855344772,0.9892687797546387,0.45230090618133545,0.7199541330337524,0.07894134521484375,0.9930193424224854,0.42238110303878784,0.7578977942466736,-0.1248767152428627,0.9904391765594482,forward,79.95849909079914,1
1310,43.71033333333333,92.00596809387207,,,,,,,,,,,,,,,,,,,,0.5118862390518188,0.521903932094574,0.014631613157689571,0.9999709725379944,0.4720192849636078,0.6179861426353455,-0.0745314285159111,0.9892171025276184,0.4522644877433777,0.7177121639251709,0.10542181879281998,0.993083119392395,0.42264053225517273,0.7571820616722107,-0.0911770686507225,0.9904695153236389,forward,78.43781527448468,1
1311,43.743700000000004,94.35296058654785,,,,,,,,,,,,,,,,,,,,0.5096583366394043,0.5218265652656555,0.015018683858215809,0.9999706745147705,0.470676064491272,0.6173464059829712,-0.07933637499809265,0.9891713857650757,0.4522587060928345,0.7157887816429138,0.09538400918245316,0.9931169748306274,0.42294368147850037,0.7553279399871826,-0.09623385965824127,0.9904937744140625,forward,76.9354549201757,1
1312,43.77706666666667,93.36495399475098,,,,,,,,,,,,,,,,,,,,0.505375862121582,0.5215077996253967,0.014965951442718506,0.9999711513519287,0.46938708424568176,0.6172757744789124,-0.06923947483301163,0.9893731474876404,0.45224547386169434,0.7140845060348511,0.12905283272266388,0.9933156371116638,0.4231491982936859,0.752899706363678,-0.05996980145573616,0.9907214641571045,forward,76.57425862988411,1
1313,43.810433333333336,92.99206733703613,,,,,,,,,,,,,,,,,,,,0.5019013285636902,0.5215075612068176,0.014823011122643948,0.9999713897705078,0.4676777422428131,0.6176246404647827,-0.03731848672032356,0.9890487194061279,0.45146721601486206,0.7130627036094666,0.18311846256256104,0.9931626319885254,0.4233163297176361,0.7512223124504089,-0.004530266858637333,0.9905135035514832,forward,86.32970245571457,1
1314,43.8438,93.11294555664062,,,,,,,,,,,,,,,,,,,,0.4986012876033783,0.5216183662414551,0.012442870065569878,0.9999719858169556,0.46619370579719543,0.6186398267745972,-0.03305525332689285,0.9885944724082947,0.4497537612915039,0.7134021520614624,0.16239133477210999,0.9929654598236084,0.4234529137611389,0.7505067586898804,-0.014633813872933388,0.9902510643005371,forward,91.96056021365678,1
1315,43.87716666666667,93.3530330657959,,,,,,,,,,,,,,,,,,,,0.4955511689186096,0.5231913924217224,0.010772565379738808,0.9999724626541138,0.4643060564994812,0.6208234429359436,0.006338589824736118,0.9879328608512878,0.4474152624607086,0.7136809229850769,0.21825438737869263,0.9926888346672058,0.4235377311706543,0.7493953704833984,0.04525383934378624,0.9898994565010071,forward,111.31963859830792,1
1316,43.91053333333333,135.58220863342285,,,,,,,,,,,,,,,,,,,,0.49225860834121704,0.5238881707191467,0.008717834949493408,0.9999730587005615,0.46261096000671387,0.6224433779716492,-0.008191452361643314,0.9873501658439636,0.4461016356945038,0.7137537002563477,0.200633242726326,0.9924992322921753,0.4236122965812683,0.7495424151420593,0.017022527754306793,0.9896788001060486,forward,104.47542386852925,1
1317,43.9439,94.56586837768555,,,,,,,,,,,,,,,,,,,,0.4872725307941437,0.5238633751869202,0.0011978234397247434,0.9999735355377197,0.4617175757884979,0.6233600974082947,-0.007851029746234417,0.9861507415771484,0.4459286332130432,0.7144637703895569,0.2052687257528305,0.9920133948326111,0.4248851239681244,0.7497985363006592,0.01635655201971531,0.988990068435669,forward,108.34333016214708,1
1318,43.977266666666665,96.53711318969727,,,,,,,,,,,,,,,,,,,,0.4830537438392639,0.5239181518554688,0.0018233326263725758,0.9999739527702332,0.46024590730667114,0.6243642568588257,-0.008079525083303452,0.9850603938102722,0.4460839629173279,0.7156460881233215,0.195206418633461,0.9915064573287964,0.42531144618988037,0.7500553131103516,0.022412989288568497,0.9883615374565125,forward,108.88562899296105,1
1319,44.01063333333333,92.35286712646484,,,,,,,,,,,,,,,,,,,,0.4785038232803345,0.5240258574485779,0.0022340393625199795,0.9999744296073914,0.4588172435760498,0.6245871186256409,0.006361242849379778,0.9848944544792175,0.4462100565433502,0.71665358543396,0.2187587320804596,0.9916484951972961,0.4253215193748474,0.7504376769065857,0.033080343157052994,0.9884911775588989,forward,115.89446273006679,1
1320,44.044000000000004,93.76001358032227,,,,,,,,,,,,,,,,,,,,0.4734864830970764,0.5242055058479309,0.0025180538650602102,0.9999748468399048,0.456763356924057,0.6248275637626648,0.009299940429627895,0.9840402603149414,0.4463287889957428,0.7174023389816284,0.22005978226661682,0.9914335012435913,0.4251900613307953,0.7507219314575195,0.03880173712968826,0.9881254434585571,forward,117.61457955392864,1
1321,44.07736666666667,93.80912780761719,,,,,,,,,,,,,,,,,,,,0.4687718451023102,0.5248174667358398,0.0018690996803343296,0.9999751448631287,0.4548364281654358,0.6252190470695496,0.018729787319898605,0.9835036993026733,0.4464205503463745,0.7179092764854431,0.24752438068389893,0.9913003444671631,0.42509931325912476,0.7508123517036438,0.06359181553125381,0.9878728985786438,forward,121.55199206914662,1
1322,44.110733333333336,92.89312362670898,,,,,,,,,,,,,,,,,,,,0.4630296230316162,0.5250478982925415,0.0018265729304403067,0.9999755620956421,0.4528534412384033,0.6255174279212952,0.015887651592493057,0.9824494123458862,0.44647058844566345,0.7183505892753601,0.2307761311531067,0.9908974766731262,0.4251033067703247,0.7508722543716431,0.047187574207782745,0.9873564839363098,forward,121.32707711756443,1
1323,44.1441,93.49918365478516,,,,,,,,,,,,,,,,,,,,0.4584294557571411,0.5253382921218872,0.001755436765961349,0.9999760985374451,0.4513280391693115,0.6254185438156128,0.052847713232040405,0.9828060865402222,0.44649577140808105,0.7186712622642517,0.30692967772483826,0.9911729693412781,0.4248705804347992,0.7508986592292786,0.10989537835121155,0.987663745880127,forward,137.16089383781022,1
1324,44.17746666666667,93.04070472717285,,,,,,,,,,,,,,,,,,,,0.4542708396911621,0.5265218019485474,0.0018708546413108706,0.9999760985374451,0.4488621950149536,0.625590980052948,0.07538864016532898,0.9818323254585266,0.4462238848209381,0.7187042236328125,0.34349358081817627,0.990668535232544,0.42487385869026184,0.7507607936859131,0.16051502525806427,0.9869190454483032,forward,145.6878832099115,1
1325,44.21083333333333,92.73195266723633,,,,,,,,,,,,,,,,,,,,0.4502813518047333,0.5272296667098999,0.0011281329207122326,0.9999765157699585,0.4464148283004761,0.6259180307388306,0.05577059090137482,0.9817739725112915,0.44596076011657715,0.7187867760658264,0.3119265139102936,0.9906822443008423,0.424877792596817,0.7505465149879456,0.12111969292163849,0.9868853688240051,forward,138.86707085803747,1
1326,44.2442,93.24002265930176,,,,,,,,,,,,,,,,,,,,0.44624239206314087,0.5277520418167114,0.005615547765046358,0.9999768733978271,0.4427992105484009,0.626745343208313,0.06100541725754738,0.980819046497345,0.4458007216453552,0.7189552187919617,0.3313452899456024,0.9902095198631287,0.4247041940689087,0.7506559491157532,0.15767405927181244,0.9861031770706177,forward,138.00214333268065,1
1327,44.277566666666665,94.59805488586426,,,,,,,,,,,,,,,,,,,,0.442371666431427,0.5282468199729919,0.005952894687652588,0.9999765157699585,0.4401952028274536,0.6270243525505066,0.05618296191096306,0.9787903428077698,0.44529083371162415,0.7191342115402222,0.3224955201148987,0.988978922367096,0.4247695505619049,0.7508493661880493,0.15250158309936523,0.9844566583633423,forward,135.9827095110117,1
1328,44.31093333333333,93.76692771911621,,,,,,,,,,,,,,,,,,,,0.4387817680835724,0.5282498598098755,0.005416644271463156,0.9999760985374451,0.43783432245254517,0.6272573471069336,0.05012216418981552,0.9773311614990234,0.4451397955417633,0.7193339467048645,0.30580025911331177,0.9881049394607544,0.42451560497283936,0.7508655190467834,0.13345952332019806,0.9831507802009583,forward,134.0653915088537,1
1329,44.344300000000004,93.94717216491699,,,,,,,,,,,,,,,,,,,,0.434773325920105,0.528220534324646,0.005571737419813871,0.999975860118866,0.4357013702392578,0.6272480487823486,0.033792391419410706,0.9763420224189758,0.44489914178848267,0.7196095585823059,0.28002864122390747,0.9874850511550903,0.42392268776893616,0.7508795857429504,0.11181343346834183,0.9823586344718933,forward,126.46195102905149,1
1330,44.37766666666667,94.11978721618652,,,,,,,,,,,,,,,,,,,,0.4310377240180969,0.5282688140869141,0.007766055874526501,0.9999759197235107,0.4335418939590454,0.6272470355033875,0.04351435601711273,0.975449800491333,0.4443168044090271,0.7201564908027649,0.28265684843063354,0.9870476722717285,0.4229017198085785,0.7509097456932068,0.11135398596525192,0.981723427772522,forward,131.10781404721993,1
1331,44.411033333333336,94.42424774169922,,,,,,,,,,,,,,,,,,,,0.4277334213256836,0.5284227132797241,0.007814290001988411,0.999976396560669,0.4316083788871765,0.6272386312484741,0.04504622146487236,0.9753715395927429,0.44378677010536194,0.7206552624702454,0.2830524146556854,0.9871532320976257,0.4224327802658081,0.7509613633155823,0.10955546796321869,0.9818003177642822,forward,132.1166413850305,1
1332,44.4444,93.32823753356934,,,,,,,,,,,,,,,,,,,,0.4254499077796936,0.5288670659065247,0.0058595421724021435,0.9999770522117615,0.43001800775527954,0.6273378729820251,0.0481988787651062,0.9758042693138123,0.44320249557495117,0.7209072709083557,0.30047616362571716,0.9874529838562012,0.4222867786884308,0.7509694695472717,0.12063463032245636,0.9821581244468689,forward,133.6660133731811,1
1333,44.47776666666667,93.78194808959961,,,,,,,,,,,,,,,,,,,,0.4233435392379761,0.52901691198349,0.0010726159671321511,0.9999775886535645,0.42923808097839355,0.6273174285888672,0.04376262053847313,0.9762192964553833,0.44258156418800354,0.7211355566978455,0.29937225580215454,0.9877700805664062,0.42229610681533813,0.7512491345405579,0.11735865473747253,0.9824893474578857,forward,133.69438594311956,1
1334,44.51113333333333,93.31703186035156,,,,,,,,,,,,,,,,,,,,0.4212552309036255,0.5292035341262817,-0.0025243342388421297,0.9999778866767883,0.4282013177871704,0.6272838711738586,0.03932589292526245,0.9755217432975769,0.44229385256767273,0.7211347222328186,0.289531946182251,0.9873461723327637,0.42230936884880066,0.7513091564178467,0.10602948069572449,0.9818418622016907,forward,133.74819795147855,1
1335,44.5445,94.18416023254395,,,,,,,,,,,,,,,,,,,,0.4190223813056946,0.5297992825508118,-0.002067154971882701,0.999978244304657,0.4267658591270447,0.6273402571678162,0.050774116069078445,0.9750184416770935,0.44230514764785767,0.7212486863136292,0.3079945743083954,0.9871763586997986,0.42191457748413086,0.7513853311538696,0.13165079057216644,0.981455385684967,forward,138.58273518593128,1
1336,44.577866666666665,94.22898292541504,,,,,,,,,,,,,,,,,,,,0.4177989363670349,0.5302599668502808,-0.002481224713847041,0.99997878074646,0.42591342329978943,0.6273569464683533,0.049246646463871,0.974635124206543,0.4423116445541382,0.7214135527610779,0.3047739863395691,0.9871240258216858,0.421487420797348,0.7515227198600769,0.1269329935312271,0.981229841709137,forward,138.34514002977104,1
1337,44.61123333333333,94.21896934509277,,,,,,,,,,,,,,,,,,,,0.4158991873264313,0.5303285121917725,-0.002153939800336957,0.9999793171882629,0.4249649941921234,0.627318263053894,0.03794602304697037,0.9745473861694336,0.44253936409950256,0.7214151620864868,0.28735581040382385,0.9870811700820923,0.4210616648197174,0.751530110836029,0.1113659143447876,0.981138288974762,forward,133.26246061877072,1
1338,44.644600000000004,94.08187866210938,,,,,,,,,,,,,,,,,,,,0.4153722822666168,0.5305746793746948,-0.008818346075713634,0.9999794363975525,0.4239141643047333,0.627137303352356,0.0169355645775795,0.9738554358482361,0.4426545202732086,0.7214127779006958,0.26487448811531067,0.9867090582847595,0.4210686981678009,0.7515918612480164,0.08703253418207169,0.9805154800415039,forward,125.92406274265325,1
1339,44.67796666666667,94.33817863464355,,,,,,,,,,,,,,,,,,,,0.41475996375083923,0.5307247638702393,-0.010418885387480259,0.9999797940254211,0.42335137724876404,0.6269629597663879,0.011058544740080833,0.9734075665473938,0.44268569350242615,0.7214066386222839,0.25018712878227234,0.9865875244140625,0.4210716784000397,0.751642107963562,0.06999825686216354,0.9803147315979004,forward,124.32727201359477,1
1340,44.711333333333336,94.52080726623535,,,,,,,,,,,,,,,,,,,,0.4144430160522461,0.5307890772819519,-0.00945110060274601,0.9999799728393555,0.42324498295783997,0.6269361972808838,0.007643642369657755,0.9727332592010498,0.442734032869339,0.7214042544364929,0.23546059429645538,0.9862813353538513,0.4210668206214905,0.7516834735870361,0.05859525501728058,0.9798715710639954,forward,122.82370817059805,1
1341,44.7447,93.5678482055664,,,,,,,,,,,,,,,,,,,,0.41405534744262695,0.5308189988136292,-0.008814721368253231,0.9999802112579346,0.4232301414012909,0.626901388168335,0.007605008780956268,0.9722262024879456,0.442861944437027,0.7214053273200989,0.23917552828788757,0.9860525131225586,0.42106905579566956,0.7517465949058533,0.06372934579849243,0.9795852899551392,forward,122.12746813382444,1
1342,44.77806666666667,93.34683418273926,,,,,,,,,,,,,,,,,,,,0.41294172406196594,0.5308138132095337,-0.008768302388489246,0.9999803900718689,0.42324355244636536,0.6268379092216492,0.009116088971495628,0.9713748097419739,0.4430694282054901,0.7214162349700928,0.24531343579292297,0.9857096672058105,0.4210972487926483,0.7517621517181396,0.06946359574794769,0.9791688919067383,forward,122.616177467346,1
1343,44.81143333333333,92.04316139221191,,,,,,,,,,,,,,,,,,,,0.4124928414821625,0.5308471918106079,-0.005976267158985138,0.9999805688858032,0.4233372211456299,0.6268165111541748,0.009678593836724758,0.9708436131477356,0.44319888949394226,0.7214122414588928,0.25168576836586,0.9855853915214539,0.42112255096435547,0.7517738938331604,0.08712569624185562,0.9789714813232422,forward,120.8700574265718,1
1344,44.8448,93.37496757507324,,,,,,,,,,,,,,,,,,,,0.41271623969078064,0.5308118462562561,-0.004520104732364416,0.9999809861183167,0.4233798384666443,0.6267383098602295,0.010156886652112007,0.9708501696586609,0.4432747960090637,0.7214094400405884,0.25376811623573303,0.9857707023620605,0.4212475121021271,0.7517711520195007,0.0838155522942543,0.9792282581329346,forward,120.1922959211242,1
1345,44.878166666666665,93.91188621520996,,,,,,,,,,,,,,,,,,,,0.4130297005176544,0.5307821035385132,0.0014841819647699594,0.9999815225601196,0.42344769835472107,0.6267336010932922,0.016134830191731453,0.9716158509254456,0.4433026611804962,0.7214081287384033,0.26550954580307007,0.9862653613090515,0.4212510585784912,0.7517778873443604,0.0970134511590004,0.979889452457428,forward,119.71840771948088,1
1346,44.91153333333333,94.16413307189941,,,,,,,,,,,,,,,,,,,,0.4132592976093292,0.5300912261009216,0.001412251265719533,0.9999822378158569,0.4235067665576935,0.6266903281211853,-0.0012540539028123021,0.9726828336715698,0.4433232843875885,0.7213701009750366,0.23822496831417084,0.986820638179779,0.4212799668312073,0.7517135739326477,0.06544964760541916,0.9806931018829346,forward,110.30696056259912,1
1347,44.944900000000004,94.01488304138184,,,,,,,,,,,,,,,,,,,,0.41367581486701965,0.5299431085586548,0.0013740191934630275,0.9999826550483704,0.42355042695999146,0.6267049312591553,-0.00633589131757617,0.9737074971199036,0.44334036111831665,0.721355140209198,0.2289574146270752,0.9873029589653015,0.42134422063827515,0.7516582608222961,0.053072843700647354,0.9813938736915588,forward,107.68449726519864,1
1348,44.97826666666667,93.45579147338867,,,,,,,,,,,,,,,,,,,,0.4147661626338959,0.5299157500267029,0.001710922340862453,0.9999827742576599,0.4235711991786957,0.6267092227935791,-0.016148025169968605,0.9743969440460205,0.4433518350124359,0.7212808728218079,0.21137388050556183,0.987549364566803,0.4213498830795288,0.7516387104988098,0.04528870806097984,0.9818019866943359,forward,102.44667365783212,1
1349,45.011633333333336,94.47813034057617,,,,,,,,,,,,,,,,,,,,0.4174397885799408,0.5298661589622498,0.004052526317536831,0.9999828338623047,0.4236043095588684,0.6267093420028687,-0.017979102209210396,0.9751318693161011,0.4434070289134979,0.7212429046630859,0.20455755293369293,0.9878247976303101,0.4213545322418213,0.7515541911125183,0.03925713524222374,0.9822371602058411,forward,100.4395935807757,1
1350,45.045,93.12915802001953,,,,,,,,,,,,,,,,,,,,0.41922008991241455,0.529733419418335,0.006775000132620335,0.9999830722808838,0.4237893223762512,0.6267024278640747,-0.01312641054391861,0.9757978320121765,0.4434361457824707,0.7212105989456177,0.21549445390701294,0.9881883263587952,0.4214096963405609,0.7515029311180115,0.04556426778435707,0.9828242659568787,forward,101.02823099949872,1
1351,45.07836666666667,93.37401390075684,,,,,,,,,,,,,,,,,,,,0.4214545786380768,0.5294705033302307,0.006703707855194807,0.9999829530715942,0.42494145035743713,0.6266177296638489,-0.009808641858398914,0.9759013652801514,0.44345515966415405,0.7212077379226685,0.2128891497850418,0.9882439970970154,0.4214605689048767,0.7514786124229431,0.04237154871225357,0.9830222725868225,forward,103.47739844336978,1
1352,45.11173333333333,93.73998641967773,,,,,,,,,,,,,,,,,,,,0.42401084303855896,0.5293647050857544,0.008229907602071762,0.9999828338623047,0.42671987414360046,0.6266148090362549,0.006851838901638985,0.9757586121559143,0.44352278113365173,0.721211314201355,0.21314792335033417,0.9882655143737793,0.42172709107398987,0.7514742016792297,0.046513091772794724,0.9831993579864502,forward,113.87178381003368,1
1353,45.1451,94.04587745666504,,,,,,,,,,,,,,,,,,,,0.42691490054130554,0.5288190245628357,0.008291162550449371,0.9999827742576599,0.42896661162376404,0.6266119480133057,0.01295950636267662,0.9756296873092651,0.4436194896697998,0.7213985323905945,0.2178345024585724,0.9883072972297668,0.4216330647468567,0.751479983329773,0.03997262567281723,0.9834408760070801,forward,117.57930820541497,1
1354,45.178466666666665,93.37973594665527,,,,,,,,,,,,,,,,,,,,0.42987364530563354,0.5288710594177246,0.008067409507930279,0.999982476234436,0.4313017725944519,0.6266098618507385,0.03133212774991989,0.9749970436096191,0.44381681084632874,0.721405029296875,0.25578388571739197,0.9881486296653748,0.42182427644729614,0.7514875531196594,0.06983023136854172,0.983381986618042,forward,126.2774561121842,1
1355,45.21183333333333,94.56825256347656,,,,,,,,,,,,,,,,,,,,0.4349960386753082,0.528407871723175,0.006391679402440786,0.999982476234436,0.43380483984947205,0.626377522945404,0.026112228631973267,0.9745382070541382,0.4442548453807831,0.7213971018791199,0.23386216163635254,0.9880185723304749,0.4221566915512085,0.7512384653091431,0.0335351824760437,0.9834541082382202,forward,125.87440355229377,1
1356,45.245200000000004,93.72901916503906,,,,,,,,,,,,,,,,,,,,0.4399648606777191,0.5282671451568604,0.0063284714706242085,0.9999822378158569,0.4367137849330902,0.6263355016708374,0.023219652473926544,0.9736314415931702,0.4443252682685852,0.7213956117630005,0.22190062701702118,0.9876351356506348,0.422172486782074,0.7512255311012268,0.027530906721949577,0.9830909967422485,forward,125.21672859961545,1
1357,45.27856666666667,93.41597557067871,,,,,,,,,,,,,,,,,,,,0.4434092938899994,0.527111828327179,0.002953358693048358,0.9999819397926331,0.43935978412628174,0.6263254284858704,0.004833021201193333,0.9723170399665833,0.44453561305999756,0.721350371837616,0.19083145260810852,0.9868650436401367,0.4225793480873108,0.751211404800415,-0.010214541107416153,0.9823845624923706,forward,118.04697480150554,1
1358,45.311933333333336,93.74618530273438,,,,,,,,,,,,,,,,,,,,0.4487837255001068,0.526959240436554,0.0030016626697033644,0.9999818801879883,0.44257766008377075,0.6262907385826111,0.004599850624799728,0.972277820110321,0.4446248412132263,0.7213488221168518,0.1925807148218155,0.9868912696838379,0.42253583669662476,0.7510215640068054,-0.009248166345059872,0.982495129108429,forward,117.64732735588046,1
1359,45.3453,93.87707710266113,,,,,,,,,,,,,,,,,,,,0.45241212844848633,0.5269760489463806,0.002696988871321082,0.9999817609786987,0.4446823298931122,0.6263093948364258,0.004607176408171654,0.972722589969635,0.44460996985435486,0.7213078737258911,0.19600321352481842,0.9871092438697815,0.4225582480430603,0.7510375380516052,-0.006014431361109018,0.9827762842178345,forward,117.41081256645015,1
1360,45.37866666666667,94.77686882019043,,,,,,,,,,,,,,,,,,,,0.456718385219574,0.5269460678100586,0.0027557166758924723,0.9999814033508301,0.4462868571281433,0.6263062953948975,-0.007333898916840553,0.9721088409423828,0.44383490085601807,0.7213082909584045,0.15075603127479553,0.9866902828216553,0.4225859045982361,0.7510573267936707,-0.04151070863008499,0.9823526740074158,forward,115.14410093279513,1
1361,45.41203333333333,94.55394744873047,,,,,,,,,,,,,,,,,,,,0.4602868854999542,0.5263417959213257,0.0027892524376511574,0.999981701374054,0.4484523832798004,0.6261289119720459,-0.012859088368713856,0.9729779362678528,0.44323447346687317,0.7216196060180664,0.1352865993976593,0.9871817231178284,0.42257970571517944,0.7513421177864075,-0.07213839888572693,0.9829795360565186,forward,113.9246671870558,1
1362,45.4454,94.45309638977051,,,,,,,,,,,,,,,,,,,,0.4641662836074829,0.5259990096092224,0.002245574723929167,0.9999818205833435,0.45071595907211304,0.6258271336555481,-0.013280821964144707,0.973408579826355,0.4431501030921936,0.7216290235519409,0.1349109560251236,0.9875759482383728,0.4227476716041565,0.7514108419418335,-0.08460915088653564,0.9835211038589478,forward,114.14900132272196,1
1363,45.478766666666665,93.62316131591797,,,,,,,,,,,,,,,,,,,,0.4680241048336029,0.5259688496589661,0.0020389093551784754,0.9999821782112122,0.45371559262275696,0.625628650188446,-0.010932999663054943,0.9740174412727356,0.44316765666007996,0.7212711572647095,0.1536780297756195,0.9879682064056396,0.4241413474082947,0.751344621181488,-0.0628577321767807,0.9840416312217712,forward,112.94986965802046,1
1364,45.51213333333333,93.87493133544922,,,,,,,,,,,,,,,,,,,,0.4716044068336487,0.5258154273033142,0.0026430501602590084,0.9999824166297913,0.4558122754096985,0.6251934170722961,-0.0136014549061656,0.9747787714004517,0.4434431791305542,0.7210095524787903,0.14462460577487946,0.9884334802627563,0.42556554079055786,0.7512565851211548,-0.07677193731069565,0.984618067741394,forward,112.22373511984361,1
1365,45.545500000000004,94.33293342590332,,,,,,,,,,,,,,,,,,,,0.47478076815605164,0.5256209969520569,0.0026410347782075405,0.9999827742576599,0.4573999345302582,0.6249034404754639,-0.017113864421844482,0.975834846496582,0.44388049840927124,0.7209421396255493,0.14295463263988495,0.988975465297699,0.4257875084877014,0.7510815858840942,-0.07843800634145737,0.9853113889694214,forward,110.1051576784842,1
1366,45.57886666666667,93.67132186889648,,,,,,,,,,,,,,,,,,,,0.47739189863204956,0.5256832242012024,0.0025314935483038425,0.9999834299087524,0.4587179720401764,0.6244547367095947,-0.03196433186531067,0.977328896522522,0.4443556070327759,0.7209419012069702,0.1166309043765068,0.9896948933601379,0.42585721611976624,0.7509997487068176,-0.11203491687774658,0.9862295389175415,forward,104.32011866257834,1
1367,45.612233333333336,93.92714500427246,,,,,,,,,,,,,,,,,,,,0.4804685711860657,0.525926411151886,0.002616260200738907,0.9999837875366211,0.459824800491333,0.6244494915008545,-0.03786000981926918,0.9787932634353638,0.44457459449768066,0.7209447026252747,0.12226090580224991,0.9903348088264465,0.42584818601608276,0.7512109875679016,-0.09876476228237152,0.987036406993866,forward,99.44839622643512,1
1368,45.6456,93.6422348022461,,,,,,,,,,,,,,,,,,,,0.4826100170612335,0.5260927677154541,0.0026199319399893284,0.9999833703041077,0.45949023962020874,0.6245860457420349,-0.032297443598508835,0.979769766330719,0.4450359642505646,0.7209344506263733,0.13220489025115967,0.9906925559043884,0.4261047840118408,0.7513086795806885,-0.08528341352939606,0.9874788522720337,forward,101.50100235836855,1
1369,45.67896666666667,93.41192245483398,,,,,,,,,,,,,,,,,,,,0.48489832878112793,0.5260981917381287,0.004650205839425325,0.9999833106994629,0.4597140848636627,0.6246236562728882,-0.02931089513003826,0.9810808300971985,0.4455176591873169,0.7208608388900757,0.13552869856357574,0.9912070631980896,0.42622676491737366,0.7512828707695007,-0.07891199737787247,0.9881104230880737,forward,101.92756641281674,1
1370,45.71233333333333,94.1629409790039,,,,,,,,,,,,,,,,,,,,0.4862222671508789,0.5259844064712524,0.008420977741479874,0.9999836087226868,0.4599880874156952,0.6246354579925537,-0.03042937070131302,0.9823485612869263,0.44576480984687805,0.7208066582679749,0.13711220026016235,0.991741418838501,0.4260401129722595,0.7512896656990051,-0.07894573360681534,0.9887827634811401,forward,99.11464395757525,1
1371,45.7457,94.06590461730957,,,,,,,,,,,,,,,,,,,,0.4888124167919159,0.5259725451469421,0.005432886071503162,0.9999838471412659,0.4602537751197815,0.6246705651283264,-0.04574897140264511,0.9833526611328125,0.44587981700897217,0.7205885648727417,0.1336202621459961,0.9921502470970154,0.4259301424026489,0.7514915466308594,-0.08492862433195114,0.989288330078125,forward,91.70630243028697,1
1372,45.779066666666665,93.66989135742188,,,,,,,,,,,,,,,,,,,,0.48996701836586,0.5254309177398682,0.004585213027894497,0.9999841451644897,0.460442453622818,0.6246561408042908,-0.05870522931218147,0.9842849373817444,0.4458686411380768,0.7204476594924927,0.11777646839618683,0.9925202131271362,0.4252309799194336,0.7518327832221985,-0.09586406499147415,0.9897451996803284,forward,87.10366550020376,1
1373,45.81243333333333,94.62904930114746,,,,,,,,,,,,,,,,,,,,0.4904993176460266,0.5250514149665833,0.003609409788623452,0.9999842643737793,0.4604412019252777,0.6245911121368408,-0.051137179136276245,0.9850282669067383,0.4458664357662201,0.719782292842865,0.13510370254516602,0.9927856922149658,0.4251238703727722,0.7518680691719055,-0.0773463025689125,0.9900709986686707,forward,89.34265325219272,1
1374,45.845800000000004,93.4290885925293,,,,,,,,,,,,,,,,,,,,0.4911119341850281,0.5248197317123413,0.0030796644277870655,0.9999843239784241,0.4603179693222046,0.6242942214012146,-0.0638282373547554,0.9857272505760193,0.44586724042892456,0.7188804745674133,0.12792356312274933,0.9930003881454468,0.4249798357486725,0.7517898082733154,-0.08327698707580566,0.9903282523155212,forward,83.55846093167355,1
1375,45.87916666666667,93.67084503173828,,,,,,,,,,,,,,,,,,,,0.49155759811401367,0.5244864821434021,0.0014531518099829555,0.9999843239784241,0.4602382183074951,0.6238390803337097,-0.06668408960103989,0.9863742589950562,0.44582468271255493,0.7180572152137756,0.11680891364812851,0.9931949973106384,0.42494305968284607,0.7515924572944641,-0.09111946076154709,0.990573525428772,forward,83.99981714200248,1
1376,45.912533333333336,92.82302856445312,,,,,,,,,,,,,,,,,,,,0.49179431796073914,0.5242822766304016,0.0018256226321682334,0.9999842643737793,0.4601445198059082,0.6232847571372986,-0.06292316317558289,0.9866504073143005,0.4457281529903412,0.7174684405326843,0.10528471320867538,0.9931914806365967,0.4245501756668091,0.7512093782424927,-0.09688016027212143,0.9905506372451782,forward,87.31114017803225,1
1377,45.9459,92.38696098327637,,,,,,,,,,,,,,,,,,,,0.49185383319854736,0.5238168239593506,0.0032949945889413357,0.9999843835830688,0.45959779620170593,0.6227637529373169,-0.05942044407129288,0.9872630834579468,0.445564866065979,0.7171049118041992,0.10949278622865677,0.9934501647949219,0.4229159355163574,0.7508848309516907,-0.09388909488916397,0.9908730387687683,forward,88.04022745644235,1
1378,45.97926666666667,94.44522857666016,,,,,,,,,,,,,,,,,,,,0.492034912109375,0.5237148404121399,0.00450829416513443,0.9999843835830688,0.45924514532089233,0.6225582361221313,-0.06282511353492737,0.9877299070358276,0.4449155628681183,0.7166097164154053,0.10127817839384079,0.9936425089836121,0.4206056296825409,0.7505728006362915,-0.09576208144426346,0.991085946559906,forward,86.87247007779341,1
1379,46.01263333333333,94.0999984741211,,,,,,,,,,,,,,,,,,,,0.49222055077552795,0.5236943960189819,0.005779423750936985,0.999984622001648,0.4586789906024933,0.6225225925445557,-0.062428876757621765,0.9884361624717712,0.4443363547325134,0.7162339091300964,0.1190604716539383,0.9939991235733032,0.41862931847572327,0.7504178881645203,-0.08119044452905655,0.9915484189987183,forward,84.0717352793352,1
1380,46.046,93.31607818603516,,,,,,,,,,,,,,,,,,,,0.49218541383743286,0.5236679315567017,0.007405392825603485,0.9999848008155823,0.45839324593544006,0.6223787069320679,-0.0589434951543808,0.9889888763427734,0.44369786977767944,0.7158830761909485,0.1219964474439621,0.9942814111709595,0.4175235629081726,0.7498379945755005,-0.08128844946622849,0.9919161200523376,forward,84.82195859387227,1
1381,46.079366666666665,92.97585487365723,,,,,,,,,,,,,,,,,,,,0.4921129047870636,0.5236881375312805,0.008663877844810486,0.999984860420227,0.45769891142845154,0.6223843693733215,-0.05264279246330261,0.9895703792572021,0.4433523118495941,0.7156806588172913,0.13635458052158356,0.9945578575134277,0.4169500768184662,0.749538242816925,-0.06665994971990585,0.9922680854797363,forward,85.77706833790042,1
1382,46.11273333333333,93.13416481018066,,,,,,,,,,,,,,,,,,,,0.4920560419559479,0.5236923098564148,0.0116657679900527,0.9999847412109375,0.4570811092853546,0.6224125027656555,-0.037658028304576874,0.9900211095809937,0.4429716467857361,0.7155827879905701,0.1513347625732422,0.9947925209999084,0.41662365198135376,0.7492635250091553,-0.04942997917532921,0.9925657510757446,forward,90.8658158658773,1
1383,46.146100000000004,93.55974197387695,,,,,,,,,,,,,,,,,,,,0.49152255058288574,0.524318516254425,0.0131369112059474,0.9999844431877136,0.4565766155719757,0.6226107478141785,-0.021860860288143158,0.9902769327163696,0.44272148609161377,0.7156049609184265,0.16633538901805878,0.9949454069137573,0.4164142906665802,0.7492778301239014,-0.0303109809756279,0.9927414655685425,forward,97.54212164852574,1
1384,46.17946666666667,92.93794631958008,,,,,,,,,,,,,,,,,,,,0.4905643165111542,0.5251481533050537,0.01140347495675087,0.9999842047691345,0.4564337134361267,0.6227840781211853,-0.024314017966389656,0.9905117154121399,0.44249311089515686,0.7156202793121338,0.16569086909294128,0.9950525164604187,0.4164932370185852,0.7492835521697998,-0.03745562955737114,0.9928663372993469,forward,96.81902522353555,1
1385,46.212833333333336,92.42510795593262,,,,,,,,,,,,,,,,,,,,0.4893902838230133,0.5253808498382568,0.011365010403096676,0.9999838471412659,0.4563131034374237,0.6228363513946533,-0.027420692145824432,0.9907553195953369,0.44209906458854675,0.7161226272583008,0.15988603234291077,0.9951725602149963,0.41654127836227417,0.7494906783103943,-0.038925137370824814,0.9930086731910706,forward,95.71398133063086,1
1386,46.2462,92.92411804199219,,,,,,,,,,,,,,,,,,,,0.48669207096099854,0.5259326100349426,0.011501145549118519,0.9999834299087524,0.45612871646881104,0.6228442788124084,-0.032205644994974136,0.9909871220588684,0.44186198711395264,0.7167477011680603,0.1312662661075592,0.9952993392944336,0.4162614047527313,0.7498392462730408,-0.07209021598100662,0.9931601881980896,forward,96.56633649244476,1
1387,46.27956666666667,94.3748950958252,,,,,,,,,,,,,,,,,,,,0.4835140109062195,0.5261821150779724,0.013109461404383183,0.9999825954437256,0.45604297518730164,0.6228204965591431,-0.032445576041936874,0.9908779859542847,0.441782146692276,0.7171640992164612,0.13168103992938995,0.9952697157859802,0.4160696566104889,0.7499698996543884,-0.07121612131595612,0.9930945038795471,forward,95.56853073389168,1
1388,46.31293333333333,93.80507469177246,,,,,,,,,,,,,,,,,,,,0.4802638292312622,0.5261691212654114,0.013836444355547428,0.9999816417694092,0.45602160692214966,0.6226426362991333,-0.03275688365101814,0.9906858205795288,0.44165682792663574,0.7176055908203125,0.11703764647245407,0.9952099919319153,0.41560909152030945,0.7502069473266602,-0.07784927636384964,0.992982029914856,forward,97.43788923173683,1
1389,46.3463,93.71113777160645,,,,,,,,,,,,,,,,,,,,0.47685807943344116,0.5259613394737244,0.013752758502960205,0.9999808073043823,0.4559883773326874,0.6223739981651306,-0.03888421133160591,0.9903757572174072,0.4414789080619812,0.7178078293800354,0.0982518345117569,0.9950885772705078,0.41553375124931335,0.7503318190574646,-0.09799233824014664,0.9927617907524109,forward,97.00073473347,1
1390,46.379666666666665,93.91283988952637,,,,,,,,,,,,,,,,,,,,0.4738010764122009,0.5265414714813232,0.008673369884490967,0.9999805688858032,0.45521584153175354,0.6223210692405701,-0.03856055811047554,0.9903818964958191,0.44128015637397766,0.7182775735855103,0.10768987238407135,0.9951143860816956,0.41550779342651367,0.7507803440093994,-0.0921887457370758,0.9927712082862854,forward,97.67912622611601,1
1391,46.41303333333333,93.9481258392334,,,,,,,,,,,,,,,,,,,,0.47003480792045593,0.52665776014328,0.003816780401393771,0.9999801516532898,0.453698992729187,0.6216132044792175,-0.07775171846151352,0.990425169467926,0.44119903445243835,0.7183598875999451,0.055918604135513306,0.995048463344574,0.4160972237586975,0.75074702501297,-0.1480037271976471,0.9927089214324951,forward,85.84816722549614,1
1392,46.446400000000004,93.95408630371094,,,,,,,,,,,,,,,,,,,,0.4667581021785736,0.5269954204559326,0.0037626102566719055,0.9999796152114868,0.4522547721862793,0.621583878993988,-0.06663042306900024,0.9903336763381958,0.4411992132663727,0.7183563113212585,0.08111859858036041,0.9949584603309631,0.4175160229206085,0.7504631280899048,-0.12178847938776016,0.9926040768623352,forward,87.03724216606744,1
1393,46.47976666666667,94.29502487182617,,,,,,,,,,,,,,,,,,,,0.4634554386138916,0.5272813439369202,0.0019571215379983187,0.9999790787696838,0.4502236247062683,0.621665358543396,-0.05722540244460106,0.9904346466064453,0.44120916724205017,0.7185783982276917,0.08987543731927872,0.9949823617935181,0.4180586040019989,0.7504922747612,-0.1128239706158638,0.9926158785820007,forward,91.62317011061313,1
1394,46.513133333333336,93.44482421875,,,,,,,,,,,,,,,,,,,,0.45871657133102417,0.5272986888885498,0.004021183587610722,0.9999786615371704,0.44761085510253906,0.6217188239097595,-0.05144549161195755,0.9903843998908997,0.44119957089424133,0.7188452482223511,0.09478633105754852,0.9949222803115845,0.41850948333740234,0.7504929304122925,-0.10788898169994354,0.992546558380127,forward,93.3530891810076,1
1395,46.5465,92.82398223876953,,,,,,,,,,,,,,,,,,,,0.45322781801223755,0.5272999405860901,0.004049013834446669,0.999978244304657,0.4455734193325043,0.6224691271781921,-0.020868029445409775,0.9898638725280762,0.4410645663738251,0.718866229057312,0.1586177945137024,0.994508683681488,0.41850370168685913,0.7504934668540955,-0.03464676812291145,0.9920085072517395,forward,103.62344079475352,1
1396,46.57986666666667,92.84186363220215,,,,,,,,,,,,,,,,,,,,0.4492885172367096,0.5271607637405396,0.005139522720128298,0.9999780654907227,0.4430472254753113,0.6225782036781311,-0.023830004036426544,0.9894861578941345,0.4406135678291321,0.7188823819160461,0.143707275390625,0.9942891597747803,0.4184986650943756,0.7503327131271362,-0.0524337962269783,0.9917546510696411,forward,103.02189936647252,1
1397,46.61323333333333,93.0030345916748,,,,,,,,,,,,,,,,,,,,0.44492998719215393,0.5270168781280518,0.009688585065305233,0.9999775290489197,0.4413830637931824,0.6225704550743103,-0.024602342396974564,0.9892366528511047,0.4399409294128418,0.7189549207687378,0.13499073684215546,0.994114100933075,0.4182477295398712,0.7500938773155212,-0.060643937438726425,0.991558849811554,forward,101.39647805965481,1
1398,46.6466,92.12112426757812,,,,,,,,,,,,,,,,,,,,0.4407138228416443,0.52701336145401,0.012450644746422768,0.9999776482582092,0.43975090980529785,0.62272047996521,0.0009369113831780851,0.9890003800392151,0.43926140666007996,0.718973696231842,0.19074319303035736,0.9938985109329224,0.4185716211795807,0.749772846698761,-0.0014508955646306276,0.9912840723991394,forward,110.03064230163027,1
1399,46.679966666666665,92.3469066619873,,,,,,,,,,,,,,,,,,,,0.4365015923976898,0.5271565318107605,0.013737538829445839,0.9999780654907227,0.4365352392196655,0.6232805848121643,-0.0018530664965510368,0.9889870882034302,0.4388860762119293,0.719103991985321,0.19021694362163544,0.9939195513725281,0.4187363088130951,0.7497851848602295,-0.005183156114071608,0.9912850260734558,forward,107.30096472561331,1
1400,46.71333333333333,93.70088577270508,,,,,,,,,,,,,,,,,,,,0.43303215503692627,0.5271950960159302,0.013554793782532215,0.9999788403511047,0.4339214265346527,0.6235989928245544,-0.0032333165872842073,0.9893510341644287,0.4385519027709961,0.7192724347114563,0.19235210120677948,0.9941270351409912,0.41858017444610596,0.7499933242797852,-0.00603405199944973,0.9915494918823242,forward,106.19469762615131,1
1401,46.746700000000004,93.82796287536621,,,,,,,,,,,,,,,,,,,,0.42984727025032043,0.5270614624023438,0.015023683197796345,0.9999788403511047,0.43128421902656555,0.6235812902450562,-0.024141373112797737,0.9887946844100952,0.4381519854068756,0.7196418046951294,0.13385039567947388,0.9936769604682922,0.41765663027763367,0.75017249584198,-0.04359767585992813,0.9910690784454346,forward,99.23649101490832,1
1402,46.78006666666667,93.22476387023926,,,,,,,,,,,,,,,,,,,,0.4267001152038574,0.5272571444511414,0.016945404931902885,0.9999792575836182,0.42882245779037476,0.6236235499382019,-0.017845528200268745,0.9888731837272644,0.43792060017585754,0.7199642658233643,0.15070457756519318,0.9937249422073364,0.4168259799480438,0.7502829432487488,-0.03374071791768074,0.991162896156311,forward,99.94394171718355,1
1403,46.813433333333336,94.82002258300781,,,,,,,,,,,,,,,,,,,,0.42404964566230774,0.527188777923584,0.017304034903645515,0.9999794960021973,0.42764490842819214,0.623636782169342,-0.01911924220621586,0.9889909029006958,0.43766283988952637,0.7202103137969971,0.15366961061954498,0.9937539100646973,0.41492295265197754,0.7505978941917419,-0.03561221435666084,0.9912160634994507,forward,98.5983084902188,1
1404,46.8468,93.98889541625977,,,,,,,,,,,,,,,,,,,,0.4217119514942169,0.5273841619491577,0.015306900255382061,0.9999797940254211,0.42615318298339844,0.6236206889152527,-0.018992260098457336,0.9891965389251709,0.43699517846107483,0.7202141880989075,0.15878061950206757,0.9938837289810181,0.41431400179862976,0.7506011724472046,-0.03634219616651535,0.9913544654846191,forward,99.01476817159704,1
1405,46.88016666666667,94.26426887512207,,,,,,,,,,,,,,,,,,,,0.42072829604148865,0.5280999541282654,0.015259064733982086,0.9999802708625793,0.4242016673088074,0.6237947344779968,-0.019113250076770782,0.9895346760749817,0.43625912070274353,0.7202135324478149,0.15806865692138672,0.9940581917762756,0.4133257269859314,0.7507792711257935,-0.03680478781461716,0.9915642142295837,forward,98.89366894293931,1
1406,46.91353333333333,94.44689750671387,,,,,,,,,,,,,,,,,,,,0.4185329079627991,0.5285423994064331,0.015281123109161854,0.9999808073043823,0.42309772968292236,0.6241138577461243,-0.030945876613259315,0.9898960590362549,0.4361289441585541,0.7204925417900085,0.13562622666358948,0.9942634701728821,0.41311928629875183,0.7509141564369202,-0.05663317069411278,0.9918285608291626,forward,94.3942169946035,1
1407,46.9469,92.81325340270996,,,,,,,,,,,,,,,,,,,,0.4161715507507324,0.5286760330200195,0.015003575012087822,0.9999814033508301,0.4218372106552124,0.6245743632316589,-0.0328647717833519,0.9902791380882263,0.4360368251800537,0.720720648765564,0.13821503520011902,0.9944780468940735,0.41306206583976746,0.7512682676315308,-0.05549388751387596,0.9920764565467834,forward,93.01674145128605,1
1408,46.980266666666665,93.10317039489746,,,,,,,,,,,,,,,,,,,,0.4154627025127411,0.5289157629013062,0.014946992509067059,0.9999818801879883,0.4209420680999756,0.6248074173927307,-0.03248339891433716,0.9905608296394348,0.43580305576324463,0.7207411527633667,0.1391339749097824,0.9946559071540833,0.41293296217918396,0.7514618635177612,-0.054869282990694046,0.9922852516174316,forward,93.09615644384371,1
1409,47.01363333333333,93.36018562316895,,,,,,,,,,,,,,,,,,,,0.4142810106277466,0.5289906859397888,0.014385882765054703,0.9999819993972778,0.4205172657966614,0.6249274611473083,-0.035306550562381744,0.990558922290802,0.435693621635437,0.7207620739936829,0.13770516216754913,0.9947088956832886,0.41273805499076843,0.75150465965271,-0.0543636716902256,0.9923079609870911,forward,91.84547940534218,1
1410,47.047000000000004,92.92483329772949,,,,,,,,,,,,,,,,,,,,0.4134509563446045,0.5289866924285889,0.013904417864978313,0.9999822378158569,0.42013266682624817,0.6249826550483704,-0.04314911365509033,0.9907844662666321,0.4355994462966919,0.72078537940979,0.1292790323495865,0.9948791265487671,0.4127531349658966,0.751328706741333,-0.07055166363716125,0.9925177693367004,forward,88.60824586476625,1
1411,47.08036666666667,93.24288368225098,,,,,,,,,,,,,,,,,,,,0.4128223955631256,0.5288943648338318,0.014319008216261864,0.9999818801879883,0.41969287395477295,0.6250423789024353,-0.05080684274435043,0.9906006455421448,0.43556803464889526,0.7207908630371094,0.1053796336054802,0.9948074817657471,0.41276752948760986,0.7511121034622192,-0.08666102588176727,0.9924055933952332,forward,87.70484491117355,1
1412,47.113733333333336,93.07289123535156,,,,,,,,,,,,,,,,,,,,0.4121052622795105,0.5288997292518616,0.016933215782046318,0.9999809265136719,0.41951656341552734,0.6251843571662903,-0.05344952270388603,0.9900959730148315,0.43556857109069824,0.7207916975021362,0.10348556935787201,0.9945445656776428,0.4131793975830078,0.7510659694671631,-0.08316456526517868,0.9920761585235596,forward,85.52195557460952,1
1413,47.1471,93.77717971801758,,,,,,,,,,,,,,,,,,,,0.411466121673584,0.5288956761360168,0.01972794346511364,0.9999794960021973,0.41960400342941284,0.6252415776252747,-0.051499031484127045,0.9891616106033325,0.43558499217033386,0.7207934260368347,0.10236022621393204,0.994049072265625,0.4133639633655548,0.7509436011314392,-0.07964155822992325,0.991524338722229,forward,85.73765738332156,1
1414,47.18046666666667,96.33994102478027,,,,,,,,,,,,,,,,,,,,0.4109973907470703,0.5290511250495911,0.019774025306105614,0.9999775886535645,0.4194916784763336,0.6252833008766174,-0.049740020185709,0.9879245758056641,0.43565213680267334,0.7207961678504944,0.10069761425256729,0.993373692035675,0.4134806990623474,0.750937819480896,-0.07851199060678482,0.9908153414726257,forward,86.96139883156701,1
1415,47.21383333333333,94.16389465332031,,,,,,,,,,,,,,,,,,,,0.41068464517593384,0.5293307900428772,0.01982446387410164,0.9999752640724182,0.41945821046829224,0.6253798007965088,-0.04718057066202164,0.9863716959953308,0.43575432896614075,0.7207993865013123,0.10175527632236481,0.9925538301467896,0.41366249322891235,0.7509515881538391,-0.07135403901338577,0.9899563193321228,forward,88.15529903114763,1
1416,47.2472,92.9558277130127,,,,,,,,,,,,,,,,,,,,0.4104105532169342,0.5293489694595337,0.01968371868133545,0.9999723434448242,0.41938263177871704,0.6254585385322571,-0.042460422962903976,0.9846481680870056,0.43577679991722107,0.7207968235015869,0.11963335424661636,0.9916335940361023,0.41367483139038086,0.7510402202606201,-0.057156093418598175,0.9888688325881958,forward,87.98181815758787,1
1417,47.280566666666665,93.75691413879395,,,,,,,,,,,,,,,,,,,,0.4106340706348419,0.5296198129653931,0.02034366875886917,0.9999696016311646,0.4191740155220032,0.6256372332572937,-0.027290891855955124,0.9829862713813782,0.43580004572868347,0.7207470536231995,0.14588239789009094,0.9907562732696533,0.4136950969696045,0.7510319352149963,-0.032271210104227066,0.9878871440887451,forward,92.75623132262511,1
1418,47.31393333333333,93.81699562072754,,,,,,,,,,,,,,,,,,,,0.4108447730541229,0.5296343564987183,0.021298116073012352,0.9999659061431885,0.4190747141838074,0.6257244348526001,-0.02554086409509182,0.9806863069534302,0.4358106851577759,0.7207182049751282,0.1418737769126892,0.9894551038742065,0.4136970043182373,0.7510139346122742,-0.0359853133559227,0.9864733815193176,forward,93.94215849791621,1
1419,47.347300000000004,94.59614753723145,,,,,,,,,,,,,,,,,,,,0.4109981656074524,0.5296996831893921,0.021587710827589035,0.9999613761901855,0.4187958836555481,0.6259199380874634,-0.024186987429857254,0.9775556921958923,0.4358547329902649,0.7206830978393555,0.14049983024597168,0.9875714778900146,0.41366463899612427,0.75101238489151,-0.03592488169670105,0.9844730496406555,forward,94.82027924758748,1
1420,47.38066666666667,93.60694885253906,,,,,,,,,,,,,,,,,,,,0.4114610552787781,0.5298875570297241,0.02157200314104557,0.9999582767486572,0.41893649101257324,0.6259753704071045,-0.015759479254484177,0.9743471741676331,0.43596068024635315,0.7206424474716187,0.14548076689243317,0.9858065247535706,0.4135884642601013,0.7509294152259827,-0.02374364249408245,0.9824608564376831,forward,99.50456312262257,1
1421,47.414033333333336,93.92309188842773,,,,,,,,,,,,,,,,,,,,0.4131605923175812,0.5294297337532043,0.02045646496117115,0.9999560713768005,0.4201306998729706,0.625622570514679,-0.017919670790433884,0.9728142619132996,0.43596458435058594,0.7206293940544128,0.14360232651233673,0.9851053953170776,0.41374629735946655,0.7507617473602295,-0.03909691795706749,0.981652021408081,forward,98.99128961975192,1
1422,47.4474,94.0239429473877,,,,,,,,,,,,,,,,,,,,0.4167041778564453,0.529373824596405,0.018370935693383217,0.9999532699584961,0.4215242564678192,0.6255226731300354,-0.01752430386841297,0.9719125628471375,0.4358839988708496,0.7205795645713806,0.14432953298091888,0.9845045208930969,0.4139021337032318,0.7507613897323608,-0.03904857859015465,0.9808725118637085,forward,100.12152240695777,1
1423,47.48076666666667,93.51658821105957,,,,,,,,,,,,,,,,,,,,0.42059117555618286,0.5289546847343445,0.016543181613087654,0.9999507069587708,0.4233779311180115,0.6254492402076721,-0.018511425703763962,0.9717147946357727,0.4358863830566406,0.7205773591995239,0.13941092789173126,0.9842762351036072,0.41410577297210693,0.750838041305542,-0.04433241859078407,0.9805471897125244,forward,101.17585430621791,1
1424,47.514133333333334,94.5737361907959,,,,,,,,,,,,,,,,,,,,0.42297691106796265,0.5276384949684143,0.015340643003582954,0.9999469518661499,0.42462584376335144,0.6253141760826111,-0.03175688534975052,0.971247673034668,0.436031311750412,0.7206104397773743,0.11385507881641388,0.9837111830711365,0.41438063979148865,0.7508491277694702,-0.06894024461507797,0.9799129962921143,forward,97.50085378912908,1
1425,47.5475,92.8659439086914,,,,,,,,,,,,,,,,,,,,0.4258469343185425,0.5270307064056396,0.015702027827501297,0.9999436736106873,0.42611220479011536,0.6252831220626831,-0.03149273246526718,0.970585823059082,0.436415433883667,0.7205978631973267,0.11606132984161377,0.9830842614173889,0.41440296173095703,0.7508262395858765,-0.06534607708454132,0.9792395830154419,forward,97.19989370981095,1
1426,47.580866666666665,93.43814849853516,,,,,,,,,,,,,,,,,,,,0.4290483295917511,0.5270584225654602,0.015744317322969437,0.9999411106109619,0.4275941252708435,0.6252886652946472,-0.013481741771101952,0.9693922400474548,0.43697404861450195,0.7202926874160767,0.15830098092556,0.9824181795120239,0.4146493375301361,0.7505112886428833,-0.022721275687217712,0.9783188104629517,forward,102.32026082613982,1
1427,47.61423333333333,93.20592880249023,,,,,,,,,,,,,,,,,,,,0.43185102939605713,0.5270349979400635,0.016347333788871765,0.9999383687973022,0.4299187660217285,0.6253089308738708,0.0005271584959700704,0.9685982465744019,0.43733760714530945,0.7200244069099426,0.15714199841022491,0.9818152785301208,0.41492560505867004,0.7502269744873047,-0.012817980721592903,0.9774870872497559,forward,111.94718759818498,1
1428,47.647600000000004,94.77400779724121,,,,,,,,,,,,,,,,,,,,0.43490874767303467,0.5269621014595032,0.016374949365854263,0.9999371767044067,0.43258148431777954,0.6253664493560791,0.007949342019855976,0.968353807926178,0.4377942383289337,0.719826340675354,0.1665199249982834,0.9815964698791504,0.4152226448059082,0.7500771284103394,-0.003137255785986781,0.9771945476531982,forward,115.82709946776397,1
1429,47.68096666666667,93.95980834960938,,,,,,,,,,,,,,,,,,,,0.4391305148601532,0.5267360210418701,0.016213655471801758,0.9999333620071411,0.4348757266998291,0.6253806352615356,0.0024135145358741283,0.9673375487327576,0.43819645047187805,0.7197496891021729,0.16413001716136932,0.9808906316757202,0.41576921939849854,0.7498425841331482,-0.008238943293690681,0.9762288331985474,forward,112.22973220863459,1
1430,47.714333333333336,93.98198127746582,,,,,,,,,,,,,,,,,,,,0.44279295206069946,0.5265405178070068,0.014180879108607769,0.9999290704727173,0.4376523792743683,0.6254023909568787,-0.0025414307601749897,0.964284360408783,0.43813252449035645,0.7200027108192444,0.1403781622648239,0.9786708950996399,0.4158014953136444,0.7500520348548889,-0.022002577781677246,0.973541796207428,forward,113.85809625200488,1
1431,47.7477,94.27595138549805,,,,,,,,,,,,,,,,,,,,0.44640740752220154,0.526475191116333,0.013301976025104523,0.9999275207519531,0.43991467356681824,0.6254929900169373,-0.004639133345335722,0.962800920009613,0.43806105852127075,0.7202565670013428,0.1430661678314209,0.9776283502578735,0.41580331325531006,0.7502998113632202,-0.024537688121199608,0.9721578359603882,forward,112.40484677681847,1
1432,47.78106666666667,92.69976615905762,,,,,,,,,,,,,,,,,,,,0.4494398534297943,0.5261219143867493,0.014505711384117603,0.9999258518218994,0.4422069489955902,0.6255190968513489,-0.005839225836098194,0.9606212973594666,0.4375813901424408,0.7204751372337341,0.14307941496372223,0.9759596586227417,0.4154964089393616,0.7505435943603516,-0.029592595994472504,0.9702291488647461,forward,111.00656664198247,1
1433,47.814433333333334,93.42288970947266,,,,,,,,,,,,,,,,,,,,0.45235633850097656,0.5256287455558777,0.014533122070133686,0.9999262690544128,0.44434866309165955,0.6255492568016052,-0.012262843549251556,0.9571542143821716,0.4375109076499939,0.7205027341842651,0.1333279013633728,0.9741084575653076,0.4154984951019287,0.7506970167160034,-0.05585537478327751,0.9679232239723206,forward,108.21282749671298,1
1434,47.8478,93.05405616760254,,,,,,,,,,,,,,,,,,,,0.45628008246421814,0.5251265168190002,0.013383683748543262,0.9999269247055054,0.44587355852127075,0.6255494952201843,-0.028625071048736572,0.948836088180542,0.43750104308128357,0.7203835248947144,0.10451526194810867,0.9700413346290588,0.41603437066078186,0.7506891489028931,-0.08810348808765411,0.9625616073608398,forward,102.97156632902193,1
1435,47.881166666666665,93.56427192687988,,,,,,,,,,,,,,,,,,,,0.4603023827075958,0.5245321393013,0.012958326376974583,0.9999279975891113,0.44774895906448364,0.6255538463592529,-0.02976739965379238,0.9426265954971313,0.4376157224178314,0.7202383279800415,0.09987594187259674,0.9680513143539429,0.4162207841873169,0.7505642771720886,-0.09244650602340698,0.9593231678009033,forward,103.52505663572128,1
1436,47.91453333333333,92.42391586303711,,,,,,,,,,,,,,,,,,,,0.4647597372531891,0.5232568383216858,0.010134823620319366,0.9999274611473083,0.4497307538986206,0.6257439851760864,-0.03639715164899826,0.9241780042648315,0.4379515051841736,0.7197198271751404,0.09992843866348267,0.9616600275039673,0.41711246967315674,0.7505097985267639,-0.09008524566888809,0.9491772651672363,forward,100.59200511927119,1
1437,47.947900000000004,94.0086841583252,,,,,,,,,,,,,,,,,,,,0.46825534105300903,0.5224683880805969,0.009362362325191498,0.9999250173568726,0.4511905312538147,0.6258665919303894,-0.028003046289086342,0.9135826826095581,0.43879905343055725,0.7197211980819702,0.12162082642316818,0.9601559042930603,0.4173099100589752,0.7504895925521851,-0.08310694992542267,0.9453960061073303,forward,102.68295311837693,1
1438,47.98126666666667,93.01114082336426,,,,,,,,,,,,,,,,,,,,0.47095808386802673,0.5214420557022095,0.008748858235776424,0.9999220371246338,0.4530505836009979,0.625910222530365,-0.027354799211025238,0.9052724242210388,0.43970420956611633,0.719721794128418,0.1269393265247345,0.9592410326004028,0.41784337162971497,0.7507284283638,-0.07979073375463486,0.9425342082977295,forward,102.7332265255652,1
1439,48.014633333333336,93.67704391479492,,,,,,,,,,,,,,,,,,,,0.4738598167896271,0.5203990936279297,0.00876624695956707,0.9999146461486816,0.45430251955986023,0.6261138319969177,-0.02717858925461769,0.893951952457428,0.44122856855392456,0.7197057604789734,0.1253189593553543,0.957775354385376,0.41861647367477417,0.7507275938987732,-0.08233856409788132,0.9392347931861877,forward,103.27024757290128,1
1440,48.048,94.47574615478516,,,,,,,,,,,,,,,,,,,,0.4754766523838043,0.5205050110816956,0.00865984708070755,0.9999098777770996,0.4548420310020447,0.6261985898017883,-0.026354080066084862,0.8866497874259949,0.44177567958831787,0.7196968793869019,0.1327003687620163,0.9574369788169861,0.4190331995487213,0.7509153485298157,-0.08038517832756042,0.9377841353416443,forward,102.63841928160326,1
1441,48.08136666666667,94.88892555236816,,,,,,,,,,,,,,,,,,,,0.47756314277648926,0.5205748081207275,0.0066504450514912605,0.9999046921730042,0.4561212658882141,0.626154363155365,-0.026629691943526268,0.870182991027832,0.44261831045150757,0.7192106246948242,0.13773681223392487,0.9531523585319519,0.4199700653553009,0.7509151101112366,-0.07848718017339706,0.9303175806999207,forward,102.56262054011418,1
1442,48.114733333333334,93.87683868408203,,,,,,,,,,,,,,,,,,,,0.47936880588531494,0.5205034017562866,0.004828431643545628,0.9998995065689087,0.4568391740322113,0.6262773871421814,-0.02649068832397461,0.8434140682220459,0.44297492504119873,0.717577338218689,0.1755811721086502,0.9446412324905396,0.4199546277523041,0.7509072422981262,-0.03190625086426735,0.9173544049263,forward,98.3689704306439,1
1443,48.1481,93.28198432922363,,,,,,,,,,,,,,,,,,,,0.4820931851863861,0.5202573537826538,0.003711266443133354,0.9998985528945923,0.4574141800403595,0.6262643933296204,-0.027935810387134552,0.8238168358802795,0.4431774318218231,0.7169464826583862,0.19255773723125458,0.9393912553787231,0.4192017912864685,0.751499593257904,-0.008778342977166176,0.9088242650032043,forward,96.33316756484174,1
1444,48.181466666666665,93.34707260131836,,,,,,,,,,,,,,,,,,,,0.4853406548500061,0.5202345252037048,0.002787709701806307,0.999897301197052,0.458025187253952,0.6264259219169617,-0.027996782213449478,0.8140270113945007,0.4433245062828064,0.7159777283668518,0.23140649497509003,0.936957061290741,0.41882485151290894,0.7515133619308472,0.024359112605452538,0.9042220115661621,forward,93.52724846788115,1
1445,48.21483333333333,93.09577941894531,,,,,,,,,,,,,,,,,,,,0.4875771999359131,0.5199400186538696,0.0022234683856368065,0.9998964667320251,0.45850464701652527,0.6266022324562073,-0.015651917085051537,0.8032597899436951,0.44333380460739136,0.7155260443687439,0.24699251353740692,0.9353160262107849,0.4179348945617676,0.7519310712814331,0.03895804286003113,0.9007636308670044,forward,99.68317347327577,1
1446,48.248200000000004,93.44005584716797,,,,,,,,,,,,,,,,,,,,0.48910826444625854,0.5198357105255127,0.0008171797962859273,0.999897837638855,0.45859086513519287,0.6266033053398132,-0.015290576033294201,0.8001146912574768,0.4433785080909729,0.7145612835884094,0.24927034974098206,0.9356899857521057,0.417059063911438,0.7522313594818115,0.04276159778237343,0.9004722833633423,forward,100.28523914250512,1
1447,48.28156666666667,92.3929214477539,,,,,,,,,,,,,,,,,,,,0.49076220393180847,0.5196587443351746,-0.0003245327970944345,0.9998982548713684,0.45844918489456177,0.6265751719474792,-0.020996125414967537,0.7886247038841248,0.44348177313804626,0.713252067565918,0.22317653894424438,0.9329284429550171,0.41621634364128113,0.7521470785140991,0.02024977281689644,0.8956980109214783,forward,99.18043534968862,1
1448,48.314933333333336,93.03617477416992,,,,,,,,,,,,,,,,,,,,0.4916176199913025,0.5194605588912964,-0.0020609572529792786,0.9999002814292908,0.45834463834762573,0.6262553334236145,-0.02105102874338627,0.7869178652763367,0.4433457553386688,0.7120510339736938,0.2590431272983551,0.9331902265548706,0.41602465510368347,0.7522298693656921,0.05087951570749283,0.8953618407249451,forward,97.497682128645,1
1449,48.3483,94.28524971008301,,,,,,,,,,,,,,,,,,,,0.49224627017974854,0.5194603800773621,-0.0046950168907642365,0.9999005794525146,0.45831114053726196,0.6255618929862976,-0.028787005692720413,0.7835713624954224,0.44132187962532043,0.711877703666687,0.24013561010360718,0.9322323203086853,0.4159461259841919,0.7522256374359131,0.03164042532444,0.8935070633888245,forward,95.79472016998811,1
1450,48.38166666666667,93.96815299987793,,,,,,,,,,,,,,,,,,,,0.4926559329032898,0.5194185376167297,-0.00570177985355258,0.9999010562896729,0.4574168026447296,0.6253559589385986,-0.028622237965464592,0.7746244072914124,0.43660202622413635,0.7116843461990356,0.2507633566856384,0.9289368987083435,0.4128883481025696,0.752155065536499,0.037421390414237976,0.8886574506759644,forward,95.97021338225305,1
1451,48.415033333333334,93.97006034851074,,,,,,,,,,,,,,,,,,,,0.492689847946167,0.5193420052528381,-0.00577373756095767,0.9998998641967773,0.4561079442501068,0.6251614689826965,-0.03393585607409477,0.7679141759872437,0.43052345514297485,0.7118410468101501,0.2113565355539322,0.9272366166114807,0.4062553346157074,0.7521044611930847,-0.003312143962830305,0.8860373497009277,forward,96.08713634225451,1
1452,48.4484,94.34866905212402,,,,,,,,,,,,,,,,,,,,0.4927217960357666,0.519372820854187,-0.006223842967301607,0.999900221824646,0.4541220963001251,0.6251134276390076,-0.02886686660349369,0.7630108594894409,0.42390912771224976,0.7119631171226501,0.2114957869052887,0.9265494346618652,0.39998000860214233,0.7517181038856506,-0.0046744863502681255,0.8848163485527039,forward,99.55934795837837,1
1453,48.481766666666665,94.11287307739258,,,,,,,,,,,,,,,,,,,,0.4923405945301056,0.5194810032844543,-0.007166238501667976,0.9999005794525146,0.45149940252304077,0.6251360177993774,-0.028300277888774872,0.7517554759979248,0.4171616733074188,0.7143967151641846,0.20197924971580505,0.9230591058731079,0.39508384466171265,0.7517326474189758,-0.01925225928425789,0.8799080848693848,forward,101.98519148900418,1
1454,48.51513333333333,93.25909614562988,,,,,,,,,,,,,,,,,,,,0.4920574724674225,0.5194315910339355,-0.00723358104005456,0.9999001622200012,0.4492376446723938,0.6252781748771667,-0.03135135397315025,0.7429783344268799,0.4117320477962494,0.7194344401359558,0.14420011639595032,0.9215742349624634,0.3839581608772278,0.7527287602424622,-0.07724553346633911,0.8776770830154419,forward,108.07168140085672,1
1455,48.548500000000004,93.7192440032959,,,,,,,,,,,,,,,,,,,,0.49174952507019043,0.5192984342575073,-0.007099686656147242,0.9999006986618042,0.44642484188079834,0.6254912614822388,-0.03393168747425079,0.7340567111968994,0.4095543324947357,0.7221320867538452,0.12400884181261063,0.9204006195068359,0.3807467818260193,0.7538278698921204,-0.10161139070987701,0.8755617141723633,forward,110.11339185129054,1
1456,48.58186666666667,94.25997734069824,,,,,,,,,,,,,,,,,,,,0.48911184072494507,0.5195658802986145,-0.004106815438717604,0.9999029636383057,0.4437185227870941,0.6259280443191528,-0.03292202949523926,0.7415511012077332,0.40844911336898804,0.7234842777252197,0.1482323408126831,0.923316240310669,0.37838461995124817,0.7549688816070557,-0.07603204250335693,0.8806203603744507,forward,105.75974492874023,1
1457,48.615233333333336,92.70310401916504,,,,,,,,,,,,,,,,,,,,0.48462602496147156,0.519568681716919,-0.003868379397317767,0.9999059438705444,0.44206637144088745,0.6260526776313782,-0.03231047838926315,0.7407333850860596,0.40795400738716125,0.7242524027824402,0.14589577913284302,0.9245271682739258,0.37769782543182373,0.7559086680412292,-0.07893848419189453,0.8827886581420898,forward,106.29653603518722,1
1458,48.6486,92.59414672851562,,,,,,,,,,,,,,,,,,,,0.48053374886512756,0.5194956660270691,-0.003447104711085558,0.9999064803123474,0.4398766756057739,0.6260653734207153,-0.0327521488070488,0.7333409190177917,0.4069623351097107,0.7251256108283997,0.11379679292440414,0.9253687262535095,0.37706854939460754,0.7569027543067932,-0.11540908366441727,0.8838596940040588,forward,111.02005201506086,1
1459,48.68196666666667,93.22285652160645,,,,,,,,,,,,,,,,,,,,0.47640058398246765,0.5199516415596008,-0.004055926576256752,0.9999065399169922,0.43798333406448364,0.6260956525802612,-0.03292495757341385,0.7203626036643982,0.40670284628868103,0.7255335450172424,0.11763617396354675,0.9238174557685852,0.3761823773384094,0.7575633525848389,-0.10669704526662827,0.8815953731536865,forward,110.32100207353676,1
1460,48.715333333333334,94.85507011413574,,,,,,,,,,,,,,,,,,,,0.470042884349823,0.5199406147003174,-0.004611012060195208,0.9999088644981384,0.43584680557250977,0.6260967254638672,-0.03150223568081856,0.7124109864234924,0.40641355514526367,0.7261875867843628,0.11519939452409744,0.9236145615577698,0.3767053186893463,0.7580738067626953,-0.10988616198301315,0.880951464176178,forward,111.85141336361191,1
1461,48.7487,94.62809562683105,,,,,,,,,,,,,,,,,,,,0.4645543694496155,0.5201130509376526,-0.0049044108018279076,0.9999085068702698,0.4320400655269623,0.6261749863624573,-0.026868904009461403,0.7168224453926086,0.4058113992214203,0.726112425327301,0.12513436377048492,0.9265655279159546,0.376007616519928,0.7584636807441711,-0.09816496074199677,0.8850101232528687,forward,112.97726181233743,1
1462,48.782066666666665,94.16770935058594,,,,,,,,,,,,,,,,,,,,0.4608156979084015,0.5200846791267395,-0.004927629139274359,0.9999040961265564,0.4288440942764282,0.6257391571998596,-0.01081074122339487,0.7018634080886841,0.40592193603515625,0.7263466715812683,0.13057148456573486,0.9249569773674011,0.37471041083335876,0.7583943009376526,-0.09223522245883942,0.8826556205749512,forward,122.97450049350368,1
1463,48.81543333333333,94.30289268493652,,,,,,,,,,,,,,,,,,,,0.4557585120201111,0.5200497508049011,-0.008347208611667156,0.9998993873596191,0.42629924416542053,0.6255923509597778,-0.012855825014412403,0.6957957744598389,0.40583688020706177,0.7265108227729797,0.12246915698051453,0.9247427582740784,0.3754199743270874,0.7587395310401917,-0.10369560122489929,0.8821926116943359,forward,124.80234616871192,1
1464,48.848800000000004,93.97411346435547,,,,,,,,,,,,,,,,,,,,0.45059797167778015,0.5200692415237427,-0.009178194217383862,0.9998989701271057,0.42410269379615784,0.6256330609321594,-0.014818952418863773,0.6888177990913391,0.4059135913848877,0.7265678644180298,0.1263636350631714,0.9238587617874146,0.37612026929855347,0.7587381601333618,-0.09856962412595749,0.8799839615821838,forward,122.93770662741377,1
1465,48.88216666666667,94.02608871459961,,,,,,,,,,,,,,,,,,,,0.4461356997489929,0.519888162612915,-0.00962696224451065,0.9999008178710938,0.42457345128059387,0.6256369948387146,-0.019847873598337173,0.6888145804405212,0.4060934782028198,0.7264845967292786,0.10325893759727478,0.9252210855484009,0.37633541226387024,0.7588901519775391,-0.11065966635942459,0.8810431957244873,forward,124.36971245008887,1
1466,48.915533333333336,93.048095703125,,,,,,,,,,,,,,,,,,,,0.44058430194854736,0.5198808908462524,-0.009530155919492245,0.9999033212661743,0.4221397638320923,0.6256462931632996,-0.029868125915527344,0.6873132586479187,0.40618541836738586,0.7264946103096008,0.07859556376934052,0.9258636832237244,0.37675741314888,0.7589207291603088,-0.12206076085567474,0.881037712097168,forward,122.53727281580812,1
1467,48.9489,92.68879890441895,,,,,,,,,,,,,,,,,,,,0.4353340268135071,0.5198333859443665,-0.00919767189770937,0.9999032616615295,0.4186955988407135,0.6256499886512756,-0.03008970245718956,0.6795805096626282,0.40573421120643616,0.7264247536659241,0.09138941019773483,0.9239899516105652,0.3770570158958435,0.758936882019043,-0.11388000845909119,0.8773009181022644,forward,118.85642865486454,1
1468,48.98226666666667,93.52707862854004,,,,,,,,,,,,,,,,,,,,0.4299668073654175,0.5197199583053589,-0.008959818631410599,0.9998994469642639,0.4151841104030609,0.6255938410758972,-0.044421542435884476,0.6757054328918457,0.4057667851448059,0.7263870239257812,0.05338209122419357,0.921574056148529,0.3771857023239136,0.7589151263237,-0.12988567352294922,0.8731971979141235,forward,117.5890683401079,1
1469,49.015633333333334,93.0171012878418,,,,,,,,,,,,,,,,,,,,0.42498722672462463,0.5198236703872681,-0.007402058225125074,0.9998941421508789,0.4116627275943756,0.6256415247917175,-0.05349978059530258,0.6637231707572937,0.4057868719100952,0.726367712020874,0.042041875422000885,0.9144384264945984,0.3772815763950348,0.7588986158370972,-0.14100511372089386,0.8646004796028137,forward,113.09363651223217,1
1470,49.049,93.86801719665527,,,,,,,,,,,,,,,,,,,,0.41990119218826294,0.5202257633209229,-0.0073938448913395405,0.9998952150344849,0.4086541533470154,0.6261691451072693,-0.0636916384100914,0.6329562664031982,0.4054243266582489,0.7263535261154175,0.011955811642110348,0.8910565376281738,0.3768218755722046,0.7589096426963806,-0.13981401920318604,0.8381233215332031,forward,114.9847553873801,1
1471,49.082366666666665,93.59192848205566,,,,,,,,,,,,,,,,,,,,0.41535013914108276,0.5205007791519165,-0.007788863964378834,0.99989253282547,0.40609636902809143,0.6264669895172119,-0.06457703560590744,0.6127010583877563,0.4052850902080536,0.7265110611915588,0.02329085022211075,0.8784720301628113,0.3761003017425537,0.7589718103408813,-0.14637641608715057,0.8208053708076477,forward,110.48516878798776,1
1472,49.11573333333333,92.7271842956543,,,,,,,,,,,,,,,,,,,,0.4112299680709839,0.5204549431800842,-0.007739459164440632,0.9998892545700073,0.4046948254108429,0.6261910200119019,-0.05955483391880989,0.597802460193634,0.40457895398139954,0.7268524765968323,0.01596384309232235,0.8693837523460388,0.37595072388648987,0.758964478969574,-0.1629885584115982,0.8090161085128784,forward,116.97335869348942,1
1473,49.149100000000004,92.39602088928223,,,,,,,,,,,,,,,,,,,,0.4075762629508972,0.5203874707221985,-0.007700989954173565,0.9998816251754761,0.403510183095932,0.6261727809906006,-0.057861268520355225,0.5741426944732666,0.40414324402809143,0.7268442511558533,0.023445287719368935,0.85184645652771,0.37603047490119934,0.75892174243927,-0.15201814472675323,0.7884129881858826,forward,115.6775105481233,1
1474,49.18246666666667,92.78202056884766,,,,,,,,,,,,,,,,,,,,0.40460866689682007,0.5200817584991455,-0.007706587202847004,0.9998679161071777,0.4019384980201721,0.6258335709571838,-0.05581262707710266,0.5552620887756348,0.40393754839897156,0.7267206907272339,0.029089462012052536,0.8394575119018555,0.3760720193386078,0.7588216066360474,-0.15008749067783356,0.7741626501083374,forward,115.42452021417454,1
1475,49.215833333333336,93.72806549072266,,,,,,,,,,,,,,,,,,,,0.4026542901992798,0.5197732448577881,-0.007178389001637697,0.999860405921936,0.40067699551582336,0.6257455945014954,-0.044086720794439316,0.5506465435028076,0.40353941917419434,0.726709246635437,0.034891750663518906,0.8358917832374573,0.3760451674461365,0.7587952017784119,-0.1468294858932495,0.769683301448822,forward,122.72178540164134,1
1476,49.2492,94.13385391235352,,,,,,,,,,,,,,,,,,,,0.39913371205329895,0.5196653008460999,-0.006493448279798031,0.9998567700386047,0.3989712595939636,0.6257172226905823,-0.03563806042075157,0.5503222942352295,0.4032657742500305,0.726588785648346,0.05234162136912346,0.8344119191169739,0.376135915517807,0.7587611675262451,-0.12449289858341217,0.7670047879219055,forward,123.5160221313896,1
1477,49.28256666666667,93.43194961547852,,,,,,,,,,,,,,,,,,,,0.39633721113204956,0.5194146037101746,-0.006431501358747482,0.9998559951782227,0.39685845375061035,0.625527560710907,-0.03140363097190857,0.547534704208374,0.4027062952518463,0.7263962626457214,0.05725846812129021,0.8325895667076111,0.3761722147464752,0.7587856650352478,-0.12266656011343002,0.764863908290863,forward,125.41780654095804,1
1478,49.315933333333334,92.90909767150879,,,,,,,,,,,,,,,,,,,,0.39499086141586304,0.5193928480148315,-0.006403631065040827,0.9998543858528137,0.3945944011211395,0.6254600882530212,-0.03265942633152008,0.5458964109420776,0.40242624282836914,0.7263184189796448,0.05298394709825516,0.8307892680168152,0.3762318789958954,0.7588707208633423,-0.12335307896137238,0.7629144787788391,forward,125.6729870984283,1
1479,49.3493,93.78504753112793,,,,,,,,,,,,,,,,,,,,0.3941833972930908,0.5194035172462463,-0.007219954859465361,0.9998509287834167,0.3932569921016693,0.6251065135002136,-0.03338475525379181,0.5578210949897766,0.40232810378074646,0.7264120578765869,0.03653588891029358,0.8358208537101746,0.37627270817756653,0.7587530016899109,-0.1514560580253601,0.7691013216972351,forward,131.29730350644894,1
1480,49.382666666666665,93.34993362426758,,,,,,,,,,,,,,,,,,,,0.39227399230003357,0.519401490688324,-0.006878068204969168,0.9998444318771362,0.39198222756385803,0.6250202655792236,-0.037089746445417404,0.5598291754722595,0.4022029638290405,0.7264333963394165,0.017906006425619125,0.8348404169082642,0.3755912184715271,0.7587186694145203,-0.15818504989147186,0.7679982781410217,forward,135.31953758745377,1
1481,49.41603333333333,93.06001663208008,,,,,,,,,,,,,,,,,,,,0.3916589915752411,0.5193479657173157,-0.006869527976959944,0.999839723110199,0.3907984495162964,0.6248641610145569,-0.04080568253993988,0.5606135725975037,0.4021361470222473,0.7264367938041687,0.022646162658929825,0.8340271711349487,0.37560945749282837,0.7587432861328125,-0.1567298024892807,0.7661378979682922,forward,129.90723344495595,1
1482,49.449400000000004,92.91720390319824,,,,,,,,,,,,,,,,,,,,0.3910762667655945,0.5194957256317139,-0.006987694185227156,0.999832808971405,0.3905857801437378,0.6248422265052795,-0.040794577449560165,0.5557233095169067,0.40211421251296997,0.726443350315094,0.024149775505065918,0.832305371761322,0.3756246864795685,0.7587031126022339,-0.15561580657958984,0.7622684836387634,forward,129.37418190438285,1
1483,49.48276666666667,92.19789505004883,,,,,,,,,,,,,,,,,,,,0.39117294549942017,0.5198864340782166,-0.007204008288681507,0.9998259544372559,0.3904740810394287,0.6245908141136169,-0.042215969413518906,0.5463382005691528,0.40205544233322144,0.7264440059661865,0.026306426152586937,0.8268265724182129,0.37652936577796936,0.7586835622787476,-0.15713293850421906,0.7540261745452881,forward,127.34129333749532,1
1484,49.516133333333336,92.36407279968262,,,,,,,,,,,,,,,,,,,,0.391622394323349,0.5203397274017334,-0.007035968359559774,0.9998215436935425,0.3906288146972656,0.6245688199996948,-0.043096695095300674,0.5484785437583923,0.40174171328544617,0.7264341115951538,0.027469461783766747,0.8278083205223083,0.37719646096229553,0.7587437033653259,-0.15724417567253113,0.7533785104751587,forward,125.97759933875886,1
1485,49.5495,92.56505966186523,,,,,,,,,,,,,,,,,,,,0.39193475246429443,0.5205354690551758,-0.006954091135412455,0.9998201131820679,0.3906630277633667,0.6243740916252136,-0.0431567020714283,0.5543186068534851,0.4015314280986786,0.7263861894607544,0.037892211228609085,0.8310856819152832,0.3772985339164734,0.7590781450271606,-0.1569751799106598,0.7559878826141357,forward,122.11919975436571,1
1486,49.58286666666667,92.51999855041504,,,,,,,,,,,,,,,,,,,,0.39233657717704773,0.52074134349823,-0.006010009907186031,0.9998172521591187,0.39079391956329346,0.6243693828582764,-0.055624138563871384,0.5617888569831848,0.4014686048030853,0.7263813018798828,0.008092300966382027,0.8336764574050903,0.3772624731063843,0.7591983675956726,-0.17177128791809082,0.7591629028320312,forward,122.20135468710909,1
1487,49.616233333333334,92.78011322021484,,,,,,,,,,,,,,,,,,,,0.3925395905971527,0.5213497877120972,-0.0053659831173717976,0.9998108148574829,0.39087975025177,0.6244776248931885,-0.0484301783144474,0.5619786977767944,0.40131452679634094,0.7262819409370422,0.0436033234000206,0.8341538906097412,0.37699374556541443,0.7590886354446411,-0.14521625638008118,0.7579837441444397,forward,115.06934939786221,1
1488,49.6496,93.12295913696289,,,,,,,,,,,,,,,,,,,,0.3928574025630951,0.5218803286552429,-0.004524264018982649,0.9997985363006592,0.3909856677055359,0.6249287724494934,-0.05469570681452751,0.5456692576408386,0.4013478755950928,0.7261229753494263,0.02799072302877903,0.820511519908905,0.37689289450645447,0.7588579654693604,-0.1458377093076706,0.743343710899353,forward,114.6196968152233,1
1489,49.682966666666665,93.80292892456055,,,,,,,,,,,,,,,,,,,,0.3946095407009125,0.5221154689788818,-0.003467404516413808,0.9997934699058533,0.39109399914741516,0.6251277327537537,-0.05419967696070671,0.5373594760894775,0.401344895362854,0.7260572910308838,0.024219660088419914,0.8136430978775024,0.37666723132133484,0.7588425278663635,-0.1459086686372757,0.7350856065750122,forward,115.67637369000136,1
1490,49.71633333333333,93.94097328186035,,,,,,,,,,,,,,,,,,,,0.39639049768447876,0.522631049156189,-0.0031596622429788113,0.9997881054878235,0.3915177583694458,0.6252461075782776,-0.05400193855166435,0.5307497978210449,0.40131527185440063,0.7260252237319946,0.0244032833725214,0.8099269270896912,0.3765600919723511,0.7588204145431519,-0.14712519943714142,0.7302253246307373,forward,115.44810320506379,1
1491,49.749700000000004,93.81294250488281,,,,,,,,,,,,,,,,,,,,0.39834994077682495,0.5226134061813354,-0.0026271671522408724,0.9997825622558594,0.3921546936035156,0.625288724899292,-0.0616438053548336,0.5176001787185669,0.4013208746910095,0.7259886860847473,0.0048238737508654594,0.8006651401519775,0.3765370547771454,0.758813202381134,-0.1697957068681717,0.7210600972175598,forward,116.30803061015648,1
1492,49.78306666666667,92.37194061279297,,,,,,,,,,,,,,,,,,,,0.4009198844432831,0.5226090550422668,-0.0024242906365543604,0.9997777342796326,0.3937116861343384,0.625336229801178,-0.06430194526910782,0.4985157549381256,0.4013223350048065,0.7259796261787415,-0.002609314164146781,0.7844721674919128,0.37654274702072144,0.7588101029396057,-0.1776513159275055,0.7045766711235046,forward,117.06614279466075,1
1493,49.816433333333336,91.87698364257812,,,,,,,,,,,,,,,,,,,,0.4044956564903259,0.5225945115089417,-0.0024254447780549526,0.9997689127922058,0.3967230021953583,0.625259280204773,-0.0627872571349144,0.4805162250995636,0.4013161063194275,0.7259767651557922,0.0012346748262643814,0.7686740159988403,0.3766619563102722,0.7588077187538147,-0.17336034774780273,0.6881894469261169,forward,116.85930207010665,1
1494,49.8498,92.57984161376953,,,,,,,,,,,,,,,,,,,,0.407480925321579,0.5225833654403687,-0.0024325428530573845,0.9997643828392029,0.3991161584854126,0.6252675652503967,-0.05675744637846947,0.4664880335330963,0.4013165831565857,0.7259487509727478,0.019175879657268524,0.7577791810035706,0.3766712248325348,0.7588053941726685,-0.16559818387031555,0.6773715615272522,forward,114.94300485619756,1
1495,49.88316666666667,91.77207946777344,,,,,,,,,,,,,,,,,,,,0.4122575521469116,0.5225774645805359,-0.002425305312499404,0.9997570514678955,0.40189966559410095,0.625367283821106,-0.05667348951101303,0.45937034487724304,0.40132537484169006,0.7259102463722229,0.03036806359887123,0.7503800988197327,0.37667056918144226,0.7588013410568237,-0.15232247114181519,0.6689979434013367,forward,111.22876990854698,1
1496,49.916533333333334,93.93692016601562,,,,,,,,,,,,,,,,,,,,0.41739463806152344,0.5226364731788635,-0.0003173983423039317,0.9997604489326477,0.40491223335266113,0.6254069805145264,-0.06058160215616226,0.45923200249671936,0.40133360028266907,0.7259135842323303,0.013890724629163742,0.7479934692382812,0.37663450837135315,0.7588086724281311,-0.15859989821910858,0.6688970327377319,forward,113.11827186231,1
1497,49.9499,92.43226051330566,,,,,,,,,,,,,,,,,,,,0.4220942258834839,0.5226309895515442,0.004488362465053797,0.9997668266296387,0.4073057174682617,0.6254046559333801,-0.07144288718700409,0.46644076704978943,0.4013473391532898,0.725900411605835,-0.003737878752872348,0.7485062479972839,0.37643495202064514,0.7588098049163818,-0.173859640955925,0.6724439859390259,forward,109.75766901503093,1
1498,49.983266666666665,93.17922592163086,,,,,,,,,,,,,,,,,,,,0.426605761051178,0.5226455926895142,0.00727028539404273,0.9997732639312744,0.4104885458946228,0.6254996061325073,-0.07183770090341568,0.48353371024131775,0.40143314003944397,0.7258976101875305,-0.00015673147572670132,0.7562795281410217,0.37646484375,0.7589311003684998,-0.16103355586528778,0.6810442805290222,forward,107.2709867324536,1
1499,50.01663333333333,93.88899803161621,,,,,,,,,,,,,,,,,,,,0.4303860664367676,0.522752583026886,0.00970516074448824,0.9997801780700684,0.4117990732192993,0.6258969902992249,-0.06030162423849106,0.4993073344230652,0.4017932415008545,0.7258117198944092,0.07772956788539886,0.7640909552574158,0.3764663338661194,0.758926510810852,-0.10173721611499786,0.6899660229682922,forward,92.20706815761507,1
1500,50.050000000000004,93.60885620117188,,,,,,,,,,,,,,,,,,,,0.43281498551368713,0.5231566429138184,0.010803461074829102,0.9997749924659729,0.41335031390190125,0.6267058253288269,-0.06341886520385742,0.5100974440574646,0.4022589325904846,0.7257992029190063,0.05819878727197647,0.7670882940292358,0.3768530488014221,0.7588815093040466,-0.12062463909387589,0.6935468912124634,forward,94.10286167665812,1
1501,50.08336666666667,94.67220306396484,,,,,,,,,,,,,,,,,,,,0.4351716637611389,0.5236644148826599,0.010982443578541279,0.9997602701187134,0.4142329692840576,0.6273336410522461,-0.06227338686585426,0.5039064288139343,0.4024445414543152,0.7257078886032104,0.05872710794210434,0.7609145641326904,0.3776651918888092,0.7589166760444641,-0.11766606569290161,0.6858764886856079,forward,94.50744339614945,1
1502,50.116733333333336,94.44403648376465,,,,,,,,,,,,,,,,,,,,0.43729010224342346,0.525290310382843,0.009989537298679352,0.9997594356536865,0.41381311416625977,0.6275449991226196,-0.06736776977777481,0.5038940906524658,0.40289655327796936,0.7254644632339478,0.03697585687041283,0.759794294834137,0.3776403069496155,0.7589144110679626,-0.13017170131206512,0.684706449508667,forward,96.7455172774692,1
1503,50.1501,93.55998039245605,,,,,,,,,,,,,,,,,,,,0.43873363733291626,0.5254715085029602,0.006181105971336365,0.9997526407241821,0.41337379813194275,0.6277386546134949,-0.07876818627119064,0.5007073879241943,0.40299689769744873,0.7252060770988464,0.030773423612117767,0.7559632658958435,0.3776606023311615,0.7588991522789001,-0.14214248955249786,0.6794723272323608,forward,92.66604420613531,1
1504,50.18346666666667,94.42710876464844,,,,,,,,,,,,,,,,,,,,0.4401548206806183,0.5256773829460144,0.005793310701847076,0.9997556209564209,0.4126555621623993,0.6277397871017456,-0.08832642436027527,0.5055837631225586,0.40290504693984985,0.7247527837753296,-0.018263479694724083,0.7592214941978455,0.3775489330291748,0.7587819695472717,-0.1802128404378891,0.6852497458457947,forward,102.14538032402142,1
1505,50.216833333333334,93.87493133544922,,,,,,,,,,,,,,,,,,,,0.44077378511428833,0.525738537311554,0.00574922002851963,0.9997514486312866,0.41167768836021423,0.6273549795150757,-0.08769736438989639,0.503502607345581,0.401236355304718,0.7239750027656555,-0.01842671073973179,0.7608291506767273,0.37530452013015747,0.7578156590461731,-0.1836887151002884,0.6884667277336121,forward,102.51596697906653,1
1506,50.2502,94.05088424682617,,,,,,,,,,,,,,,,,,,,0.4406779706478119,0.52580726146698,0.005734499543905258,0.9997506737709045,0.41002240777015686,0.6273509860038757,-0.08650154620409012,0.5056880116462708,0.3945513367652893,0.7238245606422424,-0.008735913783311844,0.7636726498603821,0.3720800578594208,0.75776207447052,-0.1759517937898636,0.6934694647789001,forward,100.16476612911492,1
1507,50.283566666666665,94.46287155151367,,,,,,,,,,,,,,,,,,,,0.44022229313850403,0.5257941484451294,0.005676334723830223,0.9997548460960388,0.4079568684101105,0.6272553205490112,-0.08466757088899612,0.5105928182601929,0.384878933429718,0.724173903465271,-0.008810717612504959,0.7698227763175964,0.3643503785133362,0.7581413984298706,-0.17861402034759521,0.7009896039962769,forward,102.30025445451194,1
1508,50.31693333333333,93.24908256530762,,,,,,,,,,,,,,,,,,,,0.43966203927993774,0.5258159041404724,0.004835321567952633,0.9997598528862,0.4054393768310547,0.6274490356445312,-0.08343017846345901,0.5202463269233704,0.37836602330207825,0.7248603105545044,-0.005554956384003162,0.7769739627838135,0.36040347814559937,0.7591997981071472,-0.17542611062526703,0.7082502245903015,forward,102.886271886012,1
1509,50.350300000000004,93.9950942993164,,,,,,,,,,,,,,,,,,,,0.4395284354686737,0.5262347459793091,0.004759989678859711,0.9997631311416626,0.403335303068161,0.6281263828277588,-0.08389731496572495,0.5331189036369324,0.37539908289909363,0.7257988452911377,-0.006253763101994991,0.7841127514839172,0.3600892424583435,0.7595685124397278,-0.18172523379325867,0.71588134765625,forward,103.1894434307157,1
1510,50.38366666666667,94.14887428283691,,,,,,,,,,,,,,,,,,,,0.438429057598114,0.5268532633781433,0.007034607697278261,0.9997643232345581,0.4006514251232147,0.6292765736579895,-0.08369846642017365,0.5461480021476746,0.373786062002182,0.7262084484100342,-0.0043426514603197575,0.7900777459144592,0.3594155013561249,0.7597867846488953,-0.17891383171081543,0.7228719592094421,forward,101.87612710876488,1
1511,50.417033333333336,93.72401237487793,,,,,,,,,,,,,,,,,,,,0.4357132017612457,0.5270527005195618,0.008486880920827389,0.9997620582580566,0.3987557888031006,0.6295121908187866,-0.08250544220209122,0.5595237016677856,0.37290558218955994,0.7265490293502808,-0.006371281109750271,0.7961480021476746,0.3589039742946625,0.7599329352378845,-0.17830707132816315,0.7302852869033813,forward,102.82483440070747,1
1512,50.4504,92.6821231842041,,,,,,,,,,,,,,,,,,,,0.4303252398967743,0.5270349979400635,0.007742119487375021,0.9997597336769104,0.39708372950553894,0.6294819116592407,-0.07723062485456467,0.5602917671203613,0.37223365902900696,0.7266616821289062,0.01263611763715744,0.7971105575561523,0.3585440218448639,0.7601770162582397,-0.1738603711128235,0.7290981411933899,forward,99.8025706972589,1
1513,50.48376666666667,92.43988990783691,,,,,,,,,,,,,,,,,,,,0.4245873689651489,0.5270607471466064,0.004787101410329342,0.9997636079788208,0.39452800154685974,0.629449188709259,-0.07957179099321365,0.560949444770813,0.3716318607330322,0.7268155813217163,0.00694343913346529,0.7975173592567444,0.3584279417991638,0.7603744268417358,-0.17529889941215515,0.7281626462936401,forward,100.76195335617089,1
1514,50.517133333333334,93.44220161437988,,,,,,,,,,,,,,,,,,,,0.41856929659843445,0.527566134929657,0.004531614948064089,0.9997648596763611,0.39052605628967285,0.6294974088668823,-0.07953090965747833,0.5710958242416382,0.3714509606361389,0.7270390391349792,0.013414563611149788,0.8017056584358215,0.3583693504333496,0.7605329751968384,-0.16636620461940765,0.7307224273681641,forward,98.33479865765582,1
1515,50.5505,93.97196769714355,,,,,,,,,,,,,,,,,,,,0.41258078813552856,0.5285807847976685,0.0016444842331111431,0.9997698664665222,0.387970894575119,0.6295227408409119,-0.07254385948181152,0.5712027549743652,0.3714410662651062,0.7271628975868225,0.020630644634366035,0.8030939102172852,0.35858994722366333,0.7605920433998108,-0.16427496075630188,0.7303206920623779,forward,101.12797474444085,1
1516,50.583866666666665,94.49601173400879,,,,,,,,,,,,,,,,,,,,0.4068121016025543,0.5285784006118774,0.0007441367488354445,0.9997715353965759,0.3845069110393524,0.6296119689941406,-0.06480905413627625,0.5699870586395264,0.37137237191200256,0.72739177942276,0.020058648660779,0.8033609986305237,0.358458548784256,0.7606174945831299,-0.16433151066303253,0.7291717529296875,forward,106.80567952462518,1
1517,50.61723333333333,93.73092651367188,,,,,,,,,,,,,,,,,,,,0.4034123420715332,0.5285637974739075,-9.727069846121594e-05,0.9997708201408386,0.38197705149650574,0.629658579826355,-0.054300930351018906,0.5737282633781433,0.3710852265357971,0.7274038195610046,0.03252159059047699,0.8075042366981506,0.3581424951553345,0.7608447670936584,-0.15549112856388092,0.7321147322654724,forward,110.68991084717511,1
1518,50.650600000000004,93.88494491577148,,,,,,,,,,,,,,,,,,,,0.40057384967803955,0.528454065322876,-0.00083434849511832,0.9997718930244446,0.38005974888801575,0.6297724843025208,-0.053065814077854156,0.5740735530853271,0.3707311451435089,0.7275310158729553,0.0410381555557251,0.8092649579048157,0.3576801121234894,0.76084965467453,-0.14585480093955994,0.731905996799469,forward,109.20110278433326,1
1519,50.68396666666667,93.53494644165039,,,,,,,,,,,,,,,,,,,,0.3989853858947754,0.5284357070922852,-0.0020832729060202837,0.9997736811637878,0.3789348304271698,0.6301724314689636,-0.05285288393497467,0.5754445195198059,0.37056219577789307,0.7276430726051331,0.040720123797655106,0.8102337718009949,0.35756903886795044,0.760912299156189,-0.13938570022583008,0.7311688661575317,forward,109.95256142453144,1
1520,50.717333333333336,94.15698051452637,,,,,,,,,,,,,,,,,,,,0.39794841408729553,0.5282683968544006,-0.0030428895261138678,0.9997709393501282,0.3781352639198303,0.6304287314414978,-0.044335491955280304,0.5698839426040649,0.37063923478126526,0.7276764512062073,0.07410439103841782,0.8095465302467346,0.35763248801231384,0.7609537243843079,-0.12452331930398941,0.7279675602912903,forward,107.5952735359095,1
1521,50.7507,93.61100196838379,,,,,,,,,,,,,,,,,,,,0.397638738155365,0.5282464623451233,-0.0031222596298903227,0.9997695684432983,0.37790921330451965,0.6304967999458313,-0.04696303606033325,0.5632209181785583,0.370734304189682,0.727756142616272,0.06254606693983078,0.8079568147659302,0.3576747477054596,0.7610650658607483,-0.13135285675525665,0.7243524789810181,forward,108.60254482301885,1
1522,50.78406666666667,92.6368236541748,,,,,,,,,,,,,,,,,,,,0.3977576792240143,0.5281911492347717,-0.0033795868512243032,0.9997698664665222,0.3781527578830719,0.6304950714111328,-0.048201706260442734,0.5618986487388611,0.3708203434944153,0.7278016805648804,0.05581339821219444,0.8096774220466614,0.3576452136039734,0.7610697150230408,-0.13451363146305084,0.7240699529647827,forward,109.64141173323799,1
1523,50.817433333333334,93.24502944946289,,,,,,,,,,,,,,,,,,,,0.3980720043182373,0.5281752943992615,-0.0033513607922941446,0.9997702240943909,0.3784314692020416,0.6306625604629517,-0.04504706338047981,0.5640336871147156,0.3708944320678711,0.7278874516487122,0.07084224373102188,0.8127493262290955,0.35759237408638,0.7612056136131287,-0.12414918094873428,0.7261077761650085,forward,108.07354294864619,1
1524,50.8508,92.62895584106445,,,,,,,,,,,,,,,,,,,,0.39877671003341675,0.5282703638076782,-0.003308518324047327,0.9997723698616028,0.37866103649139404,0.6310240626335144,-0.04539487510919571,0.5700016617774963,0.3709505498409271,0.7280229926109314,0.06363736093044281,0.8177478313446045,0.3575364053249359,0.7613410353660583,-0.12809941172599792,0.731200098991394,forward,109.60506661269804,1
1525,50.884166666666665,92.07510948181152,,,,,,,,,,,,,,,,,,,,0.3990810513496399,0.5282595157623291,-0.003235758515074849,0.9997801780700684,0.37882038950920105,0.6310861110687256,-0.04137498140335083,0.5820105075836182,0.37090185284614563,0.7280762791633606,0.06362178176641464,0.8255550861358643,0.3569852411746979,0.7614768743515015,-0.1265331655740738,0.7408620715141296,forward,112.57449639366357,1
1526,50.91753333333333,91.9179916381836,,,,,,,,,,,,,,,,,,,,0.4016492962837219,0.5282613039016724,-0.0021449958439916372,0.9997842311859131,0.37942126393318176,0.6311251521110535,-0.04149052873253822,0.5959811210632324,0.37089112401008606,0.7280777096748352,0.06979206204414368,0.8342868089675903,0.3561912775039673,0.761618435382843,-0.12612958252429962,0.7513978481292725,forward,110.37875775387579,1
1527,50.950900000000004,93.70589256286621,,,,,,,,,,,,,,,,,,,,0.4048718214035034,0.5282529592514038,3.0214301659725606e-05,0.9997872114181519,0.3810722827911377,0.6311154961585999,-0.04193870350718498,0.6033230423927307,0.3708871006965637,0.7280789613723755,0.06706621497869492,0.8397512435913086,0.3558172583580017,0.7616645693778992,-0.12549878656864166,0.7576904892921448,forward,109.84802758885594,1
1528,50.98426666666667,94.33102607727051,,,,,,,,,,,,,,,,,,,,0.40822336077690125,0.528263509273529,0.0005351211875677109,0.9997847080230713,0.38297706842422485,0.631018340587616,-0.046152107417583466,0.6123063564300537,0.3708539307117462,0.7280421853065491,0.06552513688802719,0.8455340266227722,0.35555213689804077,0.7616670727729797,-0.1256704032421112,0.7644433379173279,forward,107.14929879674925,1
1529,51.017633333333336,94.17009353637695,,,,,,,,,,,,,,,,,,,,0.4127412438392639,0.5282472968101501,0.0009989660466089845,0.9997851252555847,0.38510653376579285,0.6307927370071411,-0.04469478130340576,0.619951605796814,0.3708527982234955,0.7280498743057251,0.06919711828231812,0.8511959314346313,0.35548001527786255,0.7616689801216125,-0.12662239372730255,0.7716118693351746,forward,107.26735376606706,1
1530,51.051,93.71614456176758,,,,,,,,,,,,,,,,,,,,0.41564175486564636,0.5282832384109497,0.0009805234149098396,0.9997840523719788,0.38680970668792725,0.6307335495948792,-0.050077639520168304,0.6239315271377563,0.37074950337409973,0.7280822396278381,0.055559806525707245,0.8532857298851013,0.3555604815483093,0.7616710662841797,-0.14342300593852997,0.7739694714546204,forward,107.19002101699921,1
1531,51.08436666666667,93.17803382873535,,,,,,,,,,,,,,,,,,,,0.4173215329647064,0.5282906889915466,0.0005787817062810063,0.9997870326042175,0.3881315588951111,0.6305350661277771,-0.05097663030028343,0.6296124458312988,0.37069186568260193,0.7280908823013306,0.05475559085607529,0.8550724387168884,0.35629910230636597,0.7616584897041321,-0.14470721781253815,0.7765235304832458,forward,107.09026122974116,1
1532,51.117733333333334,93.37091445922852,,,,,,,,,,,,,,,,,,,,0.4190891981124878,0.5283290147781372,-0.0003337247180752456,0.9997870922088623,0.3894914388656616,0.6304048299789429,-0.05923277512192726,0.6324403285980225,0.37065058946609497,0.7280932068824768,0.04757879674434662,0.855708122253418,0.35703539848327637,0.7615922093391418,-0.15556538105010986,0.7775115966796875,forward,103.82464469727998,1
1533,51.1511,94.02203559875488,,,,,,,,,,,,,,,,,,,,0.419969379901886,0.5282645225524902,-0.00028377462876960635,0.9997859597206116,0.3902028799057007,0.6301995515823364,-0.05989846959710121,0.6347936987876892,0.3706505596637726,0.7280751466751099,0.046491459012031555,0.8563980460166931,0.35748767852783203,0.7615893483161926,-0.15533025562763214,0.7787352800369263,forward,103.7299938624747,1
1534,51.184466666666665,94.02298927307129,,,,,,,,,,,,,,,,,,,,0.42009440064430237,0.5282628536224365,-0.0002700118930079043,0.9997820854187012,0.39040014147758484,0.6301936507225037,-0.07703188061714172,0.6414009928703308,0.3706439435482025,0.7280758023262024,0.01894700527191162,0.8567867279052734,0.35762229561805725,0.7615232467651367,-0.16835308074951172,0.7792009711265564,forward,100.1455794095643,1
1535,51.21783333333333,94.51770782470703,,,,,,,,,,,,,,,,,,,,0.41991689801216125,0.528287947177887,-0.001189622562378645,0.9997861981391907,0.3907046318054199,0.6301897168159485,-0.07384246587753296,0.6477380990982056,0.3705802857875824,0.7281354665756226,0.019325876608490944,0.8593863844871521,0.35750091075897217,0.7615103125572205,-0.163307324051857,0.7828729748725891,forward,102.49411792506918,1
1536,51.251200000000004,93.45579147338867,,,,,,,,,,,,,,,,,,,,0.41963332891464233,0.5282789468765259,-0.002431237604469061,0.9997864961624146,0.3906950056552887,0.6301199793815613,-0.07230330258607864,0.6502964496612549,0.370574027299881,0.7281389236450195,0.05693359673023224,0.8609066605567932,0.35719406604766846,0.7615087032318115,-0.14473874866962433,0.7845277786254883,forward,94.24460794112811,1
1537,51.28456666666667,93.32776069641113,,,,,,,,,,,,,,,,,,,,0.41928693652153015,0.5282555222511292,-0.003589838743209839,0.9997875690460205,0.39060935378074646,0.6301859617233276,-0.048243556171655655,0.6564124226570129,0.3705737888813019,0.7282288074493408,0.09384216368198395,0.8646297454833984,0.3569554388523102,0.7615073919296265,-0.11562971025705338,0.7886003255844116,forward,102.20887368411766,1
1538,51.317933333333336,93.21212768554688,,,,,,,,,,,,,,,,,,,,0.417778342962265,0.5281978249549866,-0.004148016683757305,0.9997916221618652,0.3902297616004944,0.6303004026412964,-0.048635970801115036,0.6648996472358704,0.3705675005912781,0.7282711267471313,0.08283240348100662,0.8683089017868042,0.3568209111690521,0.7615057826042175,-0.11689893156290054,0.7926306128501892,forward,104.35118211668019,1
1539,51.3513,93.8878059387207,,,,,,,,,,,,,,,,,,,,0.41592249274253845,0.5282072424888611,-0.004732328467071056,0.9997944235801697,0.3889736831188202,0.6307310461997986,-0.050580013543367386,0.6742300987243652,0.3705526292324066,0.7282732725143433,0.07723759859800339,0.8726820349693298,0.35660019516944885,0.7614999413490295,-0.11874755471944809,0.7974877953529358,forward,104.36293025454685,1
1540,51.38466666666667,94.3300724029541,,,,,,,,,,,,,,,,,,,,0.4117469787597656,0.5282140970230103,-0.0050250752829015255,0.9997938871383667,0.3866095244884491,0.6307316422462463,-0.04886453598737717,0.6716325283050537,0.37055277824401855,0.728275716304779,0.08684539794921875,0.873286783695221,0.35647982358932495,0.7615000605583191,-0.10925117135047913,0.7969132661819458,forward,103.42110690190675,1
1541,51.418033333333334,93.11103820800781,,,,,,,,,,,,,,,,,,,,0.4085846245288849,0.5282531380653381,-0.006451910827308893,0.9997892379760742,0.3846968412399292,0.6307400465011597,-0.04929272085428238,0.6612935066223145,0.37055251002311707,0.7282976508140564,0.08870458602905273,0.8698294758796692,0.35647740960121155,0.761505126953125,-0.10757654905319214,0.7909935116767883,forward,103.27416679515368,1
1542,51.4514,92.17214584350586,,,,,,,,,,,,,,,,,,,,0.40604355931282043,0.5282405018806458,-0.006793069653213024,0.9997878074645996,0.3835298418998718,0.6307388544082642,-0.04826504364609718,0.655486524105072,0.37057870626449585,0.728310227394104,0.08495260775089264,0.8687904477119446,0.35646453499794006,0.7615042924880981,-0.11090463399887085,0.7882077097892761,forward,104.77900329914037,1
1543,51.484766666666665,93.71185302734375,,,,,,,,,,,,,,,,,,,,0.40488216280937195,0.5282569527626038,-0.0069927917793393135,0.9997854828834534,0.3824154734611511,0.6307482123374939,-0.04716319218277931,0.6492623686790466,0.370578795671463,0.7283059358596802,0.08265489339828491,0.8667320013046265,0.35643112659454346,0.7614980936050415,-0.11338990181684494,0.7839758992195129,forward,106.02490931414106,1
1544,51.51813333333333,92.48518943786621,,,,,,,,,,,,,,,,,,,,0.40432053804397583,0.5282726287841797,-0.008234196342527866,0.9997771978378296,0.38185566663742065,0.6307671666145325,-0.047261614352464676,0.6405184864997864,0.3705841898918152,0.7282970547676086,0.08127880841493607,0.8627999424934387,0.35639676451683044,0.7614575624465942,-0.11524852365255356,0.777137815952301,forward,106.79745755625227,1
1545,51.551500000000004,92.7579402923584,,,,,,,,,,,,,,,,,,,,0.40426722168922424,0.5282700061798096,-0.009087213315069675,0.9997721314430237,0.38187161087989807,0.6307775974273682,-0.051671288907527924,0.6286160349845886,0.3706153333187103,0.7282505035400391,0.0585445761680603,0.8560190796852112,0.3563937246799469,0.7614489793777466,-0.1312819868326187,0.7670232653617859,forward,109.40002147851227,1
1546,51.58486666666667,92.68784523010254,,,,,,,,,,,,,,,,,,,,0.404494047164917,0.5284192562103271,-0.009042073041200638,0.9997748732566833,0.3819429278373718,0.6310335993766785,-0.054180264472961426,0.6239192485809326,0.3706332743167877,0.7282425761222839,0.05361747369170189,0.8538921475410461,0.35635262727737427,0.7614578604698181,-0.1316126435995102,0.7629968523979187,forward,108.79637476317936,1
1547,51.618233333333336,94.0699577331543,,,,,,,,,,,,,,,,,,,,0.4047355055809021,0.5286428332328796,-0.008993186056613922,0.9997761249542236,0.3821848928928375,0.6311735510826111,-0.05858803540468216,0.6260780096054077,0.3707287609577179,0.7282306551933289,0.054097142070531845,0.8539221882820129,0.35636433959007263,0.7614634037017822,-0.12841378152370453,0.7622124552726746,forward,105.47548587787531,1
1548,51.6516,94.26689147949219,,,,,,,,,,,,,,,,,,,,0.406686007976532,0.5288012623786926,-0.008809801191091537,0.9997727870941162,0.38311198353767395,0.6312562823295593,-0.06365498155355453,0.6353800296783447,0.3707696795463562,0.7282353043556213,0.04994948208332062,0.8566969037055969,0.356335312128067,0.7614923119544983,-0.13354778289794922,0.7652033567428589,forward,102.99476823060596,1
1549,51.68496666666667,93.6741828918457,,,,,,,,,,,,,,,,,,,,0.4092499911785126,0.5286840200424194,-0.00838511809706688,0.999778151512146,0.38474830985069275,0.6312212347984314,-0.0571218840777874,0.6389552354812622,0.3708277940750122,0.7282423377037048,0.05847565457224846,0.8584175705909729,0.35633155703544617,0.7615048289299011,-0.13223007321357727,0.7674886584281921,forward,105.33599949050216,1
1550,51.718333333333334,93.10507774353027,,,,,,,,,,,,,,,,,,,,0.41227278113365173,0.5286861062049866,-0.007757827173918486,0.9997811913490295,0.3860069513320923,0.6311997175216675,-0.053656768053770065,0.6376466751098633,0.3708350360393524,0.7280977964401245,0.07259709388017654,0.8575776219367981,0.3561802804470062,0.7614907026290894,-0.12210524082183838,0.766786515712738,forward,104.24213175105764,1
1551,51.7517,93.08600425720215,,,,,,,,,,,,,,,,,,,,0.41571491956710815,0.5286712050437927,-0.007028291001915932,0.9997822642326355,0.3871992230415344,0.6311197280883789,-0.04836505651473999,0.6366482973098755,0.3708536624908447,0.727982759475708,0.07878915220499039,0.8576757907867432,0.35611629486083984,0.761451780796051,-0.1167876273393631,0.7677941918373108,forward,106.2611796780971,1
1552,51.785066666666665,93.81294250488281,,,,,,,,,,,,,,,,,,,,0.41914933919906616,0.528666615486145,-0.006420583929866552,0.9997829794883728,0.3882389962673187,0.6310345530509949,-0.049713630229234695,0.639617383480072,0.37085825204849243,0.7278265357017517,0.06958676129579544,0.858543336391449,0.3558518886566162,0.7614210844039917,-0.12046358734369278,0.7695729732513428,forward,107.2217588022755,1
1553,51.81843333333333,93.4441089630127,,,,,,,,,,,,,,,,,,,,0.42145004868507385,0.528642475605011,-0.005997783970087767,0.9997889399528503,0.38925406336784363,0.6308081150054932,-0.04989383742213249,0.6457754969596863,0.37087276577949524,0.7277568578720093,0.07186542451381683,0.8610949516296387,0.3557666838169098,0.7614456415176392,-0.12075736373662949,0.7737665772438049,forward,106.4967677414958,1
1554,51.851800000000004,92.32568740844727,,,,,,,,,,,,,,,,,,,,0.42295411229133606,0.5286169648170471,-0.005223071668297052,0.9997959136962891,0.3902115225791931,0.6307664513587952,-0.05195917934179306,0.6600834727287292,0.3709025979042053,0.7277407050132751,0.06777352839708328,0.8670396208763123,0.35576051473617554,0.7614527344703674,-0.12469837069511414,0.7833887338638306,forward,105.78395880551805,1
1555,51.88516666666667,93.88923645019531,,,,,,,,,,,,,,,,,,,,0.42427825927734375,0.5286006927490234,-0.004465910606086254,0.9997972846031189,0.3912000060081482,0.6306818723678589,-0.06380065530538559,0.6702371835708618,0.3709084689617157,0.7276909947395325,0.050200387835502625,0.8709656596183777,0.3557494282722473,0.7613954544067383,-0.14029689133167267,0.7899954319000244,forward,101.86948607071362,1
1556,51.918533333333336,94.2380428314209,,,,,,,,,,,,,,,,,,,,0.42514970898628235,0.5283540487289429,-0.004479976836591959,0.9997954964637756,0.3920918107032776,0.6306801438331604,-0.06141334027051926,0.6782490015029907,0.37091556191444397,0.7276075482368469,0.06690145283937454,0.8748921155929565,0.35575276613235474,0.7613412141799927,-0.1316867619752884,0.7965778112411499,forward,99.66360722596482,1
1557,51.9519,93.28269958496094,,,,,,,,,,,,,,,,,,,,0.4258691370487213,0.5282214283943176,-0.004390640649944544,0.9997979402542114,0.3928246796131134,0.63071608543396,-0.04879355430603027,0.6833899021148682,0.3710143268108368,0.7275716066360474,0.10673053562641144,0.8778011798858643,0.35589173436164856,0.7612705230712891,-0.09979790449142456,0.8012691736221313,forward,100.02702332052098,1
1558,51.98526666666667,92.29612350463867,,,,,,,,,,,,,,,,,,,,0.4265742003917694,0.5282143950462341,-0.003423494752496481,0.9997996687889099,0.3934154808521271,0.6307138204574585,-0.05461418256163597,0.6867481470108032,0.3710818290710449,0.7275916337966919,0.07282162457704544,0.8792538642883301,0.3559211492538452,0.7612343430519104,-0.1178940162062645,0.8039014935493469,forward,102.42212967246189,1
1559,52.018633333333334,93.08791160583496,,,,,,,,,,,,,,,,,,,,0.42691338062286377,0.5282759070396423,-0.004301782697439194,0.999798059463501,0.39382559061050415,0.6307124495506287,-0.06850752234458923,0.690751314163208,0.37112247943878174,0.7277622222900391,0.04736059159040451,0.8809624910354614,0.35606032609939575,0.7612342238426208,-0.14099793136119843,0.8069505095481873,forward,99.77738968527834,1
1560,52.052,93.22524070739746,,,,,,,,,,,,,,,,,,,,0.4271567761898041,0.5283065438270569,-0.004268184304237366,0.9997954964637756,0.3940098285675049,0.6307114958763123,-0.07582128047943115,0.6957088708877563,0.3711763322353363,0.7279548048973083,0.030995644629001617,0.882624626159668,0.35608577728271484,0.7615348696708679,-0.14856505393981934,0.8100491762161255,forward,99.35327027095067,1
1561,52.085366666666665,92.6063060760498,,,,,,,,,,,,,,,,,,,,0.42731156945228577,0.5283101797103882,-0.004215204156935215,0.9997997879981995,0.39416229724884033,0.6307089924812317,-0.079546257853508,0.7061869502067566,0.37129583954811096,0.7280546426773071,0.005081979092210531,0.8865710496902466,0.35614073276519775,0.7617787718772888,-0.16025038063526154,0.8167114853858948,forward,104.64416605621409,1
1562,52.11873333333333,93.19567680358887,,,,,,,,,,,,,,,,,,,,0.4271441400051117,0.52834552526474,-0.004286900628358126,0.9998058080673218,0.3942584693431854,0.6307645440101624,-0.07648254930973053,0.7130451202392578,0.37136873602867126,0.7281422019004822,0.017405573278665543,0.8890514373779297,0.3563362658023834,0.7618821859359741,-0.15494415163993835,0.8208943009376526,forward,102.8335278326803,1
1563,52.152100000000004,92.43893623352051,,,,,,,,,,,,,,,,,,,,0.42705443501472473,0.5283675193786621,-0.005407232325524092,0.9998112916946411,0.39434972405433655,0.6307646036148071,-0.07287967950105667,0.7219238877296448,0.3714122772216797,0.7281559705734253,0.05022963881492615,0.8935456871986389,0.356519877910614,0.7618915438652039,-0.14131572842597961,0.8277298808097839,forward,96.89267430596283,1
1564,52.18546666666667,92.40293502807617,,,,,,,,,,,,,,,,,,,,0.42698803544044495,0.528529167175293,-0.005543197970837355,0.9998208284378052,0.39434176683425903,0.6307783722877502,-0.07269217818975449,0.7278407216072083,0.371528685092926,0.7281456589698792,0.022025322541594505,0.8957651853561401,0.3566166162490845,0.7618929147720337,-0.14483141899108887,0.8324256539344788,forward,104.4115497590974,1
1565,52.218833333333336,92.4232006072998,,,,,,,,,,,,,,,,,,,,0.4265234172344208,0.5289322137832642,-0.0071748062036931515,0.9998245239257812,0.3943130671977997,0.6307684183120728,-0.07199635356664658,0.7265729308128357,0.3717455565929413,0.7280889749526978,0.02726946584880352,0.8950729370117188,0.35726913809776306,0.7618358135223389,-0.14575845003128052,0.8325076103210449,forward,103.81982362884285,1
1566,52.2522,92.36669540405273,,,,,,,,,,,,,,,,,,,,0.4262699782848358,0.529314398765564,-0.00755188288167119,0.9998279213905334,0.3943004608154297,0.6307668089866638,-0.07153428345918655,0.7335976362228394,0.3721512258052826,0.7280480265617371,0.03661194071173668,0.8983285427093506,0.35783568024635315,0.7616775035858154,-0.14510521292686462,0.8381009101867676,forward,101.55352997528604,1
1567,52.28556666666667,93.14513206481934,,,,,,,,,,,,,,,,,,,,0.42603111267089844,0.5297181010246277,-0.007008193526417017,0.9998371601104736,0.394245982170105,0.6308377385139465,-0.07122782617807388,0.7440057992935181,0.3725670874118805,0.7280527949333191,-0.0057492791675031185,0.9019510746002197,0.3580736219882965,0.7616549134254456,-0.16806712746620178,0.8443427681922913,forward,115.30507185327899,1
1568,52.318933333333334,92.95368194580078,,,,,,,,,,,,,,,,,,,,0.4256618916988373,0.5302244424819946,-0.0069109173491597176,0.9998425245285034,0.39410093426704407,0.6309710144996643,-0.08249086886644363,0.7480147480964661,0.37314337491989136,0.727975070476532,0.0001969527656910941,0.9023939967155457,0.3586561381816864,0.7615850567817688,-0.170267254114151,0.8455245494842529,forward,104.44825923477994,1
1569,52.3523,93.11890602111816,,,,,,,,,,,,,,,,,,,,0.4255199134349823,0.530998945236206,-0.006658264435827732,0.9998490214347839,0.3940056264400482,0.6311290860176086,-0.09321681410074234,0.7604947090148926,0.37361663579940796,0.727939248085022,-0.0027374846395105124,0.9066472053527832,0.35899782180786133,0.7615401744842529,-0.1729205846786499,0.8519291877746582,forward,97.8913449393111,1
1570,52.385666666666665,93.54710578918457,,,,,,,,,,,,,,,,,,,,0.425500750541687,0.5316586494445801,-0.0032714195549488068,0.9998518228530884,0.39386415481567383,0.6315913796424866,-0.08877234160900116,0.7757946848869324,0.3738526999950409,0.7279070019721985,-0.008408156223595142,0.9121513962745667,0.35913774371147156,0.7614679336547852,-0.17381952702999115,0.8602448105812073,forward,101.36828273092685,1
1571,52.41903333333333,93.22118759155273,,,,,,,,,,,,,,,,,,,,0.4254521131515503,0.5326183438301086,-0.003316361689940095,0.99984210729599,0.39385178685188293,0.6319307088851929,-0.09272239357233047,0.7863072156906128,0.37396833300590515,0.7279103994369507,-0.0017392074223607779,0.9169092774391174,0.35914596915245056,0.7613857388496399,-0.17250452935695648,0.8671426177024841,forward,96.33362348461095,1
1572,52.452400000000004,92.79298782348633,,,,,,,,,,,,,,,,,,,,0.42540961503982544,0.5342766642570496,-0.0009880641009658575,0.9998306632041931,0.39379462599754333,0.6323909163475037,-0.09208562225103378,0.8045263886451721,0.37396562099456787,0.7281121015548706,-0.0011369555722922087,0.9239313006401062,0.3591538071632385,0.7613550424575806,-0.17457544803619385,0.8781464695930481,forward,95.41484531744358,1
1573,52.48576666666667,93.20616722106934,,,,,,,,,,,,,,,,,,,,0.42537564039230347,0.5356981158256531,-0.003701070323586464,0.9998369812965393,0.39395663142204285,0.6328108310699463,-0.09741687029600143,0.8117824196815491,0.37400883436203003,0.7281350493431091,-0.004504254087805748,0.9270045161247253,0.35916659235954285,0.7612106800079346,-0.1905633807182312,0.882558286190033,forward,93.6167357282459,1
1574,52.519133333333336,93.51897239685059,,,,,,,,,,,,,,,,,,,,0.4253847301006317,0.5382644534111023,-0.0062316530384123325,0.9998388290405273,0.3946426808834076,0.6334884166717529,-0.09604151546955109,0.8156733512878418,0.3740088939666748,0.728148877620697,0.0025615047197788954,0.929357647895813,0.3587801456451416,0.7612126469612122,-0.19127613306045532,0.8859397768974304,forward,92.44449488961787,1
1575,52.5525,93.43218803405762,,,,,,,,,,,,,,,,,,,,0.4256437122821808,0.5403079986572266,-0.007882563397288322,0.9998332858085632,0.3966548442840576,0.6339038610458374,-0.12044835835695267,0.7949495315551758,0.37406957149505615,0.7282432317733765,-0.02402765303850174,0.9233489632606506,0.35844022035598755,0.7613239288330078,-0.25056421756744385,0.8799275159835815,forward,86.153806438755,1
1576,52.58586666666667,93.14298629760742,,,,,,,,,,,,,,,,,,,,0.4259835481643677,0.542252242565155,-0.009684577584266663,0.9998254179954529,0.40032461285591125,0.6341769099235535,-0.158714160323143,0.7693121433258057,0.374237984418869,0.7283386588096619,-0.06327199935913086,0.9135830402374268,0.3583419620990753,0.7613220810890198,-0.29639461636543274,0.8698668479919434,forward,78.30771524520172,1
1577,52.619233333333334,93.08600425720215,,,,,,,,,,,,,,,,,,,,0.4263891875743866,0.5439596176147461,-0.009554538875818253,0.9998293519020081,0.4041537344455719,0.634531557559967,-0.15743263065814972,0.7790817022323608,0.3747778832912445,0.7283250093460083,-0.04756638780236244,0.9153914451599121,0.35844331979751587,0.7612931728363037,-0.2796771824359894,0.8766350746154785,forward,74.01214268057629,0
1578,52.6526,93.12105178833008,,,,,,,,,,,,,,,,,,,,0.4264858663082123,0.546114981174469,-0.0089851850643754,0.9998336434364319,0.40724101662635803,0.635013997554779,-0.20459596812725067,0.788402259349823,0.37485840916633606,0.7285677194595337,-0.07808198034763336,0.9160106182098389,0.35847392678260803,0.7615898847579956,-0.31644269824028015,0.8823269605636597,forward,62.861783555484614,0
1579,52.685966666666666,92.01693534851074,,,,,,,,,,,,,,,,,,,,0.42676568031311035,0.5479164719581604,-0.007235558703541756,0.9998365640640259,0.4080767035484314,0.6356393694877625,-0.20163990557193756,0.7920712232589722,0.3749309778213501,0.7288816571235657,-0.08254135400056839,0.9113666415214539,0.3586481213569641,0.7616514563560486,-0.3066933751106262,0.8839181661605835,forward,64.34288177764499,0
1580,52.71933333333333,92.99087524414062,,,,,,,,,,,,,,,,,,,,0.42688050866127014,0.549516499042511,-0.006535769440233707,0.9998348951339722,0.40918055176734924,0.6358312964439392,-0.2512328624725342,0.8041022419929504,0.37493062019348145,0.7289563417434692,-0.1236186996102333,0.9127257466316223,0.3588232398033142,0.7616413831710815,-0.34867140650749207,0.8899076581001282,forward,57.51025858787682,0
1581,52.752700000000004,91.58492088317871,,,,,,,,,,,,,,,,,,,,0.4268988370895386,0.5511084794998169,-0.004113043658435345,0.9998366236686707,0.40938812494277954,0.6365318298339844,-0.239705428481102,0.8148059844970703,0.3749178946018219,0.7289978861808777,-0.10574322938919067,0.9134070873260498,0.3585616648197174,0.7616377472877502,-0.32216691970825195,0.8950009942054749,forward,56.51929639010677,0
1582,52.78606666666667,93.74880790710449,,,,,,,,,,,,,,,,,,,,0.42694908380508423,0.5524424314498901,-0.0007351223030127585,0.9998381733894348,0.41140028834342957,0.6366519331932068,-0.2852673828601837,0.8246496915817261,0.3749280273914337,0.7290107011795044,-0.15373729169368744,0.9130993485450745,0.35856178402900696,0.7615970373153687,-0.37275782227516174,0.8996129631996155,forward,53.570444093927534,0
1583,52.819433333333336,93.30606460571289,,,,,,,,,,,,,,,,,,,,0.4269707202911377,0.554033637046814,0.0026771093253046274,0.9998440742492676,0.41369059681892395,0.637066662311554,-0.2745194435119629,0.8321856260299683,0.3750867545604706,0.7290594577789307,-0.13882699608802795,0.912627637386322,0.35841450095176697,0.761489987373352,-0.3518020212650299,0.9035476446151733,forward,52.84979243923722,0
1584,52.8528,93.58906745910645,,,,,,,,,,,,,,,,,,,,0.42698878049850464,0.5552780628204346,0.005671622697263956,0.9998441934585571,0.4171502888202667,0.6370840072631836,-0.2842409312725067,0.8386231064796448,0.3753349184989929,0.7293323874473572,-0.16610120236873627,0.9113927483558655,0.3584360182285309,0.7613912224769592,-0.37929877638816833,0.9068562388420105,forward,55.90300082633186,0
1585,52.88616666666667,93.44792366027832,,,,,,,,,,,,,,,,,,,,0.42714574933052063,0.5564762949943542,0.004957915283739567,0.9998417496681213,0.4208080470561981,0.6370951533317566,-0.3470262289047241,0.8452211618423462,0.37540626525878906,0.7296731472015381,-0.22690388560295105,0.9099437594413757,0.3587411940097809,0.7613779902458191,-0.4505349397659302,0.9093487858772278,forward,52.84679045970512,0
1586,52.919533333333334,93.5521125793457,,,,,,,,,,,,,,,,,,,,0.4275698959827423,0.5588138699531555,0.005512575153261423,0.9998394846916199,0.42457500100135803,0.6375125050544739,-0.32017022371292114,0.8494312167167664,0.3754673898220062,0.7300013303756714,-0.19474254548549652,0.9079791903495789,0.35871002078056335,0.7613754272460938,-0.40967029333114624,0.910754919052124,forward,52.37462647434351,0
1587,52.9529,93.77503395080566,,,,,,,,,,,,,,,,,,,,0.427663654088974,0.5604437589645386,0.005414608400315046,0.9998422265052795,0.4269704520702362,0.6379722356796265,-0.2978687584400177,0.848339855670929,0.3757286071777344,0.7301362752914429,-0.17013008892536163,0.905827522277832,0.3586201071739197,0.7615200877189636,-0.400174617767334,0.9110589623451233,forward,52.507320882900785,0
1588,52.986266666666666,92.83804893493652,,,,,,,,,,,,,,,,,,,,0.4276125133037567,0.5617903470993042,0.004509249702095985,0.9998403787612915,0.428437203168869,0.6383698582649231,-0.3305306136608124,0.8383260369300842,0.3759388029575348,0.7308024168014526,-0.18358705937862396,0.8983412981033325,0.35850366950035095,0.7620192766189575,-0.4027576446533203,0.9056820273399353,forward,47.391787653575044,0
1589,53.01963333333333,93.18304061889648,,,,,,,,,,,,,,,,,,,,0.427486777305603,0.5633535981178284,0.00263563496991992,0.999842643737793,0.4286137819290161,0.6386139392852783,-0.33383357524871826,0.8210728764533997,0.3759441375732422,0.7311121821403503,-0.1824168711900711,0.888258159160614,0.35856378078460693,0.7620871663093567,-0.40155449509620667,0.8975777626037598,forward,46.35434731558035,0
1590,53.053000000000004,92.85116195678711,,,,,,,,,,,,,,,,,,,,0.42734891176223755,0.5663794875144958,0.0012856066459789872,0.9998422861099243,0.42791470885276794,0.6396898031234741,-0.33048370480537415,0.805361807346344,0.3759508728981018,0.7312619686126709,-0.17238694429397583,0.8786696195602417,0.3585931062698364,0.7621124982833862,-0.389807790517807,0.8888722062110901,forward,44.83434563171621,0
1591,53.08636666666667,93.11079978942871,,,,,,,,,,,,,,,,,,,,0.42746537923812866,0.5691481232643127,0.0005770200514234602,0.9998366236686707,0.42724019289016724,0.6406525373458862,-0.3391120135784149,0.7751151919364929,0.3759552538394928,0.7312555909156799,-0.17403341829776764,0.8556891083717346,0.35861876606941223,0.762095034122467,-0.38816356658935547,0.8670064806938171,forward,42.95415003525116,0
1592,53.119733333333336,92.59271621704102,,,,,,,,,,,,,,,,,,,,0.42744898796081543,0.5704559087753296,-0.00018548294610809535,0.9998323321342468,0.42676952481269836,0.6417941451072693,-0.3367432653903961,0.747933566570282,0.37601619958877563,0.7311972975730896,-0.17025309801101685,0.836201012134552,0.358622670173645,0.7618744969367981,-0.378586083650589,0.8474400639533997,forward,42.51404224356475,0
1593,53.1531,93.04594993591309,,,,,,,,,,,,,,,,,,,,0.42718306183815,0.5712252855300903,-0.0008171176305040717,0.9998248219490051,0.4266708791255951,0.6424030661582947,-0.3285239636898041,0.7030225396156311,0.3760339319705963,0.7312337160110474,-0.16079062223434448,0.8046543002128601,0.35949215292930603,0.7616437673568726,-0.37578240036964417,0.8168470859527588,forward,42.43629590119514,0
1594,53.18646666666667,93.51205825805664,,,,,,,,,,,,,,,,,,,,0.42715445160865784,0.5731907486915588,-0.0031613148748874664,0.9998255968093872,0.42650213837623596,0.6423378586769104,-0.3615092933177948,0.6747154593467712,0.37603959441185,0.7314023375511169,-0.21586203575134277,0.781122088432312,0.35951387882232666,0.7616485953330994,-0.435569167137146,0.793675422668457,forward,44.92572022640836,0
1595,53.219833333333334,93.5969352722168,,,,,,,,,,,,,,,,,,,,0.4271552562713623,0.5746726393699646,-0.0025786729529500008,0.9998308420181274,0.42358264327049255,0.6432148218154907,-0.3523672819137573,0.6481754779815674,0.37608101963996887,0.7314073443412781,-0.1865689754486084,0.7573004961013794,0.35925933718681335,0.761651337146759,-0.3911762237548828,0.7711686491966248,forward,41.418862751583845,0
1596,53.2532,94.13599967956543,,,,,,,,,,,,,,,,,,,,0.4272056221961975,0.5763131380081177,0.00043912572436966,0.9998270869255066,0.42137202620506287,0.6434475183486938,-0.3591148257255554,0.6600469350814819,0.3760262131690979,0.732210099697113,-0.21991537511348724,0.7611545920372009,0.35897746682167053,0.7616673707962036,-0.43611249327659607,0.7758000493049622,forward,45.591673770523485,0
1597,53.286566666666666,93.66083145141602,,,,,,,,,,,,,,,,,,,,0.4274323880672455,0.5775246024131775,0.001059915404766798,0.9998292922973633,0.4187139868736267,0.6437063813209534,-0.37263599038124084,0.6388104557991028,0.37586069107055664,0.732318639755249,-0.23328006267547607,0.7364423274993896,0.35899069905281067,0.7616918087005615,-0.4455987811088562,0.7520965337753296,forward,44.94762018589905,0
1598,53.31993333333333,94.35391426086426,,,,,,,,,,,,,,,,,,,,0.4274779260158539,0.5787134170532227,0.0012894878163933754,0.9998140335083008,0.41666603088378906,0.6437095999717712,-0.38980934023857117,0.6320832371711731,0.3757377564907074,0.7326751351356506,-0.23916909098625183,0.7244971394538879,0.35899463295936584,0.7620314955711365,-0.4506518244743347,0.7403859496116638,forward,42.31911754376857,0
1599,53.353300000000004,94.21300888061523,,,,,,,,,,,,,,,,,,,,0.42749130725860596,0.5797733068466187,0.0018968723015859723,0.9998010993003845,0.41511428356170654,0.6436538696289062,-0.4089541733264923,0.6373851299285889,0.37561848759651184,0.7330446243286133,-0.2746032774448395,0.7209609746932983,0.35895344614982605,0.7621088624000549,-0.49265915155410767,0.7379583120346069,forward,44.844174028248695,0
1600,53.38666666666667,93.0638313293457,,,,,,,,,,,,,,,,,,,,0.4273521900177002,0.5797024965286255,0.002197569003328681,0.9997802376747131,0.41265538334846497,0.6438570022583008,-0.4033668339252472,0.6433091759681702,0.37560346722602844,0.7331826686859131,-0.25631284713745117,0.713554322719574,0.35907286405563354,0.762458860874176,-0.4621102511882782,0.7322392463684082,forward,42.44233109385541,0
1601,53.420033333333336,92.27991104125977,,,,,,,,,,,,,,,,,,,,0.4272674322128296,0.579482913017273,0.002301666187122464,0.9997702240943909,0.4110328257083893,0.6439761519432068,-0.39880406856536865,0.6461924314498901,0.3756341338157654,0.7332673668861389,-0.24659915268421173,0.7089146971702576,0.358978807926178,0.7625426650047302,-0.45089036226272583,0.7261207103729248,forward,41.60473089811382,0
1602,53.4534,93.34588050842285,,,,,,,,,,,,,,,,,,,,0.4271378815174103,0.5792524218559265,0.003149706404656172,0.9997572898864746,0.41000398993492126,0.64396071434021,-0.41261303424835205,0.6523808836936951,0.3757040500640869,0.7332810163497925,-0.2500653564929962,0.705662727355957,0.3589191436767578,0.7626285552978516,-0.4551565647125244,0.7208432555198669,forward,39.58627834863283,0
1603,53.48676666666667,93.02997589111328,,,,,,,,,,,,,,,,,,,,0.427062451839447,0.5792697072029114,0.0036071829963475466,0.9997479319572449,0.4086337983608246,0.6440624594688416,-0.4137740135192871,0.6563176512718201,0.37580376863479614,0.7332533001899719,-0.24780547618865967,0.70102459192276,0.35896384716033936,0.7627601623535156,-0.45474544167518616,0.7146013975143433,forward,38.94491353460079,0
1604,53.520133333333334,93.53494644165039,,,,,,,,,,,,,,,,,,,,0.4269731342792511,0.5790380835533142,0.003981859423220158,0.999738335609436,0.4078264534473419,0.644531786441803,-0.403030663728714,0.6692119240760803,0.3758285939693451,0.7331101298332214,-0.23479010164737701,0.7063269019126892,0.35898780822753906,0.7627590298652649,-0.431485652923584,0.7179245352745056,forward,38.74271806343949,0
1605,53.5535,91.83812141418457,,,,,,,,,,,,,,,,,,,,0.4267975986003876,0.5788795948028564,0.003966736141592264,0.9997450113296509,0.40777894854545593,0.6447314023971558,-0.4002392888069153,0.6743943095207214,0.3758542239665985,0.7329185009002686,-0.2340525984764099,0.7050322890281677,0.3590545058250427,0.7627478241920471,-0.43507158756256104,0.7163698673248291,forward,39.046316184728866,0
1606,53.586866666666666,92.48614311218262,,,,,,,,,,,,,,,,,,,,0.4261235296726227,0.5778101682662964,0.003939677029848099,0.9997472167015076,0.40801143646240234,0.6442500352859497,-0.39960989356040955,0.6843627095222473,0.37585654854774475,0.7326977849006653,-0.22921188175678253,0.7082799077033997,0.35913047194480896,0.7627227902412415,-0.42944133281707764,0.718327522277832,forward,38.570608412289594,0
1607,53.62023333333333,92.69094467163086,,,,,,,,,,,,,,,,,,,,0.4260214567184448,0.5758266448974609,0.0037678333465009928,0.9997563362121582,0.408066987991333,0.6439850330352783,-0.3649912178516388,0.6741830706596375,0.3758404552936554,0.7324759364128113,-0.19412191212177277,0.6961020231246948,0.3594001829624176,0.7627117037773132,-0.39550673961639404,0.7038168907165527,forward,39.64848247636657,0
1608,53.653600000000004,93.06812286376953,,,,,,,,,,,,,,,,,,,,0.42597267031669617,0.5744228959083557,0.0035269183572381735,0.999760627746582,0.40811654925346375,0.6436778903007507,-0.36658698320388794,0.6699364185333252,0.3757728040218353,0.7321290969848633,-0.19670365750789642,0.6888893246650696,0.35937902331352234,0.7627106308937073,-0.4026090204715729,0.6951038241386414,forward,39.900242076376855,0
1609,53.68696666666667,93.53399276733398,,,,,,,,,,,,,,,,,,,,0.4259682595729828,0.5717487335205078,0.0038115400820970535,0.9997714161872864,0.40779969096183777,0.6430522203445435,-0.36078983545303345,0.6620728969573975,0.3756731450557709,0.7319498658180237,-0.1944292038679123,0.6807430386543274,0.3594144880771637,0.7627633810043335,-0.4056606888771057,0.684939980506897,forward,40.974348574079734,0
1610,53.720333333333336,93.53995323181152,,,,,,,,,,,,,,,,,,,,0.4259675145149231,0.5703566074371338,0.004288096912205219,0.9997800588607788,0.40708133578300476,0.642412006855011,-0.366150826215744,0.659497082233429,0.3755370080471039,0.7317754030227661,-0.2057240903377533,0.6743876338005066,0.3593519330024719,0.7627661824226379,-0.4227514863014221,0.6769171357154846,forward,41.91128025607229,0
1611,53.7537,93.02592277526855,,,,,,,,,,,,,,,,,,,,0.42588552832603455,0.5691598653793335,0.004452592693269253,0.9997850060462952,0.40629565715789795,0.6410506367683411,-0.36975809931755066,0.6496838331222534,0.37533456087112427,0.7318518757820129,-0.23116174340248108,0.6622896790504456,0.3588421642780304,0.762727677822113,-0.4566824734210968,0.6640205979347229,forward,45.934473829317874,0
1612,53.78706666666667,93.15705299377441,,,,,,,,,,,,,,,,,,,,0.4255361258983612,0.5691099166870117,0.002767314435914159,0.9997873902320862,0.4039178192615509,0.6401702761650085,-0.397972971200943,0.6565963625907898,0.37514519691467285,0.7316442131996155,-0.23032182455062866,0.6625842452049255,0.358541339635849,0.7627659440040588,-0.45115891098976135,0.664770245552063,forward,40.26858724744472,0
1613,53.820433333333334,93.5831069946289,,,,,,,,,,,,,,,,,,,,0.42517825961112976,0.5689356327056885,0.002656559692695737,0.9997945427894592,0.4003704786300659,0.6402561664581299,-0.4086492359638214,0.6473749876022339,0.37499895691871643,0.7316020727157593,-0.23812434077262878,0.6436127424240112,0.3581404387950897,0.7627894878387451,-0.45236411690711975,0.6487980484962463,forward,39.459050370545874,1
1614,53.8538,92.6821231842041,,,,,,,,,,,,,,,,,,,,0.4245300590991974,0.568616509437561,0.001286271377466619,0.9998064041137695,0.3975454866886139,0.6403241753578186,-0.42068615555763245,0.6429933905601501,0.3748144805431366,0.7314754128456116,-0.23707354068756104,0.631072998046875,0.35813426971435547,0.7626115679740906,-0.45149457454681396,0.6358859539031982,forward,37.33569981306172,1
1615,53.887166666666666,92.57006645202637,,,,,,,,,,,,,,,,,,,,0.4244718849658966,0.5685475468635559,0.000795157568063587,0.9998183846473694,0.3945019543170929,0.6403666734695435,-0.41132181882858276,0.6319575309753418,0.3746829330921173,0.7313683032989502,-0.2231503129005432,0.615985095500946,0.35813480615615845,0.7625218033790588,-0.43146079778671265,0.6182864904403687,forward,36.898418565105814,1
1616,53.92053333333333,92.93293952941895,,,,,,,,,,,,,,,,,,,,0.4243665337562561,0.5684983730316162,0.0006654816679656506,0.9998296499252319,0.39261648058891296,0.6403924822807312,-0.4096364676952362,0.6312704682350159,0.3745943009853363,0.7313220500946045,-0.22113288938999176,0.6109813451766968,0.35811975598335266,0.7624251246452332,-0.42832398414611816,0.611630916595459,forward,36.83851674182118,1
1617,53.953900000000004,92.21696853637695,,,,,,,,,,,,,,,,,,,,0.42418044805526733,0.567939043045044,-0.0001343372859992087,0.9998400807380676,0.392293781042099,0.6402817368507385,-0.4135481119155884,0.6245123147964478,0.3740900456905365,0.7312497496604919,-0.2213706523180008,0.6009591221809387,0.3582215905189514,0.762042224407196,-0.4290412664413452,0.6001535058021545,forward,36.408985998023354,1
1618,53.98726666666667,92.85616874694824,,,,,,,,,,,,,,,,,,,,0.4238987863063812,0.5672798752784729,-0.001320183277130127,0.9998495578765869,0.3914661705493927,0.6402385234832764,-0.41989758610725403,0.6161714196205139,0.3737686574459076,0.731172502040863,-0.22662797570228577,0.5878509879112244,0.35841765999794006,0.7619056105613708,-0.43540459871292114,0.5857539176940918,forward,36.209719204459894,1
1619,54.020633333333336,93.48607063293457,,,,,,,,,,,,,,,,,,,,0.4237219989299774,0.5667640566825867,-0.0017727491213008761,0.9998571276664734,0.3901026248931885,0.6397901177406311,-0.41665810346603394,0.6030185222625732,0.37300390005111694,0.7307708263397217,-0.22116734087467194,0.5738714337348938,0.35840362310409546,0.7616361975669861,-0.4235221743583679,0.5691911578178406,forward,36.06880289863875,1
1620,54.054,93.72401237487793,,,,,,,,,,,,,,,,,,,,0.42357054352760315,0.5662689208984375,-0.0022661483380943537,0.9998648166656494,0.38838621973991394,0.6394413709640503,-0.4327041506767273,0.5981916785240173,0.37257060408592224,0.7301685214042664,-0.23018860816955566,0.5653420090675354,0.3584066927433014,0.7615498304367065,-0.43438541889190674,0.5588568449020386,forward,34.846633228354854,1
1621,54.08736666666667,91.62688255310059,,,,,,,,,,,,,,,,,,,,0.4235375225543976,0.5656729340553284,-0.0022740643471479416,0.9998720288276672,0.38276976346969604,0.6394345760345459,-0.43157753348350525,0.5978105068206787,0.3721725344657898,0.7301464080810547,-0.2397848665714264,0.5637154579162598,0.3579654097557068,0.7615242600440979,-0.4501073658466339,0.5547989010810852,forward,35.97167461754379,1
1622,54.120733333333334,99.92027282714844,,,,,,,,,,,,,,,,,,,,0.42347240447998047,0.5648475885391235,-0.0022369518410414457,0.9998776316642761,0.3786531090736389,0.6384221315383911,-0.43518081307411194,0.5979329943656921,0.37173059582710266,0.7300111055374146,-0.24671441316604614,0.5628978610038757,0.35775983333587646,0.7613813877105713,-0.4623713791370392,0.5523170232772827,forward,36.34351481701153,1
1623,54.1541,91.57133102416992,,,,,,,,,,,,,,,,,,,,0.42328909039497375,0.5646973848342896,-0.0020911607425659895,0.9998824000358582,0.3764441907405853,0.6376382112503052,-0.4533790349960327,0.5921334028244019,0.3714168667793274,0.7299880981445312,-0.2769138813018799,0.5539140701293945,0.35778865218162537,0.7610743045806885,-0.5010068416595459,0.5434760451316833,forward,37.46974346837747,1
1624,54.187466666666666,92.32211112976074,,,,,,,,,,,,,,,,,,,,0.42284658551216125,0.5645473003387451,-0.0021698896307498217,0.9998874664306641,0.3749697208404541,0.6375578045845032,-0.4576481580734253,0.5851648449897766,0.37141892313957214,0.7299647927284241,-0.276489794254303,0.5426734089851379,0.35834258794784546,0.7609425187110901,-0.49809637665748596,0.533022403717041,forward,36.73436114209894,1
1625,54.22083333333333,93.7190055847168,,,,,,,,,,,,,,,,,,,,0.4225059449672699,0.5642862319946289,-0.0022229349706321955,0.9998924732208252,0.37474924325942993,0.6375986933708191,-0.4556437134742737,0.5910453796386719,0.37127891182899475,0.7299929857254028,-0.26611340045928955,0.5460944175720215,0.35834038257598877,0.7609807252883911,-0.48664024472236633,0.5360948443412781,forward,35.784878607503046,1
1626,54.254200000000004,93.14393997192383,,,,,,,,,,,,,,,,,,,,0.4223215878009796,0.5643535256385803,-0.002757234498858452,0.9998974204063416,0.37570682168006897,0.6375601887702942,-0.45989230275154114,0.5989266633987427,0.3712787628173828,0.7299932241439819,-0.2749350368976593,0.5493638515472412,0.3585054576396942,0.7609978318214417,-0.49820250272750854,0.5396428108215332,forward,36.27813962845796,1
1627,54.28756666666667,92.15998649597168,,,,,,,,,,,,,,,,,,,,0.4223019778728485,0.5643381476402283,-0.0030362047255039215,0.999901294708252,0.377834290266037,0.6375871300697327,-0.45528480410575867,0.6022802591323853,0.37129881978034973,0.7299878001213074,-0.2743745446205139,0.5495220422744751,0.3583044707775116,0.7611072063446045,-0.48964357376098633,0.5388548374176025,forward,36.95671176921403,1
1628,54.320933333333336,92.79394149780273,,,,,,,,,,,,,,,,,,,,0.4224856197834015,0.5643776655197144,-0.003120200941339135,0.9999051094055176,0.3841656446456909,0.6378844976425171,-0.449078768491745,0.6015936136245728,0.37133511900901794,0.7310237884521484,-0.27937307953834534,0.5475038290023804,0.3578193187713623,0.7615041732788086,-0.49273985624313354,0.5369318723678589,forward,39.04839910328544,1
1629,54.3543,91.89224243164062,,,,,,,,,,,,,,,,,,,,0.4225427210330963,0.5642840266227722,-0.0032780298497527838,0.9999082088470459,0.39680030941963196,0.637224018573761,-0.43736910820007324,0.5993630886077881,0.37161943316459656,0.7318229079246521,-0.3068317472934723,0.5473191738128662,0.35767585039138794,0.761644184589386,-0.5294711589813232,0.5377411842346191,forward,46.94456174145421,1
1630,54.38766666666667,93.78719329833984,,,,,,,,,,,,,,,,,,,,0.4226195812225342,0.5637719035148621,-0.003490669187158346,0.9999085664749146,0.4099966585636139,0.6359398365020752,-0.4315527081489563,0.592623233795166,0.3721430003643036,0.7323348522186279,-0.3219118118286133,0.5439010858535767,0.35756614804267883,0.7616843581199646,-0.5522329807281494,0.5379379987716675,forward,52.91134830261404,0
1631,54.421033333333334,93.60599517822266,,,,,,,,,,,,,,,,,,,,0.4229787290096283,0.5637561678886414,-0.004070374183356762,0.999907910823822,0.41702908277511597,0.6359884738922119,-0.4093647599220276,0.5772902965545654,0.3731726408004761,0.7323014140129089,-0.30747053027153015,0.5345926880836487,0.3574925363063812,0.7616910934448242,-0.5312876105308533,0.5319064855575562,forward,55.70673401799391,0
1632,54.4544,94.24209594726562,,,,,,,,,,,,,,,,,,,,0.4234157204627991,0.5636392831802368,-0.004563554190099239,0.9999077320098877,0.4176303446292877,0.6359823346138,-0.4073968529701233,0.5542351603507996,0.3738061487674713,0.7322872877120972,-0.2995539605617523,0.51908278465271,0.3574758768081665,0.7617185115814209,-0.5222015976905823,0.5180662274360657,forward,54.1447104293146,0
1633,54.487766666666666,92.88382530212402,,,,,,,,,,,,,,,,,,,,0.4240169823169708,0.5637292265892029,-0.005259066820144653,0.9999081492424011,0.41461244225502014,0.6352072954177856,-0.4261474609375,0.5457426905632019,0.3738650679588318,0.7322826981544495,-0.3225265443325043,0.5145120024681091,0.35757318139076233,0.7618849277496338,-0.5515953302383423,0.5144240260124207,forward,54.87782879147262,0
1634,54.52113333333333,92.79704093933105,,,,,,,,,,,,,,,,,,,,0.42493510246276855,0.5639724135398865,-0.006390694994479418,0.9999111294746399,0.4118736684322357,0.6352800726890564,-0.4381738007068634,0.5434531569480896,0.37385907769203186,0.7323693037033081,-0.3121569752693176,0.5169718861579895,0.3575436770915985,0.7619760036468506,-0.537752628326416,0.5147666931152344,forward,48.9879047598858,0
1635,54.554500000000004,92.92316436767578,,,,,,,,,,,,,,,,,,,,0.42530590295791626,0.5643553137779236,-0.006613335572183132,0.9999130964279175,0.4101332426071167,0.6354414224624634,-0.43792688846588135,0.5401790142059326,0.37385356426239014,0.7324516177177429,-0.3032643496990204,0.5199458599090576,0.3575034737586975,0.7620401978492737,-0.5295777916908264,0.5143083333969116,forward,47.044487244136334,0
1636,54.58786666666667,93.1100845336914,,,,,,,,,,,,,,,,,,,,0.4255574643611908,0.5649464726448059,-0.00661485968157649,0.9999142289161682,0.4045180082321167,0.6358931660652161,-0.4396129548549652,0.5458345413208008,0.37381845712661743,0.7324438095092773,-0.29239422082901,0.5284342169761658,0.3574424982070923,0.762147843837738,-0.5152807831764221,0.5197475552558899,forward,44.23200444069575,0
1637,54.621233333333336,92.05985069274902,,,,,,,,,,,,,,,,,,,,0.4256812632083893,0.5648866891860962,-0.0064405216835439205,0.9999163150787354,0.3997194468975067,0.6363139748573303,-0.43920066952705383,0.5493804812431335,0.37373223900794983,0.7324340343475342,-0.2711186408996582,0.5322563648223877,0.35744526982307434,0.7621689438819885,-0.49182695150375366,0.5215702652931213,forward,40.57500203692486,1
1638,54.6546,91.11309051513672,,,,,,,,,,,,,,,,,,,,0.4258638918399811,0.5648123621940613,-0.00520585011690855,0.9999167919158936,0.3950517475605011,0.6367894411087036,-0.4309494197368622,0.5518854260444641,0.3736599087715149,0.7322070002555847,-0.2511304020881653,0.5342862010002136,0.3574244976043701,0.7621652483940125,-0.4730619788169861,0.5232850909233093,forward,38.82481366406898,1
1639,54.68796666666667,92.69499778747559,,,,,,,,,,,,,,,,,,,,0.4258806109428406,0.5648121237754822,-0.0043366155587136745,0.9999150037765503,0.3915158212184906,0.6366704702377319,-0.4412094056606293,0.5634812116622925,0.37362051010131836,0.7314907908439636,-0.2615368664264679,0.5435603260993958,0.3574201762676239,0.762065589427948,-0.4830046594142914,0.5329459309577942,forward,38.309274087673415,1
1640,54.721333333333334,93.81103515625,,,,,,,,,,,,,,,,,,,,0.42580074071884155,0.5640879273414612,-0.0036930569913238287,0.9999164342880249,0.3863990306854248,0.6366840600967407,-0.44360777735710144,0.5889724493026733,0.37340620160102844,0.7312641143798828,-0.2564675509929657,0.5609253644943237,0.3571235239505768,0.7620364427566528,-0.4713248312473297,0.5524669289588928,forward,37.153207944264416,1
1641,54.7547,92.64087677001953,,,,,,,,,,,,,,,,,,,,0.4257822036743164,0.5636338591575623,-0.002891599666327238,0.9999080300331116,0.38057366013526917,0.6364458799362183,-0.4607505202293396,0.6274008750915527,0.3730209767818451,0.7310895323753357,-0.25715336203575134,0.5982915759086609,0.35695624351501465,0.7620732188224792,-0.485525906085968,0.5916178822517395,forward,34.74381020408289,1
1642,54.788066666666666,94.59090232849121,,,,,,,,,,,,,,,,,,,,0.4254119396209717,0.5622523427009583,-0.0018967145588248968,0.9999048709869385,0.37779608368873596,0.6362326741218567,-0.45694613456726074,0.6375725865364075,0.372684121131897,0.7309919595718384,-0.2683483958244324,0.6010253429412842,0.3567635118961334,0.7621496319770813,-0.5023909211158752,0.5966829061508179,forward,36.59017248935023,1
1643,54.82143333333333,93.36590766906738,,,,,,,,,,,,,,,,,,,,0.4252365827560425,0.5612266659736633,0.0003883239987771958,0.9998952150344849,0.37630680203437805,0.636046290397644,-0.45889201760292053,0.6644623875617981,0.3726024627685547,0.730948805809021,-0.28053417801856995,0.6217319965362549,0.3566347062587738,0.7621520161628723,-0.5130754113197327,0.6200906038284302,forward,37.872215661636325,1
1644,54.854800000000004,92.57221221923828,,,,,,,,,,,,,,,,,,,,0.42495256662368774,0.5601110458374023,0.0006000116700306535,0.9998811483383179,0.3757994472980499,0.6359130144119263,-0.4670085608959198,0.6918663382530212,0.37258392572402954,0.7308387756347656,-0.29146021604537964,0.6470414400100708,0.3565211892127991,0.7621602416038513,-0.5323235392570496,0.6472164392471313,forward,38.16900257881529,1
1645,54.88816666666667,93.26386451721191,,,,,,,,,,,,,,,,,,,,0.42468976974487305,0.5580433011054993,0.001117375330068171,0.9998723864555359,0.37578085064888,0.6356345415115356,-0.46400487422943115,0.7166551351547241,0.3725792169570923,0.7305759191513062,-0.2909412682056427,0.6700222492218018,0.3565060496330261,0.7620629668235779,-0.5262702703475952,0.6723451018333435,forward,38.76900743699784,1
1646,54.921533333333336,93.11509132385254,,,,,,,,,,,,,,,,,,,,0.42456209659576416,0.5561862587928772,0.0007729182252660394,0.9998643398284912,0.3768903315067291,0.6344137191772461,-0.4659251868724823,0.7396157383918762,0.3725642263889313,0.7303066253662109,-0.29859304428100586,0.6920950412750244,0.3565020263195038,0.7620474100112915,-0.5358031392097473,0.6960933804512024,forward,39.90050085830121,1
1647,54.9549,93.12701225280762,,,,,,,,,,,,,,,,,,,,0.4245108366012573,0.5543928742408752,0.00019522756338119507,0.9998525381088257,0.3775351345539093,0.6332910060882568,-0.4718422293663025,0.7626608610153198,0.37243372201919556,0.7302138805389404,-0.33140039443969727,0.7159557938575745,0.35647255182266235,0.7619588375091553,-0.5690502524375916,0.7213196754455566,forward,44.646281255255715,1
1648,54.98826666666667,92.8349494934082,,,,,,,,,,,,,,,,,,,,0.42451491951942444,0.5522283911705017,-0.001325698453001678,0.9998410940170288,0.3779233992099762,0.6329406499862671,-0.46909165382385254,0.7827502489089966,0.3721690773963928,0.730169951915741,-0.3192121088504791,0.735712468624115,0.3564685583114624,0.7619510889053345,-0.5526526570320129,0.7427409291267395,forward,43.35239346498259,1
1649,55.021633333333334,93.5368537902832,,,,,,,,,,,,,,,,,,,,0.4245056211948395,0.5495385527610779,-0.003830570261925459,0.9998350739479065,0.3790939748287201,0.6322515606880188,-0.45937931537628174,0.8003131747245789,0.37197721004486084,0.7301232814788818,-0.3162747919559479,0.7531852126121521,0.35648247599601746,0.7618730068206787,-0.5518612861633301,0.761707067489624,forward,45.30797511475717,1
1650,55.055,93.1851863861084,,,,,,,,,,,,,,,,,,,,0.4245446026325226,0.5466653108596802,-0.005067399237304926,0.9998285174369812,0.37996846437454224,0.6320422291755676,-0.4575400650501251,0.8164210319519043,0.37197303771972656,0.7298427224159241,-0.2973073422908783,0.7691283226013184,0.35653039813041687,0.7618507146835327,-0.5387248992919922,0.7789369821548462,forward,42.78220312610991,1
1651,55.088366666666666,93.1699275970459,,,,,,,,,,,,,,,,,,,,0.4246237277984619,0.5445582866668701,-0.005197890568524599,0.9998201727867126,0.38009098172187805,0.6320587992668152,-0.403528094291687,0.8322995901107788,0.3719436228275299,0.7295470833778381,-0.21441960334777832,0.7875327467918396,0.3563389480113983,0.7618440389633179,-0.43960580229759216,0.7972680330276489,forward,40.485517453204196,1
1652,55.12173333333333,93.2931900024414,,,,,,,,,,,,,,,,,,,,0.4247089624404907,0.5420825481414795,-0.005187882110476494,0.9998154640197754,0.3802638351917267,0.6317017078399658,-0.3900585174560547,0.8463347554206848,0.37189528346061707,0.7294353246688843,-0.2000570446252823,0.8046459555625916,0.3559921681880951,0.7618436813354492,-0.4346058964729309,0.8137433528900146,forward,41.182642323836326,1
1653,55.155100000000004,93.7809944152832,,,,,,,,,,,,,,,,,,,,0.42481881380081177,0.5406816005706787,-0.006697497796267271,0.9998162984848022,0.380416601896286,0.6308479309082031,-0.36635544896125793,0.8588194847106934,0.3717684745788574,0.7292412519454956,-0.2067151963710785,0.8198853135108948,0.3560515344142914,0.7618756890296936,-0.441087931394577,0.8288252949714661,forward,46.60828943110305,1
1654,55.18846666666667,92.84186363220215,,,,,,,,,,,,,,,,,,,,0.42481738328933716,0.5388880968093872,-0.008297394961118698,0.9998165965080261,0.3805934190750122,0.6302564144134521,-0.34932461380958557,0.8712502121925354,0.3717360496520996,0.7287703156471252,-0.18142658472061157,0.8354445099830627,0.3560399115085602,0.7619165182113647,-0.41578444838523865,0.843735933303833,forward,46.34372533916046,1
1655,55.221833333333336,94.09213066101074,,,,,,,,,,,,,,,,,,,,0.424811452627182,0.5375632643699646,-0.01062852144241333,0.9998131990432739,0.3805799186229706,0.630265474319458,-0.2663123607635498,0.8795122504234314,0.3717208504676819,0.7284818887710571,-0.10389965027570724,0.848397970199585,0.35561496019363403,0.761908233165741,-0.3269081711769104,0.8547707796096802,forward,52.28221947009778,1
1656,55.2552,93.84894371032715,,,,,,,,,,,,,,,,,,,,0.42482584714889526,0.5362541675567627,-0.012068877927958965,0.9998111724853516,0.3800484538078308,0.6303033232688904,-0.23609668016433716,0.8842376470565796,0.37164613604545593,0.7284735441207886,-0.07805018872022629,0.8586835861206055,0.35505348443984985,0.7618624567985535,-0.2984285354614258,0.8627278804779053,forward,55.898713206478796,1
1657,55.28856666666667,93.3370590209961,,,,,,,,,,,,,,,,,,,,0.42493513226509094,0.5348320603370667,-0.014889388345181942,0.999809205532074,0.38010573387145996,0.6303298473358154,-0.1989711970090866,0.8710207939147949,0.3716260492801666,0.7281321883201599,-0.04013429582118988,0.8606624007225037,0.3551642596721649,0.7616794109344482,-0.25151023268699646,0.8572989702224731,forward,60.482644706029824,1
1658,55.321933333333334,92.6508903503418,,,,,,,,,,,,,,,,,,,,0.42493557929992676,0.5333055853843689,-0.01441807858645916,0.9998027682304382,0.380393922328949,0.630397617816925,-0.14658431708812714,0.8485090732574463,0.37162044644355774,0.727996289730072,-0.03854652866721153,0.8582960963249207,0.3545684218406677,0.761660635471344,-0.21934303641319275,0.8473045229911804,forward,79.74656743888522,1
1659,55.3553,93.19281578063965,,,,,,,,,,,,,,,,,,,,0.4248545169830322,0.5332340598106384,-0.014344971626996994,0.9997951984405518,0.3805844485759735,0.6306715607643127,-0.11449019610881805,0.842944860458374,0.3715118169784546,0.7279042601585388,0.01768721267580986,0.8643417358398438,0.3545725643634796,0.7615976333618164,-0.16838446259498596,0.8487723469734192,forward,81.978686727988,1
1660,55.388666666666666,93.45293045043945,,,,,,,,,,,,,,,,,,,,0.42477214336395264,0.5324866771697998,-0.013960623182356358,0.9997872710227966,0.38179081678390503,0.6307042241096497,-0.10880051553249359,0.8366535305976868,0.37161916494369507,0.7278794646263123,0.03700616583228111,0.870229184627533,0.3543136417865753,0.7614399790763855,-0.15225346386432648,0.8508867025375366,forward,81.19241049840618,1
1661,55.42203333333333,93.02806854248047,,,,,,,,,,,,,,,,,,,,0.42449265718460083,0.5319661498069763,-0.013712453655898571,0.9997729063034058,0.3836401104927063,0.6307308077812195,-0.09277999401092529,0.8213080763816833,0.37169963121414185,0.7279285192489624,0.03067333810031414,0.8707699775695801,0.35498443245887756,0.7610445022583008,-0.1674816608428955,0.8458559513092041,forward,90.89257368985612,1
1662,55.455400000000004,92.6980972290039,,,,,,,,,,,,,,,,,,,,0.42449185252189636,0.5318503975868225,-0.012325658462941647,0.9997803568840027,0.3850530982017517,0.6307476758956909,-0.08581698685884476,0.8227831721305847,0.37184345722198486,0.7281268835067749,0.01068320032209158,0.8769204020500183,0.3552079498767853,0.7610334753990173,-0.15559980273246765,0.850415050983429,forward,99.88723993066597,1
1663,55.48876666666667,92.99492835998535,,,,,,,,,,,,,,,,,,,,0.42449235916137695,0.5306736826896667,-0.011404059827327728,0.9997798204421997,0.3864496946334839,0.6307679414749146,-0.07867615669965744,0.8179340362548828,0.372079998254776,0.7282640933990479,-0.0007999982335604727,0.8800882697105408,0.35531407594680786,0.7611060738563538,-0.1664055734872818,0.8511812686920166,forward,108.60109912005122,1
1664,55.522133333333336,93.9168930053711,,,,,,,,,,,,,,,,,,,,0.4245254099369049,0.5291310548782349,-0.01002389658242464,0.9997847080230713,0.38831809163093567,0.6305102109909058,-0.06384095549583435,0.81855309009552,0.37230125069618225,0.7283790111541748,-0.0007636317168362439,0.8857434988021851,0.355302095413208,0.761114239692688,-0.15868791937828064,0.8561220765113831,forward,120.16147540850929,1
1665,55.5555,93.17612648010254,,,,,,,,,,,,,,,,,,,,0.4246063828468323,0.5282513499259949,-0.008343116380274296,0.9997929334640503,0.3898266851902008,0.6302690505981445,-0.053784146904945374,0.8176786303520203,0.37275710701942444,0.7283810973167419,0.007704161573201418,0.8903660774230957,0.35527920722961426,0.7611145377159119,-0.14314718544483185,0.8600645661354065,forward,124.77757819584521,1
1666,55.58886666666667,92.75221824645996,,,,,,,,,,,,,,,,,,,,0.424869567155838,0.5269109606742859,-0.007993667386472225,0.9997936487197876,0.39076435565948486,0.6300008296966553,-0.05870120972394943,0.8163437247276306,0.37298697233200073,0.7283909320831299,0.019021470099687576,0.8943302035331726,0.3552607297897339,0.7611123323440552,-0.14015237987041473,0.8628777861595154,forward,116.65379831751434,1
1667,55.622233333333334,92.42630004882812,,,,,,,,,,,,,,,,,,,,0.424861341714859,0.5258878469467163,-0.008095040917396545,0.9997978210449219,0.3917275667190552,0.6294530034065247,-0.05470191687345505,0.8087545037269592,0.37304428219795227,0.7285315990447998,0.01690898835659027,0.8957771062850952,0.3552613854408264,0.7611057162284851,-0.14456969499588013,0.8625583052635193,forward,121.03368664818537,1
1668,55.6556,92.5607681274414,,,,,,,,,,,,,,,,,,,,0.4248669147491455,0.5257426500320435,-0.010343112051486969,0.999805212020874,0.3924817144870758,0.628928542137146,-0.05735043063759804,0.7953324913978577,0.3732534348964691,0.7285187244415283,0.022782079875469208,0.8944974541664124,0.3553936779499054,0.7611194252967834,-0.14227063953876495,0.8587861657142639,forward,117.8977152609986,1
1669,55.688966666666666,93.24002265930176,,,,,,,,,,,,,,,,,,,,0.4249187409877777,0.5248939990997314,-0.012855214066803455,0.9998069405555725,0.3928414285182953,0.6285744309425354,-0.05803116783499718,0.7875593900680542,0.3732035756111145,0.72852623462677,0.02529611811041832,0.8950576782226562,0.35545432567596436,0.7611156105995178,-0.1467171460390091,0.8575013875961304,forward,117.85535286933799,1
1670,55.72233333333333,92.10681915283203,,,,,,,,,,,,,,,,,,,,0.42497292160987854,0.525147557258606,-0.012739161029458046,0.9998145699501038,0.3930644690990448,0.628591001033783,-0.04750875011086464,0.7796534299850464,0.37320253252983093,0.7285093069076538,0.0325099341571331,0.8953765034675598,0.3554592430591583,0.7612610459327698,-0.12491685152053833,0.8560054898262024,forward,123.77107597625769,1
1671,55.755700000000004,93.14203262329102,,,,,,,,,,,,,,,,,,,,0.4249696135520935,0.5253499746322632,-0.01336866058409214,0.9998207092285156,0.39342743158340454,0.6286040544509888,-0.051182303577661514,0.774267852306366,0.3732357621192932,0.7285085916519165,0.04588012769818306,0.8964988589286804,0.35558295249938965,0.7612696886062622,-0.12131443619728088,0.8550824522972107,forward,116.89051085805023,1
1672,55.78906666666667,93.5521125793457,,,,,,,,,,,,,,,,,,,,0.42497214674949646,0.5255082845687866,-0.013999334536492825,0.9998233914375305,0.39356109499931335,0.6286192536354065,-0.0508996807038784,0.7660640478134155,0.37324705719947815,0.7284442186355591,0.04659285396337509,0.8957650661468506,0.3562793731689453,0.7611885666847229,-0.11750257015228271,0.8522677421569824,forward,117.16166872561584,1
1673,55.822433333333336,92.02194213867188,,,,,,,,,,,,,,,,,,,,0.42497390508651733,0.5253491401672363,-0.01569664105772972,0.9998252391815186,0.39351120591163635,0.6286869049072266,-0.05437430366873741,0.7523227334022522,0.37324023246765137,0.7283502221107483,0.05721088871359825,0.8915994167327881,0.35664641857147217,0.7611563205718994,-0.11357443779706955,0.844950258731842,forward,112.47027264979708,1
1674,55.8558,92.803955078125,,,,,,,,,,,,,,,,,,,,0.4249437749385834,0.5251602530479431,-0.015651218593120575,0.9998307228088379,0.3934713304042816,0.6287604570388794,-0.05466310679912567,0.7380416393280029,0.37308040261268616,0.7283204793930054,0.05208567902445793,0.8864730000495911,0.35664013028144836,0.7611606121063232,-0.11090317368507385,0.8368182182312012,forward,113.60258595548787,1
1675,55.88916666666667,92.38696098327637,,,,,,,,,,,,,,,,,,,,0.4248929023742676,0.524861216545105,-0.01554608903825283,0.9998354315757751,0.3934440016746521,0.628745973110199,-0.05621791258454323,0.7275462746620178,0.37281328439712524,0.7283220887184143,0.046625979244709015,0.8837078809738159,0.35654914379119873,0.7612606287002563,-0.11766565591096878,0.8322547078132629,forward,113.96932622401228,1
1676,55.922533333333334,91.82024002075195,,,,,,,,,,,,,,,,,,,,0.4248402714729309,0.5245236754417419,-0.015567597933113575,0.9998396635055542,0.39341774582862854,0.6287174820899963,-0.05782873183488846,0.7125881314277649,0.37250325083732605,0.7283850908279419,0.04299354925751686,0.8777723908424377,0.356304407119751,0.7614673972129822,-0.12138064205646515,0.8233603835105896,forward,113.91099172738632,1
1677,55.9559,92.62204170227051,,,,,,,,,,,,,,,,,,,,0.42474645376205444,0.5240862965583801,-0.01574188843369484,0.9998382925987244,0.39340585470199585,0.6286216378211975,-0.05876646563410759,0.6940922737121582,0.37241509556770325,0.7284525036811829,0.04179937392473221,0.869610607624054,0.3563050329685211,0.7615775465965271,-0.12375976890325546,0.8117361664772034,forward,113.74663549943288,1
1678,55.989266666666666,93.73283386230469,,,,,,,,,,,,,,,,,,,,0.42469924688339233,0.5238396525382996,-0.01585734821856022,0.9998377561569214,0.3933832049369812,0.6285735964775085,-0.05937466025352478,0.6841332912445068,0.37228140234947205,0.7285364270210266,0.04157340154051781,0.8656982183456421,0.35627177357673645,0.7617050409317017,-0.12463311105966568,0.8052672743797302,forward,113.49603972959925,1
1679,56.02263333333333,92.80204772949219,,,,,,,,,,,,,,,,,,,,0.4245855212211609,0.5237711071968079,-0.017628232017159462,0.9998394250869751,0.39332088828086853,0.6285743117332458,-0.06101272627711296,0.6753830909729004,0.3721972107887268,0.7285805344581604,0.05786455422639847,0.8626497387886047,0.35624879598617554,0.7617562413215637,-0.11961870640516281,0.8000266551971436,forward,108.92933723734855,1
1680,56.056000000000004,94.21920776367188,,,,,,,,,,,,,,,,,,,,0.4243736267089844,0.523755669593811,-0.017892897129058838,0.9998420476913452,0.3933103382587433,0.62858647108078,-0.061384037137031555,0.6674842238426208,0.3721939027309418,0.7287805676460266,0.052816394716501236,0.8598207831382751,0.35624876618385315,0.7619509100914001,-0.12116079032421112,0.7950685024261475,forward,110.06670641707693,1
1681,56.08936666666667,94.41590309143066,,,,,,,,,,,,,,,,,,,,0.4241198003292084,0.5236623883247375,-0.01807251013815403,0.9998452067375183,0.3932919204235077,0.6285857558250427,-0.06439623236656189,0.6608120203018188,0.37219053506851196,0.7289625406265259,0.044263433665037155,0.8574894070625305,0.35624441504478455,0.7621931433677673,-0.12977950274944305,0.790564239025116,forward,110.27244072135127,1
1682,56.122733333333336,94.38371658325195,,,,,,,,,,,,,,,,,,,,0.4241076111793518,0.5236718654632568,-0.018037663772702217,0.9998471736907959,0.3932800590991974,0.6285890340805054,-0.06596311926841736,0.6511436700820923,0.3721884787082672,0.7290487885475159,0.03942106291651726,0.8529562950134277,0.35623905062675476,0.7622604966163635,-0.13069558143615723,0.7837257981300354,forward,110.4593470849951,1
1683,56.1561,93.77408027648926,,,,,,,,,,,,,,,,,,,,0.4240890145301819,0.5238939523696899,-0.01759747415781021,0.9998477697372437,0.39326655864715576,0.6285905838012695,-0.06727419048547745,0.647425651550293,0.37218138575553894,0.7291449308395386,0.02221790701150894,0.8513579964637756,0.3562358021736145,0.7623147964477539,-0.13914161920547485,0.7818482518196106,forward,114.33245125524411,1
1684,56.18946666666667,91.42494201660156,,,,,,,,,,,,,,,,,,,,0.4240584671497345,0.5244758725166321,-0.015808694064617157,0.9998490810394287,0.39323890209198,0.6287304759025574,-0.06726846843957901,0.6451911926269531,0.37217196822166443,0.729188084602356,0.017766406759619713,0.8511098027229309,0.35621878504753113,0.7623381018638611,-0.13879479467868805,0.7819198966026306,forward,114.88617769704989,1
1685,56.222833333333334,92.36478805541992,,,,,,,,,,,,,,,,,,,,0.42390143871307373,0.5250722765922546,-0.014171291142702103,0.9998504519462585,0.39319944381713867,0.6289663314819336,-0.06750742346048355,0.6440359950065613,0.37216901779174805,0.729189932346344,0.01535522099584341,0.8510045409202576,0.3561899960041046,0.7623413801193237,-0.13950833678245544,0.7821711301803589,forward,114.66715261477461,1
1686,56.2562,92.69905090332031,,,,,,,,,,,,,,,,,,,,0.4238949418067932,0.5257444977760315,-0.011470097117125988,0.999850869178772,0.3931923508644104,0.629301905632019,-0.06735846400260925,0.6476481556892395,0.3721671402454376,0.7291918992996216,0.012273503467440605,0.8527854084968567,0.3561495244503021,0.7623465657234192,-0.13927069306373596,0.7846348285675049,forward,114.54013059891032,1
1687,56.289566666666666,93.02496910095215,,,,,,,,,,,,,,,,,,,,0.4238896667957306,0.5272963643074036,-0.009209081530570984,0.9998524785041809,0.39315828680992126,0.6301615238189697,-0.06850401312112808,0.6536433696746826,0.37214425206184387,0.7292501330375671,0.014412274584174156,0.8552987575531006,0.3560442328453064,0.7623531222343445,-0.13917599618434906,0.7869041562080383,forward,111.64628441038042,1
1688,56.32293333333333,93.0330753326416,,,,,,,,,,,,,,,,,,,,0.4237738251686096,0.5287014245986938,-0.008269887417554855,0.9998540282249451,0.3930591344833374,0.6306892037391663,-0.06852445751428604,0.6664578318595886,0.3721334934234619,0.7292892932891846,0.013379241339862347,0.8607622981071472,0.35600149631500244,0.7623664736747742,-0.1426849663257599,0.7935879826545715,forward,111.26235301898832,1
1689,56.356300000000005,94.696044921875,,,,,,,,,,,,,,,,,,,,0.42376649379730225,0.5301153063774109,-0.008419165387749672,0.9998565912246704,0.39284548163414,0.6311336755752563,-0.07528568804264069,0.6819835901260376,0.37207308411598206,0.7293139100074768,0.0062753185629844666,0.8667207360267639,0.35582005977630615,0.7623693943023682,-0.1505821794271469,0.8004133105278015,forward,108.4115846347401,1
1690,56.38966666666667,94.09594535827637,,,,,,,,,,,,,,,,,,,,0.42364031076431274,0.5309029221534729,-0.007925750687718391,0.99985671043396,0.39236658811569214,0.6315653920173645,-0.07997875660657883,0.6946514844894409,0.3719259798526764,0.7293241024017334,0.008618053048849106,0.871477484703064,0.35529598593711853,0.762367308139801,-0.1525951772928238,0.8052719831466675,forward,103.90420237548419,1
1691,56.423033333333336,93.63484382629395,,,,,,,,,,,,,,,,,,,,0.4236084520816803,0.5317436456680298,-0.007174083963036537,0.9998545050621033,0.3916671574115753,0.6321842670440674,-0.08648217469453812,0.7114765048027039,0.3718896508216858,0.7293024659156799,0.01611630991101265,0.8790497779846191,0.35426613688468933,0.7623737454414368,-0.15309077501296997,0.8151327967643738,forward,96.8660356717097,1
1692,56.4564,94.76494789123535,,,,,,,,,,,,,,,,,,,,0.42360907793045044,0.533013641834259,-0.006768867839127779,0.9998549222946167,0.39110466837882996,0.6327002644538879,-0.11147565394639969,0.7171486020088196,0.3718835711479187,0.7292690277099609,-0.01791352964937687,0.8814486861228943,0.35423460602760315,0.7622541189193726,-0.18837161362171173,0.8174149990081787,forward,91.29479032331373,1
1693,56.48976666666667,94.94614601135254,,,,,,,,,,,,,,,,,,,,0.4236032962799072,0.5344610214233398,-0.005574456881731749,0.9998576641082764,0.39059779047966003,0.633332371711731,-0.10732313245534897,0.7216377258300781,0.37188583612442017,0.7291778326034546,-0.021247608587145805,0.8833715915679932,0.35371828079223633,0.7622116208076477,-0.1908964067697525,0.8196991682052612,forward,94.03998179718123,1
1694,56.523133333333334,93.34611892700195,,,,,,,,,,,,,,,,,,,,0.4235951006412506,0.5363653302192688,-0.005676048342138529,0.9998549818992615,0.3894136846065521,0.6337129473686218,-0.12258060276508331,0.7194175720214844,0.37191393971443176,0.729174017906189,-0.013544110581278801,0.8825374841690063,0.353718101978302,0.7621896862983704,-0.1911204755306244,0.8184714913368225,forward,82.79196971217293,1
1695,56.5565,92.61178970336914,,,,,,,,,,,,,,,,,,,,0.4235817492008209,0.538867175579071,-0.005718710366636515,0.9998467564582825,0.38782429695129395,0.6343474984169006,-0.13783657550811768,0.7082341909408569,0.3719572424888611,0.729153573513031,-0.02178277261555195,0.8775165677070618,0.3540269434452057,0.7619249820709229,-0.21289385855197906,0.8122075200080872,forward,76.86861901584273,1
1696,56.589866666666666,93.36400032043457,,,,,,,,,,,,,,,,,,,,0.42357009649276733,0.5415090918540955,-0.008184567093849182,0.9998449683189392,0.38628536462783813,0.6349623203277588,-0.2010519802570343,0.7116155624389648,0.37195533514022827,0.7291787266731262,-0.061640504747629166,0.8792757987976074,0.35406240820884705,0.7619127631187439,-0.2759888470172882,0.8154104351997375,forward,61.46424436886544,1
1697,56.62323333333333,92.75603294372559,,,,,,,,,,,,,,,,,,,,0.42341747879981995,0.543931782245636,-0.010056359693408012,0.9998367428779602,0.384488970041275,0.635177731513977,-0.24272921681404114,0.7059863209724426,0.3719899654388428,0.7290872931480408,-0.08621183037757874,0.875580370426178,0.3540634512901306,0.7619268894195557,-0.30074918270111084,0.8117099404335022,forward,53.75293642250692,1
1698,56.656600000000005,92.7591323852539,,,,,,,,,,,,,,,,,,,,0.423419713973999,0.5461841225624084,-0.010588549077510834,0.9998358488082886,0.38357555866241455,0.6359021663665771,-0.2720228433609009,0.7074943780899048,0.37195923924446106,0.7290680408477783,-0.11896071583032608,0.8731517195701599,0.353985071182251,0.7620128989219666,-0.33414801955223083,0.8106855154037476,forward,51.53119304146094,1
1699,56.68996666666667,92.94795989990234,,,,,,,,,,,,,,,,,,,,0.42344215512275696,0.5485110878944397,-0.01139089372009039,0.999838650226593,0.38256964087486267,0.6366608142852783,-0.30999884009361267,0.7201303243637085,0.3718475103378296,0.7291682362556458,-0.13898558914661407,0.8755685687065125,0.35398954153060913,0.7620241045951843,-0.35608890652656555,0.8169145584106445,forward,46.0044925113132,1
1700,56.723333333333336,91.53914451599121,,,,,,,,,,,,,,,,,,,,0.4234413802623749,0.5497931241989136,-0.010748963803052902,0.9998411536216736,0.3819354176521301,0.6370754837989807,-0.3281104862689972,0.7399049401283264,0.37178605794906616,0.7291589975357056,-0.14457352459430695,0.8806605339050293,0.35373860597610474,0.7620610594749451,-0.3580437898635864,0.8276395797729492,forward,43.11491630966454,1
1701,56.7567,93.83511543273926,,,,,,,,,,,,,,,,,,,,0.4234149158000946,0.5511367321014404,-0.005921586882323027,0.9998463988304138,0.3812260329723358,0.6370351314544678,-0.3747865855693817,0.7631905674934387,0.37156224250793457,0.7292671203613281,-0.2103189378976822,0.8883370757102966,0.3535779118537903,0.7620730996131897,-0.43045398592948914,0.8417767286300659,forward,43.33298791135293,1
1702,56.79006666666667,94.42901611328125,,,,,,,,,,,,,,,,,,,,0.42341625690460205,0.5523436069488525,-0.002306154230609536,0.9998493194580078,0.3808700740337372,0.636979341506958,-0.39227956533432007,0.7847102284431458,0.3714033365249634,0.7293194532394409,-0.20831817388534546,0.8953444361686707,0.35341936349868774,0.7621839046478271,-0.42346036434173584,0.8545274138450623,forward,39.80974936691072,1
1703,56.823433333333334,93.74594688415527,,,,,,,,,,,,,,,,,,,,0.42350924015045166,0.5540024638175964,-0.00027443806175142527,0.9998500943183899,0.3806294798851013,0.6369654536247253,-0.4116857051849365,0.8042322397232056,0.3712843358516693,0.7295910716056824,-0.2373298704624176,0.9014215469360352,0.35360145568847656,0.7621866464614868,-0.4610001742839813,0.8659437298774719,forward,40.24549538015077,1
1704,56.8568,94.18106079101562,,,,,,,,,,,,,,,,,,,,0.4236062467098236,0.5562418103218079,0.0008370041032321751,0.9998514652252197,0.38061729073524475,0.636935830116272,-0.4283093512058258,0.822341799736023,0.3712652325630188,0.7296653389930725,-0.2565374970436096,0.9076918363571167,0.3536181151866913,0.7621904015541077,-0.48059165477752686,0.8769440054893494,forward,39.85128673638383,1
1705,56.890166666666666,93.55497360229492,,,,,,,,,,,,,,,,,,,,0.42409947514533997,0.558222234249115,0.0026800595223903656,0.9998524188995361,0.38045692443847656,0.636914074420929,-0.44028738141059875,0.8385496735572815,0.37126582860946655,0.7296604514122009,-0.2723294198513031,0.913203239440918,0.35362330079078674,0.7621474862098694,-0.4940165877342224,0.8868483901023865,forward,39.8058010138823,1
1706,56.92353333333333,93.63293647766113,,,,,,,,,,,,,,,,,,,,0.42422357201576233,0.5598881840705872,0.00507017457857728,0.9998562335968018,0.379891961812973,0.6369527578353882,-0.45237746834754944,0.8529475927352905,0.37127259373664856,0.729670524597168,-0.2948338985443115,0.9177367687225342,0.35360050201416016,0.7621274590492249,-0.5185317993164062,0.895555317401886,forward,40.81770371089657,1
1707,56.956900000000005,93.55807304382324,,,,,,,,,,,,,,,,,,,,0.42422255873680115,0.5610463619232178,0.007456361781805754,0.99985271692276,0.37915897369384766,0.6371221542358398,-0.453942209482193,0.8660611510276794,0.37129729986190796,0.7296196818351746,-0.2748888432979584,0.9217147827148438,0.35357344150543213,0.7621280550956726,-0.4959730803966522,0.9032765030860901,forward,37.44788366489758,1
1708,56.99026666666667,93.39404106140137,,,,,,,,,,,,,,,,,,,,0.42420002818107605,0.5615776181221008,0.007115673273801804,0.9998469948768616,0.3782745599746704,0.6370669007301331,-0.45601212978363037,0.8767796158790588,0.3714701533317566,0.7295334935188293,-0.2707781493663788,0.9236190319061279,0.3536275625228882,0.762127161026001,-0.48899897933006287,0.9086733460426331,forward,36.51334334755419,1
1709,57.023633333333336,93.80817413330078,,,,,,,,,,,,,,,,,,,,0.4241086542606354,0.5631048083305359,0.006814965046942234,0.9998399615287781,0.3769252598285675,0.6370643973350525,-0.46345436573028564,0.8864127993583679,0.3714815676212311,0.7294695973396301,-0.2678726613521576,0.9247851371765137,0.3535904884338379,0.7621333003044128,-0.48470860719680786,0.9131901264190674,forward,34.91073387982724,1
1710,57.057,92.8349494934082,,,,,,,,,,,,,,,,,,,,0.4240788221359253,0.5658093094825745,0.00824565626680851,0.999833881855011,0.3749585449695587,0.6377614140510559,-0.4757748544216156,0.8943728804588318,0.37147992849349976,0.7295366525650024,-0.28276151418685913,0.9251577258110046,0.3534259498119354,0.7621386647224426,-0.5077421069145203,0.9168422222137451,forward,34.48604391673683,1
1711,57.09036666666667,95.02005577087402,,,,,,,,,,,,,,,,,,,,0.424076646566391,0.5676515102386475,0.00853496603667736,0.9998242855072021,0.3747599422931671,0.6382467746734619,-0.4811445474624634,0.8991653323173523,0.37167996168136597,0.7294304370880127,-0.3036540448665619,0.9214555025100708,0.3534548282623291,0.7619611024856567,-0.5295112133026123,0.9167748093605042,forward,35.949778085158925,1
1712,57.123733333333334,93.47796440124512,,,,,,,,,,,,,,,,,,,,0.42407405376434326,0.5695148706436157,0.008205831050872803,0.9998191595077515,0.3741776645183563,0.6388514637947083,-0.4824604094028473,0.9007465243339539,0.37186336517333984,0.7294458150863647,-0.2960241734981537,0.9154502749443054,0.3533897399902344,0.7617337107658386,-0.518806517124176,0.9135444164276123,forward,34.50381168684201,1
1713,57.1571,92.98896789550781,,,,,,,,,,,,,,,,,,,,0.4240480065345764,0.5710651278495789,0.007984967902302742,0.999809741973877,0.3739856779575348,0.6389240026473999,-0.49481990933418274,0.9045305252075195,0.3719181716442108,0.72948157787323,-0.3211495280265808,0.9126740097999573,0.3534519672393799,0.7616367936134338,-0.5553945302963257,0.9136731028556824,forward,35.721860251418974,1
1714,57.190466666666666,104.94112968444824,,,,,,,,,,,,,,,,,,,,0.4240630865097046,0.5720930099487305,0.007841027341783047,0.9998043775558472,0.37390297651290894,0.6390498876571655,-0.4999693036079407,0.9035629034042358,0.3719187378883362,0.7296912670135498,-0.33536893129348755,0.9047291874885559,0.35342296957969666,0.761408805847168,-0.5707077980041504,0.9092786908149719,forward,36.82365355719315,1
1715,57.22383333333333,101.02176666259766,,,,,,,,,,,,,,,,,,,,0.42412424087524414,0.574289858341217,0.007817698642611504,0.9998051524162292,0.373710960149765,0.6397550106048584,-0.504956066608429,0.90110182762146,0.371921181678772,0.7297054529190063,-0.33281710743904114,0.894648015499115,0.3534276783466339,0.7613019943237305,-0.5650718212127686,0.9032946228981018,forward,35.34320771442919,1
1716,57.257200000000005,97.72801399230957,,,,,,,,,,,,,,,,,,,,0.42468973994255066,0.5759025812149048,0.008163423277437687,0.9998071789741516,0.37329286336898804,0.6410719752311707,-0.4931572377681732,0.900059700012207,0.37197867035865784,0.7297579050064087,-0.3264709711074829,0.8864980936050415,0.3534005880355835,0.761282205581665,-0.5548596382141113,0.8979097604751587,forward,35.903823932819215,1
1717,57.29056666666667,93.2002067565918,,,,,,,,,,,,,,,,,,,,0.42517101764678955,0.5771800875663757,0.008079864084720612,0.9998100996017456,0.37332484126091003,0.6414583921432495,-0.49991360306739807,0.8990245461463928,0.3720252811908722,0.729948878288269,-0.3468746840953827,0.8802483677864075,0.3533855080604553,0.7612587809562683,-0.5810200572013855,0.8945531249046326,forward,37.702058637256044,1
1718,57.323933333333336,94.15912628173828,,,,,,,,,,,,,,,,,,,,0.4256109595298767,0.5782543420791626,0.008277527987957,0.9998140335083008,0.373322069644928,0.641988217830658,-0.5033019185066223,0.8892833590507507,0.3721114695072174,0.7300551533699036,-0.3299110531806946,0.8648471832275391,0.3532123565673828,0.7612890005111694,-0.5618661046028137,0.8838787078857422,forward,34.52383781174144,1
1719,57.3573,93.78790855407715,,,,,,,,,,,,,,,,,,,,0.4261234998703003,0.5786892175674438,0.008263418450951576,0.9998164176940918,0.3733353316783905,0.6420974731445312,-0.5044869780540466,0.8840830326080322,0.37220028042793274,0.7300113439559937,-0.32540464401245117,0.8562019467353821,0.35332173109054565,0.7612982392311096,-0.5594181418418884,0.878425657749176,forward,33.70857198370364,1
1720,57.39066666666667,94.16604042053223,,,,,,,,,,,,,,,,,,,,0.42675191164016724,0.5803946852684021,0.008045131340622902,0.9998159408569336,0.3733348846435547,0.6423718333244324,-0.509885311126709,0.8805063366889954,0.37243905663490295,0.7299855947494507,-0.3383183181285858,0.8479108810424805,0.35345566272735596,0.7612936496734619,-0.5709480047225952,0.8732460737228394,forward,34.36617647811043,1
1721,57.424033333333334,95.15595436096191,,,,,,,,,,,,,,,,,,,,0.42743444442749023,0.5814207792282104,0.008002541959285736,0.9998161792755127,0.37331971526145935,0.643028974533081,-0.5055870413780212,0.8809014558792114,0.37274637818336487,0.7300167679786682,-0.33715900778770447,0.8447141647338867,0.35448265075683594,0.7612913846969604,-0.5707242488861084,0.8717716932296753,forward,34.64304156011782,1
1722,57.4574,94.81191635131836,,,,,,,,,,,,,,,,,,,,0.4278104603290558,0.5825508832931519,0.007974088191986084,0.9998174905776978,0.3735189139842987,0.6432334780693054,-0.509905993938446,0.8840212821960449,0.37291139364242554,0.7299864888191223,-0.3345126807689667,0.8443215489387512,0.35463613271713257,0.7612920999526978,-0.5680367946624756,0.8729217052459717,forward,33.506274145159914,1
1723,57.490766666666666,92.01908111572266,,,,,,,,,,,,,,,,,,,,0.4281783401966095,0.5827286243438721,0.0078088389709591866,0.9998239278793335,0.37435659766197205,0.6431644558906555,-0.513569176197052,0.8874821662902832,0.3730592727661133,0.7299011945724487,-0.33386051654815674,0.8472753167152405,0.35487788915634155,0.7612369656562805,-0.5743685960769653,0.8761242628097534,forward,32.91657789007298,1
1724,57.52413333333333,92.77200698852539,,,,,,,,,,,,,,,,,,,,0.4286097586154938,0.5827480554580688,0.007780411280691624,0.9998303651809692,0.3750815689563751,0.6431131958961487,-0.5207546949386597,0.8934982419013977,0.3731139004230499,0.7297813296318054,-0.33169546723365784,0.8530669808387756,0.3549281060695648,0.761233389377594,-0.5714139342308044,0.8812761902809143,forward,31.72390180240565,1
1725,57.557500000000005,92.4680233001709,,,,,,,,,,,,,,,,,,,,0.42868322134017944,0.5821441411972046,0.006846375297755003,0.9998344779014587,0.3760817050933838,0.6431544423103333,-0.516656219959259,0.8971670269966125,0.3732587993144989,0.7297753095626831,-0.32584840059280396,0.8550205230712891,0.35484299063682556,0.7612003087997437,-0.5645560026168823,0.8832510709762573,forward,31.685739045936284,1
1726,57.59086666666667,93.39094161987305,,,,,,,,,,,,,,,,,,,,0.4289664328098297,0.5820042490959167,0.0061622983776032925,0.9998348951339722,0.37702497839927673,0.643210232257843,-0.5143331289291382,0.901390552520752,0.37326276302337646,0.7298022508621216,-0.3285796344280243,0.8567624092102051,0.3542865216732025,0.7612029314041138,-0.5657479763031006,0.8852887749671936,forward,32.35915823862268,1
1727,57.624233333333336,167.44017601013184,,,,,,,,,,,,,,,,,,,,0.4293006658554077,0.5806453824043274,0.003784904722124338,0.9998345971107483,0.37795883417129517,0.6431313753128052,-0.5167734622955322,0.9054082036018372,0.3732660710811615,0.729845404624939,-0.3364807069301605,0.8594685792922974,0.35391077399253845,0.761203944683075,-0.5743070244789124,0.8873398900032043,forward,33.219880433446384,1
1728,57.6576,113.01803588867188,,,,,,,,,,,,,,,,,,,,0.4295644760131836,0.5792234539985657,0.0021981080062687397,0.999833881855011,0.3786396086215973,0.6429456472396851,-0.5173256397247314,0.9090704917907715,0.37325915694236755,0.7298677563667297,-0.33519983291625977,0.8626130819320679,0.353877454996109,0.7612015604972839,-0.5745446085929871,0.8890608549118042,forward,33.22855659646416,1
1729,57.69096666666667,98.90413284301758,,,,,,,,,,,,,,,,,,,,0.42959514260292053,0.5768060684204102,0.00041157627128995955,0.9998341798782349,0.37904852628707886,0.6425249576568604,-0.5228075385093689,0.9104989171028137,0.37317419052124023,0.7299583554267883,-0.3592751622200012,0.861484944820404,0.35390517115592957,0.7612645626068115,-0.6058445572853088,0.8882055878639221,forward,35.99382644257063,1
1730,57.724333333333334,96.83918952941895,,,,,,,,,,,,,,,,,,,,0.4296157956123352,0.5750157833099365,-0.000914224365260452,0.9998343586921692,0.3794379234313965,0.6411599516868591,-0.5524644255638123,0.9130261540412903,0.3731542229652405,0.7299802303314209,-0.40995776653289795,0.8634306788444519,0.3541831970214844,0.7612650394439697,-0.6686078906059265,0.8897392749786377,forward,39.414832908935196,1
1731,57.7577,98.86622428894043,,,,,,,,,,,,,,,,,,,,0.42977941036224365,0.5720289945602417,-0.00197724811732769,0.9998351335525513,0.3797605335712433,0.6397244930267334,-0.5403842329978943,0.9165065884590149,0.3731262981891632,0.7299547791481018,-0.387344628572464,0.8677393198013306,0.3542352020740509,0.761257529258728,-0.6407958269119263,0.8930195569992065,forward,38.369713558045596,1
1732,57.791066666666666,94.71678733825684,,,,,,,,,,,,,,,,,,,,0.4298015832901001,0.5689183473587036,-0.01017220038920641,0.9998271465301514,0.3798672556877136,0.6391878128051758,-0.5326472520828247,0.8946797847747803,0.3730194568634033,0.7298299074172974,-0.37630295753479004,0.8538986444473267,0.3544518053531647,0.7610273361206055,-0.6243190169334412,0.8688154816627502,forward,38.474129192054505,1
1733,57.82443333333333,96.59385681152344,,,,,,,,,,,,,,,,,,,,0.429824560880661,0.5649195313453674,-0.008847760036587715,0.9998252987861633,0.38003355264663696,0.6382911801338196,-0.4991397559642792,0.9012413620948792,0.37302082777023315,0.7291514873504639,-0.2957766056060791,0.8618683218955994,0.35444387793540955,0.7610020041465759,-0.5367037057876587,0.8756793737411499,forward,33.40396934823303,1
1734,57.857800000000005,93.88899803161621,,,,,,,,,,,,,,,,,,,,0.42987120151519775,0.5624944567680359,-0.00808814074844122,0.9998274445533752,0.3803044557571411,0.6376439929008484,-0.5036990642547607,0.9087541699409485,0.37319114804267883,0.7286364436149597,-0.2995036542415619,0.8710008263587952,0.35414254665374756,0.7609520554542542,-0.5348879098892212,0.884125292301178,forward,33.44337452417838,1
1735,57.89116666666667,94.08879280090332,,,,,,,,,,,,,,,,,,,,0.4298660457134247,0.5594531893730164,-0.007626470644026995,0.9998285174369812,0.3808087408542633,0.6373283267021179,-0.49362024664878845,0.9145938158035278,0.37311774492263794,0.7284796237945557,-0.2934255599975586,0.8779974579811096,0.3547588288784027,0.7610177397727966,-0.5324646830558777,0.8905273675918579,forward,34.41189176596087,1
1736,57.924533333333336,94.94972229003906,,,,,,,,,,,,,,,,,,,,0.42986851930618286,0.5572388768196106,-0.007420656271278858,0.9998332858085632,0.3815578520298004,0.6358709931373596,-0.4684785306453705,0.9215449690818787,0.37291890382766724,0.7284946441650391,-0.28280937671661377,0.8876268863677979,0.3547109365463257,0.761177122592926,-0.5130806565284729,0.8989903926849365,forward,37.078693037528666,1
1737,57.9579,94.59090232849121,,,,,,,,,,,,,,,,,,,,0.4301306903362274,0.5544120669364929,-0.007058282382786274,0.9998390674591064,0.38284602761268616,0.6355301737785339,-0.45713773369789124,0.9284288287162781,0.37249624729156494,0.7284784317016602,-0.25285154581069946,0.8969600200653076,0.3547077178955078,0.7613035440444946,-0.4887230098247528,0.9074722528457642,forward,35.67304149826644,1
1738,57.99126666666667,93.7798023223877,,,,,,,,,,,,,,,,,,,,0.430156946182251,0.551662802696228,-0.0067420038394629955,0.9998472929000854,0.38395747542381287,0.6350553631782532,-0.46649396419525146,0.9347448945045471,0.3723289370536804,0.7284509539604187,-0.2495768517255783,0.9057267308235168,0.3544327914714813,0.7615193128585815,-0.4934251010417938,0.9154629707336426,forward,34.58633365667554,1
1739,58.024633333333334,97.37920761108398,,,,,,,,,,,,,,,,,,,,0.4302675127983093,0.5487002730369568,-0.006705035455524921,0.9998542070388794,0.38405027985572815,0.6344427466392517,-0.46384239196777344,0.9400871396064758,0.37224483489990234,0.7284484505653381,-0.23800073564052582,0.913215696811676,0.35442158579826355,0.7616323828697205,-0.4889809489250183,0.9222151637077332,forward,34.23723024825688,1
1740,58.058,107.40184783935547,,,,,,,,,,,,,,,,,,,,0.430461585521698,0.5454423427581787,-0.009911681525409222,0.9998558163642883,0.38410356640815735,0.6340092420578003,-0.40599966049194336,0.9326997995376587,0.37187784910202026,0.7284515500068665,-0.1972213089466095,0.913589358329773,0.35463041067123413,0.761798083782196,-0.4422697126865387,0.9195228219032288,forward,38.10466167657575,1
1741,58.091366666666666,109.74311828613281,,,,,,,,,,,,,,,,,,,,0.43073970079421997,0.5430972576141357,-0.010958584025502205,0.9998542070388794,0.3843623101711273,0.6324787139892578,-0.35256054997444153,0.9184992909431458,0.37177976965904236,0.7284557223320007,-0.1527157872915268,0.9122433066368103,0.35406115651130676,0.7621516585350037,-0.3796171247959137,0.9124310612678528,forward,41.63420547958013,1
1742,58.12473333333333,94.08307075500488,,,,,,,,,,,,,,,,,,,,0.4310968816280365,0.5406430959701538,-0.010560266673564911,0.9998494386672974,0.3843713700771332,0.6317641735076904,-0.2863602936267853,0.8885688781738281,0.37171369791030884,0.7284582257270813,-0.09086931496858597,0.9029136896133423,0.35385337471961975,0.7623757123947144,-0.29765790700912476,0.8954957127571106,forward,46.16421303512332,1
1743,58.158100000000005,94.00010108947754,,,,,,,,,,,,,,,,,,,,0.4312094748020172,0.5388333797454834,-0.010612980462610722,0.9998524188995361,0.384342759847641,0.6311493515968323,-0.32267624139785767,0.8781970739364624,0.37168583273887634,0.7284724116325378,-0.12064498662948608,0.9014822840690613,0.3535831570625305,0.7623866200447083,-0.3327800929546356,0.8899017572402954,forward,43.61142556732654,1
1744,58.19146666666667,93.3377742767334,,,,,,,,,,,,,,,,,,,,0.4312242269515991,0.5366562604904175,-0.011399214155972004,0.9998511672019958,0.38434934616088867,0.6308737397193909,-0.25639593601226807,0.8574503064155579,0.3716026544570923,0.7284301519393921,-0.05679570138454437,0.8964583873748779,0.35320308804512024,0.7623811960220337,-0.26532766222953796,0.8783712387084961,forward,48.763490768045145,1
1745,58.224833333333336,93.9180850982666,,,,,,,,,,,,,,,,,,,,0.43119823932647705,0.5346620678901672,-0.011224841699004173,0.9998548030853271,0.38461893796920776,0.6308858394622803,-0.19097700715065002,0.8429456353187561,0.37159866094589233,0.7284351587295532,0.0036309263668954372,0.8953026533126831,0.35278651118278503,0.7624163031578064,-0.20802253484725952,0.8730513453483582,forward,56.778151445812895,1
1746,58.2582,93.97220611572266,,,,,,,,,,,,,,,,,,,,0.431174635887146,0.5336600542068481,-0.01140649989247322,0.9998561143875122,0.38469117879867554,0.6310346126556396,-0.12765303254127502,0.8188642263412476,0.37158679962158203,0.7284488677978516,0.07224056869745255,0.8908060789108276,0.3521694839000702,0.762433648109436,-0.1296129822731018,0.862392008304596,forward,68.16197462749102,1
1747,58.29156666666667,93.56403350830078,,,,,,,,,,,,,,,,,,,,0.4306993782520294,0.5324100255966187,-0.01208408921957016,0.9998614192008972,0.3849797248840332,0.631225049495697,-0.08105439692735672,0.8029270172119141,0.3715451657772064,0.7284947633743286,0.09549131989479065,0.8885496854782104,0.35217180848121643,0.7624345421791077,-0.09645562618970871,0.8556268811225891,forward,85.7038377689747,1
1748,58.324933333333334,94.24591064453125,,,,,,,,,,,,,,,,,,,,0.43027758598327637,0.5311673879623413,-0.015048255212605,0.9998653531074524,0.3869200050830841,0.6313093900680542,-0.07980509102344513,0.7832373976707458,0.37148258090019226,0.7284873127937317,0.09510155767202377,0.8840306997299194,0.3526374101638794,0.7624339461326599,-0.10103010386228561,0.8460795283317566,forward,87.91725854897662,1
1749,58.3583,93.34492683410645,,,,,,,,,,,,,,,,,,,,0.4300985634326935,0.5312966108322144,-0.015416653826832771,0.9998688697814941,0.3893623948097229,0.6313626766204834,-0.055682625621557236,0.7692906260490417,0.3714824318885803,0.7284608483314514,0.12381777167320251,0.8825709223747253,0.3537887632846832,0.7622423768043518,-0.07702675461769104,0.8405687808990479,forward,97.82736271085045,1
1750,58.391666666666666,94.3610668182373,,,,,,,,,,,,,,,,,,,,0.4300214648246765,0.5306748151779175,-0.015287289395928383,0.9998714327812195,0.3909640312194824,0.6314184665679932,-0.04753457009792328,0.7542122602462769,0.3714950680732727,0.7282752990722656,0.14019396901130676,0.8805832266807556,0.3540879189968109,0.7619799971580505,-0.053703926503658295,0.8348544836044312,forward,100.75644275102835,1
1751,58.42503333333333,94.4509506225586,,,,,,,,,,,,,,,,,,,,0.4300089478492737,0.5295612812042236,-0.01512799970805645,0.9998734593391418,0.3926796615123749,0.631091833114624,-0.049416158348321915,0.7390519380569458,0.37150630354881287,0.7281758189201355,0.08681753277778625,0.8773760795593262,0.3542190492153168,0.7618945837020874,-0.0858682245016098,0.8280479907989502,forward,108.19878827925575,1
1752,58.458400000000005,94.28977966308594,,,,,,,,,,,,,,,,,,,,0.43000125885009766,0.5296245217323303,-0.015039470046758652,0.9998738169670105,0.393932968378067,0.6306735277175903,-0.04204394668340683,0.7237478494644165,0.37153494358062744,0.7280741930007935,0.08281329274177551,0.8745720386505127,0.3545496463775635,0.7618452310562134,-0.08015850186347961,0.8213025331497192,forward,114.28860326312734,1
1753,58.49176666666667,100.56900978088379,,,,,,,,,,,,,,,,,,,,0.4297521114349365,0.5288873910903931,-0.014966415241360664,0.999870240688324,0.3949568271636963,0.6300106048583984,-0.040356140583753586,0.7093435525894165,0.3715689182281494,0.7279262542724609,0.07789941132068634,0.8714534640312195,0.35504454374313354,0.7616458535194397,-0.08927265554666519,0.8146145939826965,forward,116.86155775554373,1
1754,58.525133333333336,94.29407119750977,,,,,,,,,,,,,,,,,,,,0.42961767315864563,0.5285993814468384,-0.01471629273146391,0.9998692870140076,0.39511626958847046,0.6297099590301514,-0.04623683914542198,0.6956162452697754,0.3715687692165375,0.7278442978858948,0.06847438961267471,0.8686665892601013,0.3551558554172516,0.7615426778793335,-0.0909944400191307,0.8089592456817627,forward,114.72824645650262,1
1755,58.5585,93.86014938354492,,,,,,,,,,,,,,,,,,,,0.42936235666275024,0.5284227132797241,-0.014693312346935272,0.9998676776885986,0.3957524299621582,0.6290453672409058,-0.04785902053117752,0.6785293221473694,0.3715706169605255,0.7278208136558533,0.06099413335323334,0.8644223213195801,0.3552626073360443,0.7614141702651978,-0.09901094436645508,0.8019205927848816,forward,115.55144120580421,1
1756,58.59186666666667,92.99516677856445,,,,,,,,,,,,,,,,,,,,0.4290894567966461,0.528096079826355,-0.01661708764731884,0.9998563528060913,0.39583325386047363,0.6288618445396423,-0.057824812829494476,0.6645861268043518,0.3715704381465912,0.7278899550437927,0.05730056390166283,0.8599383234977722,0.355276495218277,0.7613685131072998,-0.11086568981409073,0.7946940660476685,forward,110.18913147289209,1
1757,58.625233333333334,93.08528900146484,,,,,,,,,,,,,,,,,,,,0.42846953868865967,0.5278670191764832,-0.016546111553907394,0.9998517036437988,0.39571288228034973,0.6288918852806091,-0.054984841495752335,0.6588287353515625,0.37155070900917053,0.7281969785690308,0.05564697086811066,0.8591787219047546,0.35533833503723145,0.7613953948020935,-0.11494166404008865,0.7922573089599609,forward,112.72376385707642,1
1758,58.6586,92.71597862243652,,,,,,,,,,,,,,,,,,,,0.42731884121894836,0.5273971557617188,-0.016454385593533516,0.9998511672019958,0.3957153856754303,0.6288830637931824,-0.05406823009252548,0.652280867099762,0.37149864435195923,0.7285299301147461,0.05361713469028473,0.8576509356498718,0.3554455041885376,0.7614306211471558,-0.11766386032104492,0.7893512845039368,forward,114.03044774566379,1
1759,58.691966666666666,93.57118606567383,,,,,,,,,,,,,,,,,,,,0.4260968565940857,0.5266280770301819,-0.016374843195080757,0.9998520016670227,0.3956546485424042,0.6287891864776611,-0.05636535584926605,0.644657552242279,0.3714214265346527,0.7286186814308167,0.049887679517269135,0.8549127578735352,0.35551512241363525,0.7614786028862,-0.11873669177293777,0.7850269675254822,forward,113.41670863689353,1
1760,58.72533333333333,93.36090087890625,,,,,,,,,,,,,,,,,,,,0.4254074990749359,0.5264348387718201,-0.01672504097223282,0.999849796295166,0.3956007957458496,0.6287451982498169,-0.057761050760746,0.6339664459228516,0.37142500281333923,0.7286394238471985,0.05522352084517479,0.8498729467391968,0.3555731773376465,0.7616150975227356,-0.11702188849449158,0.7775444388389587,forward,111.1898855638246,1
1761,58.758700000000005,92.29803085327148,,,,,,,,,,,,,,,,,,,,0.4250059425830841,0.5265206694602966,-0.01669292524456978,0.9998512268066406,0.3955209255218506,0.6286855936050415,-0.05737627297639847,0.6258846521377563,0.3714367151260376,0.7288654446601868,0.05563901737332344,0.8457607626914978,0.35561349987983704,0.7617369890213013,-0.11734950542449951,0.770872175693512,forward,111.37893575314962,1
1762,58.79206666666667,92.74005889892578,,,,,,,,,,,,,,,,,,,,0.4247342050075531,0.5266060829162598,-0.016705403104424477,0.9998500943183899,0.395478218793869,0.6286709904670715,-0.05731552839279175,0.6194344162940979,0.3714973032474518,0.7290565967559814,0.05633779987692833,0.8424665331840515,0.3557887375354767,0.7618131637573242,-0.11815910041332245,0.7656245827674866,forward,111.27356457969213,1
1763,58.825433333333336,92.13685989379883,,,,,,,,,,,,,,,,,,,,0.4245910346508026,0.5266616344451904,-0.016709601506590843,0.9998493194580078,0.3954237103462219,0.628675103187561,-0.05919220671057701,0.6137498021125793,0.37164315581321716,0.7294620871543884,0.052726686000823975,0.8390771150588989,0.355937123298645,0.7619372606277466,-0.12103492021560669,0.760543704032898,forward,110.91365705112275,1
1764,58.8588,93.41311454772949,,,,,,,,,,,,,,,,,,,,0.424487829208374,0.5267089009284973,-0.016745593398809433,0.9998519420623779,0.3953489065170288,0.6287001967430115,-0.06033371016383171,0.6088026165962219,0.3717465400695801,0.7296565771102905,0.03432045876979828,0.8359888195991516,0.35597142577171326,0.7620011568069458,-0.12415052205324173,0.7562976479530334,forward,115.21493928260931,1
1765,58.89216666666667,94.24304962158203,,,,,,,,,,,,,,,,,,,,0.424402117729187,0.5267875790596008,-0.016721393913030624,0.9998539686203003,0.395067036151886,0.6287132501602173,-0.06539347767829895,0.6067314743995667,0.37176769971847534,0.7297679781913757,0.026639452204108238,0.8338667750358582,0.35599014163017273,0.7620546817779541,-0.13262616097927094,0.7523094415664673,forward,113.7013823374838,1
1766,58.925533333333334,94.27618980407715,,,,,,,,,,,,,,,,,,,,0.4243154525756836,0.5272803902626038,-0.016705170273780823,0.9998566508293152,0.3943321406841278,0.6290534138679504,-0.06867623329162598,0.6015039682388306,0.3717767298221588,0.729822039604187,0.029664689674973488,0.8291776180267334,0.35601165890693665,0.7620717883110046,-0.131917804479599,0.7457881569862366,forward,110.21355862367223,1
1767,58.9589,93.79100799560547,,,,,,,,,,,,,,,,,,,,0.42422428727149963,0.5278007388114929,-0.016310954466462135,0.9998573660850525,0.39338311553001404,0.6295788288116455,-0.07058273255825043,0.6007398366928101,0.3717789649963379,0.7298309803009033,0.033112142235040665,0.8273703455924988,0.35601890087127686,0.7620764374732971,-0.12747986614704132,0.7421175837516785,forward,107.52034487680763,1
1768,58.992266666666666,94.41685676574707,,,,,,,,,,,,,,,,,,,,0.42422541975975037,0.5285552144050598,-0.01484487485140562,0.999859094619751,0.39228615164756775,0.6300105452537537,-0.07810623198747635,0.6040675044059753,0.3717488944530487,0.7298313975334167,0.0390147864818573,0.8287122249603271,0.35584935545921326,0.7620790600776672,-0.12663161754608154,0.743125855922699,forward,100.1142393254597,1
1769,59.02563333333333,92.93508529663086,,,,,,,,,,,,,,,,,,,,0.4242279529571533,0.5295087099075317,-0.013949842192232609,0.9998600482940674,0.3909318447113037,0.6305056810379028,-0.08395614475011826,0.6040578484535217,0.3716557025909424,0.7297646999359131,0.06866548210382462,0.8278111815452576,0.3554621934890747,0.7620510458946228,-0.11136800050735474,0.740789532661438,forward,89.95625824394287,1
1770,59.059000000000005,92.67520904541016,,,,,,,,,,,,,,,,,,,,0.42422905564308167,0.5303561091423035,-0.013944528065621853,0.9998632073402405,0.38979867100715637,0.6307923793792725,-0.08929582685232162,0.6117960214614868,0.3715779185295105,0.7297126650810242,0.06423582136631012,0.8317775726318359,0.35497838258743286,0.7619971036911011,-0.11259500682353973,0.7450217604637146,forward,87.58659965551882,1
1771,59.09236666666667,93.2927131652832,,,,,,,,,,,,,,,,,,,,0.4242163300514221,0.5316234827041626,-0.013813677243888378,0.99986332654953,0.3889584243297577,0.6310520768165588,-0.10582894831895828,0.6197064518928528,0.37152692675590515,0.729604959487915,0.031493958085775375,0.8338437676429749,0.35498252511024475,0.7619198560714722,-0.1336093246936798,0.7474383115768433,forward,84.63946639145958,1
1772,59.125733333333336,93.94526481628418,,,,,,,,,,,,,,,,,,,,0.42416661977767944,0.5325600504875183,-0.013823448680341244,0.9998636841773987,0.38808608055114746,0.6315758228302002,-0.1075313538312912,0.6282907128334045,0.3714812397956848,0.7295817732810974,0.03599385917186737,0.8373072147369385,0.35499975085258484,0.7619191408157349,-0.12935622036457062,0.7516489624977112,forward,82.6582042863207,1
1773,59.1591,93.90377998352051,,,,,,,,,,,,,,,,,,,,0.42414718866348267,0.5336377620697021,-0.013736321590840816,0.9998624920845032,0.3868500590324402,0.6316990256309509,-0.11870072036981583,0.6422793865203857,0.3714791238307953,0.7294756174087524,0.03791306912899017,0.8443683981895447,0.35496827960014343,0.7619160413742065,-0.1296403706073761,0.7611256837844849,forward,76.802248988759,1
1774,59.19246666666667,94.60616111755371,,,,,,,,,,,,,,,,,,,,0.42412111163139343,0.5344961881637573,-0.011335203424096107,0.9998630285263062,0.3857097327709198,0.6317504048347473,-0.13017413020133972,0.6544610857963562,0.3715299963951111,0.7294425368309021,0.010382578708231449,0.8504100441932678,0.35486313700675964,0.7618909478187561,-0.1625872701406479,0.7697345018386841,forward,75.82492247039325,1
1775,59.225833333333334,94.21968460083008,,,,,,,,,,,,,,,,,,,,0.4241294264793396,0.5359613299369812,-0.01074026245623827,0.9998573660850525,0.3848749101161957,0.6317625045776367,-0.1593737155199051,0.6660139560699463,0.3714759051799774,0.7293346524238586,-0.014342443086206913,0.8557831645011902,0.35476061701774597,0.7616800665855408,-0.1967143416404724,0.7780135273933411,forward,68.41342235215518,1
1776,59.2592,93.11580657958984,,,,,,,,,,,,,,,,,,,,0.4242185950279236,0.5376206040382385,-0.009322796948254108,0.9998584389686584,0.3838847875595093,0.6318396329879761,-0.1654353141784668,0.6798549890518188,0.37147608399391174,0.7292888760566711,-0.02407844178378582,0.8624839782714844,0.3547532260417938,0.7615737915039062,-0.20879407227039337,0.788021445274353,forward,67.33897089086136,1
1777,59.292566666666666,93.92905235290527,,,,,,,,,,,,,,,,,,,,0.42420855164527893,0.5393392443656921,-0.009326323866844177,0.9998598098754883,0.3828648328781128,0.6321189403533936,-0.1953148990869522,0.6888353228569031,0.37149032950401306,0.7292851209640503,-0.02833552099764347,0.866841197013855,0.3547169864177704,0.7615898251533508,-0.2157851755619049,0.7943053245544434,forward,58.26651813683167,1
1778,59.32593333333333,94.18702125549316,,,,,,,,,,,,,,,,,,,,0.42419999837875366,0.5410766005516052,-0.009310531429946423,0.9998605847358704,0.3816198706626892,0.6334390044212341,-0.19959881901741028,0.6889984607696533,0.37149715423583984,0.7292887568473816,-0.017142247408628464,0.8670313358306885,0.35467010736465454,0.7615379691123962,-0.2083313763141632,0.7953540086746216,forward,55.15951192650199,1
1779,59.359300000000005,93.0778980255127,,,,,,,,,,,,,,,,,,,,0.4242033064365387,0.543819785118103,-0.00993097759783268,0.9998602867126465,0.38004857301712036,0.6363439559936523,-0.21415208280086517,0.6890232563018799,0.37155407667160034,0.729388952255249,-0.018204044550657272,0.8678677678108215,0.3547307848930359,0.7618246078491211,-0.21312178671360016,0.7969177961349487,forward,51.27454444056925,1
1780,59.39266666666667,93.44100952148438,,,,,,,,,,,,,,,,,,,,0.4242732524871826,0.5461959838867188,-0.010498273186385632,0.9998559355735779,0.37842342257499695,0.6381754279136658,-0.23254425823688507,0.6852214336395264,0.3715244233608246,0.7293881773948669,-0.03769662231206894,0.8656892776489258,0.3544270396232605,0.7618333101272583,-0.2340872436761856,0.7944129705429077,forward,48.99064846734186,1
1781,59.426033333333336,93.6121940612793,,,,,,,,,,,,,,,,,,,,0.42435482144355774,0.5483241677284241,-0.009682778269052505,0.9998590350151062,0.3778468072414398,0.6386624574661255,-0.30384546518325806,0.7059738636016846,0.3714437484741211,0.7293944954872131,-0.07723284512758255,0.8730728030204773,0.3525974154472351,0.7619153261184692,-0.29025447368621826,0.8077174425125122,forward,40.056977868733306,1
1782,59.4594,93.8112735748291,,,,,,,,,,,,,,,,,,,,0.4245154857635498,0.5505245923995972,-0.009262601844966412,0.9998568296432495,0.37728580832481384,0.6383083462715149,-0.3661425709724426,0.7249982357025146,0.37112998962402344,0.7294535040855408,-0.1497795581817627,0.8795353770256042,0.3514130711555481,0.7620611786842346,-0.36654436588287354,0.8186594247817993,forward,37.626571192284075,1
1783,59.49276666666667,93.88184547424316,,,,,,,,,,,,,,,,,,,,0.4248053729534149,0.5527884364128113,-0.004529215861111879,0.9998618364334106,0.3762480914592743,0.6381322145462036,-0.35757094621658325,0.7510400414466858,0.3710050880908966,0.7294612526893616,-0.15121780335903168,0.8897746205329895,0.3508957028388977,0.7620236277580261,-0.3715030252933502,0.8351213335990906,forward,38.422228407250664,1
1784,59.526133333333334,94.66195106506348,,,,,,,,,,,,,,,,,,,,0.4248262047767639,0.5549587607383728,-0.003861234290525317,0.99986732006073,0.3754461705684662,0.6380624771118164,-0.4178379476070404,0.7751487493515015,0.3709898293018341,0.7294847965240479,-0.21297048032283783,0.8994092345237732,0.35083797574043274,0.7619372010231018,-0.44356822967529297,0.8505309820175171,forward,36.182065679806584,1
1785,59.5595,93.59192848205566,,,,,,,,,,,,,,,,,,,,0.4252317249774933,0.5568954348564148,-0.0032884031534194946,0.9998718500137329,0.37449315190315247,0.6381039023399353,-0.4204942286014557,0.7957534790039062,0.3709874451160431,0.7294996380805969,-0.23372772336006165,0.9067549705505371,0.35067641735076904,0.7618988156318665,-0.4587455093860626,0.8632704615592957,forward,37.818711480319486,1
1786,59.592866666666666,93.29724311828613,,,,,,,,,,,,,,,,,,,,0.42533159255981445,0.5596170425415039,-0.0032659240532666445,0.999875009059906,0.37335920333862305,0.638205349445343,-0.4642443358898163,0.8154475092887878,0.37105417251586914,0.7294785380363464,-0.25087830424308777,0.9145475625991821,0.35085538029670715,0.7618371248245239,-0.4772600531578064,0.8757859468460083,forward,33.49277489386887,1
1787,59.62623333333333,93.23000907897949,,,,,,,,,,,,,,,,,,,,0.4257412254810333,0.5611985325813293,-0.003374710911884904,0.9998745322227478,0.3717955946922302,0.638985276222229,-0.4776541292667389,0.8329764604568481,0.37115877866744995,0.7294436097145081,-0.21332982182502747,0.9209175109863281,0.35087037086486816,0.7618247270584106,-0.43526846170425415,0.8864521384239197,forward,28.896400080600806,1
1788,59.6596,93.09697151184082,,,,,,,,,,,,,,,,,,,,0.42591071128845215,0.5637805461883545,-0.003503409679979086,0.9998760223388672,0.3705568015575409,0.6400776505470276,-0.49609073996543884,0.8490530252456665,0.37137994170188904,0.7294536828994751,-0.21154363453388214,0.9269489645957947,0.35152849555015564,0.7618091702461243,-0.43071383237838745,0.8963658809661865,forward,26.905349932636422,1
1789,59.69296666666667,94.25091743469238,,,,,,,,,,,,,,,,,,,,0.42597922682762146,0.5656310319900513,-0.0006689834990538657,0.9998773336410522,0.3700301945209503,0.6403815746307373,-0.5367069840431213,0.8634107112884521,0.37169042229652405,0.7297102808952332,-0.32455554604530334,0.9319522976875305,0.3515929877758026,0.7618207931518555,-0.5669521689414978,0.9052114486694336,forward,31.199571862302808,1
1790,59.726333333333336,92.9100513458252,,,,,,,,,,,,,,,,,,,,0.42597976326942444,0.5672891736030579,0.001668505254201591,0.9998764395713806,0.36915984749794006,0.6414068341255188,-0.5219816565513611,0.8756896257400513,0.372465044260025,0.7301761507987976,-0.31170418858528137,0.9346392750740051,0.3519715964794159,0.7618191838264465,-0.5477428436279297,0.9120352268218994,forward,31.32567590961024,1
1791,59.7597,94.00200843811035,,,,,,,,,,,,,,,,,,,,0.42591366171836853,0.569568932056427,0.0024203022476285696,0.9998756051063538,0.36841416358947754,0.6419936418533325,-0.5317704081535339,0.8868098855018616,0.3730611503124237,0.7304550409317017,-0.30341970920562744,0.9375750422477722,0.3524365723133087,0.7617810964584351,-0.539604902267456,0.9182941317558289,forward,29.260396409947685,1
1792,59.79306666666667,94.73109245300293,,,,,,,,,,,,,,,,,,,,0.4258703887462616,0.5715495347976685,0.0034658850636333227,0.9998770356178284,0.3677656054496765,0.6425299048423767,-0.5317109823226929,0.8973932266235352,0.373069703578949,0.7305044531822205,-0.2884787321090698,0.9418900609016418,0.35228046774864197,0.7616794109344482,-0.5212422609329224,0.9250144958496094,forward,27.821018334748583,1
1793,59.826433333333334,94.92611885070801,,,,,,,,,,,,,,,,,,,,0.4257933497428894,0.5736361145973206,0.003599733579903841,0.9998772144317627,0.3671605885028839,0.6429266333580017,-0.5553305745124817,0.9064628481864929,0.3730352818965912,0.7305209040641785,-0.3050747811794281,0.9442880153656006,0.35227498412132263,0.7614933252334595,-0.5444217324256897,0.9302234649658203,forward,26.709521253476165,1
1794,59.8598,95.3369140625,,,,,,,,,,,,,,,,,,,,0.425740510225296,0.5752083659172058,0.0035203134175390005,0.999877393245697,0.36657413840293884,0.6436160802841187,-0.5361215472221375,0.9147862195968628,0.3729267120361328,0.73051917552948,-0.283115029335022,0.9469530582427979,0.3523433804512024,0.761488139629364,-0.5142611861228943,0.9350926876068115,forward,26.561264338719546,1
1795,59.893166666666666,94.36798095703125,,,,,,,,,,,,,,,,,,,,0.4257165491580963,0.5770596265792847,0.0034484039060771465,0.9998762607574463,0.3659556210041046,0.6445001363754272,-0.5396570563316345,0.9221003651618958,0.3728952407836914,0.7305442094802856,-0.2727017104625702,0.9487394094467163,0.3527314066886902,0.7613950371742249,-0.504593014717102,0.9391125440597534,forward,25.34115390204868,1
1796,59.92653333333333,93.45507621765137,,,,,,,,,,,,,,,,,,,,0.4256798326969147,0.5782226920127869,0.003308839863166213,0.9998731017112732,0.365420401096344,0.6456424593925476,-0.537126362323761,0.928622841835022,0.37268489599227905,0.7306814789772034,-0.2687189280986786,0.9503247737884521,0.35274538397789,0.7614290714263916,-0.501529335975647,0.9425106644630432,forward,25.09555883473019,1
1797,59.9599,93.03998947143555,,,,,,,,,,,,,,,,,,,,0.42567893862724304,0.5794187784194946,0.0032081524841487408,0.9998732209205627,0.3651982843875885,0.6459389925003052,-0.5318294763565063,0.9347968101501465,0.3725564181804657,0.7306848764419556,-0.25764721632003784,0.9526218175888062,0.3530663549900055,0.7614467144012451,-0.4867294728755951,0.9460945129394531,forward,24.694563383519785,1
1798,59.99326666666667,92.5130844116211,,,,,,,,,,,,,,,,,,,,0.42558589577674866,0.5811757445335388,0.0029688270296901464,0.9998748302459717,0.36521396040916443,0.6462372541427612,-0.5409078598022461,0.9406478404998779,0.37234094738960266,0.7308798432350159,-0.26363101601600647,0.9554603695869446,0.35326847434043884,0.7616353631019592,-0.4996461570262909,0.9499959349632263,forward,24.23213620703701,1
1799,60.026633333333336,93.01900863647461,,,,,,,,,,,,,,,,,,,,0.42538630962371826,0.5815001726150513,0.0025744889862835407,0.9998756051063538,0.3652757704257965,0.6465508937835693,-0.5329585671424866,0.9456177949905396,0.3721887469291687,0.7308303713798523,-0.23811271786689758,0.9569344520568848,0.3532915413379669,0.761661171913147,-0.45793914794921875,0.9525790810585022,forward,23.374437283282838,1
1800,60.06,92.58222579956055,,,,,,,,,,,,,,,,,,,,0.4253239929676056,0.5828164219856262,0.0022182168904691935,0.9998759627342224,0.3653131127357483,0.6469328999519348,-0.5367481112480164,0.9504275321960449,0.37201550602912903,0.7308180332183838,-0.23991645872592926,0.9593320488929749,0.35338276624679565,0.761658251285553,-0.4659545123577118,0.9557741284370422,forward,23.070174393695428,1
1801,60.09336666666667,94.14386749267578,,,,,,,,,,,,,,,,,,,,0.425285279750824,0.5835288763046265,0.002184372628107667,0.9998770356178284,0.36535367369651794,0.6472829580307007,-0.5339544415473938,0.954749345779419,0.37199100852012634,0.7307989597320557,-0.23752808570861816,0.9615176320075989,0.3533828556537628,0.7616453766822815,-0.4626474976539612,0.9587147831916809,forward,23.030556877136664,1
1802,60.126733333333334,93.75166893005371,,,,,,,,,,,,,,,,,,,,0.4252218008041382,0.5838398337364197,0.002142644254490733,0.9998806118965149,0.3653697371482849,0.6473715305328369,-0.5401979684829712,0.9589046239852905,0.37198588252067566,0.7307925820350647,-0.2390051931142807,0.9641233086585999,0.3533692955970764,0.7615242600440979,-0.46685218811035156,0.9618676900863647,forward,22.675335284777184,1
1803,60.1601,117.91205406188965,,,,,,,,,,,,,,,,,,,,0.425227552652359,0.5839313864707947,0.002108055166900158,0.9998812675476074,0.36540237069129944,0.6476266980171204,-0.540635883808136,0.962696373462677,0.3719998598098755,0.7307395935058594,-0.24098439514636993,0.9664497971534729,0.3531472086906433,0.7615190148353577,-0.4624304175376892,0.9647007584571838,forward,22.705444997315777,1
1804,60.193466666666666,91.50004386901855,,,,,,,,,,,,,,,,,,,,0.4252440333366394,0.5836452841758728,0.002089525107294321,0.9998794794082642,0.3654552102088928,0.6475813388824463,-0.5392240285873413,0.9660471677780151,0.3720027804374695,0.7306105494499207,-0.2444423884153366,0.9683673977851868,0.3530973792076111,0.7615185976028442,-0.4647701382637024,0.9670811295509338,forward,22.969507334800863,1
1805,60.22683333333333,93.22810173034668,,,,,,,,,,,,,,,,,,,,0.4252442717552185,0.5832321643829346,0.0020046031568199396,0.9998776912689209,0.36560294032096863,0.6475592255592346,-0.5377594828605652,0.9688910841941833,0.3720006048679352,0.7305454015731812,-0.2518121898174286,0.9698473215103149,0.35329246520996094,0.7615184783935547,-0.4740014970302582,0.9689767360687256,forward,23.467997262144557,1
1806,60.2602,94.33698654174805,,,,,,,,,,,,,,,,,,,,0.4252420961856842,0.5830310583114624,0.0013299643760547042,0.9998765587806702,0.36568933725357056,0.6476170420646667,-0.5322756767272949,0.9712226390838623,0.37202343344688416,0.7305086851119995,-0.2416355311870575,0.9706208109855652,0.35347458720207214,0.7615307569503784,-0.4599636197090149,0.9700887799263,forward,23.331265859487573,1
1807,60.29356666666667,93.62101554870605,,,,,,,,,,,,,,,,,,,,0.4252476096153259,0.5827909111976624,-0.0011373130837455392,0.999873161315918,0.365780234336853,0.647631824016571,-0.5322169661521912,0.9728335738182068,0.3721280097961426,0.7304543852806091,-0.24218973517417908,0.9709030985832214,0.35354915261268616,0.7615417242050171,-0.46107223629951477,0.9704022407531738,forward,23.41098092771233,1
1808,60.326933333333336,94.19012069702148,,,,,,,,,,,,,,,,,,,,0.4252210259437561,0.5819063186645508,-0.0015934627735987306,0.999869167804718,0.3658824861049652,0.6476504802703857,-0.5203679203987122,0.9741609692573547,0.37228384613990784,0.7303920388221741,-0.23776008188724518,0.9709065556526184,0.3536405563354492,0.7615402936935425,-0.4540502727031708,0.9704919457435608,forward,24.054181817477676,1
1809,60.3603,94.01512145996094,,,,,,,,,,,,,,,,,,,,0.42506223917007446,0.5798706412315369,-0.002676771255210042,0.9998648166656494,0.3660009801387787,0.6476377844810486,-0.5058737993240356,0.9744053483009338,0.3723152279853821,0.7302120923995972,-0.228244811296463,0.9693464040756226,0.35367581248283386,0.7615407109260559,-0.4444124102592468,0.9689255952835083,forward,24.75962395503924,1
1810,60.39366666666667,93.13488006591797,,,,,,,,,,,,,,,,,,,,0.424927681684494,0.5771269202232361,-0.0026043637190014124,0.9998632073402405,0.36629459261894226,0.647642970085144,-0.4865419268608093,0.9748837947845459,0.37232452630996704,0.7301936745643616,-0.222197487950325,0.9682554006576538,0.3533620238304138,0.7615375518798828,-0.43592745065689087,0.9681455492973328,forward,26.16204497427546,1
1811,60.427033333333334,92.31305122375488,,,,,,,,,,,,,,,,,,,,0.4249371290206909,0.5729484558105469,-0.002235939260572195,0.9998685121536255,0.3672460913658142,0.6470383405685425,-0.47919702529907227,0.9758821725845337,0.37235620617866516,0.7299932241439819,-0.22305148839950562,0.968561053276062,0.35324567556381226,0.7614210247993469,-0.44099172949790955,0.9687724113464355,forward,27.30606618553782,1
1812,60.4604,92.52595901489258,,,,,,,,,,,,,,,,,,,,0.42496177554130554,0.568699300289154,-0.002201165771111846,0.9998688101768494,0.3679252564907074,0.6460078954696655,-0.47269466519355774,0.9769878387451172,0.37266722321510315,0.729762852191925,-0.2156219333410263,0.9691144824028015,0.3530397415161133,0.7614202499389648,-0.4301721751689911,0.9694520235061646,forward,27.912636347787316,1
1813,60.493766666666666,93.58096122741699,,,,,,,,,,,,,,,,,,,,0.42493289709091187,0.5657530426979065,-0.0025529107078909874,0.9998696446418762,0.36877867579460144,0.6438571810722351,-0.48033544421195984,0.977596640586853,0.3729226291179657,0.7297355532646179,-0.25272470712661743,0.968788206577301,0.35309791564941406,0.7614200115203857,-0.48185357451438904,0.9694638252258301,forward,30.40403458480313,1
1814,60.52713333333333,93.50395202636719,,,,,,,,,,,,,,,,,,,,0.42494577169418335,0.5626755356788635,-0.002661521313712001,0.9998720288276672,0.36965411901474,0.641804039478302,-0.48334023356437683,0.979000449180603,0.37292173504829407,0.7297154068946838,-0.2566002905368805,0.9699830412864685,0.3526334762573242,0.7614123225212097,-0.4824114143848419,0.9709024429321289,forward,30.994702866879088,1
1815,60.5605,93.25599670410156,,,,,,,,,,,,,,,,,,,,0.42499902844429016,0.5587946176528931,-0.0052132499404251575,0.9998760223388672,0.3707125782966614,0.6400808691978455,-0.48534032702445984,0.9804717302322388,0.37289389967918396,0.7296305894851685,-0.2546628713607788,0.9716469049453735,0.3521033525466919,0.7613580822944641,-0.4842888116836548,0.9726590514183044,forward,31.307769520826383,1
1816,60.59386666666667,93.8100814819336,,,,,,,,,,,,,,,,,,,,0.4250991642475128,0.5551918745040894,-0.006253081373870373,0.9998801350593567,0.3725318908691406,0.6389939785003662,-0.44308948516845703,0.981512725353241,0.37250816822052,0.729266881942749,-0.21236754953861237,0.973006010055542,0.35210713744163513,0.7613531947135925,-0.4446476995944977,0.9740374684333801,forward,32.85211158973459,1
1817,60.627233333333336,94.01583671569824,,,,,,,,,,,,,,,,,,,,0.4251471757888794,0.5514823794364929,-0.0060124448500573635,0.9998860359191895,0.37443289160728455,0.6371365189552307,-0.4454658329486847,0.9826236963272095,0.3722584843635559,0.7291395664215088,-0.2171017974615097,0.9744285345077515,0.3521539866924286,0.7613456845283508,-0.4517105519771576,0.9755921959877014,forward,33.63610024792328,1
1818,60.6606,93.77098083496094,,,,,,,,,,,,,,,,,,,,0.42518553137779236,0.5479459166526794,-0.0059638009406626225,0.9998903870582581,0.3763163089752197,0.6354879140853882,-0.44062939286231995,0.9834794402122498,0.3719736635684967,0.7289146184921265,-0.20919674634933472,0.9755437970161438,0.35215452313423157,0.7613121867179871,-0.44963139295578003,0.9768408536911011,forward,34.09866243052997,1
1819,60.69396666666667,93.45006942749023,,,,,,,,,,,,,,,,,,,,0.4251668453216553,0.5447010397911072,-0.006669583730399609,0.9998934864997864,0.37783950567245483,0.6340158581733704,-0.3980683982372284,0.9811606407165527,0.3715256452560425,0.7286876440048218,-0.18008683621883392,0.9736946225166321,0.3521578013896942,0.761229932308197,-0.4135183095932007,0.97455233335495,forward,37.18545594437652,1
1820,60.727333333333334,92.4537181854248,,,,,,,,,,,,,,,,,,,,0.4251611530780792,0.5424342751502991,-0.00775163434445858,0.9998937249183655,0.37840551137924194,0.6335557103157043,-0.3119335472583771,0.9625944495201111,0.3710956275463104,0.7286926507949829,-0.10872326791286469,0.9676485657691956,0.3521789014339447,0.7614565491676331,-0.32100236415863037,0.9633827209472656,forward,42.87789647363794,1
1821,60.7607,93.3990478515625,,,,,,,,,,,,,,,,,,,,0.42518019676208496,0.540239691734314,-0.008284100331366062,0.9998960494995117,0.3786727488040924,0.6335393786430359,-0.2720921039581299,0.9487581849098206,0.3706415593624115,0.7286952137947083,-0.0621723048388958,0.9633103013038635,0.3519726097583771,0.7617546319961548,-0.2667974829673767,0.9547620415687561,forward,45.16086839100902,1
1822,60.794066666666666,93.65701675415039,,,,,,,,,,,,,,,,,,,,0.42545273900032043,0.5376606583595276,-0.008164065890014172,0.9998965859413147,0.3795996904373169,0.6328138709068298,-0.22680512070655823,0.9336524605751038,0.3705238401889801,0.7286924123764038,-0.019727859646081924,0.9574087262153625,0.35191306471824646,0.7619278430938721,-0.2125123143196106,0.9446645379066467,forward,49.87699073167451,1
1823,60.82743333333333,94.66814994812012,,,,,,,,,,,,,,,,,,,,0.42550888657569885,0.5363064408302307,-0.008405566215515137,0.9998985528945923,0.38138601183891296,0.6307460069656372,-0.28635266423225403,0.9306231737136841,0.37035754323005676,0.7287214398384094,-0.07164613157510757,0.9542315602302551,0.3519957363605499,0.761961817741394,-0.2685898244380951,0.9401240944862366,forward,44.59987238518851,1
1824,60.8608,92.12708473205566,,,,,,,,,,,,,,,,,,,,0.42560067772865295,0.5352872610092163,-0.00870196707546711,0.9999011158943176,0.38247379660606384,0.6302226781845093,-0.242872953414917,0.9265909790992737,0.3703770041465759,0.7287197709083557,-0.018910463899374008,0.949865996837616,0.3522472381591797,0.7619922757148743,-0.19988290965557098,0.9343879818916321,forward,47.313548765205425,1
1825,60.89416666666667,92.85187721252441,,,,,,,,,,,,,,,,,,,,0.4256114661693573,0.5335561037063599,-0.008651085197925568,0.9999043941497803,0.38354045152664185,0.6300361752510071,-0.2113126814365387,0.9274080991744995,0.3703681528568268,0.7285342812538147,0.012926116585731506,0.9496219754219055,0.3527069687843323,0.7619916200637817,-0.1682194322347641,0.9341309070587158,forward,50.81778818098156,1
1826,60.927533333333336,94.4209098815918,,,,,,,,,,,,,,,,,,,,0.4256160259246826,0.533013641834259,-0.007853012531995773,0.9999077916145325,0.384452760219574,0.630168080329895,-0.17314915359020233,0.9282063841819763,0.37043365836143494,0.7283316254615784,0.05561976879835129,0.9492883682250977,0.3528881371021271,0.7619396448135376,-0.12025420367717743,0.9339411854743958,forward,55.491491944567045,1
1827,60.9609,93.84393692016602,,,,,,,,,,,,,,,,,,,,0.42563220858573914,0.5323246121406555,-0.007881649769842625,0.9999109506607056,0.3853544294834137,0.6303020715713501,-0.13005460798740387,0.9297852516174316,0.3704502284526825,0.7283281087875366,0.0927695706486702,0.9500477313995361,0.3529154658317566,0.7618747353553772,-0.08003430813550949,0.9346356987953186,forward,64.43553677306043,1
1828,60.99426666666667,93.01185607910156,,,,,,,,,,,,,,,,,,,,0.425455778837204,0.5319997072219849,-0.007040906231850386,0.9999140501022339,0.3861043453216553,0.6302827596664429,-0.11800768971443176,0.9326344132423401,0.3705982267856598,0.7283155918121338,0.077617347240448,0.9514346122741699,0.35291364789009094,0.7618420720100403,-0.08000953495502472,0.9360607862472534,forward,70.07959620963895,1
1829,61.027633333333334,94.72012519836426,,,,,,,,,,,,,,,,,,,,0.42525514960289,0.5317866206169128,-0.006682197563350201,0.9999157786369324,0.38658562302589417,0.6303979754447937,-0.0943562388420105,0.9311037659645081,0.37064695358276367,0.7283334732055664,0.07525809854269028,0.9502279162406921,0.3529032766819,0.7618404030799866,-0.08556719869375229,0.9342842698097229,forward,80.20451545034341,1
1830,61.061,123.62384796142578,,,,,,,,,,,,,,,,,,,,0.4249756932258606,0.5320156812667847,-0.006113157141953707,0.99991774559021,0.38717880845069885,0.630222737789154,-0.08670912683010101,0.9312176704406738,0.37074771523475647,0.7283633351325989,0.05330941826105118,0.950065553188324,0.3530275225639343,0.7618013620376587,-0.09953413903713226,0.9340320229530334,forward,87.4177790080894,1
1831,61.094366666666666,102.49972343444824,,,,,,,,,,,,,,,,,,,,0.42457446455955505,0.5320131778717041,-0.005680948495864868,0.9999188184738159,0.38749733567237854,0.6299401521682739,-0.07979561388492584,0.9311500191688538,0.37081390619277954,0.7283679246902466,0.05138567462563515,0.9496285319328308,0.35329607129096985,0.7617923617362976,-0.09661825001239777,0.9329214692115784,forward,91.4492282650407,1
1832,61.12773333333333,94.89202499389648,,,,,,,,,,,,,,,,,,,,0.42430856823921204,0.5317508578300476,-0.005651415325701237,0.9999192953109741,0.38790661096572876,0.6300041079521179,-0.06993013620376587,0.9301202297210693,0.3708355724811554,0.7284154891967773,0.06035611033439636,0.9478349089622498,0.353741317987442,0.7617925405502319,-0.07048000395298004,0.9301986694335938,forward,95.4481965383822,1
1833,61.1611,93.78790855407715,,,,,,,,,,,,,,,,,,,,0.4242742359638214,0.5314754247665405,-0.005583302117884159,0.9999207854270935,0.38835608959198,0.630020260810852,-0.07084470987319946,0.9298508763313293,0.3708413541316986,0.7285360097885132,0.05389582738280296,0.9473334550857544,0.35411348938941956,0.7617881298065186,-0.08569793403148651,0.9292383790016174,forward,96.38412282414544,1
1834,61.19446666666667,95.0460433959961,,,,,,,,,,,,,,,,,,,,0.42415109276771545,0.5314027070999146,-0.0056310780346393585,0.9999204277992249,0.3890824317932129,0.6300563812255859,-0.06655275821685791,0.9289836883544922,0.37084466218948364,0.7286825776100159,0.057643402367830276,0.945991039276123,0.35441339015960693,0.76178377866745,-0.0797819271683693,0.9269973635673523,forward,98.33482132576945,1
1835,61.227833333333336,93.59192848205566,,,,,,,,,,,,,,,,,,,,0.4240473210811615,0.5312602519989014,-0.005259586498141289,0.9999202489852905,0.3896585702896118,0.6300760507583618,-0.05810292437672615,0.9279375076293945,0.37084823846817017,0.7287176847457886,0.0636303648352623,0.9444617629051208,0.3548353612422943,0.7617443799972534,-0.06918802857398987,0.924976646900177,forward,102.36626509378102,1
1836,61.2612,93.19400787353516,,,,,,,,,,,,,,,,,,,,0.42398759722709656,0.5309882760047913,-0.00484559778124094,0.9999197125434875,0.3900992274284363,0.630102276802063,-0.047416649758815765,0.925871729850769,0.3708598017692566,0.7287724018096924,0.07123874872922897,0.9425874352455139,0.35510730743408203,0.7617066502571106,-0.05510731413960457,0.9226810336112976,forward,107.81718844668404,1
1837,61.29456666666667,93.98698806762695,,,,,,,,,,,,,,,,,,,,0.42395538091659546,0.5309423804283142,-0.004648573696613312,0.9999191164970398,0.39051347970962524,0.6301201581954956,-0.050474248826503754,0.9232314825057983,0.3708702325820923,0.728804886341095,0.0660117045044899,0.9398080706596375,0.355360746383667,0.7616776823997498,-0.055332619696855545,0.919872522354126,forward,106.87807398332848,1
1838,61.327933333333334,95.12186050415039,,,,,,,,,,,,,,,,,,,,0.42390576004981995,0.5308529734611511,-0.004564474802464247,0.9999188780784607,0.39077621698379517,0.6301038861274719,-0.05030638724565506,0.9229211211204529,0.3708740174770355,0.7288323640823364,0.06461441516876221,0.9389316439628601,0.3554251492023468,0.7616379857063293,-0.05743922293186188,0.919231653213501,forward,107.34252106424687,1
1839,61.3613,95.10278701782227,,,,,,,,,,,,,,,,,,,,0.4237353801727295,0.5308086276054382,-0.004536451771855354,0.9999185800552368,0.3908579349517822,0.6300912499427795,-0.05186687782406807,0.9226334691047668,0.37088459730148315,0.7288612127304077,0.06676638871431351,0.938087522983551,0.35555118322372437,0.7616181969642639,-0.05898688733577728,0.9182652235031128,forward,105.74204914934528,1
1840,61.394666666666666,94.33817863464355,,,,,,,,,,,,,,,,,,,,0.4234265387058258,0.5306745171546936,-0.004536797292530537,0.9999188184738159,0.3908440172672272,0.6299940943717957,-0.05720577761530876,0.9233945608139038,0.37089312076568604,0.7288943529129028,0.06426235288381577,0.938281238079071,0.355569452047348,0.7616012692451477,-0.06586099416017532,0.9181216359138489,forward,102.73790349288112,1
1841,61.42803333333333,92.57960319519043,,,,,,,,,,,,,,,,,,,,0.42307865619659424,0.5306388139724731,-0.004512389190495014,0.999919056892395,0.3908221423625946,0.6299434900283813,-0.055961210280656815,0.9226322770118713,0.3709336817264557,0.7289099097251892,0.0664004236459732,0.9373260736465454,0.3555721640586853,0.7615963220596313,-0.0665052980184555,0.9165722727775574,forward,103.0652769057336,1
1842,61.4614,92.56434440612793,,,,,,,,,,,,,,,,,,,,0.42258185148239136,0.5306667685508728,-0.0043900227174162865,0.9999205470085144,0.3907845914363861,0.6299499869346619,-0.05602550879120827,0.9233385920524597,0.37102967500686646,0.7289167046546936,0.07125672698020935,0.9377776384353638,0.35555553436279297,0.7615926265716553,-0.0621902272105217,0.9166001677513123,forward,101.85315559937665,1
1843,61.49476666666667,94.01082992553711,,,,,,,,,,,,,,,,,,,,0.4221540093421936,0.5306838750839233,-0.004318899009376764,0.9999223351478577,0.3906939923763275,0.6299400329589844,-0.05919412150979042,0.9223892688751221,0.37112781405448914,0.72892165184021,0.07279521971940994,0.9375407695770264,0.35556355118751526,0.7615883350372314,-0.06500249356031418,0.9158017635345459,forward,99.41032592262746,1
1844,61.52813333333334,93.81604194641113,,,,,,,,,,,,,,,,,,,,0.42151686549186707,0.5309151411056519,-0.004314756486564875,0.9999235272407532,0.39058274030685425,0.6299552321434021,-0.060026105493307114,0.9224388003349304,0.37115737795829773,0.7289497256278992,0.07149754464626312,0.9374912977218628,0.35552865266799927,0.7615845203399658,-0.06378605216741562,0.9153245091438293,forward,99.07186125658458,1
1845,61.5615,93.61886978149414,,,,,,,,,,,,,,,,,,,,0.42141225934028625,0.5312358140945435,-0.004181943368166685,0.9999242424964905,0.3901490569114685,0.6300827860832214,-0.06776712089776993,0.9225638508796692,0.37117117643356323,0.7289921045303345,0.07503370195627213,0.9377046227455139,0.355029433965683,0.7615764737129211,-0.06528714299201965,0.9150288105010986,forward,93.48046794743888,1
1846,61.59486666666667,95.15714645385742,,,,,,,,,,,,,,,,,,,,0.42138436436653137,0.5322955250740051,-0.0037640328519046307,0.99992436170578,0.3893963694572449,0.6301165819168091,-0.08407863229513168,0.9231401681900024,0.37120357155799866,0.7289968132972717,0.06383052468299866,0.9380667805671692,0.35474368929862976,0.7615270614624023,-0.0758436769247055,0.9149003028869629,forward,86.0096148341152,1
1847,61.628233333333334,93.77312660217285,,,,,,,,,,,,,,,,,,,,0.42136111855506897,0.5331907272338867,-0.003605351084843278,0.9999241828918457,0.38843637704849243,0.6302046179771423,-0.10704907774925232,0.9256490468978882,0.3712339997291565,0.728967010974884,0.0602104626595974,0.9396613836288452,0.3543105721473694,0.7614924311637878,-0.08598685264587402,0.9165937900543213,forward,75.40430717674467,1
1848,61.6616,94.00200843811035,,,,,,,,,,,,,,,,,,,,0.42135918140411377,0.533862292766571,-0.003606717800721526,0.9999248385429382,0.38758987188339233,0.6303304433822632,-0.12694425880908966,0.9282378554344177,0.3712882995605469,0.7288118600845337,0.06374123692512512,0.9410909414291382,0.35405072569847107,0.7613726258277893,-0.08694158494472504,0.9182002544403076,forward,67.00587348210182,1
1849,61.694966666666666,94.2997932434082,,,,,,,,,,,,,,,,,,,,0.4215099811553955,0.5344858169555664,-0.003628289559856057,0.9999246597290039,0.3864583969116211,0.6304797530174255,-0.1389281153678894,0.9309725165367126,0.3712742030620575,0.7287958264350891,0.05809327960014343,0.9424319267272949,0.35375335812568665,0.7612735629081726,-0.10041476786136627,0.9197436571121216,forward,63.51918336534928,1
1850,61.72833333333333,94.02227401733398,,,,,,,,,,,,,,,,,,,,0.4216115176677704,0.5356136560440063,-0.004222688265144825,0.9999252557754517,0.38535910844802856,0.6309354305267334,-0.14559753239154816,0.9327188730239868,0.3712818920612335,0.7288224697113037,0.05804121494293213,0.9428465962409973,0.3538276255130768,0.761299192905426,-0.10528770089149475,0.9203518033027649,forward,61.30442158877278,1
1851,61.7617,92.85712242126465,,,,,,,,,,,,,,,,,,,,0.4216609001159668,0.5368795990943909,-0.0042143212631344795,0.9999256730079651,0.38426047563552856,0.6312621235847473,-0.1599232703447342,0.9347131848335266,0.3712884485721588,0.7290230989456177,0.033005937933921814,0.9435487985610962,0.35388827323913574,0.7615888118743896,-0.1359313577413559,0.9211382865905762,forward,59.685891966557556,1
1852,61.79506666666667,93.39523315429688,,,,,,,,,,,,,,,,,,,,0.4217420220375061,0.538183331489563,-0.004966705571860075,0.9999223947525024,0.38327205181121826,0.6313661336898804,-0.17481306195259094,0.9360877275466919,0.3712535798549652,0.7290394902229309,-0.006706838496029377,0.9437803030014038,0.35374006628990173,0.7616017460823059,-0.16650640964508057,0.9217483401298523,forward,60.42640317384859,1
1853,61.82843333333334,93.61100196838379,,,,,,,,,,,,,,,,,,,,0.42208364605903625,0.5393612384796143,-0.0049706012941896915,0.999919593334198,0.3825884163379669,0.6315733790397644,-0.20695146918296814,0.9394170641899109,0.3712146580219269,0.7290534973144531,-0.007612834218889475,0.9459137320518494,0.3536224365234375,0.7616084218025208,-0.1881793588399887,0.9247161746025085,forward,52.0362057978027,1
1854,61.8618,94.92802619934082,,,,,,,,,,,,,,,,,,,,0.4223623275756836,0.5404046773910522,-0.0049680606462061405,0.9999157786369324,0.38177406787872314,0.6318283081054688,-0.25527775287628174,0.943687379360199,0.37121427059173584,0.7292338609695435,-0.03712952509522438,0.9489914774894714,0.35361742973327637,0.7618468999862671,-0.23028689622879028,0.9289836883544922,forward,45.38897099079169,1
1855,61.89516666666667,94.39706802368164,,,,,,,,,,,,,,,,,,,,0.4231318235397339,0.5415193438529968,-0.00496043311432004,0.9999105334281921,0.3808194100856781,0.6321788430213928,-0.24098050594329834,0.9473212957382202,0.3713871240615845,0.7291404604911804,-0.03125835210084915,0.951302707195282,0.353852778673172,0.7617089152336121,-0.21741482615470886,0.9320942163467407,forward,47.15751847634568,1
1856,61.928533333333334,92.7891731262207,,,,,,,,,,,,,,,,,,,,0.4234098494052887,0.5429897308349609,-0.0048811971209943295,0.9999053478240967,0.3806498348712921,0.6323873400688171,-0.26300668716430664,0.9507005214691162,0.371474951505661,0.7291785478591919,-0.07078276574611664,0.9534507989883423,0.35463735461235046,0.7614134550094604,-0.2660825550556183,0.9350748658180237,forward,47.06240690212727,1
1857,61.9619,93.34588050842285,,,,,,,,,,,,,,,,,,,,0.4235887825489044,0.545202910900116,-0.0034667858853936195,0.9999021291732788,0.3799394369125366,0.6340481042861938,-0.24864046275615692,0.9541056752204895,0.3714750409126282,0.7291896939277649,-0.046361666172742844,0.9562094211578369,0.3544612526893616,0.7612859606742859,-0.24321264028549194,0.9389161467552185,forward,46.42299986085963,1
1858,61.995266666666666,93.57881546020508,,,,,,,,,,,,,,,,,,,,0.42379868030548096,0.547090470790863,-0.0020200565923005342,0.9999024868011475,0.37932148575782776,0.6353675723075867,-0.2801463305950165,0.9575209617614746,0.3712668716907501,0.7292245030403137,-0.08384077250957489,0.9590796828269958,0.35335785150527954,0.7614241242408752,-0.28703340888023376,0.9429002404212952,forward,44.355260741328465,1
1859,62.02863333333333,93.60790252685547,,,,,,,,,,,,,,,,,,,,0.4241422116756439,0.549184262752533,0.0002592602977529168,0.9999032020568848,0.3786587715148926,0.6362784504890442,-0.297988623380661,0.9608280062675476,0.37112516164779663,0.7292976975440979,-0.10981918126344681,0.9620270729064941,0.35243895649909973,0.7614468932151794,-0.32203951478004456,0.9470134377479553,forward,43.708848221920825,1
1860,62.062,94.23637390136719,,,,,,,,,,,,,,,,,,,,0.42446523904800415,0.5509884357452393,0.0002058672544080764,0.9999057650566101,0.3784913420677185,0.6363982558250427,-0.3536871671676636,0.9639594554901123,0.3710380494594574,0.7293064594268799,-0.15041430294513702,0.9646069407463074,0.3524271547794342,0.7614499926567078,-0.36166709661483765,0.9508316516876221,forward,39.123759435348816,1
1861,62.09536666666667,93.04690361022949,,,,,,,,,,,,,,,,,,,,0.42476025223731995,0.5520689487457275,0.00010477882460691035,0.9999092817306519,0.3783159554004669,0.6363211870193481,-0.37652888894081116,0.966806948184967,0.3710145652294159,0.729333221912384,-0.16510486602783203,0.966887891292572,0.3525298237800598,0.7615768909454346,-0.3807153105735779,0.954316258430481,forward,37.30591797564521,1
1862,62.12873333333334,93.74427795410156,,,,,,,,,,,,,,,,,,,,0.4249790906906128,0.5541128516197205,9.882546146400273e-05,0.9999125003814697,0.37788164615631104,0.6372275948524475,-0.38301801681518555,0.9692564010620117,0.3710108697414398,0.7293520569801331,-0.1505894809961319,0.9687654376029968,0.3525102436542511,0.761652946472168,-0.36283427476882935,0.9572128057479858,forward,34.82793494055437,1
1863,62.1621,94.73085403442383,,,,,,,,,,,,,,,,,,,,0.425292432308197,0.5564081072807312,3.7265017454046756e-05,0.9999147653579712,0.37694162130355835,0.6373199820518494,-0.40306442975997925,0.9712264537811279,0.37102174758911133,0.729356050491333,-0.1544864922761917,0.9700212478637695,0.352477103471756,0.7616824507713318,-0.3656400442123413,0.959295928478241,forward,32.597996547181495,1
1864,62.19546666666667,92.89860725402832,,,,,,,,,,,,,,,,,,,,0.42565858364105225,0.5594107508659363,1.929445716086775e-05,0.9999156594276428,0.3748166263103485,0.6383582949638367,-0.4136284291744232,0.9727120995521545,0.3710211515426636,0.7293561100959778,-0.15427851676940918,0.9708070158958435,0.3522612154483795,0.7616975903511047,-0.35923245549201965,0.9607838988304138,forward,31.037299102985486,1
1865,62.228833333333334,92.8347110748291,,,,,,,,,,,,,,,,,,,,0.42594143748283386,0.5612555146217346,7.624849968124181e-05,0.9999169111251831,0.3731655776500702,0.6392584443092346,-0.4163018465042114,0.9740999937057495,0.3710930347442627,0.7296066880226135,-0.17081515491008759,0.9716418981552124,0.35189685225486755,0.7616980671882629,-0.3738001883029938,0.9623122811317444,forward,31.65522826622262,1
1866,62.2622,93.8873291015625,,,,,,,,,,,,,,,,,,,,0.4262374937534332,0.5640727281570435,-0.00045302449143491685,0.9999173283576965,0.37230348587036133,0.6396439075469971,-0.4388158619403839,0.9755280613899231,0.3713100254535675,0.7296029329299927,-0.16406850516796112,0.9723772406578064,0.351989209651947,0.7616980671882629,-0.36713871359825134,0.963549792766571,forward,28.73744266579298,1
1867,62.295566666666666,93.44100952148438,,,,,,,,,,,,,,,,,,,,0.4266180396080017,0.5652573704719543,-0.0010789840016514063,0.9999183416366577,0.37154096364974976,0.6403952836990356,-0.43116191029548645,0.976608395576477,0.3715495765209198,0.7296835780143738,-0.155633345246315,0.9726898670196533,0.3524656295776367,0.761524498462677,-0.35643187165260315,0.9642415642738342,forward,28.705488958948635,1
1868,62.32893333333333,92.85807609558105,,,,,,,,,,,,,,,,,,,,0.42665931582450867,0.5673764944076538,-0.0015898208366706967,0.9999181628227234,0.3713964521884918,0.6406784057617188,-0.43831607699394226,0.9775810241699219,0.37158963084220886,0.7297236919403076,-0.1639360934495926,0.9729261994361877,0.3525392711162567,0.7615253925323486,-0.3658708333969116,0.9648619294166565,forward,28.333112048010015,1
1869,62.3623,92.37098693847656,,,,,,,,,,,,,,,,,,,,0.42680415511131287,0.569564163684845,-0.0017716636648401618,0.9999181628227234,0.3707736134529114,0.6412361860275269,-0.4355727732181549,0.9783555865287781,0.37160322070121765,0.729950487613678,-0.170751690864563,0.9730820059776306,0.3527309000492096,0.7615135908126831,-0.3689538836479187,0.9652923941612244,forward,28.713967036966437,1
1870,62.39566666666667,93.10412406921387,,,,,,,,,,,,,,,,,,,,0.426827073097229,0.5720741748809814,-0.0017612614901736379,0.9999180436134338,0.36991962790489197,0.6424691677093506,-0.43931394815444946,0.9787447452545166,0.37161368131637573,0.7304049134254456,-0.17560675740242004,0.9727048873901367,0.35289356112480164,0.7615334391593933,-0.37150317430496216,0.9650604128837585,forward,28.369933741242,1
1871,62.42903333333334,93.91903877258301,,,,,,,,,,,,,,,,,,,,0.4270249307155609,0.5735167860984802,-0.001774603733792901,0.9999161958694458,0.369449645280838,0.6430426836013794,-0.44226256012916565,0.9778193235397339,0.3716347813606262,0.7306520342826843,-0.16814817488193512,0.9699012041091919,0.35287460684776306,0.7615447640419006,-0.35683706402778625,0.9619865417480469,forward,27.499838611456333,1
1872,62.4624,92.92864799499512,,,,,,,,,,,,,,,,,,,,0.427243709564209,0.5753507614135742,-0.0018925227923318744,0.9999141693115234,0.36915501952171326,0.6444482803344727,-0.4521808326244354,0.9757760167121887,0.3716490864753723,0.7307315468788147,-0.17455913126468658,0.9652559757232666,0.35286635160446167,0.7616150379180908,-0.36325210332870483,0.9573826789855957,forward,26.784129544568646,1
1873,62.49576666666667,92.99087524414062,,,,,,,,,,,,,,,,,,,,0.42744752764701843,0.5771505832672119,-0.0018964321352541447,0.9999128580093384,0.3690687119960785,0.6445890665054321,-0.47479259967803955,0.9755630493164062,0.37168312072753906,0.7309299111366272,-0.20579105615615845,0.9638221263885498,0.35283201932907104,0.7618587017059326,-0.39866378903388977,0.9560644626617432,forward,26.63059926315698,1
1874,62.529133333333334,92.96298027038574,,,,,,,,,,,,,,,,,,,,0.4274318814277649,0.5786762833595276,-0.001954312203451991,0.999910831451416,0.36878010630607605,0.645136833190918,-0.4727150499820709,0.9743543267250061,0.37174925208091736,0.7309905290603638,-0.2027074247598648,0.9602739214897156,0.35283729434013367,0.7618405222892761,-0.3892349898815155,0.9524891376495361,forward,26.398780875728885,1
1875,62.5625,92.54884719848633,,,,,,,,,,,,,,,,,,,,0.4274027645587921,0.5792449116706848,-0.0012910767691209912,0.9999123215675354,0.36882802844047546,0.6451509594917297,-0.4666268825531006,0.9739928245544434,0.37182971835136414,0.7309698462486267,-0.1961640864610672,0.9583537578582764,0.35336241126060486,0.7618395686149597,-0.3820141553878784,0.9503591060638428,forward,26.404742911180538,1
1876,62.595866666666666,94.03204917907715,,,,,,,,,,,,,,,,,,,,0.427403062582016,0.5800794363021851,-0.0009519017185084522,0.9999146461486816,0.36886489391326904,0.6450784802436829,-0.4685036242008209,0.9741880297660828,0.3719538748264313,0.7310017943382263,-0.20728124678134918,0.9578801989555359,0.3533605933189392,0.7617375254631042,-0.39601656794548035,0.9499461650848389,forward,26.828742227144808,1
1877,62.62923333333333,93.99080276489258,,,,,,,,,,,,,,,,,,,,0.4274040758609772,0.5810543298721313,-0.0008255724678747356,0.9999164938926697,0.36889633536338806,0.6453121304512024,-0.4656064212322235,0.9739372134208679,0.37208694219589233,0.7310557961463928,-0.20985408127307892,0.956508457660675,0.3533910810947418,0.7616395950317383,-0.3953741192817688,0.9485270380973816,forward,27.103461602926142,1
1878,62.6626,92.90528297424316,,,,,,,,,,,,,,,,,,,,0.42743533849716187,0.5817837119102478,-0.0005194440600462258,0.9999185800552368,0.3689173758029938,0.6456546187400818,-0.4691929221153259,0.9738299250602722,0.37222787737846375,0.731091320514679,-0.2145261913537979,0.9554146528244019,0.35352393984794617,0.7616393566131592,-0.3983897268772125,0.947189450263977,forward,26.988072407063015,1
1879,62.69596666666667,93.22714805603027,,,,,,,,,,,,,,,,,,,,0.42744264006614685,0.5824959874153137,-0.00041690064244903624,0.9999209046363831,0.36893659830093384,0.645846962928772,-0.4777052700519562,0.9743708372116089,0.3723001480102539,0.7310997843742371,-0.21988238394260406,0.9557217955589294,0.3539111614227295,0.7616444826126099,-0.40637704730033875,0.9473679065704346,forward,26.52588586141747,1
1880,62.72933333333334,93.67203712463379,,,,,,,,,,,,,,,,,,,,0.42749714851379395,0.583146333694458,-0.0004356323915999383,0.9999220967292786,0.3690432012081146,0.6459043622016907,-0.4950297474861145,0.9749795794487,0.37234920263290405,0.7311273217201233,-0.23988424241542816,0.9562801718711853,0.3541630506515503,0.7616502642631531,-0.4319325387477875,0.9478502869606018,forward,26.324423170911626,1
1881,62.7627,93.0330753326416,,,,,,,,,,,,,,,,,,,,0.42755305767059326,0.5835409164428711,-0.0009101271280087531,0.9999216198921204,0.36906397342681885,0.6465194821357727,-0.4923478364944458,0.9752694964408875,0.37243780493736267,0.7311205267906189,-0.23304955661296844,0.9560378789901733,0.35414955019950867,0.7615947723388672,-0.4259713292121887,0.9473438262939453,forward,26.01353018940267,1
1882,62.79606666666667,94.70200538635254,,,,,,,,,,,,,,,,,,,,0.42767056822776794,0.5831339955329895,-0.000964089238550514,0.9999226331710815,0.3690740764141083,0.646597146987915,-0.4849548935890198,0.9753772616386414,0.37246695160865784,0.7311189770698547,-0.23007732629776,0.9557834267616272,0.3540397882461548,0.7613987326622009,-0.4159773886203766,0.9469863176345825,forward,26.464610851826954,1
1883,62.829433333333334,94.99716758728027,,,,,,,,,,,,,,,,,,,,0.4276787042617798,0.5828808546066284,-0.0014748226385563612,0.9999233484268188,0.36920830607414246,0.6465806365013123,-0.4823690354824066,0.9755976796150208,0.3724786341190338,0.7311193346977234,-0.22176100313663483,0.9557229280471802,0.35398849844932556,0.7611052989959717,-0.40934818983078003,0.9468984603881836,forward,26.19086136726116,1
1884,62.8628,92.9117202758789,,,,,,,,,,,,,,,,,,,,0.4276786148548126,0.5826433300971985,-0.0018919777357950807,0.9999224543571472,0.36952680349349976,0.646424412727356,-0.47063004970550537,0.9751927852630615,0.3725201189517975,0.7311449646949768,-0.21868255734443665,0.9547960162162781,0.353948712348938,0.7607516050338745,-0.4058869481086731,0.9458540678024292,forward,27.020857330702967,1
1885,62.896166666666666,94.76685523986816,,,,,,,,,,,,,,,,,,,,0.4276435971260071,0.58233243227005,-0.0020160512067377567,0.9999231696128845,0.36986973881721497,0.6462849974632263,-0.47001343965530396,0.9759586453437805,0.37252670526504517,0.7312285900115967,-0.2165350317955017,0.9557042121887207,0.3538118004798889,0.7605962753295898,-0.40445658564567566,0.9470298290252686,forward,27.006328589665376,1
1886,62.92953333333333,94.09785270690918,,,,,,,,,,,,,,,,,,,,0.4275789260864258,0.5807422399520874,-0.0030936303082853556,0.9999236464500427,0.37028029561042786,0.6462087631225586,-0.4682046175003052,0.9770522713661194,0.3725365400314331,0.7312831878662109,-0.1986544281244278,0.9573427438735962,0.3535234034061432,0.7605249285697937,-0.3893319070339203,0.9490445256233215,forward,26.27648181025043,1
1887,62.9629,92.10681915283203,,,,,,,,,,,,,,,,,,,,0.4273494482040405,0.5786838531494141,-0.005009401589632034,0.9999246597290039,0.370753675699234,0.6461551189422607,-0.4717005491256714,0.9783540964126587,0.372545063495636,0.7313161492347717,-0.19690553843975067,0.9591990113258362,0.35352545976638794,0.760493278503418,-0.38992899656295776,0.9513370394706726,forward,26.19619190471976,1
1888,62.99626666666667,93.33229064941406,,,,,,,,,,,,,,,,,,,,0.426947683095932,0.5751168727874756,-0.006507782731205225,0.9999251365661621,0.37165531516075134,0.6457033753395081,-0.48163414001464844,0.9799127578735352,0.3725448548793793,0.7311984300613403,-0.19621644914150238,0.961797833442688,0.35267189145088196,0.7605180144309998,-0.39399364590644836,0.9545034170150757,forward,25.871122311000658,1
1889,63.02963333333334,94.09904479980469,,,,,,,,,,,,,,,,,,,,0.42681241035461426,0.5705832839012146,-0.00683060334995389,0.9999263882637024,0.37230056524276733,0.6451703906059265,-0.48116618394851685,0.9813350439071655,0.3725314736366272,0.7311981916427612,-0.19378958642482758,0.9643997550010681,0.3504372537136078,0.7605044841766357,-0.39501067996025085,0.9576626420021057,forward,26.34342665880659,1
1890,63.063,92.50211715698242,,,,,,,,,,,,,,,,,,,,0.42675459384918213,0.5679419636726379,-0.006868514697998762,0.9999272227287292,0.37283459305763245,0.6441843509674072,-0.48019087314605713,0.9826856851577759,0.3725343346595764,0.7311800122261047,-0.19460974633693695,0.9668218493461609,0.35078421235084534,0.7605324387550354,-0.4012628197669983,0.9605445861816406,forward,26.830698716674366,1
1891,63.09636666666667,93.0333137512207,,,,,,,,,,,,,,,,,,,,0.4267791509628296,0.5640783905982971,-0.006836648099124432,0.9999279975891113,0.373932421207428,0.6411123871803284,-0.480570524930954,0.9838917255401611,0.37246376276016235,0.7307203412055969,-0.1935466080904007,0.9690302610397339,0.35083991289138794,0.760515034198761,-0.40355637669563293,0.9631335735321045,forward,27.322422709851832,1
1892,63.129733333333334,94.1629409790039,,,,,,,,,,,,,,,,,,,,0.42677968740463257,0.560512900352478,-0.006071542389690876,0.999927282333374,0.3741079866886139,0.640326738357544,-0.46320292353630066,0.9849019646644592,0.3724208474159241,0.7299697399139404,-0.15380705893039703,0.970839262008667,0.35088658332824707,0.7604591250419617,-0.3611171245574951,0.9653059840202332,forward,26.876303432462468,1
1893,63.1631,94.42996978759766,,,,,,,,,,,,,,,,,,,,0.4267796277999878,0.5574865937232971,-0.004930546507239342,0.9999273419380188,0.37422260642051697,0.6397544145584106,-0.4391419291496277,0.9859312176704407,0.3723255395889282,0.7292256951332092,-0.1420169621706009,0.9726914763450623,0.3509731590747833,0.7604247331619263,-0.3432653844356537,0.9675086140632629,forward,28.336825180143986,1
1894,63.196466666666666,93.42598915100098,,,,,,,,,,,,,,,,,,,,0.42677682638168335,0.5540472865104675,-0.0036198406014591455,0.9999295473098755,0.3744160532951355,0.6383454203605652,-0.41717055439949036,0.987093985080719,0.37211525440216064,0.729030191898346,-0.14581719040870667,0.9749632477760315,0.35096949338912964,0.7604306936264038,-0.35468706488609314,0.9701927304267883,forward,30.86112128205841,1
1895,63.22983333333333,93.34182739257812,,,,,,,,,,,,,,,,,,,,0.42670682072639465,0.5515504479408264,-0.0020687265787273645,0.9999297857284546,0.37500718235969543,0.6370130777359009,-0.40604937076568604,0.9881354570388794,0.3721114993095398,0.7287074327468872,-0.1321180909872055,0.9770224094390869,0.35099589824676514,0.7604637145996094,-0.34467101097106934,0.9726183414459229,forward,31.341013511417227,1
1896,63.2632,92.6210880279541,,,,,,,,,,,,,,,,,,,,0.42674383521080017,0.5486313700675964,-0.0013621608959510922,0.9999296069145203,0.3763347268104553,0.6356796622276306,-0.3691619336605072,0.9889335036277771,0.37209999561309814,0.7285204529762268,-0.1099434569478035,0.9787321090698242,0.35107284784317017,0.760645866394043,-0.32471904158592224,0.9746030569076538,forward,34.005551580678606,1
1897,63.29656666666667,94.20490264892578,,,,,,,,,,,,,,,,,,,,0.42673972249031067,0.5459664463996887,-0.0014838649658486247,0.9999305009841919,0.3774259388446808,0.6347059607505798,-0.33517977595329285,0.9895835518836975,0.372030109167099,0.7283133268356323,-0.0689074695110321,0.9802089929580688,0.3510857820510864,0.7607812881469727,-0.27773040533065796,0.9762623310089111,forward,35.38016985003615,1
1898,63.32993333333334,95.47090530395508,,,,,,,,,,,,,,,,,,,,0.4269788861274719,0.5430384874343872,-0.0015057246200740337,0.9999322891235352,0.3788262903690338,0.6338397860527039,-0.3050653040409088,0.9900229573249817,0.37191933393478394,0.7282803058624268,-0.06748402118682861,0.9813551306724548,0.3511020839214325,0.7607526779174805,-0.27307412028312683,0.9775446653366089,forward,39.53890295471583,1
1899,63.3633,94.2997932434082,,,,,,,,,,,,,,,,,,,,0.4271308481693268,0.541064441204071,-0.0018588165985420346,0.9999340772628784,0.3801243007183075,0.6331032514572144,-0.301279753446579,0.9903793334960938,0.37157800793647766,0.7283101677894592,-0.06968481093645096,0.9823513627052307,0.35103362798690796,0.7607835531234741,-0.27373337745666504,0.9786462187767029,forward,40.68565568398132,1
1900,63.39666666666667,91.79472923278809,,,,,,,,,,,,,,,,,,,,0.4271312952041626,0.5392313599586487,-0.0018379564862698317,0.9999356865882874,0.38092276453971863,0.6328855752944946,-0.2503455579280853,0.9904404878616333,0.3713621497154236,0.7284973859786987,-0.022543415427207947,0.9831002354621887,0.350186824798584,0.7610581517219543,-0.2155255377292633,0.9793685078620911,forward,44.891864243647895,1
1901,63.430033333333334,93.96195411682129,,,,,,,,,,,,,,,,,,,,0.42734843492507935,0.5379374623298645,-0.0016553876921534538,0.9999370574951172,0.3817358911037445,0.6324106454849243,-0.22832417488098145,0.9899027943611145,0.3709472417831421,0.7285515069961548,0.008896013721823692,0.9832607507705688,0.3501693308353424,0.7611539959907532,-0.18280529975891113,0.9794557094573975,forward,46.315641286445945,1
1902,63.4634,94.23589706420898,,,,,,,,,,,,,,,,,,,,0.42757368087768555,0.536017119884491,-0.001836315612308681,0.9999384880065918,0.38295450806617737,0.6314254403114319,-0.2351752072572708,0.9895064830780029,0.3707943558692932,0.728734016418457,-0.021536810323596,0.9832812547683716,0.3501429557800293,0.7611997723579407,-0.21204295754432678,0.9793002009391785,forward,48.312982918487265,1
1903,63.496766666666666,92.10991859436035,,,,,,,,,,,,,,,,,,,,0.42757412791252136,0.534332811832428,-0.001819214434362948,0.9999401569366455,0.3835548460483551,0.6309422850608826,-0.17882698774337769,0.9890393018722534,0.37078720331192017,0.728670060634613,0.041788339614868164,0.9833863973617554,0.3502846658229828,0.7612060904502869,-0.13622190058231354,0.9792865514755249,forward,54.37922998531919,1
1904,63.53013333333333,94.24209594726562,,,,,,,,,,,,,,,,,,,,0.4275747239589691,0.5337345004081726,-0.001794181065633893,0.9999414682388306,0.38396477699279785,0.6311643123626709,-0.1560397893190384,0.9889877438545227,0.3707721531391144,0.7286813259124756,0.0718710795044899,0.98394376039505,0.3502959907054901,0.7612798810005188,-0.09555400907993317,0.9797331690788269,forward,57.415573991439075,1
1905,63.5635,91.77827835083008,,,,,,,,,,,,,,,,,,,,0.42757555842399597,0.5332114100456238,-0.0018696157494559884,0.9999421834945679,0.3845042586326599,0.6312384009361267,-0.15036730468273163,0.9888449311256409,0.3707759976387024,0.728585958480835,0.06758791953325272,0.9842971563339233,0.35093051195144653,0.7613251209259033,-0.09827441722154617,0.9798855781555176,forward,59.4767674990177,1
1906,63.59686666666667,94.17200088500977,,,,,,,,,,,,,,,,,,,,0.4276854991912842,0.5327582955360413,-0.0018764855340123177,0.9999421834945679,0.38542822003364563,0.6313657164573669,-0.10848196595907211,0.9885309338569641,0.37075990438461304,0.7285639047622681,0.0852145254611969,0.9845777750015259,0.35134264826774597,0.7613097429275513,-0.08721062541007996,0.9799453616142273,forward,71.4615156966247,1
1907,63.63023333333334,92.69881248474121,,,,,,,,,,,,,,,,,,,,0.4276202321052551,0.5320795774459839,-0.0014929486205801368,0.99994295835495,0.38635098934173584,0.6314231753349304,-0.09451590478420258,0.9885832667350769,0.3707665205001831,0.7285670638084412,0.11917801201343536,0.9851809740066528,0.3513450622558594,0.7613149881362915,-0.05587952956557274,0.980448842048645,forward,73.35293760872415,1
1908,63.6636,93.13416481018066,,,,,,,,,,,,,,,,,,,,0.42761558294296265,0.5317829847335815,-0.0005313536967150867,0.9999423027038574,0.3873084485530853,0.631321907043457,-0.0809795930981636,0.9878872632980347,0.3707662522792816,0.7285709381103516,0.10326095670461655,0.9851460456848145,0.35107532143592834,0.7613318562507629,-0.060506246984004974,0.9799862504005432,forward,80.81741290487227,1
1909,63.69696666666667,93.13511848449707,,,,,,,,,,,,,,,,,,,,0.4274836480617523,0.5311237573623657,0.00023296543804463,0.9999415278434753,0.38769635558128357,0.6312560439109802,-0.08117049187421799,0.9861060976982117,0.37089964747428894,0.7285696268081665,0.0747128278017044,0.984017550945282,0.3510458469390869,0.7613422870635986,-0.07393328100442886,0.9781563878059387,forward,84.75746777602052,1
1910,63.730333333333334,93.1398868560791,,,,,,,,,,,,,,,,,,,,0.4273037612438202,0.5309150218963623,0.0007787803770042956,0.9999403953552246,0.3883119523525238,0.6309574842453003,-0.07149117439985275,0.9836543202400208,0.37114956974983215,0.7285818457603455,0.06740996241569519,0.9824761152267456,0.350701242685318,0.7613424062728882,-0.0724208652973175,0.9758197069168091,forward,91.03098540186913,1
1911,63.7637,95.02196311950684,,,,,,,,,,,,,,,,,,,,0.4269557297229767,0.531053364276886,0.0016120218206197023,0.9999401569366455,0.3886455297470093,0.6309108734130859,-0.05928266420960426,0.9824013113975525,0.37128880620002747,0.7286399006843567,0.09924384951591492,0.9819443225860596,0.3506636917591095,0.7613061666488647,-0.052881281822919846,0.9749031066894531,forward,91.91812602334242,1
1912,63.797066666666666,93.7662124633789,,,,,,,,,,,,,,,,,,,,0.4266013205051422,0.5309464335441589,0.001624029129743576,0.9999374151229858,0.3888740837574005,0.6306713223457336,-0.057899560779333115,0.9787842035293579,0.37137317657470703,0.7286872267723083,0.08173060417175293,0.9789131879806519,0.35074087977409363,0.7612860202789307,-0.05926165357232094,0.9705635905265808,forward,95.8201550700039,1
1913,63.83043333333333,93.47987174987793,,,,,,,,,,,,,,,,,,,,0.42632392048835754,0.5306428670883179,0.0016143890097737312,0.9999368786811829,0.3890460729598999,0.6304206848144531,-0.0681569054722786,0.9770818948745728,0.37138745188713074,0.728769838809967,0.08478996157646179,0.9778372645378113,0.35074183344841003,0.7612761855125427,-0.06923369318246841,0.9689096212387085,forward,89.50749061304046,1
1914,63.8638,93.38712692260742,,,,,,,,,,,,,,,,,,,,0.42596200108528137,0.5305511951446533,0.001557364477775991,0.999937117099762,0.38925036787986755,0.6302576065063477,-0.060436833649873734,0.9762232303619385,0.3713897168636322,0.7288287281990051,0.11346114426851273,0.9776149988174438,0.35084521770477295,0.7612729668617249,-0.05326329544186592,0.9684706926345825,forward,89.31115725750129,1
1915,63.89716666666667,93.53399276733398,,,,,,,,,,,,,,,,,,,,0.42557838559150696,0.5305954217910767,0.0012538975570350885,0.9999348521232605,0.38942331075668335,0.6301370859146118,-0.06043179705739021,0.9712625741958618,0.3713840842247009,0.7288596630096436,0.08758103102445602,0.9736708402633667,0.3511074185371399,0.7612732648849487,-0.06237667798995972,0.9629567861557007,forward,93.5286553814438,1
1916,63.93053333333334,94.58708763122559,,,,,,,,,,,,,,,,,,,,0.424849271774292,0.5306527614593506,0.0009675046894699335,0.9999331831932068,0.3895259499549866,0.630071759223938,-0.06549844890832901,0.9671435952186584,0.3713665008544922,0.7289196848869324,0.07319124042987823,0.97046959400177,0.35120531916618347,0.7613092660903931,-0.0681791827082634,0.9586734771728516,forward,93.3570511430674,1
1917,63.9639,94.80905532836914,,,,,,,,,,,,,,,,,,,,0.42440828680992126,0.5306018590927124,0.0005370553117245436,0.9999314546585083,0.38959527015686035,0.6300276517868042,-0.06347022205591202,0.9638580083847046,0.37135547399520874,0.7290719747543335,0.06967727839946747,0.9681041836738586,0.3512634336948395,0.7613441944122314,-0.07018681615591049,0.955254077911377,forward,95.46577563823102,1
1918,63.99726666666667,94.01702880859375,,,,,,,,,,,,,,,,,,,,0.4241345226764679,0.5306276679039001,7.618424569955096e-05,0.9999291896820068,0.3895493149757385,0.6300526857376099,-0.0628867894411087,0.9604433178901672,0.37136682868003845,0.729152262210846,0.06739926338195801,0.9653193354606628,0.35130664706230164,0.7613589763641357,-0.06746798753738403,0.9514357447624207,forward,96.47622215418451,1
1919,64.03063333333334,93.29605102539062,,,,,,,,,,,,,,,,,,,,0.4238271117210388,0.5305826663970947,6.664837565040216e-05,0.9999284148216248,0.3895477056503296,0.6300577521324158,-0.06225442513823509,0.95827716588974,0.37137073278427124,0.7291882038116455,0.06744407117366791,0.9636920690536499,0.3512865900993347,0.7613701224327087,-0.064091257750988,0.9490759372711182,forward,96.86574370695216,1
1920,64.06400000000001,92.81611442565918,,,,,,,,,,,,,,,,,,,,0.42372649908065796,0.5306125283241272,7.960480434121564e-05,0.9999274611473083,0.38954004645347595,0.6301333904266357,-0.0580681748688221,0.957104504108429,0.37137195467948914,0.7291979193687439,0.07249286770820618,0.9626951813697815,0.3512755334377289,0.7613712549209595,-0.0518755242228508,0.9474549889564514,forward,98.37728844639996,1
1921,64.09736666666667,92.93317794799805,,,,,,,,,,,,,,,,,,,,0.42355579137802124,0.530634343624115,0.0003267497231718153,0.9999272227287292,0.38951876759529114,0.6301997900009155,-0.0617748461663723,0.9575178027153015,0.3713706433773041,0.7292145490646362,0.0760527029633522,0.9631043672561646,0.35121750831604004,0.7613714933395386,-0.055597953498363495,0.9477338194847107,forward,95.27410252961796,1
1922,64.13073333333334,92.90885925292969,,,,,,,,,,,,,,,,,,,,0.42345455288887024,0.5306516885757446,0.000534303777385503,0.9999271035194397,0.3894992172718048,0.6304712295532227,-0.06385253369808197,0.9575918912887573,0.3713585436344147,0.7292484045028687,0.07676388323307037,0.963280975818634,0.35117045044898987,0.7613695859909058,-0.0579436831176281,0.9477464556694031,forward,93.81942674513247,1
1923,64.1641,92.60129928588867,,,,,,,,,,,,,,,,,,,,0.42337897419929504,0.530663251876831,0.0006592514691874385,0.9999271035194397,0.3893292546272278,0.6307759881019592,-0.06408370286226273,0.9574444890022278,0.37134578824043274,0.7292707562446594,0.083318330347538,0.963286280632019,0.3510628044605255,0.7613682150840759,-0.05736050009727478,0.9474624395370483,forward,92.41160616891356,1
1924,64.19746666666667,93.72091293334961,,,,,,,,,,,,,,,,,,,,0.4233766198158264,0.5308578610420227,0.0005784629029221833,0.9999290108680725,0.3891809582710266,0.6311058402061462,-0.06748661398887634,0.9596580862998962,0.3713369071483612,0.7292747497558594,0.12712545692920685,0.9651511907577515,0.35097894072532654,0.7613663077354431,-0.03552253171801567,0.9499871134757996,forward,84.17435557763834,1
1925,64.23083333333334,93.76692771911621,,,,,,,,,,,,,,,,,,,,0.4233749508857727,0.5314394235610962,0.0005795873585157096,0.9999299645423889,0.38853055238723755,0.6315135359764099,-0.07758762687444687,0.9616549611091614,0.3713459074497223,0.7292454838752747,0.11770367622375488,0.9666314125061035,0.3509242832660675,0.7613458633422852,-0.040396515280008316,0.9518640041351318,forward,80.24739749866885,1
1926,64.2642,93.55521202087402,,,,,,,,,,,,,,,,,,,,0.4235684275627136,0.5319503545761108,0.0004834930587094277,0.9999306201934814,0.3877742886543274,0.6318663954734802,-0.08783084899187088,0.9640513062477112,0.3713509738445282,0.7292194366455078,0.13604383170604706,0.9685400128364563,0.350839227437973,0.7613465189933777,-0.034979891031980515,0.9544359445571899,forward,73.744955568049,1
1927,64.29756666666667,92.82994270324707,,,,,,,,,,,,,,,,,,,,0.42371949553489685,0.5327436923980713,0.00041094981133937836,0.9999317526817322,0.3868660628795624,0.6321427822113037,-0.09436865895986557,0.9662002325057983,0.3713395893573761,0.7291501760482788,0.13483385741710663,0.9702631235122681,0.3508216440677643,0.7613387703895569,-0.03724422678351402,0.9567471742630005,forward,71.06132719119765,1
1928,64.33093333333333,93.20211410522461,,,,,,,,,,,,,,,,,,,,0.42380490899086,0.5335755944252014,0.0001767451030900702,0.9999274611473083,0.38572922348976135,0.6323846578598022,-0.11338970065116882,0.965723991394043,0.3713507056236267,0.7290297150611877,0.0618961825966835,0.9690285325050354,0.35084617137908936,0.7613298892974854,-0.08046984672546387,0.954778254032135,forward,71.65048399801493,1
1929,64.3643,94.44022178649902,,,,,,,,,,,,,,,,,,,,0.42406153678894043,0.5342180728912354,0.0001655878295423463,0.9999237656593323,0.38505813479423523,0.6326857209205627,-0.11906125396490097,0.9657019972801208,0.37135884165763855,0.7289717197418213,0.04425748065114021,0.9683828949928284,0.35130539536476135,0.7612990140914917,-0.10346364229917526,0.9538856744766235,forward,71.82259605344142,1
1930,64.39766666666667,93.83201599121094,,,,,,,,,,,,,,,,,,,,0.42418622970581055,0.5352370738983154,-0.0007868526736274362,0.9999202489852905,0.38429316878318787,0.6327129602432251,-0.15536139905452728,0.9659452438354492,0.37134072184562683,0.7289645671844482,0.006764124613255262,0.9680685997009277,0.3521035611629486,0.7612984776496887,-0.1511983424425125,0.9533690810203552,forward,64.60208219758552,1
1931,64.43103333333333,93.14703941345215,,,,,,,,,,,,,,,,,,,,0.42443349957466125,0.5365354418754578,-0.0014899108791723847,0.9999188780784607,0.38349607586860657,0.63273686170578,-0.18490254878997803,0.9664579033851624,0.37137657403945923,0.7287341952323914,-0.021388938650488853,0.9679033756256104,0.35264116525650024,0.7612836956977844,-0.1767347753047943,0.9533250331878662,forward,59.66411870979743,1
1932,64.4644,93.77908706665039,,,,,,,,,,,,,,,,,,,,0.42464378476142883,0.5380465984344482,-0.0012495712144300342,0.9999184012413025,0.38217779994010925,0.6329696178436279,-0.19160674512386322,0.9671669602394104,0.3713703453540802,0.7286700010299683,0.0007126414566300809,0.9679400324821472,0.35184112191200256,0.7612895965576172,-0.15294136106967926,0.953338623046875,forward,54.53916618699153,1
1933,64.49776666666666,93.72901916503906,,,,,,,,,,,,,,,,,,,,0.424686998128891,0.5393773913383484,-0.001939464476890862,0.9999163746833801,0.38132622838020325,0.6331081986427307,-0.21953390538692474,0.9681929349899292,0.3713669776916504,0.728724479675293,-0.024720747023820877,0.968055009841919,0.3518218994140625,0.761376678943634,-0.18832844495773315,0.9535959362983704,forward,50.905037129902794,1
1934,64.53113333333333,93.31583976745605,,,,,,,,,,,,,,,,,,,,0.424850195646286,0.5411492586135864,-0.0015799346147105098,0.9999180436134338,0.38036617636680603,0.6338584423065186,-0.23909522593021393,0.9704341888427734,0.371329665184021,0.7288657426834106,-0.0045674084685742855,0.969900906085968,0.3511236011981964,0.761411726474762,-0.17654147744178772,0.9562105536460876,forward,44.808418933945305,1
1935,64.5645,92.52595901489258,,,,,,,,,,,,,,,,,,,,0.4248961806297302,0.5428287386894226,-0.0016295491950586438,0.9999207258224487,0.3791801929473877,0.635571300983429,-0.21900035440921783,0.9727238416671753,0.3713890612125397,0.7289626598358154,0.013543190434575081,0.9719491004943848,0.35154715180397034,0.7614200711250305,-0.15886959433555603,0.9591192007064819,forward,46.51521051140092,1
1936,64.59786666666666,93.54710578918457,,,,,,,,,,,,,,,,,,,,0.42492473125457764,0.5451181530952454,-0.002721397904679179,0.9999220967292786,0.37799564003944397,0.6375560760498047,-0.21973560750484467,0.9746325612068176,0.3714866638183594,0.7290481328964233,0.019283080473542213,0.9733871221542358,0.35183238983154297,0.7613605260848999,-0.15402919054031372,0.9611227512359619,forward,45.56391671735987,1
1937,64.63123333333334,92.85092353820801,,,,,,,,,,,,,,,,,,,,0.42494088411331177,0.5466817021369934,-0.0029052456375211477,0.9999233484268188,0.3776681423187256,0.6378956437110901,-0.25151166319847107,0.9760222434997559,0.3715378940105438,0.7290909886360168,-0.017798850312829018,0.9742141366004944,0.35208413004875183,0.7613018155097961,-0.18920083343982697,0.9624504446983337,forward,42.84494967052825,1
1938,64.66460000000001,94.3300724029541,,,,,,,,,,,,,,,,,,,,0.42501071095466614,0.5491352081298828,-0.0029907526914030313,0.9999257326126099,0.3775307834148407,0.638583242893219,-0.2842448651790619,0.9779561758041382,0.37144187092781067,0.7292093634605408,-0.04411831498146057,0.9760780930519104,0.3520444631576538,0.7612196207046509,-0.22763922810554504,0.9650998115539551,forward,39.59020969825817,1
1939,64.69796666666667,92.93317794799805,,,,,,,,,,,,,,,,,,,,0.4250936508178711,0.5509622693061829,-0.003036798909306526,0.9999282360076904,0.37708404660224915,0.6387979388237,-0.3396506607532501,0.9797468185424805,0.3712931275367737,0.7293117046356201,-0.06363248825073242,0.9777851700782776,0.3517076075077057,0.7612370848655701,-0.25536927580833435,0.9676015973091125,forward,33.90445265965695,1
1940,64.73133333333334,93.04428100585938,,,,,,,,,,,,,,,,,,,,0.42528027296066284,0.553148627281189,-0.001958738313987851,0.9999295473098755,0.37702473998069763,0.638881266117096,-0.34247666597366333,0.9811880588531494,0.3712799549102783,0.7293283939361572,-0.0949237197637558,0.979189932346344,0.3512101173400879,0.761242687702179,-0.2888529896736145,0.9697160124778748,forward,35.29416207240632,1
1941,64.7647,93.16396713256836,,,,,,,,,,,,,,,,,,,,0.4254229664802551,0.5549195408821106,-0.000881303334608674,0.9999319314956665,0.37686604261398315,0.6388893723487854,-0.3557174503803253,0.9825726747512817,0.37122923135757446,0.7293222546577454,-0.11699170619249344,0.9806087613105774,0.3509283661842346,0.7612624764442444,-0.3174491226673126,0.9719394445419312,forward,35.10730034944005,1
1942,64.79806666666667,94.73371505737305,,,,,,,,,,,,,,,,,,,,0.42557498812675476,0.556868314743042,-0.0008904201677069068,0.9999347925186157,0.37677568197250366,0.6390920281410217,-0.3980324864387512,0.9839233756065369,0.3712259531021118,0.7293055653572083,-0.13466212153434753,0.9818973541259766,0.3508850336074829,0.7612498998641968,-0.340117484331131,0.9739480018615723,forward,31.572256303207407,1
1943,64.83143333333334,94.6359634399414,,,,,,,,,,,,,,,,,,,,0.4257771670818329,0.5588157773017883,-0.0011258787708356977,0.9999374151229858,0.3766264319419861,0.6392848491668701,-0.41234463453292847,0.9851583242416382,0.3712294399738312,0.7293083667755127,-0.13923513889312744,0.9831058979034424,0.35095101594924927,0.7611982226371765,-0.34581926465034485,0.9757940173149109,forward,30.26980903279803,1
1944,64.8648,93.54376792907715,,,,,,,,,,,,,,,,,,,,0.42623788118362427,0.5608416199684143,-0.0006078137666918337,0.9999380707740784,0.3758746385574341,0.6399428844451904,-0.4236855208873749,0.9861485362052917,0.37130504846572876,0.7294410467147827,-0.15281309187412262,0.9838899374008179,0.35102713108062744,0.7611615061759949,-0.3589692711830139,0.9771203398704529,forward,29.798726568364522,1
1945,64.89816666666667,94.30623054504395,,,,,,,,,,,,,,,,,,,,0.4266633689403534,0.5632601976394653,-0.0005898234085179865,0.9999390244483948,0.374873548746109,0.6411771178245544,-0.4137340188026428,0.9870089292526245,0.371368408203125,0.7297827005386353,-0.1333925724029541,0.984534740447998,0.35090550780296326,0.7611886262893677,-0.33400237560272217,0.978182852268219,forward,29.189896832977063,1
1946,64.93153333333333,93.44696998596191,,,,,,,,,,,,,,,,,,,,0.4269215762615204,0.5659869313240051,-0.0006477844435721636,0.9999396800994873,0.3737988770008087,0.6419656276702881,-0.4264882504940033,0.9877774119377136,0.37170708179473877,0.7298924922943115,-0.13799399137496948,0.9850111603736877,0.3508796691894531,0.7611834406852722,-0.333880752325058,0.978999137878418,forward,27.99688114186485,1
1947,64.9649,93.40906143188477,,,,,,,,,,,,,,,,,,,,0.427107036113739,0.5687927007675171,-0.002911253599449992,0.9999383687973022,0.3733329474925995,0.6421302556991577,-0.4556116461753845,0.9883509278297424,0.3719467222690582,0.7299286127090454,-0.15808698534965515,0.9850533604621887,0.3519834578037262,0.7611677050590515,-0.35670748353004456,0.9792798757553101,forward,26.51165597725628,1
1948,64.99826666666667,92.62895584106445,,,,,,,,,,,,,,,,,,,,0.4272894561290741,0.5713303685188293,-0.0032069210428744555,0.9999380111694336,0.37237420678138733,0.6431108713150024,-0.4546121060848236,0.9886752367019653,0.37207868695259094,0.7300346493721008,-0.1529148817062378,0.9846882820129395,0.3522028625011444,0.761124312877655,-0.3480956554412842,0.9789780974388123,forward,25.981859898795285,1
1949,65.03163333333333,93.11699867248535,,,,,,,,,,,,,,,,,,,,0.42732587456703186,0.5727318525314331,-0.003767990740016103,0.9999377131462097,0.3716188967227936,0.6437787413597107,-0.45700621604919434,0.9888237118721008,0.37213295698165894,0.7300531268119812,-0.14735954999923706,0.9840885996818542,0.35215190052986145,0.7611620426177979,-0.33931034803390503,0.978381335735321,forward,25.35433519218787,1
1950,65.065,92.9720401763916,,,,,,,,,,,,,,,,,,,,0.4274132251739502,0.5753588080406189,-0.004086177796125412,0.9999376535415649,0.3705785274505615,0.6449854969978333,-0.45771947503089905,0.988914430141449,0.3721349239349365,0.7301486730575562,-0.14695627987384796,0.983223021030426,0.3521445095539093,0.7612523436546326,-0.3350422978401184,0.9774237275123596,forward,24.927686806857785,1
1951,65.09836666666666,93.34421157836914,,,,,,,,,,,,,,,,,,,,0.4274758994579315,0.5778700709342957,-0.00511885853484273,0.9999369978904724,0.36917978525161743,0.6466261744499207,-0.47054436802864075,0.9884045720100403,0.37210220098495483,0.730501115322113,-0.16595008969306946,0.9809775352478027,0.35302022099494934,0.7613300681114197,-0.3555355370044708,0.9751265645027161,forward,24.61592851132309,1
1952,65.13173333333333,92.71597862243652,,,,,,,,,,,,,,,,,,,,0.4275856912136078,0.5792748928070068,-0.005175359547138214,0.999937117099762,0.36824357509613037,0.648034930229187,-0.4608761668205261,0.9879056215286255,0.3721104860305786,0.7311242818832397,-0.16235631704330444,0.9790006279945374,0.3531237244606018,0.7614593505859375,-0.3511543869972229,0.9731281399726868,forward,24.95505587903076,1
1953,65.1651,93.21403503417969,,,,,,,,,,,,,,,,,,,,0.42761918902397156,0.5803812742233276,-0.005356110632419586,0.9999362826347351,0.3674951195716858,0.6488298177719116,-0.45125335454940796,0.9873728156089783,0.37211164832115173,0.7313956618309021,-0.161951944231987,0.9765877723693848,0.353116899728775,0.761479914188385,-0.3293662369251251,0.9706315994262695,forward,25.473354820066852,1
1954,65.19846666666666,94.49911117553711,,,,,,,,,,,,,,,,,,,,0.42771127820014954,0.5813846588134766,-0.005802343599498272,0.999936580657959,0.3674589991569519,0.6490420699119568,-0.4609382748603821,0.987248957157135,0.37210947275161743,0.7317089438438416,-0.16763976216316223,0.9756647944450378,0.3531060218811035,0.7615310549736023,-0.35172057151794434,0.969683051109314,forward,25.000445944934718,1
1955,65.23183333333334,93.73307228088379,,,,,,,,,,,,,,,,,,,,0.42791762948036194,0.5825212597846985,-0.005726934876292944,0.9999369978904724,0.3675558865070343,0.6490451693534851,-0.4599651098251343,0.9874159693717957,0.372068852186203,0.7320151925086975,-0.17087173461914062,0.9756411910057068,0.35307806730270386,0.7616451382637024,-0.35880395770072937,0.9697372317314148,forward,25.155582821516496,1
1956,65.26520000000001,93.60408782958984,,,,,,,,,,,,,,,,,,,,0.42808374762535095,0.5832307934761047,-0.005737975239753723,0.9999356865882874,0.36763471364974976,0.6493358016014099,-0.458631306886673,0.9870646595954895,0.3719140887260437,0.7319014072418213,-0.1673484891653061,0.9739100337028503,0.3529149293899536,0.7615858316421509,-0.34269097447395325,0.9677251577377319,forward,24.970734083739888,1
1957,65.29856666666667,93.50085258483887,,,,,,,,,,,,,,,,,,,,0.42810139060020447,0.5837739706039429,-0.006096274126321077,0.9999359846115112,0.3676679730415344,0.6493775844573975,-0.4756286144256592,0.9872176647186279,0.3718833029270172,0.7318965792655945,-0.16711930930614471,0.9736785292625427,0.3528330624103546,0.7615495920181274,-0.3509819805622101,0.9675183892250061,forward,23.76766099089664,1
1958,65.33193333333334,93.95265579223633,,,,,,,,,,,,,,,,,,,,0.4281117916107178,0.5839043259620667,-0.006987101398408413,0.9999363422393799,0.36774972081184387,0.6494966149330139,-0.4682469367980957,0.9875273108482361,0.37187957763671875,0.7318935394287109,-0.15699413418769836,0.973676860332489,0.35320690274238586,0.7615488171577454,-0.33530887961387634,0.9676260352134705,forward,23.79687103034519,1
1959,65.3653,92.75388717651367,,,,,,,,,,,,,,,,,,,,0.42817550897598267,0.5840429067611694,-0.007332260254770517,0.9999366998672485,0.3678942322731018,0.6494165658950806,-0.47178226709365845,0.9879024624824524,0.37186259031295776,0.7318732142448425,-0.1605079025030136,0.9740197658538818,0.35320380330085754,0.7615205645561218,-0.342659056186676,0.9681040644645691,forward,23.72098344435467,1
1960,65.39866666666667,94.16604042053223,,,,,,,,,,,,,,,,,,,,0.4282989799976349,0.5838298201560974,-0.007327209692448378,0.9999374747276306,0.3679984509944916,0.6493358016014099,-0.47224950790405273,0.9881976246833801,0.3718702495098114,0.7318680286407471,-0.1638142466545105,0.9742436408996582,0.35224777460098267,0.7614262104034424,-0.34782910346984863,0.9685187339782715,forward,23.86797644978407,1
1961,65.43203333333334,93.96815299987793,,,,,,,,,,,,,,,,,,,,0.4285065829753876,0.5834826827049255,-0.00720566650852561,0.9999386072158813,0.3680984079837799,0.6492955088615417,-0.47083571553230286,0.9885014295578003,0.37192562222480774,0.7317807078361511,-0.1543702781200409,0.9745147824287415,0.3509840965270996,0.7613734602928162,-0.33372268080711365,0.9689988493919373,forward,23.584538909080322,1
1962,65.4654,94.94781494140625,,,,,,,,,,,,,,,,,,,,0.4290207326412201,0.5833202600479126,-0.0069788116961717606,0.9999400973320007,0.3682273328304291,0.6492802500724792,-0.4674537777900696,0.9888997673988342,0.3719409108161926,0.7316386103630066,-0.14193159341812134,0.975071132183075,0.35090041160583496,0.7613662481307983,-0.3211144804954529,0.9697461724281311,forward,23.298412200450354,1
1963,65.49876666666667,92.94486045837402,,,,,,,,,,,,,,,,,,,,0.42925724387168884,0.5824275612831116,-0.00696140993386507,0.9999411702156067,0.36842748522758484,0.6492624878883362,-0.4605211913585663,0.9895547032356262,0.3719596862792969,0.731532871723175,-0.13152559101581573,0.9762979745864868,0.3507712781429291,0.7613505125045776,-0.3115096986293793,0.9712461233139038,forward,23.409825021089,1
1964,65.53213333333333,94.14386749267578,,,,,,,,,,,,,,,,,,,,0.42932257056236267,0.5807721018791199,-0.00695325993001461,0.9999428391456604,0.36896640062332153,0.6489719152450562,-0.46809548139572144,0.9901760220527649,0.3719702363014221,0.7314274907112122,-0.13559679687023163,0.9774184226989746,0.35071855783462524,0.7613258957862854,-0.314773827791214,0.9726570844650269,forward,23.31017396233218,1
1965,65.5655,93.95003318786621,,,,,,,,,,,,,,,,,,,,0.42950770258903503,0.5780996680259705,-0.006759334355592728,0.9999439120292664,0.3698973059654236,0.6484118700027466,-0.4701298475265503,0.9907805323600769,0.37197375297546387,0.7312238812446594,-0.13642951846122742,0.9786514043807983,0.35072261095046997,0.761241614818573,-0.3302772641181946,0.9741606712341309,forward,23.5362791014672,1
1966,65.59886666666667,93.1696891784668,,,,,,,,,,,,,,,,,,,,0.4296051561832428,0.5740565061569214,-0.0067497617565095425,0.9999433755874634,0.37056976556777954,0.6480556130409241,-0.45060083270072937,0.9912788271903992,0.37203508615493774,0.7306974530220032,-0.11817073822021484,0.9795886278152466,0.35106638073921204,0.761167585849762,-0.3063293397426605,0.9752920269966125,forward,24.449553746097546,1
1967,65.63223333333333,93.78385543823242,,,,,,,,,,,,,,,,,,,,0.4296686053276062,0.5696456432342529,-0.0067375097423791885,0.9999434947967529,0.37180182337760925,0.6465083360671997,-0.4418551027774811,0.9918714761734009,0.3721639811992645,0.7305470108985901,-0.12357030808925629,0.9809244275093079,0.35101157426834106,0.7610988020896912,-0.31229785084724426,0.9768837690353394,forward,25.819274827589723,1
1968,65.6656,94.40779685974121,,,,,,,,,,,,,,,,,,,,0.4299226701259613,0.5658552050590515,-0.005804640706628561,0.9999440908432007,0.3728085458278656,0.6447904109954834,-0.4327593445777893,0.9923911094665527,0.372175931930542,0.7302331328392029,-0.12068256735801697,0.9821063876152039,0.35083210468292236,0.7611122727394104,-0.31470873951911926,0.9783088564872742,forward,26.81389011169003,1
1969,65.69896666666666,92.7438735961914,,,,,,,,,,,,,,,,,,,,0.4300440549850464,0.5619519948959351,-0.005612350534647703,0.9999449849128723,0.3736763298511505,0.6432370543479919,-0.43463441729545593,0.992925763130188,0.37219443917274475,0.730014979839325,-0.12390611320734024,0.9833279252052307,0.35081031918525696,0.7610700726509094,-0.3225378394126892,0.9797815084457397,forward,27.34388411333947,1
1970,65.73233333333333,93.7967300415039,,,,,,,,,,,,,,,,,,,,0.4300488829612732,0.5590919256210327,-0.005353174172341824,0.999944806098938,0.37436163425445557,0.6417858600616455,-0.43446555733680725,0.9933266639709473,0.37212100625038147,0.7298113107681274,-0.12701164186000824,0.9842985272407532,0.3506431579589844,0.7611228227615356,-0.3337119519710541,0.9809748530387878,forward,27.888554801928308,1
1971,65.7657,93.45698356628418,,,,,,,,,,,,,,,,,,,,0.43000662326812744,0.5553457736968994,-0.004745000973343849,0.9999446272850037,0.37665802240371704,0.6398348212242126,-0.4024604558944702,0.9937392473220825,0.371832937002182,0.7295656204223633,-0.12481777369976044,0.9853992462158203,0.3504716753959656,0.7611389756202698,-0.33345967531204224,0.9823014736175537,forward,30.993030855555944,1
1972,65.79906666666666,94.04110908508301,,,,,,,,,,,,,,,,,,,,0.4300098121166229,0.5511549711227417,-0.0034170399885624647,0.9999445676803589,0.3784177601337433,0.6375100016593933,-0.3886812627315521,0.9941412806510925,0.37178099155426025,0.7293633818626404,-0.1254757195711136,0.9864964485168457,0.3505474030971527,0.7611243724822998,-0.34804362058639526,0.9836184978485107,forward,32.9914778339492,1
1973,65.83243333333334,94.64693069458008,,,,,,,,,,,,,,,,,,,,0.43004104495048523,0.5484350919723511,-0.0019583171233534813,0.9999423027038574,0.37954792380332947,0.6365693807601929,-0.3547476530075073,0.9943851828575134,0.3716639280319214,0.729286253452301,-0.10051015764474869,0.9873391389846802,0.3507964015007019,0.7612873911857605,-0.3274304270744324,0.9846255779266357,forward,35.29403142536264,1
1974,65.86580000000001,93.28603744506836,,,,,,,,,,,,,,,,,,,,0.4300405979156494,0.5453211665153503,-0.001485327142290771,0.9999414086341858,0.38079679012298584,0.6350811719894409,-0.3115229308605194,0.9943659901618958,0.37143248319625854,0.7292720675468445,-0.07271818816661835,0.9877747893333435,0.3502766489982605,0.7613632082939148,-0.2847929894924164,0.9851106405258179,forward,39.06333868214308,1
1975,65.89916666666667,94.20204162597656,,,,,,,,,,,,,,,,,,,,0.4299594461917877,0.5436457991600037,-0.0016675963997840881,0.9999415874481201,0.3818507194519043,0.6347220540046692,-0.26825645565986633,0.994309663772583,0.37110769748687744,0.7292715907096863,-0.03957958519458771,0.9881888031959534,0.35025715827941895,0.7615522742271423,-0.24100805819034576,0.9855303764343262,forward,42.923930122341396,1
1976,65.93253333333334,93.87612342834473,,,,,,,,,,,,,,,,,,,,0.42991724610328674,0.5418667197227478,-0.0017129367915913463,0.9999426007270813,0.38242200016975403,0.6343665719032288,-0.260085791349411,0.9943545460700989,0.37106025218963623,0.7294235229492188,-0.011176258325576782,0.9887509346008301,0.35028278827667236,0.7615436315536499,-0.21523445844650269,0.9861658215522766,forward,42.2505216222572,1
1977,65.9659,92.23794937133789,,,,,,,,,,,,,,,,,,,,0.42994728684425354,0.5398867130279541,-0.0017392541049048305,0.9999434947967529,0.382678359746933,0.6340335011482239,-0.19427013397216797,0.9942625164985657,0.3710079789161682,0.7294088006019592,0.03250496834516525,0.9891769886016846,0.35025057196617126,0.7613670825958252,-0.1574036180973053,0.9865639805793762,forward,50.844920572809855,1
1978,65.99926666666667,93.95980834960938,,,,,,,,,,,,,,,,,,,,0.4299945831298828,0.5387244820594788,-0.001768558518961072,0.9999436140060425,0.3835846483707428,0.6325013041496277,-0.25866228342056274,0.994040846824646,0.3709179162979126,0.7294179797172546,-0.02042386308312416,0.9892079830169678,0.35048943758010864,0.761372983455658,-0.21370069682598114,0.9865849614143372,forward,43.83372164377728,1
1979,66.03263333333334,94.23398971557617,,,,,,,,,,,,,,,,,,,,0.43000850081443787,0.5371463894844055,-0.0021987392101436853,0.9999446272850037,0.3838930130004883,0.6324199438095093,-0.1960991770029068,0.9937840104103088,0.3708839416503906,0.7294110655784607,0.031091276556253433,0.9893646836280823,0.35069239139556885,0.7614040374755859,-0.1509295552968979,0.9866167306900024,forward,51.240296741987606,1
1980,66.066,94.68984603881836,,,,,,,,,,,,,,,,,,,,0.4300116002559662,0.5365763306617737,-0.0022142387460917234,0.9999454617500305,0.3840332627296448,0.6322656869888306,-0.18296489119529724,0.9933382868766785,0.37090328335762024,0.7293070554733276,0.06057077273726463,0.9893328547477722,0.3508533835411072,0.7614084482192993,-0.12225677818059921,0.9863936305046082,forward,51.663209995367446,1
1981,66.09936666666667,94.71297264099121,,,,,,,,,,,,,,,,,,,,0.42999935150146484,0.5358228087425232,-0.0022294993977993727,0.9999464750289917,0.3842848539352417,0.631941020488739,-0.1801580935716629,0.9926789999008179,0.37089240550994873,0.7292401790618896,0.06435077637434006,0.9891893863677979,0.350868821144104,0.7614114284515381,-0.11247725039720535,0.9860699772834778,forward,52.12508813973131,1
1982,66.13273333333333,92.92197227478027,,,,,,,,,,,,,,,,,,,,0.42999860644340515,0.5348037481307983,-0.00185205671004951,0.9999473094940186,0.38458317518234253,0.6318765878677368,-0.1542857587337494,0.9923011660575867,0.37079793214797974,0.729150116443634,0.08845435827970505,0.9892245531082153,0.35082489252090454,0.7614284157752991,-0.08710771799087524,0.9859210252761841,forward,56.498833240634504,1
1983,66.1661,93.05381774902344,,,,,,,,,,,,,,,,,,,,0.4299463927745819,0.5339735746383667,-0.001869744504801929,0.9999470114707947,0.3849521577358246,0.6320220828056335,-0.1129610538482666,0.9918989539146423,0.3707147538661957,0.7290214896202087,0.11283785849809647,0.9892810583114624,0.350801944732666,0.7614219188690186,-0.05598066747188568,0.9857256412506104,forward,66.93674229043847,1
1984,66.19946666666667,93.5969352722168,,,,,,,,,,,,,,,,,,,,0.4298432767391205,0.533341109752655,-0.00186448753811419,0.9999473690986633,0.38572728633880615,0.6321180462837219,-0.10421453416347504,0.9917662739753723,0.37075623869895935,0.7288787364959717,0.12730395793914795,0.9895702600479126,0.3506254255771637,0.7614495158195496,-0.04566270858049393,0.9858933687210083,forward,68.89820774915289,1
1985,66.23283333333333,92.78988838195801,,,,,,,,,,,,,,,,,,,,0.42963889241218567,0.5328810811042786,-0.001851172186434269,0.9999464154243469,0.38696810603141785,0.6322110295295715,-0.08890262246131897,0.99125736951828,0.3708690404891968,0.7288368940353394,0.11249170452356339,0.9894742965698242,0.35060322284698486,0.761462926864624,-0.050813257694244385,0.9854956865310669,forward,76.5183749336173,1
1986,66.2662,93.3690071105957,,,,,,,,,,,,,,,,,,,,0.4296463429927826,0.5323812961578369,-0.0014158888952806592,0.9999449849128723,0.38774165511131287,0.6320488452911377,-0.08931266516447067,0.9898737668991089,0.3708866834640503,0.7288376092910767,0.0897756963968277,0.9885234236717224,0.35053518414497375,0.7614762783050537,-0.06643046438694,0.9838222861289978,forward,79.08732161865134,1
1987,66.29956666666666,93.39284896850586,,,,,,,,,,,,,,,,,,,,0.42953404784202576,0.5321800112724304,-0.0009688508580438793,0.9999441504478455,0.38824641704559326,0.6319745779037476,-0.0730878934264183,0.9876324534416199,0.3708963394165039,0.7288753986358643,0.07907169312238693,0.9868686199188232,0.35047587752342224,0.7614763975143433,-0.06806421279907227,0.9811878204345703,forward,88.5705977043336,1
1988,66.33293333333333,93.94001960754395,,,,,,,,,,,,,,,,,,,,0.42916205525398254,0.5316700339317322,-0.0008636385900899768,0.9999420046806335,0.389152854681015,0.6316905617713928,-0.0666455626487732,0.98477703332901,0.3709286153316498,0.7289478778839111,0.07438864558935165,0.9845601320266724,0.3505786657333374,0.7614231705665588,-0.06961074471473694,0.9776176810264587,forward,93.10886725555604,1
1989,66.3663,92.47684478759766,,,,,,,,,,,,,,,,,,,,0.4290083050727844,0.5307102203369141,-0.0008083962020464242,0.9999392032623291,0.39020949602127075,0.6313955187797546,-0.05317242443561554,0.980466365814209,0.37094858288764954,0.728958010673523,0.07157572358846664,0.9809117913246155,0.3507314920425415,0.761387825012207,-0.06387530267238617,0.9725638628005981,forward,102.18335612539417,1
1990,66.39966666666666,93.23978424072266,,,,,,,,,,,,,,,,,,,,0.42878469824790955,0.5299402475357056,-0.0008107226458378136,0.9999370574951172,0.3909066617488861,0.6308788657188416,-0.05970727279782295,0.9776034355163574,0.37095850706100464,0.7289583683013916,0.07135697454214096,0.9785420894622803,0.35073211789131165,0.761393129825592,-0.07269544899463654,0.9690656065940857,forward,98.3338084652137,1
1991,66.43303333333334,93.94264221191406,,,,,,,,,,,,,,,,,,,,0.42837658524513245,0.5295315384864807,-0.0006309294258244336,0.9999349117279053,0.39099007844924927,0.6306079626083374,-0.06627292931079865,0.9753246307373047,0.3710689842700958,0.7289854884147644,0.07075820863246918,0.9768413305282593,0.3507320284843445,0.7613809704780579,-0.07763306796550751,0.9665135145187378,forward,94.53145507261125,1
1992,66.46640000000001,92.57292747497559,,,,,,,,,,,,,,,,,,,,0.4282298684120178,0.5294596552848816,-0.0006543986964970827,0.9999318718910217,0.39103686809539795,0.6304442882537842,-0.05903947725892067,0.9719268679618835,0.3710807263851166,0.729058563709259,0.06973466277122498,0.9735053777694702,0.35125118494033813,0.7612490057945251,-0.07012243568897247,0.9615398645401001,forward,99.15173418956789,1
1993,66.49976666666667,93.19901466369629,,,,,,,,,,,,,,,,,,,,0.4279777407646179,0.5292147397994995,-0.000888782786205411,0.9999318718910217,0.39100381731987,0.6303829550743103,-0.06788122653961182,0.970684289932251,0.3710783123970032,0.7292127013206482,0.07211779057979584,0.9727373719215393,0.3514794111251831,0.7612352967262268,-0.07070055603981018,0.9603675007820129,forward,93.55323824527265,1
1994,66.53313333333334,92.8659439086914,,,,,,,,,,,,,,,,,,,,0.42746976017951965,0.5292545557022095,-0.001101274392567575,0.9999315142631531,0.3909848928451538,0.6303316354751587,-0.07313898950815201,0.9697023630142212,0.37107762694358826,0.7292913794517517,0.07359909266233444,0.9721396565437317,0.3519739806652069,0.7612860798835754,-0.07354650646448135,0.9594617486000061,forward,90.39338232469461,1
1995,66.5665,94.57898139953613,,,,,,,,,,,,,,,,,,,,0.4270418584346771,0.5292409062385559,-0.0011841346276924014,0.999928891658783,0.390851229429245,0.6301819086074829,-0.06819115579128265,0.9657813310623169,0.3710789978504181,0.7292929887771606,0.06415553390979767,0.9685901999473572,0.35220471024513245,0.7612899541854858,-0.07547085732221603,0.9545881748199463,forward,95.04539082521542,1
1996,66.59986666666667,94.29359436035156,,,,,,,,,,,,,,,,,,,,0.42656201124191284,0.529266357421875,-0.0013391115935519338,0.9999276399612427,0.39053162932395935,0.6300979852676392,-0.07393952459096909,0.9647158980369568,0.37115219235420227,0.7292931079864502,0.061510030180215836,0.9678423404693604,0.3522174656391144,0.761277437210083,-0.08810649067163467,0.9534286856651306,forward,92.27151842415643,1
1997,66.63323333333334,93.53923797607422,,,,,,,,,,,,,,,,,,,,0.42604678869247437,0.5293358564376831,-0.0016854103887453675,0.9999254941940308,0.3901866674423218,0.6300618052482605,-0.07812676578760147,0.9623849987983704,0.37123680114746094,0.7292740941047668,0.049096524715423584,0.9656063318252563,0.3523535132408142,0.76125168800354,-0.09162653237581253,0.9500288963317871,forward,92.54398160215739,1
1998,66.6666,93.42288970947266,,,,,,,,,,,,,,,,,,,,0.4250986874103546,0.5293711423873901,-0.00199610716663301,0.9999244809150696,0.38954511284828186,0.6300650835037231,-0.08765608072280884,0.9606010913848877,0.37131667137145996,0.7291873097419739,0.04819164425134659,0.9639360308647156,0.352361798286438,0.7612449526786804,-0.09276115894317627,0.9475255012512207,forward,87.50606427698442,1
1999,66.69996666666667,93.60408782958984,,,,,,,,,,,,,,,,,,,,0.42434078454971313,0.5294508337974548,-0.0021974388509988785,0.9999238848686218,0.3885457515716553,0.6301451325416565,-0.08820237219333649,0.9582431316375732,0.3713601529598236,0.7290420532226562,0.04895508289337158,0.9612971544265747,0.352172315120697,0.7612600326538086,-0.07803184539079666,0.9436699151992798,forward,86.99390647969071,1
2000,66.73333333333333,92.62371063232422,,,,,,,,,,,,,,,,,,,,0.423922061920166,0.5295204520225525,-0.002251869300380349,0.9999240040779114,0.3877517282962799,0.6301879286766052,-0.0907835140824318,0.9569423794746399,0.3714562952518463,0.7289491891860962,0.05006556212902069,0.9598420858383179,0.35176318883895874,0.7612627148628235,-0.07842560857534409,0.9413666129112244,forward,85.36661462815779,1
2001,66.7667,92.83185005187988,,,,,,,,,,,,,,,,,,,,0.4235430955886841,0.529905378818512,-0.0022559352219104767,0.999923825263977,0.3871077001094818,0.6303824186325073,-0.0943804383277893,0.9564216732978821,0.3715459406375885,0.7288333773612976,0.058980654925107956,0.9591415524482727,0.3513840138912201,0.7612616419792175,-0.07322204858064651,0.9400473237037659,forward,81.82643902554793,1
2002,66.80006666666667,92.56577491760254,,,,,,,,,,,,,,,,,,,,0.4234372675418854,0.5308347344398499,-0.0022835773415863514,0.9999251365661621,0.3864138424396515,0.6306836605072021,-0.09409993141889572,0.9569190144538879,0.3715607821941376,0.7288053631782532,0.07893192768096924,0.959710419178009,0.35104238986968994,0.7612587809562683,-0.06376993656158447,0.9406030178070068,forward,78.60803227232601,1
2003,66.83343333333333,93.33515167236328,,,,,,,,,,,,,,,,,,,,0.423374205827713,0.5318794846534729,-0.0022881613112986088,0.9999245405197144,0.3857673406600952,0.631386935710907,-0.09643516689538956,0.9565998911857605,0.3715667128562927,0.7287836670875549,0.07552209496498108,0.9590048789978027,0.35078370571136475,0.7612484693527222,-0.0610518716275692,0.9393848180770874,forward,77.76754692113441,1
2004,66.8668,92.77987480163574,,,,,,,,,,,,,,,,,,,,0.4233630299568176,0.5326660871505737,-0.002291094744578004,0.9999247789382935,0.38488996028900146,0.6319290995597839,-0.10195915400981903,0.956857442855835,0.3715674877166748,0.7287784218788147,0.07915900647640228,0.9589954018592834,0.3506017029285431,0.7612417340278625,-0.05919324979186058,0.9394330978393555,forward,74.68919753653087,1
2005,66.90016666666666,93.40596199035645,,,,,,,,,,,,,,,,,,,,0.42336446046829224,0.5339614748954773,-0.0025531789287924767,0.9999241232872009,0.3842632472515106,0.6322522759437561,-0.11979617178440094,0.9565803408622742,0.3715563416481018,0.728803813457489,0.07111360132694244,0.9583922028541565,0.35051265358924866,0.7612255811691284,-0.06970489770174026,0.9387151002883911,forward,68.51355378683351,1
2006,66.93353333333333,94.37799453735352,,,,,,,,,,,,,,,,,,,,0.42349952459335327,0.5352372527122498,-0.002991526387631893,0.9999244213104248,0.3830764591693878,0.6324100494384766,-0.1737479865550995,0.9584449529647827,0.37147608399391174,0.7289195656776428,0.03346477076411247,0.9597896337509155,0.35033079981803894,0.7612282037734985,-0.1248856857419014,0.9409351348876953,forward,56.20527613011747,1
2007,66.9669,94.22087669372559,,,,,,,,,,,,,,,,,,,,0.4241796135902405,0.5365085005760193,-0.0021385878790169954,0.9999259114265442,0.38221415877342224,0.6325429081916809,-0.1716698706150055,0.9610474109649658,0.3714779317378998,0.7291250228881836,0.029902001842856407,0.962078332901001,0.3502577543258667,0.7614721655845642,-0.13693277537822723,0.9442145824432373,forward,56.76088862068675,1
2008,67.00026666666666,93.81771087646484,,,,,,,,,,,,,,,,,,,,0.4246149957180023,0.538023054599762,-0.0021110966335982084,0.9999260902404785,0.38156479597091675,0.6330145597457886,-0.1943349689245224,0.963191032409668,0.3714614510536194,0.7291275262832642,0.015468263998627663,0.9637656211853027,0.35010161995887756,0.7614919543266296,-0.14981146156787872,0.9467406272888184,forward,52.48293610450675,1
2009,67.03363333333334,93.79100799560547,,,,,,,,,,,,,,,,,,,,0.4248768985271454,0.5402063727378845,-0.000909173977561295,0.9999268054962158,0.38075098395347595,0.6335688233375549,-0.21581628918647766,0.9659101963043213,0.3714088201522827,0.7290962934494019,0.025630196556448936,0.9661385416984558,0.35057440400123596,0.7615829110145569,-0.14680784940719604,0.9502153992652893,forward,46.60948834262546,1
2010,67.06700000000001,93.00494194030762,,,,,,,,,,,,,,,,,,,,0.42500683665275574,0.5421950221061707,-0.0007922812947072089,0.999927282333374,0.37989091873168945,0.6343910098075867,-0.21038956940174103,0.9682239890098572,0.3717919588088989,0.7290962934494019,0.023670386523008347,0.9679672122001648,0.3508599102497101,0.7614539861679077,-0.14153854548931122,0.9527604579925537,forward,47.327913752674725,1
2011,67.10036666666667,93.25790405273438,,,,,,,,,,,,,,,,,,,,0.4253212809562683,0.5440829396247864,-0.00058879388961941,0.9999280571937561,0.3792276680469513,0.6355667114257812,-0.22917978465557098,0.970309317111969,0.3717826306819916,0.7291321158409119,0.01200992800295353,0.9695873260498047,0.35146644711494446,0.7614538073539734,-0.158471941947937,0.9551994204521179,forward,44.511943537778535,1
2012,67.13373333333334,93.55783462524414,,,,,,,,,,,,,,,,,,,,0.42556431889533997,0.5460239052772522,-0.0006311543984338641,0.9999297261238098,0.37889915704727173,0.6362947821617126,-0.2764459252357483,0.9725311994552612,0.3717559576034546,0.7291303277015686,-0.028093479573726654,0.9715138077735901,0.3513842225074768,0.7613257169723511,-0.20084261894226074,0.9580759406089783,forward,39.92791269352581,1
2013,67.1671,94.28095817565918,,,,,,,,,,,,,,,,,,,,0.42573246359825134,0.5483647584915161,-0.0008235034765675664,0.9999326467514038,0.3787839710712433,0.6370084285736084,-0.2950971722602844,0.9747390747070312,0.3712467849254608,0.7291359305381775,-0.03432710841298103,0.9736033082008362,0.3506633937358856,0.7613298296928406,-0.2179579883813858,0.9611819982528687,forward,37.52607190192082,1
2014,67.20046666666667,92.76986122131348,,,,,,,,,,,,,,,,,,,,0.4259006679058075,0.5510426759719849,-0.00026802619686350226,0.9999348521232605,0.3786937892436981,0.6373968124389648,-0.31178048253059387,0.9767683744430542,0.3712163269519806,0.7291324138641357,-0.07253483682870865,0.9754796624183655,0.35054439306259155,0.7613196969032288,-0.26466143131256104,0.9640019536018372,forward,37.70703399729898,1
2015,67.23383333333334,93.292236328125,,,,,,,,,,,,,,,,,,,,0.4259679317474365,0.5537999868392944,6.724041304551065e-05,0.9999370574951172,0.3782941401004791,0.6381572484970093,-0.3163362145423889,0.9784300923347473,0.37112101912498474,0.7291421890258789,-0.07067880034446716,0.9769107699394226,0.35030844807624817,0.7613566517829895,-0.25574007630348206,0.9662479162216187,forward,36.49993232343222,1
2016,67.2672,93.1088924407959,,,,,,,,,,,,,,,,,,,,0.4261755347251892,0.5549535155296326,0.0004542380920611322,0.9999396204948425,0.3780972957611084,0.6384813189506531,-0.36588382720947266,0.9802201390266418,0.37112390995025635,0.7291424870491028,-0.09524986147880554,0.9786844253540039,0.34959712624549866,0.7614272832870483,-0.29648569226264954,0.9689533710479736,forward,32.47651878254639,1
2017,67.30056666666667,91.95804595947266,,,,,,,,,,,,,,,,,,,,0.4267946183681488,0.5576518177986145,0.000386548024835065,0.9999421834945679,0.3774610757827759,0.6391527056694031,-0.3836866617202759,0.9817742705345154,0.37109485268592834,0.729221761226654,-0.12474925071001053,0.9801602959632874,0.349599152803421,0.7614426016807556,-0.3294202983379364,0.971284806728363,forward,32.2289524451048,1
2018,67.33393333333333,92.40293502807617,,,,,,,,,,,,,,,,,,,,0.42698925733566284,0.5592430233955383,-0.0004241068090777844,0.999945342540741,0.37643495202064514,0.6395143866539001,-0.402670294046402,0.9832392334938049,0.3712013363838196,0.7293851971626282,-0.14340642094612122,0.9815869331359863,0.3499326705932617,0.7614419460296631,-0.34967029094696045,0.9734891653060913,forward,31.404014652609778,1
2019,67.3673,92.93007850646973,,,,,,,,,,,,,,,,,,,,0.427137553691864,0.561914324760437,-0.00042312178993597627,0.9999480843544006,0.3745141625404358,0.6407338976860046,-0.41866713762283325,0.9845300912857056,0.37149086594581604,0.7293861508369446,-0.11401212215423584,0.9827846884727478,0.3499944508075714,0.7614441514015198,-0.3107222616672516,0.9753212928771973,forward,27.88697234700715,1
2020,67.40066666666667,94.10405158996582,,,,,,,,,,,,,,,,,,,,0.42730140686035156,0.5643361806869507,-0.00041395510197617114,0.9999503493309021,0.3737313449382782,0.6409555673599243,-0.4427900016307831,0.9856560230255127,0.3716147541999817,0.7294276356697083,-0.1314401626586914,0.9837689399719238,0.35037848353385925,0.7614421248435974,-0.33310532569885254,0.9768456220626831,forward,26.617261510772323,1
2021,67.43403333333333,93.20235252380371,,,,,,,,,,,,,,,,,,,,0.427324116230011,0.5666776299476624,-0.00011073992209276184,0.9999524354934692,0.37267565727233887,0.6419371366500854,-0.44710007309913635,0.9867072105407715,0.3717605471611023,0.7297374606132507,-0.13697844743728638,0.9846939444541931,0.3509633541107178,0.7612852454185486,-0.33752477169036865,0.978271484375,forward,26.264832539647262,1
2022,67.4674,92.41032600402832,,,,,,,,,,,,,,,,,,,,0.42739811539649963,0.568772554397583,0.0001899835333460942,0.9999540448188782,0.37219953536987305,0.6428088545799255,-0.45052042603492737,0.98748379945755,0.37188294529914856,0.7298029661178589,-0.12440241873264313,0.9851606488227844,0.3512645363807678,0.7612716555595398,-0.31825050711631775,0.97909015417099,forward,25.182268057174014,1
2023,67.50076666666666,92.0097827911377,,,,,,,,,,,,,,,,,,,,0.4274056553840637,0.5708024501800537,-0.00028031881083734334,0.9999554753303528,0.37118324637413025,0.6439177393913269,-0.46418496966362,0.9878167510032654,0.37186893820762634,0.7300952076911926,-0.1539721041917801,0.9850406646728516,0.3513478636741638,0.761218249797821,-0.35169246792793274,0.9792184829711914,forward,25.325749524900015,1
2024,67.53413333333333,93.34778785705566,,,,,,,,,,,,,,,,,,,,0.42737433314323425,0.5730161070823669,-0.0010835339780896902,0.9999561309814453,0.3699689507484436,0.6455510258674622,-0.46153587102890015,0.9877220392227173,0.37187111377716064,0.7302812933921814,-0.14481782913208008,0.9841612577438354,0.3515245020389557,0.7612137198448181,-0.33869481086730957,0.978423535823822,forward,24.785328364145553,1
2025,67.5675,93.29986572265625,,,,,,,,,,,,,,,,,,,,0.4272250533103943,0.5758646130561829,-0.001716741593554616,0.9999571442604065,0.3684414327144623,0.6464858651161194,-0.47054144740104675,0.9875900745391846,0.3718760311603546,0.7306593060493469,-0.1522456556558609,0.9833107590675354,0.3515126705169678,0.7613714337348938,-0.34236523509025574,0.9776242971420288,forward,24.194662967386126,1
2026,67.60086666666666,139.5108699798584,,,,,,,,,,,,,,,,,,,,0.42708855867385864,0.5777663588523865,-0.0019059686455875635,0.9999580383300781,0.3674280345439911,0.646925151348114,-0.46612778306007385,0.9875845313072205,0.37188345193862915,0.7308458089828491,-0.14650624990463257,0.9827964901924133,0.35139602422714233,0.76141756772995,-0.3358185887336731,0.9771674275398254,forward,24.0040300089975,1
2027,67.63423333333334,92.43488311767578,,,,,,,,,,,,,,,,,,,,0.42694297432899475,0.5798543691635132,-0.0024396399967372417,0.9999587535858154,0.36681267619132996,0.6470792293548584,-0.47631677985191345,0.9875195622444153,0.3719133138656616,0.7308939695358276,-0.14726290106773376,0.9819389581680298,0.35136303305625916,0.7613266706466675,-0.333368718624115,0.9763665795326233,forward,23.170401066265953,1
2028,67.66760000000001,93.3539867401123,,,,,,,,,,,,,,,,,,,,0.42677178978919983,0.5813767910003662,-0.003640066832304001,0.9999593496322632,0.36634761095046997,0.6471229195594788,-0.4894620478153229,0.987698495388031,0.3719046413898468,0.7309547066688538,-0.1709338277578354,0.9815928339958191,0.35103893280029297,0.7612615823745728,-0.3626202940940857,0.9761943221092224,forward,23.191754069433465,1
2029,67.70096666666667,93.44983100891113,,,,,,,,,,,,,,,,,,,,0.4266703724861145,0.5824663639068604,-0.004926629364490509,0.9999598860740662,0.3664763271808624,0.6472819447517395,-0.4893120527267456,0.9874939918518066,0.37190350890159607,0.7309505343437195,-0.18277738988399506,0.9804143309593201,0.3510799705982208,0.7611491680145264,-0.3758935332298279,0.9752135276794434,forward,23.607783203490545,1
2030,67.73433333333334,93.52898597717285,,,,,,,,,,,,,,,,,,,,0.42668530344963074,0.5836418271064758,-0.005108030512928963,0.9999606013298035,0.3665461540222168,0.6473626494407654,-0.48510509729385376,0.9874059557914734,0.371930867433548,0.730945348739624,-0.1814294159412384,0.9795981645584106,0.3512086868286133,0.7609128952026367,-0.37288573384284973,0.974493682384491,forward,23.681535671305284,1
2031,67.7677,92.2391414642334,,,,,,,,,,,,,,,,,,,,0.4267610013484955,0.5840935111045837,-0.00503366906195879,0.9999611377716064,0.36659467220306396,0.6472593545913696,-0.48431622982025146,0.9875436425209045,0.371988981962204,0.7310724258422852,-0.19018149375915527,0.9794893860816956,0.3512296974658966,0.7607990503311157,-0.384713351726532,0.9744738340377808,forward,24.12198732688375,1
2032,67.80106666666667,92.91887283325195,,,,,,,,,,,,,,,,,,,,0.4268491268157959,0.5846970081329346,-0.0048085590824484825,0.9999616742134094,0.36700311303138733,0.6471841335296631,-0.4799164831638336,0.9876283407211304,0.3720814883708954,0.7310895919799805,-0.1800864189863205,0.9792714715003967,0.35152268409729004,0.7606487274169922,-0.3735324740409851,0.9742881655693054,forward,23.87223284621689,1
2033,67.83443333333334,92.87714958190918,,,,,,,,,,,,,,,,,,,,0.4270312488079071,0.5844679474830627,-0.004782482981681824,0.9999625086784363,0.367784321308136,0.6471416354179382,-0.4822447597980499,0.9874488115310669,0.37215396761894226,0.7311097383499146,-0.17829030752182007,0.9786999225616455,0.3515567481517792,0.7606486678123474,-0.373389333486557,0.9737356901168823,forward,23.68699527690568,1
2034,67.8678,94.43092346191406,,,,,,,,,,,,,,,,,,,,0.4273182153701782,0.5844097137451172,-0.00460755405947566,0.9999634027481079,0.3687843680381775,0.6470803022384644,-0.48030537366867065,0.9872327446937561,0.37221765518188477,0.7311012744903564,-0.1821894347667694,0.9781895875930786,0.3515959680080414,0.7606412768363953,-0.37868282198905945,0.9732407927513123,forward,24.027652316774958,1
2035,67.90116666666667,92.58699417114258,,,,,,,,,,,,,,,,,,,,0.42754802107810974,0.5847482085227966,-0.004591279197484255,0.9999643564224243,0.3694189786911011,0.6470092535018921,-0.4835800230503082,0.9868649244308472,0.37223020195961,0.7311068177223206,-0.20221270620822906,0.9772703051567078,0.35164356231689453,0.7606428861618042,-0.400163859128952,0.9723631739616394,forward,24.800653165281684,1
2036,67.93453333333333,93.32799911499023,,,,,,,,,,,,,,,,,,,,0.42774826288223267,0.5847635865211487,-0.004379668738692999,0.9999653100967407,0.36988088488578796,0.6469744443893433,-0.48418018221855164,0.9864971041679382,0.3722761273384094,0.7310568690299988,-0.19608601927757263,0.9764357805252075,0.3517591655254364,0.7606127262115479,-0.3929450809955597,0.9715163707733154,forward,24.440215150409255,1
2037,67.9679,94.36416625976562,,,,,,,,,,,,,,,,,,,,0.4278433918952942,0.5846596956253052,-0.004365813452750444,0.9999658465385437,0.370196133852005,0.6469584107398987,-0.4825749695301056,0.986336350440979,0.3723228871822357,0.7309825420379639,-0.19088922441005707,0.9758989214897156,0.3517971336841583,0.7605664730072021,-0.38663822412490845,0.9710265398025513,forward,24.294807111191034,1
2038,68.00126666666667,94.35176849365234,,,,,,,,,,,,,,,,,,,,0.42785733938217163,0.5845396518707275,-0.004339274019002914,0.9999666810035706,0.3706256151199341,0.646936297416687,-0.48528674244880676,0.9866595268249512,0.3724229335784912,0.7307977080345154,-0.1929946392774582,0.976292610168457,0.3518429696559906,0.7605031728744507,-0.39168065786361694,0.9715064764022827,forward,24.20258619504936,1
2039,68.03463333333333,94.35105323791504,,,,,,,,,,,,,,,,,,,,0.4278787076473236,0.584397554397583,-0.004189123399555683,0.9999676942825317,0.370979368686676,0.6468908190727234,-0.4863623082637787,0.9869785904884338,0.37249040603637695,0.7306498289108276,-0.1950148642063141,0.9767292141914368,0.35183945298194885,0.7603628039360046,-0.3919103741645813,0.9720896482467651,forward,24.225746901385588,1
2040,68.068,93.77408027648926,,,,,,,,,,,,,,,,,,,,0.4280604422092438,0.5843233466148376,-0.0041315555572509766,0.9999685883522034,0.3711705505847931,0.6468745470046997,-0.49099811911582947,0.987378716468811,0.37252217531204224,0.7305535674095154,-0.19796982407569885,0.9773966073989868,0.3511865735054016,0.7602896094322205,-0.3964988887310028,0.9728771448135376,forward,24.059226429491652,1
2041,68.10136666666666,93.84298324584961,,,,,,,,,,,,,,,,,,,,0.4281555414199829,0.5837395787239075,-0.004078909754753113,0.9999697208404541,0.3714231550693512,0.6468692421913147,-0.4931403398513794,0.9877824783325195,0.3725278973579407,0.7305505275726318,-0.21168220043182373,0.97821044921875,0.35047438740730286,0.760277509689331,-0.4162830114364624,0.9738782048225403,forward,24.68825728073349,1
2042,68.13473333333333,92.21506118774414,,,,,,,,,,,,,,,,,,,,0.42818182706832886,0.5822216272354126,-0.0040639531798660755,0.9999706745147705,0.37183165550231934,0.6467835307121277,-0.49613523483276367,0.9880856871604919,0.3725014328956604,0.7306720614433289,-0.2147894948720932,0.9789010882377625,0.3501136898994446,0.7602397799491882,-0.42379269003868103,0.9747142791748047,forward,24.84889843943863,1
2043,68.1681,93.90115737915039,,,,,,,,,,,,,,,,,,,,0.4281947612762451,0.5798631310462952,-0.0040750582702457905,0.9999714493751526,0.37256723642349243,0.6467015743255615,-0.49841392040252686,0.9884015917778015,0.3724575638771057,0.7307116389274597,-0.2091452032327652,0.9795023202896118,0.35004425048828125,0.7602398991584778,-0.4178711771965027,0.9754499197006226,forward,24.68475766447989,1
2044,68.20146666666666,93.59598159790039,,,,,,,,,,,,,,,,,,,,0.4284195899963379,0.5766328573226929,-0.0041057956404984,0.9999718070030212,0.3729354739189148,0.6464895606040955,-0.49727877974510193,0.9889810681343079,0.3724382519721985,0.7307043671607971,-0.18437473475933075,0.980522096157074,0.3499334156513214,0.7602382898330688,-0.39627352356910706,0.9766530394554138,forward,23.96116798962906,1
2045,68.23483333333334,92.64206886291504,,,,,,,,,,,,,,,,,,,,0.4284270405769348,0.5740140080451965,-0.004099197685718536,0.9999725818634033,0.37331652641296387,0.6462832689285278,-0.4966326057910919,0.9894369840621948,0.3724447190761566,0.7305577993392944,-0.18016859889030457,0.9814249277114868,0.349976122379303,0.7601886987686157,-0.39352864027023315,0.9777412414550781,forward,24.0974178605897,1
2046,68.26820000000001,92.29278564453125,,,,,,,,,,,,,,,,,,,,0.42844992876052856,0.5699945092201233,-0.00409437483176589,0.9999731183052063,0.37368112802505493,0.645828902721405,-0.493424654006958,0.9899098873138428,0.3724464476108551,0.7302976846694946,-0.1765802949666977,0.9823936223983765,0.34997251629829407,0.7602074146270752,-0.3922637104988098,0.9788475632667542,forward,24.57266702813177,1
2047,68.30156666666667,93.59598159790039,,,,,,,,,,,,,,,,,,,,0.42858994007110596,0.5665676593780518,-0.004217174369841814,0.9999736547470093,0.37421417236328125,0.6445068120956421,-0.4800039231777191,0.9903010129928589,0.37248584628105164,0.7300422191619873,-0.17775984108448029,0.9832378625869751,0.3501409590244293,0.7598475217819214,-0.3923364281654358,0.9798229932785034,forward,25.946964111586674,1
2048,68.33493333333334,93.66297721862793,,,,,,,,,,,,,,,,,,,,0.428781121969223,0.5635150671005249,-0.004337587859481573,0.9999741911888123,0.3745754659175873,0.6432875394821167,-0.4723246395587921,0.9908648729324341,0.3724883794784546,0.7300195097923279,-0.17446185648441315,0.9842811822891235,0.35008904337882996,0.7598435878753662,-0.38697710633277893,0.9810513854026794,forward,26.759335262786895,1
2049,68.3683,93.21880340576172,,,,,,,,,,,,,,,,,,,,0.4287833273410797,0.5604310631752014,-0.004881621804088354,0.9999745488166809,0.3754701614379883,0.6412045359611511,-0.47411102056503296,0.9911771416664124,0.3724973797798157,0.7299191951751709,-0.17636755108833313,0.9848839640617371,0.3501192629337311,0.7597814798355103,-0.3876209259033203,0.9818101525306702,forward,27.20712347471928,1
2050,68.40166666666667,92.62990951538086,,,,,,,,,,,,,,,,,,,,0.4289480447769165,0.5571883916854858,-0.005263937171548605,0.9999750256538391,0.3760555386543274,0.6399586200714111,-0.46626201272010803,0.9917687177658081,0.37249624729156494,0.7298651337623596,-0.17563869059085846,0.9859481453895569,0.35008829832077026,0.7599731087684631,-0.38715624809265137,0.9830940961837769,forward,28.22647245856043,1
2051,68.43503333333334,93.72901916503906,,,,,,,,,,,,,,,,,,,,0.429036021232605,0.5533718466758728,-0.006068809889256954,0.9999753832817078,0.3780379593372345,0.6385815739631653,-0.4516414701938629,0.9922977685928345,0.37248849868774414,0.7298316359519958,-0.17526094615459442,0.9868917465209961,0.3500898480415344,0.7604921460151672,-0.38735660910606384,0.9842445850372314,forward,29.99877218848765,1
2052,68.4684,93.76788139343262,,,,,,,,,,,,,,,,,,,,0.4290582835674286,0.5506083369255066,-0.005845443811267614,0.9999743700027466,0.3796517252922058,0.6370351314544678,-0.4063321053981781,0.9922505617141724,0.3723168969154358,0.7297565340995789,-0.1274169683456421,0.9868344068527222,0.3500906229019165,0.7606552243232727,-0.32482078671455383,0.9843137860298157,forward,31.61466332548421,1
2053,68.50176666666667,94.39325332641602,,,,,,,,,,,,,,,,,,,,0.4291229248046875,0.5471624732017517,-0.005626908969134092,0.9999733567237854,0.38100823760032654,0.6353703737258911,-0.39431387186050415,0.9921472668647766,0.3721466064453125,0.7297597527503967,-0.12295125424861908,0.9867271184921265,0.35008665919303894,0.7609128952026367,-0.3305116295814514,0.9842791557312012,forward,33.053972092666,1
2054,68.53513333333333,93.92905235290527,,,,,,,,,,,,,,,,,,,,0.4291275143623352,0.5437570214271545,-0.006066981703042984,0.9999726414680481,0.3815067708492279,0.6343713998794556,-0.3585204482078552,0.9917566776275635,0.3718796968460083,0.7296791672706604,-0.08140361309051514,0.9863379597663879,0.35040283203125,0.7609561681747437,-0.2888883948326111,0.9839535355567932,forward,34.603060051207514,1
2055,68.5685,93.27101707458496,,,,,,,,,,,,,,,,,,,,0.42915308475494385,0.5418643355369568,-0.008668939583003521,0.9999717473983765,0.38246896862983704,0.6337063908576965,-0.3688940405845642,0.9911892414093018,0.3715260624885559,0.7296463251113892,-0.08748722821474075,0.9854796528816223,0.3506937623023987,0.7609542012214661,-0.29020601511001587,0.9831357598304749,forward,34.333318440766455,1
2056,68.60186666666667,93.66083145141602,,,,,,,,,,,,,,,,,,,,0.4292871952056885,0.540903627872467,-0.008636784739792347,0.9999710321426392,0.3829108774662018,0.6331128478050232,-0.33857154846191406,0.9905415177345276,0.37110716104507446,0.7296491861343384,-0.06262170523405075,0.9849408268928528,0.35055169463157654,0.7609519958496094,-0.26786163449287415,0.9825505018234253,forward,36.22480459628597,1
2057,68.63523333333333,93.17779541015625,,,,,,,,,,,,,,,,,,,,0.4294542372226715,0.5387828946113586,-0.009158162400126457,0.9999696612358093,0.38351255655288696,0.6323323845863342,-0.2869424819946289,0.9894410967826843,0.3709220290184021,0.729638934135437,-0.021739820018410683,0.9839836955070496,0.35057440400123596,0.7609533667564392,-0.213008850812912,0.9814154505729675,forward,40.29693281295998,1
2058,68.6686,93.37329864501953,,,,,,,,,,,,,,,,,,,,0.43002691864967346,0.5374082922935486,-0.01055941078811884,0.9999697208404541,0.38417381048202515,0.6317718625068665,-0.32667309045791626,0.989337682723999,0.37089866399765015,0.7296292185783386,-0.03989772871136665,0.9840388894081116,0.35049131512641907,0.761016309261322,-0.2345838099718094,0.981480062007904,forward,36.875329716535006,1
2059,68.70196666666666,94.0239429473877,,,,,,,,,,,,,,,,,,,,0.4302872121334076,0.5361300110816956,-0.01129930466413498,0.9999691843986511,0.3846808671951294,0.630989134311676,-0.29006898403167725,0.9881278276443481,0.37091365456581116,0.7296097278594971,-0.009372872300446033,0.9832940101623535,0.3508455455303192,0.761009156703949,-0.20498286187648773,0.9806559681892395,forward,39.71643248383747,1
2060,68.73533333333333,92.31805801391602,,,,,,,,,,,,,,,,,,,,0.4306301474571228,0.5356668829917908,-0.011182863265275955,0.9999679923057556,0.3848233222961426,0.631257951259613,-0.2012374848127365,0.9852797389030457,0.37091007828712463,0.7294298410415649,0.06607421487569809,0.9811580181121826,0.3510448634624481,0.7609888911247253,-0.106594018638134,0.9778450131416321,forward,48.905063765205504,1
2061,68.7687,92.44990348815918,,,,,,,,,,,,,,,,,,,,0.43072599172592163,0.5351122617721558,-0.010919317603111267,0.9999672770500183,0.3852807581424713,0.6315304040908813,-0.17691613733768463,0.983318030834198,0.37089163064956665,0.7292087078094482,0.10538480430841446,0.9798418879508972,0.35108742117881775,0.761010468006134,-0.06391067802906036,0.9758797287940979,forward,51.42306202532356,1
2062,68.80206666666666,94.08998489379883,,,,,,,,,,,,,,,,,,,,0.430708110332489,0.5349915623664856,-0.010795438662171364,0.9999674558639526,0.3853750228881836,0.6318323612213135,-0.13625702261924744,0.9827567338943481,0.37088871002197266,0.7292198538780212,0.14817720651626587,0.979717493057251,0.3512333929538727,0.7612020373344421,-0.020912302657961845,0.9752927422523499,forward,58.94202674297797,1
2063,68.83543333333334,94.14410591125488,,,,,,,,,,,,,,,,,,,,0.4306448698043823,0.5345640182495117,-0.009413336403667927,0.9999676942825317,0.38582664728164673,0.6319715976715088,-0.09635888785123825,0.9826964139938354,0.3709896206855774,0.7290573716163635,0.18899111449718475,0.9803782105445862,0.3508729338645935,0.7612177729606628,0.018837785348296165,0.9757128357887268,forward,69.35494463221222,1
2064,68.86880000000001,93.1849479675293,,,,,,,,,,,,,,,,,,,,0.43027862906455994,0.5335152745246887,-0.007909474894404411,0.9999675750732422,0.38651713728904724,0.6321238875389099,-0.07783988118171692,0.9822711944580078,0.3711240887641907,0.7289411425590515,0.1916608363389969,0.9807041883468628,0.3507084846496582,0.7612196207046509,0.0181906558573246,0.9756422638893127,forward,76.47021995658417,1
2065,68.90216666666667,92.11492538452148,,,,,,,,,,,,,,,,,,,,0.42983463406562805,0.5329359173774719,-0.00741536682471633,0.9999664425849915,0.38743141293525696,0.632079005241394,-0.05997669696807861,0.9815756678581238,0.37112510204315186,0.7289383411407471,0.17476025223731995,0.9807100296020508,0.350932240486145,0.7612744569778442,0.010104515589773655,0.9751898646354675,forward,86.16099105909076,1
2066,68.93553333333334,93.05882453918457,,,,,,,,,,,,,,,,,,,,0.42925092577934265,0.5319212079048157,-0.005565621890127659,0.99996417760849,0.3881361782550812,0.6318871974945068,-0.06262724846601486,0.9774081110954285,0.3713671565055847,0.7289427518844604,0.12977150082588196,0.9781368970870972,0.35100653767585754,0.7611865401268005,-0.03818154335021973,0.9711295366287231,forward,88.72710710859226,1
2067,68.9689,93.71709823608398,,,,,,,,,,,,,,,,,,,,0.4286928176879883,0.5314965844154358,-0.004167137201875448,0.9999632835388184,0.3893895745277405,0.6318875551223755,-0.0316520556807518,0.9755457639694214,0.3714176118373871,0.7289804816246033,0.17149412631988525,0.9776884913444519,0.35098546743392944,0.7610778212547302,0.007326669059693813,0.9701536893844604,forward,101.17440247966285,1
2068,69.00226666666667,93.27006340026855,,,,,,,,,,,,,,,,,,,,0.4275100827217102,0.5310133099555969,-0.0030484499875456095,0.9999619722366333,0.39005714654922485,0.6316692233085632,-0.03939861059188843,0.9731112718582153,0.3714582622051239,0.729098379611969,0.148135706782341,0.9767196178436279,0.35052379965782166,0.7610765099525452,-0.010431957431137562,0.9684631824493408,forward,98.81581075049608,1
2069,69.03563333333334,94.11215782165527,,,,,,,,,,,,,,,,,,,,0.4271301329135895,0.5301228761672974,-0.001438480569049716,0.9999605417251587,0.3907391130924225,0.6311708092689514,-0.03775500878691673,0.97105872631073,0.37146103382110596,0.7292965650558472,0.1463988870382309,0.9761528372764587,0.34951499104499817,0.7610780596733093,-0.01619291491806507,0.9673284292221069,forward,99.51929196275803,1
2070,69.069,93.71399879455566,,,,,,,,,,,,,,,,,,,,0.4263644814491272,0.5294684767723083,-0.0006719306693412364,0.9999594688415527,0.3914095461368561,0.6309407353401184,-0.04285857081413269,0.9651088118553162,0.3714538812637329,0.7295333743095398,0.10791086405515671,0.9725561738014221,0.3493475317955017,0.7610791325569153,-0.030925238505005836,0.9628663063049316,forward,101.98870849710528,1
2071,69.10236666666667,93.11699867248535,,,,,,,,,,,,,,,,,,,,0.42612820863723755,0.5284610390663147,0.00035409224801696837,0.999958336353302,0.39176487922668457,0.6305637359619141,-0.03595129773020744,0.9587547779083252,0.3714538514614105,0.729602038860321,0.10078956931829453,0.9679533839225769,0.349517285823822,0.7610955834388733,-0.02924225479364395,0.9572182297706604,forward,107.60004919899792,1
2072,69.13573333333333,92.88907051086426,,,,,,,,,,,,,,,,,,,,0.425472617149353,0.5281808972358704,0.00038658230914734304,0.9999566078186035,0.39200153946876526,0.6305234432220459,-0.043368205428123474,0.9536697268486023,0.37144744396209717,0.7296832799911499,0.08949961513280869,0.9637455940246582,0.3494556248188019,0.7612229585647583,-0.03375931829214096,0.9520284533500671,forward,104.99134030728153,1
2073,69.1691,93.25528144836426,,,,,,,,,,,,,,,,,,,,0.4251251518726349,0.527626097202301,0.0005468481685966253,0.9999549388885498,0.39220476150512695,0.6305040717124939,-0.04843556508421898,0.9493537545204163,0.3714144825935364,0.7299394607543945,0.08785397559404373,0.9602139592170715,0.34956786036491394,0.7612668871879578,-0.03838058188557625,0.9471416473388672,forward,102.13568732496024,1
2074,69.20246666666667,93.6887264251709,,,,,,,,,,,,,,,,,,,,0.4245007038116455,0.5273057222366333,0.0007695996901020408,0.9999540448188782,0.392315149307251,0.630508542060852,-0.05104575678706169,0.9470347166061401,0.37141355872154236,0.730126678943634,0.08830396085977554,0.9582548141479492,0.3496129810810089,0.7612717747688293,-0.03919743373990059,0.9439654350280762,forward,100.39624200675718,1
2075,69.23583333333333,94.17605400085449,,,,,,,,,,,,,,,,,,,,0.42423418164253235,0.5271318554878235,0.0008625735645182431,0.9999532699584961,0.3923080265522003,0.6305181384086609,-0.055475179105997086,0.9449681639671326,0.3714838922023773,0.7303311824798584,0.08599434792995453,0.9564338326454163,0.3496202826499939,0.7612830400466919,-0.04244498908519745,0.9409980177879333,forward,98.14518055291414,1
2076,69.2692,93.56904029846191,,,,,,,,,,,,,,,,,,,,0.42412760853767395,0.5272058248519897,0.0008441648096777499,0.999953031539917,0.3922978639602661,0.6305251717567444,-0.050748907029628754,0.9446752667427063,0.3714783787727356,0.7304561138153076,0.1294168382883072,0.9563779830932617,0.3496248722076416,0.7612955570220947,-0.021311145275831223,0.9405284523963928,forward,93.9116248538995,1
2077,69.30256666666666,93.98603439331055,,,,,,,,,,,,,,,,,,,,0.4240376353263855,0.5272730588912964,0.0008197386632673442,0.9999518394470215,0.39227330684661865,0.630531907081604,-0.05400979518890381,0.9392099380493164,0.3714907169342041,0.7304865717887878,0.10266965627670288,0.9513577818870544,0.3496372699737549,0.761296808719635,-0.026502205058932304,0.9336965680122375,forward,96.05718241089514,1
2078,69.33593333333333,92.99182891845703,,,,,,,,,,,,,,,,,,,,0.42402130365371704,0.5273499488830566,0.0007864601211622357,0.9999504089355469,0.39207395911216736,0.6306440234184265,-0.0560128428041935,0.9379610419273376,0.3714976906776428,0.7304843664169312,0.10539140552282333,0.9499019980430603,0.3496418297290802,0.7612980604171753,-0.028653480112552643,0.9311107993125916,forward,94.434275369698,1
2079,69.3693,93.35970878601074,,,,,,,,,,,,,,,,,,,,0.42403456568717957,0.527388870716095,0.00033148538204841316,0.999949038028717,0.39193370938301086,0.630650520324707,-0.06396384537220001,0.9371251463890076,0.3715055584907532,0.730441153049469,0.1021399050951004,0.9492670297622681,0.3497798442840576,0.7613003849983215,-0.037082210183143616,0.9299020767211914,forward,90.6558973679865,1
2080,69.40266666666666,92.76723861694336,,,,,,,,,,,,,,,,,,,,0.42399168014526367,0.5274325609207153,-0.00035577992093749344,0.9999475479125977,0.39165249466896057,0.6306544542312622,-0.06246953085064888,0.9331234097480774,0.3715653419494629,0.7301374673843384,0.08284661918878555,0.9455708265304565,0.3501530885696411,0.7613017559051514,-0.03716680407524109,0.9255743622779846,forward,94.90990781058943,1
2081,69.43603333333334,92.82898902893066,,,,,,,,,,,,,,,,,,,,0.4239669442176819,0.5274690985679626,-0.0007175328209996223,0.9999469518661499,0.39122891426086426,0.6306565403938293,-0.06315703690052032,0.9316185116767883,0.37162700295448303,0.7298054099082947,0.08206020295619965,0.9445654153823853,0.35045674443244934,0.7613046765327454,-0.04395408183336258,0.923849880695343,forward,94.68341741391426,1
2082,69.46940000000001,92.25296974182129,,,,,,,,,,,,,,,,,,,,0.42396458983421326,0.5275329947471619,-0.0008747284882701933,0.9999459981918335,0.39069122076034546,0.630659282207489,-0.0645952820777893,0.930812656879425,0.37169545888900757,0.7295576333999634,0.08077453076839447,0.9442445635795593,0.35096731781959534,0.7613098621368408,-0.052957579493522644,0.9231181144714355,forward,94.04466361628565,1
2083,69.50276666666667,92.96107292175293,,,,,,,,,,,,,,,,,,,,0.42394012212753296,0.5281761884689331,-0.0015032842056825757,0.999945342540741,0.3900790512561798,0.6306695938110352,-0.06483492255210876,0.9318920969963074,0.3717257082462311,0.7291889786720276,0.0814497321844101,0.9451718926429749,0.3512442111968994,0.7613081336021423,-0.052089624106884,0.924017071723938,forward,93.75832560495343,1
2084,69.53613333333334,93.30987930297852,,,,,,,,,,,,,,,,,,,,0.4238508343696594,0.5292848348617554,-0.0014881634851917624,0.9999439716339111,0.3890349864959717,0.6309966444969177,-0.06700126081705093,0.9306899905204773,0.371736615896225,0.7289018034934998,0.08248390257358551,0.9438703656196594,0.35131049156188965,0.7613095045089722,-0.048567622900009155,0.9219730496406555,forward,91.9450759825728,1
2085,69.5695,93.99199485778809,,,,,,,,,,,,,,,,,,,,0.4238652288913727,0.5303246378898621,-0.0012913515092805028,0.9999421834945679,0.38817185163497925,0.6313455104827881,-0.067389115691185,0.9304433465003967,0.3718029260635376,0.7286845445632935,0.08261964470148087,0.9429957866668701,0.3513301610946655,0.7613115310668945,-0.03744472563266754,0.9205401539802551,forward,91.27318563142558,1
2086,69.60286666666667,93.7652587890625,,,,,,,,,,,,,,,,,,,,0.42389214038848877,0.530883252620697,-0.0012345609720796347,0.9999397993087769,0.3880380094051361,0.6314365863800049,-0.07990287244319916,0.9302091598510742,0.3718792498111725,0.7286147475242615,0.07539147138595581,0.9421654343605042,0.35133764147758484,0.7613118886947632,-0.04830413684248924,0.9194782376289368,forward,85.61222166079504,1
2087,69.63623333333334,93.73307228088379,,,,,,,,,,,,,,,,,,,,0.42416465282440186,0.5313515067100525,-0.0012380998814478517,0.9999393820762634,0.3879720866680145,0.6320305466651917,-0.07906750589609146,0.9312938451766968,0.37191107869148254,0.7286165356636047,0.1187526285648346,0.9429543614387512,0.35100051760673523,0.7613281607627869,-0.025918442755937576,0.9205552339553833,forward,79.96046559518271,1
2088,69.6696,93.55902671813965,,,,,,,,,,,,,,,,,,,,0.4242028295993805,0.5322280526161194,-0.0018294209148734808,0.999940812587738,0.38781872391700745,0.6325613856315613,-0.10828230530023575,0.9353624582290649,0.37191835045814514,0.7286360263824463,0.13530771434307098,0.9463701844215393,0.3508557677268982,0.7613288760185242,-0.028847327455878258,0.9252380728721619,forward,66.58761739847068,1
2089,69.70296666666667,93.55592727661133,,,,,,,,,,,,,,,,,,,,0.42456507682800293,0.5333195328712463,-0.0018606192898005247,0.999941885471344,0.38731899857521057,0.6330609917640686,-0.1295587569475174,0.9393508434295654,0.3719359338283539,0.7286328673362732,0.12377559393644333,0.9494577050209045,0.35091543197631836,0.7613308429718018,-0.04749009758234024,0.9295061826705933,forward,60.43908849921534,1
2090,69.73633333333333,93.46199035644531,,,,,,,,,,,,,,,,,,,,0.4247572422027588,0.535040557384491,-0.001136134727858007,0.9999428391456604,0.3867563307285309,0.633433997631073,-0.13493306934833527,0.9436167478561401,0.371925950050354,0.7286303043365479,0.10795845836400986,0.9526915550231934,0.3504382073879242,0.7612897753715515,-0.06264475733041763,0.9338924288749695,forward,59.54045918573237,1
2091,69.7697,92.71812438964844,,,,,,,,,,,,,,,,,,,,0.4251537322998047,0.5372858047485352,-0.001440252992324531,0.9999433755874634,0.38599181175231934,0.6343157291412354,-0.16087067127227783,0.9478856921195984,0.37185755372047424,0.728763997554779,0.0958239734172821,0.9558669328689575,0.3504050672054291,0.7613430619239807,-0.07387631386518478,0.9382195472717285,forward,53.30912564382772,1
2092,69.80306666666667,93.99914741516113,,,,,,,,,,,,,,,,,,,,0.42523813247680664,0.5394313335418701,-0.0019342271843925118,0.9999434947967529,0.38482874631881714,0.6346152424812317,-0.19844192266464233,0.9518854022026062,0.3718898296356201,0.7287759780883789,0.04657873511314392,0.9586436152458191,0.35105976462364197,0.761304497718811,-0.1239834800362587,0.9419812560081482,forward,48.50808925299782,1
2093,69.83643333333333,92.1180248260498,,,,,,,,,,,,,,,,,,,,0.4252315163612366,0.5409556031227112,-0.00206687836907804,0.9999430775642395,0.3841576874256134,0.6346005201339722,-0.2453490048646927,0.9553642868995667,0.3717733323574066,0.7287782430648804,-0.013678716495633125,0.9608458876609802,0.3513437807559967,0.7613009810447693,-0.1861427128314972,0.9451570510864258,forward,44.61882279627653,1
2094,69.8698,92.70310401916504,,,,,,,,,,,,,,,,,,,,0.4251807928085327,0.5434005260467529,-0.0003396474348846823,0.9999451041221619,0.3826739192008972,0.6364702582359314,-0.2157590538263321,0.9589946866035461,0.37181413173675537,0.7287799119949341,0.019815832376480103,0.9637157320976257,0.35124948620796204,0.7612186670303345,-0.1347903460264206,0.9491676092147827,forward,46.341441350550824,1
2095,69.90316666666666,93.57190132141113,,,,,,,,,,,,,,,,,,,,0.4251804053783417,0.5454288125038147,-0.0003101490729022771,0.9999468922615051,0.38203948736190796,0.6368342041969299,-0.24101799726486206,0.962213933467865,0.37173792719841003,0.7288991808891296,-0.020793866366147995,0.9662522077560425,0.35113945603370667,0.7611765265464783,-0.2016642689704895,0.9527496099472046,forward,44.94084520776558,1
2096,69.93653333333333,93.10793876647949,,,,,,,,,,,,,,,,,,,,0.42518001794815063,0.5477004647254944,-0.0003262341779191047,0.9999489188194275,0.3810202479362488,0.6382762789726257,-0.23810520768165588,0.9653987288475037,0.37149539589881897,0.728954553604126,-0.015387612394988537,0.9689979553222656,0.3498968482017517,0.761184811592102,-0.20416224002838135,0.9565784335136414,forward,44.50627713814533,1
2097,69.9699,92.20767021179199,,,,,,,,,,,,,,,,,,,,0.42514416575431824,0.5492112636566162,-0.00034637603675946593,0.9999503493309021,0.38066190481185913,0.6383606791496277,-0.2597436308860779,0.9681161642074585,0.3713543117046356,0.7289431691169739,-0.04309363663196564,0.9712328314781189,0.349762499332428,0.7612012624740601,-0.23491236567497253,0.9597674608230591,forward,43.06452561619616,1
2098,70.00326666666666,92.70906448364258,,,,,,,,,,,,,,,,,,,,0.42463892698287964,0.5512740612030029,-0.0002840133965946734,0.9999516010284424,0.3799648880958557,0.6387980580329895,-0.2638610899448395,0.9702252149581909,0.37132778763771057,0.7291938662528992,-0.0494961142539978,0.9729036092758179,0.3497694730758667,0.7615221738815308,-0.24511057138442993,0.9622626900672913,forward,42.601836051033864,1
2099,70.03663333333334,94.77615356445312,,,,,,,,,,,,,,,,,,,,0.4242081046104431,0.5521436333656311,-0.0004412310663610697,0.9999533295631409,0.37926235795021057,0.63877272605896,-0.3420327603816986,0.972611129283905,0.37132737040519714,0.7292003035545349,-0.09987980872392654,0.9748889207839966,0.35017263889312744,0.7615622878074646,-0.3058009445667267,0.9651633501052856,forward,35.78701258980612,1
2100,70.07000000000001,92.50521659851074,,,,,,,,,,,,,,,,,,,,0.4240167737007141,0.5538299083709717,-0.00040898777660913765,0.9999556541442871,0.3775617182254791,0.6392368078231812,-0.35708436369895935,0.9748299717903137,0.3713274598121643,0.7295107245445251,-0.09923369437456131,0.9767648577690125,0.35040590167045593,0.7616338133811951,-0.30419063568115234,0.9678741097450256,forward,33.77959429751734,1
2101,70.10336666666667,92.73505210876465,,,,,,,,,,,,,,,,,,,,0.42386865615844727,0.5557287335395813,-0.0004144341219216585,0.9999577403068542,0.37566301226615906,0.639318585395813,-0.4032263159751892,0.976952075958252,0.37140870094299316,0.7295137643814087,-0.12460746616125107,0.9785305857658386,0.3504449129104614,0.761761486530304,-0.33147186040878296,0.970395028591156,forward,30.53946413421515,1
2102,70.13673333333334,91.61996841430664,,,,,,,,,,,,,,,,,,,,0.423685222864151,0.5580042600631714,-0.0006400462589226663,0.9999600052833557,0.3731973469257355,0.6396914720535278,-0.4302005171775818,0.9788196682929993,0.37152931094169617,0.7295187711715698,-0.14101539552211761,0.9800683856010437,0.35048142075538635,0.7617648839950562,-0.3486475348472595,0.9726073741912842,forward,28.80228723829412,1
2103,70.1701,93.49393844604492,,,,,,,,,,,,,,,,,,,,0.4236079752445221,0.5596851110458374,-0.0006459138239733875,0.9999622106552124,0.37180763483047485,0.6404218673706055,-0.42422887682914734,0.9804307818412781,0.37159615755081177,0.7295324802398682,-0.13471978902816772,0.9813951253890991,0.3504597246646881,0.7617470622062683,-0.3416125774383545,0.9745081663131714,forward,28.67255708661429,1
2104,70.20346666666667,92.90719032287598,,,,,,,,,,,,,,,,,,,,0.4234870970249176,0.5619131326675415,-0.0006515202694572508,0.9999641180038452,0.3707311749458313,0.6408112645149231,-0.44073787331581116,0.9818925261497498,0.371797114610672,0.7295417785644531,-0.14691641926765442,0.982578694820404,0.3504623472690582,0.761746346950531,-0.3537440299987793,0.9762111306190491,forward,27.68390545830823,1
2105,70.23683333333334,92.55599975585938,,,,,,,,,,,,,,,,,,,,0.4233308732509613,0.5637918710708618,-0.000670738285407424,0.9999657273292542,0.37007611989974976,0.6413607001304626,-0.45474860072135925,0.9830706715583801,0.3720015287399292,0.7295306921005249,-0.1521318554878235,0.983427107334137,0.35049012303352356,0.7617293000221252,-0.35617607831954956,0.9774882793426514,forward,26.619381345974862,1
2106,70.2702,92.31901168823242,,,,,,,,,,,,,,,,,,,,0.4230976700782776,0.565714955329895,-0.0005583815509453416,0.9999672174453735,0.36958011984825134,0.642262876033783,-0.447489470243454,0.9841448068618774,0.3720039427280426,0.7295954823493958,-0.14864753186702728,0.984134316444397,0.3507043123245239,0.7617285251617432,-0.35275447368621826,0.9785721898078918,forward,26.69466338166484,1
2107,70.30356666666667,94.17581558227539,,,,,,,,,,,,,,,,,,,,0.4229173958301544,0.5681199431419373,-0.0005690163816325366,0.9999682903289795,0.3682590126991272,0.6434202194213867,-0.4582948088645935,0.9850256443023682,0.37199705839157104,0.7296724915504456,-0.1491280496120453,0.9846285581588745,0.3507922887802124,0.7617266178131104,-0.35188350081443787,0.9793552756309509,forward,25.591955086721168,1
2108,70.33693333333333,92.58890151977539,,,,,,,,,,,,,,,,,,,,0.4226369857788086,0.5694639682769775,-0.0010296277469024062,0.999968945980072,0.3671290874481201,0.6451663970947266,-0.458699494600296,0.9856457114219666,0.371971994638443,0.7298831343650818,-0.13954205811023712,0.9848092198371887,0.3507319688796997,0.7618255019187927,-0.33874180912971497,0.9797139167785645,forward,24.92055280409834,1
2109,70.3703,92.84090995788574,,,,,,,,,,,,,,,,,,,,0.4225638210773468,0.5718076825141907,-0.0014289513928815722,0.9999693632125854,0.36595654487609863,0.6467727422714233,-0.45714491605758667,0.9860913157463074,0.37198343873023987,0.729898989200592,-0.13401196897029877,0.9846698045730591,0.3515215814113617,0.7618970274925232,-0.33624187111854553,0.9796510934829712,forward,24.43437658863766,1
2110,70.40366666666667,92.92984008789062,,,,,,,,,,,,,,,,,,,,0.42255735397338867,0.5742512345314026,-0.0020004783291369677,0.9999701380729675,0.36536842584609985,0.6472764611244202,-0.4681291878223419,0.9864920377731323,0.37196311354637146,0.7299991250038147,-0.1380348652601242,0.9844180941581726,0.35158413648605347,0.7619886994361877,-0.33164915442466736,0.9795140027999878,forward,23.62869189705392,1
2111,70.43703333333333,92.8499698638916,,,,,,,,,,,,,,,,,,,,0.4225097894668579,0.575888991355896,-0.0026754417922347784,0.9999709129333496,0.3649877607822418,0.6475525498390198,-0.4778079092502594,0.9867599606513977,0.3719659447669983,0.7303809523582458,-0.15869735181331635,0.9840421676635742,0.35249438881874084,0.7622108459472656,-0.3525362014770508,0.9793252348899841,forward,23.734224804763855,1
2112,70.4704,93.25599670410156,,,,,,,,,,,,,,,,,,,,0.42254436016082764,0.5765170454978943,-0.0029436852782964706,0.9999715089797974,0.3648827075958252,0.6475838422775269,-0.4797635078430176,0.9867764711380005,0.37200218439102173,0.7307707667350769,-0.17828989028930664,0.9835700988769531,0.35197219252586365,0.7622084021568298,-0.37626367807388306,0.979029655456543,forward,24.46296268780089,1
2113,70.50376666666666,92.52810478210449,,,,,,,,,,,,,,,,,,,,0.42258307337760925,0.5777868032455444,-0.002947602653875947,0.9999714493751526,0.36474013328552246,0.6474308371543884,-0.4896620512008667,0.9868309497833252,0.3720241189002991,0.7311508655548096,-0.2061065435409546,0.9831446409225464,0.35177889466285706,0.762216329574585,-0.40938153862953186,0.9787590503692627,forward,25.086783771417313,1
2114,70.53713333333333,92.96584129333496,,,,,,,,,,,,,,,,,,,,0.4226277470588684,0.5787277221679688,-0.002813671249896288,0.9999717473983765,0.36459803581237793,0.6476245522499084,-0.48624104261398315,0.9869713187217712,0.37204471230506897,0.7312971353530884,-0.18913564085960388,0.9828462600708008,0.35146093368530273,0.7622141242027283,-0.38955581188201904,0.9785099029541016,forward,24.373971065098996,1
2115,70.5705,93.25385093688965,,,,,,,,,,,,,,,,,,,,0.42283400893211365,0.5794007182121277,-0.0028102141804993153,0.9999719858169556,0.3645673990249634,0.6477607488632202,-0.48322364687919617,0.986973226070404,0.3720504343509674,0.7313756942749023,-0.17741504311561584,0.982289731502533,0.3514692485332489,0.762212336063385,-0.3771669268608093,0.9779428243637085,forward,23.95948618729003,1
2116,70.60386666666666,92.71597862243652,,,,,,,,,,,,,,,,,,,,0.42295894026756287,0.5807102918624878,-0.0029337641317397356,0.9999721050262451,0.3646259307861328,0.6477031111717224,-0.4912857711315155,0.9871768355369568,0.3720412850379944,0.7313918471336365,-0.1858198493719101,0.9820168614387512,0.35174378752708435,0.7620694041252136,-0.3831109404563904,0.977706253528595,forward,23.69089591333299,1
2117,70.63723333333334,92.86093711853027,,,,,,,,,,,,,,,,,,,,0.4232868552207947,0.5810255408287048,-0.0029959939420223236,0.9999725222587585,0.3646779954433441,0.6477422118186951,-0.4940737187862396,0.9872787594795227,0.37201735377311707,0.7314690351486206,-0.1848369836807251,0.981507420539856,0.35105493664741516,0.7620570063591003,-0.3810296952724457,0.9772086143493652,forward,23.458107724134827,1
2118,70.67060000000001,94.4209098815918,,,,,,,,,,,,,,,,,,,,0.4235273003578186,0.5812332034111023,-0.003320020390674472,0.9999727010726929,0.3647032380104065,0.6477511525154114,-0.4951610565185547,0.9876043200492859,0.37199243903160095,0.7314682602882385,-0.19627869129180908,0.9813655614852905,0.35105016827583313,0.7618638873100281,-0.3961830735206604,0.9772054553031921,forward,23.90286466459076,1
2119,70.70396666666667,92.06080436706543,,,,,,,,,,,,,,,,,,,,0.42406055331230164,0.5810534358024597,-0.0033050873316824436,0.9999730587005615,0.36475080251693726,0.647792637348175,-0.48984161019325256,0.9877313375473022,0.3719883859157562,0.7314450144767761,-0.1933121532201767,0.9809598326683044,0.3510071337223053,0.7618381977081299,-0.38273078203201294,0.9768597483634949,forward,24.13816839990753,1
2120,70.73733333333334,93.67990493774414,,,,,,,,,,,,,,,,,,,,0.4244135618209839,0.5806794762611389,-0.0032217635307461023,0.9999733567237854,0.3647706210613251,0.6482391953468323,-0.4798959791660309,0.9878442287445068,0.3719932734966278,0.7313991785049438,-0.15452876687049866,0.9806624054908752,0.35099557042121887,0.761823832988739,-0.34166091680526733,0.9765419363975525,forward,23.083194199641973,1
2121,70.7707,94.13504600524902,,,,,,,,,,,,,,,,,,,,0.42480605840682983,0.5806079506874084,-0.002939091296866536,0.9999738335609436,0.36511072516441345,0.648255467414856,-0.477610319852829,0.9880346655845642,0.3719862401485443,0.731402575969696,-0.1481836587190628,0.9805961847305298,0.35103052854537964,0.7618085145950317,-0.34063419699668884,0.9765176773071289,forward,22.98784139606667,1
2122,70.80406666666667,93.83702278137207,,,,,,,,,,,,,,,,,,,,0.42546477913856506,0.5800374150276184,-0.002841257955878973,0.9999744892120361,0.365840345621109,0.6481965184211731,-0.47689682245254517,0.9883509278297424,0.3719536364078522,0.7314102053642273,-0.1518131047487259,0.980815589427948,0.3510246276855469,0.7618003487586975,-0.3462277948856354,0.9768165349960327,forward,23.272566901123543,1
2123,70.83743333333334,92.63300895690918,,,,,,,,,,,,,,,,,,,,0.4258611798286438,0.5789579153060913,-0.0028844065964221954,0.9999750256538391,0.36676761507987976,0.6481860280036926,-0.47810131311416626,0.9886378049850464,0.37194308638572693,0.7314097285270691,-0.15367376804351807,0.9810489416122437,0.3510272800922394,0.7617823481559753,-0.35212182998657227,0.9771532416343689,forward,23.426540493268753,1
2124,70.8708,92.95392036437988,,,,,,,,,,,,,,,,,,,,0.42617854475975037,0.5773362517356873,-0.0031244554556906223,0.9999752640724182,0.3676116168498993,0.6480275988578796,-0.4802694320678711,0.9891732931137085,0.3718975782394409,0.7313953042030334,-0.1538732945919037,0.981787383556366,0.3510250747203827,0.7617691159248352,-0.35762548446655273,0.9780669212341309,forward,23.522938725059948,1
2125,70.90416666666667,92.46492385864258,,,,,,,,,,,,,,,,,,,,0.4263060986995697,0.5743054747581482,-0.00312483636662364,0.9999753832817078,0.3686913549900055,0.647934079170227,-0.4795331656932831,0.9897751212120056,0.3717847466468811,0.7313727140426636,-0.14509539306163788,0.9826619625091553,0.3509850800037384,0.7617841362953186,-0.3481120467185974,0.979134202003479,forward,23.592410838969762,1
2126,70.93753333333333,92.54884719848633,,,,,,,,,,,,,,,,,,,,0.4264926016330719,0.5709133148193359,-0.002698831260204315,0.9999755620956421,0.37025246024131775,0.6463392376899719,-0.48210471868515015,0.9903587102890015,0.3716927468776703,0.7313754558563232,-0.1546461135149002,0.9836607575416565,0.3507874608039856,0.7617660164833069,-0.3663806617259979,0.980343759059906,forward,24.292705459398,1
2127,70.9709,93.67823600769043,,,,,,,,,,,,,,,,,,,,0.426752507686615,0.5656750798225403,-0.0024693075101822615,0.9999754428863525,0.37137988209724426,0.6451067328453064,-0.4532790184020996,0.9908180236816406,0.371690571308136,0.7310850024223328,-0.13033482432365417,0.9844381809234619,0.3509787917137146,0.7617431879043579,-0.33403080701828003,0.9812440872192383,forward,25.765120417712446,1
2128,71.00426666666667,94.58088874816895,,,,,,,,,,,,,,,,,,,,0.426862895488739,0.562169075012207,-0.0036141257733106613,0.9999755024909973,0.37247538566589355,0.6430517435073853,-0.4578711688518524,0.9911452531814575,0.37161606550216675,0.7305139899253845,-0.13357330858707428,0.9849427938461304,0.3510326147079468,0.7617347240447998,-0.35068416595458984,0.9818639755249023,forward,26.053852574821196,1
2129,71.03763333333333,93.73688697814941,,,,,,,,,,,,,,,,,,,,0.4270298182964325,0.5589418411254883,-0.0036235377192497253,0.9999757409095764,0.3730216324329376,0.6419106125831604,-0.44649550318717957,0.9917522072792053,0.3716129958629608,0.7295475602149963,-0.1278156042098999,0.9859811663627625,0.35100582242012024,0.7616055607795715,-0.3302769958972931,0.983128011226654,forward,26.87586269968879,1
2130,71.071,94.59829330444336,,,,,,,,,,,,,,,,,,,,0.42737022042274475,0.555365800857544,-0.0033361325040459633,0.999975860118866,0.37361279129981995,0.6399690508842468,-0.43235498666763306,0.9922272562980652,0.3713546693325043,0.7292511463165283,-0.1344783902168274,0.9868223071098328,0.35042035579681396,0.7616039514541626,-0.33522504568099976,0.9841734766960144,forward,28.74918984700017,1
2131,71.10436666666666,94.0859317779541,,,,,,,,,,,,,,,,,,,,0.42740970849990845,0.552134096622467,-0.0029779148753732443,0.9999752044677734,0.37495702505111694,0.6382434964179993,-0.39911970496177673,0.9924991130828857,0.3712840974330902,0.7288817763328552,-0.1073145642876625,0.9872415661811829,0.3505333364009857,0.7615779042243958,-0.31102609634399414,0.9847601652145386,forward,30.526600930650897,1
2132,71.13773333333333,93.72615814208984,,,,,,,,,,,,,,,,,,,,0.42740771174430847,0.5489997267723083,-0.0029739176388829947,0.9999744892120361,0.37737905979156494,0.6359005570411682,-0.3908447027206421,0.9924911260604858,0.37114524841308594,0.7289150357246399,-0.11631336063146591,0.9873133301734924,0.35070475935935974,0.7615627646446228,-0.3226577341556549,0.9849480390548706,forward,32.38359271466463,1
2133,71.1711,93.3842658996582,,,,,,,,,,,,,,,,,,,,0.4274066090583801,0.5455568432807922,-0.0029807707760483027,0.9999738931655884,0.3786831796169281,0.6354522705078125,-0.32742488384246826,0.9922619462013245,0.3710538446903229,0.7289593815803528,-0.05305212363600731,0.987312912940979,0.3503135144710541,0.7616913318634033,-0.25791382789611816,0.9849949479103088,forward,35.563574324116246,1
2134,71.20446666666666,92.94486045837402,,,,,,,,,,,,,,,,,,,,0.4273599684238434,0.54308021068573,-0.003617954207584262,0.9999734163284302,0.3798929750919342,0.6347960829734802,-0.3347184658050537,0.9922108054161072,0.37092509865760803,0.7290962934494019,-0.059211358428001404,0.9873812794685364,0.34976068139076233,0.7617362141609192,-0.26429659128189087,0.9850435256958008,forward,35.613312936647404,1
2135,71.23783333333334,94.20013427734375,,,,,,,,,,,,,,,,,,,,0.42734038829803467,0.5408356189727783,-0.004443492274731398,0.9999728202819824,0.38110244274139404,0.6339075565338135,-0.31179454922676086,0.9920609593391418,0.37086719274520874,0.7292320728302002,-0.05604977905750275,0.9874999523162842,0.34964320063591003,0.761722207069397,-0.2627630829811096,0.9851220846176147,forward,38.595375930816964,1
2136,71.27120000000001,93.12796592712402,,,,,,,,,,,,,,,,,,,,0.4274302124977112,0.5390685200691223,-0.004436354152858257,0.9999720454216003,0.38186752796173096,0.6329923272132874,-0.28173592686653137,0.9913575053215027,0.370834082365036,0.7292447686195374,-0.03403541445732117,0.9870445132255554,0.34916239976882935,0.7617615461349487,-0.2243276983499527,0.9845038652420044,forward,41.367232148382115,1
2137,71.30456666666667,94.62189674377441,,,,,,,,,,,,,,,,,,,,0.4274302124977112,0.5375425815582275,-0.005221778992563486,0.9999712705612183,0.38266804814338684,0.632445752620697,-0.2819620668888092,0.9907644391059875,0.37056803703308105,0.7292639017105103,-0.01842084899544716,0.9866296052932739,0.3489345908164978,0.7617518305778503,-0.21472932398319244,0.9840640425682068,forward,40.545450681620125,1
2138,71.33793333333334,93.12820434570312,,,,,,,,,,,,,,,,,,,,0.42743897438049316,0.5356323719024658,-0.007324406411498785,0.9999706149101257,0.3838362991809845,0.6310644745826721,-0.29661300778388977,0.9901084303855896,0.3705407977104187,0.7291774749755859,-0.030326811596751213,0.9862461090087891,0.3489384949207306,0.7617571949958801,-0.23221014440059662,0.983653724193573,forward,39.87793808337623,1
2139,71.3713,93.13607215881348,,,,,,,,,,,,,,,,,,,,0.4274730980396271,0.5340577960014343,-0.007476868573576212,0.9999701380729675,0.3845800459384918,0.6308290362358093,-0.25341933965682983,0.9884974956512451,0.3705570101737976,0.7291390299797058,0.017930984497070312,0.9850382208824158,0.34934884309768677,0.761759340763092,-0.17845511436462402,0.9823217988014221,forward,42.95833984634986,1
2140,71.40466666666667,93.91260147094727,,,,,,,,,,,,,,,,,,,,0.42747607827186584,0.5328948497772217,-0.006690906826406717,0.9999691247940063,0.3852798044681549,0.6308582425117493,-0.19203995168209076,0.98680180311203,0.37057510018348694,0.7290598154067993,0.05615049973130226,0.9838595390319824,0.3495655059814453,0.7617155909538269,-0.1225326657295227,0.9806651473045349,forward,51.2757682438141,1
2141,71.43803333333334,92.29397773742676,,,,,,,,,,,,,,,,,,,,0.4274730384349823,0.5319098234176636,-0.005191727075725794,0.9999682903289795,0.3859522044658661,0.6303366422653198,-0.1835779994726181,0.9857334494590759,0.37054678797721863,0.7288748025894165,0.06780421733856201,0.9831258654594421,0.350504606962204,0.7616968154907227,-0.1123448982834816,0.9795135259628296,forward,52.14923350213248,1
2142,71.4714,92.98920631408691,,,,,,,,,,,,,,,,,,,,0.4274788200855255,0.5318269729614258,-0.005095204804092646,0.9999671578407288,0.38681718707084656,0.6305288672447205,-0.11757667362689972,0.9849530458450317,0.37051764130592346,0.728723406791687,0.12732379138469696,0.9829179048538208,0.3507154583930969,0.7616397738456726,-0.04735401272773743,0.9788710474967957,forward,65.20486967353204,1
2143,71.50476666666667,93.56117248535156,,,,,,,,,,,,,,,,,,,,0.4274916350841522,0.5311681628227234,-0.004991987720131874,0.9999663233757019,0.3880297541618347,0.6307026147842407,-0.09802587330341339,0.9849153757095337,0.37051549553871155,0.7286994457244873,0.14975185692310333,0.9832813143730164,0.35090506076812744,0.7616386413574219,-0.028703104704618454,0.9789361357688904,forward,70.5590973735065,1
2144,71.53813333333333,93.66202354431152,,,,,,,,,,,,,,,,,,,,0.42742016911506653,0.5310122966766357,-0.004788578022271395,0.9999646544456482,0.38871926069259644,0.6308429837226868,-0.06827820837497711,0.9843079447746277,0.3705962002277374,0.7286989092826843,0.1758785843849182,0.9833033680915833,0.3508681058883667,0.7617186307907104,0.008628284558653831,0.9784776568412781,forward,81.1822883555923,1
2145,71.5715,94.1922664642334,,,,,,,,,,,,,,,,,,,,0.4274049401283264,0.5305684208869934,-0.004782855045050383,0.9999620318412781,0.38937538862228394,0.6309290528297424,-0.05074853450059891,0.9825649261474609,0.37068095803260803,0.7287092804908752,0.1718791425228119,0.9824732542037964,0.3511910140514374,0.761736273765564,0.004885409958660603,0.9769091606140137,forward,90.58557519892905,1
2146,71.60486666666667,94.09689903259277,,,,,,,,,,,,,,,,,,,,0.4273201525211334,0.5305950045585632,-0.004740140400826931,0.999960720539093,0.3897130787372589,0.6310827136039734,-0.04763902723789215,0.9818599820137024,0.3707663118839264,0.7287527322769165,0.1945616751909256,0.9824132323265076,0.35120293498039246,0.7617470622062683,0.027000676840543747,0.9764766097068787,forward,90.25949022149847,1
2147,71.63823333333333,93.81890296936035,,,,,,,,,,,,,,,,,,,,0.42731642723083496,0.5307143330574036,-0.0036294092424213886,0.9999592900276184,0.39087361097335815,0.6311205625534058,-0.04482756927609444,0.9804226756095886,0.37076810002326965,0.7288591861724854,0.16146180033683777,0.9816482067108154,0.3510677218437195,0.7617446780204773,0.0007830457761883736,0.9750946760177612,forward,94.4762575301569,1
2148,71.6716,94.20299530029297,,,,,,,,,,,,,,,,,,,,0.42729729413986206,0.5307638645172119,-0.0020125452429056168,0.9999582767486572,0.39183616638183594,0.631193220615387,-0.027685774490237236,0.9791135787963867,0.3708241879940033,0.7288943529129028,0.1974317878484726,0.9811691641807556,0.35060620307922363,0.7616919279098511,0.029005983844399452,0.974138617515564,forward,100.19828787397631,1
2149,71.70496666666666,93.59931945800781,,,,,,,,,,,,,,,,,,,,0.4272959530353546,0.5306146740913391,-0.00025124495732598007,0.9999570250511169,0.3927232325077057,0.6312311291694641,-0.038389310240745544,0.9769484400749207,0.37088412046432495,0.7289522886276245,0.1619926393032074,0.979790985584259,0.3503945767879486,0.7616422772407532,-0.0018842621939256787,0.9720954895019531,forward,96.68047738305278,1
2150,71.73833333333333,93.4898853302002,,,,,,,,,,,,,,,,,,,,0.4272927939891815,0.5300347208976746,-0.00011154178355354816,0.9999551773071289,0.3936656415462494,0.6310333013534546,-0.04851094260811806,0.9730453491210938,0.3709027171134949,0.7290277481079102,0.15151746571063995,0.97703617811203,0.3503445088863373,0.7615967988967896,-0.017773838713765144,0.9682746529579163,forward,92.14835636150966,1
2151,71.7717,91.96114540100098,,,,,,,,,,,,,,,,,,,,0.42727962136268616,0.5295169353485107,-0.000524954404681921,0.9999524354934692,0.3943868577480316,0.63084477186203,-0.05807725340127945,0.9681430459022522,0.37090185284614563,0.7291346788406372,0.11868341267108917,0.9734383821487427,0.35036712884902954,0.7615954279899597,-0.029824575409293175,0.9634392261505127,forward,91.29924219803988,1
2152,71.80506666666666,92.27776527404785,,,,,,,,,,,,,,,,,,,,0.42722830176353455,0.5292484760284424,-0.0007839945028536022,0.9999499320983887,0.39471569657325745,0.630790114402771,-0.0643947497010231,0.9637779593467712,0.3709056079387665,0.729304313659668,0.09556179493665695,0.9700068235397339,0.3504160940647125,0.7616118788719177,-0.04489902779459953,0.9587195515632629,forward,91.46841624219826,1
2153,71.83843333333334,93.14680099487305,,,,,,,,,,,,,,,,,,,,0.42721688747406006,0.5290722846984863,-0.0008225035271607339,0.9999482035636902,0.39470425248146057,0.6306905746459961,-0.06590453535318375,0.9618247151374817,0.3709152638912201,0.7294052243232727,0.09239231050014496,0.9686321020126343,0.3505048453807831,0.7616250514984131,-0.05019017681479454,0.9566117525100708,forward,91.22475796942146,1
2154,71.87180000000001,92.41127967834473,,,,,,,,,,,,,,,,,,,,0.42708539962768555,0.5289818644523621,-0.0011446584248915315,0.9999480843544006,0.394663542509079,0.6306498646736145,-0.06304320693016052,0.9629133343696594,0.37099042534828186,0.7294477224349976,0.1290416121482849,0.9697827696800232,0.3505726456642151,0.7616304755210876,-0.03612896800041199,0.9579575657844543,forward,87.69603178492143,1
2155,71.90516666666667,93.28699111938477,,,,,,,,,,,,,,,,,,,,0.426948219537735,0.5290158987045288,-0.0014776276657357812,0.999947726726532,0.3946032226085663,0.6306574940681458,-0.0639018565416336,0.9636121988296509,0.37104642391204834,0.7294491529464722,0.12801358103752136,0.9704334139823914,0.35083845257759094,0.761630117893219,-0.034625452011823654,0.9586503505706787,forward,87.48639683083233,1
2156,71.93853333333334,93.99127960205078,,,,,,,,,,,,,,,,,,,,0.4268438518047333,0.5290659070014954,-0.001595888752490282,0.9999471306800842,0.394499808549881,0.630741536617279,-0.06585484743118286,0.9644731283187866,0.37107717990875244,0.729446291923523,0.12889201939105988,0.9710960388183594,0.35087352991104126,0.7616330981254578,-0.030233308672904968,0.9593274593353271,forward,86.39271584281586,1
2157,71.9719,94.66385841369629,,,,,,,,,,,,,,,,,,,,0.4268091917037964,0.5290839076042175,-0.001620096038095653,0.9999467134475708,0.3941892981529236,0.6310600638389587,-0.06687110662460327,0.9649255275726318,0.3711071014404297,0.7294396162033081,0.128312349319458,0.9713318347930908,0.3508785367012024,0.7616329789161682,-0.027215134352445602,0.9593973755836487,forward,85.94109560650101,1
2158,72.00526666666667,94.41900253295898,,,,,,,,,,,,,,,,,,,,0.42670226097106934,0.5291039347648621,-0.0017132179345935583,0.999945342540741,0.3935202360153198,0.6313589811325073,-0.06993627548217773,0.9644623398780823,0.37118610739707947,0.7294199466705322,0.11046852171421051,0.9707871079444885,0.3508789837360382,0.7616336345672607,-0.029976025223731995,0.9583272337913513,forward,86.64409315947917,1
2159,72.03863333333334,94.19894218444824,,,,,,,,,,,,,,,,,,,,0.42657470703125,0.5292967557907104,-0.0018370890757068992,0.9999457597732544,0.39204591512680054,0.631808876991272,-0.07027707248926163,0.9657790064811707,0.371316522359848,0.7293217778205872,0.1656562238931656,0.9719328880310059,0.35088109970092773,0.7616300582885742,0.0005368813290260732,0.9597850441932678,forward,80.45738995821007,1
2160,72.072,93.46699714660645,,,,,,,,,,,,,,,,,,,,0.4265342354774475,0.5298623442649841,-0.0019191742176190019,0.9999439120292664,0.39096251130104065,0.6322022676467896,-0.07515938580036163,0.9650197625160217,0.3714253008365631,0.7291767001152039,0.11593896150588989,0.971093475818634,0.3509082496166229,0.7616242170333862,-0.013080262579023838,0.9583708047866821,forward,83.1083403259172,1
2161,72.10536666666667,93.88303756713867,,,,,,,,,,,,,,,,,,,,0.42649948596954346,0.5306797623634338,-0.002225089818239212,0.999943733215332,0.3900682330131531,0.6324741244316101,-0.0898953229188919,0.9658386707305908,0.3715066909790039,0.72893887758255,0.11569102108478546,0.9716349244117737,0.3509107828140259,0.7616027593612671,-0.018325142562389374,0.9590250849723816,forward,76.26928247590301,1
2162,72.13873333333333,93.22500228881836,,,,,,,,,,,,,,,,,,,,0.4264572262763977,0.5316754579544067,-0.0027064199093729258,0.9999434947967529,0.3890901207923889,0.6326602101325989,-0.11755765229463577,0.9666385054588318,0.37169981002807617,0.7286038994789124,0.11027702689170837,0.9720969796180725,0.35089239478111267,0.7616007328033447,-0.033095862716436386,0.9595839381217957,forward,66.06522497380541,1
2163,72.1721,94.0392017364502,,,,,,,,,,,,,,,,,,,,0.42643657326698303,0.5321242809295654,-0.0027302114758640528,0.9999434351921082,0.3886529803276062,0.632693350315094,-0.12997014820575714,0.9678869843482971,0.3717452883720398,0.7285138368606567,0.10193789750337601,0.9730551838874817,0.3507385551929474,0.7615991830825806,-0.055857542902231216,0.9608508348464966,forward,62.66310673834868,1
2164,72.20546666666667,92.55385398864746,,,,,,,,,,,,,,,,,,,,0.42637598514556885,0.5332803130149841,-0.002188446233049035,0.999943733215332,0.3878310024738312,0.632857084274292,-0.12146410346031189,0.9692969918251038,0.37179988622665405,0.7282990217208862,0.11779220402240753,0.9741250276565552,0.35056379437446594,0.7615930438041687,-0.047808051109313965,0.962247908115387,forward,63.53050330758788,1
2165,72.23883333333333,93.08385848999023,,,,,,,,,,,,,,,,,,,,0.42637431621551514,0.5339735150337219,-0.0020671251695603132,0.9999420642852783,0.3871426284313202,0.6328727602958679,-0.1389574110507965,0.9690951704978943,0.3717837929725647,0.7282764911651611,0.07423543184995651,0.9733684062957764,0.35056403279304504,0.7615959048271179,-0.07932493835687637,0.9612054824829102,forward,61.84964033781228,1
2166,72.2722,92.9269790649414,,,,,,,,,,,,,,,,,,,,0.4264398217201233,0.5354003310203552,-0.002077259123325348,0.9999426603317261,0.3866078853607178,0.6328915953636169,-0.17564597725868225,0.9706507325172424,0.37175777554512024,0.7284097671508789,0.06099822372198105,0.9742817282676697,0.3508499562740326,0.7615912556648254,-0.11479034274816513,0.9625430703163147,forward,53.085981569990324,1
2167,72.30556666666666,93.88899803161621,,,,,,,,,,,,,,,,,,,,0.42663824558258057,0.5366860032081604,-0.0016697366954758763,0.9999433755874634,0.38585010170936584,0.6331757307052612,-0.1841665357351303,0.9722756147384644,0.37176063656806946,0.7285750508308411,0.05880123749375343,0.975286602973938,0.350702166557312,0.7616089582443237,-0.11601705104112625,0.9639666080474854,forward,51.07447965761336,1
2168,72.33893333333333,93.5659408569336,,,,,,,,,,,,,,,,,,,,0.42665374279022217,0.5385108590126038,-0.0006290433811955154,0.9999440908432007,0.3849620819091797,0.6333491206169128,-0.20137612521648407,0.9742057919502258,0.3716166913509369,0.7287839651107788,0.026025021448731422,0.9767902493476868,0.3504520654678345,0.7616080045700073,-0.14963021874427795,0.9661049246788025,forward,49.758088929742975,1
2169,72.3723,93.27197074890137,,,,,,,,,,,,,,,,,,,,0.4266124665737152,0.5407670140266418,-0.0011252633994445205,0.9999440908432007,0.38303709030151367,0.633849024772644,-0.24191296100616455,0.9758739471435547,0.3715593218803406,0.728830099105835,0.0033390361350029707,0.9778286814689636,0.35055771470069885,0.7616068720817566,-0.17247922718524933,0.9675697684288025,forward,43.838093792746974,1
2170,72.40566666666666,92.71812438964844,,,,,,,,,,,,,,,,,,,,0.42656517028808594,0.5431811213493347,-0.0023171640932559967,0.999944269657135,0.3809543550014496,0.6354175209999084,-0.25028112530708313,0.9773697257041931,0.37147101759910583,0.7289174795150757,0.007759242784231901,0.9787246584892273,0.3508129119873047,0.7615407109260559,-0.166474387049675,0.968906819820404,forward,41.83883463002947,1
2171,72.43903333333334,93.42384338378906,,,,,,,,,,,,,,,,,,,,0.4265620708465576,0.5459221005439758,-0.0024702020455151796,0.999945878982544,0.37999075651168823,0.6366685032844543,-0.2603442668914795,0.9790898561477661,0.3714706003665924,0.7289363741874695,0.001048936857841909,0.9800629019737244,0.3505224883556366,0.7615129351615906,-0.1673722267150879,0.9708419442176819,forward,40.320994892381236,1
2172,72.47240000000001,92.61798858642578,,,,,,,,,,,,,,,,,,,,0.4265401065349579,0.5478259921073914,-0.002129700966179371,0.999947190284729,0.3794531226158142,0.6378567218780518,-0.2682628631591797,0.9804669618606567,0.3712811768054962,0.7291690111160278,-0.027914436534047127,0.981132984161377,0.35002920031547546,0.7615534067153931,-0.2121158391237259,0.9724259376525879,forward,40.935013488527666,1
2173,72.50576666666667,93.25098991394043,,,,,,,,,,,,,,,,,,,,0.42653870582580566,0.550338089466095,-0.0018436668906360865,0.9999486207962036,0.37885016202926636,0.6382365822792053,-0.32732880115509033,0.9819697737693787,0.3712482452392578,0.7292153835296631,-0.04755079001188278,0.9823689460754395,0.34979069232940674,0.7615522742271423,-0.2448773980140686,0.9742830991744995,forward,34.37887266736878,1
2174,72.53913333333334,94.48814392089844,,,,,,,,,,,,,,,,,,,,0.4265357553958893,0.5527099967002869,-0.0010475438321009278,0.9999498128890991,0.3784990608692169,0.6385234594345093,-0.3606019616127014,0.9832991361618042,0.3712453544139862,0.7292509078979492,-0.08558029681444168,0.9834447503089905,0.3497411608695984,0.7615519165992737,-0.29220354557037354,0.9759844541549683,forward,32.81756255118509,1
2175,72.5725,92.34261512756348,,,,,,,,,,,,,,,,,,,,0.4265492260456085,0.554919958114624,-0.0010548968566581607,0.9999511241912842,0.3780708909034729,0.6387844681739807,-0.3343096375465393,0.9843330979347229,0.3710725009441376,0.7294467091560364,-0.08560885488986969,0.9842649698257446,0.34848296642303467,0.7616989016532898,-0.27902576327323914,0.9773542284965515,forward,35.36941696357203,1
2176,72.60586666666667,93.60384941101074,,,,,,,,,,,,,,,,,,,,0.426685631275177,0.5563888549804688,-0.0010553228203207254,0.9999527335166931,0.37693557143211365,0.6393628716468811,-0.4023537039756775,0.9852980375289917,0.37107041478157043,0.7294688820838928,-0.10920600593090057,0.9849594831466675,0.34843090176582336,0.7616981267929077,-0.31217649579048157,0.9785509705543518,forward,29.80508409497588,1
2177,72.63923333333334,93.55378150939941,,,,,,,,,,,,,,,,,,,,0.4268220067024231,0.5578184127807617,-0.0009619849734008312,0.9999544024467468,0.37488964200019836,0.6400763988494873,-0.4131324291229248,0.9863110780715942,0.3710891604423523,0.7295523285865784,-0.11162488162517548,0.9857739210128784,0.3484385013580322,0.761741578578949,-0.3129923641681671,0.9798176884651184,forward,28.808457488620352,1
2178,72.6726,94.48814392089844,,,,,,,,,,,,,,,,,,,,0.4271508455276489,0.5592329502105713,-0.00013924622908234596,0.9999556541442871,0.3729827404022217,0.6404517292976379,-0.4156985282897949,0.9871286153793335,0.3711250126361847,0.7295960187911987,-0.11095274984836578,0.9863563776016235,0.34835636615753174,0.7617396116256714,-0.3109705448150635,0.9807881116867065,forward,28.33742609883038,1
2179,72.70596666666667,92.44489669799805,,,,,,,,,,,,,,,,,,,,0.4276134967803955,0.5618598461151123,0.0002108438784489408,0.9999567270278931,0.37127551436424255,0.641348659992218,-0.43303102254867554,0.9878863096237183,0.37140071392059326,0.7295905351638794,-0.11583825200796127,0.9868863821029663,0.34848886728286743,0.761704683303833,-0.3197721540927887,0.9816371202468872,forward,26.8729332572914,1
2180,72.73933333333333,94.52700614929199,,,,,,,,,,,,,,,,,,,,0.42798539996147156,0.5650358200073242,0.0014322003116831183,0.9999573826789856,0.37014952301979065,0.6420793533325195,-0.4409554898738861,0.9885314702987671,0.3714449405670166,0.7295573353767395,-0.10794094949960709,0.9873328804969788,0.3487185835838318,0.7616667151451111,-0.30550020933151245,0.9823155403137207,forward,25.54061551867225,1
2181,72.7727,92.81301498413086,,,,,,,,,,,,,,,,,,,,0.42816412448883057,0.5675410628318787,0.0013737200060859323,0.9999577403068542,0.3695679306983948,0.6427038311958313,-0.45975303649902344,0.9888010621070862,0.371501088142395,0.7296943664550781,-0.14268162846565247,0.9873194694519043,0.3490380644798279,0.7616665959358215,-0.34471946954727173,0.9824929237365723,forward,25.459792582322425,1
2182,72.80606666666667,93.78576278686523,,,,,,,,,,,,,,,,,,,,0.4281679391860962,0.5705804228782654,0.0012359889224171638,0.9999581575393677,0.3689643442630768,0.6442432999610901,-0.46356743574142456,0.9889437556266785,0.3715068995952606,0.7297612428665161,-0.12349911779165268,0.9869110584259033,0.3493078649044037,0.7616804242134094,-0.31914815306663513,0.9820431470870972,forward,24.025300685279404,1
2183,72.83943333333333,93.9939022064209,,,,,,,,,,,,,,,,,,,,0.42833998799324036,0.5726813673973083,0.0012119701132178307,0.9999589920043945,0.36787116527557373,0.6452277302742004,-0.46837297081947327,0.9891318678855896,0.371510773897171,0.7300945520401001,-0.137825146317482,0.9867469072341919,0.3494194746017456,0.7616803050041199,-0.33546653389930725,0.9818733930587769,forward,24.04845431961539,1
2184,72.8728,93.16587448120117,,,,,,,,,,,,,,,,,,,,0.4283585548400879,0.5744609236717224,0.001085027470253408,0.9999597668647766,0.36664801836013794,0.6462615132331848,-0.468185693025589,0.9889964461326599,0.3715144693851471,0.7306220531463623,-0.15505629777908325,0.9862234592437744,0.3491501212120056,0.7617709040641785,-0.3534182608127594,0.9813401699066162,forward,24.58881327422546,1
2185,72.90616666666666,93.04499626159668,,,,,,,,,,,,,,,,,,,,0.42839673161506653,0.5762075185775757,8.01425485406071e-05,0.9999601244926453,0.3660682439804077,0.6463510990142822,-0.4828322231769562,0.988646924495697,0.37151727080345154,0.7309648990631104,-0.1750810295343399,0.9851852059364319,0.349136620759964,0.761773407459259,-0.37568432092666626,0.9802841544151306,forward,24.391187522821994,1
2186,72.93953333333333,92.87214279174805,,,,,,,,,,,,,,,,,,,,0.42845889925956726,0.5781833529472351,-0.0007692017243243754,0.9999604821205139,0.365613728761673,0.6463761925697327,-0.48953863978385925,0.9881925582885742,0.37156054377555847,0.7309714555740356,-0.16280053555965424,0.9841023683547974,0.349136084318161,0.7616866827011108,-0.35950031876564026,0.9790861010551453,forward,23.24320824207218,1
2187,72.9729,93.10388565063477,,,,,,,,,,,,,,,,,,,,0.42846086621284485,0.5794562101364136,-0.001398375490680337,0.999960720539093,0.36516621708869934,0.6465712189674377,-0.4762876033782959,0.987932562828064,0.3715841472148895,0.7308313846588135,-0.15064720809459686,0.9830588102340698,0.349998414516449,0.7613270282745361,-0.3540252149105072,0.9779225587844849,forward,23.37524511683434,1
2188,73.00626666666666,93.03712844848633,,,,,,,,,,,,,,,,,,,,0.42846596240997314,0.5806846618652344,-0.0026147780008614063,0.9999606013298035,0.36492329835891724,0.6469920873641968,-0.48197004199028015,0.9877074360847473,0.3716341257095337,0.7308386564254761,-0.16620148718357086,0.9820663928985596,0.35025882720947266,0.7612107396125793,-0.36060836911201477,0.9769087433815002,forward,23.528998102923644,1
2189,73.03963333333334,94.46907043457031,,,,,,,,,,,,,,,,,,,,0.428540974855423,0.5816403031349182,-0.002794833853840828,0.9999605417251587,0.364851176738739,0.647401750087738,-0.4789113402366638,0.9871621131896973,0.3716280460357666,0.7308525443077087,-0.16053612530231476,0.9804222583770752,0.3502330482006073,0.7611396312713623,-0.3513059914112091,0.9751163125038147,forward,23.358561767245718,1
2190,73.07300000000001,93.70088577270508,,,,,,,,,,,,,,,,,,,,0.4286381006240845,0.581879734992981,-0.0032389431726187468,0.9999606609344482,0.36491838097572327,0.6475715041160583,-0.47673192620277405,0.9869081974029541,0.37163031101226807,0.7309253811836243,-0.15556278824806213,0.9793604612350464,0.35028499364852905,0.7611424922943115,-0.34742164611816406,0.9738923907279968,forward,23.276399403912933,1
2191,73.10636666666667,94.09618377685547,,,,,,,,,,,,,,,,,,,,0.4286428391933441,0.5820804834365845,-0.0035888527054339647,0.9999603629112244,0.36497536301612854,0.6481630802154541,-0.4733222723007202,0.9865642786026001,0.37164202332496643,0.7309129238128662,-0.14838112890720367,0.9779175519943237,0.35052239894866943,0.7611255645751953,-0.33479347825050354,0.9722657799720764,forward,23.14957151102668,1
2192,73.13973333333334,93.4300422668457,,,,,,,,,,,,,,,,,,,,0.42865249514579773,0.5821672081947327,-0.0038691137451678514,0.9999605417251587,0.3650509715080261,0.6481300592422485,-0.4828377068042755,0.9865029454231262,0.37166962027549744,0.7309005260467529,-0.16127325594425201,0.9772858023643494,0.35102927684783936,0.7611397504806519,-0.3542301654815674,0.9715861678123474,forward,23.091165403444528,1
2193,73.1731,93.27197074890137,,,,,,,,,,,,,,,,,,,,0.42865318059921265,0.5819872617721558,-0.003858421929180622,0.9999609589576721,0.3651842474937439,0.6480852961540222,-0.4817344844341278,0.9863759875297546,0.3717793822288513,0.7309391498565674,-0.16342878341674805,0.9765986204147339,0.3510901629924774,0.7612378001213074,-0.3547414541244507,0.9708894491195679,forward,23.270766773181037,1
2194,73.20646666666667,93.13273429870605,,,,,,,,,,,,,,,,,,,,0.42859986424446106,0.5816037654876709,-0.004065971355885267,0.9999616146087646,0.365600049495697,0.6480332612991333,-0.48361122608184814,0.9864185452461243,0.3719809651374817,0.7310478687286377,-0.16606172919273376,0.976506769657135,0.3511423170566559,0.7612881064414978,-0.36009159684181213,0.9708552360534668,forward,23.329458046734953,1
2195,73.23983333333334,92.69404411315918,,,,,,,,,,,,,,,,,,,,0.42858096957206726,0.581292450428009,-0.0042722150683403015,0.9999627470970154,0.3661884069442749,0.647991955280304,-0.48508989810943604,0.9866968989372253,0.37210556864738464,0.731060266494751,-0.16289429366588593,0.9767619371414185,0.3511224687099457,0.7613796591758728,-0.35696378350257874,0.9711818695068359,forward,23.158331798034773,1
2196,73.2732,92.32211112976074,,,,,,,,,,,,,,,,,,,,0.42855411767959595,0.5807357430458069,-0.004513071849942207,0.9999638199806213,0.36689504981040955,0.6479593515396118,-0.48403123021125793,0.9871305227279663,0.3721792697906494,0.7310549020767212,-0.1574610471725464,0.9773042798042297,0.35103511810302734,0.7614126801490784,-0.35544344782829285,0.9718539714813232,forward,23.08070464195908,1
2197,73.30656666666667,92.92411804199219,,,,,,,,,,,,,,,,,,,,0.4285585880279541,0.5790323615074158,-0.0045796469785273075,0.9999646544456482,0.36761173605918884,0.6479175090789795,-0.48352813720703125,0.9877821803092957,0.372188925743103,0.7310160398483276,-0.1416367143392563,0.9783698320388794,0.35087305307388306,0.7614590525627136,-0.3387613892555237,0.9731461405754089,forward,22.71141451174623,1
2198,73.33993333333333,92.58294105529785,,,,,,,,,,,,,,,,,,,,0.42855849862098694,0.5765494704246521,-0.004582144785672426,0.9999659657478333,0.36820194125175476,0.647529661655426,-0.4806794822216034,0.988541841506958,0.37218183279037476,0.7310171723365784,-0.14288993179798126,0.9797443151473999,0.3506958782672882,0.7614627480506897,-0.33877021074295044,0.9748671650886536,forward,23.223642276105963,1
2199,73.3733,92.93198585510254,,,,,,,,,,,,,,,,,,,,0.4285467863082886,0.5725803971290588,-0.004515088628977537,0.9999671578407288,0.36836379766464233,0.6473621129989624,-0.47871336340904236,0.9893072843551636,0.37216898798942566,0.7304036021232605,-0.13331864774227142,0.9810964465141296,0.35069406032562256,0.7614559531211853,-0.33138954639434814,0.9765580296516418,forward,23.34833141081842,1
2200,73.40666666666667,94.20108795166016,,,,,,,,,,,,,,,,,,,,0.4284736216068268,0.5682646632194519,-0.004445988684892654,0.9999676942825317,0.36843475699424744,0.6472684144973755,-0.4481728971004486,0.9900168180465698,0.37216782569885254,0.7303815484046936,-0.10269707441329956,0.9822726845741272,0.35015982389450073,0.761576235294342,-0.2953309714794159,0.9780187606811523,forward,24.560814293690743,1
2201,73.44003333333333,93.26791763305664,,,,,,,,,,,,,,,,,,,,0.4282161295413971,0.5645539164543152,-0.004027018789201975,0.9999684691429138,0.3687852919101715,0.6454354524612427,-0.44865792989730835,0.9907006621360779,0.37209418416023254,0.7303539514541626,-0.12221041321754456,0.9834900498390198,0.3500322699546814,0.761574923992157,-0.3346756398677826,0.9795292615890503,forward,25.762552871492055,1
2202,73.4734,94.26403045654297,,,,,,,,,,,,,,,,,,,,0.4280012547969818,0.5615169405937195,-0.0030771903693675995,0.9999694228172302,0.36948493123054504,0.6425429582595825,-0.4470047056674957,0.9913942217826843,0.37192294001579285,0.7302446961402893,-0.12786392867565155,0.9847230911254883,0.35003212094306946,0.7615758776664734,-0.34352943301200867,0.9810739755630493,forward,26.562709989585162,1
2203,73.50676666666666,92.70977973937988,,,,,,,,,,,,,,,,,,,,0.4277592599391937,0.5587407946586609,-0.0024617775343358517,0.9999695420265198,0.3697021007537842,0.6414535641670227,-0.43288129568099976,0.9920007586479187,0.3718564510345459,0.7301188707351685,-0.13031086325645447,0.9857851266860962,0.3501792848110199,0.7614211440086365,-0.34225770831108093,0.9824000000953674,forward,28.053568883252332,1
2204,73.54013333333333,93.01495552062988,,,,,,,,,,,,,,,,,,,,0.42751172184944153,0.5554972290992737,-0.0024688688572496176,0.9999698400497437,0.3699181377887726,0.6396598219871521,-0.4254853129386902,0.99253249168396,0.3718564212322235,0.7299210429191589,-0.12978558242321014,0.9867509007453918,0.3504210114479065,0.7611044049263,-0.3395119905471802,0.9836143255233765,forward,29.056591402319842,1
2205,73.5735,93.02496910095215,,,,,,,,,,,,,,,,,,,,0.4273419976234436,0.5518931150436401,-0.0023269597440958023,0.9999695420265198,0.3706994652748108,0.6376695036888123,-0.4016450345516205,0.9928626418113708,0.37154510617256165,0.729898989200592,-0.1308525800704956,0.9874001145362854,0.34991756081581116,0.7609227895736694,-0.34149327874183655,0.9843987822532654,forward,31.78277563583213,1
2206,73.60686666666666,92.4990177154541,,,,,,,,,,,,,,,,,,,,0.42681628465652466,0.5481351613998413,-0.0023626990150660276,0.9999693632125854,0.3718644082546234,0.6358782052993774,-0.35513773560523987,0.9929348230361938,0.3714328706264496,0.7296697497367859,-0.10675777494907379,0.9877576231956482,0.3497772216796875,0.7607577443122864,-0.3183560073375702,0.9848200678825378,forward,35.59897175891324,1
2207,73.64023333333334,94.0389633178711,,,,,,,,,,,,,,,,,,,,0.42648497223854065,0.5456740260124207,-0.002439119154587388,0.9999698996543884,0.3738355338573456,0.6347768306732178,-0.36126038432121277,0.9931241869926453,0.3714015483856201,0.7293630242347717,-0.09843579679727554,0.9882611036300659,0.3496294915676117,0.7608575820922852,-0.30654922127723694,0.9854106307029724,forward,34.71302421399176,1
2208,73.67360000000001,93.0030345916748,,,,,,,,,,,,,,,,,,,,0.42608609795570374,0.5431541800498962,-0.0030732760205864906,0.9999698996543884,0.37563273310661316,0.6338728666305542,-0.3422379791736603,0.9931842684745789,0.37125927209854126,0.729225218296051,-0.10091542452573776,0.9885187745094299,0.34966301918029785,0.7610443830490112,-0.30512872338294983,0.9856911897659302,forward,37.55074783307383,1
2209,73.70696666666667,92.93293952941895,,,,,,,,,,,,,,,,,,,,0.42522719502449036,0.5406346917152405,-0.0030201117042452097,0.9999697804450989,0.3772556483745575,0.6328509449958801,-0.2871990203857422,0.9926909804344177,0.3712105453014374,0.7292859554290771,-0.06534141302108765,0.9882420897483826,0.34924033284187317,0.7611595988273621,-0.25892767310142517,0.985282301902771,forward,42.64049275186342,1
2210,73.74033333333334,93.06502342224121,,,,,,,,,,,,,,,,,,,,0.42498111724853516,0.5386812090873718,-0.0037792299408465624,0.9999701976776123,0.3788076341152191,0.6324501633644104,-0.27466824650764465,0.992315948009491,0.3711598515510559,0.7293468713760376,-0.03996147960424423,0.9883047938346863,0.34920382499694824,0.7612171173095703,-0.23435328900814056,0.9853382110595703,forward,42.77703628567754,1
2211,73.7737,93.75691413879395,,,,,,,,,,,,,,,,,,,,0.42475762963294983,0.5370094776153564,-0.0038116476498544216,0.9999698400497437,0.3800172209739685,0.6320726275444031,-0.2354324460029602,0.991659939289093,0.37100130319595337,0.729384183883667,-0.012942055240273476,0.988243043422699,0.34918907284736633,0.7612771987915039,-0.20079129934310913,0.9851663112640381,forward,47.3439313366724,1
2212,73.80706666666667,94.26212310791016,,,,,,,,,,,,,,,,,,,,0.42466306686401367,0.535790741443634,-0.0044771358370780945,0.9999695420265198,0.3805607855319977,0.6320284605026245,-0.23454955220222473,0.990776777267456,0.3708745837211609,0.7296057939529419,0.010762578807771206,0.9878903031349182,0.3483279347419739,0.7614520192146301,-0.17421314120292664,0.9846810102462769,forward,45.82797791220836,1
2213,73.84043333333334,92.23103523254395,,,,,,,,,,,,,,,,,,,,0.42433375120162964,0.5349497199058533,-0.004725554492324591,0.9999690055847168,0.38158556818962097,0.6315203309059143,-0.21045419573783875,0.9897910952568054,0.3707338869571686,0.7296069264411926,0.03955989331007004,0.9874627590179443,0.34795886278152466,0.7614672780036926,-0.14266663789749146,0.9840728640556335,forward,48.11457996800855,1
2214,73.8738,92.94319152832031,,,,,,,,,,,,,,,,,,,,0.423932284116745,0.5345582365989685,-0.0047024511732161045,0.999968409538269,0.3826308250427246,0.6309213638305664,-0.2132531851530075,0.9893249273300171,0.37073248624801636,0.7295717000961304,0.04278460890054703,0.9873151779174805,0.3480977714061737,0.7614303827285767,-0.1409112513065338,0.9837031364440918,forward,47.39208971032089,1
2215,73.90716666666667,92.63467788696289,,,,,,,,,,,,,,,,,,,,0.4237755537033081,0.5341880321502686,-0.004180027637630701,0.9999678730964661,0.38312792778015137,0.6308524012565613,-0.15450029075145721,0.9889528751373291,0.3707992732524872,0.7295726537704468,0.08729322254657745,0.9873529076576233,0.34811609983444214,0.7614375352859497,-0.08325683325529099,0.9834795594215393,forward,56.710306815382104,1
2216,73.94053333333333,93.59884262084961,,,,,,,,,,,,,,,,,,,,0.42351415753364563,0.5336264371871948,-0.0036598388105630875,0.9999674558639526,0.3834041357040405,0.6309732794761658,-0.13248299062252045,0.9885936975479126,0.37091612815856934,0.7293403148651123,0.11790167540311813,0.9874182939529419,0.34824320673942566,0.7613067030906677,-0.05382910743355751,0.9833173751831055,forward,60.33016834267108,1
2217,73.9739,92.93913841247559,,,,,,,,,,,,,,,,,,,,0.42340609431266785,0.5333968997001648,-0.004213433712720871,0.9999663829803467,0.38445526361465454,0.6309985518455505,-0.10792291164398193,0.9876330494880676,0.37092941999435425,0.7291123867034912,0.11477450281381607,0.9870436191558838,0.3493054509162903,0.7612864971160889,-0.0523790679872036,0.9825199842453003,forward,68.83447383989336,1
2218,74.00726666666667,91.85194969177246,,,,,,,,,,,,,,,,,,,,0.4233104884624481,0.5332785844802856,-0.004131851252168417,0.9999661445617676,0.3851380944252014,0.6311052441596985,-0.07435642182826996,0.9874283075332642,0.3709319531917572,0.7290380597114563,0.14278990030288696,0.9872651696205139,0.3492835462093353,0.7612687349319458,-0.02128855511546135,0.982534646987915,forward,80.2092929645576,1
2219,74.04063333333333,94.46191787719727,,,,,,,,,,,,,,,,,,,,0.42326265573501587,0.5332775712013245,-0.001242687925696373,0.9999650120735168,0.3863014578819275,0.6311561465263367,-0.025777433067560196,0.9850568175315857,0.37102264165878296,0.7289992570877075,0.14633630216121674,0.9861084818840027,0.3492032587528229,0.7613009810447693,0.008631476201117039,0.9805434346199036,forward,106.10312198400365,1
2220,74.074,94.11001205444336,,,,,,,,,,,,,,,,,,,,0.42302700877189636,0.53300541639328,-0.0008024563430808485,0.999963641166687,0.3874521255493164,0.6311558485031128,-0.03692946955561638,0.981459379196167,0.3712351620197296,0.7289997935295105,0.1073443740606308,0.9841016530990601,0.34934544563293457,0.7612272500991821,-0.025157010182738304,0.9777448177337646,forward,104.88448207886692,1
2221,74.10736666666666,94.14196014404297,,,,,,,,,,,,,,,,,,,,0.4229593873023987,0.5326868891716003,0.004007707349956036,0.9999629259109497,0.3885909616947174,0.63114994764328,-0.013082250021398067,0.9796753525733948,0.37163788080215454,0.7290639281272888,0.15414373576641083,0.9835838079452515,0.3490264117717743,0.7612938284873962,0.009888707660138607,0.9768486022949219,forward,110.99599769996115,1
2222,74.14073333333333,93.50228309631348,,,,,,,,,,,,,,,,,,,,0.4229530394077301,0.5321297645568848,0.006187333259731531,0.999961256980896,0.38982540369033813,0.630634069442749,-0.022712862119078636,0.9759859442710876,0.3717426061630249,0.7291815876960754,0.126448854804039,0.9818893671035767,0.348526269197464,0.7613009214401245,-0.01591668464243412,0.9744751453399658,forward,108.01857167140949,1
2223,74.1741,93.05119514465332,,,,,,,,,,,,,,,,,,,,0.4229523241519928,0.5315123200416565,0.005820455960929394,0.9999591708183289,0.39067256450653076,0.6301530599594116,-0.03917005658149719,0.9727413654327393,0.37176698446273804,0.7296265959739685,0.12472645938396454,0.9800409078598022,0.34804555773735046,0.7613897323608398,-0.03508429974317551,0.9719258546829224,forward,98.04159478494894,1
2224,74.20746666666666,92.29421615600586,,,,,,,,,,,,,,,,,,,,0.4230090379714966,0.531166136264801,0.005710887257009745,0.9999576807022095,0.39145627617836,0.6299216747283936,-0.030559292063117027,0.9703229069709778,0.37178125977516174,0.7302077412605286,0.11287514120340347,0.9790872931480408,0.34775862097740173,0.7614414095878601,-0.03923691064119339,0.9704985022544861,forward,105.97003378832677,1
2225,74.24083333333334,92.32783317565918,,,,,,,,,,,,,,,,,,,,0.4231436848640442,0.5310364365577698,0.005587191786617041,0.9999555945396423,0.3919277787208557,0.6298046112060547,-0.02223833091557026,0.9654178023338318,0.3718114197254181,0.7304627895355225,0.11181853711605072,0.9760990142822266,0.3477220833301544,0.7615017294883728,-0.030800018459558487,0.9668199419975281,forward,112.1900629547484,1
2226,74.27420000000001,92.62299537658691,,,,,,,,,,,,,,,,,,,,0.42336001992225647,0.530695378780365,0.005429975222796202,0.9999538064002991,0.3926352858543396,0.6298040747642517,-0.020930517464876175,0.962124228477478,0.3718119263648987,0.7305259108543396,0.1076149120926857,0.9741641879081726,0.3478570580482483,0.7615084052085876,-0.030249888077378273,0.9642411470413208,forward,114.2316702626701,1
2227,74.30756666666667,94.37203407287598,,,,,,,,,,,,,,,,,,,,0.4235246479511261,0.5306832790374756,0.005397684872150421,0.9999531507492065,0.3929724395275116,0.629809558391571,-0.028508108109235764,0.9621197581291199,0.3717670738697052,0.7305412888526917,0.11378975957632065,0.9744329452514648,0.34837254881858826,0.7615146636962891,-0.029985006898641586,0.9643234014511108,forward,107.64100191343745,1
2228,74.34093333333334,94.15078163146973,,,,,,,,,,,,,,,,,,,,0.42366552352905273,0.5306386947631836,0.004751627799123526,0.9999515414237976,0.39327096939086914,0.6298202276229858,-0.025238683447241783,0.9590513110160828,0.3717120587825775,0.7305419445037842,0.11091510206460953,0.9723790287971497,0.3488171398639679,0.7615483999252319,-0.02398037537932396,0.9614570140838623,forward,110.85037847419954,1
2229,74.3743,93.1081771850586,,,,,,,,,,,,,,,,,,,,0.42372047901153564,0.5305553674697876,0.004564845003187656,0.9999501705169678,0.3935115337371826,0.6298274397850037,-0.02576085366308689,0.95550936460495,0.37169256806373596,0.7305240035057068,0.11063595861196518,0.9698361158370972,0.34914931654930115,0.7615594863891602,-0.020871605724096298,0.9581838846206665,forward,110.65709385564642,1
2230,74.40766666666667,93.01590919494629,,,,,,,,,,,,,,,,,,,,0.42373520135879517,0.5304417014122009,0.0041441768407821655,0.9999490976333618,0.3935569226741791,0.6298344135284424,-0.030736224725842476,0.953504741191864,0.3716842532157898,0.7304210662841797,0.0988275408744812,0.9681921601295471,0.34935036301612854,0.7615626454353333,-0.024946365505456924,0.9559333920478821,forward,109.78810004817652,1
2231,74.44103333333334,93.6589241027832,,,,,,,,,,,,,,,,,,,,0.4237429201602936,0.5304158329963684,0.004120028577744961,0.9999495148658752,0.39350950717926025,0.6298741102218628,-0.03349887952208519,0.9536900520324707,0.3716762959957123,0.7302831411361694,0.10082507878541946,0.9684692621231079,0.3494108319282532,0.7615808248519897,-0.02718939445912838,0.9561256766319275,forward,107.40826702882829,1
2232,74.4744,93.16587448120117,,,,,,,,,,,,,,,,,,,,0.4237346649169922,0.5304211974143982,0.004215437453240156,0.9999490976333618,0.39349567890167236,0.6299684643745422,-0.03273728862404823,0.9527851343154907,0.37167567014694214,0.730185866355896,0.10818834602832794,0.9678780436515808,0.34941449761390686,0.7616052627563477,-0.019236279651522636,0.9552739858627319,forward,106.38553929426944,1
2233,74.50776666666667,92.24987030029297,,,,,,,,,,,,,,,,,,,,0.42368537187576294,0.5303806066513062,0.004167084116488695,0.9999488592147827,0.3934427797794342,0.6300808787345886,-0.03231989964842796,0.9517505764961243,0.37167495489120483,0.7300888895988464,0.109746553003788,0.966992199420929,0.3493960201740265,0.7616639733314514,-0.014369487762451172,0.953930675983429,forward,106.36364099040495,1
2234,74.54113333333333,93.04022789001465,,,,,,,,,,,,,,,,,,,,0.4236583411693573,0.5303871035575867,0.004065860994160175,0.9999484419822693,0.39328524470329285,0.6301129460334778,-0.030742105096578598,0.9491773247718811,0.3716646432876587,0.7300557494163513,0.10913381725549698,0.9649090766906738,0.3493594229221344,0.7617117762565613,-0.008199076168239117,0.951349675655365,forward,107.58965104673696,1
2235,74.5745,92.98396110534668,,,,,,,,,,,,,,,,,,,,0.42365890741348267,0.5303944945335388,0.004055444151163101,0.9999485611915588,0.39302685856819153,0.6301608681678772,-0.0311566311866045,0.9496873021125793,0.37163642048835754,0.7300527691841125,0.12827108800411224,0.9653440117835999,0.3492259085178375,0.7617642879486084,-0.0075284200720489025,0.9518082141876221,forward,103.89212486826929,1
2236,74.60786666666667,93.11795234680176,,,,,,,,,,,,,,,,,,,,0.4237235188484192,0.5304027199745178,0.003847874002531171,0.9999488592147827,0.3927178680896759,0.6301698088645935,-0.041631534695625305,0.9514213800430298,0.37158918380737305,0.7300493717193604,0.13982048630714417,0.9665901064872742,0.34907156229019165,0.7618048191070557,-0.009857460856437683,0.9533789753913879,forward,95.72742692855174,1
2237,74.64123333333333,94.29240226745605,,,,,,,,,,,,,,,,,,,,0.4237598180770874,0.5304400324821472,0.00355279678478837,0.9999477863311768,0.3922155797481537,0.6303468942642212,-0.04894750565290451,0.9508182406425476,0.3715868592262268,0.7300469279289246,0.11634232848882675,0.9657860994338989,0.3490450382232666,0.7618367075920105,-0.018098676577210426,0.9521494507789612,forward,94.87594544791003,1
2238,74.6746,93.09625625610352,,,,,,,,,,,,,,,,,,,,0.4237259030342102,0.530746579170227,0.003475506789982319,0.9999471306800842,0.3917367458343506,0.6308433413505554,-0.04107120260596275,0.9498263597488403,0.37161046266555786,0.7300450205802917,0.116432785987854,0.9647756814956665,0.3490305244922638,0.7618691921234131,-0.006273089442402124,0.9506260752677917,forward,99.58254426594596,1
2239,74.70796666666666,93.98126602172852,,,,,,,,,,,,,,,,,,,,0.42372366786003113,0.530986487865448,0.0034641078673303127,0.9999464750289917,0.3914109468460083,0.6312265992164612,-0.04158565402030945,0.950464129447937,0.3716141879558563,0.7300428152084351,0.12216959148645401,0.9651762843132019,0.34891465306282043,0.761875331401825,-0.006512150168418884,0.950981080532074,forward,98.2693228625769,1
2240,74.74133333333333,93.06883811950684,,,,,,,,,,,,,,,,,,,,0.4237060248851776,0.5313885807991028,0.004350721836090088,0.9999472498893738,0.3908616900444031,0.6320670247077942,-0.034680794924497604,0.952767550945282,0.37163209915161133,0.7300426959991455,0.19841916859149933,0.9670224785804749,0.34886470437049866,0.7618823647499084,0.038378942757844925,0.9533513188362122,forward,92.79853588198581,1
2241,74.7747,91.97187423706055,,,,,,,,,,,,,,,,,,,,0.42365872859954834,0.53165602684021,0.004318547435104847,0.9999478459358215,0.3901580274105072,0.6326096057891846,-0.04356811195611954,0.9551634788513184,0.3716404438018799,0.7300400137901306,0.18125106394290924,0.9687250256538391,0.3488129675388336,0.7618883848190308,0.023256324231624603,0.9555663466453552,forward,89.38124264312458,1
2242,74.80806666666666,92.88787841796875,,,,,,,,,,,,,,,,,,,,0.4236874282360077,0.5321019291877747,0.004553271923214197,0.9999483823776245,0.3897078335285187,0.6331471800804138,-0.05005593225359917,0.9569504857063293,0.3716503381729126,0.730019748210907,0.17037945985794067,0.9699996709823608,0.34866848587989807,0.7618444561958313,0.01673409715294838,0.9571635127067566,forward,86.7578204833284,1
2243,74.84143333333334,93.16492080688477,,,,,,,,,,,,,,,,,,,,0.4237043261528015,0.532644510269165,0.004872691817581654,0.9999486804008484,0.38938185572624207,0.6337762475013733,-0.05005901679396629,0.9593321681022644,0.37166208028793335,0.7300024032592773,0.18247708678245544,0.9716004729270935,0.34857335686683655,0.7618074417114258,0.02079158090054989,0.9592443108558655,forward,85.3923835797268,1
2244,74.87480000000001,93.02210807800293,,,,,,,,,,,,,,,,,,,,0.42370522022247314,0.533502459526062,0.006116439588367939,0.9999490976333618,0.3885740637779236,0.6346185207366943,-0.05218275636434555,0.9617033004760742,0.3716880679130554,0.7300000786781311,0.18559230864048004,0.9731292724609375,0.34836891293525696,0.7618038654327393,0.028024256229400635,0.9612964987754822,forward,83.34975049124643,1
2245,74.90816666666667,94.36392784118652,,,,,,,,,,,,,,,,,,,,0.42377129197120667,0.5341797471046448,0.0062804194167256355,0.9999485611915588,0.38801103830337524,0.6353818774223328,-0.056934904307127,0.963661789894104,0.3719031810760498,0.7299341559410095,0.18029163777828217,0.9742704033851624,0.34841468930244446,0.7617641687393188,0.025613805279135704,0.9627910256385803,forward,81.24529225698734,1
2246,74.94153333333334,92.81682968139648,,,,,,,,,,,,,,,,,,,,0.4238959550857544,0.534641683101654,0.00679677864536643,0.9999478459358215,0.3875683546066284,0.635780394077301,-0.05872039496898651,0.9653766751289368,0.3720463514328003,0.7297365069389343,0.17791517078876495,0.9753073453903198,0.34860149025917053,0.7616835236549377,0.022991275414824486,0.9641055464744568,forward,80.2494512057945,1
2247,74.9749,93.9033031463623,,,,,,,,,,,,,,,,,,,,0.42396941781044006,0.5353264212608337,0.006772580556571484,0.9999477863311768,0.3872546851634979,0.6359236836433411,-0.0696631446480751,0.9667872786521912,0.3721141219139099,0.729418158531189,0.16534730792045593,0.9761348962783813,0.3486379384994507,0.7616802453994751,0.011177940294146538,0.965194046497345,forward,76.11121468676765,1
2248,75.00826666666667,93.82319450378418,,,,,,,,,,,,,,,,,,,,0.4239959120750427,0.5358284711837769,0.0068623386323452,0.9999468326568604,0.386892169713974,0.6358999609947205,-0.08771665394306183,0.9677141308784485,0.37210819125175476,0.7292100787162781,0.13307452201843262,0.9763263463973999,0.34878742694854736,0.7616590261459351,-0.020335404202342033,0.9654989242553711,forward,71.27193614488611,1
2249,75.04163333333334,93.8112735748291,,,,,,,,,,,,,,,,,,,,0.42422300577163696,0.5365645289421082,0.005026605445891619,0.9999463558197021,0.38642242550849915,0.6358665823936462,-0.12140429764986038,0.9683690667152405,0.372028112411499,0.7291688919067383,0.06681670993566513,0.9762769341468811,0.3488108813762665,0.761625349521637,-0.08062683790922165,0.9652612805366516,forward,66.28247432572978,1
2250,75.075,92.86713600158691,,,,,,,,,,,,,,,,,,,,0.4245031177997589,0.537945032119751,0.002475546672940254,0.9999473094940186,0.385795533657074,0.6358539462089539,-0.14421358704566956,0.9706169962882996,0.3719850182533264,0.7291069626808167,0.09712568670511246,0.9776191711425781,0.34851521253585815,0.7616654634475708,-0.0629957988858223,0.9671079516410828,forward,56.62354743841935,1
2251,75.10836666666667,94.09308433532715,,,,,,,,,,,,,,,,,,,,0.42477095127105713,0.5392330288887024,0.0006129766115918756,0.9999468922615051,0.3855125904083252,0.6358485817909241,-0.1562066674232483,0.9720001816749573,0.37176743149757385,0.7290446758270264,0.06852466613054276,0.9781197309494019,0.34868720173835754,0.7615413069725037,-0.09570649266242981,0.9678000807762146,forward,55.94554377873096,1
2252,75.14173333333333,94.76208686828613,,,,,,,,,,,,,,,,,,,,0.4249838590621948,0.5404578447341919,-0.00015261821681633592,0.9999454617500305,0.3846733272075653,0.6358364224433899,-0.19641916453838348,0.973030149936676,0.37164998054504395,0.7290166020393372,0.02430611662566662,0.9782652258872986,0.3491016626358032,0.7615280151367188,-0.13716793060302734,0.9680500626564026,forward,50.44292370633987,1
2253,75.1751,92.62394905090332,,,,,,,,,,,,,,,,,,,,0.42498689889907837,0.5420050024986267,-0.000984896789304912,0.9999454021453857,0.383377343416214,0.636008083820343,-0.18968477845191956,0.9747363328933716,0.37164953351020813,0.7289596199989319,0.06338589638471603,0.9792085289955139,0.3491106629371643,0.7614794373512268,-0.09656176716089249,0.9693829417228699,forward,48.361786304686674,1
2254,75.20846666666667,92.32497215270996,,,,,,,,,,,,,,,,,,,,0.42506498098373413,0.543384313583374,-0.0008617315324954689,0.9999456405639648,0.3824509084224701,0.6368289589881897,-0.19444639980793,0.976389467716217,0.37165528535842896,0.7291893362998962,0.050127141177654266,0.9802918434143066,0.3489108681678772,0.7614753246307373,-0.12228354066610336,0.9709528684616089,forward,48.15102349975225,1
2255,75.24183333333333,93.01400184631348,,,,,,,,,,,,,,,,,,,,0.4252752661705017,0.5447218418121338,-0.0010932167060673237,0.9999463558197021,0.38187870383262634,0.63715660572052,-0.22162480652332306,0.9779124855995178,0.3716420531272888,0.729431688785553,0.005670940037816763,0.9811984896659851,0.3488374352455139,0.7614439129829407,-0.16802693903446198,0.9723217487335205,forward,46.39569332063596,1
2256,75.2752,93.52302551269531,,,,,,,,,,,,,,,,,,,,0.4254806637763977,0.5465587377548218,-0.001268267398700118,0.9999473690986633,0.3810105621814728,0.6380608081817627,-0.21876175701618195,0.9794855117797852,0.3715413808822632,0.7294761538505554,0.028493067249655724,0.9822851419448853,0.34825801849365234,0.7614323496818542,-0.1408773511648178,0.9738883972167969,forward,44.738090011215455,1
2257,75.30856666666666,94.30217742919922,,,,,,,,,,,,,,,,,,,,0.42548510432243347,0.5482683181762695,-0.0012545872014015913,0.9999497532844543,0.38019758462905884,0.6387618184089661,-0.24798108637332916,0.9811248779296875,0.37153130769729614,0.7295092940330505,-0.012600786983966827,0.9835739731788635,0.3482183516025543,0.7614274621009827,-0.19898094236850739,0.9757707118988037,forward,42.69857536706646,1
2258,75.34193333333333,103.19304466247559,,,,,,,,,,,,,,,,,,,,0.42553824186325073,0.5499561429023743,-0.001156961196102202,0.9999509453773499,0.3796592056751251,0.6387137770652771,-0.2942545711994171,0.9823569655418396,0.3714815378189087,0.729703962802887,-0.0710454210639,0.9843258857727051,0.34811991453170776,0.7616034746170044,-0.26837602257728577,0.9769458770751953,forward,40.286204049628985,1
2259,75.3753,93.37377548217773,,,,,,,,,,,,,,,,,,,,0.42557036876678467,0.551690399646759,-0.001188717782497406,0.9999526143074036,0.3789348602294922,0.6387036442756653,-0.34248313307762146,0.9836883544921875,0.37141162157058716,0.7297067642211914,-0.09194537997245789,0.9852645397186279,0.34812361001968384,0.7617760300636292,-0.2892071306705475,0.9784079790115356,forward,35.387167758861835,1
2260,75.40866666666666,92.98896789550781,,,,,,,,,,,,,,,,,,,,0.42558741569519043,0.5534001588821411,-0.0007316378178074956,0.9999536275863647,0.37851670384407043,0.6389030814170837,-0.32975175976753235,0.9847124814987183,0.3714190423488617,0.7297372221946716,-0.08505653589963913,0.9859442710876465,0.3473142385482788,0.7617579102516174,-0.2801872491836548,0.9795689582824707,forward,36.09445009546034,1
2261,75.44203333333334,93.51086616516113,,,,,,,,,,,,,,,,,,,,0.4256398379802704,0.5548747181892395,-0.0003472709213383496,0.9999549388885498,0.3774416744709015,0.6394322514533997,-0.3495648205280304,0.9859150648117065,0.37141650915145874,0.729918360710144,-0.09851666539907455,0.986900806427002,0.34729865193367004,0.761755108833313,-0.30580902099609375,0.9810388684272766,forward,34.520993646437795,1
2262,75.47540000000001,92.9720401763916,,,,,,,,,,,,,,,,,,,,0.4256485104560852,0.5560709834098816,-9.53722556005232e-05,0.9999566674232483,0.3762055039405823,0.6396111249923706,-0.39072149991989136,0.9870248436927795,0.37135183811187744,0.7301008701324463,-0.11916468292474747,0.9877340793609619,0.34734100103378296,0.7617507576942444,-0.32537171244621277,0.9823418259620667,forward,31.472601769832824,1
2263,75.50876666666667,92.63491630554199,,,,,,,,,,,,,,,,,,,,0.42565709352493286,0.557696521282196,0.00011889411689480767,0.9999583959579468,0.37458157539367676,0.6399659514427185,-0.4192131459712982,0.9879382848739624,0.37134861946105957,0.7303727269172668,-0.13651692867279053,0.9884254932403564,0.34755364060401917,0.7617042064666748,-0.34883594512939453,0.9834360480308533,forward,29.717234089399682,1
2264,75.54213333333334,93.02711486816406,,,,,,,,,,,,,,,,,,,,0.42567193508148193,0.5590091347694397,0.00011631812230916694,0.9999598860740662,0.3732319474220276,0.6401605606079102,-0.4399622082710266,0.988669216632843,0.37143874168395996,0.7303232550621033,-0.1237860918045044,0.9888868927955627,0.34805187582969666,0.7615824341773987,-0.3265036940574646,0.9842158555984497,forward,27.220827149340224,1
2265,75.5755,92.48208999633789,,,,,,,,,,,,,,,,,,,,0.4256872534751892,0.5604764223098755,0.00034795948886312544,0.9999608993530273,0.3717721998691559,0.6405106782913208,-0.4327913820743561,0.9893335103988647,0.3717059791088104,0.7303040623664856,-0.11901424825191498,0.9892799258232117,0.34875258803367615,0.7615796327590942,-0.3188004493713379,0.9848661422729492,forward,27.282682976639062,1
2266,75.60886666666667,93.16515922546387,,,,,,,,,,,,,,,,,,,,0.42570042610168457,0.5620234608650208,0.00047147268196567893,0.9999620318412781,0.3705943822860718,0.6412306427955627,-0.4462225139141083,0.9898312091827393,0.3717574179172516,0.7303007245063782,-0.12034427374601364,0.989422619342804,0.3494524657726288,0.7615770697593689,-0.3222772181034088,0.9851982593536377,forward,26.157666929683895,1
2267,75.64223333333334,94.32506561279297,,,,,,,,,,,,,,,,,,,,0.4257068634033203,0.563612163066864,0.00048228210653178394,0.9999629855155945,0.3701478838920593,0.6416299343109131,-0.45478272438049316,0.9902589917182922,0.37175706028938293,0.7302696108818054,-0.11600030213594437,0.9895129203796387,0.3501778542995453,0.7615829706192017,-0.31417959928512573,0.9854421019554138,forward,25.203336613338816,1
2268,75.6756,93.46675872802734,,,,,,,,,,,,,,,,,,,,0.4257144629955292,0.5651766657829285,0.0006215113098733127,0.999963641166687,0.3691631257534027,0.6427192091941833,-0.4468497037887573,0.9905842542648315,0.3717433214187622,0.7302879691123962,-0.10820649564266205,0.9894612431526184,0.3502391576766968,0.7617155909538269,-0.3086715638637543,0.9854806661605835,forward,25.164002151798528,1
2269,75.70896666666667,92.56124496459961,,,,,,,,,,,,,,,,,,,,0.4257219433784485,0.5669034719467163,0.0006439264980144799,0.9999639391899109,0.3683575987815857,0.6440504193305969,-0.44489678740501404,0.9907377362251282,0.37173953652381897,0.7303839921951294,-0.10939156264066696,0.9892338514328003,0.3504660129547119,0.7617900371551514,-0.30558472871780396,0.9852795600891113,forward,25.0865011370466,1
2270,75.74233333333333,93.18709373474121,,,,,,,,,,,,,,,,,,,,0.4257366359233856,0.5689564943313599,0.0006483117467723787,0.9999638199806213,0.36754900217056274,0.6455040574073792,-0.4429662525653839,0.9909136295318604,0.3716825842857361,0.7305366396903992,-0.10886691510677338,0.9891555309295654,0.35012900829315186,0.76179039478302,-0.30236709117889404,0.9852335453033447,forward,24.907387600775415,1
2271,75.7757,92.67687797546387,,,,,,,,,,,,,,,,,,,,0.4257524609565735,0.570654034614563,0.002049379050731659,0.9999645352363586,0.36693644523620605,0.645980715751648,-0.4517342150211334,0.9910016655921936,0.37169402837753296,0.7310028672218323,-0.1118866503238678,0.9888845086097717,0.35014981031417847,0.7618173360824585,-0.3009788990020752,0.9849499464035034,forward,24.28733356076954,1
2272,75.80906666666667,94.17200088500977,,,,,,,,,,,,,,,,,,,,0.4258076846599579,0.5726460218429565,0.0023704704362899065,0.9999645948410034,0.3662041127681732,0.6464716792106628,-0.4616507589817047,0.990854799747467,0.37173745036125183,0.7313783168792725,-0.12437721341848373,0.9883676171302795,0.35013309121131897,0.7618175745010376,-0.3121514916419983,0.984305739402771,forward,23.947547581107614,1
2273,75.84243333333333,93.92619132995605,,,,,,,,,,,,,,,,,,,,0.42592641711235046,0.5745974779129028,0.0022286418825387955,0.9999643564224243,0.36553043127059937,0.6471220254898071,-0.4692652225494385,0.9904190897941589,0.37175291776657104,0.7313730716705322,-0.12271510809659958,0.9871979355812073,0.3497350513935089,0.7617951035499573,-0.30894824862480164,0.9828397035598755,forward,23.18814468985527,1
2274,75.8758,93.58429908752441,,,,,,,,,,,,,,,,,,,,0.4259580075740814,0.5764220952987671,0.0019901073537766933,0.9999637007713318,0.36534348130226135,0.6469601988792419,-0.4808488190174103,0.9894922971725464,0.3717572093009949,0.7313758730888367,-0.14270631968975067,0.9853745102882385,0.3492324650287628,0.7615125179290771,-0.32921305298805237,0.9806584715843201,forward,23.0626191058604,1
2275,75.90916666666666,94.12884712219238,,,,,,,,,,,,,,,,,,,,0.4260217845439911,0.5781692862510681,0.001853969763033092,0.9999629259109497,0.36466532945632935,0.6474740505218506,-0.4747169315814972,0.9886693358421326,0.37176012992858887,0.7313963174819946,-0.13644692301750183,0.983922004699707,0.34925955533981323,0.7615000009536743,-0.3232589364051819,0.9788593649864197,forward,22.959725458970926,1
2276,75.94253333333333,93.44601631164551,,,,,,,,,,,,,,,,,,,,0.42624741792678833,0.5789259076118469,0.0018130734097212553,0.9999622106552124,0.3643842935562134,0.6479203104972839,-0.47144997119903564,0.9877976775169373,0.3717655837535858,0.7314533591270447,-0.13481317460536957,0.9825459122657776,0.34923556447029114,0.7613934278488159,-0.3213547468185425,0.9770737886428833,forward,22.994223971990987,1
2277,75.9759,93.42122077941895,,,,,,,,,,,,,,,,,,,,0.4263014495372772,0.5801689624786377,0.0012195163872092962,0.9999621510505676,0.3642706871032715,0.6479915976524353,-0.48896485567092896,0.9871366024017334,0.37176716327667236,0.7315091490745544,-0.1593886762857437,0.9812082648277283,0.34920892119407654,0.7613361477851868,-0.350181519985199,0.9754163026809692,forward,22.799127140092853,1
2278,76.00926666666666,93.2459831237793,,,,,,,,,,,,,,,,,,,,0.4264817535877228,0.5819911360740662,0.000882670923601836,0.9999616742134094,0.36417534947395325,0.648116946220398,-0.4912630319595337,0.986483633518219,0.3717632293701172,0.7316057682037354,-0.16906048357486725,0.9798369407653809,0.3491823077201843,0.7613188624382019,-0.3571877181529999,0.9737180471420288,forward,22.868358176268366,1
2279,76.04263333333334,94.13886070251465,,,,,,,,,,,,,,,,,,,,0.42655429244041443,0.5826466083526611,0.00045191816752776504,0.9999619126319885,0.36406782269477844,0.6485078930854797,-0.4853323996067047,0.9862807989120483,0.37179243564605713,0.73160719871521,-0.1580040454864502,0.9788758158683777,0.3498583137989044,0.7613216638565063,-0.34511131048202515,0.9725207686424255,forward,22.688545469759354,1
2280,76.07600000000001,93.28198432922363,,,,,,,,,,,,,,,,,,,,0.42673859000205994,0.5836707353591919,-0.0003641177318058908,0.9999617338180542,0.36404842138290405,0.6486397981643677,-0.4908556342124939,0.9857099056243896,0.37185123562812805,0.731609046459198,-0.17068812251091003,0.9774561524391174,0.35060152411460876,0.7613449096679688,-0.3590354919433594,0.9708632826805115,forward,22.77073232726655,1
2281,76.10936666666667,92.67401695251465,,,,,,,,,,,,,,,,,,,,0.42695242166519165,0.5845621824264526,-0.0015753875486552715,0.9999611377716064,0.36405929923057556,0.6485875844955444,-0.4953305423259735,0.9847748279571533,0.3718566596508026,0.7315120697021484,-0.17358575761318207,0.9756247997283936,0.3512166738510132,0.7613703608512878,-0.3614419996738434,0.9686680436134338,forward,22.54340863129169,1
2282,76.14273333333334,92.8659439086914,,,,,,,,,,,,,,,,,,,,0.4270360469818115,0.5850414037704468,-0.001988879172131419,0.9999606013298035,0.36407408118247986,0.648542582988739,-0.4927988052368164,0.9840724468231201,0.3718574047088623,0.7313061356544495,-0.16620704531669617,0.9740731120109558,0.3514203131198883,0.7614509463310242,-0.35384634137153625,0.9667842984199524,forward,22.32258695472938,1
2283,76.1761,93.9171314239502,,,,,,,,,,,,,,,,,,,,0.42704787850379944,0.5850621461868286,-0.0023476150818169117,0.9999600052833557,0.36408957839012146,0.6487020254135132,-0.4915764033794403,0.9835553169250488,0.3718966543674469,0.7310999035835266,-0.15798233449459076,0.9730471968650818,0.35144248604774475,0.7614830732345581,-0.33790451288223267,0.9654453992843628,forward,22.0400657645264,1
2284,76.20946666666667,94.00081634521484,,,,,,,,,,,,,,,,,,,,0.42708292603492737,0.585123598575592,-0.002369463909417391,0.9999599456787109,0.3641171157360077,0.6488264799118042,-0.4908536672592163,0.9833285808563232,0.37194398045539856,0.7310418486595154,-0.15690180659294128,0.9725834131240845,0.351436972618103,0.7615610361099243,-0.3363869786262512,0.9648401141166687,forward,22.018054514874095,1
2285,76.24283333333334,93.45316886901855,,,,,,,,,,,,,,,,,,,,0.4271692931652069,0.5851738452911377,-0.0023234253749251366,0.9999603033065796,0.3642820417881012,0.6490110158920288,-0.4887469708919525,0.9832803606987,0.37193381786346436,0.7310286164283752,-0.15604424476623535,0.972498893737793,0.3513486087322235,0.7615923285484314,-0.33817365765571594,0.9647127985954285,forward,22.092111186023086,1
2286,76.2762,93.03712844848633,,,,,,,,,,,,,,,,,,,,0.42750486731529236,0.5850422978401184,-0.002258168999105692,0.9999606609344482,0.36459270119667053,0.6490185260772705,-0.4874255061149597,0.9829431176185608,0.37188848853111267,0.7309685945510864,-0.15253372490406036,0.9720405340194702,0.35132482647895813,0.7615975737571716,-0.3346293270587921,0.9642019271850586,forward,22.056562171723098,1
2287,76.30956666666667,92.6508903503418,,,,,,,,,,,,,,,,,,,,0.42788630723953247,0.5848281979560852,-0.00224478030577302,0.9999610781669617,0.3650347590446472,0.6489797830581665,-0.4872800409793854,0.9827074408531189,0.3718584477901459,0.7309505939483643,-0.15008077025413513,0.9718039035797119,0.35127702355384827,0.7616086602210999,-0.33462315797805786,0.9639337658882141,forward,22.017900844040224,1
2288,76.34293333333333,93.07289123535156,,,,,,,,,,,,,,,,,,,,0.4279312789440155,0.5846686959266663,-0.0023139442782849073,0.999961256980896,0.3657290041446686,0.6488516926765442,-0.48645076155662537,0.9827805161476135,0.37182390689849854,0.7309402823448181,-0.15008775889873505,0.971838653087616,0.3512698709964752,0.7616295218467712,-0.33660250902175903,0.9640213847160339,forward,22.102012147288217,1
2289,76.3763,94.05374526977539,,,,,,,,,,,,,,,,,,,,0.4280247390270233,0.58400559425354,-0.0025626015849411488,0.9999616146087646,0.3662564158439636,0.6486467719078064,-0.48748916387557983,0.9832020998001099,0.3718176782131195,0.730911374092102,-0.1500844955444336,0.9723573923110962,0.3512107729911804,0.7616379857063293,-0.33874043822288513,0.9647185802459717,forward,22.139270661344803,1
2290,76.40966666666667,95.09801864624023,,,,,,,,,,,,,,,,,,,,0.42807164788246155,0.5824617743492126,-0.003197060665115714,0.9999613761901855,0.3669168949127197,0.6485347747802734,-0.49057650566101074,0.9833664298057556,0.37181979417800903,0.730883777141571,-0.14189980924129486,0.9726765155792236,0.3511967360973358,0.7616768479347229,-0.3353334069252014,0.9652186632156372,forward,21.875827460486327,1
2291,76.44303333333333,93.6288833618164,,,,,,,,,,,,,,,,,,,,0.4281196892261505,0.5808488130569458,-0.004001373425126076,0.9999614953994751,0.3678084909915924,0.6485281586647034,-0.49128806591033936,0.9840461611747742,0.3718825578689575,0.7308465242385864,-0.14149515330791473,0.9735801815986633,0.3511873781681061,0.7616913318634033,-0.33543750643730164,0.9663970470428467,forward,22.023670239773622,1
2292,76.4764,93.35899353027344,,,,,,,,,,,,,,,,,,,,0.42832982540130615,0.5788273215293884,-0.005187001544982195,0.9999608993530273,0.36849716305732727,0.6484671235084534,-0.4906712770462036,0.9848399758338928,0.37192344665527344,0.730634868144989,-0.134307861328125,0.9745203256607056,0.3506103456020355,0.761681854724884,-0.32554012537002563,0.967688798904419,forward,22.045184870767823,1
2293,76.50976666666666,94.43521499633789,,,,,,,,,,,,,,,,,,,,0.42829084396362305,0.5752841234207153,-0.005059773102402687,0.9999613165855408,0.3688744604587555,0.6484041213989258,-0.4757329821586609,0.9858290553092957,0.3720400631427765,0.7304781079292297,-0.10324442386627197,0.9760074615478516,0.35060909390449524,0.7616814970970154,-0.29499274492263794,0.9695911407470703,forward,22.21138061771673,1
2294,76.54313333333333,94.47193145751953,,,,,,,,,,,,,,,,,,,,0.4282952845096588,0.5712935328483582,-0.004737514071166515,0.9999620318412781,0.3691190481185913,0.6482322812080383,-0.46114176511764526,0.9867954254150391,0.3721681833267212,0.7303823828697205,-0.09656565636396408,0.9775530695915222,0.3497675657272339,0.7616822123527527,-0.2898922264575958,0.9715784192085266,forward,23.225613121047918,1
2295,76.5765,93.88494491577148,,,,,,,,,,,,,,,,,,,,0.42830780148506165,0.5683574080467224,-0.002811373909935355,0.9999624490737915,0.3695980906486511,0.6477152109146118,-0.43761610984802246,0.9873692989349365,0.37216973304748535,0.7303219437599182,-0.09439151734113693,0.9784701466560364,0.3496367335319519,0.7616834044456482,-0.28894785046577454,0.9728681445121765,forward,24.851845470761656,1
2296,76.60986666666666,94.10500526428223,,,,,,,,,,,,,,,,,,,,0.42830681800842285,0.5656204223632812,-0.0024629258550703526,0.9999634027481079,0.3701767325401306,0.6465445756912231,-0.44923123717308044,0.9879645109176636,0.37201881408691406,0.7306079864501953,-0.11399251967668533,0.9794910550117493,0.3495268225669861,0.7617442607879639,-0.3223515748977661,0.9742335677146912,forward,25.260681268265838,1
2297,76.64323333333334,92.08011627197266,,,,,,,,,,,,,,,,,,,,0.42836064100265503,0.563105046749115,-0.0014615237014368176,0.99996417760849,0.37056297063827515,0.6453152298927307,-0.4456530809402466,0.9885877370834351,0.3719594180583954,0.7306209802627563,-0.11275594681501389,0.9804255366325378,0.34953853487968445,0.7617456316947937,-0.32026419043540955,0.9755164384841919,forward,25.773434525444774,1
2298,76.67660000000001,94.36273574829102,,,,,,,,,,,,,,,,,,,,0.4284651577472687,0.561232328414917,-0.0010057687759399414,0.9999648332595825,0.3710200786590576,0.6434053778648376,-0.4353344738483429,0.9893642067909241,0.37192606925964355,0.7304136753082275,-0.1135985478758812,0.9817384481430054,0.3497663140296936,0.7616410851478577,-0.3228279948234558,0.9771885871887207,forward,26.771532304835905,1
2299,76.70996666666667,93.85108947753906,,,,,,,,,,,,,,,,,,,,0.42857325077056885,0.5589258074760437,-0.0006840777350589633,0.9999651908874512,0.37138476967811584,0.6415924429893494,-0.4314585030078888,0.9900427460670471,0.371925413608551,0.7299509048461914,-0.11193788051605225,0.9828319549560547,0.3498901426792145,0.7615722417831421,-0.3187673091888428,0.9785639047622681,forward,27.25081262214138,1
2300,76.74333333333334,91.90082550048828,,,,,,,,,,,,,,,,,,,,0.4285793900489807,0.5559930801391602,-0.0006180444033816457,0.9999650120735168,0.3716757297515869,0.6404397487640381,-0.41129830479621887,0.990559458732605,0.37180402874946594,0.729713499546051,-0.0917133167386055,0.983697235584259,0.3497949242591858,0.7612099051475525,-0.2968790829181671,0.979727566242218,forward,28.215488269412177,1
2301,76.7767,93.22690963745117,,,,,,,,,,,,,,,,,,,,0.42862066626548767,0.5528119802474976,-0.0006938720471225679,0.9999651312828064,0.37216371297836304,0.6384261846542358,-0.41021472215652466,0.9907857775688171,0.37152308225631714,0.7296584248542786,-0.09583579748868942,0.9841316342353821,0.3495483994483948,0.7611826062202454,-0.3166618049144745,0.9803915619850159,forward,28.97538161962799,1
2302,76.81006666666667,92.83185005187988,,,,,,,,,,,,,,,,,,,,0.42862752079963684,0.5503572821617126,-0.0008724043727852404,0.9999650716781616,0.37315189838409424,0.6373642086982727,-0.41067415475845337,0.9910646677017212,0.371197372674942,0.7296431064605713,-0.10569646954536438,0.9846175909042358,0.34950926899909973,0.7611837983131409,-0.3266879916191101,0.9810596704483032,forward,29.8047656978931,1
2303,76.84343333333334,92.72289276123047,,,,,,,,,,,,,,,,,,,,0.428631067276001,0.5487850308418274,-0.0007563609397038817,0.9999656677246094,0.3742472231388092,0.6356490254402161,-0.3875493109226227,0.9912482500076294,0.3711165487766266,0.7292728424072266,-0.10719970613718033,0.9850011467933655,0.3490624725818634,0.7611846923828125,-0.3233635723590851,0.9815351963043213,forward,32.154189405144926,1
2304,76.8768,94.46978569030762,,,,,,,,,,,,,,,,,,,,0.42841994762420654,0.5462963581085205,-0.0008064057328738272,0.9999663233757019,0.3752111494541168,0.6351286768913269,-0.35062387585639954,0.9913440346717834,0.3709961771965027,0.7286972403526306,-0.07536502182483673,0.9852859973907471,0.3487564027309418,0.7612040638923645,-0.27265772223472595,0.9818480610847473,forward,34.17905433275372,1
2305,76.91016666666667,93.08409690856934,,,,,,,,,,,,,,,,,,,,0.4283263385295868,0.5445323586463928,-0.0010792167158797383,0.9999672174453735,0.37651604413986206,0.63421630859375,-0.35385361313819885,0.9916651844978333,0.3709946274757385,0.7286779284477234,-0.07992827147245407,0.98594069480896,0.3484514355659485,0.7612162232398987,-0.27605873346328735,0.9826146364212036,forward,34.439459955909335,1
2306,76.94353333333333,93.22404861450195,,,,,,,,,,,,,,,,,,,,0.42822545766830444,0.5426620841026306,-0.002631548559293151,0.999967634677887,0.3777107894420624,0.6335314512252808,-0.3431321978569031,0.9915440678596497,0.37091264128685,0.7288938760757446,-0.0851682499051094,0.986118495464325,0.3484801948070526,0.7612521052360535,-0.2842054069042206,0.9828214049339294,forward,36.40685907131559,1
2307,76.9769,92.99087524414062,,,,,,,,,,,,,,,,,,,,0.42808347940444946,0.5406562685966492,-0.0028344884049147367,0.9999678134918213,0.37886863946914673,0.6325584650039673,-0.32481032609939575,0.9911859631538391,0.3708367347717285,0.7290030121803284,-0.07766325026750565,0.985969603061676,0.3481999337673187,0.7614173889160156,-0.273408979177475,0.9826256632804871,forward,38.482064356061585,1
2308,77.01026666666667,94.82908248901367,,,,,,,,,,,,,,,,,,,,0.4280222952365875,0.5402742028236389,-0.0029154950752854347,0.9999671578407288,0.37961235642433167,0.6328505277633667,-0.2795981466770172,0.9902418851852417,0.3707435429096222,0.7292173504829407,-0.022113045677542686,0.9853665232658386,0.3477442264556885,0.7615333795547485,-0.20852982997894287,0.9819182753562927,forward,40.46667946956371,1
2309,77.04363333333333,94.41399574279785,,,,,,,,,,,,,,,,,,,,0.4279872477054596,0.5390905141830444,-0.0029602497816085815,0.9999666810035706,0.38081929087638855,0.6325353980064392,-0.30394262075424194,0.9896386861801147,0.3707059621810913,0.7292779088020325,-0.04362443834543228,0.9851059913635254,0.3475414514541626,0.7615681290626526,-0.23265671730041504,0.9815829396247864,forward,38.98655257355577,1
2310,77.077,92.77486801147461,,,,,,,,,,,,,,,,,,,,0.4280403256416321,0.5373973250389099,-0.0031578284688293934,0.999966025352478,0.3815986216068268,0.6322364211082458,-0.2519510090351105,0.9881907105445862,0.37056902050971985,0.7292810082435608,-0.014849046245217323,0.9842603802680969,0.3475235104560852,0.7615790963172913,-0.19788004457950592,0.9806206226348877,forward,44.688220411023615,1
2311,77.11036666666666,92.38004684448242,,,,,,,,,,,,,,,,,,,,0.42802783846855164,0.5364639163017273,-0.003751753829419613,0.9999659061431885,0.38274312019348145,0.6318089962005615,-0.29563385248184204,0.9879836440086365,0.37056416273117065,0.7293446660041809,-0.03457742929458618,0.9843531250953674,0.34735026955604553,0.7616060972213745,-0.22624237835407257,0.9807010293006897,forward,39.97702058033999,1
2312,77.14373333333333,94.20108795166016,,,,,,,,,,,,,,,,,,,,0.42796942591667175,0.5359391570091248,-0.0029936691280454397,0.9999657273292542,0.3834995925426483,0.6314666271209717,-0.21190251410007477,0.9874885082244873,0.37056592106819153,0.729347825050354,0.05327031761407852,0.9844614267349243,0.34703513979911804,0.7616157531738281,-0.12383823841810226,0.9806193113327026,forward,46.621165565589585,1
2313,77.1771,92.83900260925293,,,,,,,,,,,,,,,,,,,,0.4275156855583191,0.5356195569038391,-0.0019615497440099716,0.9999656081199646,0.38379594683647156,0.6314923763275146,-0.1613534390926361,0.9874964952468872,0.37063947319984436,0.728801965713501,0.11254174262285233,0.9849327802658081,0.34701472520828247,0.7615041732788086,-0.0555095449090004,0.9809697270393372,forward,52.619791980583024,1
2314,77.21046666666666,97.06783294677734,,,,,,,,,,,,,,,,,,,,0.4271332621574402,0.5342275500297546,-0.0017219054279848933,0.9999660849571228,0.384409099817276,0.6315346956253052,-0.15226204693317413,0.9878361821174622,0.37063300609588623,0.7287806272506714,0.12920266389846802,0.9857044816017151,0.34701624512672424,0.7614325881004333,-0.050173401832580566,0.9817352890968323,forward,53.95942585142146,1
2315,77.24383333333334,94.37108039855957,,,,,,,,,,,,,,,,,,,,0.42665669322013855,0.5334559679031372,-0.0011514737270772457,0.9999663233757019,0.3852140009403229,0.6316190361976624,-0.11227036267518997,0.9882994294166565,0.37075868248939514,0.7284692525863647,0.15424343943595886,0.9865451455116272,0.3474077880382538,0.7613323926925659,-0.027119483798742294,0.9826201796531677,forward,63.493588401958064,1
2316,77.27720000000001,94.59805488586426,,,,,,,,,,,,,,,,,,,,0.42609530687332153,0.5325937271118164,-3.190261486452073e-05,0.9999670386314392,0.38631466031074524,0.6315935254096985,-0.08863946050405502,0.9887453317642212,0.3707602620124817,0.7284715175628662,0.15433460474014282,0.9874003529548645,0.34741833806037903,0.7612758874893188,-0.025207918137311935,0.9835770130157471,forward,71.85169394679694,1
2317,77.31056666666667,93.69015693664551,,,,,,,,,,,,,,,,,,,,0.4257058799266815,0.5320882201194763,0.001207405119203031,0.9999658465385437,0.3874450623989105,0.6312711834907532,-0.07779520750045776,0.98788982629776,0.3707440495491028,0.7285518050193787,0.10163087397813797,0.987297534942627,0.3471575081348419,0.7612764239311218,-0.05975952744483948,0.9831222295761108,forward,81.7594430950534,1
2318,77.34393333333334,92.34118461608887,,,,,,,,,,,,,,,,,,,,0.4257027804851532,0.5320929288864136,0.0018270439468324184,0.9999638199806213,0.3881954550743103,0.6312651038169861,-0.049548059701919556,0.9840067028999329,0.3707406520843506,0.7288468480110168,0.08505111932754517,0.9849423170089722,0.34714826941490173,0.7612787485122681,-0.048928193747997284,0.9799262285232544,forward,99.99117318083583,1
2319,77.3773,91.4449691772461,,,,,,,,,,,,,,,,,,,,0.425589919090271,0.5318667888641357,0.003043586388230324,0.9999616742134094,0.3884916603565216,0.6312500238418579,-0.04329095408320427,0.9815449118614197,0.3707907199859619,0.7289162278175354,0.08830717206001282,0.9833918213844299,0.34692949056625366,0.761429488658905,-0.036825910210609436,0.9773950576782227,forward,102.9175104509757,1
2320,77.41066666666667,93.50180625915527,,,,,,,,,,,,,,,,,,,,0.42532750964164734,0.5314414501190186,0.0031473885755985975,0.9999611973762512,0.38881081342697144,0.6311999559402466,-0.030512604862451553,0.9815016984939575,0.37095344066619873,0.728931725025177,0.18005023896694183,0.983913779258728,0.34694015979766846,0.7614694237709045,0.01817721128463745,0.9778426885604858,forward,97.3387427336784,1
2321,77.44403333333334,94.38800811767578,,,,,,,,,,,,,,,,,,,,0.4248933792114258,0.5311426520347595,0.0035133608616888523,0.9999588131904602,0.3890579044818878,0.6311761140823364,-0.038945481181144714,0.9785181283950806,0.371227502822876,0.7289699912071228,0.13351033627986908,0.98235023021698,0.347056120634079,0.761483907699585,-0.020955180749297142,0.9753574132919312,forward,97.82061382939843,1
2322,77.4774,94.86627578735352,,,,,,,,,,,,,,,,,,,,0.4241165220737457,0.5309303998947144,0.004501457791775465,0.9999586939811707,0.3891041874885559,0.6311356425285339,-0.0313984677195549,0.9786835312843323,0.3713897466659546,0.7291551828384399,0.16761282086372375,0.9829130172729492,0.3471745550632477,0.7614886164665222,0.005436820909380913,0.9759226441383362,forward,97.59938932401896,1
2323,77.51076666666667,94.64287757873535,,,,,,,,,,,,,,,,,,,,0.42341312766075134,0.5308345556259155,0.006229013204574585,0.999958336353302,0.3891492486000061,0.6311174631118774,-0.03350575268268585,0.9778667092323303,0.37149110436439514,0.7292857766151428,0.16060715913772583,0.98282790184021,0.3471909761428833,0.7615309953689575,0.0025474056601524353,0.97571861743927,forward,96.36102763071831,1
2324,77.54413333333333,94.06304359436035,,,,,,,,,,,,,,,,,,,,0.4232379198074341,0.5306355357170105,0.006415691692382097,0.9999575018882751,0.38929522037506104,0.6310732364654541,-0.043866656720638275,0.975798487663269,0.37150853872299194,0.7295199632644653,0.14611557126045227,0.9817457795143127,0.3473265469074249,0.7615441679954529,-0.01610332354903221,0.9741875529289246,forward,92.13536906344547,1
2325,77.5775,93.68705749511719,,,,,,,,,,,,,,,,,,,,0.4232271909713745,0.5305853486061096,0.006323227193206549,0.9999551177024841,0.3894612193107605,0.6310750246047974,-0.03534749150276184,0.9709148406982422,0.37151095271110535,0.7296299338340759,0.11411755532026291,0.978574275970459,0.3478125035762787,0.7615381479263306,-0.022850902751088142,0.9697188138961792,forward,102.0580860997224,1
2326,77.61086666666667,93.40906143188477,,,,,,,,,,,,,,,,,,,,0.42323359847068787,0.5304893851280212,0.005766823887825012,0.999952495098114,0.3895312547683716,0.6310194134712219,-0.03576841950416565,0.9644201397895813,0.37152034044265747,0.7296507954597473,0.0904536247253418,0.9744100570678711,0.34818655252456665,0.7614988684654236,-0.02654414437711239,0.9642562866210938,forward,106.71602765275708,1
2327,77.64423333333333,94.2230224609375,,,,,,,,,,,,,,,,,,,,0.4231828451156616,0.5303579568862915,0.005316445138305426,0.9999505281448364,0.3895997405052185,0.6309787034988403,-0.03746761754155159,0.9600775837898254,0.3715249300003052,0.7296539545059204,0.08839360624551773,0.9715871810913086,0.34833934903144836,0.7614835500717163,-0.028660336509346962,0.9603596329689026,forward,106.24823219779068,1
2328,77.6776,94.3758487701416,,,,,,,,,,,,,,,,,,,,0.4231099486351013,0.5303889513015747,0.0051478128880262375,0.9999489784240723,0.3896039128303528,0.6309821009635925,-0.03471823036670685,0.955377995967865,0.3715430796146393,0.7296507954597473,0.0890357717871666,0.9687065482139587,0.3483658730983734,0.7614966630935669,-0.026866357773542404,0.9566330313682556,forward,108.06969491239632,1
2329,77.71096666666666,94.12002563476562,,,,,,,,,,,,,,,,,,,,0.42299792170524597,0.5304015278816223,0.004977819509804249,0.9999476075172424,0.38959839940071106,0.6309808492660522,-0.03852049261331558,0.9535995125770569,0.3715601861476898,0.7296432852745056,0.09126482158899307,0.9675304293632507,0.3484031558036804,0.7615129351615906,-0.027076292783021927,0.9547605514526367,forward,105.05396641146807,1
2330,77.74433333333333,92.11206436157227,,,,,,,,,,,,,,,,,,,,0.42284178733825684,0.530332088470459,0.004943060223013163,0.9999477863311768,0.38960519433021545,0.6309681534767151,-0.04114294797182083,0.9544876217842102,0.3715709447860718,0.7296246290206909,0.11038051545619965,0.9684103727340698,0.34844061732292175,0.7615143060684204,-0.02697593905031681,0.9557740092277527,forward,99.71783497712262,1
2331,77.7777,93.63508224487305,,,,,,,,,,,,,,,,,,,,0.4226510524749756,0.5302795171737671,0.004735591355711222,0.999947190284729,0.3896017372608185,0.6309595108032227,-0.04312582314014435,0.9535012245178223,0.37158823013305664,0.7296046018600464,0.10444562137126923,0.9678611159324646,0.34847551584243774,0.7615211009979248,-0.02767990715801716,0.9548746943473816,forward,99.61206398694515,1
2332,77.81106666666666,94.18821334838867,,,,,,,,,,,,,,,,,,,,0.4225088357925415,0.5301313996315002,0.004706428851932287,0.9999468922615051,0.38960009813308716,0.6309551000595093,-0.043932415544986725,0.9531792998313904,0.37163782119750977,0.7295973896980286,0.1032879576086998,0.9676744341850281,0.34847214818000793,0.761594831943512,-0.028070151805877686,0.9544901847839355,forward,99.34848943428935,1
2333,77.84443333333334,94.78592872619629,,,,,,,,,,,,,,,,,,,,0.42239856719970703,0.530037522315979,0.0051346225664019585,0.9999476075172424,0.38959747552871704,0.6309764981269836,-0.044344522058963776,0.954366147518158,0.37165993452072144,0.7296282649040222,0.1241127997636795,0.968685507774353,0.34843671321868896,0.7616962790489197,-0.024021215736865997,0.9558870792388916,forward,95.52698051892997,1
2334,77.87780000000001,94.0239429473877,,,,,,,,,,,,,,,,,,,,0.42226848006248474,0.5300030708312988,0.005158214829862118,0.9999486207962036,0.389577716588974,0.6310760378837585,-0.0454074889421463,0.9557932615280151,0.3716660141944885,0.7297086119651794,0.1349632292985916,0.9697926044464111,0.3481944501399994,0.761737048625946,-0.018338901922106743,0.9573511481285095,forward,93.38639379095356,1
2335,77.91116666666667,93.46199035644531,,,,,,,,,,,,,,,,,,,,0.42212948203086853,0.5299306511878967,0.005145695060491562,0.9999491572380066,0.38956186175346375,0.6310870051383972,-0.05195767432451248,0.9566106200218201,0.37166833877563477,0.7297797799110413,0.12662966549396515,0.9701972603797913,0.34800952672958374,0.7617514133453369,-0.022443760186433792,0.957886278629303,forward,90.8538045667504,1
2336,77.94453333333334,94.3453311920166,,,,,,,,,,,,,,,,,,,,0.4220660328865051,0.529931366443634,0.0049837809056043625,0.9999490976333618,0.3895210921764374,0.6311057209968567,-0.05608111992478371,0.9563273787498474,0.3716714084148407,0.7298784255981445,0.09568452835083008,0.9698178768157959,0.34787580370903015,0.7617561221122742,-0.035757821053266525,0.9573025703430176,forward,93.35863124101505,1
2337,77.9779,93.40500831604004,,,,,,,,,,,,,,,,,,,,0.4220491349697113,0.5299509763717651,0.005026522092521191,0.9999491572380066,0.3892771303653717,0.6312429904937744,-0.056948769837617874,0.956744909286499,0.3716745674610138,0.7299270629882812,0.09323016554117203,0.9700011610984802,0.3477356433868408,0.761759340763092,-0.03693246468901634,0.9574537873268127,forward,93.26134225636213,1
2338,78.01126666666667,93.49608421325684,,,,,,,,,,,,,,,,,,,,0.42204520106315613,0.5299673676490784,0.005028125364333391,0.9999493360519409,0.3891132175922394,0.6314247846603394,-0.05888252705335617,0.9573450684547424,0.37166452407836914,0.7299725413322449,0.09268234670162201,0.9702848792076111,0.34766489267349243,0.7617493271827698,-0.038397565484046936,0.9577867388725281,forward,92.24930602007629,1
2339,78.04463333333334,94.24400329589844,,,,,,,,,,,,,,,,,,,,0.4220398962497711,0.5302355885505676,0.0048940046690404415,0.9999487996101379,0.3889475464820862,0.631561815738678,-0.05947944521903992,0.956210196018219,0.37166649103164673,0.7299980521202087,0.08150140196084976,0.9691243767738342,0.34765535593032837,0.7617365717887878,-0.040442097932100296,0.9562564492225647,forward,93.91866022342069,1
2340,78.078,94.66409683227539,,,,,,,,,,,,,,,,,,,,0.4220361113548279,0.5308071970939636,0.006786680314689875,0.9999500513076782,0.38864758610725403,0.6324392557144165,-0.044564139097929,0.9580512642860413,0.37167638540267944,0.7300042510032654,0.1810556948184967,0.9706209301948547,0.34764066338539124,0.7617352604866028,0.020100969821214676,0.9582778215408325,forward,87.83724971101937,1
2341,78.11136666666667,93.19496154785156,,,,,,,,,,,,,,,,,,,,0.42216989398002625,0.5317637920379639,0.006432590074837208,0.9999496936798096,0.3875007927417755,0.6339445114135742,-0.05254120007157326,0.9587711095809937,0.37172526121139526,0.7299814820289612,0.17374421656131744,0.9708219766616821,0.3475406765937805,0.7617454528808594,0.002848799107596278,0.9584296345710754,forward,84.34473719283505,1
2342,78.14473333333333,93.55807304382324,,,,,,,,,,,,,,,,,,,,0.42237183451652527,0.5324351191520691,0.006425133440643549,0.9999504089355469,0.3862219452857971,0.6346722841262817,-0.05236971005797386,0.9609294533729553,0.371796190738678,0.7298505902290344,0.18248362839221954,0.9722973704338074,0.34772181510925293,0.7617319226264954,0.02218496799468994,0.9604293704032898,forward,83.47861407840963,1
2343,78.1781,93.8570499420166,,,,,,,,,,,,,,,,,,,,0.42266592383384705,0.5334703326225281,0.005254632327705622,0.9999486804008484,0.38487187027931213,0.6351972222328186,-0.059597376734018326,0.9607954025268555,0.37181201577186584,0.7296587228775024,0.10607970505952835,0.971535861492157,0.347959041595459,0.7617141604423523,-0.009622097946703434,0.9590202569961548,forward,88.47861812579951,1
2344,78.21146666666667,93.72782707214355,,,,,,,,,,,,,,,,,,,,0.42285075783729553,0.5340826511383057,0.004406980238854885,0.999947726726532,0.38378962874412537,0.6357603669166565,-0.06874485313892365,0.9601162075996399,0.37181586027145386,0.7294067740440369,0.08612176030874252,0.9706850647926331,0.34797438979148865,0.7617154717445374,-0.025838615372776985,0.957473874092102,forward,86.77372597027555,1
2345,78.24483333333333,92.04316139221191,,,,,,,,,,,,,,,,,,,,0.42315101623535156,0.5353867411613464,0.004056660458445549,0.9999463558197021,0.382944256067276,0.6358988285064697,-0.09942338615655899,0.9608047604560852,0.37181517481803894,0.7291886806488037,0.08904764801263809,0.9706765413284302,0.3479757010936737,0.761676549911499,-0.043980494141578674,0.9573425054550171,forward,72.12765986789974,1
2346,78.2782,94.1312313079834,,,,,,,,,,,,,,,,,,,,0.4234924614429474,0.5369980931282043,0.0029888541903346777,0.9999459385871887,0.3822067081928253,0.6358931660652161,-0.14703217148780823,0.9629800915718079,0.37177029252052307,0.7291890978813171,0.07997173070907593,0.971610426902771,0.3478194773197174,0.7617208957672119,-0.07040446996688843,0.958568274974823,forward,57.40413351921967,1
2347,78.31156666666666,93.05596351623535,,,,,,,,,,,,,,,,,,,,0.4241684079170227,0.5387895107269287,0.0026110170874744654,0.999944806098938,0.3815988004207611,0.6358619928359985,-0.13350717723369598,0.9626561999320984,0.3717317283153534,0.7291854619979858,0.0281785037368536,0.9699914455413818,0.34781885147094727,0.7617200613021851,-0.08174099028110504,0.9562026262283325,forward,67.14025853379769,1
2348,78.34493333333333,93.94001960754395,,,,,,,,,,,,,,,,,,,,0.42459768056869507,0.5404240489006042,0.00041731103556230664,0.9999452829360962,0.38084983825683594,0.6359132528305054,-0.219864621758461,0.9652869701385498,0.37159913778305054,0.7292360663414001,0.028750333935022354,0.971550703048706,0.34771421551704407,0.7617576718330383,-0.12918120622634888,0.9584392309188843,forward,45.501617031358315,1
2349,78.3783,93.09697151184082,,,,,,,,,,,,,,,,,,,,0.42475318908691406,0.5416209697723389,-0.0005456885555759072,0.9999456405639648,0.37995055317878723,0.6360264420509338,-0.2527342438697815,0.9676401615142822,0.37151649594306946,0.7292371988296509,0.0023150749038904905,0.972634494304657,0.3478849232196808,0.7617493271827698,-0.1628127545118332,0.960059404373169,forward,41.96652669693621,1
2350,78.41166666666666,92.90313720703125,,,,,,,,,,,,,,,,,,,,0.42517557740211487,0.542903482913971,-0.0016101334476843476,0.9999458193778992,0.3792756199836731,0.6363794207572937,-0.27381816506385803,0.9700320959091187,0.3713405132293701,0.7292728424072266,-0.008064189925789833,0.9740544557571411,0.3481057584285736,0.7617262005805969,-0.18138767778873444,0.9621241092681885,forward,39.54735264899113,1
2351,78.44503333333334,93.15681457519531,,,,,,,,,,,,,,,,,,,,0.42548567056655884,0.5444731116294861,-0.0016972122248262167,0.9999473690986633,0.37861567735671997,0.637421727180481,-0.2944644093513489,0.972453236579895,0.3713683485984802,0.7295709252357483,0.0034368415363132954,0.9756729006767273,0.34809449315071106,0.7618123888969421,-0.1700010895729065,0.9644631743431091,forward,36.098113355605015,1
2352,78.47840000000001,93.67108345031738,,,,,,,,,,,,,,,,,,,,0.42576223611831665,0.5463369488716125,-0.0016786273336037993,0.9999496340751648,0.3776632845401764,0.6386013031005859,-0.2776990234851837,0.9749074578285217,0.3713592290878296,0.7295599579811096,0.03500689938664436,0.9775649905204773,0.3481155037879944,0.7617744207382202,-0.16289009153842926,0.9671869874000549,forward,36.11666829609099,1
2353,78.51176666666667,93.9948558807373,,,,,,,,,,,,,,,,,,,,0.42609715461730957,0.5483173131942749,-0.0018566753715276718,0.9999517798423767,0.37697073817253113,0.6394196152687073,-0.26750990748405457,0.9769147634506226,0.37132713198661804,0.7301130294799805,0.015366031788289547,0.9790517687797546,0.34766480326652527,0.7617719173431396,-0.166208878159523,0.9693055152893066,forward,38.157601164240255,1
2354,78.54513333333334,93.75524520874023,,,,,,,,,,,,,,,,,,,,0.42629146575927734,0.5505411624908447,-0.0019712653011083603,0.999953031539917,0.37671470642089844,0.6396371722221375,-0.2769438922405243,0.9786027073860168,0.37131398916244507,0.7302407622337341,-0.008252005092799664,0.980229914188385,0.34780237078666687,0.7617490291595459,-0.1815410703420639,0.9709979891777039,forward,37.99833524187841,1
2355,78.5785,94.69389915466309,,,,,,,,,,,,,,,,,,,,0.4265182912349701,0.5520403981208801,-0.0019652757328003645,0.9999539256095886,0.376533567905426,0.6396143436431885,-0.3045879304409027,0.9801377058029175,0.3712615370750427,0.7304382920265198,-0.03895663470029831,0.9813880324363708,0.34755781292915344,0.7616220712661743,-0.2290102243423462,0.9727437496185303,forward,36.31347907448669,1
2356,78.61186666666667,94.26498413085938,,,,,,,,,,,,,,,,,,,,0.4269913136959076,0.5538740158081055,-0.0019813638646155596,0.999954879283905,0.3765690326690674,0.639546275138855,-0.3596194386482239,0.9815005660057068,0.3712480068206787,0.7306698560714722,-0.09022783488035202,0.9823026657104492,0.34785720705986023,0.7617093920707703,-0.291538268327713,0.9742249250411987,forward,33.27654728377841,1
2357,78.64523333333334,92.4379825592041,,,,,,,,,,,,,,,,,,,,0.42727383971214294,0.5556284189224243,-0.001146485097706318,0.9999555945396423,0.37593862414360046,0.6401374340057373,-0.3416798710823059,0.9826793074607849,0.3712836802005768,0.7306662797927856,-0.04751273989677429,0.9831000566482544,0.3472205400466919,0.7617102265357971,-0.23466646671295166,0.9755268692970276,forward,32.277736516882854,1
2358,78.6786,93.73903274536133,,,,,,,,,,,,,,,,,,,,0.42753320932388306,0.5576953291893005,0.0009383807773701847,0.9999571442604065,0.3751288950443268,0.640352189540863,-0.3896077573299408,0.9839307069778442,0.37128472328186035,0.7308192849159241,-0.10526813566684723,0.9841187596321106,0.3470398187637329,0.7616825103759766,-0.30756303668022156,0.9771541357040405,forward,30.64336950000407,1
2359,78.71196666666667,93.66703033447266,,,,,,,,,,,,,,,,,,,,0.4276425540447235,0.559752881526947,0.0029203882440924644,0.999958336353302,0.37381511926651,0.6412124037742615,-0.4122800827026367,0.9850941896438599,0.3713526129722595,0.7310848832130432,-0.10062853991985321,0.9850344061851501,0.3470514118671417,0.761693000793457,-0.3026595413684845,0.9785885214805603,forward,28.184613257412014,1
2360,78.74533333333333,93.86968612670898,,,,,,,,,,,,,,,,,,,,0.42785555124282837,0.5613000988960266,0.0031500488985329866,0.999959409236908,0.3727269172668457,0.6415408849716187,-0.43808895349502563,0.9860994815826416,0.3714683949947357,0.7311260104179382,-0.11650260537862778,0.9857370257377625,0.34721410274505615,0.7617390751838684,-0.32079753279685974,0.979739248752594,forward,26.801490730653722,1
2361,78.7787,93.06693077087402,,,,,,,,,,,,,,,,,,,,0.42828214168548584,0.5632425546646118,0.003931122366338968,0.9999603629112244,0.3715195655822754,0.6419462561607361,-0.42771872878074646,0.9870639443397522,0.37147924304008484,0.7311229705810547,-0.11065634340047836,0.9864208102226257,0.34787866473197937,0.7617481350898743,-0.31026798486709595,0.9808390736579895,forward,26.997336358081434,1
2362,78.81206666666667,93.05500984191895,,,,,,,,,,,,,,,,,,,,0.4284452199935913,0.565141499042511,0.004152378067374229,0.9999610781669617,0.3704652786254883,0.6431214213371277,-0.42740219831466675,0.9878208041191101,0.3714907467365265,0.7311232686042786,-0.10977468639612198,0.9868905544281006,0.3484974503517151,0.7617773413658142,-0.30823132395744324,0.9816756844520569,forward,26.684459455895492,1
2363,78.84543333333333,93.22595596313477,,,,,,,,,,,,,,,,,,,,0.42854398488998413,0.5669350028038025,0.005127408541738987,0.999961793422699,0.3698370158672333,0.6443941593170166,-0.43408849835395813,0.9883458018302917,0.3715022802352905,0.7311632633209229,-0.11197914183139801,0.9870849847793579,0.348726361989975,0.7617838382720947,-0.3083694279193878,0.9821537137031555,forward,26.02205496536782,1
2364,78.8788,93.6288833618164,,,,,,,,,,,,,,,,,,,,0.4286809265613556,0.5685293674468994,0.005060696508735418,0.9999624490737915,0.36920684576034546,0.6452406644821167,-0.4370514750480652,0.9887229800224304,0.3715141713619232,0.7311168909072876,-0.10374581813812256,0.9871312379837036,0.34873226284980774,0.7618464231491089,-0.2953305244445801,0.9823948740959167,forward,25.25432786110156,1
2365,78.91216666666666,93.95503997802734,,,,,,,,,,,,,,,,,,,,0.4286878705024719,0.5699872970581055,0.005217700265347958,0.9999629259109497,0.36829933524131775,0.6461244821548462,-0.4370720088481903,0.9890425801277161,0.37156942486763,0.7312138676643372,-0.10544457286596298,0.9871658086776733,0.3487306237220764,0.7619138360023499,-0.2961593270301819,0.9825364947319031,forward,25.108785296024575,1
2366,78.94553333333333,93.93978118896484,,,,,,,,,,,,,,,,,,,,0.4286787509918213,0.5715706944465637,0.005279398523271084,0.9999629259109497,0.36757442355155945,0.6466806530952454,-0.44268226623535156,0.9890555143356323,0.37190601229667664,0.7312172651290894,-0.10684351623058319,0.986772358417511,0.3490828573703766,0.761877179145813,-0.294895201921463,0.9820975065231323,forward,24.570338387126828,1
2367,78.9789,94.05899047851562,,,,,,,,,,,,,,,,,,,,0.42868995666503906,0.5740445852279663,0.004924120847135782,0.9999626874923706,0.3660695254802704,0.6470937132835388,-0.45047593116760254,0.9890254735946655,0.37207144498825073,0.7311555743217468,-0.10831249505281448,0.9862579107284546,0.34970101714134216,0.7618810534477234,-0.29428523778915405,0.9814719557762146,forward,23.81378047175407,1
2368,79.01226666666666,94.4361686706543,,,,,,,,,,,,,,,,,,,,0.4286729693412781,0.5759664177894592,0.0048562148585915565,0.9999626874923706,0.3651169240474701,0.6475802063941956,-0.4551963806152344,0.9891911149024963,0.372124582529068,0.7311504483222961,-0.11018101871013641,0.9862000942230225,0.3494701385498047,0.7618661522865295,-0.2922385632991791,0.9813132882118225,forward,23.347261091399126,1
2369,79.04563333333334,92.59486198425293,,,,,,,,,,,,,,,,,,,,0.42864590883255005,0.5786998271942139,0.002482071053236723,0.9999623894691467,0.3642309308052063,0.6481996774673462,-0.4615471661090851,0.9888147711753845,0.3721237778663635,0.7311195731163025,-0.10732118040323257,0.9849995374679565,0.3496731221675873,0.761863648891449,-0.28311729431152344,0.979667067527771,forward,22.590190029816867,1
2370,79.07900000000001,92.29707717895508,,,,,,,,,,,,,,,,,,,,0.42856213450431824,0.5806560516357422,0.0012164730578660965,0.9999619722366333,0.36311039328575134,0.6489692330360413,-0.47344502806663513,0.9886119961738586,0.3720848560333252,0.7311188578605652,-0.12004309892654419,0.9841240048408508,0.34948334097862244,0.7618442177772522,-0.2981460988521576,0.9784733653068542,forward,22.127925034349047,1
2371,79.11236666666667,94.32196617126465,,,,,,,,,,,,,,,,,,,,0.42842596769332886,0.5820656418800354,-0.002045602537691593,0.9999610781669617,0.3627908229827881,0.6491797566413879,-0.48416489362716675,0.9883846640586853,0.3720538914203644,0.7308527827262878,-0.1251937597990036,0.9829866290092468,0.3496791124343872,0.7618680596351624,-0.30263519287109375,0.9770204424858093,forward,21.58686430455761,1
2372,79.14573333333334,94.06280517578125,,,,,,,,,,,,,,,,,,,,0.42834213376045227,0.5825989246368408,-0.002716085873544216,0.9999606013298035,0.36272749304771423,0.649146318435669,-0.4867246150970459,0.9880412220954895,0.3719687759876251,0.7308525443077087,-0.13665451109409332,0.9819514155387878,0.34924864768981934,0.7618790864944458,-0.3165142834186554,0.9756448864936829,forward,21.782809075058463,1
2373,79.1791,93.03784370422363,,,,,,,,,,,,,,,,,,,,0.42826899886131287,0.5834707021713257,-0.0029175695963203907,0.9999600648880005,0.36266106367111206,0.6492775082588196,-0.4805065095424652,0.9873958230018616,0.3719474971294403,0.7308658957481384,-0.14438317716121674,0.9804516434669495,0.3493801951408386,0.7618796825408936,-0.32831433415412903,0.9737534523010254,forward,22.290002923356912,1
2374,79.21246666666667,93.68133544921875,,,,,,,,,,,,,,,,,,,,0.42788517475128174,0.5839369297027588,-0.002904378343373537,0.9999589920043945,0.3625434339046478,0.6494389176368713,-0.47861480712890625,0.986482560634613,0.3719284236431122,0.730876624584198,-0.14725306630134583,0.9784229397773743,0.3493630290031433,0.7619277834892273,-0.33003467321395874,0.9713438153266907,forward,22.43072976335814,1
2375,79.24583333333334,93.76287460327148,,,,,,,,,,,,,,,,,,,,0.4277276396751404,0.5841290354728699,-0.002963173668831587,0.9999583959579468,0.3624804615974426,0.6499027013778687,-0.4757824242115021,0.9860482215881348,0.37190234661102295,0.730872392654419,-0.1411406695842743,0.9775402545928955,0.349096417427063,0.7619287967681885,-0.32538020610809326,0.9703290462493896,forward,22.32099877202287,1
2376,79.2792,94.26498413085938,,,,,,,,,,,,,,,,,,,,0.4275816082954407,0.584230363368988,-0.0029303047340363264,0.999958336353302,0.36246350407600403,0.6501845717430115,-0.47437721490859985,0.9859246611595154,0.3718331754207611,0.7308725118637085,-0.13764099776744843,0.9770418405532837,0.34889042377471924,0.7619398832321167,-0.321694940328598,0.9697666764259338,forward,22.248816405325268,1
2377,79.31256666666667,93.93715858459473,,,,,,,,,,,,,,,,,,,,0.42738550901412964,0.58399498462677,-0.002978562843054533,0.9999589323997498,0.3625047504901886,0.65016770362854,-0.47464102506637573,0.9860283136367798,0.37177616357803345,0.73088139295578,-0.13712215423583984,0.9771913290023804,0.3488333225250244,0.7619335055351257,-0.323041707277298,0.9699833989143372,forward,22.242784055416998,1
2378,79.34593333333333,94.00415420532227,,,,,,,,,,,,,,,,,,,,0.4272918701171875,0.5836582183837891,-0.003246467327699065,0.9999595880508423,0.36263105273246765,0.6501880884170532,-0.4797986149787903,0.9863348603248596,0.371772825717926,0.7309393286705017,-0.13558928668498993,0.9776318073272705,0.3488226532936096,0.7619296312332153,-0.3223080635070801,0.9705154895782471,forward,21.957373249765894,1
2379,79.3793,93.08910369873047,,,,,,,,,,,,,,,,,,,,0.42727386951446533,0.5833855867385864,-0.0036453118082135916,0.9999606013298035,0.3629820942878723,0.6501548290252686,-0.484031617641449,0.9869652390480042,0.37166666984558105,0.730956494808197,-0.14493368566036224,0.9784778356552124,0.34885677695274353,0.7619220018386841,-0.33877328038215637,0.9716565012931824,forward,22.104382527301446,1
2380,79.41266666666667,92.29111671447754,,,,,,,,,,,,,,,,,,,,0.4272468388080597,0.5828823447227478,-0.004882102832198143,0.9999613165855408,0.3638937473297119,0.6500301361083984,-0.4901367723941803,0.9875011444091797,0.3715851306915283,0.7309573888778687,-0.14305482804775238,0.9792233109474182,0.3489256501197815,0.7619196772575378,-0.33928993344306946,0.9726949334144592,forward,21.812944350183166,1
2381,79.44603333333333,143.7997817993164,,,,,,,,,,,,,,,,,,,,0.42724892497062683,0.5806407928466797,-0.005047931335866451,0.9999615550041199,0.36486151814460754,0.6496573090553284,-0.4865240156650543,0.9877459406852722,0.3715314567089081,0.7309585213661194,-0.1431957632303238,0.9795619249343872,0.34904953837394714,0.7619193196296692,-0.338547021150589,0.9732931852340698,forward,22.297708894256395,1
2382,79.4794,94.27714347839355,,,,,,,,,,,,,,,,,,,,0.42733684182167053,0.5781806111335754,-0.005118934437632561,0.9999622702598572,0.3661974370479584,0.6487487554550171,-0.4852289855480194,0.9882955551147461,0.3715268075466156,0.7308264970779419,-0.14405983686447144,0.9803892970085144,0.3490505516529083,0.7619197368621826,-0.34011951088905334,0.9744545817375183,forward,22.71695261823472,1
2383,79.51276666666666,95.03388404846191,,,,,,,,,,,,,,,,,,,,0.42736971378326416,0.5731993317604065,-0.004819424357265234,0.9999626874923706,0.3669712543487549,0.6481844186782837,-0.4743383824825287,0.9890038371086121,0.3715537190437317,0.7306947708129883,-0.11777107417583466,0.9814412593841553,0.34915798902511597,0.7619977593421936,-0.31189632415771484,0.9758541584014893,forward,22.981744302402912,1
2384,79.54613333333333,93.49703788757324,,,,,,,,,,,,,,,,,,,,0.42736852169036865,0.5684842467308044,-0.0039636967703700066,0.9999640583992004,0.36747637391090393,0.6477622985839844,-0.44671136140823364,0.9897792935371399,0.3717830777168274,0.7306882739067078,-0.09798898547887802,0.982667088508606,0.3485821485519409,0.7620031833648682,-0.2885698676109314,0.9774850606918335,forward,24.444565094679778,1
2385,79.5795,93.85967254638672,,,,,,,,,,,,,,,,,,,,0.4273676574230194,0.5644679665565491,-0.0027743070386350155,0.9999653100967407,0.36838391423225403,0.6457499265670776,-0.433114618062973,0.9905648827552795,0.37186601758003235,0.7306207418441772,-0.10570310801267624,0.98395836353302,0.3480938673019409,0.7618983387947083,-0.29843348264694214,0.9791951179504395,forward,26.123140900680085,1
2386,79.61286666666666,93.34707260131836,,,,,,,,,,,,,,,,,,,,0.4273747503757477,0.5605933666229248,-0.0026551978662610054,0.9999664425849915,0.3697143495082855,0.6432458758354187,-0.4289124310016632,0.9912434220314026,0.37186211347579956,0.7306105494499207,-0.11903810501098633,0.9850338697433472,0.3481731414794922,0.7618086934089661,-0.32787641882896423,0.9806421399116516,forward,27.586860289091767,1
2387,79.64623333333333,93.33515167236328,,,,,,,,,,,,,,,,,,,,0.42744481563568115,0.5564369559288025,-0.002118525793775916,0.9999672174453735,0.37058722972869873,0.6412190198898315,-0.4132240116596222,0.9918208122253418,0.37177249789237976,0.7305804491043091,-0.10512375831604004,0.9859808683395386,0.3481515049934387,0.7617641687393188,-0.3147584795951843,0.9819252490997314,forward,28.73554250813156,1
2388,79.67960000000001,94.30718421936035,,,,,,,,,,,,,,,,,,,,0.4274476170539856,0.551924467086792,-0.0011810206342488527,0.9999679327011108,0.37144675850868225,0.6391826272010803,-0.40119144320487976,0.9922012090682983,0.37157487869262695,0.7303816676139832,-0.09551779925823212,0.9866047501564026,0.3477783501148224,0.7614555358886719,-0.30455124378204346,0.9828032851219177,forward,29.854944998243145,1
2389,79.71296666666667,94.11191940307617,,,,,,,,,,,,,,,,,,,,0.4272080659866333,0.5478788614273071,-0.0008820134098641574,0.9999685287475586,0.373579204082489,0.6359520554542542,-0.38042956590652466,0.9923785328865051,0.37143972516059875,0.730343222618103,-0.10155803710222244,0.9870180487632751,0.34614458680152893,0.7610102295875549,-0.31086501479148865,0.9833453297615051,forward,32.72542889957291,1
2390,79.74633333333334,94.1476821899414,,,,,,,,,,,,,,,,,,,,0.42709916830062866,0.5443159341812134,-0.0008980514830909669,0.9999690651893616,0.3763030171394348,0.6344729065895081,-0.35143551230430603,0.992616593837738,0.37135428190231323,0.7298937439918518,-0.0844530314207077,0.987513542175293,0.34469401836395264,0.7609763741493225,-0.2881353497505188,0.9839527010917664,forward,35.15841162321251,1
2391,79.7797,94.21706199645996,,,,,,,,,,,,,,,,,,,,0.4270249307155609,0.5410909652709961,-0.001268434920348227,0.9999697804450989,0.3787270784378052,0.6332024931907654,-0.31235894560813904,0.9927206039428711,0.37136343121528625,0.7294274568557739,-0.055549897253513336,0.9879950881004333,0.3447902202606201,0.7609676122665405,-0.25697118043899536,0.9845869541168213,forward,38.248104388971356,1
2392,79.81306666666667,94.10810470581055,,,,,,,,,,,,,,,,,,,,0.42701292037963867,0.5379791259765625,-0.0028767548501491547,0.9999699592590332,0.38052719831466675,0.6329021453857422,-0.31136417388916016,0.9925441145896912,0.37127429246902466,0.7294131517410278,-0.04633020982146263,0.9880905151367188,0.3456494212150574,0.7609781622886658,-0.2464810162782669,0.9848014116287231,forward,38.35213115576049,1
2393,79.84643333333334,92.30923652648926,,,,,,,,,,,,,,,,,,,,0.42711204290390015,0.5357204079627991,-0.0029408978298306465,0.9999696612358093,0.3830956518650055,0.6316941380500793,-0.29061558842658997,0.9922364354133606,0.3711402416229248,0.7292655110359192,-0.02088150382041931,0.9882498979568481,0.34550124406814575,0.7610966563224792,-0.21662187576293945,0.9850216507911682,forward,39.68253072934723,1
2394,79.8798,94.47598457336426,,,,,,,,,,,,,,,,,,,,0.4274959862232208,0.533424437046051,-0.0029235738329589367,0.9999691843986511,0.3851683735847473,0.6305323839187622,-0.2237083911895752,0.9913859963417053,0.37108486890792847,0.729281485080719,-0.010028217919170856,0.9879992008209229,0.3455163836479187,0.76125568151474,-0.19265639781951904,0.984704852104187,forward,50.16460572911135,1
2395,79.91316666666667,93.84274482727051,,,,,,,,,,,,,,,,,,,,0.4285270869731903,0.5324094891548157,-0.0028170098084956408,0.9999693632125854,0.3864779770374298,0.63078373670578,-0.19490137696266174,0.9912670850753784,0.37109142541885376,0.7293024659156799,0.04941890388727188,0.9882836937904358,0.3455348014831543,0.761337161064148,-0.12575648725032806,0.9849767684936523,forward,50.90037545166517,1
2396,79.94653333333333,95.20578384399414,,,,,,,,,,,,,,,,,,,,0.43018943071365356,0.5331233739852905,-0.002699507400393486,0.999969482421875,0.3877631723880768,0.6313192844390869,-0.15632633864879608,0.9912367463111877,0.37108826637268066,0.7292969822883606,0.11672908067703247,0.988686203956604,0.34552815556526184,0.7614044547080994,-0.054188307374715805,0.9853053689002991,forward,54.45861344451457,1
2397,79.9799,101.68814659118652,,,,,,,,,,,,,,,,,,,,0.43216460943222046,0.533596396446228,-0.0024648543912917376,0.9999684691429138,0.3904118537902832,0.6315768957138062,-0.13545168936252594,0.991259753704071,0.37108251452445984,0.7292924523353577,0.09661134332418442,0.989039421081543,0.3455411195755005,0.7613988518714905,-0.07278678566217422,0.9855407476425171,forward,61.576773155575765,1
2398,80.01326666666667,95.57986259460449,,,,,,,,,,,,,,,,,,,,0.43377840518951416,0.5337286591529846,-0.0011347715044394135,0.9999678134918213,0.3935393989086151,0.6317939162254333,-0.06780411303043365,0.9907301068305969,0.3710949420928955,0.7291450500488281,0.14235951006412506,0.9891579747200012,0.34550952911376953,0.761378288269043,-0.01781599037349224,0.9854118227958679,forward,82.97948953803832,1
2399,80.04663333333333,95.37196159362793,,,,,,,,,,,,,,,,,,,,0.436047226190567,0.532936692237854,0.0008221277385018766,0.9999675154685974,0.39642059803009033,0.6316584944725037,-0.057378366589546204,0.990232527256012,0.3710936903953552,0.7291327714920044,0.1299937516450882,0.9892438650131226,0.34549614787101746,0.7613449692726135,-0.031181296333670616,0.9853144288063049,forward,89.38093990036856,1
2400,80.08,127.48503684997559,,,,,,,,,,,,,,,,,,,,0.43826067447662354,0.5323455929756165,0.0016739463899284601,0.9999668002128601,0.39931023120880127,0.63140869140625,-0.03932856768369675,0.9891805648803711,0.37109485268592834,0.7291558980941772,0.1261982023715973,0.9889832139015198,0.3454982042312622,0.7613347768783569,-0.029784254729747772,0.984723687171936,forward,100.38502793749088,1
2401,80.11336666666666,94.4209098815918,,,,,,,,,,,,,,,,,,,,0.43995898962020874,0.5324248671531677,0.001871460466645658,0.9999646544456482,0.4026830494403839,0.6313508749008179,-0.035522934049367905,0.9866445064544678,0.37116244435310364,0.7291355729103088,0.12206761538982391,0.9878085851669312,0.34552130103111267,0.7612981796264648,-0.0272855032235384,0.9828300476074219,forward,103.58620306208667,1
2402,80.14673333333333,96.8320369720459,,,,,,,,,,,,,,,,,,,,0.443154901266098,0.5325499176979065,0.002421330427750945,0.9999637007713318,0.4053281843662262,0.6310415863990784,-0.03177332505583763,0.9833695888519287,0.3711632192134857,0.728929340839386,0.10662422329187393,0.9864093065261841,0.34551817178726196,0.7613224387168884,-0.0422164611518383,0.9807261228561401,forward,108.86411700661,1
2403,80.1801,103.2400131225586,,,,,,,,,,,,,,,,,,,,0.4469064474105835,0.5327417850494385,0.0029526494909077883,0.9999631643295288,0.4073466658592224,0.6310948133468628,-0.03493564575910568,0.9811391830444336,0.37136492133140564,0.728926956653595,0.11348856985569,0.9857051372528076,0.3456169068813324,0.7613335847854614,-0.03994845226407051,0.9796587228775024,forward,105.39923628345029,1
2404,80.21346666666666,97.7640151977539,,,,,,,,,,,,,,,,,,,,0.4498239755630493,0.5328062772750854,0.0028498026076704264,0.9999629259109497,0.4091011881828308,0.6311852335929871,-0.04739545285701752,0.9800591468811035,0.3713390827178955,0.729004442691803,0.12728339433670044,0.9854064583778381,0.34687262773513794,0.7615634202957153,-0.04585616663098335,0.9793567657470703,forward,95.70485977453916,1
2405,80.24683333333333,94.3458080291748,,,,,,,,,,,,,,,,,,,,0.4531097114086151,0.5328134298324585,0.003636519657447934,0.9999638199806213,0.4106050431728363,0.6312897205352783,-0.04993582144379616,0.9799731969833374,0.37151241302490234,0.7290782332420349,0.11709506064653397,0.9857734441757202,0.34660282731056213,0.761367678642273,-0.055659644305706024,0.9799637198448181,forward,95.6804189975614,1
2406,80.28020000000001,93.73116493225098,,,,,,,,,,,,,,,,,,,,0.4570511281490326,0.5329163074493408,0.007510520983487368,0.9999645352363586,0.411611407995224,0.632258951663971,-0.02751576155424118,0.9803473353385925,0.3716493248939514,0.7292388081550598,0.17242871224880219,0.9864086508750916,0.34602341055870056,0.7613546252250671,-0.02031482569873333,0.9808390736579895,forward,99.88528791658986,1
2407,80.31356666666667,94.09594535827637,,,,,,,,,,,,,,,,,,,,0.45983463525772095,0.5327498912811279,0.012123936787247658,0.9999651908874512,0.41189301013946533,0.6323391199111938,-0.03452472388744354,0.9800264239311218,0.37220272421836853,0.7291803956031799,0.14344272017478943,0.9866514205932617,0.3446880280971527,0.7614075541496277,-0.03280927613377571,0.9812286496162415,forward,97.52856266487025,1
2408,80.34693333333334,94.71797943115234,,,,,,,,,,,,,,,,,,,,0.46192440390586853,0.5323509573936462,0.0192673709243536,0.9999659061431885,0.41176217794418335,0.6323498487472534,-0.027771087363362312,0.9797787666320801,0.37505942583084106,0.7280340790748596,0.15192919969558716,0.9868361949920654,0.3444695472717285,0.7613885402679443,-0.0030895627569407225,0.9814838767051697,forward,96.7630905551124,1
2409,80.3803,95.64900398254395,,,,,,,,,,,,,,,,,,,,0.4633975028991699,0.5320743918418884,0.018975354731082916,0.999966561794281,0.4118015468120575,0.6319668889045715,-0.029921716079115868,0.9795742034912109,0.3800218999385834,0.7266164422035217,0.14200015366077423,0.9869914650917053,0.34438028931617737,0.7615509033203125,-0.004904409870505333,0.9817052483558655,forward,96.33133708500917,1
2410,80.41366666666667,94.76971626281738,,,,,,,,,,,,,,,,,,,,0.46442607045173645,0.5314722657203674,0.022745970636606216,0.9999675154685974,0.41157636046409607,0.6312444806098938,-0.03797045350074768,0.9804167747497559,0.388035386800766,0.7245842814445496,0.14443691074848175,0.9875973463058472,0.3446442782878876,0.7616046667098999,0.0036123546306043863,0.9824931025505066,forward,88.8768413783348,1
2411,80.44703333333334,92.97513961791992,,,,,,,,,,,,,,,,,,,,0.4644217789173126,0.5309864282608032,0.02888881042599678,0.9999685287475586,0.41129299998283386,0.6300793886184692,-0.04327801987528801,0.9816673398017883,0.3969651162624359,0.721964418888092,0.1963636726140976,0.9884002804756165,0.34526219964027405,0.7615821957588196,0.049656257033348083,0.9835723042488098,forward,77.50936077350727,1
2412,80.4804,94.4828987121582,,,,,,,,,,,,,,,,,,,,0.46386274695396423,0.530593991279602,0.031110713258385658,0.9999690651893616,0.4111911654472351,0.6283302903175354,-0.0806107372045517,0.9824512004852295,0.40498217940330505,0.7198734283447266,0.15180353820323944,0.9888026118278503,0.3506718575954437,0.7615573406219482,0.01804017275571823,0.9841374754905701,forward,64.90538922388201,1
2413,80.51376666666667,94.79594230651855,,,,,,,,,,,,,,,,,,,,0.4634016156196594,0.5305931568145752,0.02908032201230526,0.9999691843986511,0.4105437397956848,0.6275038123130798,-0.13157734274864197,0.9832629561424255,0.40850088000297546,0.7200926542282104,0.08955055475234985,0.9890751838684082,0.36224988102912903,0.7640668749809265,-0.029755013063549995,0.9844918847084045,forward,55.53556945151325,1
2414,80.54713333333333,93.9638614654541,,,,,,,,,,,,,,,,,,,,0.4631284177303314,0.5306094288825989,0.028925376012921333,0.9999687671661377,0.4096011221408844,0.6269603371620178,-0.17568905651569366,0.9833468198776245,0.4074666500091553,0.7227783203125,0.00031803760793991387,0.9888178706169128,0.3672182857990265,0.7697028517723083,-0.13251212239265442,0.9841265082359314,forward,55.07319531120453,1
2415,80.5805,94.36273574829102,,,,,,,,,,,,,,,,,,,,0.46196094155311584,0.5306470394134521,0.02147529646754265,0.9999675750732422,0.40870776772499084,0.6271491646766663,-0.16823670268058777,0.9826900959014893,0.40654492378234863,0.7304261326789856,-0.05334509164094925,0.9883164763450623,0.36582911014556885,0.7759946584701538,-0.19856522977352142,0.983416736125946,forward,69.78286780451884,1
2416,80.61386666666667,94.28000450134277,,,,,,,,,,,,,,,,,,,,0.45951205492019653,0.5310586094856262,0.01969377137720585,0.9999679923057556,0.40742596983909607,0.6272175908088684,-0.1448580026626587,0.9829328060150146,0.39649900794029236,0.7389554977416992,-0.06954248994588852,0.9886218309402466,0.3588310778141022,0.7774158120155334,-0.2219083160161972,0.9838557243347168,forward,87.68370389158753,1
2417,80.64723333333333,93.8863754272461,,,,,,,,,,,,,,,,,,,,0.4543892741203308,0.5332240462303162,0.01968054100871086,0.9999696612358093,0.404701292514801,0.6299555897712708,-0.12095143646001816,0.9834931492805481,0.378998339176178,0.7466522455215454,-0.08371759206056595,0.9892184138298035,0.3376065790653229,0.7785831093788147,-0.23658280074596405,0.9846823811531067,forward,109.23212690792005,1
2418,80.6806,93.54329109191895,,,,,,,,,,,,,,,,,,,,0.4498259425163269,0.5350652933120728,0.02619054727256298,0.9999716877937317,0.4019429683685303,0.6339356303215027,-0.09095730632543564,0.9840273261070251,0.3657728433609009,0.75059574842453,-0.0819358378648758,0.9898163676261902,0.31723684072494507,0.7791197299957275,-0.23075471818447113,0.985467255115509,forward,128.37086194295054,1
2419,80.71396666666666,93.23501586914062,,,,,,,,,,,,,,,,,,,,0.44511890411376953,0.5365467667579651,0.03657085448503494,0.9999735951423645,0.3996460735797882,0.637029767036438,-0.08303166180849075,0.9845597147941589,0.35868406295776367,0.7552522420883179,-0.1063631996512413,0.9903908371925354,0.2916674017906189,0.7778270244598389,-0.2505316734313965,0.9862534999847412,forward,142.9784972549135,1
2420,80.74733333333333,94.32721138000488,,,,,,,,,,,,,,,,,,,,0.4388458728790283,0.5390809178352356,0.03666234388947487,0.9999752640724182,0.3941379487514496,0.6415144801139832,-0.07935647666454315,0.9847976565361023,0.3546910285949707,0.758952796459198,-0.11652713268995285,0.9907748699188232,0.291447252035141,0.7828105092048645,-0.26551637053489685,0.9867098331451416,forward,150.33589820424635,1
2421,80.7807,93.38808059692383,,,,,,,,,,,,,,,,,,,,0.4326225519180298,0.5408891439437866,0.03506430238485336,0.9999765157699585,0.38638702034950256,0.6449472308158875,-0.0788726732134819,0.9842817187309265,0.35211583971977234,0.7633063197135925,-0.12722335755825043,0.9906737804412842,0.293445348739624,0.7937401533126831,-0.2680773437023163,0.9865891933441162,forward,155.54837879679093,1
2422,80.81406666666666,93.26696395874023,,,,,,,,,,,,,,,,,,,,0.4207712709903717,0.5406249761581421,0.03425150364637375,0.9999781847000122,0.37846633791923523,0.6451134085655212,-0.0931687206029892,0.9849408864974976,0.34948864579200745,0.765530526638031,-0.15581652522087097,0.9911874532699585,0.2909712791442871,0.798274576663971,-0.30928245186805725,0.9873249530792236,forward,157.3410468231238,1
2423,80.84743333333333,95.2150821685791,,,,,,,,,,,,,,,,,,,,0.4087750315666199,0.5410630106925964,0.03460384160280228,0.9999797344207764,0.36787471175193787,0.6457157731056213,-0.09145593643188477,0.9853385090827942,0.3481232821941376,0.7652994394302368,-0.12606023252010345,0.9915522933006287,0.2915897071361542,0.8020476698875427,-0.26793593168258667,0.987816333770752,forward,146.18623291655274,1
2424,80.88080000000001,93.46222877502441,,,,,,,,,,,,,,,,,,,,0.3943471908569336,0.5413084626197815,0.03533200919628143,0.9999812245368958,0.356822669506073,0.6476949453353882,-0.09153308719396591,0.985730767250061,0.3460918664932251,0.7664178609848022,-0.1140889972448349,0.9918134808540344,0.29094013571739197,0.8060818314552307,-0.25180578231811523,0.988124668598175,forward,140.50856363892797,1
2425,80.91416666666667,93.43218803405762,,,,,,,,,,,,,,,,,,,,0.3799298405647278,0.5413898229598999,0.0325896218419075,0.9999825954437256,0.3473702371120453,0.6495245695114136,-0.12273287028074265,0.9866206645965576,0.3439157009124756,0.7678169012069702,-0.12557420134544373,0.992251455783844,0.29109856486320496,0.8066640496253967,-0.25571882724761963,0.9886698722839355,forward,125.94805983424322,1
2426,80.94753333333334,92.51189231872559,,,,,,,,,,,,,,,,,,,,0.36637791991233826,0.5412391424179077,0.03003581427037716,0.9999839663505554,0.3379010558128357,0.6533890962600708,-0.09557873755693436,0.9873327612876892,0.34430941939353943,0.767508327960968,-0.061134714633226395,0.9925745725631714,0.29213958978652954,0.806277871131897,-0.17444147169589996,0.989071249961853,forward,113.99045021798406,1
