frame,timeframe,frame_processing_time_ms,left_hip_x,left_hip_y,left_hip_z,left_hip_conf,left_knee_x,left_knee_y,left_knee_z,left_knee_conf,left_ankle_x,left_ankle_y,left_ankle_z,left_ankle_conf,left_foot_index_x,left_foot_index_y,left_foot_index_z,left_foot_index_conf,left_foot_direction,left_knee_angle,left_knee_incorrect,right_hip_x,right_hip_y,right_hip_z,right_hip_conf,right_knee_x,right_knee_y,right_knee_z,right_knee_conf,right_ankle_x,right_ankle_y,right_ankle_z,right_ankle_conf,right_foot_index_x,right_foot_index_y,right_foot_index_z,right_foot_index_conf,right_foot_direction,right_knee_angle,right_knee_incorrect
0,0.0,168.99466514587402,,,,,,,,,,,,,,,,,,,,0.45517075061798096,0.5246443748474121,-0.000252119789365679,0.9996762275695801,0.42964738607406616,0.625873327255249,-0.03882230445742607,0.978010356426239,0.41201072931289673,0.7181628346443176,0.19726939499378204,0.976982593536377,0.40262359380722046,0.7515448927879333,-0.021028170362114906,0.9651973247528076,forward,180.0,1
1,0.03336666666666667,79.25987243652344,,,,,,,,,,,,,,,,,,,,0.45501819252967834,0.5243512392044067,-0.0007223811699077487,0.999673068523407,0.42965298891067505,0.6257141828536987,-0.04028857871890068,0.9790992736816406,0.41208577156066895,0.718154788017273,0.170702263712883,0.9779486060142517,0.4020099639892578,0.751430869102478,-0.04591164365410805,0.9664583206176758,forward,180.0,1
2,0.06673333333333334,70.99127769470215,,,,,,,,,,,,,,,,,,,,0.45462313294410706,0.5243164300918579,-0.001185030210763216,0.9996705651283264,0.4296380579471588,0.6256453394889832,-0.04027511179447174,0.9801505208015442,0.4120962619781494,0.7181351184844971,0.17259536683559418,0.978893518447876,0.4010380506515503,0.7513229250907898,-0.044258203357458115,0.9676839113235474,forward,178.51519889597398,1
3,0.10010000000000001,61.83886528015137,,,,,,,,,,,,,,,,,,,,0.4541884958744049,0.5241519212722778,-0.0037125516682863235,0.9996699690818787,0.4295332431793213,0.6256242990493774,-0.04288801550865173,0.9811105132102966,0.41205736994743347,0.7181333303451538,0.1646605134010315,0.9797746539115906,0.4005343019962311,0.7513247728347778,-0.053277499973773956,0.968841552734375,forward,180.0,1
4,0.13346666666666668,52.201032638549805,,,,,,,,,,,,,,,,,,,,0.4536689221858978,0.5238751769065857,-0.0057252380065619946,0.9996698498725891,0.4286545217037201,0.6256142258644104,-0.04429315775632858,0.9820592999458313,0.4120268225669861,0.7181344628334045,0.1688394546508789,0.9806591868400574,0.40051576495170593,0.7513285279273987,-0.05068260803818703,0.9700222015380859,forward,180.0,1
5,0.16683333333333333,54.186105728149414,,,,,,,,,,,,,,,,,,,,0.4529372751712799,0.5237920880317688,-0.008474643342196941,0.999671459197998,0.4272080957889557,0.6256011128425598,-0.04426296055316925,0.9829490780830383,0.411989688873291,0.718124508857727,0.17108117043972015,0.9815037846565247,0.4004524350166321,0.7512590885162354,-0.04767688736319542,0.9711666107177734,forward,180.0,1
6,0.20020000000000002,50.520896911621094,,,,,,,,,,,,,,,,,,,,0.45235830545425415,0.5237939953804016,-0.012186409905552864,0.9996737241744995,0.42582544684410095,0.6255814433097839,-0.044074881821870804,0.9837067723274231,0.41197487711906433,0.718101441860199,0.1742219477891922,0.9822084307670593,0.4004165828227997,0.7511963248252869,-0.045176561921834946,0.9721149206161499,forward,178.32935776358315,1
7,0.23356666666666667,52.26397514343262,,,,,,,,,,,,,,,,,,,,0.45194652676582336,0.523804783821106,-0.012134500779211521,0.9996740818023682,0.42456549406051636,0.625587522983551,-0.044645313173532486,0.9843470454216003,0.41195425391197205,0.7180857062339783,0.17423413693904877,0.9827929735183716,0.40039199590682983,0.7510587573051453,-0.044429484754800797,0.9729040265083313,forward,177.36037589608586,1
8,0.26693333333333336,53.6351203918457,,,,,,,,,,,,,,,,,,,,0.45169714093208313,0.5238243937492371,-0.011764945462346077,0.9996716380119324,0.4236174523830414,0.625585675239563,-0.03736557811498642,0.984966516494751,0.41194793581962585,0.71783447265625,0.20137962698936462,0.9833235740661621,0.40036308765411377,0.7510138154029846,-0.015421595424413681,0.9736216068267822,forward,173.82985584198696,1
9,0.3003,53.76696586608887,,,,,,,,,,,,,,,,,,,,0.4514726400375366,0.5239971876144409,-0.011498665437102318,0.9996702075004578,0.4229949116706848,0.6255913972854614,-0.03341085463762283,0.9855092167854309,0.4119260311126709,0.7177274823188782,0.20963364839553833,0.9837632179260254,0.4000999629497528,0.7510026097297668,-0.005223584361374378,0.9741904735565186,forward,171.0329698507097,1
10,0.33366666666666667,53.5738468170166,,,,,,,,,,,,,,,,,,,,0.45140591263771057,0.5245516300201416,-0.011392146348953247,0.9996656775474548,0.4230801463127136,0.6259319186210632,-0.029356570914387703,0.9859498143196106,0.41192540526390076,0.717696487903595,0.21182821691036224,0.9840773940086365,0.40004056692123413,0.7509909272193909,-0.0011277039302513003,0.9745790362358093,forward,167.3968063874257,1
11,0.3670333333333333,53.70593070983887,,,,,,,,,,,,,,,,,,,,0.45138585567474365,0.5257471799850464,-0.011318854987621307,0.9996660351753235,0.4231093227863312,0.626886785030365,-0.022116893902420998,0.9864778518676758,0.41191133856773376,0.7176461815834045,0.23766502737998962,0.9845250248908997,0.3999631106853485,0.7509183287620544,0.02243330143392086,0.9751943945884705,forward,162.2198907124422,1
12,0.40040000000000003,54.882049560546875,,,,,,,,,,,,,,,,,,,,0.45147016644477844,0.5267117023468018,-0.011132939718663692,0.9996654987335205,0.42365431785583496,0.6275346875190735,-0.019018229097127914,0.9868946075439453,0.41186144948005676,0.7176087498664856,0.2426919937133789,0.9848456382751465,0.39985087513923645,0.7504931092262268,0.027817759662866592,0.9756134748458862,forward,158.806353045841,1
13,0.4337666666666667,54.83293533325195,,,,,,,,,,,,,,,,,,,,0.45150041580200195,0.5272743701934814,-0.010251684114336967,0.9996618628501892,0.4241281747817993,0.627708375453949,-0.015656420961022377,0.9872531294822693,0.4117910861968994,0.7175304293632507,0.2426440417766571,0.9851445555686951,0.3998536765575409,0.7499875426292419,0.02759680338203907,0.9759921431541443,forward,156.69347915289205,1
14,0.46713333333333334,54.567813873291016,,,,,,,,,,,,,,,,,,,,0.45165008306503296,0.527890682220459,-0.009043965488672256,0.9996528029441833,0.42493829131126404,0.6278204321861267,-0.013062176294624805,0.9874247312545776,0.4117869436740875,0.7174418568611145,0.24201060831546783,0.9852200150489807,0.4000014364719391,0.7494299411773682,0.028130261227488518,0.9760177731513977,forward,154.58621406496127,1
15,0.5005000000000001,56.51497840881348,,,,,,,,,,,,,,,,,,,,0.4517209231853485,0.5278811454772949,-0.006779925432056189,0.9996416568756104,0.4252820312976837,0.6278073191642761,-0.014090213924646378,0.9876216053962708,0.41179946064949036,0.7172719240188599,0.23743687570095062,0.9853271842002869,0.4001539945602417,0.7488501667976379,0.024409035220742226,0.9760443568229675,forward,154.1899418652933,1
16,0.5338666666666667,52.99806594848633,,,,,,,,,,,,,,,,,,,,0.4518156349658966,0.5281850695610046,-0.005272799637168646,0.9996263384819031,0.4252339005470276,0.6278165578842163,-0.011296424083411694,0.9876653552055359,0.4118061065673828,0.7171952724456787,0.23470333218574524,0.985223114490509,0.40022534132003784,0.7485800385475159,0.025276167318224907,0.9757717251777649,forward,153.14763180100405,1
17,0.5672333333333334,71.81310653686523,,,,,,,,,,,,,,,,,,,,0.4519089162349701,0.5289134979248047,-0.005234561860561371,0.999604344367981,0.42516788840293884,0.6279138922691345,-0.012674976140260696,0.987429678440094,0.4118717610836029,0.7171582579612732,0.20849743485450745,0.9848089814186096,0.40098506212234497,0.7485354542732239,0.011426571756601334,0.9750238060951233,forward,151.21107506787467,1
18,0.6006,50.5218505859375,,,,,,,,,,,,,,,,,,,,0.4523389935493469,0.5306949019432068,-0.004308971110731363,0.9995802044868469,0.42408519983291626,0.6289060115814209,-0.013440306298434734,0.9855822324752808,0.4122099280357361,0.7171554565429688,0.20155036449432373,0.9829094409942627,0.4010232985019684,0.7485069632530212,0.0070865401066839695,0.9724464416503906,forward,147.2394526410089,1
19,0.6339666666666667,51.12791061401367,,,,,,,,,,,,,,,,,,,,0.4529518783092499,0.5336978435516357,-0.0031545183155685663,0.9995613098144531,0.4227299094200134,0.6298862099647522,-0.01631438545882702,0.9836916923522949,0.41247305274009705,0.7172060012817383,0.20253834128379822,0.9810867309570312,0.4004238247871399,0.7487388849258423,0.007053447887301445,0.9699517488479614,forward,141.56530382231318,1
20,0.6673333333333333,50.86207389831543,,,,,,,,,,,,,,,,,,,,0.4533740282058716,0.5355794429779053,-0.001442431122995913,0.9995539784431458,0.4208323061466217,0.6305659413337708,-0.0175727941095829,0.9822272062301636,0.4131455719470978,0.7170391082763672,0.20354712009429932,0.9795988202095032,0.3991331458091736,0.7487425208091736,0.008855300024151802,0.9679308533668518,forward,138.0703421095714,1
21,0.7007,50.84872245788574,,,,,,,,,,,,,,,,,,,,0.45454972982406616,0.5379160046577454,-0.00150317104998976,0.9995444416999817,0.42012184858322144,0.6306542158126831,-0.024433216080069542,0.983034610748291,0.41333088278770447,0.716166079044342,0.20519530773162842,0.9802647829055786,0.39894863963127136,0.7487439513206482,0.007225257810205221,0.9686957001686096,forward,133.1813798231124,1
22,0.7340666666666666,50.72379112243652,,,,,,,,,,,,,,,,,,,,0.45526841282844543,0.5414121150970459,-0.000913173018489033,0.999543309211731,0.41669270396232605,0.6311400532722473,-0.04739106819033623,0.9825156331062317,0.4135061204433441,0.7160013914108276,0.19613713026046753,0.9797384142875671,0.3978320062160492,0.748828113079071,-0.009349933825433254,0.9680009484291077,forward,128.32229427990362,1
23,0.7674333333333333,51.26500129699707,,,,,,,,,,,,,,,,,,,,0.4558219015598297,0.5455924272537231,0.003085146192461252,0.9995342493057251,0.41471660137176514,0.6322384476661682,-0.10441378504037857,0.9828429222106934,0.4136490225791931,0.7159767150878906,0.13744013011455536,0.9798282384872437,0.3950057327747345,0.7488309144973755,-0.07199374586343765,0.9681634306907654,forward,123.15758269049633,1
24,0.8008000000000001,52.49500274658203,,,,,,,,,,,,,,,,,,,,0.45608869194984436,0.549331545829773,0.0032578574027866125,0.9995197653770447,0.4124455749988556,0.6344391107559204,-0.10738614946603775,0.9832051992416382,0.4136185348033905,0.7157489657402039,0.15022264420986176,0.9795993566513062,0.3943215608596802,0.748916745185852,-0.049535300582647324,0.9679319262504578,forward,118.21353469152751,1
25,0.8341666666666667,52.65402793884277,,,,,,,,,,,,,,,,,,,,0.45666566491127014,0.551899254322052,0.0035931651946157217,0.9995092749595642,0.4097847044467926,0.6362887620925903,-0.11763260513544083,0.9837296009063721,0.4129640460014343,0.7157210111618042,0.1272846907377243,0.9796515107154846,0.3929252326488495,0.7489196062088013,-0.0697396993637085,0.9680943489074707,forward,115.13559492597464,1
26,0.8675333333333334,51.53799057006836,,,,,,,,,,,,,,,,,,,,0.4567037522792816,0.5559433698654175,0.003999678883701563,0.9995076656341553,0.40797269344329834,0.6369847059249878,-0.18459931015968323,0.9843984246253967,0.4116271138191223,0.7155598402023315,0.046983297914266586,0.9800409078598022,0.3919089138507843,0.7487934827804565,-0.14760413765907288,0.9686546921730042,forward,110.88083452151042,1
27,0.9009,50.97222328186035,,,,,,,,,,,,,,,,,,,,0.4566790461540222,0.5591664910316467,0.0036486254539340734,0.9995197653770447,0.4067821800708771,0.6365688443183899,-0.26090678572654724,0.9850648641586304,0.41080498695373535,0.715243935585022,-0.030753644183278084,0.980431079864502,0.3912068009376526,0.7487993240356445,-0.22222170233726501,0.9692524671554565,forward,107.73520557986323,1
28,0.9342666666666667,51.55515670776367,,,,,,,,,,,,,,,,,,,,0.45642539858818054,0.5626032948493958,0.0035309193190187216,0.9995381832122803,0.40449050068855286,0.6364772319793701,-0.30605870485305786,0.9856718182563782,0.41049984097480774,0.7150190472602844,-0.07857704162597656,0.9805974364280701,0.39101818203926086,0.748752772808075,-0.2645131051540375,0.9696679711341858,forward,104.61056425797084,1
29,0.9676333333333333,51.52010917663574,,,,,,,,,,,,,,,,,,,,0.4560478627681732,0.5659598112106323,0.0033678626641631126,0.9995628595352173,0.40321066975593567,0.6363469362258911,-0.35497528314590454,0.986291229724884,0.40940386056900024,0.715019166469574,-0.08972565084695816,0.9807440638542175,0.3911200165748596,0.7487026453018188,-0.269483357667923,0.9700621962547302,forward,101.9820298089306,1
30,1.0010000000000001,51.85198783874512,,,,,,,,,,,,,,,,,,,,0.45562422275543213,0.5697088241577148,0.0033365837298333645,0.9995890855789185,0.40180233120918274,0.6365559697151184,-0.36490127444267273,0.9869009256362915,0.40907058119773865,0.7152053713798523,-0.08913219720125198,0.9809756875038147,0.3911905586719513,0.7484528422355652,-0.26387378573417664,0.9705374836921692,forward,99.25756692771651,1
31,1.0343666666666667,54.36110496520996,,,,,,,,,,,,,,,,,,,,0.4552852213382721,0.5738275051116943,0.002331187017261982,0.9996167421340942,0.4007895290851593,0.6364540457725525,-0.3972605764865875,0.9875226020812988,0.4082832336425781,0.7153351902961731,-0.10691164433956146,0.981230616569519,0.3906897008419037,0.7483978271484375,-0.27432751655578613,0.971009373664856,forward,96.45240322934612,1
32,1.0677333333333334,53.85184288024902,,,,,,,,,,,,,,,,,,,,0.4544825851917267,0.5769206285476685,0.0007135196938179433,0.999643087387085,0.40036094188690186,0.6368452310562134,-0.4012700021266937,0.9881132245063782,0.40832364559173584,0.7154161334037781,-0.12391347438097,0.9814854264259338,0.3906834125518799,0.748406171798706,-0.28591927886009216,0.97151780128479,forward,94.1823945609618,1
33,1.1011,52.06561088562012,,,,,,,,,,,,,,,,,,,,0.45416951179504395,0.5800923109054565,0.0006396457320079207,0.9996692538261414,0.3997771441936493,0.6374294757843018,-0.40227437019348145,0.988650381565094,0.40871837735176086,0.7157471776008606,-0.13594616949558258,0.9819281101226807,0.3907182812690735,0.7485344409942627,-0.30058884620666504,0.972263753414154,forward,92.10535311244509,1
34,1.1344666666666667,53.431034088134766,,,,,,,,,,,,,,,,,,,,0.45351219177246094,0.5838039517402649,0.0003113978309556842,0.9996940493583679,0.39865976572036743,0.6389630436897278,-0.4251866340637207,0.9892323017120361,0.40882861614227295,0.7157527804374695,-0.13954909145832062,0.9822818636894226,0.39051052927970886,0.7485551238059998,-0.2931056022644043,0.9729157090187073,forward,88.89910232654292,1
35,1.1678333333333333,53.205013275146484,,,,,,,,,,,,,,,,,,,,0.45310893654823303,0.5871873497962952,0.0001419502223143354,0.9997173547744751,0.39855194091796875,0.6392350792884827,-0.4624234139919281,0.989738404750824,0.40885162353515625,0.7159814238548279,-0.17087514698505402,0.9825929999351501,0.3904212713241577,0.7485753893852234,-0.3298996686935425,0.9735422730445862,forward,86.79113046777675,1
36,1.2012,52.35576629638672,,,,,,,,,,,,,,,,,,,,0.45278918743133545,0.5899163484573364,-0.0006545113865286112,0.9997391104698181,0.398445188999176,0.6392143964767456,-0.4960007965564728,0.9901362061500549,0.4088834524154663,0.7160087823867798,-0.18860578536987305,0.9828068614006042,0.3900359869003296,0.7485199570655823,-0.3528095483779907,0.9741203188896179,forward,85.06013593099748,1
37,1.2345666666666666,52.503108978271484,,,,,,,,,,,,,,,,,,,,0.4527503252029419,0.5907536149024963,-0.0016148081049323082,0.9997592568397522,0.3986656963825226,0.6391021013259888,-0.5098762512207031,0.9904811382293701,0.4088429808616638,0.7161963582038879,-0.21656112372875214,0.9831608533859253,0.38922715187072754,0.7487293481826782,-0.39146339893341064,0.9748906493186951,forward,84.78553025452939,1
38,1.2679333333333334,54.52275276184082,,,,,,,,,,,,,,,,,,,,0.4526728689670563,0.5924593806266785,-0.00241483049467206,0.999777615070343,0.39881232380867004,0.639700174331665,-0.502853512763977,0.9908530116081238,0.4088175296783447,0.7163649201393127,-0.20100335776805878,0.9834262132644653,0.38829663395881653,0.7487865090370178,-0.36196085810661316,0.9754485487937927,forward,83.60145291627167,1
39,1.3013000000000001,52.14405059814453,,,,,,,,,,,,,,,,,,,,0.45261478424072266,0.5937421321868896,-0.0037439765874296427,0.9997950196266174,0.398870587348938,0.6396386623382568,-0.5335932970046997,0.9909964799880981,0.4088304340839386,0.716492772102356,-0.24716252088546753,0.9836103320121765,0.3878501355648041,0.7487829327583313,-0.4219893515110016,0.9759377837181091,forward,82.9607341168054,1
40,1.3346666666666667,52.98805236816406,,,,,,,,,,,,,,,,,,,,0.4525865316390991,0.5935215353965759,-0.0045983861200511456,0.9998106956481934,0.3989664912223816,0.6395559906959534,-0.5302420854568481,0.991299569606781,0.4088065028190613,0.7167755961418152,-0.25818270444869995,0.9839449524879456,0.3870391249656677,0.7487175464630127,-0.42914891242980957,0.9766001105308533,forward,83.45639632074253,1
41,1.3680333333333334,54.270029067993164,,,,,,,,,,,,,,,,,,,,0.45235127210617065,0.5928058624267578,-0.00595367606729269,0.9998255372047424,0.39904406666755676,0.6394903063774109,-0.5504101514816284,0.9915121793746948,0.4089099168777466,0.7169102430343628,-0.274792343378067,0.9841524362564087,0.38696640729904175,0.7486222982406616,-0.4496978223323822,0.9771323800086975,forward,84.09314402104015,1
42,1.4014,53.8480281829834,,,,,,,,,,,,,,,,,,,,0.45232969522476196,0.5916432738304138,-0.006219999864697456,0.999838650226593,0.39910265803337097,0.6394784450531006,-0.5379751920700073,0.9917815327644348,0.40894293785095215,0.7170585989952087,-0.24953201413154602,0.9843055009841919,0.38702473044395447,0.7485191822052002,-0.41712671518325806,0.9775185585021973,forward,85.0059379096478,1
43,1.4347666666666667,53.5740852355957,,,,,,,,,,,,,,,,,,,,0.4518764913082123,0.5909776091575623,-0.0065611861646175385,0.9998497366905212,0.3991803228855133,0.63941490650177,-0.5258505940437317,0.9921131730079651,0.4089526832103729,0.7172126173973083,-0.22908754646778107,0.9844521880149841,0.3870603144168854,0.7483936548233032,-0.3961971700191498,0.9777997732162476,forward,85.63856732703928,1
44,1.4681333333333333,51.37515068054199,,,,,,,,,,,,,,,,,,,,0.4515032172203064,0.5879451036453247,-0.006039801053702831,0.9998575448989868,0.39921602606773376,0.639695942401886,-0.4984108805656433,0.9923714399337769,0.40915733575820923,0.7175852656364441,-0.16813650727272034,0.9845248460769653,0.38683977723121643,0.7483900785446167,-0.31718581914901733,0.9777437448501587,forward,87.885792182149,1
45,1.5015,52.49595642089844,,,,,,,,,,,,,,,,,,,,0.4513593316078186,0.5843902230262756,-0.00526829669252038,0.9998648166656494,0.39987045526504517,0.6396644115447998,-0.48220762610435486,0.9926508069038391,0.40940406918525696,0.7178745269775391,-0.1597321480512619,0.9846610426902771,0.3865904211997986,0.7483907341957092,-0.31108155846595764,0.9778095483779907,forward,90.58685551279878,1
46,1.5348666666666666,51.912784576416016,,,,,,,,,,,,,,,,,,,,0.45092451572418213,0.5805051922798157,-0.004636209923774004,0.9998695850372314,0.40071728825569153,0.6395382285118103,-0.4676709771156311,0.9928689002990723,0.40942493081092834,0.7180609107017517,-0.13514672219753265,0.9844841957092285,0.3865419030189514,0.7483933568000793,-0.28250089287757874,0.9773671627044678,forward,93.50765469098225,1
47,1.5682333333333334,51.41806602478027,,,,,,,,,,,,,,,,,,,,0.4505366086959839,0.5768184065818787,-0.004017347004264593,0.9998757243156433,0.4010002613067627,0.6392170190811157,-0.47265782952308655,0.9931207299232483,0.40944239497184753,0.7184592485427856,-0.15033583343029022,0.984454333782196,0.38655808568000793,0.748510479927063,-0.30575183033943176,0.977274477481842,forward,96.72036537290873,1
48,1.6016000000000001,51.40876770019531,,,,,,,,,,,,,,,,,,,,0.4503772258758545,0.5735484957695007,-0.003978123422712088,0.9998818039894104,0.4010181427001953,0.6390390992164612,-0.47257471084594727,0.9933531284332275,0.40958017110824585,0.7192563414573669,-0.13111616671085358,0.9845385551452637,0.38682350516319275,0.7486850023269653,-0.2963639199733734,0.9773320555686951,forward,100.14722101319234,1
49,1.6349666666666667,52.48904228210449,,,,,,,,,,,,,,,,,,,,0.4502839148044586,0.5692425966262817,-0.0035792519338428974,0.9998863339424133,0.4010179042816162,0.6388583779335022,-0.44367873668670654,0.9935281276702881,0.4100988805294037,0.7195588946342468,-0.10279759764671326,0.9844974875450134,0.3875194489955902,0.7488204836845398,-0.26464200019836426,0.977168083190918,forward,103.85770644004307,1
50,1.6683333333333334,52.33311653137207,,,,,,,,,,,,,,,,,,,,0.4495476186275482,0.565253496170044,-0.003894101595506072,0.9998895525932312,0.4014357626438141,0.6380189657211304,-0.4244018495082855,0.9937360286712646,0.4103703200817108,0.7196038961410522,-0.0915762335062027,0.9846499562263489,0.38810014724731445,0.7488486170768738,-0.2537347972393036,0.977237343788147,forward,107.47805367225621,1
51,1.7017,53.595781326293945,,,,,,,,,,,,,,,,,,,,0.44856956601142883,0.5603097081184387,-0.005117346998304129,0.9998920559883118,0.40174564719200134,0.6369727253913879,-0.39960524439811707,0.9939295053482056,0.4110027849674225,0.7195817232131958,-0.07365699857473373,0.9849745035171509,0.3896433115005493,0.748771607875824,-0.24451912939548492,0.9775397777557373,forward,112.08450311803145,1
52,1.7350666666666668,52.401065826416016,,,,,,,,,,,,,,,,,,,,0.4482501149177551,0.5567741990089417,-0.0025469420943409204,0.9998946785926819,0.40234193205833435,0.6363202929496765,-0.3911658525466919,0.9940515160560608,0.4118783175945282,0.7194327116012573,-0.07585640996694565,0.9854398965835571,0.3907995820045471,0.7485899329185486,-0.25490519404411316,0.9780491590499878,forward,115.31579593234675,1
53,1.7684333333333333,53.27320098876953,,,,,,,,,,,,,,,,,,,,0.4480343759059906,0.5536618828773499,-0.0025623308029025793,0.9998955130577087,0.40386709570884705,0.634746253490448,-0.38665929436683655,0.9940662980079651,0.41227349638938904,0.7191396355628967,-0.07576113194227219,0.9857099056243896,0.39226123690605164,0.7485862374305725,-0.2631799280643463,0.9782608151435852,forward,118.59250587974913,1
54,1.8018,54.763078689575195,,,,,,,,,,,,,,,,,,,,0.44753679633140564,0.5505225658416748,-0.0025808983482420444,0.999895453453064,0.40519970655441284,0.6340605020523071,-0.3320104777812958,0.9940329194068909,0.41257187724113464,0.7191266417503357,-0.035137321799993515,0.9859920740127563,0.39291271567344666,0.7485849261283875,-0.23726947605609894,0.9785323739051819,forward,121.97717899770547,1
55,1.8351666666666666,52.899837493896484,,,,,,,,,,,,,,,,,,,,0.44633299112319946,0.5474569797515869,-0.0025985166430473328,0.9998894929885864,0.406523197889328,0.6334608793258667,-0.21679987013339996,0.9938965439796448,0.41391250491142273,0.7187645435333252,0.05370306223630905,0.9860309958457947,0.39451923966407776,0.7485843300819397,-0.1423339992761612,0.9784920811653137,forward,124.86151700408432,1
56,1.8685333333333334,53.41982841491699,,,,,,,,,,,,,,,,,,,,0.4457165598869324,0.5439469218254089,-0.003251361893489957,0.9998807311058044,0.40820175409317017,0.6332108974456787,-0.16220586001873016,0.993657112121582,0.4142609238624573,0.7187058329582214,0.10654275119304657,0.9861411452293396,0.3956269323825836,0.7485536932945251,-0.09945574402809143,0.978546142578125,forward,128.7795945539931,1
57,1.9019,55.348873138427734,,,,,,,,,,,,,,,,,,,,0.4454011023044586,0.5416024923324585,-0.006410390138626099,0.9998732805252075,0.41023001074790955,0.6331092715263367,-0.08767708390951157,0.9938482046127319,0.4142444431781769,0.7185285091400146,0.19614064693450928,0.9868132472038269,0.39710044860839844,0.7485617399215698,-0.0075363717041909695,0.9793911576271057,forward,131.40295768349938,1
58,1.9352666666666667,54.067134857177734,,,,,,,,,,,,,,,,,,,,0.4447866976261139,0.5383840203285217,-0.011102103628218174,0.9998637437820435,0.4121711254119873,0.6322275400161743,-0.07997007668018341,0.9940385222434998,0.41408005356788635,0.7186683416366577,0.18341271579265594,0.9875653982162476,0.3989534080028534,0.7486579418182373,-0.028851542621850967,0.9803409576416016,forward,136.29353644164865,1
59,1.9686333333333335,53.617000579833984,,,,,,,,,,,,,,,,,,,,0.44475096464157104,0.5350919961929321,-0.014286457560956478,0.9998536109924316,0.4148184061050415,0.6286194920539856,-0.12094847857952118,0.9942550659179688,0.4137773811817169,0.7186535596847534,0.12253403663635254,0.9883610606193542,0.40101373195648193,0.7489712238311768,-0.09561081975698471,0.9813827276229858,forward,143.4095806058146,1
60,2.0020000000000002,52.61421203613281,,,,,,,,,,,,,,,,,,,,0.4441303014755249,0.5331918001174927,-0.01473824493587017,0.9998416900634766,0.41612014174461365,0.6274764537811279,-0.06631731241941452,0.9943404793739319,0.4130750894546509,0.7182711958885193,0.1888633817434311,0.9888962507247925,0.40219783782958984,0.7489699721336365,-0.024340873584151268,0.9820078015327454,forward,146.7409122344428,1
61,2.0353666666666665,54.42190170288086,,,,,,,,,,,,,,,,,,,,0.4440598785877228,0.5314721465110779,-0.015500224195420742,0.9998330473899841,0.4166853427886963,0.6267383694648743,-0.06057371944189072,0.9944054484367371,0.41234996914863586,0.7171430587768555,0.21620552241802216,0.9892423748970032,0.4025764763355255,0.7487046122550964,0.017507685348391533,0.9823834300041199,forward,147.06202070403077,1
62,2.0687333333333333,54.55803871154785,,,,,,,,,,,,,,,,,,,,0.44406720995903015,0.5296292304992676,-0.017321616411209106,0.9998208284378052,0.4192729890346527,0.6259570717811584,-0.04641185700893402,0.9943757057189941,0.4122364819049835,0.7169752717018127,0.2231065034866333,0.9895104169845581,0.40350306034088135,0.7486768364906311,0.014735331758856773,0.9826939702033997,forward,150.7645672246236,1
63,2.1021,50.5831241607666,,,,,,,,,,,,,,,,,,,,0.44415464997291565,0.5277822613716125,-0.016903851181268692,0.999813973903656,0.421533465385437,0.6252973675727844,-0.041277240961790085,0.9942898154258728,0.4122317433357239,0.7168781757354736,0.2128777652978897,0.9897393584251404,0.40368953347206116,0.7486763596534729,-0.0010140480007976294,0.9829774498939514,forward,155.1148162120006,1
64,2.135466666666667,50.50086975097656,,,,,,,,,,,,,,,,,,,,0.4441940486431122,0.5271028280258179,-0.016514748334884644,0.9998078346252441,0.42418158054351807,0.6247648596763611,-0.044893424957990646,0.9941525459289551,0.4122181236743927,0.716769814491272,0.19822075963020325,0.9899032115936279,0.40355339646339417,0.7486705780029297,-0.016681883484125137,0.9831804633140564,forward,157.52219195859902,1
65,2.168833333333333,51.98407173156738,,,,,,,,,,,,,,,,,,,,0.44434934854507446,0.5272642374038696,-0.015820875763893127,0.9998058080673218,0.4260190427303314,0.624311625957489,-0.040992286056280136,0.994049072265625,0.412197083234787,0.716768205165863,0.20749874413013458,0.9900842905044556,0.40340450406074524,0.7486839294433594,-0.010591092519462109,0.9834396243095398,forward,160.22978837810726,1
66,2.2022,52.607059478759766,,,,,,,,,,,,,,,,,,,,0.44436773657798767,0.5276662111282349,-0.01516487542539835,0.9998041391372681,0.4270061254501343,0.6245964765548706,-0.03744172677397728,0.9938578009605408,0.4121672809123993,0.7167881727218628,0.20852874219417572,0.9901247620582581,0.4032808840274811,0.7489386796951294,-0.007221329491585493,0.9834884405136108,forward,157.33756929357435,1
67,2.2355666666666667,53.544044494628906,,,,,,,,,,,,,,,,,,,,0.44451767206192017,0.5287118554115295,-0.013767540454864502,0.9997978806495667,0.42747122049331665,0.6248329281806946,-0.029251130297780037,0.993656575679779,0.41199445724487305,0.7168296575546265,0.22330231964588165,0.9900902509689331,0.4033789038658142,0.7490209341049194,0.010554606094956398,0.9834172129631042,forward,154.6410642095287,1
68,2.2689333333333335,52.91318893432617,,,,,,,,,,,,,,,,,,,,0.4447045922279358,0.5291909575462341,-0.012486609630286694,0.9997916221618652,0.42725083231925964,0.6249255537986755,-0.026648981496691704,0.9934526085853577,0.41173073649406433,0.7168275713920593,0.22607968747615814,0.9900254607200623,0.4033273756504059,0.7491002678871155,0.015685131773352623,0.983302891254425,forward,153.46384695326117,1
69,2.3023000000000002,52.39105224609375,,,,,,,,,,,,,,,,,,,,0.4452046751976013,0.5294047594070435,-0.011980576440691948,0.999789297580719,0.42705121636390686,0.6250119805335999,-0.03187522292137146,0.9932920336723328,0.4114363491535187,0.7171130776405334,0.21255166828632355,0.9900352358818054,0.40283137559890747,0.7497918605804443,0.0037417642306536436,0.983282744884491,forward,154.4219834333877,1
70,2.3356666666666666,53.53999137878418,,,,,,,,,,,,,,,,,,,,0.44569477438926697,0.5292313098907471,-0.011130754835903645,0.9997892379760742,0.4270213842391968,0.6249192357063293,-0.03300488740205765,0.9931504130363464,0.41121435165405273,0.7173625230789185,0.20782309770584106,0.9900640845298767,0.4020542800426483,0.7500788569450378,-0.001748080481775105,0.983302116394043,forward,157.64643210039625,1
71,2.3690333333333333,52.74820327758789,,,,,,,,,,,,,,,,,,,,0.44605258107185364,0.5291354060173035,-0.010620694607496262,0.9997901916503906,0.4271256625652313,0.6246460676193237,-0.041177816689014435,0.9930108785629272,0.41110560297966003,0.7179877161979675,0.19404123723506927,0.9901107549667358,0.4016355574131012,0.7501898407936096,-0.01822124794125557,0.983357310295105,forward,159.74076097313593,1
72,2.4024,55.28712272644043,,,,,,,,,,,,,,,,,,,,0.4463791847229004,0.5290879607200623,-0.01004012767225504,0.999792754650116,0.42701467871665955,0.6245500445365906,-0.04441484808921814,0.9927858114242554,0.41106969118118286,0.7186779379844666,0.17576321959495544,0.9900628924369812,0.4014730453491211,0.7503302693367004,-0.03536568209528923,0.9832828044891357,forward,159.66195611164088,1
73,2.435766666666667,55.14192581176758,,,,,,,,,,,,,,,,,,,,0.44690757989883423,0.5288509130477905,-0.00953891221433878,0.999792218208313,0.4271714687347412,0.6242942810058594,-0.04302842170000076,0.9926117062568665,0.4110191762447357,0.7192266583442688,0.17584486305713654,0.9900456070899963,0.4014582633972168,0.750580370426178,-0.03621874377131462,0.9832478761672974,forward,159.6316724139798,1
74,2.469133333333333,53.96318435668945,,,,,,,,,,,,,,,,,,,,0.44748249650001526,0.5284375548362732,-0.009507548063993454,0.9997943043708801,0.42726558446884155,0.6240310072898865,-0.044226620346307755,0.9925046563148499,0.4109044671058655,0.7193818688392639,0.1662459671497345,0.9900993704795837,0.4014435112476349,0.7507464289665222,-0.04821193218231201,0.9833293557167053,forward,159.8757487959003,1
75,2.5025,53.23290824890137,,,,,,,,,,,,,,,,,,,,0.4481083154678345,0.5277320146560669,-0.009373525157570839,0.9997896552085876,0.4276697039604187,0.6237160563468933,-0.04345409944653511,0.9922493696212769,0.4107944965362549,0.7193871736526489,0.1634921133518219,0.9899613261222839,0.4015583097934723,0.7508965730667114,-0.05026199668645859,0.9831103682518005,forward,160.52468149911283,1
76,2.5358666666666667,53.13372611999512,,,,,,,,,,,,,,,,,,,,0.44879770278930664,0.5274601578712463,-0.008974306285381317,0.9997856616973877,0.42807990312576294,0.6237075924873352,-0.03906114026904106,0.9920321702957153,0.41073179244995117,0.7193816304206848,0.16476541757583618,0.989830732345581,0.4018619954586029,0.751011073589325,-0.047702256590127945,0.9829169511795044,forward,160.9742787701509,1
77,2.5692333333333335,54.473161697387695,,,,,,,,,,,,,,,,,,,,0.44922640919685364,0.5274697542190552,-0.008038297295570374,0.999783456325531,0.4280783534049988,0.6237265467643738,-0.03630064055323601,0.9917122721672058,0.41070273518562317,0.7193751931190491,0.16629059612751007,0.9895718693733215,0.40195149183273315,0.7512282133102417,-0.04537888616323471,0.9825350046157837,forward,159.6703762877327,1
78,2.6026000000000002,53.8938045501709,,,,,,,,,,,,,,,,,,,,0.4496595859527588,0.527525007724762,-0.006055166013538837,0.9997838735580444,0.4279733896255493,0.6237566471099854,-0.03370681405067444,0.9914512038230896,0.4106411039829254,0.7193567156791687,0.16971828043460846,0.9893394708633423,0.4019785225391388,0.7513406872749329,-0.03837458789348602,0.9821922183036804,forward,158.6938566453456,1
79,2.6359666666666666,52.84476280212402,,,,,,,,,,,,,,,,,,,,0.4497480094432831,0.527570903301239,-0.005896905902773142,0.9997819066047668,0.4278017282485962,0.623932957649231,-0.03279385343194008,0.9912012219429016,0.41063299775123596,0.7191763520240784,0.17196565866470337,0.9891085624694824,0.4020436108112335,0.7515592575073242,-0.03476928919553757,0.9818639159202576,forward,155.73486089304407,1
80,2.6693333333333333,53.587913513183594,,,,,,,,,,,,,,,,,,,,0.4497464597225189,0.5276105999946594,-0.005922022741287947,0.9997742176055908,0.4274293780326843,0.624035656452179,-0.033179908990859985,0.9909210205078125,0.4106115698814392,0.7187765836715698,0.17457203567028046,0.9887966513633728,0.40205004811286926,0.751721203327179,-0.03275952860713005,0.9814158082008362,forward,153.27465790618285,1
81,2.7027,54.38995361328125,,,,,,,,,,,,,,,,,,,,0.45001259446144104,0.5280939340591431,-0.005874063819646835,0.9997705221176147,0.42688554525375366,0.6246192455291748,-0.03093588724732399,0.9907985925674438,0.41058123111724854,0.7183456420898438,0.18907353281974792,0.9886741042137146,0.40204355120658875,0.7517408728599548,-0.01850985363125801,0.9812564253807068,forward,149.87927280727774,1
82,2.736066666666667,54.87990379333496,,,,,,,,,,,,,,,,,,,,0.4502217769622803,0.5282565355300903,-0.0053068953566253185,0.9997655749320984,0.4265800714492798,0.6246373653411865,-0.028797348961234093,0.9906697869300842,0.410568505525589,0.7177884578704834,0.19540219008922577,0.9885526299476624,0.40202343463897705,0.7517351508140564,-0.011719600297510624,0.9810855984687805,forward,148.0186958200551,1
83,2.769433333333333,55.140018463134766,,,,,,,,,,,,,,,,,,,,0.45021989941596985,0.5284213423728943,-0.005316249560564756,0.9997573494911194,0.42626771330833435,0.6248825788497925,-0.025741014629602432,0.9904935956001282,0.4105384945869446,0.7177340388298035,0.19995050132274628,0.9883662462234497,0.4020218253135681,0.7517394423484802,-0.006158825010061264,0.9808065891265869,forward,147.39487178972212,1
84,2.8028,55.70578575134277,,,,,,,,,,,,,,,,,,,,0.4503818154335022,0.5284916162490845,-0.005258671939373016,0.9997468590736389,0.42612913250923157,0.6249685287475586,-0.020532706752419472,0.9902942180633545,0.41042381525039673,0.7177615761756897,0.20761872828006744,0.9881346821784973,0.4017947316169739,0.7517690062522888,0.0017871703021228313,0.9804211854934692,forward,147.27812192243255,1
85,2.8361666666666667,53.964853286743164,,,,,,,,,,,,,,,,,,,,0.4504397213459015,0.5288058519363403,-0.005257750861346722,0.9997162818908691,0.42591920495033264,0.625365674495697,-0.018863322213292122,0.9879896640777588,0.41031375527381897,0.7177141904830933,0.2141989916563034,0.9857993721961975,0.4016555845737457,0.7515971064567566,0.009525959379971027,0.9774213433265686,forward,146.37031186589653,1
86,2.8695333333333335,54.2912483215332,,,,,,,,,,,,,,,,,,,,0.4504942297935486,0.5295340418815613,-0.0058181872591376305,0.9997049570083618,0.4259272515773773,0.6256954073905945,-0.01910492219030857,0.987869143486023,0.4103022515773773,0.7176365256309509,0.21217092871665955,0.9856504201889038,0.40165263414382935,0.7513514757156372,0.003454160410910845,0.9771653413772583,forward,144.76840558644116,1
87,2.9029000000000003,54.739952087402344,,,,,,,,,,,,,,,,,,,,0.4506863057613373,0.5303042531013489,-0.005042710341513157,0.9996894598007202,0.42591750621795654,0.6261368989944458,-0.01329891663044691,0.9862746596336365,0.4103150963783264,0.7173348665237427,0.20870627462863922,0.9840508699417114,0.40165337920188904,0.7513448596000671,0.0005186557536944747,0.9752498269081116,forward,142.6754071910708,1
88,2.9362666666666666,50.27198791503906,,,,,,,,,,,,,,,,,,,,0.4509161412715912,0.5314604043960571,-0.004841688089072704,0.999661922454834,0.42569705843925476,0.6264017224311829,-0.014717401005327702,0.9838422536849976,0.4103138744831085,0.7172086238861084,0.2064509093761444,0.9816126227378845,0.4015836715698242,0.7510048747062683,0.00015596812590956688,0.9722258448600769,forward,140.48057769788565,1
89,2.9696333333333333,51.602840423583984,,,,,,,,,,,,,,,,,,,,0.4514033794403076,0.5330770611763,-0.003551443573087454,0.9996392130851746,0.4253844916820526,0.6269544363021851,-0.0149437440559268,0.9813011288642883,0.41033807396888733,0.7172123789787292,0.18839864432811737,0.979149341583252,0.40125390887260437,0.7507364749908447,-0.014546429738402367,0.9692427515983582,forward,137.86289559244767,1
90,3.003,51.65910720825195,,,,,,,,,,,,,,,,,,,,0.4520810842514038,0.5343410968780518,-0.002931715454906225,0.9996156096458435,0.42532873153686523,0.6278834939002991,-0.009445256553590298,0.9788937568664551,0.4105902314186096,0.7168287038803101,0.19273923337459564,0.9766314029693604,0.40156450867652893,0.7503339052200317,-0.010285992175340652,0.9664744138717651,forward,135.1349675977399,1
91,3.036366666666667,52.87003517150879,,,,,,,,,,,,,,,,,,,,0.4523426592350006,0.5359408259391785,-0.0029437982011586428,0.9995895028114319,0.4253225028514862,0.6296280026435852,-0.010802949778735638,0.977402925491333,0.4106040894985199,0.7168398499488831,0.19559982419013977,0.9748296141624451,0.40166282653808594,0.7504510879516602,-0.010515769943594933,0.9644354581832886,forward,132.679645797149,1
92,3.069733333333333,53.751230239868164,,,,,,,,,,,,,,,,,,,,0.45240360498428345,0.53774094581604,-0.0017282037297263741,0.9995654225349426,0.425314337015152,0.6309394836425781,-0.008032778277993202,0.9761227369308472,0.4108324646949768,0.7166508436203003,0.2148711234331131,0.9730339050292969,0.4030018746852875,0.7499989867210388,0.0027324839029461145,0.9627135992050171,forward,129.88637964038617,1
93,3.1031,53.60269546508789,,,,,,,,,,,,,,,,,,,,0.45256760716438293,0.5385239124298096,-0.001660678768530488,0.9995594620704651,0.4257568418979645,0.631333589553833,-0.01008838601410389,0.9753158688545227,0.4111309051513672,0.7166644334793091,0.20113320648670197,0.972061276435852,0.40250831842422485,0.7503250241279602,-0.01894407905638218,0.962022066116333,forward,128.84006497027616,1
94,3.1364666666666667,54.415225982666016,,,,,,,,,,,,,,,,,,,,0.4534842073917389,0.5394571423530579,-0.001300503732636571,0.9995525479316711,0.42662057280540466,0.631598711013794,-0.017086656764149666,0.9745160341262817,0.41155490279197693,0.7168341279029846,0.1833149790763855,0.9712243676185608,0.4009687006473541,0.750538170337677,-0.03721550107002258,0.9613857269287109,forward,127.81489593129011,1
95,3.1698333333333335,55.032968521118164,,,,,,,,,,,,,,,,,,,,0.45389848947525024,0.5415249466896057,-0.00044578014058060944,0.9995409846305847,0.4273090362548828,0.6326066255569458,-0.017093505710363388,0.9741188883781433,0.41190969944000244,0.7163152694702148,0.18540538847446442,0.9707568883895874,0.40058594942092896,0.7503971457481384,-0.03257347643375397,0.9612089991569519,forward,124.49866748658232,1
96,3.2032000000000003,52.433013916015625,,,,,,,,,,,,,,,,,,,,0.4540097117424011,0.5437113046646118,0.0009630927233956754,0.9995211362838745,0.4275193512439728,0.6345922946929932,-0.016378657892346382,0.9738070964813232,0.41211384534835815,0.7163418531417847,0.18564067780971527,0.9704455733299255,0.39912858605384827,0.7503994107246399,-0.03184961527585983,0.9611896872520447,forward,121.90964725896413,1
97,3.2365666666666666,54.10313606262207,,,,,,,,,,,,,,,,,,,,0.45485347509384155,0.5462100505828857,0.001326761906966567,0.9995115995407104,0.42804592847824097,0.6349660754203796,-0.016178887337446213,0.9735442399978638,0.41220179200172424,0.7164595127105713,0.18403729796409607,0.9701948165893555,0.3980805277824402,0.7503665685653687,-0.03294706344604492,0.9611720442771912,forward,119.07328311682105,1
98,3.2699333333333334,53.3750057220459,,,,,,,,,,,,,,,,,,,,0.45491650700569153,0.5485225915908813,0.0013226608280092478,0.9994922876358032,0.428335577249527,0.636328399181366,-0.022947311401367188,0.9736403822898865,0.4117569327354431,0.716841459274292,0.17501980066299438,0.9703640341758728,0.39708200097084045,0.7503751516342163,-0.043327078223228455,0.9614916443824768,forward,116.89605275669066,1
99,3.3033,53.79319190979004,,,,,,,,,,,,,,,,,,,,0.45504188537597656,0.5519029498100281,0.0019274194492027164,0.9994716644287109,0.4286295473575592,0.6377185583114624,-0.01859683357179165,0.9734048247337341,0.41139307618141174,0.7168437838554382,0.17653502523899078,0.9701688885688782,0.3966251015663147,0.7504023313522339,-0.03629074618220329,0.9614810943603516,forward,113.2432150385486,1
100,3.336666666666667,54.627180099487305,,,,,,,,,,,,,,,,,,,,0.4554440975189209,0.5545850396156311,0.002470992272719741,0.9994516372680664,0.42955660820007324,0.6390731930732727,-0.011670123785734177,0.973305881023407,0.41114163398742676,0.7168214321136475,0.19109202921390533,0.9700314998626709,0.3965888023376465,0.7503950595855713,-0.016433225944638252,0.9615203142166138,forward,110.4396379666762,1
101,3.370033333333333,53.67112159729004,,,,,,,,,,,,,,,,,,,,0.4560808539390564,0.5581988096237183,0.003284629201516509,0.9994476437568665,0.4298054575920105,0.63966304063797,-0.004792077466845512,0.9732685089111328,0.4110702574253082,0.7168302536010742,0.19986505806446075,0.970144510269165,0.39566805958747864,0.7505050897598267,-0.006161052267998457,0.9618971943855286,forward,106.90760969755277,1
102,3.4034,53.19404602050781,,,,,,,,,,,,,,,,,,,,0.45627695322036743,0.5603289008140564,0.0033040521666407585,0.9994598627090454,0.43008971214294434,0.6395999193191528,-0.056397147476673126,0.9735239744186401,0.4111067056655884,0.7168607711791992,0.1538810431957245,0.9704742431640625,0.39571255445480347,0.7508521676063538,-0.053284913301467896,0.9624531865119934,forward,104.99134087039954,1
103,3.4367666666666667,54.62503433227539,,,,,,,,,,,,,,,,,,,,0.45624861121177673,0.5612999200820923,0.0050563146360218525,0.9994809031486511,0.42961907386779785,0.6393156051635742,-0.11185995489358902,0.9735194444656372,0.4111236035823822,0.7167984843254089,0.1294950544834137,0.9705067276954651,0.3957371711730957,0.7508257031440735,-0.06508227437734604,0.9627635478973389,forward,104.10484940070295,1
104,3.4701333333333335,53.90191078186035,,,,,,,,,,,,,,,,,,,,0.45571961998939514,0.56405109167099,0.0053679198026657104,0.9995021224021912,0.4272376596927643,0.6392834782600403,-0.17866958677768707,0.9739738702774048,0.4109894335269928,0.7166212797164917,0.06750749796628952,0.9705932140350342,0.39576610922813416,0.7508427500724792,-0.11772102117538452,0.9629811644554138,forward,101.57727733174849,1
105,3.5035000000000003,54.15201187133789,,,,,,,,,,,,,,,,,,,,0.4551258087158203,0.5674462914466858,0.004637379199266434,0.9995246529579163,0.42355138063430786,0.6397258043289185,-0.23692737519741058,0.9745771288871765,0.4103447496891022,0.7166209816932678,0.015272749587893486,0.9707896113395691,0.39504772424697876,0.750829815864563,-0.17021314799785614,0.9630930423736572,forward,98.71786266202504,1
106,3.5368666666666666,55.065155029296875,,,,,,,,,,,,,,,,,,,,0.4538920223712921,0.5700463652610779,0.002316757570952177,0.9995455741882324,0.420348197221756,0.6407387852668762,-0.27007728815078735,0.9752515554428101,0.409402072429657,0.7168723940849304,-0.018794026225805283,0.9710431694984436,0.39448967576026917,0.7508593797683716,-0.2040671706199646,0.9631410837173462,forward,96.70361292672804,1
107,3.5702333333333334,54.4438362121582,,,,,,,,,,,,,,,,,,,,0.45286428928375244,0.5719841122627258,0.0012603491777554154,0.9995691776275635,0.4182831346988678,0.6411594748497009,-0.29742178320884705,0.9759927988052368,0.4091756045818329,0.7169114947319031,-0.042523257434368134,0.9711984395980835,0.39449363946914673,0.7508851289749146,-0.22214658558368683,0.9630895853042603,forward,95.15302829385911,1
108,3.6036,54.10289764404297,,,,,,,,,,,,,,,,,,,,0.45175835490226746,0.5744549036026001,-0.0007042738143354654,0.9995982646942139,0.4161968231201172,0.6410053372383118,-0.34335294365882874,0.9768990874290466,0.40913817286491394,0.7167997360229492,-0.06984543800354004,0.9713953137397766,0.3942444324493408,0.7506338953971863,-0.2386501431465149,0.963197648525238,forward,93.21255163270055,1
109,3.636966666666667,51.651954650878906,,,,,,,,,,,,,,,,,,,,0.4513140022754669,0.5753774642944336,-0.0032288432121276855,0.9996252059936523,0.4130015969276428,0.6409161686897278,-0.3704611361026764,0.9779002070426941,0.4090828597545624,0.7167596220970154,-0.08250859379768372,0.9718068242073059,0.39420413970947266,0.7506135702133179,-0.2502394914627075,0.9635850191116333,forward,92.51253876606546,1
110,3.6703333333333332,54.46314811706543,,,,,,,,,,,,,,,,,,,,0.4502839744091034,0.5770572423934937,-0.007166673894971609,0.999652087688446,0.40943413972854614,0.6410118341445923,-0.3892153203487396,0.9788877367973328,0.4093336760997772,0.7167611718177795,-0.0844511017203331,0.972087025642395,0.39405643939971924,0.750358521938324,-0.24578167498111725,0.9638869762420654,forward,91.26490044381737,1
111,3.7037,51.476240158081055,,,,,,,,,,,,,,,,,,,,0.4500925838947296,0.5789920687675476,-0.008520667441189289,0.9996795058250427,0.4068432152271271,0.6410466432571411,-0.4098016321659088,0.9800161123275757,0.40932774543762207,0.7167444229125977,-0.09268563240766525,0.9727997183799744,0.3938466012477875,0.7501975297927856,-0.24706019461154938,0.9646724462509155,forward,89.85302573850242,1
112,3.7370666666666668,53.97605895996094,,,,,,,,,,,,,,,,,,,,0.44985708594322205,0.5806920528411865,-0.009596829302608967,0.9997035264968872,0.4046240746974945,0.6411711573600769,-0.4233810305595398,0.98113614320755,0.40933364629745483,0.7167559266090393,-0.11046364903450012,0.9736098647117615,0.39382365345954895,0.7501831650733948,-0.26666441559791565,0.9656098484992981,forward,88.63229378066458,1
113,3.7704333333333335,54.20517921447754,,,,,,,,,,,,,,,,,,,,0.44970935583114624,0.5821744203567505,-0.010533948428928852,0.9997249841690063,0.4028935134410858,0.6413163542747498,-0.42610567808151245,0.9822309017181396,0.4093288481235504,0.7167993783950806,-0.11644493043422699,0.9745067358016968,0.3934725522994995,0.7499281764030457,-0.27282944321632385,0.9666540622711182,forward,87.60307162341118,1
114,3.8038,53.427934646606445,,,,,,,,,,,,,,,,,,,,0.44955334067344666,0.5827599763870239,-0.010523570701479912,0.9997450709342957,0.4019782841205597,0.6415412425994873,-0.43801188468933105,0.9832664728164673,0.4093957841396332,0.7167949676513672,-0.11183329671621323,0.9752982258796692,0.3931116461753845,0.7497351169586182,-0.2669139504432678,0.9675832986831665,forward,87.13116256384541,1
115,3.8371666666666666,54.10194396972656,,,,,,,,,,,,,,,,,,,,0.44927170872688293,0.5839539766311646,-0.010415054857730865,0.9997633099555969,0.4004157781600952,0.6417259573936462,-0.4532644748687744,0.9842594265937805,0.4094074070453644,0.7167918086051941,-0.11017388850450516,0.9760581851005554,0.39301276206970215,0.7497003078460693,-0.2622179090976715,0.9684340357780457,forward,86.25660383975688,1
116,3.8705333333333334,54.360151290893555,,,,,,,,,,,,,,,,,,,,0.44896984100341797,0.5851596593856812,-0.010293964296579361,0.999779999256134,0.40023770928382874,0.6417022943496704,-0.4763762950897217,0.9851771593093872,0.4094524383544922,0.7167953252792358,-0.12484824657440186,0.9767971634864807,0.39267614483833313,0.7497256994247437,-0.27614015340805054,0.9692741632461548,forward,85.4468107654773,1
117,3.9039,52.93607711791992,,,,,,,,,,,,,,,,,,,,0.4487970173358917,0.5850200653076172,-0.011506212875247002,0.9997959136962891,0.4002566635608673,0.6416477560997009,-0.4803652763366699,0.9860442876815796,0.40963172912597656,0.7166200280189514,-0.11522157490253448,0.9774062037467957,0.3929465115070343,0.750106930732727,-0.26240426301956177,0.9700284600257874,forward,85.3878314215477,1
118,3.937266666666667,54.80813980102539,,,,,,,,,,,,,,,,,,,,0.448800265789032,0.5845514535903931,-0.013256359845399857,0.9998098015785217,0.40039175748825073,0.6415516138076782,-0.45797139406204224,0.9868097305297852,0.4100787341594696,0.7165025472640991,-0.10323795676231384,0.9779360294342041,0.3937634527683258,0.750201404094696,-0.25144922733306885,0.9706506133079529,forward,85.61987490597645,1
119,3.9706333333333332,52.947044372558594,,,,,,,,,,,,,,,,,,,,0.448821097612381,0.5842005014419556,-0.013190209865570068,0.9998226761817932,0.4006134569644928,0.6414273381233215,-0.4527595639228821,0.9875053763389587,0.41043978929519653,0.716502845287323,-0.09818124771118164,0.9784760475158691,0.3939053416252136,0.7499488592147827,-0.24234294891357422,0.9712886214256287,forward,85.89416750302408,1
120,4.0040000000000004,53.420066833496094,,,,,,,,,,,,,,,,,,,,0.4488371014595032,0.5838528871536255,-0.01365193072706461,0.9998346567153931,0.40067335963249207,0.6399334073066711,-0.4786996841430664,0.9881399273872375,0.4105711579322815,0.7165704369544983,-0.1377301961183548,0.9789482951164246,0.39389172196388245,0.7499232888221741,-0.2794753611087799,0.9719346761703491,forward,86.65251221110046,1
121,4.037366666666666,52.53314971923828,,,,,,,,,,,,,,,,,,,,0.4489176273345947,0.583668053150177,-0.013752268627285957,0.9998456239700317,0.4009488821029663,0.639548659324646,-0.4900178611278534,0.9887051582336426,0.410645455121994,0.7166684865951538,-0.15046502649784088,0.9794409871101379,0.39373263716697693,0.7499172687530518,-0.29766276478767395,0.9725793600082397,forward,87.00355873203367,1
122,4.070733333333333,54.13222312927246,,,,,,,,,,,,,,,,,,,,0.44892749190330505,0.5816203355789185,-0.013643668964505196,0.999854564666748,0.4010378122329712,0.6395263075828552,-0.4807358980178833,0.9891747236251831,0.41073426604270935,0.7167797088623047,-0.1359814703464508,0.979720413684845,0.3937315344810486,0.7499163746833801,-0.28299951553344727,0.9728830456733704,forward,88.51348786422142,1
123,4.1041,53.36403846740723,,,,,,,,,,,,,,,,,,,,0.4489348232746124,0.5785750150680542,-0.012266378849744797,0.9998610615730286,0.40109822154045105,0.6395315527915955,-0.46769919991493225,0.9895156025886536,0.41074836254119873,0.7167434692382812,-0.1159210279583931,0.9797921180725098,0.3947020173072815,0.7498969435691833,-0.25731995701789856,0.972816526889801,forward,90.58615004975331,1
124,4.137466666666667,53.86805534362793,,,,,,,,,,,,,,,,,,,,0.44905662536621094,0.57474684715271,-0.008744316175580025,0.9998647570610046,0.40128093957901,0.6399210095405579,-0.430534690618515,0.9897789359092712,0.4109249711036682,0.7167469263076782,-0.05975605919957161,0.9796805381774902,0.3947567939758301,0.7494161128997803,-0.19559109210968018,0.9724184274673462,forward,93.22102893190839,1
125,4.170833333333333,53.153038024902344,,,,,,,,,,,,,,,,,,,,0.44961875677108765,0.5717433094978333,-0.004338947590440512,0.9998646974563599,0.4015333354473114,0.6399092078208923,-0.39958879351615906,0.989895224571228,0.4112703204154968,0.716718316078186,-0.02147841826081276,0.9791520237922668,0.3948191702365875,0.7489956617355347,-0.15442505478858948,0.9714851975440979,forward,95.43240993340211,1
126,4.2042,53.907155990600586,,,,,,,,,,,,,,,,,,,,0.4506272077560425,0.5687563419342041,-7.676832319702953e-05,0.9998665452003479,0.40238484740257263,0.6392996907234192,-0.3975145220756531,0.9899929761886597,0.41141200065612793,0.716776967048645,-0.04160080477595329,0.9789832830429077,0.39488738775253296,0.74893718957901,-0.18321111798286438,0.9710759520530701,forward,97.93685751575242,1
127,4.237566666666667,53.79366874694824,,,,,,,,,,,,,,,,,,,,0.4508366286754608,0.5653301477432251,0.0020186349283903837,0.9998688697814941,0.40332671999931335,0.6387653350830078,-0.39772433042526245,0.9901816248893738,0.4116809666156769,0.7176434397697449,-0.05152910202741623,0.9789881706237793,0.39485493302345276,0.748757541179657,-0.1960265189409256,0.9709469079971313,forward,101.69458256060022,1
128,4.270933333333334,53.25579643249512,,,,,,,,,,,,,,,,,,,,0.45105627179145813,0.5618525743484497,0.0025809411890804768,0.9998674988746643,0.4043594300746918,0.6382061243057251,-0.38371995091438293,0.9903718829154968,0.4123925268650055,0.718353807926178,-0.047674279659986496,0.9790313243865967,0.39484500885009766,0.7488138675689697,-0.19976207613945007,0.9708731174468994,forward,105.48736673791434,1
129,4.3043000000000005,54.177045822143555,,,,,,,,,,,,,,,,,,,,0.45190098881721497,0.5574546456336975,0.0037515759468078613,0.999862015247345,0.4065597951412201,0.6363337635993958,-0.3708950877189636,0.9904301762580872,0.4129558801651001,0.7184637784957886,-0.051322221755981445,0.9791937470436096,0.39488184452056885,0.74881511926651,-0.21205997467041016,0.9709538221359253,forward,109.92606566922427,1
130,4.337666666666666,53.60817909240723,,,,,,,,,,,,,,,,,,,,0.4524460434913635,0.5529729723930359,0.003112895181402564,0.9998546838760376,0.40952107310295105,0.634858250617981,-0.29660695791244507,0.9902099370956421,0.4130079448223114,0.7184392213821411,0.011934417299926281,0.9789304137229919,0.39606794714927673,0.7491614818572998,-0.1650320440530777,0.9706062078475952,forward,114.42284942372993,1
131,4.371033333333333,54.910898208618164,,,,,,,,,,,,,,,,,,,,0.4524823725223541,0.5495363473892212,0.00259991642087698,0.9998424649238586,0.41039738059043884,0.6343763470649719,-0.25515031814575195,0.9901174306869507,0.413252055644989,0.7181942462921143,0.040785811841487885,0.978858470916748,0.39696264266967773,0.749419629573822,-0.14187638461589813,0.9704524278640747,forward,117.61460931814294,1
132,4.4044,54.63075637817383,,,,,,,,,,,,,,,,,,,,0.45247548818588257,0.5460798740386963,-0.0022417595610022545,0.9998352527618408,0.41159966588020325,0.6328782439231873,-0.21782851219177246,0.9904457926750183,0.4135993719100952,0.7177793979644775,0.05496707558631897,0.9798179268836975,0.4002297818660736,0.7497457265853882,-0.14619776606559753,0.9716914892196655,forward,121.03962866140893,1
133,4.437766666666667,54.42094802856445,,,,,,,,,,,,,,,,,,,,0.45245373249053955,0.5424230694770813,-0.005043694283813238,0.9998277425765991,0.4119315445423126,0.631610631942749,-0.18230342864990234,0.9908408522605896,0.4137190580368042,0.7169610261917114,0.06956924498081207,0.9809556603431702,0.4017700254917145,0.7496897578239441,-0.14341381192207336,0.9731367826461792,forward,124.30466035504877,1
134,4.471133333333333,54.044246673583984,,,,,,,,,,,,,,,,,,,,0.45245859026908875,0.5400227308273315,-0.007746959570795298,0.9998122453689575,0.4133334159851074,0.6307132244110107,-0.11278365552425385,0.9910942316055298,0.413548082113266,0.7169551849365234,0.12007772922515869,0.9819492101669312,0.4022996723651886,0.7496778964996338,-0.09994439780712128,0.974337100982666,forward,127.31734456803758,1
135,4.5045,54.35800552368164,,,,,,,,,,,,,,,,,,,,0.4524593651294708,0.538682222366333,-0.009652410633862019,0.9997971057891846,0.4153439402580261,0.6291754841804504,-0.1126086637377739,0.9913445115089417,0.41329720616340637,0.7168805003166199,0.11878500878810883,0.9828535914421082,0.40226662158966064,0.7497422695159912,-0.09899064153432846,0.9753550291061401,forward,129.17872567456226,1
136,4.537866666666667,49.78585243225098,,,,,,,,,,,,,,,,,,,,0.45256319642066956,0.5365778803825378,-0.01036136969923973,0.9997816681861877,0.4180920720100403,0.6264949440956116,-0.09789249300956726,0.9915724992752075,0.4130680561065674,0.7168940305709839,0.12933045625686646,0.9837175011634827,0.4025234878063202,0.7496591806411743,-0.09481929242610931,0.976355791091919,forward,132.9153992011142,1
137,4.571233333333334,51.22494697570801,,,,,,,,,,,,,,,,,,,,0.45257851481437683,0.5348790287971497,-0.011092126369476318,0.9997702836990356,0.41965949535369873,0.6257944107055664,-0.08202022314071655,0.9917506575584412,0.4127551019191742,0.7168687582015991,0.14092208445072174,0.984544575214386,0.4029867947101593,0.7496474385261536,-0.09012103825807571,0.9773551225662231,forward,135.41400001550684,1
138,4.6046000000000005,51.95212364196777,,,,,,,,,,,,,,,,,,,,0.45261508226394653,0.5327834486961365,-0.011453524231910706,0.9997563362121582,0.41986268758773804,0.625146746635437,-0.058535654097795486,0.9918515682220459,0.41255998611450195,0.7167239785194397,0.16262240707874298,0.9852367043495178,0.4029306471347809,0.749685525894165,-0.06552520394325256,0.9781128168106079,forward,138.29639105038774,1
139,4.637966666666666,52.496910095214844,,,,,,,,,,,,,,,,,,,,0.45267143845558167,0.5315400958061218,-0.012302926741540432,0.9997477531433105,0.4201390743255615,0.623957097530365,-0.05994328483939171,0.9920024871826172,0.41211533546447754,0.7164440751075745,0.17180579900741577,0.9859346747398376,0.4029165208339691,0.7496236562728882,-0.05818788334727287,0.9789484739303589,forward,140.3657990166012,1
140,4.671333333333333,53.952932357788086,,,,,,,,,,,,,,,,,,,,0.45268571376800537,0.5305147171020508,-0.012861511670053005,0.999734103679657,0.42101266980171204,0.6238333582878113,-0.04329962283372879,0.9920886158943176,0.4117893576622009,0.7163342237472534,0.19340650737285614,0.9864881038665771,0.40297770500183105,0.7496523261070251,-0.0297279991209507,0.979507327079773,forward,141.63693763578863,1
141,4.7047,54.17490005493164,,,,,,,,,,,,,,,,,,,,0.45270729064941406,0.5294278860092163,-0.012779386714100838,0.9997280240058899,0.4219646751880646,0.6238282918930054,-0.03470197319984436,0.9920133352279663,0.4116576015949249,0.7162115573883057,0.18665540218353271,0.9868300557136536,0.40302610397338867,0.7496668100357056,-0.03107313998043537,0.9797960519790649,forward,142.93608852341606,1
142,4.738066666666667,54.49795722961426,,,,,,,,,,,,,,,,,,,,0.4527183175086975,0.5278584361076355,-0.012676669284701347,0.9997288584709167,0.4234524667263031,0.6237464547157288,-0.02905893512070179,0.9919386506080627,0.41166481375694275,0.7161805629730225,0.18937301635742188,0.9871663451194763,0.40326327085494995,0.7496791481971741,-0.027110669761896133,0.9801416993141174,forward,145.40978036466504,1
143,4.771433333333333,54.802894592285156,,,,,,,,,,,,,,,,,,,,0.4526243209838867,0.5279533863067627,-0.011998116038739681,0.9997195601463318,0.4247114062309265,0.6237984299659729,-0.028928101062774658,0.9917834401130676,0.4116964340209961,0.7159320116043091,0.19680140912532806,0.9873756766319275,0.4036944806575775,0.7496758699417114,-0.012691524811089039,0.9802451729774475,forward,144.6556491384978,1
144,4.8048,54.663896560668945,,,,,,,,,,,,,,,,,,,,0.4523739516735077,0.528723418712616,-0.011240695603191853,0.9997127056121826,0.42494386434555054,0.623951256275177,-0.028302982449531555,0.9917016625404358,0.4116957485675812,0.7159281373023987,0.2076561003923416,0.9876044392585754,0.403788685798645,0.7496750354766846,-0.00138459715526551,0.9804134368896484,forward,143.3057506746376,1
145,4.838166666666667,53.788185119628906,,,,,,,,,,,,,,,,,,,,0.4522983729839325,0.529154360294342,-0.010231430642306805,0.9997119307518005,0.42536893486976624,0.6240846514701843,-0.024142740294337273,0.9916776418685913,0.41175055503845215,0.7160908579826355,0.209718257188797,0.9878836274147034,0.4039745032787323,0.7497413158416748,0.0015681462828069925,0.9806937575340271,forward,142.90129796319502,1
146,4.871533333333334,54.18205261230469,,,,,,,,,,,,,,,,,,,,0.4522371292114258,0.5294644236564636,-0.0086048673838377,0.9997141361236572,0.4255515933036804,0.6241462826728821,-0.019644763320684433,0.9916433691978455,0.4118138551712036,0.7163001298904419,0.21264569461345673,0.98810213804245,0.4040030837059021,0.7499502301216125,0.006844870280474424,0.9809205532073975,forward,142.84334256888613,1
147,4.9049000000000005,55.61208724975586,,,,,,,,,,,,,,,,,,,,0.45200881361961365,0.5297442078590393,-0.006972378119826317,0.9997190833091736,0.42558369040489197,0.6242724061012268,-0.014941743575036526,0.9916712641716003,0.41181647777557373,0.7165562510490417,0.2305099070072174,0.9883670806884766,0.4038926362991333,0.7502562403678894,0.021745547652244568,0.9812435507774353,forward,142.9016257516902,1
148,4.938266666666666,55.893898010253906,,,,,,,,,,,,,,,,,,,,0.45190566778182983,0.5298962593078613,-0.005888326559215784,0.9997216463088989,0.42564964294433594,0.6243240237236023,-0.016015324741601944,0.9916806221008301,0.4117494821548462,0.7166721224784851,0.22880186140537262,0.9885965585708618,0.4032398760318756,0.7505241632461548,0.019039437174797058,0.9815114140510559,forward,142.89645484130526,1
149,4.971633333333333,55.05514144897461,,,,,,,,,,,,,,,,,,,,0.4517981708049774,0.5300037860870361,-0.00525711290538311,0.9997252225875854,0.42559516429901123,0.6243792772293091,-0.015087708830833435,0.9917719960212708,0.41141796112060547,0.7168359756469727,0.23967915773391724,0.9888840913772583,0.40201833844184875,0.750796377658844,0.025577804073691368,0.9818797707557678,forward,143.06874458947408,1
150,5.005,54.25596237182617,,,,,,,,,,,,,,,,,,,,0.4517555236816406,0.529711902141571,-0.004944976419210434,0.9997284412384033,0.42556655406951904,0.6244306564331055,-0.01629067026078701,0.9918433427810669,0.411239892244339,0.716847836971283,0.23595188558101654,0.9891263842582703,0.4014381170272827,0.7508677840232849,0.02216223068535328,0.982190728187561,forward,143.4978620263407,1
151,5.038366666666667,54.27193641662598,,,,,,,,,,,,,,,,,,,,0.451703280210495,0.5294166803359985,-0.004920030478388071,0.9997318983078003,0.42557933926582336,0.6245003938674927,-0.018690403550863266,0.9918808937072754,0.4111713767051697,0.7169495820999146,0.22762387990951538,0.9893072247505188,0.40091973543167114,0.7509604692459106,0.014603707939386368,0.982414960861206,forward,144.13944824973976,1
152,5.071733333333333,53.772926330566406,,,,,,,,,,,,,,,,,,,,0.45169728994369507,0.5291867852210999,-0.0046060471795499325,0.9997355341911316,0.4256444573402405,0.6245233416557312,-0.017814723774790764,0.9919312596321106,0.4111742377281189,0.7169269919395447,0.2304360717535019,0.9894821047782898,0.40078964829444885,0.7509582042694092,0.017846738919615746,0.9826321601867676,forward,144.43567672798443,1
153,5.1051,54.75115776062012,,,,,,,,,,,,,,,,,,,,0.451693058013916,0.528863787651062,-0.006099098827689886,0.9997380971908569,0.4259611666202545,0.6245040893554688,-0.01941058784723282,0.9919305443763733,0.41116979718208313,0.716899573802948,0.212655171751976,0.9895947575569153,0.40078380703926086,0.7509580254554749,-0.00043578294571489096,0.9827582240104675,forward,144.90968284810648,1
154,5.138466666666667,54.16107177734375,,,,,,,,,,,,,,,,,,,,0.4516933262348175,0.528494119644165,-0.00704022916033864,0.99974125623703,0.42622578144073486,0.6242618560791016,-0.02040429227054119,0.9919039011001587,0.4111742675304413,0.7168600559234619,0.2034018486738205,0.9896916151046753,0.40078622102737427,0.7509526610374451,-0.008723128587007523,0.9828683733940125,forward,145.59503087626348,1
155,5.171833333333334,54.09383773803711,,,,,,,,,,,,,,,,,,,,0.45170894265174866,0.5284605622291565,-0.0076483734883368015,0.9997433423995972,0.4265007972717285,0.624135434627533,-0.023893291130661964,0.9919111132621765,0.41118210554122925,0.7168705463409424,0.19484347105026245,0.989799976348877,0.4008866250514984,0.7509152293205261,-0.016652075573801994,0.9829946160316467,forward,145.77122307283204,1
156,5.2052000000000005,52.32834815979004,,,,,,,,,,,,,,,,,,,,0.4516318738460541,0.5284149646759033,-0.007730456534773111,0.9997425079345703,0.4266088008880615,0.6239444017410278,-0.028770888224244118,0.9919081330299377,0.4111814498901367,0.716878354549408,0.19079692661762238,0.9898831248283386,0.4009203612804413,0.7508126497268677,-0.021463971585035324,0.9830870032310486,forward,146.0256696370843,1
157,5.238566666666666,54.0928840637207,,,,,,,,,,,,,,,,,,,,0.45156973600387573,0.5283867120742798,-0.00782566238194704,0.9997385740280151,0.42660385370254517,0.6237377524375916,-0.03203730657696724,0.9918699860572815,0.41118124127388,0.7168768048286438,0.18915216624736786,0.9899221658706665,0.40092936158180237,0.7505704760551453,-0.021873945370316505,0.9830994009971619,forward,146.26410848385075,1
158,5.271933333333333,55.191993713378906,,,,,,,,,,,,,,,,,,,,0.45150497555732727,0.5284183025360107,-0.00877389032393694,0.9997317790985107,0.42649978399276733,0.6236801743507385,-0.03476344421505928,0.991839587688446,0.41117063164711,0.7168800830841064,0.1903059333562851,0.9899489879608154,0.4009529650211334,0.7503933310508728,-0.02009209804236889,0.9830817580223083,forward,146.2817370749003,1
159,5.3053,54.617881774902344,,,,,,,,,,,,,,,,,,,,0.4513208270072937,0.5298342108726501,-0.010937722399830818,0.9997212290763855,0.4259924590587616,0.6236878633499146,-0.036378420889377594,0.9915928840637207,0.4111354947090149,0.7169017195701599,0.1816531866788864,0.9897281527519226,0.40095651149749756,0.7502635717391968,-0.022492676973342896,0.9826905727386475,forward,144.17806593753738,1
160,5.338666666666667,54.598093032836914,,,,,,,,,,,,,,,,,,,,0.45105546712875366,0.5317081809043884,-0.012351448647677898,0.9997133612632751,0.42541414499282837,0.6238420605659485,-0.036392584443092346,0.9911808967590332,0.41113635897636414,0.7168630957603455,0.18116328120231628,0.9893302917480469,0.40096062421798706,0.7499829530715942,-0.021320655941963196,0.9820533990859985,forward,141.29452996088585,1
161,5.372033333333333,54.384708404541016,,,,,,,,,,,,,,,,,,,,0.45081669092178345,0.5333919525146484,-0.012578784488141537,0.9997075200080872,0.4250544607639313,0.6242395639419556,-0.03429124504327774,0.9909178018569946,0.4111379086971283,0.7167900204658508,0.19365082681179047,0.9890798926353455,0.40105223655700684,0.7497168779373169,-0.0069407252594828606,0.9816319346427917,forward,138.48696176345072,1
162,5.4054,54.37183380126953,,,,,,,,,,,,,,,,,,,,0.4507233500480652,0.5350526571273804,-0.013255723752081394,0.9997053742408752,0.42441344261169434,0.6250609159469604,-0.03118658810853958,0.9908223152160645,0.41116493940353394,0.7167918682098389,0.20520898699760437,0.9890304207801819,0.40097856521606445,0.7496551275253296,0.002852475270628929,0.9814628958702087,forward,135.63289165296857,1
163,5.438766666666667,54.32295799255371,,,,,,,,,,,,,,,,,,,,0.45067572593688965,0.5361473560333252,-0.013176492415368557,0.9997089505195618,0.42334234714508057,0.6259817481040955,-0.024625642225146294,0.9908144474029541,0.41118061542510986,0.7168055176734924,0.22862884402275085,0.989075779914856,0.4007188379764557,0.749654233455658,0.025646714493632317,0.9814903736114502,forward,133.60887037345773,1
164,5.472133333333334,53.80105972290039,,,,,,,,,,,,,,,,,,,,0.4507293999195099,0.5370457172393799,-0.013453527353703976,0.99971604347229,0.42327746748924255,0.6262894868850708,-0.024957025423645973,0.9908834099769592,0.41120174527168274,0.716791570186615,0.23546777665615082,0.9891151189804077,0.40073513984680176,0.7495991587638855,0.03377465158700943,0.9814622402191162,forward,132.30718502967358,1
165,5.5055000000000005,54.27718162536621,,,,,,,,,,,,,,,,,,,,0.4513835906982422,0.5379432439804077,-0.013730766251683235,0.9997286796569824,0.42310360074043274,0.6264801025390625,-0.012218963354825974,0.9908187389373779,0.4112135171890259,0.7167015671730042,0.24853083491325378,0.9891698956489563,0.40060508251190186,0.7495840191841125,0.04260348901152611,0.9814243316650391,forward,130.97959582354375,1
166,5.538866666666666,54.380178451538086,,,,,,,,,,,,,,,,,,,,0.4520230293273926,0.5386062264442444,-0.015203055925667286,0.9997416734695435,0.4231061339378357,0.6265763640403748,-0.0244294423609972,0.9906907677650452,0.4112270772457123,0.716721773147583,0.2214096635580063,0.9891217947006226,0.4006003141403198,0.7496176362037659,0.010128854773938656,0.9810534715652466,forward,130.2034358561433,1
167,5.572233333333333,54.025888442993164,,,,,,,,,,,,,,,,,,,,0.45294493436813354,0.5385814309120178,-0.01643369346857071,0.9997531175613403,0.4231085479259491,0.6266974806785583,-0.04709458351135254,0.990458071231842,0.4112914502620697,0.7168816924095154,0.16388145089149475,0.9889939427375793,0.40062910318374634,0.7496360540390015,-0.04564518481492996,0.980530321598053,forward,130.43645049247203,1
168,5.6056,54.342031478881836,,,,,,,,,,,,,,,,,,,,0.4538559019565582,0.5389874577522278,-0.015640849247574806,0.9997700452804565,0.42310985922813416,0.6268807649612427,-0.044823694974184036,0.9899505376815796,0.41130536794662476,0.7169250249862671,0.16574928164482117,0.9888038635253906,0.4007497727870941,0.7496709227561951,-0.032705146819353104,0.9802328944206238,forward,129.93763032417667,1
169,5.638966666666667,53.59005928039551,,,,,,,,,,,,,,,,,,,,0.455166220664978,0.5398122668266296,-0.014210693538188934,0.9997797608375549,0.42286956310272217,0.6271268725395203,-0.04359086975455284,0.9890093207359314,0.411464124917984,0.716937243938446,0.17959444224834442,0.9880750179290771,0.4008374810218811,0.7497460842132568,-0.023305652663111687,0.9790483117103577,forward,128.88802938227087,1
170,5.6723333333333334,53.138017654418945,,,,,,,,,,,,,,,,,,,,0.4563983678817749,0.5416988134384155,-0.013448732905089855,0.9997867345809937,0.42232605814933777,0.6281692981719971,-0.023616861552000046,0.9881019592285156,0.4112725853919983,0.7169939279556274,0.2443467378616333,0.9874293208122253,0.4009649455547333,0.7499102354049683,0.03770522400736809,0.9780457615852356,forward,126.32810157596624,1
171,5.7057,53.5433292388916,,,,,,,,,,,,,,,,,,,,0.456924170255661,0.5437390208244324,-0.013309396803379059,0.9998006224632263,0.42089223861694336,0.630318820476532,-0.02371128275990486,0.9876316785812378,0.41145285964012146,0.717210590839386,0.2403317242860794,0.9872995018959045,0.40115419030189514,0.7499452829360962,0.028158346191048622,0.977894127368927,forward,123.51535476566377,1
172,5.739066666666667,54.129838943481445,,,,,,,,,,,,,,,,,,,,0.4578491449356079,0.5466535091400146,-0.010341442190110683,0.9998124837875366,0.41922035813331604,0.6306466460227966,-0.08475814014673233,0.9872241616249084,0.4115757942199707,0.7170983552932739,0.17639832198619843,0.9871212244033813,0.40034011006355286,0.749890148639679,-0.04493578523397446,0.9776773452758789,forward,120.22546834681302,1
173,5.772433333333334,54.49104309082031,,,,,,,,,,,,,,,,,,,,0.4579649567604065,0.5494217276573181,-0.008735375478863716,0.9998248219490051,0.41609296202659607,0.632060706615448,-0.10047130286693573,0.9872869849205017,0.41181933879852295,0.7171450853347778,0.16965645551681519,0.9873780012130737,0.3967219889163971,0.7500009536743164,-0.053912077099084854,0.9780445098876953,forward,117.05025628363585,1
174,5.8058000000000005,54.35991287231445,,,,,,,,,,,,,,,,,,,,0.45846477150917053,0.5519004464149475,-0.008635858073830605,0.9998372197151184,0.4130188524723053,0.6322525143623352,-0.18976706266403198,0.9876413941383362,0.4118238389492035,0.7171221971511841,0.07273900508880615,0.9877269268035889,0.3943493962287903,0.749843180179596,-0.14461982250213623,0.9784923195838928,forward,114.62232238896225,1
175,5.839166666666666,53.51400375366211,,,,,,,,,,,,,,,,,,,,0.45877784490585327,0.5543802976608276,-0.008556901477277279,0.9998473525047302,0.41151463985443115,0.632729172706604,-0.202104389667511,0.9879008531570435,0.411992609500885,0.7167589068412781,0.0641750767827034,0.9879436492919922,0.3928234577178955,0.7497463822364807,-0.15143074095249176,0.9786704182624817,forward,111.75202970452347,1
176,5.872533333333333,53.926944732666016,,,,,,,,,,,,,,,,,,,,0.459046334028244,0.5562424063682556,-0.008473319932818413,0.9998569488525391,0.4115152359008789,0.6326295733451843,-0.24488465487957,0.9880103468894958,0.4119749367237091,0.7163633704185486,0.02016643062233925,0.9877880215644836,0.3921472132205963,0.7495899796485901,-0.19655366241931915,0.978246808052063,forward,109.6847533333025,1
177,5.9059,53.58099937438965,,,,,,,,,,,,,,,,,,,,0.4591633975505829,0.5588575601577759,-0.0063147335313260555,0.9998631477355957,0.41094863414764404,0.6331707835197449,-0.23044510185718536,0.987999677658081,0.4118584394454956,0.7159757018089294,0.042482368648052216,0.9874486327171326,0.3918498456478119,0.7494390606880188,-0.16468781232833862,0.9775287508964539,forward,106.8190282580915,1
178,5.939266666666667,54.56686019897461,,,,,,,,,,,,,,,,,,,,0.45937538146972656,0.5618173480033875,-0.004717668518424034,0.9998689293861389,0.41061946749687195,0.6340171098709106,-0.23985952138900757,0.9879763722419739,0.4115478992462158,0.7159778475761414,0.02261948585510254,0.9871242642402649,0.3916987478733063,0.7494334578514099,-0.1852199286222458,0.9767894744873047,forward,104.11163583030525,1
179,5.9726333333333335,54.85272407531738,,,,,,,,,,,,,,,,,,,,0.4595467746257782,0.5649333596229553,-0.003483413252979517,0.9998751878738403,0.4097045063972473,0.6351401805877686,-0.29380887746810913,0.9882780313491821,0.41128623485565186,0.7159940600395203,-0.033374276012182236,0.9870813488960266,0.39135363698005676,0.7494310736656189,-0.236346036195755,0.97647625207901,forward,101.28029490638434,1
180,6.006,54.615020751953125,,,,,,,,,,,,,,,,,,,,0.45975661277770996,0.568221390247345,-0.002184843411669135,0.9998830556869507,0.4082888066768646,0.6360111832618713,-0.3418911099433899,0.9887555241584778,0.410819947719574,0.7161195874214172,-0.07648112624883652,0.9872994422912598,0.39017874002456665,0.7494357824325562,-0.27976396679878235,0.9766546487808228,forward,98.6044375729548,1
181,6.039366666666667,56.39076232910156,,,,,,,,,,,,,,,,,,,,0.46005430817604065,0.5718778371810913,-0.0014842679956927896,0.9998921155929565,0.4068080186843872,0.6358519792556763,-0.4256584048271179,0.9893180131912231,0.41036084294319153,0.7159846425056458,-0.16295717656612396,0.9875124096870422,0.38829174637794495,0.7494361996650696,-0.36410290002822876,0.9769250750541687,forward,95.81351881103139,1
182,6.072733333333334,55.255889892578125,,,,,,,,,,,,,,,,,,,,0.4600479304790497,0.5748968124389648,-0.0017040808452293277,0.9999011158943176,0.405366450548172,0.6357061862945557,-0.4936760663986206,0.9899401068687439,0.40994977951049805,0.7158957719802856,-0.22736452519893646,0.9877378940582275,0.38811883330345154,0.7494248151779175,-0.4289625883102417,0.9773294925689697,forward,93.62166231010129,1
183,6.1061000000000005,55.23109436035156,,,,,,,,,,,,,,,,,,,,0.46015191078186035,0.5778964161872864,-0.002247538883239031,0.9999099969863892,0.40359607338905334,0.6361474394798279,-0.5276011228561401,0.99049311876297,0.40976420044898987,0.7159043550491333,-0.2925453782081604,0.98808354139328,0.38709691166877747,0.7493749856948853,-0.5043801665306091,0.9780451655387878,forward,91.37460163702607,1
184,6.139466666666666,54.429054260253906,,,,,,,,,,,,,,,,,,,,0.46021220088005066,0.5805161595344543,-0.004139351192861795,0.9999181032180786,0.40255576372146606,0.6361398100852966,-0.5275403261184692,0.9911165833473206,0.4095218777656555,0.7161827087402344,-0.28696370124816895,0.9885337352752686,0.3867518901824951,0.7495627999305725,-0.49139800667762756,0.9788504838943481,forward,89.90215639585796,1
185,6.172833333333333,53.79605293273926,,,,,,,,,,,,,,,,,,,,0.4601689577102661,0.5831506252288818,-0.005341862794011831,0.9999257922172546,0.40211325883865356,0.635900616645813,-0.5796056389808655,0.9917870759963989,0.4091472625732422,0.716482400894165,-0.3940363824367523,0.9891875982284546,0.3861912190914154,0.7495647668838501,-0.6069260835647583,0.9800978302955627,forward,88.58553360309915,1
186,6.2062,53.23624610900879,,,,,,,,,,,,,,,,,,,,0.46002691984176636,0.5852739214897156,-0.006347973365336657,0.999932587146759,0.40157657861709595,0.6358664631843567,-0.5501974821090698,0.9923976063728333,0.40856432914733887,0.7165725827217102,-0.34466037154197693,0.9897775650024414,0.38536810874938965,0.7494952082633972,-0.5448868274688721,0.981146514415741,forward,87.31470473403948,1
187,6.239566666666667,53.35593223571777,,,,,,,,,,,,,,,,,,,,0.45999446511268616,0.5865563750267029,-0.006464401725679636,0.9999389052391052,0.40059155225753784,0.635824978351593,-0.5782779455184937,0.9930363297462463,0.40811437368392944,0.716631293296814,-0.3640921711921692,0.990481972694397,0.3855206370353699,0.7493178248405457,-0.5612056851387024,0.9823815822601318,forward,86.57162648861821,1
188,6.2729333333333335,53.47466468811035,,,,,,,,,,,,,,,,,,,,0.45994260907173157,0.5863229036331177,-0.007103279232978821,0.9999446272850037,0.40002745389938354,0.6359876394271851,-0.5659915208816528,0.9935983419418335,0.40799617767333984,0.7166327238082886,-0.34687522053718567,0.991105318069458,0.38563424348831177,0.7484893798828125,-0.5418705344200134,0.9834722280502319,forward,86.64679458513291,1
189,6.3063,53.91693115234375,,,,,,,,,,,,,,,,,,,,0.45990297198295593,0.5869514346122742,-0.007462203968316317,0.9999497532844543,0.3997167944908142,0.6362031102180481,-0.5765392184257507,0.9941067695617676,0.40792974829673767,0.7166303396224976,-0.34712883830070496,0.9916418790817261,0.3856993019580841,0.7480546832084656,-0.5416976809501648,0.9844009876251221,forward,86.13916078285578,1
190,6.339666666666667,54.286956787109375,,,,,,,,,,,,,,,,,,,,0.45987391471862793,0.5863192081451416,-0.008078721351921558,0.9999544024467468,0.4000197947025299,0.6361179947853088,-0.6101149916648865,0.9945283532142639,0.4077030122280121,0.7166617512702942,-0.38761603832244873,0.9921072125434875,0.38577327132225037,0.7479604482650757,-0.5964787006378174,0.9852392673492432,forward,86.62064409778282,1
191,6.373033333333334,54.87179756164551,,,,,,,,,,,,,,,,,,,,0.4598602056503296,0.5858688950538635,-0.008871650323271751,0.9999583959579468,0.40035730600357056,0.6358755826950073,-0.5865889191627502,0.9948998093605042,0.4075576663017273,0.7166721820831299,-0.37832409143447876,0.9924947023391724,0.38601547479629517,0.7479695081710815,-0.5887184143066406,0.9859415292739868,forward,87.03651765242856,1
192,6.4064000000000005,53.9093017578125,,,,,,,,,,,,,,,,,,,,0.45973142981529236,0.5852135419845581,-0.009100291877985,0.9999620318412781,0.4006653130054474,0.6356576681137085,-0.5663203001022339,0.9952639937400818,0.40754520893096924,0.7166732549667358,-0.3516707420349121,0.9928942918777466,0.386455774307251,0.7479658126831055,-0.557201623916626,0.9866403937339783,forward,87.56524024225025,1
193,6.439766666666666,52.793025970458984,,,,,,,,,,,,,,,,,,,,0.4591929614543915,0.585085928440094,-0.008744525723159313,0.9999654293060303,0.4005177915096283,0.6356836557388306,-0.5732501745223999,0.9956259727478027,0.4075506627559662,0.7166759371757507,-0.33657902479171753,0.9933346509933472,0.3866773545742035,0.7479828596115112,-0.5405648350715637,0.9873744249343872,forward,87.63857905089807,1
194,6.473133333333333,53.98392677307129,,,,,,,,,,,,,,,,,,,,0.458332359790802,0.5834674835205078,-0.008732889778912067,0.9999685287475586,0.40051737427711487,0.6356745958328247,-0.5734435319900513,0.9959766864776611,0.40754908323287964,0.7166770696640015,-0.3371804654598236,0.9937741756439209,0.3867797553539276,0.7479963898658752,-0.5392020344734192,0.9881234765052795,forward,88.69936164772233,1
195,6.5065,54.718971252441406,,,,,,,,,,,,,,,,,,,,0.45780542492866516,0.5800345540046692,-0.008084632456302643,0.9999714493751526,0.40049687027931213,0.6356706023216248,-0.5726311206817627,0.9962707161903381,0.4075317084789276,0.7167114019393921,-0.34183263778686523,0.9941586852073669,0.38679561018943787,0.7480095624923706,-0.5479815602302551,0.9887903928756714,forward,91.01785723947998,1
196,6.539866666666667,54.83126640319824,,,,,,,,,,,,,,,,,,,,0.45744189620018005,0.5759044289588928,-0.007822048850357533,0.9999739527702332,0.40040168166160583,0.6356655955314636,-0.5462619066238403,0.9965354800224304,0.40750816464424133,0.7167253494262695,-0.31677523255348206,0.9944823980331421,0.386821985244751,0.7480871677398682,-0.5259513854980469,0.9893331527709961,forward,93.85762663538303,1
197,6.5732333333333335,54.82602119445801,,,,,,,,,,,,,,,,,,,,0.4568917751312256,0.5718109607696533,-0.007819728925824165,0.9999762773513794,0.39996758103370667,0.6355217695236206,-0.5478406548500061,0.996793270111084,0.40745627880096436,0.7169256210327148,-0.31259146332740784,0.9948100447654724,0.3867577910423279,0.7483071684837341,-0.525363564491272,0.9898988604545593,forward,97.04378730211,1
198,6.6066,54.9769401550293,,,,,,,,,,,,,,,,,,,,0.4567253291606903,0.5676329731941223,-0.007576175034046173,0.9999781847000122,0.40005216002464294,0.6352393627166748,-0.48128148913383484,0.996982216835022,0.40754181146621704,0.7169523239135742,-0.26249247789382935,0.9950563311576843,0.3866795301437378,0.7482739686965942,-0.47510749101638794,0.99031001329422,forward,100.26744100383581,1
199,6.639966666666667,55.08899688720703,,,,,,,,,,,,,,,,,,,,0.45675960183143616,0.5628410577774048,-0.007455849554389715,0.9999797344207764,0.4002719819545746,0.6342867612838745,-0.4512947201728821,0.9970922470092773,0.4079788327217102,0.71682208776474,-0.18047359585762024,0.9951791167259216,0.38681599497795105,0.7482522130012512,-0.4009149372577667,0.9904270768165588,forward,104.18648694014279,1
200,6.673333333333334,53.082942962646484,,,,,,,,,,,,,,,,,,,,0.4567655920982361,0.5583571791648865,-0.0049698916263878345,0.9999810457229614,0.40173497796058655,0.6329955458641052,-0.47088661789894104,0.9971058368682861,0.40876421332359314,0.7171040177345276,-0.20673315227031708,0.9951782822608948,0.38725918531417847,0.748257040977478,-0.43632930517196655,0.990368664264679,forward,108.684485062634,1
201,6.7067000000000005,54.39186096191406,,,,,,,,,,,,,,,,,,,,0.45677268505096436,0.5541009902954102,-0.0015551678370684385,0.999981701374054,0.40435659885406494,0.6316360831260681,-0.4044230282306671,0.9970786571502686,0.40938085317611694,0.7171323895454407,-0.16323743760585785,0.995156466960907,0.38918888568878174,0.7482247948646545,-0.3990437686443329,0.9902936816215515,forward,112.93496034372242,1
202,6.740066666666666,53.80988121032715,,,,,,,,,,,,,,,,,,,,0.4562232196331024,0.5519035458564758,0.00023258753935806453,0.9999819397926331,0.40678244829177856,0.6305791735649109,-0.3954538106918335,0.9970343112945557,0.40978434681892395,0.717178225517273,-0.1505132019519806,0.9950996041297913,0.39055347442626953,0.7482844591140747,-0.3800581991672516,0.990193784236908,forward,115.44694580739443,1
203,6.773433333333333,52.968740463256836,,,,,,,,,,,,,,,,,,,,0.4555409550666809,0.5474101901054382,-5.229483576840721e-05,0.9999812841415405,0.4107591509819031,0.6284402012825012,-0.3169271647930145,0.9968277215957642,0.41114968061447144,0.717143177986145,-0.09522060304880142,0.9950090050697327,0.39131635427474976,0.7484604716300964,-0.33417320251464844,0.9900609254837036,forward,120.73343197877676,1
204,6.8068,53.29108238220215,,,,,,,,,,,,,,,,,,,,0.4548816382884979,0.5432866215705872,-0.0002802775416057557,0.9999799132347107,0.4123530089855194,0.627705454826355,-0.24851444363594055,0.9965196847915649,0.41189417243003845,0.7171443104743958,-0.026082541793584824,0.9950054883956909,0.39175868034362793,0.7489640116691589,-0.2711271643638611,0.9901017546653748,forward,125.21594791814404,1
205,6.840166666666667,54.25906181335449,,,,,,,,,,,,,,,,,,,,0.45490291714668274,0.5406869053840637,-0.009462544694542885,0.9999783039093018,0.41598615050315857,0.6251541376113892,-0.2214818149805069,0.996005654335022,0.413112610578537,0.7173757553100586,-0.03067540004849434,0.994857668876648,0.3928876519203186,0.7489650249481201,-0.27519896626472473,0.9898573756217957,forward,130.625260683576,1
206,6.8735333333333335,54.63290214538574,,,,,,,,,,,,,,,,,,,,0.4549998342990875,0.5377683043479919,-0.018346445634961128,0.9999760985374451,0.41693365573883057,0.625487744808197,-0.11065880209207535,0.9956238865852356,0.4132683575153351,0.7174007892608643,0.10123695433139801,0.9947881698608398,0.39347344636917114,0.7492960095405579,-0.12614431977272034,0.989670991897583,forward,133.3790669430639,1
207,6.9069,54.62813377380371,,,,,,,,,,,,,,,,,,,,0.4550216794013977,0.5353850722312927,-0.02074282616376877,0.9999728202819824,0.41878974437713623,0.625649631023407,-0.08223388344049454,0.9952216744422913,0.41337746381759644,0.7174685001373291,0.11159191280603409,0.9947245121002197,0.3938881754875183,0.7493288516998291,-0.11722218990325928,0.9894675612449646,forward,136.1294636891541,1
208,6.940266666666667,55.85908889770508,,,,,,,,,,,,,,,,,,,,0.45503470301628113,0.5349064469337463,-0.0194260086864233,0.9999687075614929,0.421469122171402,0.6243234872817993,-0.10045552253723145,0.9948812127113342,0.41346320509910583,0.7175045609474182,0.10725679248571396,0.9945613741874695,0.395877867937088,0.7493261098861694,-0.12152082473039627,0.9891287684440613,forward,138.3275251068365,1
209,6.973633333333334,55.80019950866699,,,,,,,,,,,,,,,,,,,,0.4550456404685974,0.5344762206077576,-0.019652431830763817,0.9999591708183289,0.4224141836166382,0.6244148015975952,-0.053787313401699066,0.9946150183677673,0.41348797082901,0.7177044153213501,0.16512884199619293,0.9943236708641052,0.39581358432769775,0.7493346929550171,-0.05306254327297211,0.9885860085487366,forward,139.23731297191782,1
210,7.007000000000001,54.53777313232422,,,,,,,,,,,,,,,,,,,,0.45490196347236633,0.5337015390396118,-0.01879276894032955,0.9999472498893738,0.4238079786300659,0.6246441006660461,-0.027109524235129356,0.9943515658378601,0.41345563530921936,0.7181090712547302,0.2065737098455429,0.9939993619918823,0.3957739472389221,0.7495301365852356,-0.003203960135579109,0.9879985451698303,forward,140.9503099527741,1
211,7.040366666666666,55.03511428833008,,,,,,,,,,,,,,,,,,,,0.454906702041626,0.5321866273880005,-0.018242070451378822,0.9999367594718933,0.4262739419937134,0.6245441436767578,-0.038530249148607254,0.9942551255226135,0.41340863704681396,0.7180935740470886,0.2137424647808075,0.9938632845878601,0.39614182710647583,0.7495232224464417,-0.0015227919211611152,0.9878196716308594,forward,143.0191212633678,1
212,7.073733333333333,54.88705635070801,,,,,,,,,,,,,,,,,,,,0.45474523305892944,0.5322827100753784,-0.017871052026748657,0.999930202960968,0.4271541237831116,0.6242799758911133,-0.05117524787783623,0.9942893981933594,0.4133782386779785,0.718056321144104,0.20407699048519135,0.9938861727714539,0.3973093628883362,0.7495018839836121,-0.01565646007657051,0.9879096746444702,forward,143.20810763006196,1
213,7.1071,54.35895919799805,,,,,,,,,,,,,,,,,,,,0.454870343208313,0.531616747379303,-0.016490107402205467,0.9999251961708069,0.429385244846344,0.6242916584014893,-0.03161221370100975,0.9942600727081299,0.4133572280406952,0.7180070877075195,0.21322450041770935,0.9938244819641113,0.39874371886253357,0.7494691014289856,0.0016172006726264954,0.9878563284873962,forward,143.9309693801908,1
214,7.140466666666667,54.329872131347656,,,,,,,,,,,,,,,,,,,,0.45490145683288574,0.5301410555839539,-0.014281097799539566,0.9999167919158936,0.4302695095539093,0.623999297618866,-0.029040222987532616,0.9942423105239868,0.4133395254611969,0.7178753614425659,0.22485381364822388,0.9937576055526733,0.3995252847671509,0.7494657635688782,0.010427139699459076,0.9877740740776062,forward,146.0807999637022,1
215,7.1738333333333335,53.755998611450195,,,,,,,,,,,,,,,,,,,,0.4548211097717285,0.5291962623596191,-0.012745336629450321,0.9999091625213623,0.4301420748233795,0.6231737732887268,-0.03604251891374588,0.9942339062690735,0.41332772374153137,0.7177016735076904,0.20458970963954926,0.9937157034873962,0.3994806110858917,0.7494558691978455,-0.01159348152577877,0.9877244234085083,forward,148.50250379373745,1
216,7.2072,54.57115173339844,,,,,,,,,,,,,,,,,,,,0.454166978597641,0.5291272401809692,-0.01257217675447464,0.9999008774757385,0.4300045371055603,0.6231546401977539,-0.03810139372944832,0.9942059516906738,0.41324126720428467,0.7178618907928467,0.20172420144081116,0.9936527609825134,0.3994136154651642,0.7498753070831299,-0.01470978930592537,0.9876550436019897,forward,149.30101636697657,1
217,7.240566666666667,54.02803421020508,,,,,,,,,,,,,,,,,,,,0.45304784178733826,0.52866530418396,-0.013101226650178432,0.99989253282547,0.42982903122901917,0.6230210661888123,-0.03816750645637512,0.9941456913948059,0.41313138604164124,0.7179166078567505,0.20125018060207367,0.9935551285743713,0.39930808544158936,0.7502010464668274,-0.015847599133849144,0.9875460863113403,forward,150.62595352609702,1
218,7.273933333333334,54.09574508666992,,,,,,,,,,,,,,,,,,,,0.4526909291744232,0.5286298990249634,-0.012709230184555054,0.9998815059661865,0.4295715391635895,0.6230324506759644,-0.031775109469890594,0.9940699338912964,0.4126981794834137,0.7179162502288818,0.21147476136684418,0.9934079051017761,0.3992747366428375,0.7502363324165344,-0.0003217795747332275,0.9873127937316895,forward,150.64114205360244,1
219,7.307300000000001,54.6720027923584,,,,,,,,,,,,,,,,,,,,0.4525989890098572,0.5277854800224304,-0.012768864631652832,0.9998735785484314,0.4294256269931793,0.6225941777229309,-0.03399689495563507,0.9939600229263306,0.412350594997406,0.7178307771682739,0.206718310713768,0.9932489991188049,0.39917704463005066,0.7502516508102417,-0.005536082666367292,0.9870796799659729,forward,153.14797391809827,1
220,7.3406666666666665,54.83889579772949,,,,,,,,,,,,,,,,,,,,0.4525705873966217,0.5275843739509583,-0.012839502654969692,0.9998677372932434,0.4293179214000702,0.6224120259284973,-0.038100797683000565,0.9938366413116455,0.4117918610572815,0.7178449034690857,0.19731900095939636,0.9930894374847412,0.3988586664199829,0.7502289414405823,-0.015295558609068394,0.9868446588516235,forward,154.58935388518944,1
221,7.374033333333333,54.43978309631348,,,,,,,,,,,,,,,,,,,,0.45262259244918823,0.5276031494140625,-0.014167223125696182,0.9998624920845032,0.42922472953796387,0.622400164604187,-0.04119638726115227,0.9936641454696655,0.41101524233818054,0.7179583311080933,0.1920536905527115,0.9928715229034424,0.3985607624053955,0.7502307295799255,-0.02037535421550274,0.9865195751190186,forward,155.790848099789,1
222,7.4074,53.315162658691406,,,,,,,,,,,,,,,,,,,,0.45281001925468445,0.5275252461433411,-0.01358751766383648,0.9998569488525391,0.42914819717407227,0.622370719909668,-0.03896266222000122,0.9934974312782288,0.4106932580471039,0.7179574966430664,0.1906353384256363,0.9926551580429077,0.3983471095561981,0.7500463724136353,-0.01842205598950386,0.9861845374107361,forward,156.2386206945373,1
223,7.440766666666667,54.10313606262207,,,,,,,,,,,,,,,,,,,,0.45331594347953796,0.5271638631820679,-0.013605575077235699,0.9998533129692078,0.4291534721851349,0.6220917105674744,-0.040606893599033356,0.9933333992958069,0.4105045199394226,0.7176992297172546,0.18900801241397858,0.9924498200416565,0.3983224928379059,0.7497824430465698,-0.020041529089212418,0.9858775734901428,forward,156.67713661283776,1
224,7.4741333333333335,54.50797080993652,,,,,,,,,,,,,,,,,,,,0.4540424644947052,0.5270444750785828,-0.01423654891550541,0.9998481869697571,0.4296266436576843,0.621950089931488,-0.042546600103378296,0.9931398034095764,0.41042593121528625,0.7175940871238708,0.17710576951503754,0.9921960830688477,0.39856383204460144,0.749638020992279,-0.02810237556695938,0.9854736328125,forward,157.34337089070553,1
225,7.5075,54.553985595703125,,,,,,,,,,,,,,,,,,,,0.45457151532173157,0.5271207094192505,-0.014475056901574135,0.9998427629470825,0.4300495982170105,0.6220127940177917,-0.04376239329576492,0.9929409027099609,0.4103217124938965,0.7176295518875122,0.1742101013660431,0.9918999075889587,0.39925870299339294,0.7495875954627991,-0.028697051107883453,0.9850010275840759,forward,156.7754562036222,1
226,7.540866666666667,54.1539192199707,,,,,,,,,,,,,,,,,,,,0.45520079135894775,0.527102530002594,-0.01449005026370287,0.9998365044593811,0.43053868412971497,0.622027575969696,-0.044330425560474396,0.9927578568458557,0.41022393107414246,0.7176655530929565,0.1682443618774414,0.9916461110115051,0.39958223700523376,0.7493842840194702,-0.03499229997396469,0.9845755100250244,forward,157.2362901918463,1
227,7.574233333333334,54.12006378173828,,,,,,,,,,,,,,,,,,,,0.4554615020751953,0.5271235108375549,-0.014798865653574467,0.9998321533203125,0.43066129088401794,0.6219503879547119,-0.04486997053027153,0.992684006690979,0.4101351499557495,0.7177206873893738,0.16883647441864014,0.9915497899055481,0.39955803751945496,0.7492548227310181,-0.036064859479665756,0.98440021276474,forward,158.6571289494875,1
228,7.6076,55.13596534729004,,,,,,,,,,,,,,,,,,,,0.4555835723876953,0.5271657109260559,-0.015526610426604748,0.9998267889022827,0.4306621849536896,0.6218265891075134,-0.04509913548827171,0.9926196336746216,0.41007670760154724,0.7177982330322266,0.1687031388282776,0.9914634227752686,0.3995451033115387,0.749243438243866,-0.03698902949690819,0.9842309355735779,forward,158.4018970681157,1
229,7.6409666666666665,53.58004570007324,,,,,,,,,,,,,,,,,,,,0.45558130741119385,0.5271979570388794,-0.015756256878376007,0.9998229742050171,0.4306545853614807,0.6217848658561707,-0.045407481491565704,0.9925512671470642,0.4100707173347473,0.7178962826728821,0.1686476767063141,0.991377055644989,0.39952564239501953,0.7492383122444153,-0.03755022957921028,0.9840867519378662,forward,158.28908607199315,1
230,7.674333333333333,55.02629280090332,,,,,,,,,,,,,,,,,,,,0.45554807782173157,0.5272212624549866,-0.01593722589313984,0.999818742275238,0.43067389726638794,0.6217708587646484,-0.04577029496431351,0.9925262928009033,0.41008302569389343,0.7179324626922607,0.16886204481124878,0.9913604259490967,0.39951515197753906,0.7492362260818481,-0.037457894533872604,0.9840691685676575,forward,158.23239177678332,1
231,7.7077,54.396867752075195,,,,,,,,,,,,,,,,,,,,0.45559439063072205,0.5272230505943298,-0.01575562357902527,0.9998152256011963,0.43106651306152344,0.6217641830444336,-0.04843151196837425,0.9925030469894409,0.41013309359550476,0.7179580926895142,0.16446419060230255,0.9913725256919861,0.3995097279548645,0.7492325901985168,-0.04424665868282318,0.984106719493866,forward,158.21955094888062,1
232,7.741066666666667,54.68583106994629,,,,,,,,,,,,,,,,,,,,0.4556238055229187,0.5272895097732544,-0.014237823896110058,0.9998148083686829,0.4311272203922272,0.6219625473022461,-0.047314248979091644,0.992554247379303,0.4102931618690491,0.7179638147354126,0.17075516283512115,0.9914861917495728,0.3995016813278198,0.7492170333862305,-0.03959143906831741,0.984327495098114,forward,154.7937913720478,1
233,7.7744333333333335,53.261756896972656,,,,,,,,,,,,,,,,,,,,0.45569944381713867,0.5276092886924744,-0.013306957669556141,0.9998122453689575,0.4310809373855591,0.622126579284668,-0.04448834806680679,0.9925307035446167,0.4103643000125885,0.7179840207099915,0.1757570505142212,0.99151211977005,0.39949238300323486,0.749214768409729,-0.031925372779369354,0.9844003319740295,forward,153.3898100141433,1
234,7.8078,52.92987823486328,,,,,,,,,,,,,,,,,,,,0.4557366967201233,0.5280894041061401,-0.012394409626722336,0.9998095035552979,0.4307543933391571,0.622290849685669,-0.04471025615930557,0.9925557971000671,0.41041821241378784,0.7179848551750183,0.17553703486919403,0.9915853142738342,0.3994276523590088,0.7492126822471619,-0.032615482807159424,0.984535813331604,forward,151.86620606358073,1
235,7.841166666666667,53.870201110839844,,,,,,,,,,,,,,,,,,,,0.4557547867298126,0.5294041037559509,-0.012334641069173813,0.9998039603233337,0.43047329783439636,0.6228314638137817,-0.04486847296357155,0.9925521612167358,0.41043350100517273,0.7179983258247375,0.17526230216026306,0.9916137456893921,0.39941444993019104,0.7492321729660034,-0.03295838087797165,0.9845899939537048,forward,148.20813577621647,1
236,7.874533333333334,54.01897430419922,,,,,,,,,,,,,,,,,,,,0.45572811365127563,0.5306390523910522,-0.012734456919133663,0.9998019337654114,0.4299413561820984,0.622856080532074,-0.046827349811792374,0.9926329851150513,0.4104606807231903,0.717971920967102,0.17258965969085693,0.9917309284210205,0.3994928002357483,0.749238908290863,-0.03651009127497673,0.9847524166107178,forward,146.34308510130344,1
237,7.9079,52.53720283508301,,,,,,,,,,,,,,,,,,,,0.45571956038475037,0.5309697985649109,-0.012818981893360615,0.9997995495796204,0.4298860728740692,0.6233071088790894,-0.04703129827976227,0.9927051663398743,0.410532146692276,0.7179521322250366,0.17315568029880524,0.9918329119682312,0.3994801640510559,0.7492414712905884,-0.03696882352232933,0.9848715662956238,forward,144.79361527179776,1
238,7.9412666666666665,53.73215675354004,,,,,,,,,,,,,,,,,,,,0.4557206928730011,0.5310633778572083,-0.0122098159044981,0.9997966289520264,0.42969486117362976,0.6237713098526001,-0.041582539677619934,0.9928230047225952,0.4105224311351776,0.7178353071212769,0.20656880736351013,0.9919742345809937,0.39930281043052673,0.7492517828941345,-0.011763984337449074,0.9850602149963379,forward,143.50975235410644,1
239,7.974633333333333,54.3370246887207,,,,,,,,,,,,,,,,,,,,0.4554169774055481,0.5312005281448364,-0.012020901776850224,0.9997960329055786,0.42940962314605713,0.6243986487388611,-0.04098231717944145,0.9928703904151917,0.41052842140197754,0.7177307605743408,0.20572054386138916,0.9920365810394287,0.3993561565876007,0.7494173049926758,-0.011956189759075642,0.9851571321487427,forward,142.2546904872846,1
240,8.008000000000001,54.79931831359863,,,,,,,,,,,,,,,,,,,,0.45523104071617126,0.5320442318916321,-0.012044739909470081,0.999795138835907,0.42882898449897766,0.6258867383003235,-0.035491377115249634,0.9927701354026794,0.41082119941711426,0.7175518274307251,0.20101776719093323,0.9919320344924927,0.40006816387176514,0.7495051026344299,-0.013543669134378433,0.9849678874015808,forward,139.53209219843131,1
241,8.041366666666667,53.71975898742676,,,,,,,,,,,,,,,,,,,,0.4551618695259094,0.5342771410942078,-0.012156307697296143,0.9997860789299011,0.427611380815506,0.6268834471702576,-0.03660144284367561,0.9925479888916016,0.4113534986972809,0.7175597548484802,0.19489547610282898,0.991698682308197,0.4010748267173767,0.7497518658638,-0.015327217057347298,0.9845577478408813,forward,135.9511277383549,1
242,8.074733333333333,53.49898338317871,,,,,,,,,,,,,,,,,,,,0.4551545977592468,0.5368399024009705,-0.009603414684534073,0.9997841715812683,0.4250163733959198,0.6275288462638855,-0.03734256699681282,0.9921605587005615,0.411632776260376,0.7175896763801575,0.19473661482334137,0.9913198351860046,0.40143442153930664,0.750045657157898,-0.01703144796192646,0.9838916063308716,forward,132.40062899818594,1
243,8.1081,54.30126190185547,,,,,,,,,,,,,,,,,,,,0.455031156539917,0.5391682982444763,-0.009668511338531971,0.9997925162315369,0.42237839102745056,0.6290281414985657,-0.04706349968910217,0.9918796420097351,0.4117180407047272,0.7176004648208618,0.1843888908624649,0.9911611676216125,0.4018537402153015,0.7504813075065613,-0.03099539689719677,0.9835410714149475,forward,129.00013001415957,1
244,8.141466666666666,55.713653564453125,,,,,,,,,,,,,,,,,,,,0.4549097716808319,0.5410639047622681,-0.009697160683572292,0.9998021721839905,0.42072367668151855,0.6295393705368042,-0.04914655163884163,0.9913821220397949,0.4118631184101105,0.717606246471405,0.19128862023353577,0.9908918738365173,0.40258362889289856,0.7506367564201355,-0.025686610490083694,0.983109176158905,forward,126.62536876989446,1
245,8.174833333333334,63.42577934265137,,,,,,,,,,,,,,,,,,,,0.4549380838871002,0.5421298146247864,-0.010241453535854816,0.9998132586479187,0.419899582862854,0.6298461556434631,-0.0685378760099411,0.9908533096313477,0.41212207078933716,0.717695415019989,0.16778945922851562,0.9906110763549805,0.4026070535182953,0.7508238554000854,-0.05036521703004837,0.9826746582984924,forward,125.45280614851704,1
246,8.2082,58.86411666870117,,,,,,,,,,,,,,,,,,,,0.45512932538986206,0.5432946085929871,-0.009172403253614902,0.999822735786438,0.4182559847831726,0.6306583881378174,-0.06545856595039368,0.990454375743866,0.4122641980648041,0.7170829176902771,0.19040752947330475,0.9903906583786011,0.40184634923934937,0.749817430973053,-0.01994246244430542,0.982322096824646,forward,123.05937417546585,1
247,8.241566666666667,61.634063720703125,,,,,,,,,,,,,,,,,,,,0.4557998776435852,0.5446767807006836,-0.007312154397368431,0.9998311400413513,0.4160865843296051,0.63167405128479,-0.05367892235517502,0.990043044090271,0.4122745394706726,0.7168169617652893,0.22283416986465454,0.9902026057243347,0.3982359766960144,0.7496851086616516,0.012170655652880669,0.9820110201835632,forward,120.97210272496748,1
248,8.274933333333333,62.365055084228516,,,,,,,,,,,,,,,,,,,,0.4561910927295685,0.5459272861480713,-0.0060117472894489765,0.9998378157615662,0.4141380488872528,0.6318914890289307,-0.07285787165164948,0.9896482825279236,0.41247981786727905,0.7164085507392883,0.2199917882680893,0.9900178909301758,0.3963319957256317,0.7496272325515747,-0.003432543482631445,0.981665849685669,forward,119.07950516421714,1
249,8.308300000000001,53.98821830749512,,,,,,,,,,,,,,,,,,,,0.456695020198822,0.5475448966026306,-0.005489414557814598,0.9998427033424377,0.4132588505744934,0.6319596171379089,-0.09018465131521225,0.9893592000007629,0.41248413920402527,0.7159188389778137,0.21346792578697205,0.9897451996803284,0.3952348828315735,0.7496315240859985,-0.004087884910404682,0.9811418652534485,forward,116.79839033301016,1
250,8.341666666666667,51.9709587097168,,,,,,,,,,,,,,,,,,,,0.4573851525783539,0.5488361716270447,-0.0026938796509057283,0.9998487830162048,0.4120331108570099,0.6318982243537903,-0.1008872538805008,0.9891919493675232,0.4120972454547882,0.7157150506973267,0.19201138615608215,0.9896230101585388,0.392401784658432,0.7496347427368164,-0.033143989741802216,0.980848491191864,forward,115.28641452529489,1
251,8.375033333333333,52.56390571594238,,,,,,,,,,,,,,,,,,,,0.45785412192344666,0.5512819886207581,-0.002655999269336462,0.9998565912246704,0.41018062829971313,0.6334823966026306,-0.13001151382923126,0.9893882870674133,0.4120119512081146,0.7157117128372192,0.17862620949745178,0.9896429777145386,0.39127078652381897,0.7497455477714539,-0.03721092268824577,0.98069828748703,forward,112.58330436962088,1
252,8.4084,49.65806007385254,,,,,,,,,,,,,,,,,,,,0.458016037940979,0.5542721152305603,-0.0004536812484730035,0.9998663663864136,0.40901896357536316,0.6334346532821655,-0.20520973205566406,0.9896963238716125,0.41141200065612793,0.7155390977859497,0.11135543137788773,0.9896767139434814,0.38910090923309326,0.7497469186782837,-0.10192561894655228,0.9806318283081055,forward,109.63541081507185,1
253,8.441766666666666,51.88298225402832,,,,,,,,,,,,,,,,,,,,0.4580904245376587,0.556499719619751,0.0008427288848906755,0.9998756051063538,0.40796899795532227,0.6336078643798828,-0.25508296489715576,0.990044355392456,0.4105478823184967,0.7154924869537354,0.05097426846623421,0.9897421002388,0.3870691955089569,0.7497497797012329,-0.1641777604818344,0.9806280732154846,forward,107.5811725666955,1
254,8.475133333333334,52.57391929626465,,,,,,,,,,,,,,,,,,,,0.4581260681152344,0.5591822862625122,0.0007118641515262425,0.9998834133148193,0.40709006786346436,0.6339247226715088,-0.26742157340049744,0.9904218912124634,0.4093201458454132,0.7154766321182251,0.03675731644034386,0.9898358583450317,0.3858189582824707,0.7498254776000977,-0.17122717201709747,0.980595052242279,forward,105.20663441436858,1
255,8.5085,53.63178253173828,,,,,,,,,,,,,,,,,,,,0.458060622215271,0.5622632503509521,0.0006491242093034089,0.9998907446861267,0.40395790338516235,0.6348634362220764,-0.30507153272628784,0.9908623099327087,0.4081314206123352,0.7155362963676453,-0.0154877295717597,0.9900033473968506,0.385414719581604,0.7498748302459717,-0.2229452133178711,0.9807131290435791,forward,102.48549855188527,1
256,8.541866666666667,52.88982391357422,,,,,,,,,,,,,,,,,,,,0.45803019404411316,0.565162718296051,0.00054269126849249,0.9998975992202759,0.40285518765449524,0.6351355314254761,-0.34926342964172363,0.991222083568573,0.4077564477920532,0.715542197227478,-0.05682362988591194,0.9899887442588806,0.3855948746204376,0.7498817443847656,-0.2550024688243866,0.9805664420127869,forward,100.12403879218107,1
257,8.575233333333333,52.57391929626465,,,,,,,,,,,,,,,,,,,,0.45803022384643555,0.5679318308830261,0.0002995929098688066,0.9999054670333862,0.4028860032558441,0.6347808837890625,-0.43143266439437866,0.9916971921920776,0.40768712759017944,0.715545117855072,-0.14407837390899658,0.9901852011680603,0.38401147723197937,0.7498920559883118,-0.3436134457588196,0.9808539748191833,forward,98.13972824290909,1
258,8.608600000000001,52.25396156311035,,,,,,,,,,,,,,,,,,,,0.45775070786476135,0.5704644322395325,-0.0003370869962964207,0.999913215637207,0.4010946750640869,0.635254979133606,-0.4537840187549591,0.9921806454658508,0.4075041711330414,0.7159204483032227,-0.174297034740448,0.9903580546379089,0.3842705190181732,0.7500746250152588,-0.3704705238342285,0.9810951948165894,forward,96.51295205667412,1
259,8.641966666666667,51.52320861816406,,,,,,,,,,,,,,,,,,,,0.45759519934654236,0.5730827450752258,-0.0004484846140258014,0.9999208450317383,0.39966070652008057,0.6352497935295105,-0.5213808417320251,0.9926701784133911,0.40736082196235657,0.7169607877731323,-0.2973874509334564,0.9906941652297974,0.3839089274406433,0.7502989172935486,-0.5120283961296082,0.9818310141563416,forward,95.78550379296546,1
260,8.675333333333333,51.3150691986084,,,,,,,,,,,,,,,,,,,,0.45750272274017334,0.5755173563957214,-0.0003850912908092141,0.9999276995658875,0.39867106080055237,0.6352483034133911,-0.5344486236572266,0.9931310415267944,0.4071269631385803,0.7171828150749207,-0.296404629945755,0.9909700155258179,0.3840787410736084,0.7506090402603149,-0.5054519176483154,0.9824317097663879,forward,94.32695076753356,1
261,8.7087,52.48212814331055,,,,,,,,,,,,,,,,,,,,0.45749977231025696,0.5779979825019836,-0.0016316630644723773,0.9999339580535889,0.39792242646217346,0.6350432634353638,-0.5688948631286621,0.9935446977615356,0.4065358340740204,0.7171640992164612,-0.3387601971626282,0.9911301732063293,0.3842101991176605,0.7505390644073486,-0.5449278950691223,0.982866644859314,forward,92.69421226361563,1
262,8.742066666666666,53.26414108276367,,,,,,,,,,,,,,,,,,,,0.45749717950820923,0.5801803469657898,-0.002442218828946352,0.9999398589134216,0.3961622714996338,0.6355472803115845,-0.5860090851783752,0.9939998984336853,0.40630751848220825,0.7171574831008911,-0.3563101589679718,0.9914381504058838,0.38430267572402954,0.7499939799308777,-0.5529074668884277,0.9835209250450134,forward,90.9821038818167,1
263,8.775433333333334,52.77895927429199,,,,,,,,,,,,,,,,,,,,0.4574818015098572,0.5818736553192139,-0.002696060808375478,0.9999451041221619,0.3950636088848114,0.6361513137817383,-0.5957569479942322,0.9943931102752686,0.40625229477882385,0.7170922160148621,-0.3422910273075104,0.9916020631790161,0.3851824998855591,0.749089777469635,-0.5321070551872253,0.9838894605636597,forward,89.50926456435936,1
264,8.8088,50.965070724487305,,,,,,,,,,,,,,,,,,,,0.4571259021759033,0.5839545130729675,-0.004108509048819542,0.9999499320983887,0.39471516013145447,0.6363896131515503,-0.6033627390861511,0.9947802424430847,0.4062166213989258,0.71697998046875,-0.3641378879547119,0.9918383359909058,0.3854959011077881,0.7485262751579285,-0.5506274104118347,0.9843980669975281,forward,87.90727949479644,1
265,8.842166666666667,51.06973648071289,,,,,,,,,,,,,,,,,,,,0.4570886194705963,0.5856545567512512,-0.004727830179035664,0.9999544024467468,0.39461377263069153,0.6362698078155518,-0.6118116974830627,0.995143473148346,0.4063337445259094,0.7169708609580994,-0.3853592574596405,0.9921014904975891,0.3856854736804962,0.7482162117958069,-0.5715926289558411,0.9849501252174377,forward,86.84070630489109,1
266,8.875533333333333,52.80876159667969,,,,,,,,,,,,,,,,,,,,0.45708492398262024,0.585619330406189,-0.004552074242383242,0.9999582171440125,0.3948245644569397,0.6362599730491638,-0.6083273887634277,0.9954541921615601,0.4064593017101288,0.7168289422988892,-0.35325366258621216,0.9922231435775757,0.386551171541214,0.7476041913032532,-0.5386891961097717,0.9852239489555359,forward,86.71289661656829,1
267,8.908900000000001,52.644968032836914,,,,,,,,,,,,,,,,,,,,0.45701995491981506,0.5858877897262573,-0.004537778440862894,0.999961793422699,0.39488911628723145,0.6362164616584778,-0.6158376336097717,0.9957702159881592,0.40659263730049133,0.7167598605155945,-0.36073413491249084,0.9924461841583252,0.3868795335292816,0.7472990155220032,-0.5449731945991516,0.9856576919555664,forward,86.48285128959324,1
268,8.942266666666667,53.56907844543457,,,,,,,,,,,,,,,,,,,,0.45680075883865356,0.5860288739204407,-0.0046020629815757275,0.9999650120735168,0.39501500129699707,0.6361821293830872,-0.6174914836883545,0.9960683584213257,0.4066733121871948,0.7165135145187378,-0.37191545963287354,0.9926928281784058,0.3871271014213562,0.7471042275428772,-0.559486448764801,0.9861518144607544,forward,86.13908428032906,1
269,8.975633333333333,53.11179161071777,,,,,,,,,,,,,,,,,,,,0.4566429555416107,0.5860782861709595,-0.0061946832574903965,0.9999679327011108,0.3950416147708893,0.6361626386642456,-0.6318690180778503,0.9963572025299072,0.4067150354385376,0.7164409160614014,-0.40311333537101746,0.9929961562156677,0.38727596402168274,0.7470312714576721,-0.5995640754699707,0.9867579936981201,forward,86.0370759912184,1
270,9.009,54.35013771057129,,,,,,,,,,,,,,,,,,,,0.4563705027103424,0.5858357548713684,-0.006336694583296776,0.9999707341194153,0.3951335549354553,0.6361954212188721,-0.6278628706932068,0.9965998530387878,0.406741738319397,0.7163833379745483,-0.38810622692108154,0.9933006167411804,0.3874489963054657,0.7470436096191406,-0.5848571062088013,0.987328290939331,forward,86.11763221250837,1
271,9.042366666666666,53.78985404968262,,,,,,,,,,,,,,,,,,,,0.45620599389076233,0.5855206847190857,-0.006384199485182762,0.9999732971191406,0.3952012360095978,0.6361783146858215,-0.6186908483505249,0.9968265295028687,0.4067509174346924,0.7163207530975342,-0.3823421597480774,0.993622899055481,0.38752123713493347,0.7470318078994751,-0.5769193172454834,0.9879387617111206,forward,86.26175336618718,1
272,9.075733333333334,53.99298667907715,,,,,,,,,,,,,,,,,,,,0.4560251832008362,0.5852659344673157,-0.006801037583500147,0.9999756813049316,0.395255446434021,0.636086106300354,-0.6218569278717041,0.9970422983169556,0.40675705671310425,0.716171145439148,-0.38216260075569153,0.9939583539962769,0.38770022988319397,0.7470266819000244,-0.5799722075462341,0.9885572791099548,forward,86.30549942260838,1
273,9.1091,54.412126541137695,,,,,,,,,,,,,,,,,,,,0.4557076394557953,0.5847546458244324,-0.007635674439370632,0.9999778270721436,0.3953694701194763,0.6357648372650146,-0.6176776885986328,0.9972579479217529,0.40675586462020874,0.7160626649856567,-0.40035897493362427,0.9943346977233887,0.3878074586391449,0.7470195293426514,-0.6033338308334351,0.9892598390579224,forward,86.65847210949158,1
274,9.142466666666667,53.03502082824707,,,,,,,,,,,,,,,,,,,,0.4549582302570343,0.5826049447059631,-0.008770981803536415,0.9999798536300659,0.3955642580986023,0.6356670260429382,-0.614151656627655,0.9974654912948608,0.406759113073349,0.7160578370094299,-0.38468220829963684,0.9947100281715393,0.38776156306266785,0.7469834089279175,-0.5861028432846069,0.9899526238441467,forward,88.10275384069391,1
275,9.175833333333333,54.140329360961914,,,,,,,,,,,,,,,,,,,,0.45436397194862366,0.5782514810562134,-0.008706178516149521,0.9999815821647644,0.3956564664840698,0.6353943943977356,-0.6105051636695862,0.9976731538772583,0.40674251317977905,0.7160537242889404,-0.3298889100551605,0.9950864911079407,0.3877544403076172,0.7470107674598694,-0.5442598462104797,0.9905943870544434,forward,91.12692031613108,1
276,9.209200000000001,53.733110427856445,,,,,,,,,,,,,,,,,,,,0.45364975929260254,0.5747932195663452,-0.008558663539588451,0.9999830722808838,0.395671010017395,0.635121762752533,-0.5892810821533203,0.997854471206665,0.40674495697021484,0.716383159160614,-0.3031037747859955,0.9954093098640442,0.3872922658920288,0.7473209500312805,-0.5170353055000305,0.9911393523216248,forward,93.98622662015262,1
277,9.242566666666667,54.39472198486328,,,,,,,,,,,,,,,,,,,,0.4534134864807129,0.5709728002548218,-0.006896905601024628,0.9999843835830688,0.3955574929714203,0.6350764632225037,-0.550307035446167,0.9980344176292419,0.4067050516605377,0.7162283658981323,-0.24105510115623474,0.9957172274589539,0.38726842403411865,0.7473840117454529,-0.44612959027290344,0.991655170917511,forward,96.54928680564048,1
278,9.275933333333333,54.13484573364258,,,,,,,,,,,,,,,,,,,,0.45314815640449524,0.5662882328033447,-0.0012264065444469452,0.9999853372573853,0.3955540060997009,0.6334983706474304,-0.517982006072998,0.9981831312179565,0.4072578549385071,0.7159004211425781,-0.22184470295906067,0.9959613084793091,0.38740238547325134,0.7473819255828857,-0.4335552155971527,0.9920641183853149,forward,100.2516534547266,1
279,9.3093,54.920196533203125,,,,,,,,,,,,,,,,,,,,0.45315492153167725,0.562199592590332,0.0038751817774027586,0.9999855160713196,0.395976722240448,0.6334323883056641,-0.4394528567790985,0.9982753992080688,0.4078352749347687,0.7159332036972046,-0.13237595558166504,0.9960900545120239,0.3872716724872589,0.7474256753921509,-0.3395783603191376,0.9922312498092651,forward,103.4544595652537,1
280,9.342666666666666,55.389404296875,,,,,,,,,,,,,,,,,,,,0.45315906405448914,0.5578744411468506,0.005456827115267515,0.9999855756759644,0.3964759409427643,0.6332391500473022,-0.4197780191898346,0.9983338713645935,0.4090596139431,0.7162646055221558,-0.1447126865386963,0.9962009787559509,0.38727930188179016,0.7474426031112671,-0.3657011389732361,0.9924178123474121,forward,107.42023360579012,1
281,9.376033333333334,53.34782600402832,,,,,,,,,,,,,,,,,,,,0.45309749245643616,0.5533959865570068,0.006185911130160093,0.9999855756759644,0.39863452315330505,0.6317704319953918,-0.4004161059856415,0.9983295202255249,0.40929606556892395,0.7165936231613159,-0.12227308750152588,0.9962248802185059,0.3873860836029053,0.7473897933959961,-0.345531165599823,0.9924790263175964,forward,112.19707960467504,1
282,9.4094,52.21390724182129,,,,,,,,,,,,,,,,,,,,0.4530695080757141,0.5508226156234741,0.005682442337274551,0.9999847412109375,0.4019540846347809,0.6310080289840698,-0.3353762626647949,0.9981878399848938,0.4104134738445282,0.7171924114227295,-0.06316827982664108,0.9961159825325012,0.3889768421649933,0.7474908828735352,-0.28104570508003235,0.992267370223999,forward,115.59233867145394,1
283,9.442766666666667,53.915977478027344,,,,,,,,,,,,,,,,,,,,0.4530209004878998,0.5475665926933289,0.0059738620184361935,0.9999831318855286,0.4052644371986389,0.6303483247756958,-0.24049560725688934,0.9977738261222839,0.4117283821105957,0.7179449200630188,0.022402610629796982,0.9958787560462952,0.38937345147132874,0.7475415468215942,-0.19988985359668732,0.9918423891067505,forward,119.99260085031109,1
284,9.476133333333333,52.411794662475586,,,,,,,,,,,,,,,,,,,,0.45291274785995483,0.544201135635376,0.0023557355161756277,0.99997878074646,0.4091491997241974,0.6279752254486084,-0.13762827217578888,0.9972903728485107,0.4126843512058258,0.7179107666015625,0.11386088281869888,0.9955732822418213,0.3907553553581238,0.7475194334983826,-0.10302316397428513,0.9912644624710083,forward,124.59011030151555,1
285,9.509500000000001,49.796104431152344,,,,,,,,,,,,,,,,,,,,0.4527917206287384,0.5411795973777771,-0.0026046012062579393,0.9999730587005615,0.41141220927238464,0.6266189813613892,-0.060578715056180954,0.9969660043716431,0.4141433835029602,0.7178013324737549,0.19026504456996918,0.9954845309257507,0.3917514979839325,0.7475165724754333,-0.028983989730477333,0.9910643696784973,forward,128.48095374953834,1
286,9.542866666666667,51.0869026184082,,,,,,,,,,,,,,,,,,,,0.452490895986557,0.5383350253105164,-0.00926671177148819,0.9999613761901855,0.4132595658302307,0.6253741383552551,-0.09141972661018372,0.9966394901275635,0.4149723947048187,0.7175125479698181,0.13674917817115784,0.9952441453933716,0.3953753709793091,0.748703122138977,-0.0776706114411354,0.9904957413673401,forward,132.0550489830984,1
287,9.576233333333333,50.88210105895996,,,,,,,,,,,,,,,,,,,,0.45191171765327454,0.5372123122215271,-0.008680020458996296,0.9999534487724304,0.41538435220718384,0.6253941059112549,-0.040343787521123886,0.9963255524635315,0.41520702838897705,0.7174547910690308,0.21146570146083832,0.995019257068634,0.3959434926509857,0.7488020658493042,-0.0010435745352879167,0.9900460839271545,forward,133.1573505522688,1
288,9.6096,49.88694190979004,,,,,,,,,,,,,,,,,,,,0.45186540484428406,0.5365556478500366,-0.01264925953000784,0.999944806098938,0.41856691241264343,0.6250512599945068,-0.06617390364408493,0.9959801435470581,0.41517800092697144,0.7177143692970276,0.15963220596313477,0.9947487711906433,0.39763209223747253,0.7490823268890381,-0.05389431491494179,0.9895038604736328,forward,134.79769279866827,1
289,9.642966666666666,51.490068435668945,,,,,,,,,,,,,,,,,,,,0.4516837000846863,0.5358688831329346,-0.016076209023594856,0.9999305009841919,0.4211302399635315,0.6253578066825867,-0.0475609228014946,0.9957049489021301,0.41510021686553955,0.7179449796676636,0.1856071949005127,0.9944789409637451,0.3990890085697174,0.7492742538452148,-0.02568461187183857,0.9889856576919556,forward,135.7811671605147,1
290,9.676333333333334,51.811933517456055,,,,,,,,,,,,,,,,,,,,0.45164284110069275,0.5340924859046936,-0.020911889150738716,0.9999233484268188,0.425117552280426,0.6248989701271057,-0.07142900675535202,0.9955793023109436,0.41503357887268066,0.7182437777519226,0.16214247047901154,0.994419276714325,0.3999421000480652,0.7494782209396362,-0.05836663022637367,0.9889070987701416,forward,139.13710324311864,1
291,9.7097,51.835060119628906,,,,,,,,,,,,,,,,,,,,0.45152488350868225,0.5336944460868835,-0.020049361512064934,0.9999152421951294,0.4271625280380249,0.6246918439865112,-0.03808284178376198,0.9954426288604736,0.41489177942276,0.7181804180145264,0.21586957573890686,0.9942878484725952,0.39997026324272156,0.7492769956588745,7.479895430151373e-05,0.9886921644210815,forward,139.7346832138897,1
292,9.743066666666667,53.131103515625,,,,,,,,,,,,,,,,,,,,0.45153334736824036,0.5342437624931335,-0.019945194944739342,0.9999107122421265,0.4278823435306549,0.6248204708099365,-0.05849253386259079,0.9954432845115662,0.4141393005847931,0.7182312607765198,0.20437034964561462,0.9943531155586243,0.3998384177684784,0.7490140199661255,-0.016568146646022797,0.9888554215431213,forward,139.01614028633813,1
293,9.776433333333333,53.605079650878906,,,,,,,,,,,,,,,,,,,,0.4516448974609375,0.5338962078094482,-0.019435260444879532,0.9999074935913086,0.42918556928634644,0.6249179840087891,-0.04048150032758713,0.9954051375389099,0.4138680696487427,0.7182213068008423,0.22720842063426971,0.994362473487854,0.39994725584983826,0.7488298416137695,0.009755933657288551,0.9889300465583801,forward,139.30438429730444,1
294,9.809800000000001,54.445743560791016,,,,,,,,,,,,,,,,,,,,0.4516037404537201,0.532633364200592,-0.018889445811510086,0.9999051094055176,0.429551362991333,0.6249618530273438,-0.025643477216362953,0.9953842163085938,0.4136674702167511,0.7182160019874573,0.238352969288826,0.9943817853927612,0.3999990224838257,0.748704195022583,0.022063957527279854,0.9890121221542358,forward,140.87615238932102,1
295,9.843166666666667,51.48887634277344,,,,,,,,,,,,,,,,,,,,0.4515649080276489,0.5315415263175964,-0.018288251012563705,0.9999013543128967,0.4303133189678192,0.6246563196182251,-0.04017530381679535,0.9952884316444397,0.4134889245033264,0.7182470560073853,0.2039940506219864,0.9943153858184814,0.40010330080986023,0.7484661340713501,-0.012533586472272873,0.9889332056045532,forward,142.7895550154869,1
296,9.876533333333333,51.917076110839844,,,,,,,,,,,,,,,,,,,,0.45155593752861023,0.5298237204551697,-0.01703863963484764,0.9998984932899475,0.43103915452957153,0.6238053441047668,-0.04133330285549164,0.9951512217521667,0.4134669601917267,0.7179319858551025,0.19284728169441223,0.9942190051078796,0.4000455141067505,0.7480659484863281,-0.023844599723815918,0.9888210296630859,forward,145.486186255538,1
297,9.9099,51.31220817565918,,,,,,,,,,,,,,,,,,,,0.4515540599822998,0.5295817255973816,-0.016758935526013374,0.9998907446861267,0.43105146288871765,0.6232425570487976,-0.038222312927246094,0.9949299693107605,0.4134356379508972,0.7177509665489197,0.1956380307674408,0.9939980506896973,0.4001163840293884,0.7481966018676758,-0.018433965742588043,0.988499104976654,forward,146.17961026800165,1
298,9.943266666666666,50.4450798034668,,,,,,,,,,,,,,,,,,,,0.451590895652771,0.5291997194290161,-0.016557112336158752,0.9998835325241089,0.43074142932891846,0.6229638457298279,-0.03985976055264473,0.9947974681854248,0.41331297159194946,0.7179242372512817,0.19611036777496338,0.993841290473938,0.3999941945075989,0.7486792802810669,-0.016765691339969635,0.988248348236084,forward,147.8843688010726,1
299,9.976633333333334,50.987958908081055,,,,,,,,,,,,,,,,,,,,0.45163071155548096,0.5288397669792175,-0.01559690572321415,0.9998758435249329,0.4305229187011719,0.6224872469902039,-0.037622690200805664,0.9945798516273499,0.4130328297615051,0.7178566455841064,0.19410283863544464,0.9936147332191467,0.39984652400016785,0.7487956881523132,-0.01733146235346794,0.987896203994751,forward,149.39482709345376,1
300,10.01,51.5131950378418,,,,,,,,,,,,,,,,,,,,0.4517904818058014,0.5288909077644348,-0.01549807284027338,0.9998658299446106,0.43047666549682617,0.6222991347312927,-0.03350028395652771,0.9943785667419434,0.412192702293396,0.7176764011383057,0.2031957060098648,0.9933737516403198,0.39977964758872986,0.7489224076271057,-0.004091012291610241,0.987492024898529,forward,149.08993993373528,1
301,10.043366666666667,49.70717430114746,,,,,,,,,,,,,,,,,,,,0.45188355445861816,0.5289099812507629,-0.01532034669071436,0.9998558163642883,0.43032535910606384,0.622057318687439,-0.034320469945669174,0.994181752204895,0.4117000699043274,0.7174552083015442,0.2013428509235382,0.9931492209434509,0.39962002635002136,0.7487912774085999,-0.00529057253152132,0.9871007800102234,forward,148.81859869190959,1
302,10.076733333333333,49.810171127319336,,,,,,,,,,,,,,,,,,,,0.45241230726242065,0.5287476778030396,-0.01490264292806387,0.9998489022254944,0.4302143454551697,0.6219133138656616,-0.03639468178153038,0.9939595460891724,0.4113732576370239,0.7174478769302368,0.19832609593868256,0.9929239153862,0.3991602659225464,0.7487899661064148,-0.009888648055493832,0.9867225289344788,forward,149.50794285462217,1
303,10.110100000000001,52.232980728149414,,,,,,,,,,,,,,,,,,,,0.452958345413208,0.528756320476532,-0.013334921561181545,0.9998456835746765,0.4301280379295349,0.6219455003738403,-0.037002552300691605,0.9937606453895569,0.4111042618751526,0.7175202965736389,0.19642916321754456,0.9927334189414978,0.3988282382488251,0.7487890720367432,-0.011931207031011581,0.9864205121994019,forward,149.74906500522482,1
304,10.143466666666667,49.80587959289551,,,,,,,,,,,,,,,,,,,,0.45331957936286926,0.5287171602249146,-0.013324243947863579,0.9998401999473572,0.43005290627479553,0.6219728589057922,-0.03881499916315079,0.9935773015022278,0.4108116030693054,0.7177516222000122,0.18957005441188812,0.9925628304481506,0.3986717164516449,0.7487852573394775,-0.017131131142377853,0.9861266613006592,forward,151.02120859813024,1
305,10.176833333333333,51.41305923461914,,,,,,,,,,,,,,,,,,,,0.45393091440200806,0.5287955403327942,-0.013519867323338985,0.9998340010643005,0.43000268936157227,0.6219765543937683,-0.038454778492450714,0.993408739566803,0.4106800854206085,0.7177972197532654,0.18772095441818237,0.9923917055130005,0.398654580116272,0.7487505078315735,-0.017516981810331345,0.9858152270317078,forward,151.1927315014035,1
306,10.2102,51.41401290893555,,,,,,,,,,,,,,,,,,,,0.4546836018562317,0.5288629531860352,-0.013190429657697678,0.9998291730880737,0.429982453584671,0.6219853758811951,-0.039002399891614914,0.9932452440261841,0.41064247488975525,0.7178277373313904,0.18415293097496033,0.992228090763092,0.39863842725753784,0.7486792802810669,-0.018729470670223236,0.9855376482009888,forward,151.26005104590263,1
307,10.243566666666666,51.76401138305664,,,,,,,,,,,,,,,,,,,,0.45531418919563293,0.5289101004600525,-0.012781119905412197,0.9998259544372559,0.42996662855148315,0.6219984889030457,-0.039244573563337326,0.9931026697158813,0.41065773367881775,0.7178516983985901,0.18091075122356415,0.9920967817306519,0.39854076504707336,0.7485865354537964,-0.019951915368437767,0.9853237271308899,forward,151.2889451993983,1
308,10.276933333333334,53.24578285217285,,,,,,,,,,,,,,,,,,,,0.4556761682033539,0.528952956199646,-0.01251817587763071,0.9998211860656738,0.4299328923225403,0.6219812035560608,-0.03904515877366066,0.9929943680763245,0.4108141362667084,0.717829167842865,0.1810448169708252,0.9919993877410889,0.39852961897850037,0.7485523819923401,-0.020071540027856827,0.9851571321487427,forward,151.1684881315801,1
309,10.3103,53.46202850341797,,,,,,,,,,,,,,,,,,,,0.45596861839294434,0.5289862155914307,-0.012342280708253384,0.9998200535774231,0.4301128387451172,0.6219837665557861,-0.03923455625772476,0.9929087162017822,0.4110221862792969,0.7177644371986389,0.17554007470607758,0.9919305443763733,0.3985608220100403,0.7485419511795044,-0.02810855768620968,0.9850682020187378,forward,150.67393250635732,1
310,10.343666666666667,52.866220474243164,,,,,,,,,,,,,,,,,,,,0.45628437399864197,0.5289821028709412,-0.011850807815790176,0.9998181462287903,0.430126816034317,0.6219268441200256,-0.041792917996644974,0.9928980469703674,0.4112367331981659,0.7177484035491943,0.17619438469409943,0.9919304251670837,0.398661732673645,0.7485139966011047,-0.029900843277573586,0.9850700497627258,forward,150.8708698639085,1
311,10.377033333333333,53.07793617248535,,,,,,,,,,,,,,,,,,,,0.4562748670578003,0.5289974212646484,-0.011263431049883366,0.9998185038566589,0.43011045455932617,0.6219097971916199,-0.04253366217017174,0.9928684234619141,0.4114042818546295,0.7176870107650757,0.17324554920196533,0.991926908493042,0.39868247509002686,0.7485103011131287,-0.03359279781579971,0.9850917458534241,forward,150.53422040654735,1
312,10.410400000000001,52.36506462097168,,,,,,,,,,,,,,,,,,,,0.4560353755950928,0.529406726360321,-0.011145832017064095,0.9998165965080261,0.4301104247570038,0.6219384670257568,-0.042496342211961746,0.9928491711616516,0.4115498960018158,0.7176249027252197,0.17373844981193542,0.9919150471687317,0.3987489938735962,0.7485065460205078,-0.0331253856420517,0.9850724935531616,forward,149.4625111963972,1
313,10.443766666666667,52.30402946472168,,,,,,,,,,,,,,,,,,,,0.4560271203517914,0.530010461807251,-0.01076024305075407,0.9998161196708679,0.4300387501716614,0.6220744848251343,-0.04297167807817459,0.9928248524665833,0.41168540716171265,0.7176192998886108,0.1726362109184265,0.9919118285179138,0.3987671434879303,0.7485135793685913,-0.03498697653412819,0.985056459903717,forward,148.06687564688335,1
314,10.477133333333333,53.34901809692383,,,,,,,,,,,,,,,,,,,,0.45601534843444824,0.5310646295547485,-0.010780089534819126,0.9998173117637634,0.4300312399864197,0.6223357915878296,-0.04388289526104927,0.9929019808769226,0.4117925465106964,0.7176110744476318,0.17065009474754333,0.9920224547386169,0.39876416325569153,0.7485354542732239,-0.03783915564417839,0.9852152466773987,forward,145.77631482672479,1
315,10.5105,52.3831844329834,,,,,,,,,,,,,,,,,,,,0.4559634327888489,0.531974732875824,-0.010791287757456303,0.9998158812522888,0.4299260675907135,0.6228668689727783,-0.039767075330019,0.992956280708313,0.4119114279747009,0.717609167098999,0.18437990546226501,0.9921045303344727,0.39876094460487366,0.7486203908920288,-0.02479424513876438,0.9853205680847168,forward,143.25716767021356,1
316,10.543866666666666,52.44708061218262,,,,,,,,,,,,,,,,,,,,0.45590415596961975,0.5322802066802979,-0.009989862330257893,0.9998162388801575,0.4298492670059204,0.6229341626167297,-0.03227241337299347,0.9930172562599182,0.4119279682636261,0.7175334692001343,0.20195716619491577,0.9921866059303284,0.3985593020915985,0.7486158013343811,-0.006107377354055643,0.9854137301445007,forward,142.48050320474738,1
317,10.577233333333334,52.20508575439453,,,,,,,,,,,,,,,,,,,,0.4555186331272125,0.5324248671531677,-0.009992284700274467,0.9998166561126709,0.4297304153442383,0.6229490041732788,-0.03095082938671112,0.993061900138855,0.4119310975074768,0.7175139784812927,0.20366156101226807,0.9922410249710083,0.39828091859817505,0.7485490441322327,-0.0054102931171655655,0.9854583144187927,forward,142.2082318834609,1
318,10.6106,52.10590362548828,,,,,,,,,,,,,,,,,,,,0.45510897040367126,0.5325363278388977,-0.011857585050165653,0.9998182654380798,0.429749995470047,0.6229904890060425,-0.035910118371248245,0.9930726885795593,0.4119521677494049,0.7175246477127075,0.19387935101985931,0.9922953248023987,0.3984266221523285,0.7486116886138916,-0.022250456735491753,0.9855503439903259,forward,142.0226024802153,1
319,10.643966666666667,52.370309829711914,,,,,,,,,,,,,,,,,,,,0.45492205023765564,0.5328456163406372,-0.012347826734185219,0.9998151063919067,0.4296785295009613,0.6233389377593994,-0.03570441156625748,0.9929270148277283,0.4119633436203003,0.7176931500434875,0.19283844530582428,0.9921754002571106,0.39858826994895935,0.7488563060760498,-0.022385478019714355,0.9853366017341614,forward,141.50596065686742,1
320,10.677333333333333,50.245046615600586,,,,,,,,,,,,,,,,,,,,0.4547822177410126,0.5334365367889404,-0.01239698939025402,0.9998099207878113,0.4291476607322693,0.6239030957221985,-0.03507779538631439,0.992620587348938,0.41193917393684387,0.7176907062530518,0.18513616919517517,0.9918412566184998,0.39873361587524414,0.7491146326065063,-0.024005265906453133,0.98476243019104,forward,139.8542353765082,1
321,10.710700000000001,50.244808197021484,,,,,,,,,,,,,,,,,,,,0.4547770321369171,0.5346036553382874,-0.011990341357886791,0.9998058676719666,0.4283832311630249,0.625181257724762,-0.025984449312090874,0.9923061728477478,0.411937952041626,0.717744767665863,0.20950326323509216,0.9915227293968201,0.3988051116466522,0.7494076490402222,0.0008854143088683486,0.9841137528419495,forward,137.04199808924602,1
322,10.744066666666667,52.77109146118164,,,,,,,,,,,,,,,,,,,,0.45493146777153015,0.5356741547584534,-0.011607205495238304,0.9998114705085754,0.42773503065109253,0.6255528330802917,-0.03030329756438732,0.9917961359024048,0.41194480657577515,0.7177807092666626,0.2067480981349945,0.9911811947822571,0.39881494641304016,0.7496119737625122,-0.009022794663906097,0.9835293292999268,forward,135.47405143300597,1
323,10.777433333333333,51.85699462890625,,,,,,,,,,,,,,,,,,,,0.45512208342552185,0.5375853180885315,-0.01166430115699768,0.9998205900192261,0.4272371828556061,0.6262195706367493,-0.030763516202569008,0.9912804961204529,0.4119458794593811,0.7177808284759521,0.20821219682693481,0.99090975522995,0.399320125579834,0.7508758902549744,-0.007960512302815914,0.9831322431564331,forward,132.67358604912474,1
324,10.8108,53.262948989868164,,,,,,,,,,,,,,,,,,,,0.4565272629261017,0.5384681820869446,-0.01172683946788311,0.9998295903205872,0.42717835307121277,0.626642644405365,-0.031206462532281876,0.990609347820282,0.41248467564582825,0.7178386449813843,0.20805016160011292,0.9905989766120911,0.40044644474983215,0.7514868378639221,-0.009278836660087109,0.9826977849006653,forward,131.45538127157408,1
325,10.844166666666666,52.95610427856445,,,,,,,,,,,,,,,,,,,,0.457038015127182,0.5399685502052307,-0.011737378314137459,0.9998379349708557,0.4263927638530731,0.6281114220619202,-0.019455717876553535,0.9897946119308472,0.4127822518348694,0.7173811793327332,0.24824365973472595,0.9901831746101379,0.40044209361076355,0.7506897449493408,0.03412105143070221,0.982136607170105,forward,128.09843709282794,1
326,10.877533333333334,51.666975021362305,,,,,,,,,,,,,,,,,,,,0.457255095243454,0.5410123467445374,-0.01044501643627882,0.9998437166213989,0.42604899406433105,0.6287566423416138,-0.019001509994268417,0.9891966581344604,0.41276273131370544,0.7167999744415283,0.24337370693683624,0.9898761510848999,0.4003489017486572,0.750281035900116,0.029418814927339554,0.9817472100257874,forward,125.76914766832996,1
327,10.9109,52.02627182006836,,,,,,,,,,,,,,,,,,,,0.4575802981853485,0.5426172018051147,-0.009994222782552242,0.9998496770858765,0.42467308044433594,0.6300563216209412,-0.02650314010679722,0.9884824752807617,0.4128437936306,0.7165632843971252,0.23297841846942902,0.9896308779716492,0.39863458275794983,0.7502299547195435,0.02263639308512211,0.9814362525939941,forward,123.25409481532874,1
328,10.944266666666667,71.10190391540527,,,,,,,,,,,,,,,,,,,,0.45809969305992126,0.5452611446380615,-0.009327191859483719,0.9998514652252197,0.4223903715610504,0.6314690709114075,-0.043879639357328415,0.9875311255455017,0.4132045805454254,0.7162706255912781,0.22829623520374298,0.9891349077224731,0.39805957674980164,0.75014328956604,0.017454830929636955,0.9807079434394836,forward,119.69331798372994,1
329,10.977633333333333,56.35786056518555,,,,,,,,,,,,,,,,,,,,0.4585478603839874,0.5474765300750732,-0.008873415179550648,0.9998538494110107,0.4204709827899933,0.6314972639083862,-0.09609813243150711,0.9870182275772095,0.41333016753196716,0.7156935334205627,0.17696675658226013,0.9888317584991455,0.3970118761062622,0.7499608397483826,-0.04939034953713417,0.9801962971687317,forward,116.69438928963275,1
330,11.011000000000001,55.39369583129883,,,,,,,,,,,,,,,,,,,,0.45886504650115967,0.5493147373199463,-0.00796312652528286,0.9998587965965271,0.4178144037723541,0.6316866278648376,-0.15757356584072113,0.9868318438529968,0.41325175762176514,0.7151092290878296,0.12355884909629822,0.9885299205780029,0.3954753577709198,0.7497632503509521,-0.09927947074174881,0.979610800743103,forward,114.14512937652917,1
331,11.044366666666667,53.14302444458008,,,,,,,,,,,,,,,,,,,,0.4589902460575104,0.5522018074989319,-0.0057029519230127335,0.9998637437820435,0.4152020514011383,0.6329894661903381,-0.17744861543178558,0.9868989586830139,0.4130631387233734,0.7147006392478943,0.11604369431734085,0.988414466381073,0.39348188042640686,0.7497441172599792,-0.09955664724111557,0.979280412197113,forward,110.66689719065042,1
332,11.077733333333333,51.43094062805176,,,,,,,,,,,,,,,,,,,,0.4592113494873047,0.5549196600914001,-0.0043865228071808815,0.9998703002929688,0.4127698540687561,0.6343650221824646,-0.1834743469953537,0.98703533411026,0.4125613570213318,0.7147752642631531,0.12290215492248535,0.9882911443710327,0.39065641164779663,0.7497608661651611,-0.0870010256767273,0.9788802862167358,forward,108.00302427611226,1
333,11.1111,53.209781646728516,,,,,,,,,,,,,,,,,,,,0.4593616724014282,0.5583078861236572,-0.004140956327319145,0.9998779296875,0.4111414849758148,0.6352008581161499,-0.20114751160144806,0.9872559309005737,0.41104915738105774,0.7148675918579102,0.11096380650997162,0.9881747961044312,0.3877328336238861,0.7497585415840149,-0.09576199948787689,0.9785206913948059,forward,104.96183099072871,1
334,11.144466666666666,55.60874938964844,,,,,,,,,,,,,,,,,,,,0.45947128534317017,0.5611280798912048,-0.0037430673837661743,0.999885618686676,0.4095318615436554,0.6356783509254456,-0.2576763927936554,0.9876861572265625,0.4096255898475647,0.7148932814598083,0.037823062390089035,0.988263726234436,0.3844955861568451,0.7494966983795166,-0.17078660428524017,0.9784878492355347,forward,102.51177487010065,1
335,11.177833333333334,55.271148681640625,,,,,,,,,,,,,,,,,,,,0.4596780836582184,0.5645291209220886,-0.003649103920906782,0.9998932480812073,0.4078867733478546,0.635384202003479,-0.34167852997779846,0.9882519841194153,0.408816397190094,0.7150386571884155,-0.0727076530456543,0.9885422587394714,0.38435423374176025,0.7494046092033386,-0.28604936599731445,0.9788317084312439,forward,100.00392286633527,1
336,11.2112,55.9542179107666,,,,,,,,,,,,,,,,,,,,0.4600173532962799,0.5666418671607971,-0.003638197435066104,0.9999011754989624,0.40707093477249146,0.6353551745414734,-0.3908723294734955,0.9887640476226807,0.4084067642688751,0.7152501344680786,-0.12442123889923096,0.98866868019104,0.3840772211551666,0.7495901584625244,-0.331479012966156,0.9789538979530334,forward,98.60467597484158,1
337,11.244566666666667,56.359052658081055,,,,,,,,,,,,,,,,,,,,0.4603254497051239,0.5695315003395081,-0.003681906731799245,0.9999086856842041,0.40634211897850037,0.6349599361419678,-0.4417039155960083,0.989210844039917,0.4080655872821808,0.7152645587921143,-0.19530512392520905,0.9886866211891174,0.38396722078323364,0.7495518922805786,-0.40340280532836914,0.9789851307868958,forward,96.58746937324015,1
338,11.277933333333333,54.656028747558594,,,,,,,,,,,,,,,,,,,,0.46038129925727844,0.5728188753128052,-0.0038459019269794226,0.999916672706604,0.40461406111717224,0.6349141001701355,-0.4985366761684418,0.989873468875885,0.40778806805610657,0.7152722477912903,-0.2837623655796051,0.989061176776886,0.3838404417037964,0.7494834065437317,-0.4934343695640564,0.9797177314758301,forward,94.23870212641094,1
339,11.311300000000001,54.5191764831543,,,,,,,,,,,,,,,,,,,,0.4604968726634979,0.5763887166976929,-0.003858256386592984,0.9999243021011353,0.4024568498134613,0.634850800037384,-0.5633121132850647,0.9905369281768799,0.4074534773826599,0.7155526876449585,-0.3570030629634857,0.9894431233406067,0.38408932089805603,0.7494800686836243,-0.5714159607887268,0.9805281758308411,forward,92.07533927472986,1
340,11.344666666666667,53.433895111083984,,,,,,,,,,,,,,,,,,,,0.4607641398906708,0.5785823464393616,-0.003970212768763304,0.999931275844574,0.4011053442955017,0.6348198652267456,-0.5932567119598389,0.9911891222000122,0.4072619378566742,0.7157041430473328,-0.3764221966266632,0.989831805229187,0.38399142026901245,0.7494775056838989,-0.5888336300849915,0.9812995195388794,forward,90.7601914617482,1
341,11.378033333333333,54.37898635864258,,,,,,,,,,,,,,,,,,,,0.46080589294433594,0.5815265774726868,-0.004134960472583771,0.9999376535415649,0.39845141768455505,0.6351420879364014,-0.6045801639556885,0.9918414950370789,0.40715840458869934,0.7157107591629028,-0.3958989381790161,0.9903004765510559,0.3840194344520569,0.7494126558303833,-0.5980380773544312,0.9821977019309998,forward,88.66181922553235,1
342,11.4114,53.61199378967285,,,,,,,,,,,,,,,,,,,,0.46081170439720154,0.583889365196228,-0.0054736994206905365,0.9999434351921082,0.39762943983078003,0.6350662708282471,-0.6108159422874451,0.9924570322036743,0.4070048928260803,0.7158305644989014,-0.41743922233581543,0.9907912015914917,0.384054034948349,0.7492615580558777,-0.6180766820907593,0.9831194877624512,forward,87.2749510788473,1
343,11.444766666666666,53.73120307922363,,,,,,,,,,,,,,,,,,,,0.46088242530822754,0.5853241086006165,-0.00673615513369441,0.9999486804008484,0.39758241176605225,0.6350058317184448,-0.6114408373832703,0.9930278658866882,0.40715619921684265,0.7159034609794617,-0.4018093943595886,0.9912079572677612,0.3842644691467285,0.7491457462310791,-0.5934459567070007,0.9838921427726746,forward,86.4527883368742,1
344,11.478133333333334,52.37388610839844,,,,,,,,,,,,,,,,,,,,0.4608815610408783,0.5864785313606262,-0.007381672505289316,0.9999533891677856,0.3980172276496887,0.6353159546852112,-0.5967438220977783,0.9936013221740723,0.4073997437953949,0.7159960865974426,-0.35686805844306946,0.9916797280311584,0.38524773716926575,0.7486193180084229,-0.5357919335365295,0.9846848249435425,forward,85.67118757648922,1
345,11.5115,53.74407768249512,,,,,,,,,,,,,,,,,,,,0.4608825147151947,0.587283730506897,-0.007545672357082367,0.9999576210975647,0.39786630868911743,0.635270893573761,-0.6392503380775452,0.994033694267273,0.4074171483516693,0.7162091732025146,-0.4280136823654175,0.9919564723968506,0.38584819436073303,0.7484542727470398,-0.6230407953262329,0.9852507710456848,forward,85.4106821947674,1
346,11.544866666666667,54.44478988647461,,,,,,,,,,,,,,,,,,,,0.46080589294433594,0.5887192487716675,-0.007758846040815115,0.9999613761901855,0.39791351556777954,0.6350842714309692,-0.6292179226875305,0.9943904280662537,0.4075063467025757,0.716213047504425,-0.44156211614608765,0.9921435117721558,0.3861924707889557,0.7479955554008484,-0.6386085152626038,0.9857028722763062,forward,84.59104601437093,1
347,11.578233333333333,56.29110336303711,,,,,,,,,,,,,,,,,,,,0.4607884883880615,0.5893251299858093,-0.007732783444225788,0.9999647736549377,0.3980922996997833,0.6352081894874573,-0.6158760190010071,0.9947742819786072,0.40752166509628296,0.7162119746208191,-0.40981626510620117,0.9924483299255371,0.38664689660072327,0.7478054761886597,-0.6033899188041687,0.9862594604492188,forward,84.14849598867174,1
348,11.611600000000001,55.459022521972656,,,,,,,,,,,,,,,,,,,,0.4607544541358948,0.5895140171051025,-0.007715076673775911,0.9999678730964661,0.3983136713504791,0.6357325911521912,-0.6110445261001587,0.9951444268226624,0.40753066539764404,0.7162297964096069,-0.40921658277511597,0.9927873015403748,0.38678401708602905,0.747529923915863,-0.6034766435623169,0.9868715405464172,forward,83.80495518866454,1
349,11.644966666666667,55.06610870361328,,,,,,,,,,,,,,,,,,,,0.4607529938220978,0.5890437364578247,-0.007712703198194504,0.9999706745147705,0.39842063188552856,0.6357008814811707,-0.6257268190383911,0.9954444169998169,0.4075058400630951,0.7164308428764343,-0.4381190538406372,0.9930853247642517,0.3869439661502838,0.7473934292793274,-0.6495679020881653,0.9874446392059326,forward,84.33639577486153,1
350,11.678333333333333,54.73780632019043,,,,,,,,,,,,,,,,,,,,0.4607044756412506,0.5890394449234009,-0.007894176058471203,0.9999732971191406,0.3985561728477478,0.6358256936073303,-0.6292070746421814,0.9957655072212219,0.407492071390152,0.7166467905044556,-0.43272385001182556,0.9934275150299072,0.387042760848999,0.7472864985466003,-0.6367097496986389,0.9880529046058655,forward,84.51813569865567,1
351,11.7117,55.12523651123047,,,,,,,,,,,,,,,,,,,,0.4606856107711792,0.588428258895874,-0.008220100775361061,0.9999756813049316,0.3986060917377472,0.6358489394187927,-0.6207452416419983,0.996077835559845,0.4074302315711975,0.7169174551963806,-0.4178127944469452,0.9937962293624878,0.38700369000434875,0.7472763657569885,-0.6234074831008911,0.9886917471885681,forward,85.19363818284222,1
352,11.745066666666666,54.998159408569336,,,,,,,,,,,,,,,,,,,,0.4604879319667816,0.5875363945960999,-0.00843850802630186,0.999977707862854,0.3986988663673401,0.6360186338424683,-0.6108784675598145,0.9963538646697998,0.4074268937110901,0.7171124815940857,-0.38484129309654236,0.9941295385360718,0.3870079517364502,0.7472817897796631,-0.5950918793678284,0.9892264604568481,forward,85.89892992858611,1
353,11.778433333333334,58.084726333618164,,,,,,,,,,,,,,,,,,,,0.4600253105163574,0.5854421854019165,-0.009012180380523205,0.9999796152114868,0.39874178171157837,0.6360536813735962,-0.6062173843383789,0.9966148734092712,0.4073139727115631,0.7173572778701782,-0.3656868040561676,0.994466245174408,0.386974573135376,0.7472909092903137,-0.5795159339904785,0.989762544631958,forward,87.50370081815407,1
354,11.8118,57.9838752746582,,,,,,,,,,,,,,,,,,,,0.45948877930641174,0.581406831741333,-0.009408536367118359,0.9999813437461853,0.3988203704357147,0.636074423789978,-0.5822367072105408,0.9968293905258179,0.40729525685310364,0.717574417591095,-0.332806259393692,0.9947513937950134,0.38697585463523865,0.7473164200782776,-0.5458645820617676,0.9901925921440125,forward,90.39055727623429,1
355,11.845166666666668,56.87117576599121,,,,,,,,,,,,,,,,,,,,0.45915988087654114,0.5773935317993164,-0.009920965880155563,0.9999828934669495,0.39888331294059753,0.636114776134491,-0.543052613735199,0.9969919919967651,0.40729978680610657,0.7176786661148071,-0.30209121108055115,0.9949871301651001,0.3869331181049347,0.7474262118339539,-0.5127756595611572,0.9905309677124023,forward,93.2094663664574,1
356,11.878533333333333,54.56185340881348,,,,,,,,,,,,,,,,,,,,0.45897868275642395,0.5731537938117981,-0.009911608882248402,0.999984085559845,0.39881905913352966,0.6361241936683655,-0.5049002766609192,0.9971076846122742,0.4074036478996277,0.7177281975746155,-0.23952853679656982,0.995128870010376,0.3869646489620209,0.7476107478141785,-0.4503767490386963,0.9906560778617859,forward,96.23806180882696,1
357,11.911900000000001,55.29904365539551,,,,,,,,,,,,,,,,,,,,0.45854705572128296,0.5691291093826294,-0.008967017754912376,0.9999850988388062,0.3989867866039276,0.6360375285148621,-0.48589465022087097,0.9972198009490967,0.4080212712287903,0.7177168726921082,-0.22468289732933044,0.9952674508094788,0.3863751292228699,0.7477563619613647,-0.44192075729370117,0.9907947182655334,forward,99.20147469722876,1
358,11.945266666666667,60.27412414550781,,,,,,,,,,,,,,,,,,,,0.458282470703125,0.5648421049118042,-0.0062687573954463005,0.9999858736991882,0.39913129806518555,0.6356335282325745,-0.45022836327552795,0.9973821043968201,0.40849268436431885,0.7175911664962769,-0.18374788761138916,0.9954772591590881,0.3868289291858673,0.7477644681930542,-0.4005754888057709,0.9910950660705566,forward,102.4843110764997,1
359,11.978633333333333,55.72199821472168,,,,,,,,,,,,,,,,,,,,0.4582407474517822,0.5613109469413757,0.00213648471981287,0.9999861717224121,0.3998585641384125,0.6340680718421936,-0.4417513310909271,0.997556746006012,0.40868496894836426,0.7175899147987366,-0.1878330260515213,0.995711624622345,0.38672322034835815,0.7480326890945435,-0.4112668037414551,0.9914843440055847,forward,105.87165246470646,1
360,12.012,54.633140563964844,,,,,,,,,,,,,,,,,,,,0.45789679884910583,0.5571944117546082,0.002714393427595496,0.9999863505363464,0.401496022939682,0.6324578523635864,-0.42952531576156616,0.9976529479026794,0.40903204679489136,0.7175117135047913,-0.17344869673252106,0.9958282113075256,0.38675475120544434,0.7481327056884766,-0.40249937772750854,0.9916428923606873,forward,109.82072246447504,1
361,12.045366666666666,53.79891395568848,,,,,,,,,,,,,,,,,,,,0.4574916958808899,0.552178680896759,0.00441993260756135,0.9999859929084778,0.4046748876571655,0.6308571696281433,-0.3803480267524719,0.9974879026412964,0.4101290702819824,0.7179872393608093,-0.12606945633888245,0.9956459403038025,0.3883347511291504,0.7481680512428284,-0.35657671093940735,0.9912954568862915,forward,115.53432671677197,1
362,12.078733333333334,53.115129470825195,,,,,,,,,,,,,,,,,,,,0.4570154547691345,0.5496101379394531,0.003547636093571782,0.9999847412109375,0.4064491391181946,0.6303573250770569,-0.3348003923892975,0.9972277879714966,0.41040143370628357,0.7180200815200806,-0.09361600875854492,0.9954529404640198,0.3898736834526062,0.7482262253761292,-0.3247758448123932,0.9909063577651978,forward,118.1658537833859,1
363,12.1121,54.70705032348633,,,,,,,,,,,,,,,,,,,,0.45636752247810364,0.5466022491455078,0.003235425567254424,0.9999836087226868,0.40898972749710083,0.6286875009536743,-0.32705727219581604,0.9968422055244446,0.41077324748039246,0.7182348370552063,-0.10320354998111725,0.9952391386032104,0.39017391204833984,0.7485640645027161,-0.3465404212474823,0.990555465221405,forward,122.3090292924696,1
364,12.145466666666668,56.810855865478516,,,,,,,,,,,,,,,,,,,,0.4553562104701996,0.5438171029090881,-0.001285323640331626,0.9999831914901733,0.4093486964702606,0.6270284056663513,-0.34939315915107727,0.9965641498565674,0.4108297526836395,0.7184039950370789,-0.12257485836744308,0.9951817393302917,0.3904634714126587,0.7486763000488281,-0.3703714907169342,0.9905042052268982,forward,126.60682425062134,1
365,12.178833333333333,54.33201789855957,,,,,,,,,,,,,,,,,,,,0.454274445772171,0.5414135456085205,-0.004324217326939106,0.999981164932251,0.410182923078537,0.6266636252403259,-0.21652981638908386,0.9961293339729309,0.41180142760276794,0.7185056805610657,0.020782653242349625,0.9950289130210876,0.3907896876335144,0.7487444281578064,-0.21957573294639587,0.9902529120445251,forward,129.5613985638004,1
366,12.212200000000001,54.59189414978027,,,,,,,,,,,,,,,,,,,,0.4527745544910431,0.5381692051887512,-0.016156358644366264,0.9999797344207764,0.4121025502681732,0.6268975734710693,-0.10535412281751633,0.9957279562950134,0.41280895471572876,0.7186560034751892,0.11311416327953339,0.9949877858161926,0.39132681488990784,0.7487765550613403,-0.12256195396184921,0.9901450872421265,forward,133.16853444971053,1
367,12.245566666666667,55.12213706970215,,,,,,,,,,,,,,,,,,,,0.4523124694824219,0.5362560749053955,-0.01646360754966736,0.9999765753746033,0.4138968884944916,0.626630961894989,-0.07425146549940109,0.995377779006958,0.41278114914894104,0.7186833024024963,0.14484375715255737,0.9948926568031311,0.39154064655303955,0.7490330338478088,-0.08202701807022095,0.9898812174797058,forward,135.7104776945521,1
368,12.278933333333333,56.64801597595215,,,,,,,,,,,,,,,,,,,,0.4519556760787964,0.5353974103927612,-0.015303562395274639,0.9999718070030212,0.41523489356040955,0.6266458630561829,-0.06104881688952446,0.9952369928359985,0.41295093297958374,0.7186838984489441,0.18459093570709229,0.9948768019676208,0.3921656906604767,0.7492021918296814,-0.03831900283694267,0.9897790551185608,forward,136.76883878627814,1
369,12.3123,55.82427978515625,,,,,,,,,,,,,,,,,,,,0.4515916705131531,0.5348275899887085,-0.01455957256257534,0.9999659061431885,0.41627028584480286,0.6264680624008179,-0.04817085340619087,0.9950329065322876,0.4131684899330139,0.7186305522918701,0.19907067716121674,0.994720458984375,0.39354896545410156,0.749198853969574,-0.014200237579643726,0.9894493222236633,forward,137.5275762105011,1
370,12.345666666666666,53.071022033691406,,,,,,,,,,,,,,,,,,,,0.45074957609176636,0.5343394875526428,-0.014186386950314045,0.9999615550041199,0.4170461595058441,0.6264581084251404,-0.029379436746239662,0.9948933124542236,0.4131520390510559,0.7186506390571594,0.2213810533285141,0.9946299195289612,0.3936346173286438,0.7492133378982544,0.0067414636723697186,0.9892696142196655,forward,138.21489419850843,1
371,12.379033333333334,58.00795555114746,,,,,,,,,,,,,,,,,,,,0.4501364827156067,0.5336751937866211,-0.013933418318629265,0.9999546408653259,0.4191039800643921,0.6252002716064453,-0.020594872534275055,0.99471116065979,0.41313937306404114,0.7186247706413269,0.2181633710861206,0.9944629073143005,0.39366498589515686,0.7492033243179321,0.007204744964838028,0.9890211820602417,forward,140.24357372449626,1
372,12.4124,57.43002891540527,,,,,,,,,,,,,,,,,,,,0.4491475820541382,0.5333895087242126,-0.013618853874504566,0.9999474883079529,0.41974157094955444,0.6245983839035034,-0.026091735810041428,0.994593620300293,0.4131283760070801,0.7183402180671692,0.21715007722377777,0.9943361282348633,0.3935970962047577,0.7490302920341492,0.005874195136129856,0.9888430833816528,forward,140.6573925892125,1
373,12.445766666666668,52.887916564941406,,,,,,,,,,,,,,,,,,,,0.4486265778541565,0.5330958962440491,-0.013446304947137833,0.999940812587738,0.4210025668144226,0.624669075012207,-0.023070156574249268,0.9944724440574646,0.4130589962005615,0.7183010578155518,0.21573415398597717,0.9941983819007874,0.39391210675239563,0.7488997578620911,0.0069736456498503685,0.9886441826820374,forward,140.83417047266283,1
374,12.479133333333333,51.12099647521973,,,,,,,,,,,,,,,,,,,,0.44847121834754944,0.5322391986846924,-0.013465886935591698,0.9999366402626038,0.4227902591228485,0.6247836351394653,-0.016080792993307114,0.9944602251052856,0.4129754602909088,0.7184037566184998,0.2332230657339096,0.9941686391830444,0.3941904604434967,0.7488649487495422,0.02184467203915119,0.9886248707771301,forward,142.0837352984053,1
375,12.512500000000001,52.38986015319824,,,,,,,,,,,,,,,,,,,,0.44840654730796814,0.5309041738510132,-0.013366574421525002,0.9999328255653381,0.42350974678993225,0.6245613098144531,-0.023376833647489548,0.9944820404052734,0.41268280148506165,0.7184370756149292,0.23619268834590912,0.9941630959510803,0.39478230476379395,0.7486829161643982,0.020269200205802917,0.9886312484741211,forward,144.31174415351197,1
376,12.545866666666667,52.963972091674805,,,,,,,,,,,,,,,,,,,,0.44830238819122314,0.5310086607933044,-0.011564482003450394,0.9999297857284546,0.4237651824951172,0.624445915222168,-0.022356398403644562,0.9945669174194336,0.4125378131866455,0.7184076905250549,0.24134111404418945,0.9942266941070557,0.3952377140522003,0.7486124634742737,0.025853119790554047,0.9887635111808777,forward,144.23511128633533,1
377,12.579233333333333,52.686214447021484,,,,,,,,,,,,,,,,,,,,0.4483124315738678,0.5308330059051514,-0.011232282035052776,0.9999235272407532,0.42370784282684326,0.62397301197052,-0.04327063634991646,0.9946326613426208,0.4119410216808319,0.718407928943634,0.21018429100513458,0.9942694306373596,0.3953782916069031,0.7486082911491394,-0.005542725324630737,0.9888432621955872,forward,145.21058987966748,1
378,12.6126,52.67500877380371,,,,,,,,,,,,,,,,,,,,0.44829532504081726,0.5297545790672302,-0.0109259570017457,0.9999194145202637,0.42374175786972046,0.6232001781463623,-0.04702732339501381,0.9946455955505371,0.4116130769252777,0.7184241414070129,0.19845890998840332,0.9942665696144104,0.3953678011894226,0.7485052347183228,-0.017580967396497726,0.9888748526573181,forward,148.470672655026,1
379,12.645966666666666,51.811933517456055,,,,,,,,,,,,,,,,,,,,0.44831034541130066,0.5292043685913086,-0.010797420516610146,0.9999141693115234,0.4235941469669342,0.6225292086601257,-0.047697100788354874,0.9946479797363281,0.4110555946826935,0.7183622121810913,0.1940760612487793,0.9942587018013,0.3953564465045929,0.7485285997390747,-0.021307721734046936,0.988891065120697,forward,151.47865196159995,1
380,12.679333333333334,52.63495445251465,,,,,,,,,,,,,,,,,,,,0.4483242928981781,0.5286687612533569,-0.010789765976369381,0.9999074339866638,0.42348605394363403,0.621766209602356,-0.05008869618177414,0.9945796132087708,0.41051721572875977,0.718299925327301,0.19121722877025604,0.9941756725311279,0.3953843414783478,0.7485283613204956,-0.02295110933482647,0.9887730479240417,forward,156.12521714693202,1
381,12.7127,51.947832107543945,,,,,,,,,,,,,,,,,,,,0.44833192229270935,0.5282137989997864,-0.010663879103958607,0.9999027252197266,0.42340463399887085,0.6211930513381958,-0.04151647537946701,0.9944523572921753,0.41005539894104004,0.7182921767234802,0.19210948050022125,0.994037926197052,0.395126610994339,0.7485200762748718,-0.01907583512365818,0.9885737299919128,forward,155.96139822232402,1
382,12.746066666666668,53.06077003479004,,,,,,,,,,,,,,,,,,,,0.4483056664466858,0.5281654000282288,-0.011543103493750095,0.9998976588249207,0.4233918786048889,0.6212335228919983,-0.030262170359492302,0.9942809343338013,0.40985074639320374,0.718292236328125,0.19879934191703796,0.9938344955444336,0.39493533968925476,0.7486814260482788,-0.00898039061576128,0.9882689118385315,forward,154.43137063688863,1
383,12.779433333333333,53.363800048828125,,,,,,,,,,,,,,,,,,,,0.44855019450187683,0.528293788433075,-0.011604989878833294,0.9998940229415894,0.42337048053741455,0.621313214302063,-0.02358667552471161,0.9941602945327759,0.4098083972930908,0.7183184027671814,0.20980894565582275,0.993699848651886,0.3942984938621521,0.7489407062530518,0.0032294096890836954,0.9880829453468323,forward,153.49648097538787,1
384,12.812800000000001,53.24983596801758,,,,,,,,,,,,,,,,,,,,0.4487830102443695,0.52837073802948,-0.012310377322137356,0.9998908042907715,0.4235343635082245,0.6213697195053101,-0.02576526813209057,0.9940321445465088,0.4097963869571686,0.7183469533920288,0.20914044976234436,0.9935405850410461,0.3942917287349701,0.7490295767784119,0.0031842533499002457,0.9878685474395752,forward,153.11747830530015,1
385,12.846166666666667,53.1771183013916,,,,,,,,,,,,,,,,,,,,0.44890302419662476,0.5283806920051575,-0.012305222451686859,0.9998857975006104,0.4236706495285034,0.6214197278022766,-0.020325547084212303,0.9938697814941406,0.4098157286643982,0.7183507680892944,0.21844439208507538,0.9933475255966187,0.39423733949661255,0.7490990161895752,0.015180215239524841,0.9876000881195068,forward,152.67236136161117,1
386,12.879533333333333,54.97288703918457,,,,,,,,,,,,,,,,,,,,0.44953644275665283,0.5282817482948303,-0.012288976460695267,0.9998827576637268,0.4237706959247589,0.6214309930801392,-0.024384640157222748,0.9937148690223694,0.40984079241752625,0.7182692885398865,0.21344740688800812,0.9931749105453491,0.39419230818748474,0.7491000890731812,0.007022772450000048,0.9873539805412292,forward,151.99679309595166,1
387,12.9129,55.531978607177734,,,,,,,,,,,,,,,,,,,,0.450298935174942,0.5283370614051819,-0.012277862057089806,0.9998804330825806,0.4240613877773285,0.6214447617530823,-0.026982707902789116,0.9935842156410217,0.4098659157752991,0.718218982219696,0.21058900654315948,0.9930344223976135,0.39416876435279846,0.7491128444671631,0.003175895195454359,0.9871677160263062,forward,151.4510262389487,1
388,12.946266666666666,55.166006088256836,,,,,,,,,,,,,,,,,,,,0.45178380608558655,0.528369128704071,-0.012249002233147621,0.9998761415481567,0.42443546652793884,0.6214562058448792,-0.028314650058746338,0.9934690594673157,0.4099239110946655,0.7181423902511597,0.20599962770938873,0.9929029941558838,0.3941662013530731,0.7491045594215393,0.0021655531600117683,0.9869726896286011,forward,150.8247902167196,1
389,12.979633333333334,54.40998077392578,,,,,,,,,,,,,,,,,,,,0.45307856798171997,0.5283790826797485,-0.012111957184970379,0.9998694062232971,0.4254101514816284,0.6215748190879822,-0.02940175123512745,0.9932705163955688,0.40995946526527405,0.717715859413147,0.1994592547416687,0.9926605820655823,0.39499375224113464,0.7490257620811462,-0.002150499727576971,0.9865853190422058,forward,148.2068049303682,1
390,13.013,53.26676368713379,,,,,,,,,,,,,,,,,,,,0.45410674810409546,0.5282977819442749,-0.01171725895255804,0.9998611807823181,0.4264864921569824,0.62162846326828,-0.030624641105532646,0.9930342435836792,0.41008293628692627,0.7177150845527649,0.19032056629657745,0.9924048781394958,0.39607128500938416,0.7487406134605408,-0.014390228316187859,0.9861705303192139,forward,148.17017083004637,1
391,13.046366666666668,55.44233322143555,,,,,,,,,,,,,,,,,,,,0.45443955063819885,0.528390645980835,-0.011705907993018627,0.9998509883880615,0.4266538619995117,0.6220605373382568,-0.031016593798995018,0.992853581905365,0.41009852290153503,0.7178161144256592,0.1907605677843094,0.9921690225601196,0.3965569734573364,0.7487418055534363,-0.014433883130550385,0.9857655763626099,forward,147.39168520051004,1
392,13.079733333333333,54.79288101196289,,,,,,,,,,,,,,,,,,,,0.45472094416618347,0.5284069180488586,-0.011719570495188236,0.99984210729599,0.42719966173171997,0.6223573088645935,-0.03143119439482689,0.9927124977111816,0.41010040044784546,0.7178500890731812,0.19044621288776398,0.9919840693473816,0.39671728014945984,0.7487573623657227,-0.014448888599872589,0.9854298830032349,forward,146.90402986330542,1
393,13.113100000000001,54.23092842102051,,,,,,,,,,,,,,,,,,,,0.45480576157569885,0.528344988822937,-0.011993709951639175,0.9998350143432617,0.4276711046695709,0.6224306225776672,-0.03221765160560608,0.9925718903541565,0.41010263562202454,0.717870831489563,0.18641141057014465,0.9918264150619507,0.3967015743255615,0.7487315535545349,-0.01924240216612816,0.985157310962677,forward,146.93253066573718,1
394,13.146466666666667,53.75480651855469,,,,,,,,,,,,,,,,,,,,0.45483702421188354,0.5284596681594849,-0.012204845435917377,0.9998263716697693,0.4279239773750305,0.6227807998657227,-0.03300495445728302,0.99247807264328,0.41009828448295593,0.7181265950202942,0.18734291195869446,0.9916834831237793,0.39668795466423035,0.7488210201263428,-0.017677903175354004,0.9849039316177368,forward,146.98347325018912,1
395,13.179833333333333,53.32827568054199,,,,,,,,,,,,,,,,,,,,0.4548952579498291,0.5285317897796631,-0.013559079729020596,0.9998220801353455,0.42826732993125916,0.6229117512702942,-0.03577147051692009,0.992435872554779,0.4101116955280304,0.718250572681427,0.1875619888305664,0.9916177988052368,0.3966899514198303,0.7488669157028198,-0.019000491127371788,0.984794557094574,forward,147.04986574332972,1
396,13.2132,54.82125282287598,,,,,,,,,,,,,,,,,,,,0.4549112617969513,0.5285427570343018,-0.013872887007892132,0.999820351600647,0.4286178648471832,0.6228377819061279,-0.03818212077021599,0.9924166798591614,0.4101412296295166,0.7182713150978088,0.18601946532726288,0.9915844798088074,0.3966881334781647,0.7488595843315125,-0.0235847607254982,0.9847425222396851,forward,147.22162283064145,1
397,13.246566666666666,53.894996643066406,,,,,,,,,,,,,,,,,,,,0.45491933822631836,0.5285859107971191,-0.014169477857649326,0.999813437461853,0.4291948676109314,0.6228330731391907,-0.04128294438123703,0.9923630952835083,0.4101438820362091,0.718278706073761,0.1848604381084442,0.9914986491203308,0.3970275819301605,0.748876690864563,-0.027679048478603363,0.9845850467681885,forward,147.1890756559727,1
398,13.279933333333334,54.92091178894043,,,,,,,,,,,,,,,,,,,,0.45497626066207886,0.5286977291107178,-0.014142883941531181,0.9998052716255188,0.42981183528900146,0.6228309273719788,-0.04331279918551445,0.9922776818275452,0.41018712520599365,0.7182791233062744,0.1798182874917984,0.9914062023162842,0.3973821997642517,0.7490341663360596,-0.03253873065114021,0.9844109416007996,forward,147.0283341286565,1
399,13.3133,54.53610420227051,,,,,,,,,,,,,,,,,,,,0.4553029239177704,0.5291855931282043,-0.014157486148178577,0.9998034834861755,0.42994824051856995,0.622922956943512,-0.04656906798481941,0.992219090461731,0.41029852628707886,0.7182831168174744,0.1623631864786148,0.9913856387138367,0.39747971296310425,0.7490837574005127,-0.04881273955106735,0.9843573570251465,forward,146.17132264181902,1
400,13.346666666666668,54.727792739868164,,,,,,,,,,,,,,,,,,,,0.4554995596408844,0.5299162864685059,-0.014510441571474075,0.9997995495796204,0.43009060621261597,0.6230210065841675,-0.046300459653139114,0.9922556281089783,0.41030168533325195,0.7182689905166626,0.1663849651813507,0.9914394617080688,0.39753344655036926,0.7491480112075806,-0.043094780296087265,0.9843565225601196,forward,144.92954846242733,1
401,13.380033333333333,54.7330379486084,,,,,,,,,,,,,,,,,,,,0.4557102918624878,0.5303376317024231,-0.013949972577393055,0.9997966885566711,0.4303511381149292,0.6230165362358093,-0.04414140433073044,0.9923494458198547,0.4103314280509949,0.7182308435440063,0.18390439450740814,0.9915437698364258,0.3975323736667633,0.7491729259490967,-0.028592165559530258,0.9844380617141724,forward,144.2421830439049,1
402,13.413400000000001,55.79686164855957,,,,,,,,,,,,,,,,,,,,0.4558069407939911,0.53080815076828,-0.014151730574667454,0.9997957944869995,0.43059754371643066,0.6231447458267212,-0.04388493299484253,0.9924009442329407,0.4103308320045471,0.718250036239624,0.18352513015270233,0.991615355014801,0.39751744270324707,0.7493051886558533,-0.030073190107941628,0.9844760298728943,forward,143.4573184563556,1
403,13.446766666666667,54.789066314697266,,,,,,,,,,,,,,,,,,,,0.4558527171611786,0.5310980677604675,-0.014442233368754387,0.999797523021698,0.43084967136383057,0.6233065724372864,-0.03981298953294754,0.9923819303512573,0.41032516956329346,0.7182709574699402,0.18447072803974152,0.9916038513183594,0.39719733595848083,0.7493773102760315,-0.02974620833992958,0.9843908548355103,forward,142.88128842099252,1
404,13.480133333333333,55.39679527282715,,,,,,,,,,,,,,,,,,,,0.4558400809764862,0.5315923094749451,-0.014958750456571579,0.9998011589050293,0.4308472275733948,0.6236987709999084,-0.037863459438085556,0.9923045635223389,0.41032955050468445,0.718316376209259,0.18323156237602234,0.9915538430213928,0.39688780903816223,0.7494040131568909,-0.030781565234065056,0.9842614531517029,forward,141.80139344676238,1
405,13.5135,54.55207824707031,,,,,,,,,,,,,,,,,,,,0.45572197437286377,0.5331212878227234,-0.014955750666558743,0.9998025298118591,0.4304179847240448,0.6246236562728882,-0.03464539721608162,0.9920781254768372,0.4104246199131012,0.7184613943099976,0.1801832765340805,0.9913553595542908,0.39693325757980347,0.7495477795600891,-0.030698521062731743,0.9838663935661316,forward,139.1041343420546,1
406,13.546866666666666,54.90899085998535,,,,,,,,,,,,,,,,,,,,0.455677330493927,0.5347555875778198,-0.013892135582864285,0.9998024702072144,0.4296697974205017,0.6258270740509033,-0.017992399632930756,0.9918408989906311,0.41089656949043274,0.7185392379760742,0.21436165273189545,0.9911001324653625,0.3973613381385803,0.7503113150596619,0.009891110472381115,0.9833136796951294,forward,136.15981448100302,1
407,13.580233333333334,54.586172103881836,,,,,,,,,,,,,,,,,,,,0.4556742012500763,0.536006510257721,-0.0141488341614604,0.9998071193695068,0.4288322329521179,0.6263611316680908,-0.019106822088360786,0.9915263056755066,0.41155558824539185,0.7185662984848022,0.20760206878185272,0.9908807277679443,0.39827701449394226,0.7506435513496399,-0.00031736461096443236,0.9828537106513977,forward,134.29124184031096,1
408,13.6136,55.30595779418945,,,,,,,,,,,,,,,,,,,,0.45567986369132996,0.5373064279556274,-0.013832091353833675,0.9998131990432739,0.4275684654712677,0.626909077167511,-0.02082444354891777,0.9910640716552734,0.41204896569252014,0.7185755968093872,0.2061070203781128,0.9905696511268616,0.398345947265625,0.7506414651870728,-0.0027591069228947163,0.9822781085968018,forward,132.3984342990616,1
409,13.646966666666668,54.431915283203125,,,,,,,,,,,,,,,,,,,,0.4559441804885864,0.5387371182441711,-0.012392790988087654,0.9998217821121216,0.42646995186805725,0.6273557543754578,-0.0031805583275854588,0.9906013011932373,0.4125917851924896,0.7185205221176147,0.26155537366867065,0.9903808832168579,0.3983725905418396,0.7504585385322571,0.05183611437678337,0.9820371866226196,forward,130.3746916886656,1
410,13.680333333333333,55.297136306762695,,,,,,,,,,,,,,,,,,,,0.45623958110809326,0.5400402545928955,-0.01259045023471117,0.9998331665992737,0.4253714382648468,0.6282477974891663,-0.006926028057932854,0.9903073906898499,0.4127918481826782,0.7183936834335327,0.2748225927352905,0.9903987646102905,0.3983723521232605,0.7503629326820374,0.05726102367043495,0.9821570515632629,forward,128.2284493753515,1
411,13.713700000000001,54.875850677490234,,,,,,,,,,,,,,,,,,,,0.45668986439704895,0.5415613055229187,-0.01260189525783062,0.9998432993888855,0.4237777292728424,0.6290621161460876,-0.03845049440860748,0.9900833368301392,0.41282889246940613,0.7178565859794617,0.25191810727119446,0.9904533624649048,0.3982785940170288,0.7503618597984314,0.0517222061753273,0.9823286533355713,forward,125.38694553790113,1
412,13.747066666666667,55.145978927612305,,,,,,,,,,,,,,,,,,,,0.4567318260669708,0.5430383682250977,-0.01258948352187872,0.9998515844345093,0.42091819643974304,0.6315251588821411,-0.035557348281145096,0.9898444414138794,0.4130600392818451,0.7177823781967163,0.26936694979667664,0.9905053377151489,0.397372841835022,0.7501019835472107,0.05264274403452873,0.9824805855751038,forward,123.02504013050007,1
413,13.780433333333333,54.6267032623291,,,,,,,,,,,,,,,,,,,,0.4569171071052551,0.544180691242218,-0.012208068743348122,0.9998584389686584,0.41946595907211304,0.6329735517501831,-0.034563593566417694,0.9895370602607727,0.41359567642211914,0.7177884578704834,0.26732590794563293,0.9904818534851074,0.39639440178871155,0.7499071359634399,0.0494060143828392,0.9825037121772766,forward,121.57610532695584,1
414,13.8138,55.61709403991699,,,,,,,,,,,,,,,,,,,,0.45693492889404297,0.5454988479614258,-0.009450001642107964,0.999862790107727,0.41825100779533386,0.6338833570480347,-0.03286698833107948,0.9890817403793335,0.4137759506702423,0.7175842523574829,0.27355486154556274,0.9903420805931091,0.3958021402359009,0.7496147155761719,0.05586084723472595,0.9823339581489563,forward,119.78681189657911,1
415,13.847166666666666,54.878950119018555,,,,,,,,,,,,,,,,,,,,0.457023024559021,0.5476177930831909,-0.008700122125446796,0.9998666644096375,0.4156699776649475,0.6355931758880615,-0.03304072096943855,0.9888158440589905,0.41377174854278564,0.7178836464881897,0.2727467119693756,0.9903088212013245,0.3935494124889374,0.7497418522834778,0.05476023629307747,0.9822520017623901,forward,117.72219410731566,1
416,13.880533333333334,54.98909950256348,,,,,,,,,,,,,,,,,,,,0.45708292722702026,0.5493908524513245,-0.00804068986326456,0.9998716711997986,0.4142226278781891,0.6360246539115906,-0.07035590708255768,0.9886832237243652,0.4129739999771118,0.7179243564605713,0.2425890564918518,0.9902507662773132,0.3907026946544647,0.7497559785842896,0.022967452183365822,0.982144296169281,forward,115.82234926594927,1
417,13.9139,54.80027198791504,,,,,,,,,,,,,,,,,,,,0.4570961892604828,0.5516348481178284,-0.006063280161470175,0.9998752474784851,0.41321006417274475,0.635783314704895,-0.10837028920650482,0.9886765480041504,0.4127943813800812,0.717530369758606,0.19335255026817322,0.99024897813797,0.3896923363208771,0.7497153878211975,-0.024616170674562454,0.9820905923843384,forward,113.08470927185908,1
418,13.947266666666668,54.93807792663574,,,,,,,,,,,,,,,,,,,,0.4570648670196533,0.5544048547744751,-0.00527638103812933,0.9998799562454224,0.4112028479576111,0.6362199187278748,-0.1351766139268875,0.9886932969093323,0.41177695989608765,0.7172210216522217,0.17300225794315338,0.9901531934738159,0.38805001974105835,0.7497233748435974,-0.039404381066560745,0.9818302989006042,forward,110.01023633673873,1
419,13.980633333333333,54.27908897399902,,,,,,,,,,,,,,,,,,,,0.4570668339729309,0.556998074054718,-0.005411052610725164,0.9998863339424133,0.41012629866600037,0.6359792351722717,-0.23929932713508606,0.98899245262146,0.40987005829811096,0.7170649170875549,0.06611546128988266,0.9901390671730042,0.3872111737728119,0.7499643564224243,-0.14763246476650238,0.9816413521766663,forward,107.49990994983851,1
420,14.014000000000001,54.72612380981445,,,,,,,,,,,,,,,,,,,,0.45709890127182007,0.5593388676643372,-0.005361121613532305,0.9998928308486938,0.40913963317871094,0.6358052492141724,-0.2730856239795685,0.98927241563797,0.40845996141433716,0.7168461680412292,0.027046622708439827,0.9900728464126587,0.38656067848205566,0.7499987483024597,-0.1860274374485016,0.9814245700836182,forward,105.26006795205402,1
421,14.047366666666667,53.08723449707031,,,,,,,,,,,,,,,,,,,,0.4572276473045349,0.5619350671768188,-0.0052483053877949715,0.9998983144760132,0.4081062078475952,0.6363018155097961,-0.2724863290786743,0.9896511435508728,0.40786731243133545,0.7168222665786743,0.02109425701200962,0.990165114402771,0.3848811388015747,0.7500712871551514,-0.1891716867685318,0.9814481735229492,forward,102.94724669388961,1
422,14.080733333333333,53.88498306274414,,,,,,,,,,,,,,,,,,,,0.4572349786758423,0.564556896686554,-0.005239436402916908,0.9999028444290161,0.40663498640060425,0.636864423751831,-0.311962366104126,0.9899947643280029,0.4076295793056488,0.7167667746543884,-0.030668003484606743,0.9901524782180786,0.3850577473640442,0.7500669360160828,-0.23743967711925507,0.981322169303894,forward,100.62901278909735,1
423,14.1141,52.76799201965332,,,,,,,,,,,,,,,,,,,,0.4572364389896393,0.5672430396080017,-0.004322239197790623,0.9999092817306519,0.4060308039188385,0.6367772817611694,-0.38736262917518616,0.9903737902641296,0.40766388177871704,0.7167936563491821,-0.11120118200778961,0.9901298880577087,0.3846973180770874,0.7501217126846313,-0.3191651701927185,0.9812498092651367,forward,98.57171300653502,1
424,14.147466666666666,53.771018981933594,,,,,,,,,,,,,,,,,,,,0.45714014768600464,0.5698424577713013,-0.0044010104611516,0.9999160170555115,0.40525707602500916,0.6366356611251831,-0.45056939125061035,0.9908908009529114,0.40760260820388794,0.7168216705322266,-0.17596741020679474,0.9902949929237366,0.38462212681770325,0.7501378655433655,-0.38277751207351685,0.9815206527709961,forward,96.67165959681671,1
425,14.180833333333334,54.953813552856445,,,,,,,,,,,,,,,,,,,,0.45702481269836426,0.5727378129959106,-0.003700404893606901,0.9999224543571472,0.403296560049057,0.6366758942604065,-0.4762962758541107,0.9914019703865051,0.4075940251350403,0.716984212398529,-0.21033957600593567,0.9904768466949463,0.38332849740982056,0.750135064125061,-0.4158976376056671,0.9818518757820129,forward,94.70366980152257,1
426,14.2142,55.0687313079834,,,,,,,,,,,,,,,,,,,,0.45695358514785767,0.5745313763618469,-0.0033718764316290617,0.9999284148216248,0.40144121646881104,0.636921763420105,-0.48348987102508545,0.9919575452804565,0.40757718682289124,0.7174898386001587,-0.21476683020591736,0.9906498193740845,0.3829527199268341,0.7507932186126709,-0.41042789816856384,0.9821450710296631,forward,93.86667724167822,1
427,14.247566666666668,54.84175682067871,,,,,,,,,,,,,,,,,,,,0.4569031596183777,0.5767154097557068,-0.0034111030399799347,0.9999341368675232,0.39995113015174866,0.6372279524803162,-0.508172869682312,0.9925263524055481,0.40757495164871216,0.717588484287262,-0.22403952479362488,0.9908684492111206,0.3829770088195801,0.7509148120880127,-0.4139878451824188,0.9825038313865662,forward,92.32229822128863,1
428,14.280933333333333,54.40115928649902,,,,,,,,,,,,,,,,,,,,0.45690569281578064,0.5794147849082947,-0.003451661439612508,0.9999396800994873,0.39925652742385864,0.6367778182029724,-0.557564377784729,0.9930227398872375,0.40756675601005554,0.717582106590271,-0.3027019798755646,0.9910822510719299,0.38297218084335327,0.7505309581756592,-0.4979550540447235,0.9829229116439819,forward,90.61755836750204,1
429,14.314300000000001,54.425716400146484,,,,,,,,,,,,,,,,,,,,0.4568602740764618,0.580808699131012,-0.0029611431527882814,0.9999447464942932,0.39647963643074036,0.6368303894996643,-0.5421304702758789,0.993522584438324,0.4074580669403076,0.7173205614089966,-0.27125084400177,0.9913136959075928,0.3833898901939392,0.7491686940193176,-0.45036664605140686,0.9833033084869385,forward,89.37589667852862,1
430,14.347666666666667,53.89595031738281,,,,,,,,,,,,,,,,,,,,0.45678088068962097,0.5821437239646912,-0.0028113308362662792,0.9999492764472961,0.3950665295124054,0.6371393203735352,-0.5406237840652466,0.9940133094787598,0.40729135274887085,0.7170331478118896,-0.24480536580085754,0.9915676116943359,0.3840881884098053,0.7480870485305786,-0.4187144637107849,0.983657956123352,forward,88.06292618083478,1
431,14.381033333333333,52.963972091674805,,,,,,,,,,,,,,,,,,,,0.4567033052444458,0.5832144021987915,-0.0028487269300967455,0.9999534487724304,0.3946157991886139,0.6373465657234192,-0.5536043643951416,0.9944424033164978,0.40725764632225037,0.7168899774551392,-0.2712871730327606,0.9917852878570557,0.38480839133262634,0.7477229237556458,-0.4481181800365448,0.9840062260627747,forward,87.12518514753108,1
432,14.4144,53.075313568115234,,,,,,,,,,,,,,,,,,,,0.4566640555858612,0.5841448307037354,-0.003243899904191494,0.9999573230743408,0.3944856524467468,0.6374981999397278,-0.5473261475563049,0.9948545098304749,0.4072633385658264,0.716884970664978,-0.2725779712200165,0.9920835494995117,0.3849313259124756,0.7475212812423706,-0.4478922188282013,0.9844801425933838,forward,86.44829329428282,1
433,14.447766666666666,52.70981788635254,,,,,,,,,,,,,,,,,,,,0.45661982893943787,0.5844188928604126,-0.003367810742929578,0.9999607801437378,0.39467325806617737,0.6375564336776733,-0.5520963668823242,0.9952379465103149,0.4073491096496582,0.7168843746185303,-0.26879602670669556,0.9923338890075684,0.3860039710998535,0.7474741339683533,-0.44302526116371155,0.984867513179779,forward,86.24554453461406,1
434,14.481133333333334,53.800106048583984,,,,,,,,,,,,,,,,,,,,0.45653629302978516,0.5846385359764099,-0.004234254825860262,0.9999641180038452,0.3949555456638336,0.6370978951454163,-0.5828481912612915,0.9956037402153015,0.40746524930000305,0.7168757915496826,-0.309954434633255,0.9926407933235168,0.38709449768066406,0.7474883198738098,-0.48779410123825073,0.9854180812835693,forward,86.26223143918082,1
435,14.5145,53.479909896850586,,,,,,,,,,,,,,,,,,,,0.4563028812408447,0.5847704410552979,-0.004326322115957737,0.9999672174453735,0.39514195919036865,0.6370044350624084,-0.5954755544662476,0.9959379434585571,0.4075784981250763,0.7168902158737183,-0.31778839230537415,0.9929466843605042,0.38762736320495605,0.7474366426467896,-0.49519839882850647,0.9859630465507507,forward,86.22618965666345,1
436,14.547866666666668,52.626848220825195,,,,,,,,,,,,,,,,,,,,0.4561508595943451,0.5844409465789795,-0.004618488717824221,0.9999700784683228,0.395273894071579,0.6367611289024353,-0.6034753918647766,0.996247410774231,0.40759751200675964,0.7168840169906616,-0.34696996212005615,0.993274986743927,0.3881038427352905,0.7473946809768677,-0.5292209982872009,0.9865968823432922,forward,86.52961742380344,1
437,14.581233333333333,53.379058837890625,,,,,,,,,,,,,,,,,,,,0.45612797141075134,0.5839422941207886,-0.005663265939801931,0.9999726414680481,0.3954681158065796,0.6362425088882446,-0.5831683278083801,0.9965140223503113,0.40761464834213257,0.7167866230010986,-0.3607945442199707,0.9935991168022156,0.38839319348335266,0.7473545670509338,-0.5514209866523743,0.9872440695762634,forward,86.95902508603058,1
438,14.614600000000001,52.42586135864258,,,,,,,,,,,,,,,,,,,,0.4557162821292877,0.5828691124916077,-0.006022876128554344,0.9999750256538391,0.3956861197948456,0.6360832452774048,-0.5790644884109497,0.9967696666717529,0.40761950612068176,0.7167469263076782,-0.33868643641471863,0.993979811668396,0.38820433616638184,0.7473452091217041,-0.5348137021064758,0.9879572987556458,forward,87.68693940455935,1
439,14.647966666666667,53.73191833496094,,,,,,,,,,,,,,,,,,,,0.45455202460289,0.5797963738441467,-0.006386622320860624,0.9999772310256958,0.39594659209251404,0.6359536647796631,-0.5693873167037964,0.9970035552978516,0.4075630009174347,0.7166692614555359,-0.3198552429676056,0.9943512678146362,0.38794904947280884,0.7473219037055969,-0.5174553394317627,0.988650381565094,forward,89.70589309356157,1
440,14.681333333333333,53.41219902038574,,,,,,,,,,,,,,,,,,,,0.45398902893066406,0.575657308101654,-0.006416370160877705,0.9999791979789734,0.3959667384624481,0.6358248591423035,-0.5648077130317688,0.9972145557403564,0.40742120146751404,0.716562807559967,-0.3007967174053192,0.9946812391281128,0.38790255784988403,0.7473202347755432,-0.5034213066101074,0.9892359972000122,forward,92.48006053275864,1
441,14.7147,52.5660514831543,,,,,,,,,,,,,,,,,,,,0.4534885287284851,0.570803701877594,-0.0063195256516337395,0.9999808073043823,0.39602354168891907,0.6357923150062561,-0.5404839515686035,0.9974175691604614,0.40741556882858276,0.7168090343475342,-0.25796160101890564,0.9950156807899475,0.3872411847114563,0.7474344372749329,-0.4813416004180908,0.9898275136947632,forward,96.21845762266295,1
442,14.748066666666666,52.38676071166992,,,,,,,,,,,,,,,,,,,,0.4533756375312805,0.5668356418609619,-0.0032271661330014467,0.9999821186065674,0.39599519968032837,0.6354835629463196,-0.5091743469238281,0.997596025466919,0.4073617160320282,0.7171900868415833,-0.2209194451570511,0.9952963590621948,0.3865339457988739,0.7476111650466919,-0.4397386312484741,0.9903155565261841,forward,99.6946095765837,1
443,14.781433333333334,52.74224281311035,,,,,,,,,,,,,,,,,,,,0.45336079597473145,0.5619993209838867,0.0007520774961449206,0.999983012676239,0.39748191833496094,0.6337740421295166,-0.4612477719783783,0.9976967573165894,0.4073251485824585,0.7172119617462158,-0.1857200413942337,0.9954342842102051,0.3858027458190918,0.747638463973999,-0.4038316309452057,0.9905561208724976,forward,104.06785239685891,1
444,14.8148,52.95085906982422,,,,,,,,,,,,,,,,,,,,0.45334652066230774,0.558129608631134,0.0010864620562642813,0.999983549118042,0.3999980390071869,0.6321274042129517,-0.4067858159542084,0.9977437257766724,0.40760329365730286,0.7173795104026794,-0.13837802410125732,0.9955309629440308,0.3860054016113281,0.747995138168335,-0.36401522159576416,0.9907127022743225,forward,108.02214483193634,1
445,14.848166666666668,53.62820625305176,,,,,,,,,,,,,,,,,,,,0.4533007740974426,0.5545747876167297,0.0010827964870259166,0.9999831914901733,0.4018724858760834,0.6318277716636658,-0.3493047058582306,0.9976915121078491,0.40764448046684265,0.7182072401046753,-0.07874169200658798,0.9955235719680786,0.3861360549926758,0.7486039400100708,-0.30176782608032227,0.9906903505325317,forward,112.18191600129087,1
446,14.881533333333334,53.6501407623291,,,,,,,,,,,,,,,,,,,,0.45333972573280334,0.5513660311698914,0.0001508882996859029,0.9999830722808838,0.4039050340652466,0.631328821182251,-0.36866626143455505,0.9974817633628845,0.408487468957901,0.7188488841056824,-0.10346293449401855,0.9954610466957092,0.3876996636390686,0.7486365437507629,-0.33478888869285583,0.9906101822853088,forward,116.09526206104725,1
447,14.9149,52.49500274658203,,,,,,,,,,,,,,,,,,,,0.4527769088745117,0.5493664145469666,-0.0015204560477286577,0.9999824166297913,0.4051194190979004,0.6313390135765076,-0.3432031571865082,0.9972975254058838,0.4085967540740967,0.7191973924636841,-0.08308470994234085,0.9954497814178467,0.3887329697608948,0.7487367987632751,-0.3194451928138733,0.9906274676322937,forward,118.42639487152391,1
448,14.948266666666667,51.74589157104492,,,,,,,,,,,,,,,,,,,,0.452732115983963,0.5460413694381714,-0.00728559261187911,0.999981701374054,0.40728095173835754,0.6289946436882019,-0.3427838087081909,0.9971091747283936,0.4103183150291443,0.7193397283554077,-0.10582342743873596,0.9955154657363892,0.3906422257423401,0.7485801577568054,-0.34872472286224365,0.990813672542572,forward,123.07068103989468,1
449,14.981633333333333,53.308963775634766,,,,,,,,,,,,,,,,,,,,0.45228591561317444,0.5427396893501282,-0.013160064816474915,0.9999798536300659,0.4094370901584625,0.6269416809082031,-0.22283154726028442,0.9967663884162903,0.4107418954372406,0.718863844871521,0.028549451380968094,0.9954090118408203,0.3918825685977936,0.7487184405326843,-0.2047051042318344,0.9906517863273621,forward,127.0038547219326,1
450,15.015,52.95586585998535,,,,,,,,,,,,,,,,,,,,0.4513385593891144,0.5398299694061279,-0.01294239517301321,0.9999762773513794,0.41134971380233765,0.6267865300178528,-0.08946887403726578,0.9964444041252136,0.4120646119117737,0.7185767292976379,0.16373945772647858,0.9953191876411438,0.3921149969100952,0.7486023306846619,-0.055471982806921005,0.9904374480247498,forward,129.62794750555312,1
451,15.048366666666666,53.97200584411621,,,,,,,,,,,,,,,,,,,,0.45090216398239136,0.5374326109886169,-0.013527763076126575,0.9999712705612183,0.4132644236087799,0.6265175342559814,-0.0557713620364666,0.9960622191429138,0.4130553901195526,0.7183630466461182,0.18128836154937744,0.9952101707458496,0.39258140325546265,0.7481911182403564,-0.04054567962884903,0.9901657104492188,forward,132.11357108342347,1
452,15.081733333333334,53.993940353393555,,,,,,,,,,,,,,,,,,,,0.4504460394382477,0.535161018371582,-0.014738823287189007,0.9999654293060303,0.4166179597377777,0.6261751651763916,-0.050805121660232544,0.9957852959632874,0.41304928064346313,0.7182193398475647,0.1872970312833786,0.995105504989624,0.39343976974487305,0.7481903433799744,-0.034831225872039795,0.9899103045463562,forward,134.8072533618456,1
453,15.1151,54.77094650268555,,,,,,,,,,,,,,,,,,,,0.4502682685852051,0.5339686870574951,-0.016181891784071922,0.9999586939811707,0.4186967611312866,0.6255762577056885,-0.055176202207803726,0.9954382181167603,0.41306427121162415,0.7181629538536072,0.17460903525352478,0.9948694705963135,0.39436256885528564,0.7483461499214172,-0.04577925056219101,0.9894336462020874,forward,136.5955034653095,1
454,15.148466666666668,54.41403388977051,,,,,,,,,,,,,,,,,,,,0.4494820237159729,0.5329104661941528,-0.015784012153744698,0.9999515414237976,0.4196031987667084,0.625558614730835,-0.021580904722213745,0.9952165484428406,0.4131370484828949,0.7180449962615967,0.22519740462303162,0.994720458984375,0.39434614777565,0.7483595013618469,0.00906685832887888,0.9891988635063171,forward,137.77653585235984,1
455,15.181833333333334,52.947998046875,,,,,,,,,,,,,,,,,,,,0.449102520942688,0.5334563851356506,-0.015427921898663044,0.999946653842926,0.42061740159988403,0.6253783702850342,-0.03761858493089676,0.9951098561286926,0.41350096464157104,0.7182711958885193,0.19964659214019775,0.9946699142456055,0.3943188190460205,0.7487106323242188,-0.019043095409870148,0.9891334772109985,forward,137.61386667544954,1
456,15.2152,56.55503273010254,,,,,,,,,,,,,,,,,,,,0.44910022616386414,0.5328254699707031,-0.01511845551431179,0.9999428987503052,0.4226011633872986,0.6249862313270569,-0.03576233610510826,0.9950020909309387,0.41361796855926514,0.7187135815620422,0.1988477259874344,0.9946150779724121,0.39426514506340027,0.7489381432533264,-0.01779225654900074,0.9890745282173157,forward,139.71108910632333,1
457,15.248566666666667,54.04400825500488,,,,,,,,,,,,,,,,,,,,0.4489661753177643,0.5320948362350464,-0.014982861466705799,0.999939501285553,0.42433732748031616,0.6244995594024658,-0.027273211628198624,0.9949256181716919,0.4136156439781189,0.7187098264694214,0.20766502618789673,0.9945821762084961,0.3942137360572815,0.7489501237869263,-0.00880634319037199,0.9890530109405518,forward,141.16837786561334,1
458,15.281933333333333,53.56788635253906,,,,,,,,,,,,,,,,,,,,0.44897276163101196,0.5309812426567078,-0.014744280837476254,0.9999356269836426,0.4261103868484497,0.6243010759353638,-0.02017858251929283,0.9948441982269287,0.41355931758880615,0.7187040448188782,0.21878169476985931,0.9945381283760071,0.3942585587501526,0.7486827969551086,0.0006995757576078176,0.9890166521072388,forward,142.90276944143574,1
459,15.3153,54.77023124694824,,,,,,,,,,,,,,,,,,,,0.4490853250026703,0.5304690599441528,-0.014575849287211895,0.9999321103096008,0.4279485046863556,0.6242533326148987,-0.016843540593981743,0.9947893619537354,0.4134826362133026,0.7186854481697083,0.22582699358463287,0.9944974780082703,0.39484164118766785,0.7485967874526978,0.009675601497292519,0.9889905452728271,forward,143.63907970064238,1
460,15.348666666666666,54.67391014099121,,,,,,,,,,,,,,,,,,,,0.4491441249847412,0.5304048657417297,-0.013474377803504467,0.9999279975891113,0.42791616916656494,0.6239120960235596,-0.016470428556203842,0.9948142170906067,0.4134291112422943,0.7185047268867493,0.2376040667295456,0.9945266246795654,0.39481306076049805,0.7485055327415466,0.020002102479338646,0.9890743494033813,forward,143.65482407210567,1
461,15.382033333333334,54.163217544555664,,,,,,,,,,,,,,,,,,,,0.4491513669490814,0.5300973653793335,-0.009637551382184029,0.9999236464500427,0.42751285433769226,0.6230028867721558,-0.020865999162197113,0.9948443174362183,0.4132806360721588,0.7181473970413208,0.2319299578666687,0.9945493340492249,0.3947734832763672,0.7483259439468384,0.016622643917798996,0.9891302585601807,forward,144.34399786194143,1
462,15.4154,54.257869720458984,,,,,,,,,,,,,,,,,,,,0.44915539026260376,0.5296351313591003,-0.009246574714779854,0.9999191164970398,0.42726168036460876,0.6225462555885315,-0.03209678828716278,0.9948423504829407,0.4131644368171692,0.7180242538452148,0.21498508751392365,0.9945414066314697,0.3948701024055481,0.7483158707618713,-0.0002811760932672769,0.9891577959060669,forward,145.38302394149758,1
463,15.448766666666668,53.25722694396973,,,,,,,,,,,,,,,,,,,,0.4490852355957031,0.5289751291275024,-0.00698143569752574,0.9999139904975891,0.42697349190711975,0.6221897006034851,-0.024057140573859215,0.9947805404663086,0.4127662777900696,0.7176545262336731,0.22435159981250763,0.994450569152832,0.39513760805130005,0.748320996761322,0.012051091529428959,0.9890508055686951,forward,145.7615454342186,1
464,15.482133333333334,53.63893508911133,,,,,,,,,,,,,,,,,,,,0.4490487575531006,0.5283516049385071,-0.0070046791806817055,0.9999086260795593,0.4268800616264343,0.6214021444320679,-0.031105155125260353,0.9947238564491272,0.41212406754493713,0.7172476053237915,0.2143450677394867,0.9943697452545166,0.3951570391654968,0.7485293745994568,0.0010014813160523772,0.9889640808105469,forward,146.8430876566148,1
465,15.5155,53.891897201538086,,,,,,,,,,,,,,,,,,,,0.44904759526252747,0.528001606464386,-0.006772714201360941,0.9999017119407654,0.42682790756225586,0.6209084391593933,-0.03489500656723976,0.9946064949035645,0.41152048110961914,0.717090904712677,0.20992957055568695,0.994233250617981,0.3951868414878845,0.7485287189483643,-0.005417139735072851,0.9887677431106567,forward,147.98244712973042,1
466,15.548866666666667,53.140878677368164,,,,,,,,,,,,,,,,,,,,0.4488928020000458,0.5277816653251648,-0.007111457642167807,0.999891459941864,0.42670848965644836,0.6209649443626404,-0.037588924169540405,0.9944504499435425,0.41085144877433777,0.7170928120613098,0.20225299894809723,0.9940367341041565,0.3952626883983612,0.7486900091171265,-0.007958366535604,0.9884674549102783,forward,148.13411539589137,1
467,15.582233333333333,54.98623847961426,,,,,,,,,,,,,,,,,,,,0.44885367155075073,0.5277811884880066,-0.009056555107235909,0.9998829364776611,0.42690521478652954,0.62103670835495,-0.03680627793073654,0.994307816028595,0.41036951541900635,0.7173938155174255,0.20124825835227966,0.9938445687294006,0.39546576142311096,0.7494763731956482,-0.010381131432950497,0.9881852269172668,forward,149.2581269411616,1
468,15.6156,54.177045822143555,,,,,,,,,,,,,,,,,,,,0.4489414095878601,0.5278638601303101,-0.010559550486505032,0.9998767375946045,0.4267835319042206,0.6210915446281433,-0.035453781485557556,0.9942322969436646,0.4102022051811218,0.717444658279419,0.20482774078845978,0.9937315583229065,0.3955112397670746,0.7500132918357849,-0.005662655457854271,0.9880445599555969,forward,149.20004081974062,1
469,15.648966666666666,54.254770278930664,,,,,,,,,,,,,,,,,,,,0.4492999315261841,0.5279632210731506,-0.011169493198394775,0.9998694062232971,0.42684248089790344,0.6211139559745789,-0.03668440878391266,0.9941476583480835,0.4101392924785614,0.7174500823020935,0.20361974835395813,0.9935994744300842,0.3955170214176178,0.7500485181808472,-0.005941302981227636,0.9878508448600769,forward,149.01193697653028,1
470,15.682333333333334,53.94291877746582,,,,,,,,,,,,,,,,,,,,0.45001277327537537,0.5279921293258667,-0.012752281501889229,0.999864399433136,0.4268518090248108,0.6209552884101868,-0.03713938221335411,0.9940390586853027,0.4100669324398041,0.7174434065818787,0.19816869497299194,0.9934619665145874,0.3955046534538269,0.7500391602516174,-0.00836204644292593,0.9876579642295837,forward,149.5081352990637,1
471,15.7157,53.22694778442383,,,,,,,,,,,,,,,,,,,,0.4515160024166107,0.5279883742332458,-0.013787789270281792,0.9998603463172913,0.42683443427085876,0.6209036111831665,-0.051109835505485535,0.9939798712730408,0.41006532311439514,0.7173694968223572,0.1749538630247116,0.9933989644050598,0.3955371081829071,0.7500293850898743,-0.03233841806650162,0.9875786304473877,forward,149.3259893579892,1
472,15.749066666666668,56.159019470214844,,,,,,,,,,,,,,,,,,,,0.4521554112434387,0.5280300974845886,-0.013741971924901009,0.9998578429222107,0.42683348059654236,0.6210910677909851,-0.0447971373796463,0.9939072132110596,0.41009554266929626,0.7173692584037781,0.17928440868854523,0.9933127760887146,0.3955910801887512,0.7499837875366211,-0.02189488336443901,0.9874574542045593,forward,148.61880619605486,1
473,15.782433333333334,53.874969482421875,,,,,,,,,,,,,,,,,,,,0.45309391617774963,0.5280362367630005,-0.013550464063882828,0.9998552799224854,0.4273625612258911,0.621103823184967,-0.04306783154606819,0.9938034415245056,0.4101608097553253,0.7173739671707153,0.18178433179855347,0.9931915402412415,0.3955915570259094,0.749963104724884,-0.021623145788908005,0.9872787594795227,forward,148.59148642962555,1
474,15.8158,52.03413963317871,,,,,,,,,,,,,,,,,,,,0.4540487229824066,0.5280600190162659,-0.013096636161208153,0.9998543858528137,0.4275694489479065,0.6211159825325012,-0.04068225622177124,0.9937426447868347,0.41024643182754517,0.7174280285835266,0.18339695036411285,0.9931084513664246,0.39537838101387024,0.7499600052833557,-0.018886735662817955,0.9871506094932556,forward,148.76742835360977,1
475,15.849166666666667,50.18901824951172,,,,,,,,,,,,,,,,,,,,0.45479026436805725,0.5280420780181885,-0.011618662625551224,0.9998528361320496,0.42787986993789673,0.6211386322975159,-0.03826593980193138,0.9937031269073486,0.41030657291412354,0.7175148129463196,0.1903364360332489,0.9930545091629028,0.3952336013317108,0.7499540448188782,-0.01390773057937622,0.9870587587356567,forward,149.12793295405243,1
476,15.882533333333333,51.396846771240234,,,,,,,,,,,,,,,,,,,,0.4551544487476349,0.5281586050987244,-0.011062143370509148,0.999851405620575,0.42817631363868713,0.6212116479873657,-0.03528561815619469,0.9936995506286621,0.4103073179721832,0.717758059501648,0.20435723662376404,0.9930370450019836,0.39500945806503296,0.7499548196792603,-0.004116530995815992,0.9870259165763855,forward,149.9472815383429,1
477,15.9159,52.674055099487305,,,,,,,,,,,,,,,,,,,,0.4552125632762909,0.5281693339347839,-0.009568546898663044,0.9998493194580078,0.42877644300460815,0.621292769908905,-0.035660725086927414,0.993678629398346,0.4103236496448517,0.7179811596870422,0.2030365765094757,0.9929952621459961,0.39480477571487427,0.7499732375144958,-0.005423320923000574,0.9869433641433716,forward,150.88951195802687,1
478,15.949266666666666,53.999900817871094,,,,,,,,,,,,,,,,,,,,0.4552450180053711,0.5282135605812073,-0.009970800951123238,0.9998440146446228,0.4296318292617798,0.621466875076294,-0.03574050962924957,0.9936116337776184,0.41036680340766907,0.7179756760597229,0.1961284726858139,0.9929030537605286,0.39486613869667053,0.7500035762786865,-0.011387357488274574,0.9867807626724243,forward,150.0217357399151,1
479,15.982633333333334,53.987979888916016,,,,,,,,,,,,,,,,,,,,0.4552469551563263,0.5284342765808105,-0.010222138836979866,0.9998396635055542,0.42990803718566895,0.6217204928398132,-0.037106823176145554,0.9935518503189087,0.4103933870792389,0.7179664969444275,0.19212906062602997,0.9928210973739624,0.394887775182724,0.7500254511833191,-0.015181413851678371,0.9866278767585754,forward,148.7883619120735,1
480,16.016000000000002,54.25572395324707,,,,,,,,,,,,,,,,,,,,0.45525631308555603,0.5286901593208313,-0.009922496974468231,0.9998334646224976,0.42992502450942993,0.621758222579956,-0.03892378881573677,0.9934372305870056,0.4103916585445404,0.7177931666374207,0.18238873779773712,0.9926837086677551,0.3948899805545807,0.7500553131103516,-0.02246379852294922,0.9863803386688232,forward,147.5938524957847,1
481,16.049366666666668,54.18992042541504,,,,,,,,,,,,,,,,,,,,0.45538192987442017,0.5295290350914001,-0.010179993696510792,0.9998291730880737,0.42991358041763306,0.6217833757400513,-0.040384240448474884,0.9933257102966309,0.41038060188293457,0.7177280187606812,0.17180052399635315,0.9925785660743713,0.39499977231025696,0.750105082988739,-0.03083276003599167,0.9861849546432495,forward,146.13461542997777,1
482,16.082733333333334,53.76577377319336,,,,,,,,,,,,,,,,,,,,0.45540258288383484,0.5301001667976379,-0.010395897552371025,0.999823808670044,0.4299037754535675,0.6218754649162292,-0.0393817313015461,0.9931842088699341,0.4103810787200928,0.7177301049232483,0.1747155785560608,0.9924418926239014,0.39555174112319946,0.7501344680786133,-0.028912419453263283,0.9859336018562317,forward,145.16563060460834,1
483,16.1161,53.38120460510254,,,,,,,,,,,,,,,,,,,,0.4554159343242645,0.5303992629051208,-0.010929985903203487,0.9998211860656738,0.4299074411392212,0.6219816207885742,-0.034608349204063416,0.9931543469429016,0.41041725873947144,0.7176468968391418,0.1870448887348175,0.9924230575561523,0.39653080701828003,0.7501789927482605,-0.020207561552524567,0.9858781099319458,forward,144.24038981041673,1
484,16.149466666666665,53.51114273071289,,,,,,,,,,,,,,,,,,,,0.4554060995578766,0.5310840010643005,-0.013235528022050858,0.9998204708099365,0.42993441224098206,0.6224749684333801,-0.02617795765399933,0.9932626485824585,0.410408616065979,0.7175363898277283,0.22141046822071075,0.9925204515457153,0.39689764380455017,0.7502831816673279,0.009705498814582825,0.9859747290611267,forward,142.09474732723706,1
485,16.182833333333335,52.83188819885254,,,,,,,,,,,,,,,,,,,,0.4554014205932617,0.5317423939704895,-0.01633414998650551,0.9998186826705933,0.4298545718193054,0.6229943037033081,-0.02690223976969719,0.9932917952537537,0.4104100465774536,0.7175227403640747,0.2187054306268692,0.9925276041030884,0.3979623019695282,0.7503038644790649,0.00821937806904316,0.9858866333961487,forward,140.46302155835232,1
486,16.2162,75.6230354309082,,,,,,,,,,,,,,,,,,,,0.45537757873535156,0.5327522158622742,-0.019187502562999725,0.9998161792755127,0.4292059540748596,0.6236725449562073,-0.02718578279018402,0.9933167099952698,0.41042375564575195,0.7173353433609009,0.21996980905532837,0.992545485496521,0.39887645840644836,0.7502648234367371,0.007339362986385822,0.9857928156852722,forward,137.9702170033145,1
487,16.249566666666666,57.75713920593262,,,,,,,,,,,,,,,,,,,,0.4553828835487366,0.5338805913925171,-0.018868902698159218,0.9998154640197754,0.42762884497642517,0.6253823041915894,-0.018167348578572273,0.9933354258537292,0.41052699089050293,0.7173351049423218,0.23590584099292755,0.9925598502159119,0.39824098348617554,0.7499058842658997,0.025260157883167267,0.9857369065284729,forward,135.25766477286078,1
488,16.282933333333332,52.54101753234863,,,,,,,,,,,,,,,,,,,,0.45537376403808594,0.5357627272605896,-0.018529705703258514,0.9998133182525635,0.42598679661750793,0.6269223690032959,-0.020085398107767105,0.9932228326797485,0.410566508769989,0.7173691391944885,0.2273465096950531,0.9924595952033997,0.3982301950454712,0.7499043941497803,0.01739407703280449,0.9854752421379089,forward,132.22778391971485,1
489,16.316300000000002,51.41496658325195,,,,,,,,,,,,,,,,,,,,0.45532742142677307,0.538137674331665,-0.01828780025243759,0.9998072385787964,0.42212527990341187,0.6287263631820679,-0.020748496055603027,0.9931508898735046,0.41063636541366577,0.7174162268638611,0.23936982452869415,0.9923498630523682,0.39839836955070496,0.7500435709953308,0.035384804010391235,0.985154390335083,forward,128.82574139301806,1
490,16.349666666666668,51.512956619262695,,,,,,,,,,,,,,,,,,,,0.45529964566230774,0.5406619310379028,-0.017582962289452553,0.9998124241828918,0.41935625672340393,0.6289767026901245,-0.008139406330883503,0.9930808544158936,0.41088226437568665,0.7171093225479126,0.2738330066204071,0.992335319519043,0.3984561264514923,0.7500144243240356,0.07136337459087372,0.9850309491157532,forward,125.34768900551161,1
491,16.383033333333334,52.27541923522949,,,,,,,,,,,,,,,,,,,,0.45525509119033813,0.5428091883659363,-0.013619491830468178,0.999819278717041,0.41740620136260986,0.6297305822372437,0.0008976585231721401,0.9929914474487305,0.41130220890045166,0.716986894607544,0.29565390944480896,0.992304801940918,0.3984496593475342,0.7502127885818481,0.09717533737421036,0.9849201440811157,forward,122.60274475925956,1
492,16.4164,53.344011306762695,,,,,,,,,,,,,,,,,,,,0.45511651039123535,0.5451141595840454,-0.00961404386907816,0.9998309016227722,0.41403666138648987,0.6312160491943359,-0.015009214170277119,0.9929195046424866,0.4114840030670166,0.7170098423957825,0.27118128538131714,0.9923937916755676,0.39748415350914,0.7505876421928406,0.06813013553619385,0.9850555658340454,forward,119.8250725882236,1
493,16.449766666666665,53.926944732666016,,,,,,,,,,,,,,,,,,,,0.45513418316841125,0.546088457107544,-0.006130380090326071,0.9998412728309631,0.41282325983047485,0.6323280930519104,-0.04506874829530716,0.9928643107414246,0.41172516345977783,0.7171936631202698,0.23390346765518188,0.9924986958503723,0.395831823348999,0.7505785822868347,0.029329687356948853,0.9852274656295776,forward,118.82266393614061,1
494,16.483133333333335,54.06785011291504,,,,,,,,,,,,,,,,,,,,0.45533210039138794,0.5472797155380249,-0.003975631669163704,0.9998520016670227,0.41120266914367676,0.6330639719963074,-0.040508147329092026,0.9928284883499146,0.41185474395751953,0.7171464562416077,0.25476592779159546,0.992548942565918,0.39410755038261414,0.750145673751831,0.0633278340101242,0.9852746725082397,forward,117.40643774328362,1
495,16.5165,51.80215835571289,,,,,,,,,,,,,,,,,,,,0.4553649127483368,0.5490136742591858,-0.003248977242037654,0.999861478805542,0.4099733531475067,0.6336033344268799,-0.044315747916698456,0.9928044676780701,0.411958783864975,0.7169836163520813,0.27951017022132874,0.9925369024276733,0.3929740786552429,0.7497892379760742,0.09631980955600739,0.9851956367492676,forward,115.36018820814186,1
496,16.549866666666667,51.69820785522461,,,,,,,,,,,,,,,,,,,,0.45546773076057434,0.5509531497955322,-0.0037194809410721064,0.9998698234558105,0.4089348614215851,0.6343398690223694,-0.07256260514259338,0.9927400946617126,0.4122180640697479,0.7169567346572876,0.27011939883232117,0.9924699664115906,0.39208099246025085,0.7497953176498413,0.07860258966684341,0.985034167766571,forward,113.29416938064654,1
497,16.583233333333332,52.98924446105957,,,,,,,,,,,,,,,,,,,,0.45567646622657776,0.5529129505157471,-0.002223069779574871,0.9998766779899597,0.40720370411872864,0.6357839703559875,-0.06893853098154068,0.9925128817558289,0.4122203290462494,0.7170683741569519,0.27305734157562256,0.9922218918800354,0.3907988667488098,0.7498154044151306,0.08552210032939911,0.9845909476280212,forward,111.32520743099428,1
498,16.616600000000002,53.1308650970459,,,,,,,,,,,,,,,,,,,,0.455851286649704,0.5546406507492065,-0.00238240510225296,0.9998832941055298,0.40613722801208496,0.6359094381332397,-0.09975312650203705,0.9922800064086914,0.41129112243652344,0.717063307762146,0.23776058852672577,0.9919368624687195,0.3887947201728821,0.7498418092727661,0.04726402834057808,0.9840841293334961,forward,109.66059834094514,1
499,16.649966666666668,52.95395851135254,,,,,,,,,,,,,,,,,,,,0.4560055732727051,0.5571495890617371,-0.002635898534208536,0.9998900294303894,0.4051876366138458,0.6364656686782837,-0.12678971886634827,0.9921194911003113,0.41097211837768555,0.7169995903968811,0.22312770783901215,0.9915456175804138,0.3875826597213745,0.7498223185539246,0.04023319482803345,0.98342365026474,forward,107.21230985726453,1
500,16.683333333333334,54.35490608215332,,,,,,,,,,,,,,,,,,,,0.4561227262020111,0.5584281086921692,-0.003877209732308984,0.9998961091041565,0.40365245938301086,0.6367601156234741,-0.16732510924339294,0.9921091794967651,0.40977156162261963,0.7168822884559631,0.17306604981422424,0.991244912147522,0.3872850239276886,0.7498454451560974,-0.009057193994522095,0.9827976822853088,forward,105.90473456430652,1
501,16.7167,54.11386489868164,,,,,,,,,,,,,,,,,,,,0.4562087059020996,0.560092568397522,-0.006243082694709301,0.9999027252197266,0.4013769328594208,0.6369632482528687,-0.23377278447151184,0.9923085570335388,0.4091460704803467,0.7168492674827576,0.10384920239448547,0.9912244081497192,0.3868475556373596,0.750078022480011,-0.08626553416252136,0.9826624393463135,forward,104.38820741276979,1
502,16.750066666666665,53.61294746398926,,,,,,,,,,,,,,,,,,,,0.45620793104171753,0.5629060864448547,-0.005999876651912928,0.9999105334281921,0.4001707136631012,0.636958658695221,-0.29480937123298645,0.9926765561103821,0.40903276205062866,0.716715931892395,0.059282176196575165,0.9913378357887268,0.3869673013687134,0.7501532435417175,-0.1231582760810852,0.9827739000320435,forward,101.89139000187251,1
503,16.783433333333335,54.24380302429199,,,,,,,,,,,,,,,,,,,,0.4561105966567993,0.5656140446662903,-0.0060058580711483955,0.9999179244041443,0.3986765444278717,0.6371211409568787,-0.34035956859588623,0.9930106997489929,0.4090089499950409,0.7166687250137329,0.0008611563825979829,0.9914308190345764,0.3864421546459198,0.7501960396766663,-0.1853998601436615,0.9828922152519226,forward,99.62594447588697,1
504,16.8168,52.70504951477051,,,,,,,,,,,,,,,,,,,,0.45603206753730774,0.5678987503051758,-0.006236191373318434,0.9999246597290039,0.39766907691955566,0.6371936202049255,-0.3926115930080414,0.9933497905731201,0.4089345932006836,0.7167803049087524,-0.07788987457752228,0.991608738899231,0.3851100206375122,0.7501977682113647,-0.27089157700538635,0.9831875562667847,forward,97.94248978942554,1
505,16.850166666666667,51.895856857299805,,,,,,,,,,,,,,,,,,,,0.4560239315032959,0.571367621421814,-0.0072060199454426765,0.9999311566352844,0.39698487520217896,0.6369926929473877,-0.46948686242103577,0.9936920404434204,0.40865570306777954,0.7168874740600586,-0.16880904138088226,0.9918124675750732,0.3831547796726227,0.7502666115760803,-0.3646787405014038,0.9835467338562012,forward,95.50269386873072,1
506,16.883533333333332,53.1766414642334,,,,,,,,,,,,,,,,,,,,0.45594263076782227,0.5741485357284546,-0.007166342809796333,0.9999372363090515,0.3964044153690338,0.636934220790863,-0.4964393377304077,0.9941858649253845,0.4084152579307556,0.7170014977455139,-0.24852289259433746,0.9922043085098267,0.38321688771247864,0.7503989338874817,-0.42566946148872375,0.9842968583106995,forward,93.62286001023787,1
507,16.916900000000002,52.94013023376465,,,,,,,,,,,,,,,,,,,,0.45566463470458984,0.5766897201538086,-0.008038072846829891,0.9999428391456604,0.39516428112983704,0.6369001269340515,-0.5336006283760071,0.9946423172950745,0.40841954946517944,0.7170373797416687,-0.2729727327823639,0.9925532341003418,0.38336658477783203,0.7501172423362732,-0.44375985860824585,0.9849550127983093,forward,91.87712662319701,1
508,16.950266666666668,52.01888084411621,,,,,,,,,,,,,,,,,,,,0.4554467797279358,0.5780389308929443,-0.009149529971182346,0.9999480843544006,0.39363017678260803,0.6366649866104126,-0.5323325395584106,0.9950888156890869,0.40835875272750854,0.7170376181602478,-0.26596465706825256,0.9929143190383911,0.38332828879356384,0.7496190667152405,-0.43245503306388855,0.9856606125831604,forward,91.02578565774431,1
509,16.983633333333334,52.42609977722168,,,,,,,,,,,,,,,,,,,,0.45532941818237305,0.5795518755912781,-0.009396715089678764,0.9999527931213379,0.392668753862381,0.6366226673126221,-0.5444188117980957,0.9954982399940491,0.40810197591781616,0.7175336480140686,-0.2798532545566559,0.9932969212532043,0.3828238248825073,0.7494218945503235,-0.45281970500946045,0.9863789677619934,forward,90.53242582433123,1
510,17.017,53.246259689331055,,,,,,,,,,,,,,,,,,,,0.45505961775779724,0.5806506276130676,-0.009683545678853989,0.9999570846557617,0.3921724557876587,0.6366284489631653,-0.5446208715438843,0.9958678483963013,0.40779250860214233,0.7178314328193665,-0.2777930796146393,0.9936214685440063,0.3828936219215393,0.7492324113845825,-0.4431082010269165,0.987004280090332,forward,90.10581703905635,1
511,17.050366666666665,53.67779731750488,,,,,,,,,,,,,,,,,,,,0.45464155077934265,0.5821386575698853,-0.01052569504827261,0.9999610185623169,0.39145535230636597,0.6369850635528564,-0.5508103966712952,0.9962018132209778,0.4077742099761963,0.7178958654403687,-0.2537514269351959,0.9939015507698059,0.3829163610935211,0.7491307854652405,-0.41146713495254517,0.987527072429657,forward,89.03365279445185,1
512,17.083733333333335,54.615020751953125,,,,,,,,,,,,,,,,,,,,0.45441481471061707,0.5834119319915771,-0.010688239708542824,0.9999645948410034,0.39072102308273315,0.6373621821403503,-0.5453550815582275,0.9965193867683411,0.4077921509742737,0.7178581953048706,-0.23414212465286255,0.9942101836204529,0.38297003507614136,0.7486120462417603,-0.3884085416793823,0.9881082773208618,forward,87.99682692554107,1
513,17.1171,54.64482307434082,,,,,,,,,,,,,,,,,,,,0.45439133048057556,0.5840991139411926,-0.010674059391021729,0.9999677538871765,0.3907369375228882,0.6372818350791931,-0.5638360977172852,0.9967862963676453,0.4078672528266907,0.7178554534912109,-0.2590751349925995,0.9944297671318054,0.3831632137298584,0.7484182715415955,-0.4203159809112549,0.9885417222976685,forward,87.57085670428879,1
514,17.150466666666667,53.98297309875488,,,,,,,,,,,,,,,,,,,,0.4543097913265228,0.5836801528930664,-0.01014980860054493,0.9999706149101257,0.3905992805957794,0.6371086835861206,-0.5535112023353577,0.9970302581787109,0.4078998565673828,0.71759033203125,-0.2505944073200226,0.9946609735488892,0.3832046389579773,0.7483476996421814,-0.4153774678707123,0.988972544670105,forward,87.63610230488355,1
515,17.183833333333332,54.0771484375,,,,,,,,,,,,,,,,,,,,0.45411795377731323,0.5834531188011169,-0.010107645764946938,0.9999732375144958,0.3905833065509796,0.6368380188941956,-0.5643162727355957,0.9972533583641052,0.40797168016433716,0.7173912525177002,-0.2549912631511688,0.9948734045028687,0.3834100067615509,0.7482471466064453,-0.42167165875434875,0.9893805384635925,forward,87.68283818112846,1
516,17.217200000000002,54.525136947631836,,,,,,,,,,,,,,,,,,,,0.4540547728538513,0.5828850865364075,-0.006579750217497349,0.9999755620956421,0.39052388072013855,0.6368053555488586,-0.5442054271697998,0.9974639415740967,0.4082397222518921,0.717300295829773,-0.23579075932502747,0.9951188564300537,0.3834223449230194,0.7482194304466248,-0.40397825837135315,0.9898187518119812,forward,87.97580117961968,1
517,17.250566666666668,54.39424514770508,,,,,,,,,,,,,,,,,,,,0.4540431499481201,0.5826011300086975,-0.004112940281629562,0.9999775290489197,0.3905012607574463,0.6367869973182678,-0.538493812084198,0.997645914554596,0.408346027135849,0.7173125743865967,-0.23089325428009033,0.9953436851501465,0.38335350155830383,0.7482224106788635,-0.40316981077194214,0.990229070186615,forward,88.1845260932117,1
518,17.283933333333334,55.023908615112305,,,,,,,,,,,,,,,,,,,,0.45396730303764343,0.5804293751716614,-0.003913039807230234,0.9999793767929077,0.3905489146709442,0.6366981267929077,-0.5324833393096924,0.9977917671203613,0.40835005044937134,0.7175463438034058,-0.24100802838802338,0.9955358505249023,0.38309210538864136,0.748247504234314,-0.4245641529560089,0.9905829429626465,forward,89.92216959453822,1
519,17.3173,54.843902587890625,,,,,,,,,,,,,,,,,,,,0.45364561676979065,0.5779484510421753,-0.001697730622254312,0.9999810457229614,0.3905809223651886,0.6366885304450989,-0.5209119319915771,0.9979473948478699,0.4083472788333893,0.7178666591644287,-0.23915071785449982,0.9957806468009949,0.3824493885040283,0.7483380436897278,-0.42429813742637634,0.9910497069358826,forward,91.96086013741777,1
520,17.350666666666665,54.318904876708984,,,,,,,,,,,,,,,,,,,,0.4533832371234894,0.5741026401519775,-0.0004777126887347549,0.9999824166297913,0.39112135767936707,0.6361190676689148,-0.5107066035270691,0.998073935508728,0.40833163261413574,0.7178581953048706,-0.23557345569133759,0.9959539771080017,0.3824476897716522,0.7483534216880798,-0.4223547875881195,0.991377055644989,forward,94.85955563118651,1
521,17.384033333333335,54.26502227783203,,,,,,,,,,,,,,,,,,,,0.4532894492149353,0.5694032311439514,0.0005607618950307369,0.9999836683273315,0.3916882574558258,0.6359032392501831,-0.4583439230918884,0.9981935024261475,0.4079139828681946,0.7178558111190796,-0.12658485770225525,0.9961522221565247,0.3824089467525482,0.748418927192688,-0.3257382810115814,0.9917166233062744,forward,98.34803403371885,1
522,17.4174,54.618120193481445,,,,,,,,,,,,,,,,,,,,0.4532969892024994,0.5652867555618286,0.007093981374055147,0.9999844431877136,0.39266684651374817,0.6356000900268555,-0.4087122976779938,0.9982949495315552,0.4079086482524872,0.7177464962005615,-0.06548157334327698,0.9962996244430542,0.38241997361183167,0.7484691143035889,-0.2615242600440979,0.9919585585594177,forward,101.46059333332093,1
523,17.450766666666667,54.537057876586914,,,,,,,,,,,,,,,,,,,,0.4532623291015625,0.5619600415229797,0.008152801543474197,0.9999849200248718,0.39316532015800476,0.6352540850639343,-0.3483535945415497,0.9983531832695007,0.407927930355072,0.7177600264549255,-0.0015979771269485354,0.9964008927345276,0.38279783725738525,0.7484949231147766,-0.20140302181243896,0.9921091198921204,forward,104.22759114960587,1
524,17.484133333333332,56.0450553894043,,,,,,,,,,,,,,,,,,,,0.45317521691322327,0.5586133599281311,0.007042317651212215,0.9999850392341614,0.3956047296524048,0.6343138217926025,-0.2927956283092499,0.9983899593353271,0.40796634554862976,0.7175725102424622,0.07217680662870407,0.9964591860771179,0.3833809196949005,0.7484991550445557,-0.12352519482374191,0.9921886324882507,forward,107.0676698361721,1
525,17.517500000000002,50.70018768310547,,,,,,,,,,,,,,,,,,,,0.4531187415122986,0.5556187033653259,0.006488265004009008,0.9999849200248718,0.3979381024837494,0.6334282755851746,-0.28667783737182617,0.9983658194541931,0.4083407521247864,0.7175658345222473,0.06508362293243408,0.9964926242828369,0.38539353013038635,0.7484598755836487,-0.1361904889345169,0.9922237396240234,forward,109.89789068181766,1
526,17.550866666666668,50.68612098693848,,,,,,,,,,,,,,,,,,,,0.453140527009964,0.5523688197135925,0.006074931006878614,0.9999844431877136,0.39972764253616333,0.632960319519043,-0.2601834237575531,0.9982073307037354,0.40889590978622437,0.7178436517715454,0.0698578879237175,0.9964327216148376,0.38632458448410034,0.7485071420669556,-0.13588617742061615,0.9921225905418396,forward,113.28436158294997,1
527,17.584233333333334,51.19204521179199,,,,,,,,,,,,,,,,,,,,0.4530608654022217,0.5492890477180481,0.005907348822802305,0.9999837875366211,0.4011561870574951,0.6326406598091125,-0.20542338490486145,0.9979931116104126,0.4099791646003723,0.7189129590988159,0.10686182975769043,0.9963796734809875,0.3865009546279907,0.7485125064849854,-0.10930471867322922,0.9920570254325867,forward,117.64042870985175,1
528,17.6176,51.81527137756348,,,,,,,,,,,,,,,,,,,,0.4530544877052307,0.5465262532234192,0.0005579497083090246,0.9999825358390808,0.40351375937461853,0.6313164830207825,-0.24780039489269257,0.997769296169281,0.4104340374469757,0.7191832065582275,0.02883594110608101,0.9962971210479736,0.3878536820411682,0.7485151290893555,-0.17726217210292816,0.9919314980506897,forward,121.20339420317323,1
529,17.650966666666665,52.806854248046875,,,,,,,,,,,,,,,,,,,,0.45303648710250854,0.5435731410980225,-0.0067586773075163364,0.9999808669090271,0.40677976608276367,0.6266170144081116,-0.23143243789672852,0.9976083636283875,0.4109753370285034,0.7191659808158875,0.016878480091691017,0.996293306350708,0.38880524039268494,0.7484869360923767,-0.19736261665821075,0.9919249415397644,forward,127.04515273443435,1
530,17.684333333333335,52.81209945678711,,,,,,,,,,,,,,,,,,,,0.452651709318161,0.5409470200538635,-0.006106260232627392,0.9999765157699585,0.4083276391029358,0.6270931959152222,-0.07835229486227036,0.9973267912864685,0.41169318556785583,0.7189905047416687,0.19803957641124725,0.9961102604866028,0.3891299068927765,0.7480804324150085,-0.005153723061084747,0.9915682077407837,forward,128.95651585144282,1
531,17.7177,54.09574508666992,,,,,,,,,,,,,,,,,,,,0.4522514045238495,0.5377925038337708,-0.006311481818556786,0.9999707341194153,0.4111984372138977,0.6264459490776062,-0.06970801949501038,0.9971051216125488,0.41264116764068604,0.7180363535881042,0.1903543472290039,0.9959282279014587,0.3911961317062378,0.7482307553291321,-0.011998911388218403,0.9912160634994507,forward,131.15727339412064,1
532,17.751066666666667,53.9698600769043,,,,,,,,,,,,,,,,,,,,0.45220351219177246,0.5366575121879578,-0.007816800847649574,0.9999619722366333,0.414276659488678,0.6265674829483032,-0.02725718729197979,0.9967614412307739,0.41348204016685486,0.7180140614509583,0.2161375731229782,0.9956658482551575,0.39236417412757874,0.748151421546936,0.011599181219935417,0.9907107353210449,forward,132.37516554876518,1
533,17.784433333333332,55.25994300842285,,,,,,,,,,,,,,,,,,,,0.4515436887741089,0.5350497961044312,-0.011671667918562889,0.9999539256095886,0.4172654449939728,0.6263972520828247,-0.03302619233727455,0.9965291619300842,0.41356173157691956,0.717940628528595,0.21122649312019348,0.9955114722251892,0.3940497636795044,0.7481817603111267,0.00034719190443865955,0.9903990626335144,forward,134.32228601227186,1
534,17.817800000000002,54.388999938964844,,,,,,,,,,,,,,,,,,,,0.4507249593734741,0.5332310795783997,-0.014972303993999958,0.9999426603317261,0.4192010164260864,0.6255733370780945,-0.02513941191136837,0.9962131977081299,0.41353341937065125,0.7171497344970703,0.22185997664928436,0.9951683878898621,0.39483216404914856,0.7480798959732056,0.012803670018911362,0.9897814989089966,forward,135.67875788344992,1
535,17.851166666666668,53.77006530761719,,,,,,,,,,,,,,,,,,,,0.4500114619731903,0.5322030782699585,-0.0142703577876091,0.9999386668205261,0.4199681878089905,0.6250843405723572,-0.022829482331871986,0.9960373044013977,0.4135439097881317,0.7173072695732117,0.23427952826023102,0.9950501918792725,0.39475977420806885,0.7487661242485046,0.017584843561053276,0.9896134734153748,forward,137.59140846445158,1
536,17.884533333333334,55.310964584350586,,,,,,,,,,,,,,,,,,,,0.44960498809814453,0.5307981967926025,-0.014527002349495888,0.9999325275421143,0.4214404225349426,0.6246927380561829,-0.027371564880013466,0.9959282875061035,0.4135270416736603,0.7174843549728394,0.22886739671230316,0.9949802160263062,0.39472535252571106,0.7487643361091614,0.008257356472313404,0.9894777536392212,forward,140.1287917778749,1
537,17.9179,54.57806587219238,,,,,,,,,,,,,,,,,,,,0.4493803381919861,0.5299855470657349,-0.016079656779766083,0.9999244213104248,0.4233162999153137,0.6243875026702881,-0.01708250306546688,0.9957184791564941,0.41341209411621094,0.7174164652824402,0.23413823544979095,0.9947542548179626,0.3967421054840088,0.7488386631011963,0.020306628197431564,0.9890944361686707,forward,141.36132269363048,1
538,17.951266666666665,52.889108657836914,,,,,,,,,,,,,,,,,,,,0.4492764174938202,0.5300045609474182,-0.015585588291287422,0.9999187588691711,0.4256513714790344,0.6241483092308044,-0.018903804942965508,0.9956502318382263,0.41336092352867126,0.7173968553543091,0.23421873152256012,0.994687020778656,0.397146999835968,0.7488355040550232,0.01760510355234146,0.9889862537384033,forward,141.43485662947847,1
539,17.984633333333335,51.88775062561035,,,,,,,,,,,,,,,,,,,,0.44906628131866455,0.5301862955093384,-0.01461645495146513,0.9999164342880249,0.4274657368659973,0.6233932971954346,-0.025822537019848824,0.9956001043319702,0.413341760635376,0.7174190282821655,0.21195697784423828,0.9946588277816772,0.3970188498497009,0.748834490776062,-0.0022897275630384684,0.9889847636222839,forward,141.8238983515712,1
540,18.018,53.04312705993652,,,,,,,,,,,,,,,,,,,,0.44909170269966125,0.5298321843147278,-0.008850514888763428,0.999913215637207,0.42885518074035645,0.6229899525642395,-0.02778632938861847,0.995572566986084,0.4130513072013855,0.7174411416053772,0.212897390127182,0.9946419596672058,0.3968149423599243,0.7487605214118958,-0.0015135830035433173,0.9889819622039795,forward,142.7977814511197,1
541,18.051366666666667,53.99322509765625,,,,,,,,,,,,,,,,,,,,0.4491135776042938,0.5297253131866455,-0.00450891675427556,0.9999101161956787,0.4297430217266083,0.6225097179412842,-0.018390875309705734,0.995511531829834,0.4128170311450958,0.7175567746162415,0.23341241478919983,0.9945809245109558,0.3966909646987915,0.748773455619812,0.02106349542737007,0.9889259338378906,forward,143.8932894197584,1
542,18.084733333333332,52.20198631286621,,,,,,,,,,,,,,,,,,,,0.44905680418014526,0.5292035341262817,-0.0031994387973099947,0.9999050498008728,0.4298361539840698,0.6225486397743225,-0.017006227746605873,0.9953963160514832,0.4125431180000305,0.7176421284675598,0.23537392914295197,0.9944395422935486,0.39658623933792114,0.7487741112709045,0.02517784759402275,0.9887345433235168,forward,144.80636482749762,1
543,18.118100000000002,51.54824256896973,,,,,,,,,,,,,,,,,,,,0.44901737570762634,0.5289727449417114,-0.002100702142342925,0.9998994469642639,0.4292740821838379,0.6225242018699646,-0.023043444380164146,0.995297908782959,0.4119586646556854,0.7177271246910095,0.22771163284778595,0.9943078756332397,0.39586567878723145,0.748701810836792,0.018512554466724396,0.9885424971580505,forward,145.4227834479114,1
544,18.151466666666668,53.12395095825195,,,,,,,,,,,,,,,,,,,,0.44906365871429443,0.5286327004432678,-0.002184249460697174,0.9998970627784729,0.42885711789131165,0.6224625706672668,-0.028446022421121597,0.9952312707901001,0.411591500043869,0.7178772687911987,0.22534877061843872,0.9942373037338257,0.3948083519935608,0.7484922409057617,0.017848489806056023,0.9884734749794006,forward,146.47725787901612,1
545,18.184833333333334,52.781105041503906,,,,,,,,,,,,,,,,,,,,0.44909656047821045,0.5284233093261719,-0.00297745643183589,0.9998924136161804,0.4285556972026825,0.6223565340042114,-0.031667254865169525,0.9950637221336365,0.41119223833084106,0.7180051803588867,0.19045975804328918,0.9940621256828308,0.3942261040210724,0.7482510805130005,-0.015068651176989079,0.9882242679595947,forward,147.3995473409503,1
546,18.2182,51.71394348144531,,,,,,,,,,,,,,,,,,,,0.44909676909446716,0.528156042098999,-0.003461679443717003,0.9998875260353088,0.4283820390701294,0.6221303939819336,-0.03357144817709923,0.994924783706665,0.4108333885669708,0.7180845141410828,0.1914566606283188,0.9938847422599792,0.39421144127845764,0.7482315301895142,-0.014673360623419285,0.9879612922668457,forward,148.56776186854714,1
547,18.251566666666665,53.483009338378906,,,,,,,,,,,,,,,,,,,,0.44918227195739746,0.5278477072715759,-0.0035116311628371477,0.9998812079429626,0.42824986577033997,0.6220577955245972,-0.03184032440185547,0.9947495460510254,0.41071680188179016,0.718093752861023,0.1940208077430725,0.993654727935791,0.39450743794441223,0.7482420802116394,-0.007796361576765776,0.9876038432121277,forward,149.2363469738079,1
548,18.284933333333335,54.10909652709961,,,,,,,,,,,,,,,,,,,,0.44930243492126465,0.5277958512306213,-0.003624404314905405,0.9998733401298523,0.4281379282474518,0.6219941973686218,-0.01917296275496483,0.9945553541183472,0.41067036986351013,0.718063473701477,0.22615574300289154,0.9933770895004272,0.3950272798538208,0.7482548356056213,0.02631799876689911,0.9871675968170166,forward,149.35320042713147,1
549,18.3183,55.08303642272949,,,,,,,,,,,,,,,,,,,,0.4496345818042755,0.5278236865997314,-0.005114858038723469,0.9998646974563599,0.42812296748161316,0.6218241453170776,-0.02057730406522751,0.9942783117294312,0.4106425344944,0.7179818749427795,0.2213396281003952,0.9930121898651123,0.3956426680088043,0.7482755184173584,0.019894320517778397,0.9865990281105042,forward,149.42879712576052,1
550,18.351666666666667,53.21383476257324,,,,,,,,,,,,,,,,,,,,0.45008212327957153,0.5278964638710022,-0.006383688189089298,0.9998584389686584,0.4283510744571686,0.6218259334564209,-0.02246972732245922,0.9940125346183777,0.4106515347957611,0.7179210186004639,0.22104136645793915,0.9926810264587402,0.39597219228744507,0.7483050227165222,0.01561377290636301,0.9860900044441223,forward,149.06316432320483,1
551,18.385033333333332,53.32493782043457,,,,,,,,,,,,,,,,,,,,0.4505678713321686,0.527906060218811,-0.006352318916469812,0.9998496770858765,0.4283272922039032,0.6218335628509521,-0.023199614137411118,0.9937395453453064,0.4106861352920532,0.7177795767784119,0.21692971885204315,0.9923413991928101,0.39621737599372864,0.7483046054840088,0.01359439268708229,0.9855597615242004,forward,148.46813824560726,1
552,18.418400000000002,51.56707763671875,,,,,,,,,,,,,,,,,,,,0.45097947120666504,0.5278180837631226,-0.006246604956686497,0.9998424649238586,0.42825081944465637,0.621842086315155,-0.02406574785709381,0.9935342669487,0.41072148084640503,0.7177008986473083,0.20721465349197388,0.9920880794525146,0.3963838219642639,0.7483065128326416,0.007403095718473196,0.9851540327072144,forward,148.28051494964865,1
553,18.451766666666668,50.75192451477051,,,,,,,,,,,,,,,,,,,,0.45125672221183777,0.5277562737464905,-0.006413934286683798,0.9998347163200378,0.4282265305519104,0.6218259334564209,-0.024192949756979942,0.9933342933654785,0.41075313091278076,0.7175366282463074,0.20157888531684875,0.9918172359466553,0.39683809876441956,0.7483921647071838,0.003448236733675003,0.9847167730331421,forward,147.81440253764765,1
554,18.485133333333334,52.07490921020508,,,,,,,,,,,,,,,,,,,,0.4513019919395447,0.5277714729309082,-0.007248831447213888,0.999826967716217,0.42819374799728394,0.6218456029891968,-0.02652444690465927,0.9932328462600708,0.41077688336372375,0.7175009846687317,0.19926786422729492,0.9916620850563049,0.39707887172698975,0.7486175298690796,0.00035877266782335937,0.9844382405281067,forward,147.62916224508663,1
555,18.5185,52.710771560668945,,,,,,,,,,,,,,,,,,,,0.45130839943885803,0.5277310013771057,-0.00767878582701087,0.9998201727867126,0.4281645119190216,0.6219466328620911,-0.02657334692776203,0.9931762218475342,0.41078445315361023,0.7174530029296875,0.19937969744205475,0.9915853142738342,0.3973289728164673,0.7487014532089233,0.0003732297627720982,0.984306812286377,forward,147.33904600233484,1
556,18.551866666666665,52.73914337158203,,,,,,,,,,,,,,,,,,,,0.4513029456138611,0.5277406573295593,-0.007639031857252121,0.9998122453689575,0.42814406752586365,0.6219319701194763,-0.02741413377225399,0.9931756854057312,0.41076722741127014,0.7173055410385132,0.19932889938354492,0.9915922284126282,0.3974388539791107,0.7487019896507263,-0.0019029721152037382,0.9842977523803711,forward,146.87716266551618,1
557,18.585233333333335,52.515268325805664,,,,,,,,,,,,,,,,,,,,0.4512821137905121,0.5277717113494873,-0.008697502315044403,0.9998061656951904,0.4281417429447174,0.6219319105148315,-0.0301626268774271,0.9932047128677368,0.4106999635696411,0.7170979380607605,0.19484125077724457,0.9916312098503113,0.3977762758731842,0.7487092614173889,-0.009596448391675949,0.9843416213989258,forward,146.1969222168793,1
558,18.6186,53.5578727722168,,,,,,,,,,,,,,,,,,,,0.4512109160423279,0.5281577110290527,-0.010168111883103848,0.9998038411140442,0.4281997084617615,0.6219452023506165,-0.03493219614028931,0.993252158164978,0.4106789231300354,0.7170621156692505,0.19229231774806976,0.9917160868644714,0.3980342447757721,0.7487146854400635,-0.014739135280251503,0.9844814538955688,forward,145.50659507893383,1
559,18.651966666666667,52.92201042175293,,,,,,,,,,,,,,,,,,,,0.4511922597885132,0.5287394523620605,-0.011354334652423859,0.9998027086257935,0.4281822741031647,0.6220207214355469,-0.038715846836566925,0.993309736251831,0.4106803834438324,0.7170451283454895,0.1885334849357605,0.9918222427368164,0.3981602191925049,0.7487192749977112,-0.02030281350016594,0.9846566319465637,forward,144.51661995318165,1
560,18.685333333333332,52.88887023925781,,,,,,,,,,,,,,,,,,,,0.45137932896614075,0.5290448665618896,-0.011539287865161896,0.9998003840446472,0.42816776037216187,0.6220606565475464,-0.04102185741066933,0.9933621287345886,0.4106243848800659,0.7170083522796631,0.1862546056509018,0.9919304251670837,0.39815059304237366,0.7487210035324097,-0.02510852739214897,0.9848256707191467,forward,143.92826071404477,1
561,18.718700000000002,53.12824249267578,,,,,,,,,,,,,,,,,,,,0.4514428377151489,0.5301133990287781,-0.01059164758771658,0.9997978806495667,0.42798539996147156,0.62224942445755,-0.03869076445698738,0.9934839010238647,0.41057464480400085,0.717008650302887,0.20155806839466095,0.992103099822998,0.3979905843734741,0.7487775087356567,-0.011703722178936005,0.9850867390632629,forward,142.21788262491572,1
562,18.752066666666668,54.49795722961426,,,,,,,,,,,,,,,,,,,,0.45149099826812744,0.5305259227752686,-0.009271318092942238,0.9997954368591309,0.4279630482196808,0.6223705410957336,-0.030304711312055588,0.9935885667800903,0.4105718433856964,0.7169704437255859,0.22274255752563477,0.9922531843185425,0.39791393280029297,0.7488135695457458,0.010746469721198082,0.9852960705757141,forward,141.41128866160219,1
563,18.785433333333334,54.167985916137695,,,,,,,,,,,,,,,,,,,,0.4517742693424225,0.5307337641716003,-0.009256075136363506,0.9997923374176025,0.4280308187007904,0.6229923963546753,-0.02771332673728466,0.9936957955360413,0.41057461500167847,0.7170202732086182,0.23408272862434387,0.9924132227897644,0.3978814482688904,0.7489890456199646,0.01823749579489231,0.9855142831802368,forward,140.53541504447318,1
564,18.8188,54.575204849243164,,,,,,,,,,,,,,,,,,,,0.45221060514450073,0.5312876105308533,-0.010287345387041569,0.9997894167900085,0.42810508608818054,0.6241579055786133,-0.025356031954288483,0.993744432926178,0.41059863567352295,0.7173058390617371,0.2370946854352951,0.9925026893615723,0.3978765308856964,0.7492126822471619,0.02085086703300476,0.985594630241394,forward,139.41002485084513,1
565,18.852166666666665,54.112911224365234,,,,,,,,,,,,,,,,,,,,0.4526253640651703,0.5319337844848633,-0.012193017639219761,0.9997897148132324,0.428320050239563,0.62516188621521,-0.0242767333984375,0.9937849640846252,0.41071414947509766,0.7175208330154419,0.23233620822429657,0.9925907254219055,0.39787372946739197,0.7495030760765076,0.01723783276975155,0.9856812953948975,forward,138.3308356023773,1
566,18.885533333333335,53.809165954589844,,,,,,,,,,,,,,,,,,,,0.45348793268203735,0.532760500907898,-0.013627921231091022,0.9997902512550354,0.42832666635513306,0.6258974075317383,-0.03225002810359001,0.9936500787734985,0.41078007221221924,0.7178929448127747,0.1972646713256836,0.992474377155304,0.39816832542419434,0.7498779892921448,-0.014909841120243073,0.9854309558868408,forward,137.5211315265426,1
567,18.9189,52.023887634277344,,,,,,,,,,,,,,,,,,,,0.45396363735198975,0.5343611240386963,-0.013902335427701473,0.9997900128364563,0.42755231261253357,0.6262727379798889,-0.03837057203054428,0.9933874011039734,0.4109562039375305,0.7179673314094543,0.18112164735794067,0.9921942949295044,0.3985370993614197,0.7499819993972778,-0.027479778975248337,0.9849287271499634,forward,135.320205916107,1
568,18.952266666666667,51.032066345214844,,,,,,,,,,,,,,,,,,,,0.45406898856163025,0.5369265079498291,-0.015082944184541702,0.9997895956039429,0.42669638991355896,0.6273232698440552,-0.037227481603622437,0.9930599331855774,0.41118159890174866,0.7179831862449646,0.1847740262746811,0.9918739795684814,0.39895346760749817,0.7501130700111389,-0.021740611642599106,0.9842241406440735,forward,131.62777637031814,1
569,18.985633333333332,50.87590217590332,,,,,,,,,,,,,,,,,,,,0.45425179600715637,0.540057361125946,-0.014980729669332504,0.999797523021698,0.4254382848739624,0.6285532712936401,-0.010603207163512707,0.9926976561546326,0.4112808108329773,0.7179826498031616,0.2549365162849426,0.9916794300079346,0.39861947298049927,0.7501161098480225,0.046967919915914536,0.9838216304779053,forward,127.44415519136552,1
570,19.019000000000002,52.783966064453125,,,,,,,,,,,,,,,,,,,,0.4544975757598877,0.5419503450393677,-0.014931978657841682,0.9998064041137695,0.4233226478099823,0.6292468905448914,-0.00811467133462429,0.9920670986175537,0.41126614809036255,0.7178928852081299,0.2675345540046692,0.991275429725647,0.3985407054424286,0.7501670122146606,0.05842074379324913,0.9831466674804688,forward,124.94721236728599,1
571,19.052366666666668,52.773237228393555,,,,,,,,,,,,,,,,,,,,0.45510807633399963,0.5428155064582825,-0.01586330123245716,0.9998173117637634,0.42195355892181396,0.6297284364700317,-0.012029819190502167,0.9914618134498596,0.41133832931518555,0.717799723148346,0.2516426146030426,0.9909968376159668,0.3984145522117615,0.7501722574234009,0.04214553162455559,0.9827631711959839,forward,123.71220762425969,1
572,19.085733333333334,53.503990173339844,,,,,,,,,,,,,,,,,,,,0.455693781375885,0.543736457824707,-0.017609650269150734,0.9998286962509155,0.42118319869041443,0.6300933361053467,-0.06764765828847885,0.9911292791366577,0.4115074574947357,0.7177734375,0.18062901496887207,0.9909551739692688,0.39839276671409607,0.7506885528564453,-0.032078299671411514,0.9827418327331543,forward,122.57373332122894,1
573,19.1191,53.06506156921387,,,,,,,,,,,,,,,,,,,,0.4568898379802704,0.5441615581512451,-0.017507879063487053,0.9998392462730408,0.4201797842979431,0.6305783987045288,-0.05569634959101677,0.9909568428993225,0.4115361273288727,0.7173965573310852,0.23237808048725128,0.9909446835517883,0.3981766700744629,0.7507861852645874,0.02489275299012661,0.9827574491500854,forward,121.47828895654106,1
574,19.152466666666665,53.58409881591797,,,,,,,,,,,,,,,,,,,,0.4577088952064514,0.5448558330535889,-0.014774887822568417,0.9998446702957153,0.4196082353591919,0.6317306160926819,-0.024339379742741585,0.9906598925590515,0.4116477966308594,0.7167924642562866,0.29812872409820557,0.9907553791999817,0.39710935950279236,0.750271737575531,0.09724397212266922,0.9824771881103516,forward,119.74089845655433,1
575,19.185833333333335,52.446842193603516,,,,,,,,,,,,,,,,,,,,0.4585210084915161,0.5461500287055969,-0.009752852842211723,0.9998515844345093,0.41845381259918213,0.6325165033340454,-0.021260669454932213,0.9905465245246887,0.412092924118042,0.7165733575820923,0.3011762797832489,0.9907106161117554,0.39626261591911316,0.7498261332511902,0.09890396893024445,0.9823649525642395,forward,117.98978518038396,1
576,19.2192,53.1158447265625,,,,,,,,,,,,,,,,,,,,0.459511935710907,0.547974705696106,-0.007933039218187332,0.9998602271080017,0.41647660732269287,0.6333359479904175,-0.043932005763053894,0.9906232953071594,0.41223782300949097,0.7166401743888855,0.2791285216808319,0.9907922744750977,0.39354702830314636,0.7498103976249695,0.0740712508559227,0.9824199080467224,forward,116.06117330333933,1
577,19.252566666666667,52.626848220825195,,,,,,,,,,,,,,,,,,,,0.45972469449043274,0.5501682758331299,-0.006044189445674419,0.9998691082000732,0.4145362377166748,0.6342135071754456,-0.07713647186756134,0.9909154176712036,0.4122004806995392,0.7166468501091003,0.25639235973358154,0.9910567998886108,0.3905332684516907,0.7497139573097229,0.05033871531486511,0.982802152633667,forward,113.73990276469286,1
578,19.285933333333332,52.47807502746582,,,,,,,,,,,,,,,,,,,,0.460063636302948,0.5526785254478455,-0.006277887616306543,0.9998785853385925,0.4131849706172943,0.634642481803894,-0.12948726117610931,0.9912244081497192,0.4120127856731415,0.716577410697937,0.20378391444683075,0.9912837147712708,0.38903722167015076,0.7497562170028687,-0.0012721560196951032,0.983099639415741,forward,111.16409926006406,1
579,19.319300000000002,52.11591720581055,,,,,,,,,,,,,,,,,,,,0.46056246757507324,0.5546650290489197,-0.006359163671731949,0.9998867511749268,0.41189321875572205,0.6348775625228882,-0.1180853545665741,0.9915276765823364,0.4116799831390381,0.7165550589561462,0.21525149047374725,0.9915245175361633,0.3874070346355438,0.7497798204421997,0.009785125963389874,0.9834042191505432,forward,109.25169566674478,1
580,19.352666666666668,52.82306671142578,,,,,,,,,,,,,,,,,,,,0.46146371960639954,0.5569231510162354,-0.0065999217331409454,0.999893069267273,0.4105226993560791,0.635851263999939,-0.10866840928792953,0.9917501211166382,0.4106079638004303,0.7165296673774719,0.21951402723789215,0.991669237613678,0.3865533471107483,0.7497907280921936,0.015777163207530975,0.9835358262062073,forward,107.0182627344715,1
581,19.386033333333334,52.635908126831055,,,,,,,,,,,,,,,,,,,,0.46216848492622375,0.5591937899589539,-0.007132687605917454,0.9999001026153564,0.40843042731285095,0.6365222334861755,-0.20771709084510803,0.9920973181724548,0.4094938635826111,0.7165146470069885,0.14857032895088196,0.9917328953742981,0.3850688338279724,0.7498255372047424,-0.042492374777793884,0.9834808111190796,forward,104.8932825830532,1
582,19.4194,52.56986618041992,,,,,,,,,,,,,,,,,,,,0.46256497502326965,0.5611571073532104,-0.007302325218915939,0.9999066591262817,0.40685737133026123,0.6368539333343506,-0.2618161737918854,0.9924430251121521,0.40926986932754517,0.7163741588592529,0.07074186205863953,0.9918026924133301,0.38533803820610046,0.7498534917831421,-0.12033694237470627,0.9834775924682617,forward,103.01269445303404,1
583,19.452766666666665,52.42204666137695,,,,,,,,,,,,,,,,,,,,0.46276411414146423,0.5634952187538147,-0.007386792916804552,0.9999131560325623,0.40475597977638245,0.637246310710907,-0.31126144528388977,0.9928685426712036,0.4091372787952423,0.716386079788208,0.007154387421905994,0.992047131061554,0.3843553364276886,0.7500208616256714,-0.18757590651512146,0.9838384389877319,forward,101.01089256955866,1
584,19.486133333333335,52.93393135070801,,,,,,,,,,,,,,,,,,,,0.4629935026168823,0.5648162961006165,-0.007065617013722658,0.9999192953109741,0.4050373136997223,0.6373465657234192,-0.31019651889801025,0.9931839108467102,0.4085880517959595,0.716621994972229,0.004650990478694439,0.9921145439147949,0.3830881118774414,0.7500874400138855,-0.19100339710712433,0.9838590621948242,forward,100.1615531979669,1
585,19.5195,52.6118278503418,,,,,,,,,,,,,,,,,,,,0.4630281925201416,0.5672205090522766,-0.005796069744974375,0.9999257922172546,0.40526750683784485,0.6373104453086853,-0.36967068910598755,0.9934890270233154,0.40857288241386414,0.7169151902198792,-0.06298141181468964,0.9921501278877258,0.38168880343437195,0.7500916719436646,-0.26124000549316406,0.9839070439338684,forward,98.57490776907682,1
586,19.552866666666667,52.56485939025879,,,,,,,,,,,,,,,,,,,,0.46301284432411194,0.569350004196167,-0.004559800028800964,0.9999317526817322,0.40534722805023193,0.6374139189720154,-0.38542965054512024,0.9937744736671448,0.40825751423835754,0.7170558571815491,-0.08738984167575836,0.9922166466712952,0.3817325830459595,0.7503671050071716,-0.2912847101688385,0.9840224981307983,forward,97.06096050068325,1
587,19.586233333333332,53.96103858947754,,,,,,,,,,,,,,,,,,,,0.4629930853843689,0.5715836882591248,-0.003626170102506876,0.999937117099762,0.40503042936325073,0.6374194622039795,-0.441495805978775,0.994072675704956,0.4082663059234619,0.7170838117599487,-0.12702447175979614,0.9921038746833801,0.3823096454143524,0.7503252625465393,-0.31567421555519104,0.9838074445724487,forward,95.4194319014411,1
588,19.619600000000002,52.195072174072266,,,,,,,,,,,,,,,,,,,,0.462993860244751,0.5737060904502869,-0.003753737546503544,0.9999424815177917,0.4043104648590088,0.6374439597129822,-0.48464372754096985,0.9944567680358887,0.40878820419311523,0.7172349691390991,-0.22533726692199707,0.9922459721565247,0.38235440850257874,0.7502845525741577,-0.4111526608467102,0.9841499328613281,forward,94.01969111919954,1
589,19.652966666666668,52.48594284057617,,,,,,,,,,,,,,,,,,,,0.46299538016319275,0.5744718909263611,-0.00350387510843575,0.9999469518661499,0.4039686322212219,0.6375589370727539,-0.4763012230396271,0.9946739077568054,0.40873631834983826,0.7173576354980469,-0.19047744572162628,0.9921378493309021,0.38279804587364197,0.7500947117805481,-0.3841986656188965,0.9840086698532104,forward,93.55947725442769,1
590,19.686333333333334,51.55467987060547,,,,,,,,,,,,,,,,,,,,0.4629743993282318,0.5756557583808899,-0.0035711314994841814,0.9999516010284424,0.40352630615234375,0.6375414729118347,-0.5308371186256409,0.9950183033943176,0.40872466564178467,0.717373251914978,-0.284673273563385,0.9922870397567749,0.38285964727401733,0.7497918605804443,-0.4734877049922943,0.9843999147415161,forward,92.73738076175006,1
591,19.7197,51.37896537780762,,,,,,,,,,,,,,,,,,,,0.4629821479320526,0.5773010849952698,-0.003627204103395343,0.9999558329582214,0.40283721685409546,0.6375398635864258,-0.5286547541618347,0.9953749179840088,0.4085977077484131,0.7173712253570557,-0.2663886249065399,0.9924972057342529,0.38325539231300354,0.7490953803062439,-0.4391452968120575,0.9848450422286987,forward,91.57857020529744,1
592,19.753066666666665,51.70488357543945,,,,,,,,,,,,,,,,,,,,0.4629961848258972,0.5783900618553162,-0.003883478930220008,0.9999594688415527,0.4022502899169922,0.6375277638435364,-0.5259888172149658,0.9956409931182861,0.40844061970710754,0.7175594568252563,-0.2775423228740692,0.9926234483718872,0.3833737075328827,0.748152494430542,-0.46078377962112427,0.9851322770118713,forward,91.02185369174516,1
593,19.786433333333335,52.726030349731445,,,,,,,,,,,,,,,,,,,,0.46298444271087646,0.5787370800971985,-0.003915848676115274,0.9999628067016602,0.4019091725349426,0.6374667882919312,-0.5249740481376648,0.9959256052970886,0.40831905603408813,0.7175534963607788,-0.2703002095222473,0.9928475022315979,0.3837374448776245,0.7477606534957886,-0.4521043598651886,0.9855789542198181,forward,90.79764039317998,1
594,19.8198,54.058074951171875,,,,,,,,,,,,,,,,,,,,0.46288594603538513,0.5789516568183899,-0.004217608831822872,0.9999659061431885,0.4001918435096741,0.6375724077224731,-0.5273162722587585,0.996196985244751,0.40824371576309204,0.7175449132919312,-0.2745070159435272,0.9930996298789978,0.3842611312866211,0.7474607825279236,-0.454156756401062,0.9860684275627136,forward,90.6036080105093,1
595,19.853166666666667,53.39312553405762,,,,,,,,,,,,,,,,,,,,0.46287453174591064,0.57960444688797,-0.005403921473771334,0.9999687075614929,0.3999577462673187,0.6376020312309265,-0.5401495099067688,0.9964411854743958,0.4080309271812439,0.7175073027610779,-0.28230759501457214,0.9933341145515442,0.3844817280769348,0.7472339272499084,-0.46344950795173645,0.9865111708641052,forward,90.10589381099098,1
596,19.886533333333333,53.77793312072754,,,,,,,,,,,,,,,,,,,,0.4628699719905853,0.5790349841117859,-0.005583576858043671,0.9999712705612183,0.39929428696632385,0.6378609538078308,-0.5092068314552307,0.9966856837272644,0.40797871351242065,0.7175252437591553,-0.24933390319347382,0.9936332106590271,0.38448935747146606,0.7471888661384583,-0.4307772219181061,0.9870346188545227,forward,90.42560412705123,1
597,19.919900000000002,53.47084999084473,,,,,,,,,,,,,,,,,,,,0.46286794543266296,0.5785732269287109,-0.005746032111346722,0.9999735355377197,0.3989950120449066,0.6384236812591553,-0.49934467673301697,0.9968995451927185,0.407977819442749,0.7176830768585205,-0.23336701095104218,0.993910014629364,0.384530246257782,0.7472096681594849,-0.41838425397872925,0.9875124096870422,forward,90.71941994701098,1
598,19.953266666666668,54.10194396972656,,,,,,,,,,,,,,,,,,,,0.46271952986717224,0.5772758722305298,-0.005662012845277786,0.9999756217002869,0.3990088999271393,0.6387522220611572,-0.4902699887752533,0.9970909953117371,0.4079783260822296,0.7177912592887878,-0.22688183188438416,0.9941867589950562,0.38460132479667664,0.7472713589668274,-0.41138988733291626,0.988011360168457,forward,91.63436553801337,1
599,19.986633333333334,57.327985763549805,,,,,,,,,,,,,,,,,,,,0.46254220604896545,0.5743113160133362,-0.004847510252147913,0.9999773502349854,0.39927202463150024,0.6388587355613708,-0.48265308141708374,0.9972468018531799,0.40797123312950134,0.7181537747383118,-0.22077596187591553,0.9944204092025757,0.38465607166290283,0.7476436495780945,-0.4080032706260681,0.9884070754051208,forward,94.09607325858371,1
600,20.02,53.691864013671875,,,,,,,,,,,,,,,,,,,,0.46233266592025757,0.569395899772644,-0.004647967405617237,0.9999788999557495,0.4004737436771393,0.6382716298103333,-0.4780745804309845,0.997349202632904,0.407970130443573,0.7184520959854126,-0.2131950706243515,0.9945840835571289,0.3846871256828308,0.7477146983146667,-0.4112298786640167,0.9886658191680908,forward,98.23772019172105,1
601,20.053366666666665,54.221153259277344,,,,,,,,,,,,,,,,,,,,0.46221452951431274,0.5646314024925232,-0.003626760793849826,0.9999802708625793,0.40130379796028137,0.6371864080429077,-0.44387954473495483,0.9973883628845215,0.40802791714668274,0.7184529900550842,-0.13171011209487915,0.9946139454841614,0.3846740126609802,0.7480791211128235,-0.34051522612571716,0.9886520504951477,forward,102.27044506541114,1
602,20.086733333333335,53.649187088012695,,,,,,,,,,,,,,,,,,,,0.46221041679382324,0.5606266260147095,-0.0021230566781014204,0.9999811053276062,0.4040888845920563,0.6354073286056519,-0.39228305220603943,0.997353196144104,0.4082718789577484,0.7183497548103333,-0.09567663818597794,0.9946072101593018,0.3848227560520172,0.7480848431587219,-0.3112220764160156,0.988548219203949,forward,105.9384878568021,1
603,20.1201,53.36713790893555,,,,,,,,,,,,,,,,,,,,0.4622551202774048,0.5569370985031128,0.0008854642510414124,0.9999814629554749,0.4054710865020752,0.6345859169960022,-0.3360814154148102,0.99728924036026,0.4082696735858917,0.718400776386261,-0.056984852999448776,0.9947066903114319,0.38436076045036316,0.7484303116798401,-0.28150835633277893,0.9886831641197205,forward,109.37850870594772,1
604,20.153466666666667,54.698944091796875,,,,,,,,,,,,,,,,,,,,0.4622696340084076,0.5532600283622742,0.0022214162163436413,0.9999806880950928,0.4073217809200287,0.6338809728622437,-0.2964337170124054,0.9971795678138733,0.40842270851135254,0.718549907207489,-0.0154360206797719,0.9947899580001831,0.38432061672210693,0.7486870288848877,-0.239859938621521,0.9888010621070862,forward,113.05200962704754,1
605,20.186833333333333,54.32605743408203,,,,,,,,,,,,,,,,,,,,0.4622659683227539,0.5494924783706665,0.000981766963377595,0.9999805688858032,0.4091004431247711,0.6322678923606873,-0.3402650058269501,0.9970632791519165,0.4093341827392578,0.7191202044487,-0.08438178896903992,0.9949159622192383,0.3854976296424866,0.7487586736679077,-0.32673412561416626,0.9890797734260559,forward,117.83511396118817,1
606,20.220200000000002,54.428815841674805,,,,,,,,,,,,,,,,,,,,0.4620743691921234,0.5455734729766846,-0.00010195387585554272,0.9999802708625793,0.41154730319976807,0.6286491751670837,-0.346262663602829,0.9969387650489807,0.4094716012477875,0.7193765640258789,-0.10116178542375565,0.995064377784729,0.3862304985523224,0.7488270401954651,-0.3679395020008087,0.9894562363624573,forward,123.81396728160657,1
607,20.253566666666668,54.01968955993652,,,,,,,,,,,,,,,,,,,,0.4621070921421051,0.5427306294441223,-0.009640644304454327,0.9999798536300659,0.4141625165939331,0.6264600157737732,-0.3232845067977905,0.9967477321624756,0.4104853570461273,0.71937495470047,-0.09219228476285934,0.9951773881912231,0.3888739347457886,0.7488126158714294,-0.3608705997467041,0.9897735118865967,forward,128.4460334897513,1
608,20.286933333333334,54.69489097595215,,,,,,,,,,,,,,,,,,,,0.4621342420578003,0.5399825572967529,-0.01219375804066658,0.9999785423278809,0.4163685142993927,0.6261805891990662,-0.17859716713428497,0.9963594675064087,0.41207876801490784,0.7187912464141846,0.08839317411184311,0.9950696229934692,0.3920094072818756,0.7488357424736023,-0.1515110731124878,0.989673912525177,forward,130.36159990692576,1
609,20.3203,54.72683906555176,,,,,,,,,,,,,,,,,,,,0.46215230226516724,0.5376452803611755,-0.0202481746673584,0.9999772310256958,0.4211476147174835,0.6244862079620361,-0.08998151123523712,0.995896577835083,0.4133075773715973,0.7179579138755798,0.16198743879795074,0.9949589371681213,0.39352598786354065,0.7488670349121094,-0.06904049962759018,0.9895243644714355,forward,132.82663174810565,1
610,20.353666666666665,53.02000045776367,,,,,,,,,,,,,,,,,,,,0.4621633291244507,0.5354403257369995,-0.02397896908223629,0.9999763369560242,0.4248358905315399,0.6241462826728821,-0.08424299955368042,0.9957230091094971,0.4139088988304138,0.7177236080169678,0.14372974634170532,0.9950706958770752,0.39373838901519775,0.7488419413566589,-0.0924815982580185,0.9897345900535583,forward,135.13110304791633,1
611,20.387033333333335,52.983760833740234,,,,,,,,,,,,,,,,,,,,0.46230512857437134,0.5345237851142883,-0.025451667606830597,0.9999736547470093,0.42645207047462463,0.6246225237846375,-0.05198829248547554,0.995549738407135,0.4141736626625061,0.7177295684814453,0.17730486392974854,0.9951143860816956,0.39527595043182373,0.7488481998443604,-0.04999636486172676,0.9897629618644714,forward,135.76228677306915,1
612,20.4204,54.589271545410156,,,,,,,,,,,,,,,,,,,,0.4623056650161743,0.5339434146881104,-0.023388540372252464,0.9999642968177795,0.4288890063762665,0.6248853802680969,-0.020924018695950508,0.9951419830322266,0.4143162667751312,0.7176772356033325,0.20659039914608002,0.9947583675384521,0.39784470200538635,0.7488271594047546,-0.003467322327196598,0.9889869093894958,forward,136.1561484187048,1
613,20.453766666666667,54.7337532043457,,,,,,,,,,,,,,,,,,,,0.46230199933052063,0.5341072678565979,-0.02270202897489071,0.9999530911445618,0.42960312962532043,0.6248570084571838,-0.007874480448663235,0.9947122931480408,0.4142671525478363,0.7176823019981384,0.22185589373111725,0.9943587779998779,0.3980052173137665,0.7488535046577454,0.014112815260887146,0.9881709814071655,forward,135.98361583765978,1
614,20.487133333333333,54.279327392578125,,,,,,,,,,,,,,,,,,,,0.46212923526763916,0.5329688787460327,-0.023169048130512238,0.9999464154243469,0.4306045174598694,0.6248384714126587,-0.008276238106191158,0.994407594203949,0.41435137391090393,0.718045175075531,0.2291877716779709,0.994141697883606,0.3977507948875427,0.7488654851913452,0.015138084068894386,0.9877406358718872,forward,138.19358521088836,1
615,20.520500000000002,54.41713333129883,,,,,,,,,,,,,,,,,,,,0.46208590269088745,0.5322257280349731,-0.0227322056889534,0.9999392032623291,0.4313613176345825,0.6249383687973022,-0.026294875890016556,0.9942598938941956,0.4143836796283722,0.7184311747550964,0.19961033761501312,0.9939799308776855,0.39747610688209534,0.7489364743232727,-0.013120320625603199,0.9875012040138245,forward,139.93121371187908,1
616,20.553866666666668,53.79986763000488,,,,,,,,,,,,,,,,,,,,0.4620504379272461,0.5313716530799866,-0.022860677912831306,0.9999330043792725,0.43320000171661377,0.6249248385429382,-0.031168531626462936,0.9941560626029968,0.41439583897590637,0.7185087203979492,0.20245996117591858,0.9938704967498779,0.39738577604293823,0.7489891648292542,-0.016407473012804985,0.9873822927474976,forward,141.30286805411217,1
617,20.587233333333334,54.66294288635254,,,,,,,,,,,,,,,,,,,,0.4619216024875641,0.5309502482414246,-0.021154453977942467,0.9999282956123352,0.4344298243522644,0.6246299147605896,-0.032862067222595215,0.9941492080688477,0.4143199920654297,0.718451738357544,0.218814879655838,0.9938623905181885,0.39724817872047424,0.7489648461341858,-0.0010875868611037731,0.9874668121337891,forward,142.01961305275802,1
618,20.6206,53.897857666015625,,,,,,,,,,,,,,,,,,,,0.46150532364845276,0.5301933884620667,-0.01789497397840023,0.9999207854270935,0.43488797545433044,0.6242350935935974,-0.044573839753866196,0.9942652583122253,0.41383466124534607,0.7183688879013062,0.21599076688289642,0.9939558506011963,0.39644742012023926,0.7487965822219849,-0.005244899541139603,0.9876798987388611,forward,143.2777823361561,1
619,20.653966666666665,55.04179000854492,,,,,,,,,,,,,,,,,,,,0.46101799607276917,0.5297783613204956,-0.013433180749416351,0.9999103546142578,0.4349626898765564,0.6241543292999268,-0.02907986007630825,0.9942588210105896,0.41382482647895813,0.7183296084403992,0.22664590179920197,0.9939033389091492,0.39618581533432007,0.7484269738197327,0.012575442902743816,0.9875999093055725,forward,143.87416545321176,1
620,20.687333333333335,54.46290969848633,,,,,,,,,,,,,,,,,,,,0.4604736566543579,0.5296792387962341,-0.010456186719238758,0.9999025464057922,0.4348223805427551,0.624103844165802,-0.03765459731221199,0.9943237900733948,0.4138333797454834,0.7183091044425964,0.22063027322292328,0.9939368367195129,0.39551204442977905,0.7479186654090881,0.004571650177240372,0.9876835346221924,forward,144.02007856004536,1
621,20.7207,53.99894714355469,,,,,,,,,,,,,,,,,,,,0.4597640037536621,0.5296031832695007,-0.010247115045785904,0.9998939037322998,0.43459492921829224,0.623931884765625,-0.045287009328603745,0.9943513870239258,0.41389065980911255,0.7179316282272339,0.20624959468841553,0.9939352869987488,0.3954683244228363,0.7476377487182617,-0.009844972752034664,0.9877215027809143,forward,143.3841705724501,1
622,20.754066666666667,53.169965744018555,,,,,,,,,,,,,,,,,,,,0.4591391682624817,0.5288645029067993,-0.010767484083771706,0.9998864531517029,0.4344659447669983,0.6233990788459778,-0.04843640327453613,0.9943032264709473,0.4138672649860382,0.7174360156059265,0.20323826372623444,0.9938511252403259,0.39563071727752686,0.7476031184196472,-0.016457049176096916,0.9876374006271362,forward,143.78201353748793,1
623,20.787433333333333,53.04884910583496,,,,,,,,,,,,,,,,,,,,0.4586593210697174,0.5288681387901306,-0.012403996661305428,0.9998801350593567,0.4343187212944031,0.6231321096420288,-0.050059664994478226,0.9942635297775269,0.41350704431533813,0.7174126505851746,0.20291602611541748,0.99378502368927,0.3956085443496704,0.7476080060005188,-0.019272159785032272,0.9875875115394592,forward,143.9640597707594,1
624,20.820800000000002,52.416086196899414,,,,,,,,,,,,,,,,,,,,0.45792466402053833,0.5288279056549072,-0.012563154101371765,0.9998753070831299,0.43375706672668457,0.6231439113616943,-0.0488450713455677,0.9942396283149719,0.4131254553794861,0.717370867729187,0.1987558752298355,0.9937446117401123,0.39559099078178406,0.7476057410240173,-0.02183348312973976,0.9875844717025757,forward,143.91012519683548,1
625,20.854166666666668,53.33518981933594,,,,,,,,,,,,,,,,,,,,0.45774123072624207,0.528816819190979,-0.012600459158420563,0.9998711347579956,0.4331463873386383,0.6231278777122498,-0.045140571892261505,0.9941927790641785,0.4127880036830902,0.7172974944114685,0.1956828236579895,0.9936789870262146,0.3953326344490051,0.7476585507392883,-0.019262732937932014,0.987533688545227,forward,143.7632667855379,1
626,20.887533333333334,52.806854248046875,,,,,,,,,,,,,,,,,,,,0.45756882429122925,0.5283148288726807,-0.011703778058290482,0.9998675584793091,0.4315052926540375,0.6230252385139465,-0.041706353425979614,0.9941253066062927,0.4126895070075989,0.7171506881713867,0.1941511482000351,0.9935954213142395,0.39476141333580017,0.7475596070289612,-0.015105306170880795,0.9874536395072937,forward,144.26129416316087,1
627,20.9209,52.2618293762207,,,,,,,,,,,,,,,,,,,,0.45756661891937256,0.5280147790908813,-0.011303654871881008,0.9998648166656494,0.43078890442848206,0.6229251623153687,-0.03837580606341362,0.9940056800842285,0.4126637279987335,0.7170290350914001,0.19376584887504578,0.9934516549110413,0.3945092260837555,0.7474299073219299,-0.012656289152801037,0.9872766733169556,forward,144.5184207103464,1
628,20.954266666666665,52.883148193359375,,,,,,,,,,,,,,,,,,,,0.45701950788497925,0.5279377698898315,-0.012447468005120754,0.9998612999916077,0.42951685190200806,0.6227919459342957,-0.04013337567448616,0.9939582347869873,0.41255712509155273,0.7169893980026245,0.1931474506855011,0.9933893084526062,0.39424628019332886,0.7475922107696533,-0.014643254689872265,0.9872147440910339,forward,144.6569688879539,1
629,20.987633333333335,52.336931228637695,,,,,,,,,,,,,,,,,,,,0.4564492404460907,0.5277530550956726,-0.014303270727396011,0.9998568296432495,0.4282359182834625,0.6227583289146423,-0.04111095517873764,0.9938983917236328,0.4125073254108429,0.7169756293296814,0.19276782870292664,0.9933016896247864,0.39418867230415344,0.747654139995575,-0.015721864998340607,0.9871065020561218,forward,144.9406456134122,1
630,21.021,52.824974060058594,,,,,,,,,,,,,,,,,,,,0.45614394545555115,0.5275649428367615,-0.014607238583266735,0.9998527765274048,0.427491694688797,0.6227619647979736,-0.040989190340042114,0.9938058853149414,0.4124862849712372,0.7169651389122009,0.19174832105636597,0.9931782484054565,0.394056111574173,0.7476552724838257,-0.016165288165211678,0.9869472980499268,forward,145.20851704536997,1
631,21.054366666666667,51.99408531188965,,,,,,,,,,,,,,,,,,,,0.45605263113975525,0.527554452419281,-0.015277841128408909,0.9998481273651123,0.42719897627830505,0.622784435749054,-0.040154747664928436,0.9936864972114563,0.412452757358551,0.7169598937034607,0.19147701561450958,0.993015706539154,0.39401009678840637,0.7476873993873596,-0.014919521287083626,0.9867258071899414,forward,145.19359660923718,1
632,21.087733333333333,53.80415916442871,,,,,,,,,,,,,,,,,,,,0.45590177178382874,0.5275044441223145,-0.01599804125726223,0.9998446702957153,0.42682603001594543,0.6227864623069763,-0.04010186716914177,0.9935586452484131,0.41244348883628845,0.7169087529182434,0.18837259709835052,0.9928611516952515,0.3939013183116913,0.7476895451545715,-0.015310052782297134,0.9865235090255737,forward,145.1483150279013,1
633,21.121100000000002,53.73501777648926,,,,,,,,,,,,,,,,,,,,0.45580726861953735,0.5274282097816467,-0.016304245218634605,0.9998429417610168,0.42648792266845703,0.6227900385856628,-0.04026446491479874,0.9934529066085815,0.41241756081581116,0.7168532013893127,0.1881309300661087,0.9927294850349426,0.39388948678970337,0.7476872205734253,-0.01559440977871418,0.9863566160202026,forward,145.1348827908513,1
634,21.154466666666668,53.949832916259766,,,,,,,,,,,,,,,,,,,,0.45580577850341797,0.5273376107215881,-0.016300465911626816,0.9998394250869751,0.42629483342170715,0.6227895617485046,-0.04052354767918587,0.993328332901001,0.4123745560646057,0.7167766094207764,0.18577539920806885,0.9925704002380371,0.3938719928264618,0.7476856112480164,-0.017346709966659546,0.9861348271369934,forward,145.10027761160404,1
635,21.187833333333334,54.804086685180664,,,,,,,,,,,,,,,,,,,,0.4558021128177643,0.5273197889328003,-0.016297150403261185,0.9998370409011841,0.42608213424682617,0.622791588306427,-0.04041685536503792,0.9932716488838196,0.41231873631477356,0.7167189717292786,0.18835604190826416,0.9924911260604858,0.39386194944381714,0.7476867437362671,-0.015820512548089027,0.9860315918922424,forward,144.9928872898287,1
636,21.2212,54.26216125488281,,,,,,,,,,,,,,,,,,,,0.45586180686950684,0.5273277163505554,-0.01629415713250637,0.9998345375061035,0.4260026216506958,0.6228345036506653,-0.039948489516973495,0.9931901693344116,0.41230103373527527,0.7166627645492554,0.18833251297473907,0.9923779964447021,0.39385274052619934,0.7476961612701416,-0.015338553115725517,0.9858735203742981,forward,144.82067673373712,1
637,21.254566666666665,54.79693412780762,,,,,,,,,,,,,,,,,,,,0.45604002475738525,0.5273316502571106,-0.015743376687169075,0.9998321533203125,0.4259054362773895,0.6228384375572205,-0.040000542998313904,0.9931613206863403,0.41222620010375977,0.7165682315826416,0.18830157816410065,0.9923462271690369,0.3936590850353241,0.7477177977561951,-0.01545253861695528,0.9858301281929016,forward,144.59656168214167,1
638,21.287933333333335,53.49588394165039,,,,,,,,,,,,,,,,,,,,0.45622169971466064,0.5274041295051575,-0.015485316514968872,0.9998299479484558,0.4257703125476837,0.6228497624397278,-0.042586226016283035,0.9931743741035461,0.4120504558086395,0.7165928483009338,0.18203206360340118,0.99235999584198,0.39346376061439514,0.7480575442314148,-0.025147315114736557,0.9858289957046509,forward,144.5274947445666,1
639,21.3213,53.462982177734375,,,,,,,,,,,,,,,,,,,,0.4563770890235901,0.5274096131324768,-0.01400435995310545,0.9998290538787842,0.4257596731185913,0.6228134036064148,-0.0451260544359684,0.9931524991989136,0.4120123088359833,0.7165897488594055,0.17194560170173645,0.9923373460769653,0.3932080864906311,0.7481202483177185,-0.03449174389243126,0.9857752323150635,forward,144.53541693602546,1
640,21.354666666666667,53.39407920837402,,,,,,,,,,,,,,,,,,,,0.4564974904060364,0.5274109244346619,-0.012958365492522717,0.999826192855835,0.42583557963371277,0.6228094100952148,-0.0460578016936779,0.9931694865226746,0.41202130913734436,0.7165765762329102,0.1737394481897354,0.9923503398895264,0.3931977152824402,0.7481644153594971,-0.03279130905866623,0.9857727885246277,forward,144.50599777126382,1
641,21.388033333333333,53.678035736083984,,,,,,,,,,,,,,,,,,,,0.4564761817455292,0.527414858341217,-0.012982741929590702,0.9998235106468201,0.42583367228507996,0.6228885054588318,-0.05213392898440361,0.993196964263916,0.4120158553123474,0.7165395021438599,0.16110344231128693,0.9923935532569885,0.39300408959388733,0.7481667995452881,-0.04603978618979454,0.985832929611206,forward,144.36574602092833,1
642,21.421400000000002,50.83894729614258,,,,,,,,,,,,,,,,,,,,0.45618587732315063,0.5277438163757324,-0.013522208668291569,0.9998217225074768,0.42584529519081116,0.6231120824813843,-0.056195031851530075,0.9932476282119751,0.4120229184627533,0.7165246605873108,0.15965893864631653,0.9924551844596863,0.39295706152915955,0.7481721639633179,-0.04944832623004913,0.9859284162521362,forward,143.67173433292734,1
643,21.454766666666668,51.4218807220459,,,,,,,,,,,,,,,,,,,,0.45595723390579224,0.528445839881897,-0.013557355850934982,0.9998217225074768,0.4256560206413269,0.6233654022216797,-0.05610181763768196,0.993295431137085,0.41210809350013733,0.7165029048919678,0.1597774177789688,0.9925401210784912,0.3928619623184204,0.748174250125885,-0.04791351780295372,0.9860718250274658,forward,142.37784291296617,1
644,21.488133333333334,51.12504959106445,,,,,,,,,,,,,,,,,,,,0.45521944761276245,0.5286872386932373,-0.013947594910860062,0.9998214244842529,0.42525458335876465,0.6234605312347412,-0.05621841922402382,0.9933694005012512,0.4121364653110504,0.716451108455658,0.1619032919406891,0.9926362633705139,0.39284709095954895,0.748173713684082,-0.0461542084813118,0.986234188079834,forward,141.84744327264093,1
645,21.5215,52.91104316711426,,,,,,,,,,,,,,,,,,,,0.4550451636314392,0.53023761510849,-0.013763077557086945,0.9998196363449097,0.42520707845687866,0.623733639717102,-0.053700875490903854,0.9933777451515198,0.41216805577278137,0.7165143489837646,0.1664537489414215,0.992653489112854,0.39274516701698303,0.748175323009491,-0.036003533750772476,0.9862527251243591,forward,139.53361339012272,1
646,21.554866666666666,53.993940353393555,,,,,,,,,,,,,,,,,,,,0.4549475312232971,0.5308035016059875,-0.01367583405226469,0.9998183250427246,0.425226092338562,0.623699963092804,-0.05489378795027733,0.9934689998626709,0.41219890117645264,0.7165966629981995,0.16676771640777588,0.9927647709846497,0.39273375272750854,0.7482355833053589,-0.03681529313325882,0.9864133596420288,forward,138.92888818753661,1
647,21.588233333333335,53.842782974243164,,,,,,,,,,,,,,,,,,,,0.45465877652168274,0.5314684510231018,-0.014435063116252422,0.9998146891593933,0.42551663517951965,0.6237465143203735,-0.053086455911397934,0.9935082197189331,0.41229474544525146,0.7165950536727905,0.17444367706775665,0.9927905797958374,0.39356112480163574,0.7482326030731201,-0.03220095485448837,0.98641037940979,forward,137.9945564482973,1
648,21.6216,53.13611030578613,,,,,,,,,,,,,,,,,,,,0.45455771684646606,0.5321363806724548,-0.014043265953660011,0.9998105764389038,0.42592307925224304,0.6241195201873779,-0.04333723336458206,0.9935746788978577,0.4125298857688904,0.7165937423706055,0.20459473133087158,0.9928618669509888,0.3945355713367462,0.7482101917266846,-0.008759445510804653,0.9864791631698608,forward,136.8652969159317,1
649,21.654966666666667,53.67779731750488,,,,,,,,,,,,,,,,,,,,0.45449522137641907,0.5328649282455444,-0.013590112328529358,0.9998083114624023,0.42635971307754517,0.6251469254493713,-0.03407306596636772,0.9936174154281616,0.41331684589385986,0.7165931463241577,0.21906034648418427,0.9929131865501404,0.3955465257167816,0.7486621141433716,0.007484434172511101,0.9865229725837708,forward,135.36859305281482,1
650,21.688333333333333,54.09884452819824,,,,,,,,,,,,,,,,,,,,0.4544532895088196,0.5333480834960938,-0.012442240491509438,0.9998054504394531,0.426390141248703,0.6253035068511963,-0.02889963425695896,0.9936278462409973,0.4139341711997986,0.7164229154586792,0.22406159341335297,0.9929496049880981,0.3961445391178131,0.7487585544586182,0.012682793661952019,0.986547589302063,forward,134.37120120995212,1
651,21.721700000000002,54.22472953796387,,,,,,,,,,,,,,,,,,,,0.4545864462852478,0.5348353981971741,-0.012222222052514553,0.999800980091095,0.42628544569015503,0.6257584095001221,-0.02988237887620926,0.9936237335205078,0.41406238079071045,0.7164079546928406,0.21542489528656006,0.9929651021957397,0.3960975706577301,0.748808741569519,0.005815274082124233,0.9865126013755798,forward,132.26163556343275,1
652,21.755066666666668,53.68781089782715,,,,,,,,,,,,,,,,,,,,0.45483696460723877,0.5356680154800415,-0.011879946105182171,0.9997962117195129,0.4256555140018463,0.6260811686515808,-0.029435601085424423,0.993645966053009,0.4141174852848053,0.7163392901420593,0.21996645629405975,0.9929949045181274,0.3956943452358246,0.7487891912460327,0.00929990317672491,0.9865074753761292,forward,130.99542619315272,1
653,21.788433333333334,54.59308624267578,,,,,,,,,,,,,,,,,,,,0.4555405378341675,0.5370877385139465,-0.011338192038238049,0.9997961521148682,0.42498594522476196,0.6265420317649841,-0.030329806730151176,0.9936177134513855,0.41412580013275146,0.7163682579994202,0.21540884673595428,0.9930019974708557,0.3955743908882141,0.7488378882408142,0.007370905485004187,0.9865010976791382,forward,129.1628643629881,1
654,21.8218,54.15821075439453,,,,,,,,,,,,,,,,,,,,0.45601803064346313,0.5389077663421631,-0.010993994772434235,0.9997981190681458,0.4233662784099579,0.6269775032997131,-0.03818390145897865,0.9935311675071716,0.4141029119491577,0.7162339687347412,0.21154405176639557,0.9929442405700684,0.3955410420894623,0.7487115263938904,0.0009598088217899203,0.9863815307617188,forward,126.70206174906116,1
655,21.855166666666666,53.90119552612305,,,,,,,,,,,,,,,,,,,,0.45603427290916443,0.5422030687332153,-0.008804415352642536,0.9998028874397278,0.42065542936325073,0.6292862296104431,-0.05222076177597046,0.9935047030448914,0.4141003489494324,0.7162982821464539,0.1939784735441208,0.9929728507995605,0.39355796575546265,0.7487347722053528,-0.015598689205944538,0.9864013195037842,forward,122.45140629275865,1
656,21.888533333333335,54.73184585571289,,,,,,,,,,,,,,,,,,,,0.4560437500476837,0.5443523526191711,-0.003531866939738393,0.9998081922531128,0.41856667399406433,0.6313806772232056,-0.05054726451635361,0.9933709502220154,0.4139810800552368,0.7162410020828247,0.2039872407913208,0.9929484724998474,0.39291703701019287,0.7487537264823914,-0.002391036367043853,0.9863399863243103,forward,119.66139505468081,1
657,21.9219,54.36396598815918,,,,,,,,,,,,,,,,,,,,0.4560425281524658,0.5459615588188171,-0.00405799550935626,0.999819815158844,0.41662418842315674,0.632224977016449,-0.06714274734258652,0.993249773979187,0.41333645582199097,0.7161877751350403,0.18521858751773834,0.9930139183998108,0.3909801244735718,0.7488707900047302,-0.03364446014165878,0.9864473938941956,forward,117.76973306435147,1
658,21.955266666666667,53.67279052734375,,,,,,,,,,,,,,,,,,,,0.45580607652664185,0.5486192107200623,-0.004416113253682852,0.9998307228088379,0.41528645157814026,0.6335085034370422,-0.07408653944730759,0.9931972026824951,0.4126405417919159,0.7161775827407837,0.1779840886592865,0.9931178092956543,0.39037322998046875,0.7488909959793091,-0.04197581112384796,0.9866142272949219,forward,114.85505146049118,1
659,21.988633333333333,52.61588096618652,,,,,,,,,,,,,,,,,,,,0.45569726824760437,0.5513333678245544,-0.004576034843921661,0.9998416304588318,0.41304245591163635,0.6348742842674255,-0.11121217906475067,0.9931465983390808,0.41243085265159607,0.7161915898323059,0.14515212178230286,0.9931475520133972,0.3900790512561798,0.7489050626754761,-0.07026295363903046,0.9866570830345154,forward,112.01497807165657,1
660,22.022000000000002,52.83212661743164,,,,,,,,,,,,,,,,,,,,0.4557211101055145,0.5516650676727295,-0.004759464878588915,0.9998515844345093,0.4121706783771515,0.634502649307251,-0.12349898368120193,0.993090033531189,0.41218101978302,0.7162371277809143,0.13828834891319275,0.9931502938270569,0.38993048667907715,0.7491515278816223,-0.07419922202825546,0.9866489171981812,forward,111.78153100205006,1
661,22.055366666666668,53.90000343322754,,,,,,,,,,,,,,,,,,,,0.45584896206855774,0.5527656078338623,-0.003280710196122527,0.9998605847358704,0.4117065370082855,0.6342713236808777,-0.15836511552333832,0.9929572343826294,0.41165417432785034,0.7162342071533203,0.09466827660799026,0.9930675029754639,0.38925477862358093,0.7492483854293823,-0.11801853030920029,0.9864923357963562,forward,110.76230431479493,1
662,22.088733333333334,53.57789993286133,,,,,,,,,,,,,,,,,,,,0.4559798538684845,0.5545496344566345,-0.0028322937432676554,0.9998679757118225,0.4108146131038666,0.6344242095947266,-0.19636447727680206,0.9928514957427979,0.41124427318573,0.7162365317344666,0.051737576723098755,0.9929705262184143,0.3890607953071594,0.7494311928749084,-0.16532249748706818,0.9863032698631287,forward,109.09132856116378,1
663,22.1221,54.207801818847656,,,,,,,,,,,,,,,,,,,,0.45624080300331116,0.5564098954200745,-0.0029501328244805336,0.9998765587806702,0.4099746346473694,0.6343218684196472,-0.2717832028865814,0.9928896427154541,0.4109308421611786,0.71613609790802,-0.03259500116109848,0.992924690246582,0.38891682028770447,0.7494316101074219,-0.24967651069164276,0.9862024188041687,forward,107.34558979110383,1
664,22.155466666666666,54.72707748413086,,,,,,,,,,,,,,,,,,,,0.4564988613128662,0.5582612752914429,-0.003263241145759821,0.9998854398727417,0.40850594639778137,0.6342102289199829,-0.33549290895462036,0.9929953813552856,0.41031157970428467,0.71602863073349,-0.10194001346826553,0.9929162859916687,0.38860443234443665,0.7495784163475037,-0.32181376218795776,0.986163854598999,forward,105.66320968746824,1
665,22.188833333333335,53.1919002532959,,,,,,,,,,,,,,,,,,,,0.4567285180091858,0.5598775148391724,-0.0033820481039583683,0.9998932480812073,0.40704068541526794,0.6342793107032776,-0.3413568139076233,0.99309241771698,0.4098772704601288,0.7159695029258728,-0.08829963952302933,0.9928362965583801,0.387692928314209,0.7499200105667114,-0.3036690950393677,0.9859867691993713,forward,104.23171947917545,1
666,22.2222,53.35187911987305,,,,,,,,,,,,,,,,,,,,0.45682331919670105,0.5620509386062622,-0.004158340394496918,0.9999013543128967,0.40616509318351746,0.6342610716819763,-0.40669581294059753,0.9932236671447754,0.40961480140686035,0.7159451842308044,-0.15495413541793823,0.9927945733070374,0.38586416840553284,0.7500740885734558,-0.3788753151893616,0.9859158396720886,forward,102.4473663292867,1
667,22.255566666666667,53.24888229370117,,,,,,,,,,,,,,,,,,,,0.45713484287261963,0.5645797252655029,-0.004408602137118578,0.9999086260795593,0.4050999581813812,0.6342037916183472,-0.4157889187335968,0.9933896660804749,0.4095824062824249,0.7158488035202026,-0.15003354847431183,0.9926660060882568,0.38586166501045227,0.7500878572463989,-0.36208969354629517,0.9856613278388977,forward,100.37587658683933,1
668,22.288933333333333,52.74391174316406,,,,,,,,,,,,,,,,,,,,0.4573880434036255,0.5665115714073181,-0.0044408198446035385,0.9999154210090637,0.4044320285320282,0.6342800259590149,-0.4112752079963684,0.9935137033462524,0.40914398431777954,0.7158752083778381,-0.15501703321933746,0.9925081133842468,0.3850725591182709,0.7500905394554138,-0.3663047254085541,0.9853647947311401,forward,98.9065123563714,1
669,22.322300000000002,52.96015739440918,,,,,,,,,,,,,,,,,,,,0.4576571583747864,0.5682817697525024,-0.004506971221417189,0.9999221563339233,0.4031212031841278,0.6346665620803833,-0.422978013753891,0.9936649203300476,0.40909305214881897,0.7160297632217407,-0.16404792666435242,0.9924014806747437,0.38374292850494385,0.7500899434089661,-0.3735348880290985,0.9851717352867126,forward,97.61968412986516,1
670,22.355666666666668,52.973031997680664,,,,,,,,,,,,,,,,,,,,0.45789799094200134,0.5703101754188538,-0.004797103814780712,0.9999288320541382,0.40224868059158325,0.6346806287765503,-0.47144681215286255,0.9940581917762756,0.408646821975708,0.7165005803108215,-0.2528022229671478,0.9926775097846985,0.3816201090812683,0.7501205801963806,-0.46264806389808655,0.9857202768325806,forward,96.6378858970709,1
671,22.389033333333334,52.648067474365234,,,,,,,,,,,,,,,,,,,,0.4580356478691101,0.5717465281486511,-0.0048209186643362045,0.9999350309371948,0.4014158844947815,0.6346768736839294,-0.5214934349060059,0.9944592118263245,0.40861594676971436,0.7166731357574463,-0.28469711542129517,0.9929426312446594,0.381691575050354,0.7502204775810242,-0.4957588016986847,0.9862512350082397,forward,95.79313813568099,1
672,22.4224,52.48379707336426,,,,,,,,,,,,,,,,,,,,0.45812395215034485,0.5727297067642212,-0.005408883560448885,0.9999404549598694,0.40085741877555847,0.6346573233604431,-0.5255241394042969,0.994799792766571,0.40875357389450073,0.7166812419891357,-0.3037540912628174,0.9931206107139587,0.38230133056640625,0.7498390078544617,-0.5108606219291687,0.986621618270874,forward,95.10922303929507,1
673,22.455766666666666,50.83584785461426,,,,,,,,,,,,,,,,,,,,0.4582386016845703,0.5733271837234497,-0.006674622651189566,0.9999454617500305,0.40106475353240967,0.6343027353286743,-0.5369964241981506,0.9951325058937073,0.40884605050086975,0.7166655659675598,-0.3059377074241638,0.9932873845100403,0.38325822353363037,0.7491141557693481,-0.5114713311195374,0.9869546890258789,forward,94.81281385407183,1
674,22.489133333333335,52.027225494384766,,,,,,,,,,,,,,,,,,,,0.45863282680511475,0.573982298374176,-0.009269539266824722,0.9999501705169678,0.40122148394584656,0.6340451836585999,-0.5711218118667603,0.9954416751861572,0.40890511870384216,0.7166808247566223,-0.34684011340141296,0.993468701839447,0.3839474320411682,0.7485398054122925,-0.5559205412864685,0.9873359203338623,forward,94.4793313617923,1
675,22.5225,52.69670486450195,,,,,,,,,,,,,,,,,,,,0.458969384431839,0.5748640894889832,-0.011767064221203327,0.9999545216560364,0.4013961851596832,0.6339687705039978,-0.5752511620521545,0.995728075504303,0.40894442796707153,0.7166813611984253,-0.3664242923259735,0.9936844110488892,0.3848607838153839,0.7482138872146606,-0.57598876953125,0.9877873063087463,forward,93.90085267705068,1
676,22.555866666666667,53.140878677368164,,,,,,,,,,,,,,,,,,,,0.4595758616924286,0.5761622190475464,-0.013450616039335728,0.9999585151672363,0.40146735310554504,0.6338487267494202,-0.5675797462463379,0.9959951639175415,0.4089486598968506,0.716680109500885,-0.3877715766429901,0.9939265847206116,0.3849015533924103,0.7479784488677979,-0.5969483256340027,0.98829585313797,forward,93.06057780038478,1
677,22.589233333333333,54.29410934448242,,,,,,,,,,,,,,,,,,,,0.45978114008903503,0.5765873789787292,-0.014052467420697212,0.9999620318412781,0.4015561640262604,0.6332923173904419,-0.5815082788467407,0.9962084889411926,0.4088806211948395,0.716688334941864,-0.40130993723869324,0.9941117763519287,0.38491737842559814,0.7478563785552979,-0.616441011428833,0.9886906743049622,forward,93.03726771999654,1
678,22.622600000000002,53.66826057434082,,,,,,,,,,,,,,,,,,,,0.45994770526885986,0.5769734978675842,-0.014429575763642788,0.999965250492096,0.4016496241092682,0.6333507299423218,-0.546716034412384,0.9964563846588135,0.40876123309135437,0.7168661952018738,-0.36115792393684387,0.9943770170211792,0.3850661516189575,0.7477779984474182,-0.5616040825843811,0.9891822338104248,forward,92.95338829200622,1
679,22.655966666666668,53.51114273071289,,,,,,,,,,,,,,,,,,,,0.46039554476737976,0.5771375894546509,-0.014281542971730232,0.9999681115150452,0.4017191231250763,0.6333891749382019,-0.5403404235839844,0.9966856837272644,0.4086167812347412,0.7168502807617188,-0.3407093584537506,0.9946134090423584,0.3848271369934082,0.7475700378417969,-0.5386433601379395,0.9895937442779541,forward,92.80568828256689,1
680,22.689333333333334,71.24209403991699,,,,,,,,,,,,,,,,,,,,0.4606379568576813,0.5770694613456726,-0.014110932126641273,0.9999707341194153,0.4017459750175476,0.633556604385376,-0.539757251739502,0.9968856573104858,0.4085024893283844,0.7171272039413452,-0.3349539339542389,0.9948265552520752,0.3844459652900696,0.7475787401199341,-0.5323541164398193,0.9899604320526123,forward,93.09154138186801,1
681,22.7227,53.97677421569824,,,,,,,,,,,,,,,,,,,,0.4606778025627136,0.5767219662666321,-0.013301769271492958,0.9999730587005615,0.40179145336151123,0.6343240737915039,-0.5348244309425354,0.9970676302909851,0.4084872901439667,0.7176471948623657,-0.32877975702285767,0.9950374364852905,0.38442137837409973,0.7475398778915405,-0.5279794335365295,0.9903272986412048,forward,93.56351086827935,1
682,22.756066666666666,54.30769920349121,,,,,,,,,,,,,,,,,,,,0.4607287645339966,0.5757269263267517,-0.013095073401927948,0.999975323677063,0.4019310176372528,0.6343376040458679,-0.5372394323348999,0.997223973274231,0.40848711133003235,0.7179339528083801,-0.3380388915538788,0.995212197303772,0.38440170884132385,0.7475483417510986,-0.5416526198387146,0.990638256072998,forward,94.57022361692165,1
683,22.789433333333335,53.82180213928223,,,,,,,,,,,,,,,,,,,,0.4607594311237335,0.5732614398002625,-0.012332799844443798,0.9999773502349854,0.40281617641448975,0.634238600730896,-0.5365311503410339,0.9973692893981934,0.4085332155227661,0.7181202173233032,-0.3343591094017029,0.9953870177268982,0.3844538927078247,0.7475568056106567,-0.5382950305938721,0.9909478425979614,forward,96.54840261376953,1
684,22.8228,54.680824279785156,,,,,,,,,,,,,,,,,,,,0.4607011079788208,0.56971275806427,-0.0063094329088926315,0.9999790191650391,0.4032013714313507,0.6342459917068481,-0.4955310523509979,0.9974939227104187,0.40856921672821045,0.718209981918335,-0.27674031257629395,0.9955383539199829,0.3843560516834259,0.7479047775268555,-0.4865473508834839,0.9911918044090271,forward,99.18715399080885,1
685,22.856166666666667,53.832054138183594,,,,,,,,,,,,,,,,,,,,0.46078354120254517,0.5654983520507812,-0.0026889231521636248,0.9999803900718689,0.4037291407585144,0.633944571018219,-0.4601880609989166,0.9976516366004944,0.4085697829723358,0.7174414396286011,-0.23364569246768951,0.9957469701766968,0.38427338004112244,0.7478809356689453,-0.44695037603378296,0.9915371537208557,forward,101.55173287838215,1
686,22.889533333333333,54.66127395629883,,,,,,,,,,,,,,,,,,,,0.46079254150390625,0.5621609091758728,0.00027140387101098895,0.9999814033508301,0.4045970141887665,0.6335962414741516,-0.43429091572761536,0.9977717995643616,0.40869519114494324,0.7169530987739563,-0.15823693573474884,0.9958699941635132,0.38463783264160156,0.7478801608085632,-0.37677478790283203,0.9916859269142151,forward,103.70577073787271,1
687,22.922900000000002,55.597782135009766,,,,,,,,,,,,,,,,,,,,0.4609558582305908,0.559166669845581,0.003956046421080828,0.9999817609786987,0.40667471289634705,0.633392870426178,-0.3900742828845978,0.9978302121162415,0.40903419256210327,0.717253565788269,-0.131871297955513,0.9959344863891602,0.3847975432872772,0.7480617761611938,-0.3535475730895996,0.9917490482330322,forward,106.53884886466818,1
688,22.956266666666668,53.67422103881836,,,,,,,,,,,,,,,,,,,,0.461446076631546,0.5556532144546509,0.003982678521424532,0.9999817609786987,0.40877097845077515,0.6333240866661072,-0.37316247820854187,0.9977602958679199,0.40914294123649597,0.7190106511116028,-0.1391986608505249,0.9959559440612793,0.38480424880981445,0.7483206391334534,-0.37465089559555054,0.9917559623718262,forward,111.66233518969588,1
689,22.989633333333334,54.15701866149902,,,,,,,,,,,,,,,,,,,,0.4616082012653351,0.5531274080276489,0.003624803153797984,0.9999818801879883,0.41150861978530884,0.6316730976104736,-0.391311377286911,0.9976909756660461,0.4099504053592682,0.7192928791046143,-0.16970975697040558,0.9959617257118225,0.3850463032722473,0.7483676671981812,-0.40651047229766846,0.9917773008346558,forward,114.96077394247936,1
690,23.023,54.54301834106445,,,,,,,,,,,,,,,,,,,,0.461668998003006,0.549764096736908,0.003543140832334757,0.9999817609786987,0.4142017066478729,0.6289875507354736,-0.3661554157733917,0.9973524808883667,0.41092684864997864,0.7192932963371277,-0.14373832941055298,0.9957922101020813,0.38613077998161316,0.7483499050140381,-0.38815170526504517,0.9915127754211426,forward,119.5327133019249,1
691,23.056366666666666,54.20279502868652,,,,,,,,,,,,,,,,,,,,0.46170005202293396,0.5465622544288635,0.003447997849434614,0.9999802708625793,0.4158417582511902,0.6284762024879456,-0.21236418187618256,0.996944010257721,0.41177430748939514,0.7189409732818604,0.0544375516474247,0.9955317974090576,0.3892883360385895,0.7481350302696228,-0.1741415411233902,0.9910176396369934,forward,122.26748102921887,1
692,23.089733333333335,54.383039474487305,,,,,,,,,,,,,,,,,,,,0.46170181035995483,0.5440930128097534,0.0014993292279541492,0.9999779462814331,0.41708269715309143,0.6278467774391174,-0.20698857307434082,0.9964699149131775,0.4124640226364136,0.7189255356788635,0.03161770477890968,0.9952985048294067,0.3900803029537201,0.7481319904327393,-0.2039184421300888,0.9905959367752075,forward,125.06949347457243,1
693,23.1231,54.52418327331543,,,,,,,,,,,,,,,,,,,,0.46170347929000854,0.5408743023872375,-0.002475792309269309,0.9999747276306152,0.4187408685684204,0.6275621056556702,-0.0659685730934143,0.9960861206054688,0.4135686159133911,0.7184702754020691,0.1816970854997635,0.9951725006103516,0.3917667865753174,0.7481088638305664,-0.03782002627849579,0.9903193116188049,forward,127.80197389701075,1
694,23.156466666666667,53.833961486816406,,,,,,,,,,,,,,,,,,,,0.46159860491752625,0.5381256937980652,-0.003415079554542899,0.9999728798866272,0.4223235547542572,0.6265836358070374,-0.06283207982778549,0.9957830905914307,0.41379979252815247,0.718398928642273,0.16318084299564362,0.9951298236846924,0.3919738233089447,0.7481325268745422,-0.06759947538375854,0.9902092218399048,forward,131.33796705959088,1
695,23.189833333333333,53.78007888793945,,,,,,,,,,,,,,,,,,,,0.46166741847991943,0.5365312695503235,-0.005608430132269859,0.9999693632125854,0.4242441654205322,0.6267159581184387,-0.035369642078876495,0.9955311417579651,0.4137648046016693,0.7182653546333313,0.19165144860744476,0.9950547814369202,0.39218801259994507,0.7481269240379333,-0.030584583058953285,0.990006148815155,forward,132.88777582497983,1
696,23.223200000000002,53.85708808898926,,,,,,,,,,,,,,,,,,,,0.4618407189846039,0.5355076193809509,-0.005581059493124485,0.9999668002128601,0.4262862205505371,0.6257164478302002,-0.028021851554512978,0.9953360557556152,0.4137451648712158,0.7181178331375122,0.20334284007549286,0.995003342628479,0.3920857906341553,0.7481495141983032,-0.015690691769123077,0.9898529648780823,forward,134.48676652164752,1
697,23.256566666666668,54.68392372131348,,,,,,,,,,,,,,,,,,,,0.461692750453949,0.5362403392791748,-0.005924469791352749,0.9999603629112244,0.42660337686538696,0.625586748123169,-0.01595957763493061,0.9951396584510803,0.41372358798980713,0.7181717753410339,0.23009832203388214,0.9948397278785706,0.391996294260025,0.7481620907783508,0.017821939662098885,0.9894667267799377,forward,133.81348549956215,1
698,23.289933333333334,54.435014724731445,,,,,,,,,,,,,,,,,,,,0.4614453613758087,0.5358256101608276,-0.008343826979398727,0.9999502897262573,0.426962673664093,0.6255478262901306,-0.007449425756931305,0.9949130415916443,0.4136362671852112,0.7184197306632996,0.22933338582515717,0.9945977926254272,0.39267295598983765,0.7483319044113159,0.016167866066098213,0.9889437556266785,forward,134.8285171390836,1
699,23.3233,54.616689682006836,,,,,,,,,,,,,,,,,,,,0.4609057605266571,0.5355393290519714,-0.01021579746156931,0.9999439716339111,0.4279063045978546,0.6257233023643494,-0.00486257579177618,0.9947440028190613,0.4136768579483032,0.7188637852668762,0.23313945531845093,0.9944107532501221,0.39525270462036133,0.7488178014755249,0.01935240626335144,0.9885778427124023,forward,135.9351505791361,1
700,23.356666666666666,54.08477783203125,,,,,,,,,,,,,,,,,,,,0.4603882133960724,0.5349427461624146,-0.01232089102268219,0.9999393224716187,0.42933863401412964,0.6258291006088257,-0.0374830886721611,0.9947211742401123,0.4136631488800049,0.7196661829948425,0.20153944194316864,0.9943699240684509,0.3971094787120819,0.750359296798706,-0.01681108959019184,0.9885445833206177,forward,138.3227597226232,1
701,23.390033333333335,55.049896240234375,,,,,,,,,,,,,,,,,,,,0.4598815441131592,0.533791720867157,-0.01212297286838293,0.9999369978904724,0.43017420172691345,0.6259076595306396,-0.011523126624524593,0.9946949481964111,0.4135134518146515,0.720169186592102,0.2321317344903946,0.9943379759788513,0.3969886600971222,0.7503904104232788,0.01639959216117859,0.9885297417640686,forward,140.9094819146586,1
702,23.4234,54.61406707763672,,,,,,,,,,,,,,,,,,,,0.4593990743160248,0.5333957672119141,-0.012151396833360195,0.9999334216117859,0.4312458336353302,0.6259610056877136,-0.01638166233897209,0.9946660399436951,0.41335156559944153,0.720325767993927,0.22118669748306274,0.9942816495895386,0.39730265736579895,0.750371515750885,0.007323439698666334,0.9884435534477234,forward,141.76608828334292,1
703,23.456766666666667,53.17568778991699,,,,,,,,,,,,,,,,,,,,0.4591943919658661,0.5324030518531799,-0.012306034564971924,0.9999319911003113,0.43262428045272827,0.6257829666137695,-0.02850450947880745,0.9947267174720764,0.4132513701915741,0.7203367352485657,0.21544502675533295,0.9943305253982544,0.39715635776519775,0.7502418756484985,-0.002698077354580164,0.9885575175285339,forward,143.3731335504367,1
704,23.490133333333333,54.444074630737305,,,,,,,,,,,,,,,,,,,,0.45906785130500793,0.531568169593811,-0.011813408695161343,0.9999301433563232,0.43286797404289246,0.6255139112472534,-0.029066652059555054,0.9948344826698303,0.4130769371986389,0.7203303575515747,0.2277994155883789,0.994414746761322,0.3971397876739502,0.7501493692398071,0.007026995066553354,0.98872971534729,forward,144.88541124852603,1
705,23.523500000000002,53.723812103271484,,,,,,,,,,,,,,,,,,,,0.4590076804161072,0.5308657288551331,-0.010206210426986217,0.9999262094497681,0.4331265091896057,0.624705970287323,-0.03463737294077873,0.994911253452301,0.41268566250801086,0.7203559875488281,0.21648846566677094,0.9944713115692139,0.3970732092857361,0.749896228313446,-0.0046576764434576035,0.9888308644294739,forward,147.26894134024633,1
706,23.556866666666668,54.07524108886719,,,,,,,,,,,,,,,,,,,,0.4587087333202362,0.5296815037727356,-0.007238330785185099,0.9999202489852905,0.432949423789978,0.6236711740493774,-0.03907855600118637,0.9949924349784851,0.41213130950927734,0.7203195095062256,0.21797777712345123,0.9945322871208191,0.395743191242218,0.7496218085289001,-0.004159585572779179,0.9889441132545471,forward,151.87473000067348,1
707,23.590233333333334,53.87520790100098,,,,,,,,,,,,,,,,,,,,0.45816347002983093,0.5294337868690491,-0.005770344752818346,0.9999149441719055,0.43279188871383667,0.6236397624015808,-0.041053351014852524,0.9951197504997253,0.41187140345573425,0.7203113436698914,0.22229450941085815,0.994638204574585,0.39446577429771423,0.7494142055511475,0.001957919914275408,0.9891367554664612,forward,152.3379978677814,1
708,23.6236,54.351091384887695,,,,,,,,,,,,,,,,,,,,0.4579487442970276,0.5292401909828186,-0.006497776135802269,0.9999096989631653,0.43270936608314514,0.6234356760978699,-0.04331180080771446,0.9951773285865784,0.4117025136947632,0.7203044891357422,0.21457511186599731,0.9946868419647217,0.3939858078956604,0.7490518689155579,-0.00521109439432621,0.9892401695251465,forward,153.75409899593697,1
709,23.656966666666666,53.906917572021484,,,,,,,,,,,,,,,,,,,,0.4578874111175537,0.5290141105651855,-0.006526563316583633,0.999904990196228,0.43262356519699097,0.6231133937835693,-0.044687580317258835,0.9951825141906738,0.41166165471076965,0.7202135920524597,0.2110709249973297,0.9946845173835754,0.39369773864746094,0.7486835718154907,-0.007786238566040993,0.989262580871582,forward,157.55891060730352,1
710,23.690333333333335,54.83603477478027,,,,,,,,,,,,,,,,,,,,0.45728373527526855,0.5283461809158325,-0.006514852400869131,0.999897837638855,0.4323793053627014,0.6221277713775635,-0.04533370956778526,0.995141863822937,0.4115930497646332,0.7196967005729675,0.2014770656824112,0.9946258664131165,0.39344027638435364,0.7482645511627197,-0.01699977181851864,0.9891870617866516,forward,157.0950870260666,1
711,23.7237,54.60095405578613,,,,,,,,,,,,,,,,,,,,0.45707041025161743,0.5273057222366333,-0.006304630544036627,0.9998915195465088,0.431748628616333,0.6209608912467957,-0.04604509472846985,0.9951017498970032,0.4115378260612488,0.7186805009841919,0.19692707061767578,0.9945691823959351,0.39342135190963745,0.7478402256965637,-0.019909223541617393,0.9891275763511658,forward,156.91296971037238,1
712,23.757066666666667,54.09979820251465,,,,,,,,,,,,,,,,,,,,0.45641738176345825,0.5275484323501587,-0.006808125879615545,0.9998833537101746,0.4309946894645691,0.6205572485923767,-0.0430259108543396,0.9950466156005859,0.41152334213256836,0.7182140350341797,0.20230400562286377,0.994469165802002,0.3933697044849396,0.7478302121162415,-0.011545577086508274,0.9889768958091736,forward,153.94766019323453,1
713,23.790433333333333,54.496049880981445,,,,,,,,,,,,,,,,,,,,0.4563356935977936,0.5274196863174438,-0.007359456270933151,0.9998772144317627,0.4306645393371582,0.6202797293663025,-0.04313814267516136,0.9949372410774231,0.41151466965675354,0.717941403388977,0.199337899684906,0.9943307638168335,0.39316827058792114,0.7475842237472534,-0.01267329789698124,0.9887843728065491,forward,153.82416665435906,1
714,23.823800000000002,54.81219291687012,,,,,,,,,,,,,,,,,,,,0.45633044838905334,0.5273777842521667,-0.007411764468997717,0.9998719692230225,0.4300662875175476,0.6203658580780029,-0.042684406042099,0.9948186278343201,0.4115060567855835,0.7177639603614807,0.19489027559757233,0.9941630959510803,0.39312586188316345,0.7475574016571045,-0.01366327702999115,0.988540530204773,forward,151.3245682214159,1
715,23.857166666666668,55.06587028503418,,,,,,,,,,,,,,,,,,,,0.45653948187828064,0.5271538496017456,-0.007204357534646988,0.9998670220375061,0.4296949505805969,0.6203508973121643,-0.04256762936711311,0.9946295022964478,0.41156861186027527,0.7175650000572205,0.18286895751953125,0.9939086437225342,0.39312663674354553,0.7474679946899414,-0.019009539857506752,0.9881559014320374,forward,150.43369536603416,1
716,23.890533333333334,54.52275276184082,,,,,,,,,,,,,,,,,,,,0.456562340259552,0.5268490314483643,-0.007199547719210386,0.999862015247345,0.42911186814308167,0.6203559041023254,-0.04096900671720505,0.9944719672203064,0.4115872085094452,0.7172897458076477,0.1843344122171402,0.9936743974685669,0.39317914843559265,0.747202455997467,-0.018595028668642044,0.9877848029136658,forward,149.43020259904105,1
717,23.9239,54.76188659667969,,,,,,,,,,,,,,,,,,,,0.45663872361183167,0.526633083820343,-0.007141699083149433,0.9998602867126465,0.4286838173866272,0.6203891634941101,-0.04116755351424217,0.9943702220916748,0.411507785320282,0.7172983288764954,0.18025502562522888,0.9935439229011536,0.3929755985736847,0.7471888065338135,-0.024758553132414818,0.9876006245613098,forward,149.67393314602202,1
718,23.957266666666666,53.591012954711914,,,,,,,,,,,,,,,,,,,,0.45677340030670166,0.5266061425209045,-0.008162790909409523,0.9998586177825928,0.42859745025634766,0.620417594909668,-0.04135405644774437,0.9942024350166321,0.4114376902580261,0.7173057794570923,0.16742415726184845,0.9933561086654663,0.3929113745689392,0.7471475005149841,-0.03536314517259598,0.9873349666595459,forward,149.65890509186872,1
719,23.990633333333335,52.80804634094238,,,,,,,,,,,,,,,,,,,,0.4569001793861389,0.5266252160072327,-0.008988591842353344,0.9998573064804077,0.4284802973270416,0.6204323172569275,-0.04158173128962517,0.9940648674964905,0.41138097643852234,0.7173097729682922,0.16857317090034485,0.9932041168212891,0.3929077982902527,0.7471380233764648,-0.03538113832473755,0.9871188998222351,forward,149.60443097167325,1
720,24.024,52.78420448303223,,,,,,,,,,,,,,,,,,,,0.4570293128490448,0.5266357660293579,-0.009019906632602215,0.9998541474342346,0.4282894730567932,0.6206222772598267,-0.04180547222495079,0.9939871430397034,0.41135671734809875,0.7173112034797668,0.17062297463417053,0.9931155443191528,0.39272910356521606,0.7471233606338501,-0.03443704545497894,0.9869853854179382,forward,149.06425280745964,1
721,24.057366666666667,53.39312553405762,,,,,,,,,,,,,,,,,,,,0.4575461149215698,0.5266618132591248,-0.009126007556915283,0.9998496770858765,0.4282052516937256,0.6206339001655579,-0.04557366669178009,0.9937773942947388,0.41134539246559143,0.7173139452934265,0.15688414871692657,0.992900550365448,0.3926006555557251,0.7470846772193909,-0.04833778366446495,0.9866589903831482,forward,149.0072737914322,1
722,24.090733333333333,54.763078689575195,,,,,,,,,,,,,,,,,,,,0.4579543471336365,0.5266734957695007,-0.009093433618545532,0.9998462796211243,0.4282204806804657,0.6206411123275757,-0.04752689227461815,0.9936424493789673,0.41134944558143616,0.7172893285751343,0.16076882183551788,0.9927581548690796,0.3925572335720062,0.7470675706863403,-0.046455200761556625,0.9864382147789001,forward,148.87341434328303,1
723,24.124100000000002,53.717851638793945,,,,,,,,,,,,,,,,,,,,0.45852652192115784,0.5265681147575378,-0.009103306569159031,0.9998413324356079,0.4283507466316223,0.6206621527671814,-0.05067833140492439,0.9934849739074707,0.41141048073768616,0.7171134352684021,0.1594342440366745,0.9925769567489624,0.392634779214859,0.7470550537109375,-0.04940810427069664,0.9861491918563843,forward,148.30987445142816,1
724,24.157466666666668,54.267168045043945,,,,,,,,,,,,,,,,,,,,0.45887961983680725,0.526611864566803,-0.009169347584247589,0.9998391270637512,0.42874661087989807,0.620678186416626,-0.05051347613334656,0.9934042096138,0.41153472661972046,0.7167815566062927,0.15991748869419098,0.9924988746643066,0.39241763949394226,0.7468401789665222,-0.047815050929784775,0.9860403537750244,forward,147.07518415697734,1
725,24.190833333333334,54.038047790527344,,,,,,,,,,,,,,,,,,,,0.45899319648742676,0.5266273021697998,-0.00896996259689331,0.9998385906219482,0.4287432134151459,0.6206268072128296,-0.050362419337034225,0.9934061765670776,0.4115348160266876,0.7165682315826416,0.1692964881658554,0.9925196170806885,0.3912888467311859,0.7467758655548096,-0.04269267991185188,0.9860817790031433,forward,146.46524144158033,1
726,24.2242,54.49700355529785,,,,,,,,,,,,,,,,,,,,0.45898106694221497,0.5268152952194214,-0.008864367380738258,0.9998390078544617,0.42864736914634705,0.6206514835357666,-0.05004001036286354,0.993449330329895,0.4115369915962219,0.716534435749054,0.17930005490779877,0.9926050305366516,0.38990122079849243,0.7467857599258423,-0.03539298474788666,0.9862330555915833,forward,146.04805102191145,1
727,24.257566666666666,53.884029388427734,,,,,,,,,,,,,,,,,,,,0.4589720368385315,0.5271164774894714,-0.008286911062896252,0.9998388290405273,0.4283456802368164,0.6207869648933411,-0.04804324358701706,0.9934985637664795,0.4115349352359772,0.7165173292160034,0.1868114024400711,0.9926838874816895,0.3887450098991394,0.746816873550415,-0.024877352640032768,0.9863645434379578,forward,145.35438066018088,1
728,24.290933333333335,51.79190635681152,,,,,,,,,,,,,,,,,,,,0.4587191641330719,0.527492344379425,-0.008186996914446354,0.9998345375061035,0.4277271032333374,0.6213105916976929,-0.048099081963300705,0.9935368299484253,0.41150954365730286,0.7165049314498901,0.18663910031318665,0.9927374720573425,0.3884148895740509,0.7469928860664368,-0.024241022765636444,0.9864347577095032,forward,144.09424667934078,1
729,24.3243,53.76386642456055,,,,,,,,,,,,,,,,,,,,0.45820456743240356,0.527756929397583,-0.008206086233258247,0.9998309016227722,0.4262337386608124,0.6217252016067505,-0.05252901092171669,0.9936404228210449,0.41153499484062195,0.7165091633796692,0.1856606900691986,0.992850124835968,0.3884393572807312,0.7471402883529663,-0.025023559108376503,0.9865963459014893,forward,143.28689117767232,1
730,24.357666666666667,53.98106575012207,,,,,,,,,,,,,,,,,,,,0.45716357231140137,0.5282239317893982,-0.009864750318229198,0.9998252987861633,0.4256686568260193,0.6221453547477722,-0.05657288432121277,0.9937114119529724,0.4115517735481262,0.7165009379386902,0.18272967636585236,0.9929211139678955,0.388936847448349,0.747241199016571,-0.029014937579631805,0.9866853356361389,forward,142.22059933068252,1
731,24.391033333333333,53.35593223571777,,,,,,,,,,,,,,,,,,,,0.4564948081970215,0.5299367904663086,-0.009975465945899487,0.9998184442520142,0.42510145902633667,0.6226798295974731,-0.055988531559705734,0.9937446713447571,0.4117816388607025,0.7165601253509521,0.18179835379123688,0.992951512336731,0.3894383907318115,0.7475441098213196,-0.028646085411310196,0.9866957068443298,forward,139.52302099379702,1
732,24.424400000000002,52.0021915435791,,,,,,,,,,,,,,,,,,,,0.45550239086151123,0.5315223336219788,-0.009031904861330986,0.9998124837875366,0.424256831407547,0.6237202882766724,-0.04904063418507576,0.9938327074050903,0.4125238358974457,0.7165612578392029,0.1962651163339615,0.9930368661880493,0.3903399705886841,0.7478282451629639,-0.008455026894807816,0.9868083000183105,forward,136.72273489941318,1
733,24.457766666666668,51.943063735961914,,,,,,,,,,,,,,,,,,,,0.4549136161804199,0.533470869064331,-0.008503786288201809,0.9998068809509277,0.4238380193710327,0.6257420778274536,-0.04442129656672478,0.9939801096916199,0.41315117478370667,0.7167729139328003,0.21521955728530884,0.9931900501251221,0.39180904626846313,0.748420000076294,0.005620662588626146,0.9870380163192749,forward,133.67914495114513,1
734,24.491133333333334,52.33597755432129,,,,,,,,,,,,,,,,,,,,0.45431041717529297,0.5346518158912659,-0.008365502581000328,0.999802827835083,0.4231205880641937,0.6269299983978271,-0.04206138476729393,0.9940963983535767,0.4133545756340027,0.7169533967971802,0.21672527492046356,0.9933102130889893,0.3921056091785431,0.7485184073448181,0.009445001371204853,0.9872133731842041,forward,132.11880182225838,1
735,24.5245,54.3670654296875,,,,,,,,,,,,,,,,,,,,0.4540172219276428,0.5352646708488464,-0.008227755315601826,0.9997986555099487,0.42297127842903137,0.6274629235267639,-0.028811762109398842,0.9942022562026978,0.41346773505210876,0.7170127034187317,0.24326516687870026,0.993405818939209,0.3924728035926819,0.7485020160675049,0.034569885581731796,0.987350344657898,forward,131.30885968200212,1
736,24.557866666666666,53.13682556152344,,,,,,,,,,,,,,,,,,,,0.4540018141269684,0.5356636643409729,-0.008112619630992413,0.9997950196266174,0.42245641350746155,0.6274182200431824,-0.027190905064344406,0.9942682385444641,0.41347363591194153,0.7171999216079712,0.23878668248653412,0.993468701839447,0.39285340905189514,0.7484984993934631,0.031515881419181824,0.9874073266983032,forward,131.0684957780507,1
737,24.591233333333335,53.2379150390625,,,,,,,,,,,,,,,,,,,,0.45399001240730286,0.5362562537193298,-0.008081560023128986,0.9997926354408264,0.4220409691333771,0.6274393200874329,-0.016313310712575912,0.9943476319313049,0.41343727707862854,0.7172115445137024,0.2537674903869629,0.9935283660888672,0.39336585998535156,0.7486706376075745,0.04897595942020416,0.9874482750892639,forward,130.32191234565934,1
738,24.6246,52.38008499145508,,,,,,,,,,,,,,,,,,,,0.4539617896080017,0.5376670956611633,-0.008612365461885929,0.9997896552085876,0.4213378429412842,0.6275749802589417,-0.02573579177260399,0.9944216012954712,0.4134359061717987,0.7172010540962219,0.24599501490592957,0.9935709834098816,0.39416205883026123,0.7493913769721985,0.04233350232243538,0.9874371886253357,forward,128.53566006961336,1
739,24.657966666666667,53.72285842895508,,,,,,,,,,,,,,,,,,,,0.45403578877449036,0.539178192615509,-0.007819092832505703,0.999786913394928,0.4195310175418854,0.6287203431129456,-0.028502408415079117,0.9944692850112915,0.41343939304351807,0.7171341180801392,0.2395883947610855,0.9936122298240662,0.3938862383365631,0.7496551871299744,0.03167904540896416,0.9874292016029358,forward,126.37575261591431,1
740,24.691333333333333,53.270816802978516,,,,,,,,,,,,,,,,,,,,0.4540661871433258,0.5400992035865784,-0.00518165435642004,0.9997885227203369,0.4176270365715027,0.6294263601303101,-0.026947125792503357,0.994529128074646,0.4135347008705139,0.7171370983123779,0.23604975640773773,0.9936984181404114,0.3931942284107208,0.7496715784072876,0.03286003693938255,0.9875175356864929,forward,125.17140335170126,1
741,24.724700000000002,54.132938385009766,,,,,,,,,,,,,,,,,,,,0.4540720582008362,0.5412589907646179,-0.0016071421559900045,0.9997970461845398,0.41583487391471863,0.6304898858070374,-0.03437202423810959,0.9945794343948364,0.41374748945236206,0.7171316146850586,0.23289670050144196,0.9938117265701294,0.39214032888412476,0.7497141361236572,0.0321115106344223,0.9877087473869324,forward,123.6710200792442,1
742,24.758066666666668,54.10504341125488,,,,,,,,,,,,,,,,,,,,0.45408281683921814,0.5426027774810791,-0.0017992721404880285,0.9998070001602173,0.41460105776786804,0.6312338709831238,-0.03536103293299675,0.994560956954956,0.4137493968009949,0.717060923576355,0.23442205786705017,0.9939274191856384,0.391499787569046,0.7497113347053528,0.028238551691174507,0.987881064414978,forward,121.96191182697879,1
743,24.791433333333334,54.11982536315918,,,,,,,,,,,,,,,,,,,,0.4541258215904236,0.5445774793624878,-0.00047329708468168974,0.9998171925544739,0.41365230083465576,0.632242739200592,-0.05404956638813019,0.9944840669631958,0.4136814773082733,0.7171522974967957,0.2114647775888443,0.9939917325973511,0.38942858576774597,0.7498263716697693,-0.0017240504967048764,0.9879618287086487,forward,119.76979341351193,1
744,24.8248,54.17609214782715,,,,,,,,,,,,,,,,,,,,0.45423126220703125,0.5470888018608093,-0.0006819670670665801,0.9998282790184021,0.41242966055870056,0.6333103775978088,-0.05856246501207352,0.9943804740905762,0.41341066360473633,0.717147171497345,0.21285495162010193,0.9940504431724548,0.38760507106781006,0.7498384118080139,-0.0004148891312070191,0.9880341291427612,forward,116.9607549553801,1
745,24.858166666666666,52.49929428100586,,,,,,,,,,,,,,,,,,,,0.45487430691719055,0.5484819412231445,-0.0021171183325350285,0.9998384118080139,0.4118216335773468,0.6336692571640015,-0.06030895188450813,0.9943053722381592,0.41339176893234253,0.7169684171676636,0.22545398771762848,0.9940869808197021,0.38741621375083923,0.7498481273651123,0.01487932913005352,0.9880571961402893,forward,115.27407691347288,1
746,24.891533333333335,53.59792709350586,,,,,,,,,,,,,,,,,,,,0.455929696559906,0.5494858026504517,-0.006032189354300499,0.9998489618301392,0.4112776219844818,0.6342346668243408,-0.09910178929567337,0.9942545890808105,0.4129222333431244,0.7169227004051208,0.18990248441696167,0.994083046913147,0.3872847259044647,0.7498513460159302,-0.01598593033850193,0.9879621863365173,forward,114.14735420570581,1
747,24.9249,53.98201942443848,,,,,,,,,,,,,,,,,,,,0.4570765197277069,0.5510314702987671,-0.007924221456050873,0.999859631061554,0.410832017660141,0.6344811916351318,-0.10634452104568481,0.9941949844360352,0.4126051664352417,0.7163734436035156,0.19746960699558258,0.9939848184585571,0.387323796749115,0.7497864365577698,-0.0055000074207782745,0.9877050518989563,forward,111.9846748321302,1
748,24.958266666666667,55.15694618225098,,,,,,,,,,,,,,,,,,,,0.45791974663734436,0.5526627898216248,-0.007919766940176487,0.9998689293861389,0.41025739908218384,0.6349602341651917,-0.12835901975631714,0.9941244125366211,0.4118969440460205,0.716191291809082,0.183331698179245,0.9938238263130188,0.3872525990009308,0.7497333288192749,-0.010039984248578548,0.9873406887054443,forward,110.16422726751324,1
749,24.991633333333333,57.03616142272949,,,,,,,,,,,,,,,,,,,,0.4585329294204712,0.5546748638153076,-0.008728045970201492,0.9998781085014343,0.40976494550704956,0.6355907917022705,-0.16224169731140137,0.9941770434379578,0.41131162643432617,0.7161814570426941,0.14071659743785858,0.9938578605651855,0.38654348254203796,0.7503923177719116,-0.0606728233397007,0.9873486161231995,forward,108.194059946399,1
750,25.025000000000002,84.52916145324707,,,,,,,,,,,,,,,,,,,,0.459373414516449,0.55668044090271,-0.009008275344967842,0.9998862147331238,0.4083844721317291,0.63564133644104,-0.20314182341098785,0.9942800402641296,0.4095986485481262,0.7161725163459778,0.11377392709255219,0.9938716292381287,0.3855659067630768,0.7506153583526611,-0.0849255695939064,0.98729407787323,forward,106.3553313612704,1
751,25.058366666666668,53.55429649353027,,,,,,,,,,,,,,,,,,,,0.45979663729667664,0.5583798885345459,-0.008836574852466583,0.9998945593833923,0.4063238501548767,0.6361131072044373,-0.2763475775718689,0.9944326281547546,0.4090496301651001,0.7165968418121338,0.023243479430675507,0.9939272403717041,0.3835996687412262,0.7507676482200623,-0.18711556494235992,0.9873241186141968,forward,105.22423229881436,1
752,25.091733333333334,51.79119110107422,,,,,,,,,,,,,,,,,,,,0.45986059308052063,0.5598680973052979,-0.008494877256453037,0.9999024271965027,0.4041190445423126,0.6361737847328186,-0.30362802743911743,0.9945704340934753,0.4090293049812317,0.7166242599487305,0.002874435856938362,0.9938812851905823,0.38289642333984375,0.7507858276367188,-0.19769534468650818,0.9871401786804199,forward,103.96130065984718,1
753,25.1251,51.880836486816406,,,,,,,,,,,,,,,,,,,,0.45995888113975525,0.5618075132369995,-0.009216629900038242,0.9999086856842041,0.4027777314186096,0.6363565921783447,-0.31708475947380066,0.9946937561035156,0.4084748327732086,0.7168853282928467,-0.02747565135359764,0.9939188361167908,0.38246995210647583,0.7507812976837158,-0.2368467152118683,0.9871625900268555,forward,102.57016048951242,1
754,25.158466666666666,51.91993713378906,,,,,,,,,,,,,,,,,,,,0.46005716919898987,0.5641171336174011,-0.00824979692697525,0.9999158978462219,0.4015670120716095,0.6370800733566284,-0.33658546209335327,0.9948077201843262,0.40836581587791443,0.7171357274055481,-0.024895725771784782,0.9938117861747742,0.3814219534397125,0.7507789731025696,-0.22179771959781647,0.986894428730011,forward,100.78842289678161,1
755,25.191833333333335,52.36315727233887,,,,,,,,,,,,,,,,,,,,0.460050106048584,0.5664464235305786,-0.008073175325989723,0.9999224543571472,0.401039719581604,0.6369946002960205,-0.40624967217445374,0.9949363470077515,0.4081330895423889,0.7175560593605042,-0.11852966248989105,0.9938127994537354,0.380514532327652,0.7509168982505798,-0.325157105922699,0.9868842959403992,forward,99.39295206680654,1
756,25.2252,52.783966064453125,,,,,,,,,,,,,,,,,,,,0.4600554406642914,0.5695070624351501,-0.0077505409717559814,0.9999284744262695,0.4003991484642029,0.6369879841804504,-0.43147799372673035,0.9950731992721558,0.4074382483959198,0.7177417874336243,-0.13481968641281128,0.993750810623169,0.38065260648727417,0.750939667224884,-0.33520737290382385,0.9867783784866333,forward,97.24413194492756,1
757,25.258566666666667,54.08620834350586,,,,,,,,,,,,,,,,,,,,0.45976513624191284,0.5720134973526001,-0.007735574617981911,0.9999341368675232,0.3994729220867157,0.6369484066963196,-0.4688333570957184,0.9952650666236877,0.4074525535106659,0.717922031879425,-0.17664404213428497,0.9937777519226074,0.3809492886066437,0.7508281469345093,-0.37654468417167664,0.9868505001068115,forward,95.58727710807932,1
758,25.291933333333333,54.63099479675293,,,,,,,,,,,,,,,,,,,,0.45917102694511414,0.5737852454185486,-0.006359818857163191,0.9999388456344604,0.39736583828926086,0.6374393701553345,-0.44517388939857483,0.9954462647438049,0.4073858857154846,0.71792072057724,-0.13241243362426758,0.9935896992683411,0.3820442855358124,0.750808835029602,-0.3136303424835205,0.986445426940918,forward,94.14539067487692,1
759,25.325300000000002,54.18205261230469,,,,,,,,,,,,,,,,,,,,0.4587935209274292,0.5751110911369324,-0.004743762314319611,0.9999439120292664,0.3960517346858978,0.6372760534286499,-0.4966464638710022,0.9957038760185242,0.4073348045349121,0.7179166674613953,-0.20092254877090454,0.9936421513557434,0.3825976252555847,0.7505309581756592,-0.3867674767971039,0.9865666627883911,forward,93.24442035328207,1
760,25.358666666666668,54.09502983093262,,,,,,,,,,,,,,,,,,,,0.4584497809410095,0.5762856006622314,-0.004714195150882006,0.9999485015869141,0.3951973021030426,0.6370677351951599,-0.4975133240222931,0.9959506392478943,0.407262921333313,0.7179422974586487,-0.24276871979236603,0.9937671422958374,0.38262632489204407,0.7496868371963501,-0.43011054396629333,0.9868552088737488,forward,92.51172284648088,1
761,25.392033333333334,54.93521690368652,,,,,,,,,,,,,,,,,,,,0.45802637934684753,0.576816976070404,-0.00471058813855052,0.9999525547027588,0.3945886492729187,0.637267529964447,-0.47261014580726624,0.9961974024772644,0.407225638628006,0.7179839015007019,-0.20311737060546875,0.9938680529594421,0.3833557367324829,0.7492247223854065,-0.3773466646671295,0.987074613571167,forward,92.11456473552006,1
762,25.4254,53.771018981933594,,,,,,,,,,,,,,,,,,,,0.45768865942955017,0.5768477320671082,-0.004717319738119841,0.9999563694000244,0.3938291072845459,0.6374756693840027,-0.48067185282707214,0.9964141249656677,0.40714317560195923,0.7180852293968201,-0.22040992975234985,0.9939754605293274,0.38335883617401123,0.7489337921142578,-0.39816659688949585,0.9873066544532776,forward,92.12778113430682,1
763,25.458766666666666,53.71284484863281,,,,,,,,,,,,,,,,,,,,0.4575105309486389,0.5762980580329895,-0.004666103981435299,0.9999598264694214,0.39354103803634644,0.6374555826187134,-0.47827181220054626,0.9966360330581665,0.40712693333625793,0.7180802822113037,-0.229133740067482,0.9941676259040833,0.3833777606487274,0.7487195134162903,-0.4083312451839447,0.9876987338066101,forward,92.51538083646145,1
764,25.492133333333335,53.69400978088379,,,,,,,,,,,,,,,,,,,,0.45687803626060486,0.5757977366447449,-0.004414638504385948,0.999963104724884,0.3933749496936798,0.6374395489692688,-0.478708952665329,0.9968500733375549,0.4071286916732788,0.7180778384208679,-0.23001094162464142,0.9943926930427551,0.3834196925163269,0.7485371232032776,-0.40905502438545227,0.9881477355957031,forward,92.87116177603762,1
765,25.5255,54.728031158447266,,,,,,,,,,,,,,,,,,,,0.45667779445648193,0.5753268003463745,-0.003987204283475876,0.9999660849571228,0.3935009241104126,0.6372720003128052,-0.47075700759887695,0.99693363904953,0.40716999769210815,0.7180770635604858,-0.20824500918388367,0.9944642782211304,0.3834349811077118,0.7484950423240662,-0.38132521510124207,0.9882652759552002,forward,93.2595027974717,1
766,25.558866666666667,54.44073677062988,,,,,,,,,,,,,,,,,,,,0.4562213122844696,0.5717791318893433,-0.0033992333337664604,0.9999687671661377,0.39389336109161377,0.6365031599998474,-0.4626903533935547,0.9969879984855652,0.40726733207702637,0.7180771231651306,-0.19566993415355682,0.99457848072052,0.38344448804855347,0.7484445571899414,-0.38027989864349365,0.9884899854660034,forward,96.06735818626986,1
767,25.592233333333333,54.34536933898926,,,,,,,,,,,,,,,,,,,,0.45548558235168457,0.5670701265335083,0.0012117369333282113,0.9999709725379944,0.39422672986984253,0.635191798210144,-0.45157164335250854,0.9969729781150818,0.40730080008506775,0.7181233763694763,-0.18383383750915527,0.9946032762527466,0.38323378562927246,0.7483684420585632,-0.3776097297668457,0.9885209798812866,forward,100.06575751088127,1
768,25.625600000000002,54.84294891357422,,,,,,,,,,,,,,,,,,,,0.4536929130554199,0.5624226331710815,0.005359582602977753,0.9999728798866272,0.39478224515914917,0.6332169771194458,-0.4507580101490021,0.9970632195472717,0.4073264002799988,0.7181659936904907,-0.18144620954990387,0.9947473406791687,0.38272008299827576,0.7483646273612976,-0.38141992688179016,0.9887875318527222,forward,104.43525045275427,1
769,25.658966666666668,53.27796936035156,,,,,,,,,,,,,,,,,,,,0.4522344768047333,0.5571491718292236,0.005951847415417433,0.9999744296073914,0.39514732360839844,0.6317762732505798,-0.4117341637611389,0.9970831871032715,0.4073069095611572,0.718273401260376,-0.14186182618141174,0.99492347240448,0.3816540241241455,0.7483888268470764,-0.37498727440834045,0.9891510009765625,forward,109.41014801564558,1
770,25.692333333333334,53.769826889038086,,,,,,,,,,,,,,,,,,,,0.4515567719936371,0.552236020565033,0.0024989282246679068,0.9999754428863525,0.3962307274341583,0.6307305693626404,-0.33474424481391907,0.9971215128898621,0.4073004126548767,0.718288242816925,-0.04301747679710388,0.9951397776603699,0.38163790106773376,0.7484374642372131,-0.27048125863075256,0.9895985722541809,forward,114.0819475445894,1
771,25.7257,53.201913833618164,,,,,,,,,,,,,,,,,,,,0.4510933756828308,0.546218752861023,-0.0033065364696085453,0.9999748468399048,0.3990303874015808,0.6299315094947815,-0.198775976896286,0.9970333576202393,0.4073033630847931,0.7186910510063171,0.07237734645605087,0.9952771067619324,0.38186022639274597,0.7486429810523987,-0.14929386973381042,0.9898700714111328,forward,120.58356914079197,1
772,25.759066666666666,52.68979072570801,,,,,,,,,,,,,,,,,,,,0.44985172152519226,0.5413245558738708,-0.0034150579012930393,0.9999706745147705,0.40231946110725403,0.6292803287506104,-0.12317236512899399,0.9968900680541992,0.4074188470840454,0.7191070318222046,0.09940585494041443,0.9953799843788147,0.3818630576133728,0.7489691972732544,-0.12248826026916504,0.9900844097137451,forward,126.57427134458258,1
773,25.792433333333335,52.831172943115234,,,,,,,,,,,,,,,,,,,,0.44747936725616455,0.5382310748100281,-0.0031808021012693644,0.9999617338180542,0.4040954113006592,0.6295311450958252,-0.043335966765880585,0.9966889023780823,0.4075315594673157,0.719135046005249,0.2040741741657257,0.9953452348709106,0.3835265636444092,0.7500141263008118,-0.01200131606310606,0.9900296330451965,forward,130.22174837037136,1
774,25.8258,53.98225784301758,,,,,,,,,,,,,,,,,,,,0.44338172674179077,0.5347059965133667,-0.004713196773082018,0.9999533295631409,0.40538927912712097,0.6282073259353638,-0.043136779218912125,0.9964763522148132,0.4078349471092224,0.718917965888977,0.20127634704113007,0.9952877759933472,0.38573017716407776,0.7500003576278687,-0.018680457025766373,0.9899474382400513,forward,134.8606176445478,1
775,25.859166666666667,55.55009841918945,,,,,,,,,,,,,,,,,,,,0.4398253858089447,0.5319185853004456,-0.006574765779078007,0.9999474287033081,0.40842655301094055,0.6258081197738647,-0.09032505750656128,0.9963486194610596,0.40784576535224915,0.7189050912857056,0.14343805611133575,0.9952994585037231,0.38572266697883606,0.7500593662261963,-0.08495129644870758,0.9900285601615906,forward,139.55797228133443,1
776,25.892533333333333,55.967092514038086,,,,,,,,,,,,,,,,,,,,0.43634626269340515,0.5289434194564819,-0.006448362488299608,0.999943733215332,0.40991511940956116,0.6254333257675171,-0.04671543091535568,0.9962626695632935,0.40909039974212646,0.7189034223556519,0.2031436264514923,0.9953272938728333,0.3864124119281769,0.7499545216560364,-0.02418116293847561,0.9901414513587952,forward,144.43830051721977,1
777,25.925900000000002,55.17387390136719,,,,,,,,,,,,,,,,,,,,0.43388932943344116,0.5266301035881042,-0.005913808476179838,0.9999353289604187,0.4100932776927948,0.6243124604225159,-0.0005191781674511731,0.9960687160491943,0.4093497395515442,0.717811644077301,0.2629505395889282,0.9951357841491699,0.3891066014766693,0.7497031688690186,0.04907414689660072,0.9898613691329956,forward,146.73045956606066,1
778,25.959266666666668,54.62813377380371,,,,,,,,,,,,,,,,,,,,0.4318605661392212,0.527324378490448,0.0006633331649936736,0.9999305009841919,0.4096452593803406,0.6246626377105713,0.006559859029948711,0.9960036277770996,0.4093517065048218,0.7179731130599976,0.2716416120529175,0.9950829744338989,0.39166003465652466,0.7497377991676331,0.06335587799549103,0.9898322820663452,forward,145.68025958567898,1
779,25.992633333333334,55.90701103210449,,,,,,,,,,,,,,,,,,,,0.4305974543094635,0.5267536640167236,0.009958747774362564,0.9999269843101501,0.40955936908721924,0.6234902143478394,-0.003333057276904583,0.995966911315918,0.4093358814716339,0.7182729840278625,0.2590986490249634,0.9950777888298035,0.39218220114707947,0.7497535943984985,0.048724301159381866,0.9898752570152283,forward,147.75502707308,1
