frame,timeframe,frame_processing_time_ms,left_hip_x,left_hip_y,left_hip_z,left_hip_conf,left_knee_x,left_knee_y,left_knee_z,left_knee_conf,left_ankle_x,left_ankle_y,left_ankle_z,left_ankle_conf,left_foot_index_x,left_foot_index_y,left_foot_index_z,left_foot_index_conf,left_foot_direction,left_knee_angle,left_knee_incorrect,right_hip_x,right_hip_y,right_hip_z,right_hip_conf,right_knee_x,right_knee_y,right_knee_z,right_knee_conf,right_ankle_x,right_ankle_y,right_ankle_z,right_ankle_conf,right_foot_index_x,right_foot_index_y,right_foot_index_z,right_foot_index_conf,right_foot_direction,right_knee_angle,right_knee_incorrect
0,0.0,394.8328495025635,586.875,983.4375,,0.98399794,615.0,1180.3125,,1.0242201,633.75,1372.5,,1.0391681,661.875,1424.0625,,0.87230974,forward,180.0,1,493.125,983.4375,,0.9901841,460.3125,1185.0,,1.0430865,441.5625,1372.5,,1.0371848,427.5,1433.4375,,0.89065933,forward,180.0,1
1,0.03336666666666667,318.6192512512207,586.875,983.4375,,0.9862282,615.0,1185.0,,1.0256668,633.75,1372.5,,1.0384772,661.875,1424.0625,,0.8758681,forward,167.31962257946088,1,488.4375,983.4375,,0.9916231,460.3125,1185.0,,1.0436044,441.5625,1372.5,,1.0384948,427.5,1433.4375,,0.89451873,forward,180.0,1
2,0.06673333333333334,213.72604370117188,586.875,983.4375,,0.9878868,615.0,1185.0,,1.0275302,633.75,1372.5,,1.0396281,661.875,1424.0625,,0.8771766,forward,167.31962257946088,1,488.4375,983.4375,,0.9940921,460.3125,1185.0,,1.0434663,441.5625,1372.5,,1.0393695,427.5,1433.4375,,0.8946513,forward,180.0,1
3,0.10010000000000001,211.49325370788574,586.875,983.4375,,0.9854163,615.0,1185.0,,1.0266119,633.75,1372.5,,1.0394684,661.875,1424.0625,,0.8776505,forward,167.31962257946088,1,488.4375,983.4375,,0.99104226,460.3125,1185.0,,1.0382257,441.5625,1377.1875,,1.0386612,427.5,1433.4375,,0.89542794,forward,180.0,1
4,0.13346666666666668,202.55613327026367,582.1875,983.4375,,0.9856584,615.0,1185.0,,1.0265896,633.75,1372.5,,1.0396645,661.875,1424.0625,,0.8728958,forward,167.31962257946088,1,488.4375,983.4375,,0.992524,460.3125,1185.0,,1.0374142,441.5625,1372.5,,1.0375197,427.5,1433.4375,,0.89087784,forward,167.31962257946088,1
5,0.16683333333333333,196.07305526733398,582.1875,983.4375,,0.9918302,615.0,1185.0,,1.029156,633.75,1377.1875,,1.0410929,661.875,1424.0625,,0.8814156,forward,180.0,1,488.4375,983.4375,,0.9965667,455.625,1185.0,,1.0377095,441.5625,1377.1875,,1.0397184,427.5,1433.4375,,0.89611447,forward,180.0,1
6,0.20020000000000002,198.2409954071045,582.1875,983.4375,,0.98383164,615.0,1185.0,,1.0215852,629.0625,1377.1875,,1.0361911,657.1875,1424.0625,,0.87134326,forward,180.0,1,483.75,983.4375,,0.9889319,455.625,1185.0,,1.0296241,441.5625,1377.1875,,1.0316226,427.5,1433.4375,,0.89338493,forward,180.0,1
7,0.23356666666666667,193.09496879577637,582.1875,988.125,,0.9857377,615.0,1185.0,,1.0229715,629.0625,1372.5,,1.0359163,652.5,1424.0625,,0.8709562,forward,154.9388206989654,1,488.4375,988.125,,0.9916936,455.625,1189.6875,,1.0280812,441.5625,1372.5,,1.0315928,427.5,1433.4375,,0.8912269,forward,162.0302437067464,1
8,0.26693333333333336,191.35022163391113,582.1875,988.125,,0.9872072,610.3125,1185.0,,1.0229735,629.0625,1372.5,,1.0389075,647.8125,1424.0625,,0.8655139,forward,154.9388206989654,1,488.4375,988.125,,0.9932935,455.625,1185.0,,1.0293827,441.5625,1372.5,,1.0310702,427.5,1433.4375,,0.87946945,forward,154.9388206989654,1
9,0.3003,194.0608024597168,582.1875,988.125,,0.98892903,615.0,1185.0,,1.0207092,629.0625,1372.5,,1.0333611,647.8125,1424.0625,,0.86634314,forward,154.9388206989654,1,488.4375,988.125,,0.9917692,455.625,1185.0,,1.0247409,441.5625,1372.5,,1.0307438,427.5,1433.4375,,0.8890153,forward,154.9388206989654,1
10,0.33366666666666667,195.24025917053223,582.1875,992.8125,,0.98848885,615.0,1185.0,,1.0159987,629.0625,1372.5,,1.0326197,647.8125,1424.0625,,0.8684739,forward,149.77611789108212,1,488.4375,992.8125,,0.9946703,455.625,1185.0,,1.0208985,446.25,1372.5,,1.032313,427.5,1433.4375,,0.89152974,forward,149.77611789108212,1
11,0.3670333333333333,192.00372695922852,582.1875,992.8125,,0.98578274,615.0,1185.0,,1.0070664,629.0625,1372.5,,1.0307771,647.8125,1428.75,,0.87179506,forward,149.77611789108212,1,488.4375,992.8125,,0.989982,455.625,1185.0,,1.0121841,446.25,1372.5,,1.0315098,427.5,1438.125,,0.89236796,forward,149.77611789108212,1
12,0.40040000000000003,192.1694278717041,582.1875,992.8125,,0.9818716,615.0,1185.0,,1.004748,629.0625,1372.5,,1.0271748,647.8125,1424.0625,,0.8568218,forward,149.77611789108212,1,488.4375,997.5,,0.98514307,460.3125,1185.0,,1.0110445,446.25,1372.5,,1.0257766,427.5,1433.4375,,0.8727181,forward,145.79072228592298,1
13,0.4337666666666667,194.62895393371582,582.1875,992.8125,,0.98068565,615.0,1185.0,,1.0018969,629.0625,1372.5,,1.0221548,652.5,1424.0625,,0.8558327,forward,149.77611789108212,1,488.4375,997.5,,0.9842173,455.625,1185.0,,1.0113833,446.25,1372.5,,1.0232595,427.5,1433.4375,,0.8785944,forward,145.79072228592298,1
14,0.46713333333333334,195.10889053344727,582.1875,997.5,,0.9782599,619.6875,1185.0,,0.98797905,629.0625,1367.8125,,1.0206742,652.5,1424.0625,,0.85479784,forward,140.5013434132085,1,488.4375,997.5,,0.97986376,455.625,1185.0,,1.0001214,446.25,1372.5,,1.0200874,427.5,1433.4375,,0.8794838,forward,145.79072228592298,1
15,0.5005000000000001,196.84076309204102,586.875,997.5,,0.9846641,619.6875,1185.0,,0.9892701,629.0625,1367.8125,,1.0243434,652.5,1424.0625,,0.84526455,forward,140.5013434132085,1,488.4375,997.5,,0.9881639,455.625,1185.0,,1.0067725,446.25,1372.5,,1.0224576,427.5,1433.4375,,0.8673408,forward,145.79072228592298,1
16,0.5338666666666667,198.59886169433594,586.875,997.5,,0.9715746,619.6875,1185.0,,0.9839368,629.0625,1367.8125,,1.0193976,647.8125,1424.0625,,0.84136,forward,140.5013434132085,1,488.4375,997.5,,0.9756912,455.625,1185.0,,1.001966,446.25,1367.8125,,1.017766,427.5,1433.4375,,0.8577305,forward,140.5013434132085,1
17,0.5672333333333334,188.03977966308594,586.875,1002.1875,,0.97691953,624.375,1185.0,,0.9812355,629.0625,1367.8125,,1.0177616,647.8125,1424.0625,,0.8506404,forward,137.121093044034,1,488.4375,1002.1875,,0.9809505,455.625,1185.0,,0.9970511,446.25,1367.8125,,1.0197968,427.5,1433.4375,,0.8626083,forward,137.121093044034,1
18,0.6006,193.8951015472412,586.875,1002.1875,,0.976159,624.375,1185.0,,0.9765053,629.0625,1367.8125,,1.0165172,652.5,1428.75,,0.8421716,forward,137.121093044034,1,488.4375,1002.1875,,0.9791815,450.9375,1185.0,,0.9884231,446.25,1367.8125,,1.0142722,427.5,1433.4375,,0.84847176,forward,137.121093044034,1
19,0.6339666666666667,189.37277793884277,591.5625,1006.875,,0.9654101,624.375,1189.6875,,0.9655458,629.0625,1367.8125,,1.0098431,647.8125,1428.75,,0.8444265,forward,133.03668057561148,1,488.4375,1006.875,,0.96993506,450.9375,1189.6875,,0.9801508,446.25,1367.8125,,1.0067445,427.5,1433.4375,,0.8503181,forward,133.03668057561148,1
20,0.6673333333333333,189.75591659545898,591.5625,1006.875,,0.98456633,629.0625,1189.6875,,0.97252846,629.0625,1367.8125,,1.0166987,647.8125,1428.75,,0.8376653,forward,133.03668057561148,1,493.125,1011.5625,,0.99311304,446.25,1189.6875,,0.9880372,446.25,1367.8125,,1.0127598,427.5,1433.4375,,0.83897454,forward,130.0403589563427,1
21,0.7007,198.08626174926758,591.5625,1016.25,,0.9866775,629.0625,1189.6875,,0.973505,629.0625,1367.8125,,1.0120827,652.5,1428.75,,0.84598315,forward,127.31467675332256,1,493.125,1016.25,,0.99463284,446.25,1194.375,,0.9832659,446.25,1367.8125,,1.0108052,422.8125,1433.4375,,0.84704614,forward,126.57506574701239,1
22,0.7340666666666666,188.10081481933594,591.5625,1020.9375,,1.0037973,629.0625,1194.375,,0.984365,629.0625,1367.8125,,1.0132608,652.5,1428.75,,0.84559596,forward,123.84938354399227,1,493.125,1020.9375,,1.0116017,441.5625,1199.0625,,0.9912024,446.25,1367.8125,,1.0131422,422.8125,1438.125,,0.85268104,forward,123.50240472899114,1
23,0.7674333333333333,184.64207649230957,591.5625,1025.625,,1.0210574,629.0625,1194.375,,0.9941112,629.0625,1367.8125,,1.0205152,652.5,1428.75,,0.84295404,forward,121.32712772543445,1,497.8125,1025.625,,1.031363,441.5625,1199.0625,,1.0041165,446.25,1367.8125,,1.020009,422.8125,1433.4375,,0.8427733,forward,120.77672252597102,1
24,0.8008000000000001,190.88983535766602,591.5625,1030.3125,,1.016819,633.75,1199.0625,,0.9942652,629.0625,1367.8125,,1.0197194,652.5,1428.75,,0.84239197,forward,118.2544667074132,1,493.125,1035.0,,1.0231228,441.5625,1199.0625,,1.0025195,446.25,1367.8125,,1.0185901,422.8125,1433.4375,,0.83746827,forward,115.89189037546043,1
25,0.8341666666666667,193.06087493896484,591.5625,1039.6875,,1.0039012,633.75,1203.75,,0.99757177,629.0625,1367.8125,,1.0084068,652.5,1428.75,,0.8431189,forward,113.09586577552065,1,493.125,1039.6875,,1.0076141,436.875,1203.75,,1.0023959,446.25,1367.8125,,1.008153,427.5,1433.4375,,0.84159565,forward,113.09586577552065,1
26,0.8675333333333334,193.19772720336914,591.5625,1049.0625,,0.9808311,633.75,1208.4375,,0.9803299,629.0625,1367.8125,,0.9978759,647.8125,1428.75,,0.84876335,forward,108.27440548417958,1,497.8125,1049.0625,,0.9861555,436.875,1208.4375,,1.0058575,446.25,1367.8125,,1.0023761,422.8125,1433.4375,,0.84949815,forward,108.27440548417958,1
27,0.9009,192.14105606079102,591.5625,1063.125,,0.96624297,638.4375,1213.125,,0.97700155,629.0625,1367.8125,,0.9932513,647.8125,1428.75,,0.84744406,forward,101.68771398560281,1,497.8125,1063.125,,0.9729354,432.1875,1213.125,,1.0064901,446.25,1367.8125,,0.99793404,422.8125,1433.4375,,0.8547219,forward,101.68771398560281,1
28,0.9342666666666667,194.4277286529541,591.5625,1072.5,,0.97869736,638.4375,1217.8125,,0.9765148,629.0625,1367.8125,,1.0020444,647.8125,1424.0625,,0.8461617,forward,97.43659192407293,1,497.8125,1072.5,,0.9822222,432.1875,1213.125,,1.0086346,446.25,1367.8125,,1.0075209,422.8125,1428.75,,0.8515972,forward,97.83919696747557,1
29,0.9676333333333333,194.2882537841797,586.875,1077.1875,,0.94705594,638.4375,1217.8125,,0.95515037,629.0625,1367.8125,,0.97959805,652.5,1424.0625,,0.83369946,forward,95.54597420816299,1,493.125,1077.1875,,0.9475445,432.1875,1217.8125,,0.98480093,446.25,1367.8125,,0.9889569,422.8125,1433.4375,,0.8479321,forward,95.54597420816299,1
30,1.0010000000000001,192.99030303955078,591.5625,1081.875,,0.9160241,638.4375,1222.5,,0.9305854,629.0625,1367.8125,,0.9571229,652.5,1428.75,,0.81480217,forward,93.36208113913585,1,493.125,1081.875,,0.9178562,432.1875,1217.8125,,0.9635439,446.25,1367.8125,,0.9686521,418.125,1438.125,,0.8272216,forward,93.71427701961747,1
31,1.0343666666666667,194.00477409362793,586.875,1086.5625,,0.9317474,638.4375,1222.5,,0.9272132,629.0625,1367.8125,,0.9660528,652.5,1424.0625,,0.81598157,forward,91.53038395059033,1,493.125,1086.5625,,0.92829096,427.5,1222.5,,0.9697404,446.25,1372.5,,0.97339433,418.125,1433.4375,,0.83362293,forward,93.71427701961747,1
32,1.0677333333333334,194.19288635253906,586.875,1095.9375,,0.9382088,638.4375,1222.5,,0.92887366,629.0625,1367.8125,,0.967376,647.8125,1424.0625,,0.81765497,forward,88.01723578077005,1,493.125,1095.9375,,0.9368231,427.5,1222.5,,0.9694067,446.25,1372.5,,0.97552145,418.125,1433.4375,,0.8440048,forward,90.20112884979719,1
33,1.1011,194.80133056640625,586.875,1100.625,,0.9398217,638.4375,1222.5,,0.93596303,629.0625,1367.8125,,0.97107255,647.8125,1424.0625,,0.8198601,forward,86.32510763707194,1,493.125,1100.625,,0.9418951,427.5,1227.1875,,0.9718685,446.25,1372.5,,0.98772234,422.8125,1433.4375,,0.8513285,forward,88.01723578077005,1
34,1.1344666666666667,195.5702304840088,591.5625,1110.0,,0.9321177,638.4375,1227.1875,,0.9370773,629.0625,1372.5,,0.9638325,647.8125,1424.0625,,0.8205749,forward,84.67010688305365,1,493.125,1110.0,,0.935442,427.5,1227.1875,,0.9694568,446.25,1372.5,,0.9822582,418.125,1428.75,,0.85846055,forward,84.67010688305365,1
35,1.1678333333333333,203.25088500976562,591.5625,1110.0,,0.93230265,638.4375,1231.875,,0.9370824,629.0625,1372.5,,0.9629811,647.8125,1424.0625,,0.82629114,forward,84.23346082735785,1,493.125,1110.0,,0.93210685,427.5,1227.1875,,0.97060937,446.25,1372.5,,0.98779094,422.8125,1428.75,,0.864519,forward,84.67010688305365,1
36,1.2012,251.06191635131836,591.5625,1114.6875,,0.92518294,643.125,1231.875,,0.93440497,629.0625,1372.5,,0.95705235,647.8125,1424.0625,,0.82063174,forward,82.57846007333954,1,493.125,1114.6875,,0.9232323,432.1875,1227.1875,,0.96703863,446.25,1372.5,,0.9832125,422.8125,1428.75,,0.8629037,forward,83.04859784341522,1
37,1.2345666666666666,196.0732936859131,591.5625,1114.6875,,0.9243053,643.125,1231.875,,0.93774426,629.0625,1372.5,,0.953983,647.8125,1424.0625,,0.81758225,forward,82.57846007333954,1,493.125,1114.6875,,0.9267216,432.1875,1231.875,,0.9712843,446.25,1372.5,,0.9808338,422.8125,1428.75,,0.8657094,forward,82.57846007333954,1
38,1.2679333333333334,229.92920875549316,591.5625,1114.6875,,0.91525054,643.125,1231.875,,0.9279664,629.0625,1372.5,,0.94921565,647.8125,1424.0625,,0.81240124,forward,82.57846007333954,1,488.4375,1114.6875,,0.9181926,432.1875,1231.875,,0.96522033,446.25,1372.5,,0.97572935,422.8125,1428.75,,0.8608146,forward,82.57846007333954,1
39,1.3013000000000001,204.9562931060791,591.5625,1119.375,,0.92123437,638.4375,1231.875,,0.93144786,629.0625,1372.5,,0.9490988,647.8125,1424.0625,,0.81224906,forward,80.95695103370112,1,488.4375,1114.6875,,0.92352116,432.1875,1231.875,,0.96489555,446.25,1372.5,,0.9746567,422.8125,1428.75,,0.86143327,forward,82.57846007333954,1
40,1.3346666666666667,191.89190864562988,591.5625,1119.375,,0.9241395,643.125,1236.5625,,0.93485975,629.0625,1372.5,,0.9510567,647.8125,1424.0625,,0.81207836,forward,80.56578317903387,1,488.4375,1114.6875,,0.92747563,432.1875,1231.875,,0.9667913,446.25,1372.5,,0.9770373,422.8125,1428.75,,0.86555517,forward,82.57846007333954,1
41,1.3680333333333334,198.4100341796875,591.5625,1114.6875,,0.92495275,638.4375,1231.875,,0.9355776,629.0625,1372.5,,0.9526609,647.8125,1424.0625,,0.81409293,forward,82.57846007333954,1,493.125,1114.6875,,0.9320357,432.1875,1236.5625,,0.9709425,446.25,1372.5,,0.9759097,422.8125,1428.75,,0.8732668,forward,82.22078393305219,1
42,1.4014,192.59285926818848,591.5625,1114.6875,,0.9224,638.4375,1236.5625,,0.9386674,629.0625,1372.5,,0.95406675,647.8125,1424.0625,,0.8187379,forward,82.22078393305219,1,488.4375,1114.6875,,0.92359805,432.1875,1231.875,,0.96781135,446.25,1372.5,,0.97385585,422.8125,1428.75,,0.86504525,forward,82.57846007333954,1
43,1.4347666666666667,195.33967971801758,591.5625,1114.6875,,0.92706656,638.4375,1236.5625,,0.93048084,629.0625,1372.5,,0.95028114,647.8125,1424.0625,,0.82474846,forward,82.22078393305219,1,493.125,1114.6875,,0.9294561,432.1875,1231.875,,0.96371335,446.25,1372.5,,0.9721601,422.8125,1433.4375,,0.86663556,forward,82.57846007333954,1
44,1.4681333333333333,196.13003730773926,586.875,1110.0,,0.9484238,638.4375,1231.875,,0.95840037,629.0625,1372.5,,0.96571565,647.8125,1424.0625,,0.82635045,forward,84.23346082735785,1,488.4375,1110.0,,0.94839084,432.1875,1231.875,,0.9766782,446.25,1372.5,,0.9899354,422.8125,1433.4375,,0.8799374,forward,84.23346082735785,1
45,1.5015,232.37991333007812,586.875,1105.3125,,0.9461093,638.4375,1227.1875,,0.9527699,629.0625,1372.5,,0.97777677,647.8125,1424.0625,,0.8257033,forward,86.32510763707194,1,488.4375,1105.3125,,0.9453285,432.1875,1231.875,,0.9709597,446.25,1372.5,,0.9839831,422.8125,1433.4375,,0.8662715,forward,85.92558897105596,1
46,1.5348666666666666,189.0411376953125,586.875,1095.9375,,0.9366113,638.4375,1227.1875,,0.95336187,629.0625,1372.5,,0.9730611,647.8125,1428.75,,0.83224034,forward,89.75069406954566,1,488.4375,1095.9375,,0.9373892,432.1875,1231.875,,0.97595596,446.25,1372.5,,0.98142505,422.8125,1433.4375,,0.85861194,forward,89.43873714087624,1
47,1.5682333333333334,205.69086074829102,586.875,1091.25,,0.9283722,638.4375,1227.1875,,0.94245195,629.0625,1372.5,,0.9708216,652.5,1428.75,,0.8161774,forward,91.53038395059033,1,488.4375,1091.25,,0.926705,432.1875,1227.1875,,0.96821266,446.25,1377.1875,,0.98034203,422.8125,1438.125,,0.84056175,forward,93.71427701961747,1
48,1.6016000000000001,197.91889190673828,582.1875,1086.5625,,0.9355998,638.4375,1222.5,,0.9481859,629.0625,1372.5,,0.97443175,652.5,1428.75,,0.8244187,forward,93.71427701961747,1,488.4375,1086.5625,,0.9347706,432.1875,1222.5,,0.9773257,446.25,1372.5,,0.9936418,422.8125,1438.125,,0.8513299,forward,93.71427701961747,1
49,1.6349666666666667,199.3401050567627,586.875,1077.1875,,0.95859784,638.4375,1217.8125,,0.96935976,633.75,1367.8125,,0.98723507,652.5,1428.75,,0.8265923,forward,95.54597420816299,1,488.4375,1077.1875,,0.95951295,432.1875,1222.5,,0.98774743,446.25,1372.5,,1.0024748,422.8125,1433.4375,,0.85314447,forward,97.43659192407293,1
50,1.6683333333333334,190.8891201019287,586.875,1072.5,,0.9704702,633.75,1217.8125,,0.98177236,633.75,1372.5,,0.9997341,652.5,1428.75,,0.83407915,forward,99.72981468338551,1,488.4375,1072.5,,0.97554904,432.1875,1217.8125,,1.0031362,446.25,1372.5,,1.0135865,422.8125,1433.4375,,0.86146104,forward,99.72981468338551,1
51,1.7017,196.11597061157227,582.1875,1063.125,,0.94758785,633.75,1208.4375,,0.9588678,633.75,1372.5,,0.98289216,652.5,1428.75,,0.8311465,forward,104.74318692168708,1,483.75,1063.125,,0.95031726,432.1875,1213.125,,0.97753894,446.25,1372.5,,0.9974981,422.8125,1438.125,,0.85455763,forward,104.11287935386399,1
52,1.7350666666666668,236.70291900634766,582.1875,1049.0625,,0.98798245,633.75,1203.75,,0.99049246,629.0625,1367.8125,,1.0073051,652.5,1428.75,,0.83857214,forward,108.73657579722112,1,483.75,1049.0625,,0.98754466,432.1875,1208.4375,,0.996075,446.25,1372.5,,1.0185355,422.8125,1433.4375,,0.8558419,forward,110.86261235421998,1
53,1.7684333333333333,196.0010528564453,582.1875,1039.6875,,0.99865097,629.0625,1199.0625,,0.9965557,633.75,1372.5,,1.012629,652.5,1428.75,,0.83090574,forward,116.73129797218101,1,483.75,1039.6875,,0.9968759,432.1875,1203.75,,1.0047191,446.25,1372.5,,1.0231011,422.8125,1438.125,,0.854329,forward,115.89189037546043,1
54,1.8018,190.60993194580078,582.1875,1030.3125,,1.0025008,629.0625,1194.375,,0.99511,629.0625,1367.8125,,1.0140415,647.8125,1428.75,,0.82743555,forward,118.96455139348168,1,483.75,1030.3125,,1.00255,436.875,1194.375,,1.0024829,446.25,1367.8125,,1.0278329,422.8125,1438.125,,0.846004,forward,118.96455139348168,1
55,1.8351666666666666,189.2569065093994,582.1875,1020.9375,,1.0006397,629.0625,1189.6875,,0.9963367,633.75,1367.8125,,1.0196693,652.5,1428.75,,0.8354745,forward,124.79242093476473,1,479.0625,1020.9375,,1.0021601,436.875,1189.6875,,0.9966401,446.25,1372.5,,1.0279624,422.8125,1438.125,,0.8560623,forward,128.87683340318728,1
56,1.8685333333333334,189.02873992919922,582.1875,1016.25,,1.0031605,624.375,1185.0,,0.98682106,629.0625,1367.8125,,1.021286,647.8125,1428.75,,0.84409404,forward,128.87683340318728,1,479.0625,1016.25,,1.0024366,436.875,1189.6875,,0.9939367,441.5625,1372.5,,1.0232605,422.8125,1438.125,,0.85806143,forward,131.3990892217451,1
57,1.9019,189.55326080322266,582.1875,1006.875,,1.0071948,624.375,1185.0,,1.000241,629.0625,1367.8125,,1.0176684,647.8125,1428.75,,0.83374286,forward,134.1247714247652,1,479.0625,1006.875,,1.0035136,436.875,1185.0,,0.992841,441.5625,1372.5,,1.0286498,422.8125,1433.4375,,0.85267204,forward,139.4141502974797,1
58,1.9352666666666667,194.1988468170166,577.5,1002.1875,,0.98485446,624.375,1185.0,,0.98474747,629.0625,1367.8125,,1.007826,647.8125,1428.75,,0.8278009,forward,137.121093044034,1,479.0625,1002.1875,,0.98230386,441.5625,1185.0,,0.9788416,441.5625,1372.5,,1.0128641,422.8125,1438.125,,0.85823,forward,142.4104719167485,1
59,1.9686333333333335,193.1467056274414,577.5,997.5,,0.9696393,624.375,1185.0,,0.9782438,629.0625,1367.8125,,1.0013154,647.8125,1428.75,,0.8289967,forward,140.5013434132085,1,474.375,997.5,,0.9670743,441.5625,1185.0,,0.9719764,446.25,1372.5,,1.0038335,422.8125,1438.125,,0.85434127,forward,145.79072228592298,1
60,2.0020000000000002,192.4722194671631,577.5,997.5,,0.9699852,619.6875,1180.3125,,0.9794159,629.0625,1372.5,,1.0081618,652.5,1424.0625,,0.8300651,forward,155.0908493372876,1,474.375,997.5,,0.96788645,446.25,1185.0,,0.9774388,446.25,1372.5,,1.0086875,427.5,1438.125,,0.86222005,forward,145.79072228592298,1
61,2.0353666666666665,192.66891479492188,577.5,997.5,,0.97014284,619.6875,1185.0,,0.97555566,629.0625,1367.8125,,1.0158823,657.1875,1428.75,,0.8428479,forward,140.5013434132085,1,474.375,997.5,,0.9701013,450.9375,1185.0,,0.9838126,441.5625,1372.5,,1.0143522,427.5,1438.125,,0.8728304,forward,145.79072228592298,1
62,2.0687333333333333,192.56281852722168,577.5,992.8125,,0.97991234,615.0,1180.3125,,0.98331463,629.0625,1367.8125,,1.0230373,657.1875,1428.75,,0.8526289,forward,145.79072228592298,1,479.0625,997.5,,0.9824379,450.9375,1185.0,,0.99735916,441.5625,1372.5,,1.0274761,427.5,1433.4375,,0.86725813,forward,145.79072228592298,1
63,2.1021,191.72286987304688,577.5,992.8125,,0.97783303,615.0,1185.0,,0.9898087,629.0625,1372.5,,1.0250974,661.875,1424.0625,,0.842741,forward,149.77611789108212,1,479.0625,997.5,,0.98029584,455.625,1185.0,,0.998116,441.5625,1372.5,,1.0249954,427.5,1433.4375,,0.8760606,forward,145.79072228592298,1
64,2.135466666666667,192.87896156311035,577.5,992.8125,,0.9722043,610.3125,1185.0,,0.99554306,629.0625,1372.5,,1.0286901,661.875,1428.75,,0.8495002,forward,149.77611789108212,1,479.0625,992.8125,,0.9754223,455.625,1185.0,,1.0038304,446.25,1372.5,,1.0315368,427.5,1433.4375,,0.8729849,forward,149.77611789108212,1
65,2.168833333333333,192.48199462890625,577.5,992.8125,,0.97222257,610.3125,1185.0,,0.99818695,629.0625,1372.5,,1.0321784,657.1875,1428.75,,0.8546898,forward,149.77611789108212,1,479.0625,992.8125,,0.9749634,460.3125,1185.0,,1.0067978,446.25,1372.5,,1.0317738,427.5,1433.4375,,0.8783453,forward,149.77611789108212,1
66,2.2022,192.03686714172363,577.5,988.125,,0.98580647,610.3125,1185.0,,1.0138644,629.0625,1372.5,,1.0424759,657.1875,1424.0625,,0.85486174,forward,154.9388206989654,1,479.0625,992.8125,,0.98788834,460.3125,1185.0,,1.0221395,446.25,1372.5,,1.0412376,427.5,1433.4375,,0.87974733,forward,149.77611789108212,1
67,2.2355666666666667,194.7457790374756,577.5,992.8125,,0.98687637,610.3125,1185.0,,1.0169507,629.0625,1372.5,,1.0431374,661.875,1428.75,,0.8657701,forward,149.77611789108212,1,483.75,992.8125,,0.99220896,455.625,1185.0,,1.0227423,446.25,1372.5,,1.040285,427.5,1433.4375,,0.89671814,forward,149.77611789108212,1
68,2.2689333333333335,189.57066535949707,577.5,988.125,,0.9884299,610.3125,1185.0,,1.0131872,629.0625,1372.5,,1.0396783,661.875,1424.0625,,0.86052644,forward,154.9388206989654,1,483.75,992.8125,,0.99430466,460.3125,1185.0,,1.0236298,446.25,1372.5,,1.0386173,427.5,1433.4375,,0.89273727,forward,149.77611789108212,1
69,2.3023000000000002,187.54816055297852,582.1875,988.125,,0.9917567,610.3125,1185.0,,1.0197592,629.0625,1372.5,,1.0388513,657.1875,1424.0625,,0.8616449,forward,154.9388206989654,1,483.75,992.8125,,0.99846685,460.3125,1189.6875,,1.0303271,446.25,1372.5,,1.0400965,427.5,1433.4375,,0.89070916,forward,149.64944182625092,1
70,2.3356666666666666,188.58695030212402,582.1875,988.125,,0.99101293,610.3125,1185.0,,1.0170736,633.75,1372.5,,1.0360029,657.1875,1424.0625,,0.86581737,forward,154.9388206989654,1,483.75,988.125,,0.9958892,460.3125,1185.0,,1.0303769,446.25,1372.5,,1.0385062,427.5,1433.4375,,0.89882386,forward,154.9388206989654,1
71,2.3690333333333333,188.54665756225586,582.1875,983.4375,,0.9859599,610.3125,1185.0,,1.0141205,633.75,1372.5,,1.030987,657.1875,1424.0625,,0.8703145,forward,167.31962257946088,1,483.75,988.125,,0.99221236,460.3125,1185.0,,1.0265017,441.5625,1372.5,,1.0351923,427.5,1433.4375,,0.89948606,forward,154.9388206989654,1
72,2.4024,187.95299530029297,582.1875,983.4375,,0.9881774,610.3125,1185.0,,1.0149648,633.75,1372.5,,1.0315617,657.1875,1424.0625,,0.86881983,forward,167.31962257946088,1,483.75,988.125,,0.99343944,460.3125,1185.0,,1.0290841,441.5625,1377.1875,,1.0362396,427.5,1433.4375,,0.893026,forward,167.61919811950452,1
73,2.435766666666667,186.83481216430664,582.1875,983.4375,,0.9896997,615.0,1185.0,,1.0139767,633.75,1372.5,,1.0336341,657.1875,1428.75,,0.8679193,forward,167.31962257946088,1,488.4375,988.125,,0.99528486,460.3125,1185.0,,1.0302238,441.5625,1377.1875,,1.0391796,427.5,1433.4375,,0.9001411,forward,167.61919811950452,1
74,2.469133333333333,187.3941421508789,582.1875,983.4375,,0.9829004,615.0,1185.0,,1.0121673,633.75,1372.5,,1.0304263,657.1875,1428.75,,0.8616576,forward,167.31962257946088,1,488.4375,988.125,,0.9887115,460.3125,1185.0,,1.0272948,441.5625,1377.1875,,1.0340464,427.5,1433.4375,,0.8853149,forward,167.61919811950452,1
75,2.5025,187.66021728515625,582.1875,983.4375,,0.98516935,615.0,1185.0,,1.0142833,633.75,1372.5,,1.0340955,661.875,1428.75,,0.8674495,forward,167.31962257946088,1,488.4375,988.125,,0.99077344,460.3125,1185.0,,1.0292796,441.5625,1372.5,,1.0377281,427.5,1433.4375,,0.89716464,forward,154.9388206989654,1
76,2.5358666666666667,187.46495246887207,586.875,983.4375,,0.9850176,615.0,1180.3125,,1.0139709,633.75,1372.5,,1.0337445,661.875,1428.75,,0.8719709,forward,167.61919811950452,1,488.4375,988.125,,0.990474,460.3125,1185.0,,1.0308614,441.5625,1372.5,,1.0367608,427.5,1433.4375,,0.8948784,forward,154.9388206989654,1
77,2.5692333333333335,187.5619888305664,586.875,983.4375,,0.9827963,615.0,1180.3125,,1.0137281,633.75,1372.5,,1.0312986,661.875,1428.75,,0.8719035,forward,167.61919811950452,1,488.4375,988.125,,0.9872778,460.3125,1185.0,,1.0306383,441.5625,1372.5,,1.0348186,427.5,1433.4375,,0.8920875,forward,154.9388206989654,1
78,2.6026000000000002,188.04192543029785,586.875,983.4375,,0.9850737,615.0,1180.3125,,1.0173783,633.75,1372.5,,1.0352862,661.875,1428.75,,0.8739792,forward,167.61919811950452,1,488.4375,988.125,,0.98897535,460.3125,1185.0,,1.0346453,441.5625,1372.5,,1.0345795,427.5,1433.4375,,0.8902818,forward,154.9388206989654,1
79,2.6359666666666666,189.69297409057617,586.875,983.4375,,0.9947016,615.0,1185.0,,1.0265374,633.75,1377.1875,,1.0350633,661.875,1428.75,,0.8868253,forward,180.0,1,488.4375,988.125,,0.99953973,455.625,1185.0,,1.0407523,441.5625,1377.1875,,1.0419756,427.5,1433.4375,,0.89611036,forward,167.61919811950452,1
80,2.6693333333333333,188.77196311950684,586.875,988.125,,0.9928823,619.6875,1185.0,,1.0245245,638.4375,1377.1875,,1.0268476,661.875,1428.75,,0.88258696,forward,167.61919811950452,1,488.4375,988.125,,0.9978764,455.625,1185.0,,1.0384796,441.5625,1377.1875,,1.0370033,427.5,1433.4375,,0.8914768,forward,167.61919811950452,1
81,2.7027,192.2156810760498,586.875,988.125,,0.98954034,619.6875,1185.0,,1.0191694,638.4375,1377.1875,,1.0205226,661.875,1428.75,,0.8826402,forward,167.61919811950452,1,488.4375,988.125,,0.99371886,455.625,1185.0,,1.0315065,441.5625,1377.1875,,1.0313439,427.5,1433.4375,,0.8928144,forward,167.61919811950452,1
82,2.736066666666667,188.97318840026855,586.875,992.8125,,0.98760253,619.6875,1185.0,,1.0137761,638.4375,1377.1875,,1.0182639,661.875,1428.75,,0.8671558,forward,162.45649531162124,1,488.4375,992.8125,,0.9932396,455.625,1189.6875,,1.0253642,441.5625,1372.5,,1.0283306,427.5,1433.4375,,0.87943625,forward,149.64944182625092,1
83,2.769433333333333,188.02404403686523,586.875,992.8125,,0.9774182,619.6875,1185.0,,0.99974865,638.4375,1372.5,,1.0117998,657.1875,1428.75,,0.87054133,forward,149.77611789108212,1,488.4375,997.5,,0.98235726,455.625,1189.6875,,1.0117201,441.5625,1372.5,,1.0235767,427.5,1433.4375,,0.8835408,forward,144.48673901836764,1
84,2.8028,187.40415573120117,586.875,997.5,,0.9768673,619.6875,1185.0,,0.9955972,633.75,1372.5,,1.0076162,657.1875,1428.75,,0.861204,forward,145.79072228592298,1,488.4375,997.5,,0.97995085,455.625,1189.6875,,1.005128,441.5625,1372.5,,1.0217836,427.5,1433.4375,,0.8773237,forward,144.48673901836764,1
85,2.8361666666666667,188.3857250213623,586.875,997.5,,0.9814509,624.375,1185.0,,0.98901016,633.75,1372.5,,1.008301,661.875,1428.75,,0.8645374,forward,145.79072228592298,1,488.4375,997.5,,0.98353195,455.625,1189.6875,,1.0052522,441.5625,1372.5,,1.0223277,427.5,1433.4375,,0.87889004,forward,144.48673901836764,1
86,2.8695333333333335,189.58497047424316,586.875,997.5,,0.99176896,624.375,1185.0,,0.9945924,633.75,1372.5,,1.0172355,661.875,1424.0625,,0.8565856,forward,145.79072228592298,1,488.4375,997.5,,0.9948813,455.625,1185.0,,1.0119263,446.25,1372.5,,1.0255797,427.5,1433.4375,,0.8677968,forward,145.79072228592298,1
87,2.9029000000000003,189.38088417053223,586.875,997.5,,0.9940485,624.375,1185.0,,0.9956746,633.75,1372.5,,1.017283,657.1875,1428.75,,0.85517454,forward,145.79072228592298,1,488.4375,1002.1875,,0.9979787,455.625,1189.6875,,1.0111471,446.25,1372.5,,1.0257071,427.5,1433.4375,,0.86134946,forward,140.5013434132085,1
88,2.9362666666666666,189.11099433898926,586.875,1002.1875,,0.9837245,624.375,1189.6875,,0.9725972,633.75,1372.5,,1.0083547,661.875,1428.75,,0.8572767,forward,140.5013434132085,1,488.4375,1002.1875,,0.9879967,455.625,1189.6875,,0.99498963,446.25,1372.5,,1.0151534,427.5,1438.125,,0.8631755,forward,140.5013434132085,1
89,2.9696333333333333,188.01522254943848,586.875,1002.1875,,0.96903396,624.375,1189.6875,,0.9636031,633.75,1367.8125,,1.0004448,661.875,1428.75,,0.8484173,forward,136.41693094478597,1,488.4375,1006.875,,0.97022045,455.625,1189.6875,,0.9815696,446.25,1372.5,,1.0007526,427.5,1438.125,,0.85481703,forward,137.121093044034,1
90,3.003,190.8581256866455,586.875,1002.1875,,0.97210836,624.375,1189.6875,,0.9650309,633.75,1372.5,,0.9953077,661.875,1428.75,,0.84377986,forward,140.5013434132085,1,488.4375,1006.875,,0.978093,455.625,1189.6875,,0.9828262,446.25,1372.5,,0.999272,427.5,1433.4375,,0.8580961,forward,137.121093044034,1
91,3.036366666666667,198.95291328430176,586.875,1006.875,,0.9857377,624.375,1189.6875,,0.9721984,633.75,1367.8125,,0.99926233,661.875,1428.75,,0.8474143,forward,133.03668057561148,1,488.4375,1006.875,,0.98861486,455.625,1189.6875,,0.987074,446.25,1372.5,,1.0061188,427.5,1433.4375,,0.8552501,forward,137.121093044034,1
92,3.069733333333333,191.03503227233887,586.875,1011.5625,,0.99024147,624.375,1194.375,,0.9799721,633.75,1367.8125,,0.995825,661.875,1428.75,,0.8547039,forward,129.5713873662812,1,488.4375,1011.5625,,0.99572605,455.625,1194.375,,0.98554885,446.25,1372.5,,1.00535,427.5,1433.4375,,0.8634893,forward,133.03668057561148,1
93,3.1031,191.26009941101074,586.875,1011.5625,,0.98849094,619.6875,1194.375,,0.9749259,633.75,1372.5,,0.9891343,661.875,1428.75,,0.85286474,forward,133.03668057561148,1,488.4375,1016.25,,0.9957577,460.3125,1189.6875,,0.9792565,446.25,1372.5,,1.0012163,427.5,1433.4375,,0.8611534,forward,131.3990892217451,1
94,3.1364666666666667,193.8760280609131,586.875,1016.25,,1.0108492,619.6875,1194.375,,0.99393094,633.75,1372.5,,1.0023191,661.875,1428.75,,0.8560571,forward,130.0403589563427,1,493.125,1020.9375,,1.0177252,460.3125,1194.375,,0.9933671,446.25,1372.5,,1.0083895,427.5,1433.4375,,0.8611386,forward,127.31467675332256,1
95,3.1698333333333335,193.2809352874756,586.875,1020.9375,,1.0192602,619.6875,1194.375,,0.9942799,633.75,1372.5,,1.0063518,661.875,1428.75,,0.85431457,forward,127.31467675332256,1,493.125,1025.625,,1.0235143,460.3125,1194.375,,0.99192667,446.25,1372.5,,1.0077338,427.5,1433.4375,,0.86110055,forward,124.79242093476473,1
96,3.2032000000000003,193.5710906982422,586.875,1025.625,,1.0202836,619.6875,1194.375,,0.9989958,633.75,1372.5,,1.0084395,661.875,1428.75,,0.8573158,forward,124.79242093476473,1,493.125,1030.3125,,1.0271598,460.3125,1199.0625,,0.99926496,446.25,1372.5,,1.0154635,427.5,1433.4375,,0.8643999,forward,121.32712772543445,1
97,3.2365666666666666,194.2460536956787,586.875,1030.3125,,0.9993896,619.6875,1199.0625,,0.9903714,633.75,1372.5,,0.9976686,661.875,1428.75,,0.8497646,forward,121.32712772543445,1,493.125,1035.0,,1.0020741,460.3125,1199.0625,,0.97903407,446.25,1372.5,,1.0029346,427.5,1433.4375,,0.8588226,forward,118.96455139348168,1
98,3.2699333333333334,194.11087036132812,586.875,1035.0,,0.9784833,619.6875,1203.75,,0.9846386,633.75,1372.5,,0.9850469,661.875,1428.75,,0.8525616,forward,118.2544667074132,1,493.125,1039.6875,,0.9809557,460.3125,1203.75,,0.97279453,446.25,1367.8125,,0.9975389,427.5,1433.4375,,0.8560122,forward,113.09586577552065,1
99,3.3033,194.40984725952148,586.875,1044.375,,0.9572793,619.6875,1203.75,,0.97754157,633.75,1372.5,,0.98184896,661.875,1428.75,,0.8439957,forward,113.65863695415976,1,497.8125,1049.0625,,0.9603611,460.3125,1208.4375,,0.9726352,446.25,1367.8125,,1.0029213,427.5,1433.4375,,0.84990394,forward,108.27440548417958,1
100,3.336666666666667,189.75186347961426,586.875,1049.0625,,0.9492455,619.6875,1208.4375,,0.9746857,633.75,1372.5,,0.97803783,657.1875,1428.75,,0.83809733,forward,110.86261235421998,1,497.8125,1053.75,,0.9541805,465.0,1208.4375,,0.9733966,446.25,1367.8125,,1.0018343,427.5,1433.4375,,0.8457191,forward,106.14836892718073,1
101,3.370033333333333,191.63799285888672,586.875,1053.75,,0.9324558,619.6875,1208.4375,,0.9652684,633.75,1377.1875,,0.96349895,661.875,1428.75,,0.8371546,forward,111.5326003971609,1,493.125,1058.4375,,0.93493176,460.3125,1213.125,,0.9554168,446.25,1372.5,,0.990216,422.8125,1433.4375,,0.84975505,forward,106.14836892718073,1
102,3.4034,191.58411026000977,586.875,1063.125,,0.9245156,619.6875,1213.125,,0.95728475,633.75,1377.1875,,0.9637791,661.875,1428.75,,0.82872176,forward,106.70108622390438,1,493.125,1067.8125,,0.9263817,460.3125,1213.125,,0.9450995,446.25,1372.5,,0.9861364,422.8125,1433.4375,,0.84957254,forward,102.15498005164669,1
103,3.4367666666666667,192.6579475402832,586.875,1067.8125,,0.92620087,624.375,1213.125,,0.9567863,633.75,1377.1875,,0.9552387,661.875,1428.75,,0.8338693,forward,104.74318692168708,1,493.125,1072.5,,0.92875725,455.625,1217.8125,,0.95159245,446.25,1372.5,,0.9850998,422.8125,1433.4375,,0.8444723,forward,99.72981468338551,1
104,3.4701333333333335,186.53202056884766,586.875,1072.5,,0.91401464,624.375,1213.125,,0.9455588,633.75,1377.1875,,0.94691145,661.875,1428.75,,0.829937,forward,102.85256920577714,1,493.125,1072.5,,0.9167291,455.625,1217.8125,,0.9423896,446.25,1372.5,,0.9779167,422.8125,1433.4375,,0.8332969,forward,99.72981468338551,1
105,3.5035000000000003,186.9521141052246,586.875,1077.1875,,0.91135824,629.0625,1222.5,,0.9375044,633.75,1372.5,,0.9492171,661.875,1428.75,,0.8229687,forward,97.43659192407293,1,493.125,1081.875,,0.91461945,450.9375,1222.5,,0.9290917,446.25,1372.5,,0.97157896,422.8125,1433.4375,,0.8341284,forward,95.54597420816299,1
106,3.5368666666666666,188.7342929840088,582.1875,1081.875,,0.9167184,629.0625,1217.8125,,0.9358392,633.75,1372.5,,0.96098137,661.875,1428.75,,0.82166696,forward,96.00749977893005,1,488.4375,1081.875,,0.9206047,446.25,1227.1875,,0.9418814,446.25,1372.5,,0.97577053,427.5,1433.4375,,0.83895636,forward,95.2526988550458,1
107,3.5702333333333334,190.4749870300293,586.875,1086.5625,,0.93947375,633.75,1222.5,,0.9497274,633.75,1377.1875,,0.97711766,661.875,1428.75,,0.825564,forward,96.00749977893005,1,488.4375,1086.5625,,0.93805397,446.25,1227.1875,,0.95782506,446.25,1372.5,,0.9863435,427.5,1433.4375,,0.8396977,forward,93.36208113913585,1
108,3.6036,189.55373764038086,582.1875,1091.25,,0.9467062,633.75,1227.1875,,0.96216893,633.75,1377.1875,,0.9858343,661.875,1428.75,,0.8228985,forward,93.71427701961747,1,488.4375,1091.25,,0.942627,441.5625,1227.1875,,0.9680917,446.25,1372.5,,0.9922793,422.8125,1433.4375,,0.85162985,forward,91.53038395059033,1
109,3.636966666666667,189.26000595092773,582.1875,1095.9375,,0.93647444,633.75,1227.1875,,0.9537481,633.75,1372.5,,0.9734585,661.875,1428.75,,0.8192797,forward,89.75069406954566,1,488.4375,1095.9375,,0.93140686,441.5625,1227.1875,,0.9479674,446.25,1372.5,,0.9790864,422.8125,1433.4375,,0.8529172,forward,89.75069406954566,1
110,3.6703333333333332,190.56391716003418,582.1875,1095.9375,,0.9384114,638.4375,1231.875,,0.9642935,633.75,1372.5,,0.98196363,661.875,1424.0625,,0.8272474,forward,89.43873714087624,1,488.4375,1095.9375,,0.9323095,441.5625,1227.1875,,0.95928043,446.25,1372.5,,0.99058974,422.8125,1433.4375,,0.85380757,forward,89.75069406954566,1
111,3.7037,189.0580654144287,582.1875,1100.625,,0.9460337,638.4375,1231.875,,0.9666092,633.75,1372.5,,0.99005616,661.875,1424.0625,,0.8256114,forward,87.65904725983157,1,488.4375,1100.625,,0.94154406,436.875,1227.1875,,0.9634699,446.25,1367.8125,,0.9963455,422.8125,1433.4375,,0.8595202,forward,85.92558897105596,1
112,3.7370666666666668,192.61503219604492,586.875,1105.3125,,0.95353943,643.125,1231.875,,0.96605515,633.75,1372.5,,0.9844445,661.875,1424.0625,,0.8296406,forward,85.92558897105596,1,488.4375,1105.3125,,0.94963145,436.875,1231.875,,0.9721381,446.25,1367.8125,,0.99367094,422.8125,1428.75,,0.8659426,forward,83.9129120767503,1
113,3.7704333333333335,192.0790672302246,582.1875,1110.0,,0.94513106,643.125,1231.875,,0.9575629,633.75,1372.5,,0.9812181,661.875,1424.0625,,0.82312495,forward,84.23346082735785,1,488.4375,1110.0,,0.9403628,432.1875,1231.875,,0.96601385,446.25,1367.8125,,0.98872626,427.5,1428.75,,0.86717224,forward,82.22078393305219,1
114,3.8038,191.90406799316406,582.1875,1110.0,,0.93497175,643.125,1231.875,,0.9510441,633.75,1372.5,,0.97544706,661.875,1424.0625,,0.82012415,forward,84.23346082735785,1,483.75,1110.0,,0.9288149,432.1875,1231.875,,0.9525701,446.25,1372.5,,0.98129106,427.5,1428.75,,0.8657645,forward,84.23346082735785,1
115,3.8371666666666666,192.37685203552246,582.1875,1110.0,,0.94965196,643.125,1231.875,,0.9638084,633.75,1372.5,,0.98599166,661.875,1424.0625,,0.8208699,forward,84.23346082735785,1,488.4375,1110.0,,0.94668627,432.1875,1227.1875,,0.96677786,446.25,1367.8125,,0.9943547,427.5,1428.75,,0.86893827,forward,82.57846007333954,1
116,3.8705333333333334,192.21925735473633,582.1875,1114.6875,,0.95096874,643.125,1231.875,,0.9546001,633.75,1372.5,,0.97868454,661.875,1424.0625,,0.8201125,forward,82.57846007333954,1,488.4375,1110.0,,0.94651854,432.1875,1231.875,,0.9637511,446.25,1372.5,,0.9863721,427.5,1428.75,,0.8669848,forward,84.23346082735785,1
117,3.9039,193.09592247009277,582.1875,1110.0,,0.9525875,643.125,1231.875,,0.95898765,633.75,1372.5,,0.98277676,661.875,1424.0625,,0.82524854,forward,84.23346082735785,1,488.4375,1110.0,,0.95071137,432.1875,1231.875,,0.96767795,446.25,1367.8125,,0.9895268,427.5,1428.75,,0.87237537,forward,82.22078393305219,1
118,3.937266666666667,192.58713722229004,582.1875,1110.0,,0.9397093,643.125,1231.875,,0.95215476,633.75,1372.5,,0.97330785,661.875,1424.0625,,0.8202466,forward,84.23346082735785,1,488.4375,1110.0,,0.93643254,432.1875,1231.875,,0.95798004,446.25,1372.5,,0.98161983,427.5,1428.75,,0.86818826,forward,84.23346082735785,1
119,3.9706333333333332,191.93601608276367,586.875,1110.0,,0.943912,643.125,1236.5625,,0.95681286,633.75,1372.5,,0.97953856,661.875,1424.0625,,0.81925195,forward,83.9129120767503,1,488.4375,1110.0,,0.9398737,432.1875,1227.1875,,0.96238804,446.25,1372.5,,0.9869746,427.5,1428.75,,0.86441123,forward,84.67010688305365,1
120,4.0040000000000004,192.71278381347656,586.875,1105.3125,,0.9529201,643.125,1231.875,,0.9676057,633.75,1372.5,,0.9901395,661.875,1424.0625,,0.8244915,forward,85.92558897105596,1,488.4375,1105.3125,,0.9495737,432.1875,1227.1875,,0.9756861,446.25,1367.8125,,0.9957435,427.5,1428.75,,0.86265355,forward,84.23346082735785,1
121,4.037366666666666,192.83699989318848,582.1875,1105.3125,,0.9686478,643.125,1227.1875,,0.9750997,633.75,1372.5,,0.99066675,661.875,1424.0625,,0.8282918,forward,86.32510763707194,1,488.4375,1100.625,,0.9658911,432.1875,1227.1875,,0.9802724,446.25,1372.5,,1.0018133,422.8125,1428.75,,0.8573718,forward,88.01723578077005,1
122,4.070733333333333,196.01726531982422,582.1875,1100.625,,0.9463253,643.125,1222.5,,0.9609616,633.75,1372.5,,0.97637165,661.875,1424.0625,,0.8257526,forward,88.50900070609907,1,488.4375,1095.9375,,0.94363344,432.1875,1231.875,,0.9765779,446.25,1372.5,,0.99355674,422.8125,1433.4375,,0.8494718,forward,89.43873714087624,1
123,4.1041,193.23229789733887,582.1875,1091.25,,0.9422624,643.125,1222.5,,0.95037746,633.75,1372.5,,0.9702239,661.875,1424.0625,,0.8312858,forward,91.9345871385728,1,488.4375,1091.25,,0.9400902,432.1875,1227.1875,,0.97545487,446.25,1377.1875,,0.98484445,422.8125,1433.4375,,0.8509854,forward,93.71427701961747,1
124,4.137466666666667,193.47596168518066,586.875,1086.5625,,0.947417,643.125,1222.5,,0.9560745,633.75,1372.5,,0.9769832,661.875,1424.0625,,0.82596266,forward,93.71427701961747,1,488.4375,1086.5625,,0.94436246,436.875,1227.1875,,0.9867751,446.25,1372.5,,0.9931427,422.8125,1433.4375,,0.84443927,forward,93.36208113913585,1
125,4.170833333333333,195.5850124359131,586.875,1086.5625,,0.9364322,643.125,1217.8125,,0.94808805,633.75,1372.5,,0.9598443,661.875,1424.0625,,0.8282566,forward,94.22780989788538,1,488.4375,1086.5625,,0.9394287,436.875,1222.5,,0.97347796,446.25,1372.5,,0.9817056,427.5,1433.4375,,0.8469933,forward,93.71427701961747,1
126,4.2042,192.23499298095703,586.875,1077.1875,,0.94142044,643.125,1217.8125,,0.9649987,633.75,1372.5,,0.95739716,666.5625,1424.0625,,0.835682,forward,97.83919696747557,1,493.125,1077.1875,,0.9449883,436.875,1222.5,,0.9868634,446.25,1372.5,,0.98416555,427.5,1433.4375,,0.8485421,forward,97.43659192407293,1
127,4.237566666666667,192.84415245056152,586.875,1072.5,,0.95085686,643.125,1217.8125,,0.97670656,633.75,1372.5,,0.9711509,661.875,1428.75,,0.84552187,forward,99.72981468338551,1,488.4375,1067.8125,,0.9511567,432.1875,1217.8125,,0.9876325,446.25,1372.5,,0.9940108,427.5,1433.4375,,0.8587618,forward,101.68771398560281,1
128,4.270933333333334,192.5210952758789,591.5625,1058.4375,,0.97166383,643.125,1213.125,,0.99036574,633.75,1372.5,,0.99230146,661.875,1428.75,,0.8444388,forward,106.14836892718073,1,493.125,1058.4375,,0.9730506,436.875,1213.125,,0.99584675,446.25,1367.8125,,1.0123818,427.5,1433.4375,,0.86080325,forward,103.72320355891955,1
129,4.3043000000000005,186.95878982543945,586.875,1049.0625,,0.9780604,638.4375,1203.75,,0.9903344,633.75,1372.5,,0.99393463,666.5625,1428.75,,0.8461485,forward,111.5326003971609,1,488.4375,1049.0625,,0.9789891,436.875,1208.4375,,0.99638957,446.25,1367.8125,,1.0064412,427.5,1433.4375,,0.86476266,forward,108.27440548417958,1
130,4.337666666666666,186.50078773498535,586.875,1044.375,,0.9960985,643.125,1199.0625,,0.9960854,633.75,1372.5,,1.0008991,666.5625,1428.75,,0.8476752,forward,114.60526141518216,1,488.4375,1044.375,,0.99966747,436.875,1199.0625,,0.99595106,446.25,1367.8125,,1.0122907,427.5,1433.4375,,0.86317027,forward,111.5326003971609,1
131,4.371033333333333,186.18178367614746,586.875,1030.3125,,0.9958406,638.4375,1194.375,,0.9886304,633.75,1367.8125,,1.006483,666.5625,1428.75,,0.85049725,forward,118.96455139348168,1,488.4375,1030.3125,,1.0005982,441.5625,1194.375,,0.9984431,446.25,1367.8125,,1.0176404,427.5,1433.4375,,0.86236787,forward,118.96455139348168,1
132,4.4044,185.3640079498291,586.875,1025.625,,1.0157125,638.4375,1194.375,,0.99813294,633.75,1367.8125,,1.0150688,666.5625,1428.75,,0.8534926,forward,121.32712772543445,1,488.4375,1020.9375,,1.0142598,441.5625,1189.6875,,1.0009841,446.25,1367.8125,,1.0188012,427.5,1433.4375,,0.859982,forward,124.79242093476473,1
133,4.437766666666667,186.3408088684082,586.875,1016.25,,1.0056849,638.4375,1189.6875,,0.99253607,633.75,1367.8125,,1.0174553,666.5625,1428.75,,0.84846956,forward,127.31467675332256,1,488.4375,1016.25,,1.0054026,441.5625,1189.6875,,0.9952517,446.25,1367.8125,,1.0207365,427.5,1433.4375,,0.86121386,forward,127.31467675332256,1
134,4.471133333333333,190.30308723449707,586.875,1011.5625,,0.9921974,638.4375,1189.6875,,0.9877531,633.75,1367.8125,,1.0097932,666.5625,1428.75,,0.84682024,forward,130.0403589563427,1,488.4375,1011.5625,,0.9913766,441.5625,1189.6875,,0.9903228,446.25,1367.8125,,1.017495,427.5,1433.4375,,0.8588392,forward,130.0403589563427,1
135,4.5045,190.4010772705078,586.875,1002.1875,,0.9793118,633.75,1185.0,,0.9789517,633.75,1367.8125,,1.0134577,661.875,1428.75,,0.83170843,forward,137.121093044034,1,488.4375,1006.875,,0.9747586,446.25,1185.0,,0.9848671,446.25,1367.8125,,1.0115998,427.5,1438.125,,0.8465588,forward,134.1247714247652,1
136,4.537866666666667,190.48500061035156,586.875,1002.1875,,0.98780864,633.75,1185.0,,0.98415685,633.75,1367.8125,,1.0190384,661.875,1428.75,,0.8276421,forward,137.121093044034,1,488.4375,1002.1875,,0.9862789,446.25,1185.0,,0.9948914,446.25,1367.8125,,1.017601,432.1875,1433.4375,,0.84334016,forward,137.121093044034,1
137,4.571233333333334,190.36316871643066,586.875,997.5,,0.98495805,629.0625,1185.0,,0.9752257,633.75,1367.8125,,1.0161057,661.875,1428.75,,0.8357879,forward,140.5013434132085,1,488.4375,997.5,,0.9808671,446.25,1185.0,,0.9935713,446.25,1367.8125,,1.0173557,432.1875,1438.125,,0.85210454,forward,140.5013434132085,1
138,4.6046000000000005,190.57083129882812,586.875,997.5,,0.9815202,629.0625,1185.0,,0.9799274,633.75,1367.8125,,1.0220636,661.875,1428.75,,0.8451327,forward,140.5013434132085,1,488.4375,997.5,,0.9817518,446.25,1185.0,,0.9963857,446.25,1367.8125,,1.0160832,427.5,1433.4375,,0.85523725,forward,140.5013434132085,1
139,4.637966666666666,190.1850700378418,586.875,997.5,,0.98241913,629.0625,1185.0,,0.9838881,633.75,1367.8125,,1.0189133,661.875,1428.75,,0.85869205,forward,140.5013434132085,1,488.4375,997.5,,0.98237777,450.9375,1185.0,,0.99812365,441.5625,1372.5,,1.0175766,432.1875,1433.4375,,0.8766049,forward,145.79072228592298,1
140,4.671333333333333,190.76800346374512,586.875,997.5,,0.9909585,629.0625,1185.0,,0.9930301,633.75,1367.8125,,1.027127,661.875,1428.75,,0.8587762,forward,140.5013434132085,1,493.125,997.5,,0.99196565,450.9375,1185.0,,1.0149081,441.5625,1367.8125,,1.0241771,432.1875,1433.4375,,0.8720367,forward,140.5013434132085,1
141,4.7047,190.58680534362793,586.875,992.8125,,0.98180676,624.375,1185.0,,0.9903667,633.75,1367.8125,,1.021591,661.875,1424.0625,,0.8634674,forward,144.48673901836764,1,488.4375,992.8125,,0.9808738,455.625,1185.0,,1.0135732,441.5625,1372.5,,1.0219433,432.1875,1433.4375,,0.8757021,forward,149.77611789108212,1
142,4.738066666666667,190.83714485168457,586.875,992.8125,,0.98223585,624.375,1185.0,,0.99289274,633.75,1367.8125,,1.0175989,657.1875,1424.0625,,0.8658011,forward,144.48673901836764,1,488.4375,992.8125,,0.981178,455.625,1185.0,,1.0150818,441.5625,1372.5,,1.0183144,432.1875,1433.4375,,0.87349415,forward,149.77611789108212,1
143,4.771433333333333,190.7639503479004,586.875,992.8125,,0.9862926,619.6875,1185.0,,0.99712706,633.75,1367.8125,,1.0226154,657.1875,1424.0625,,0.87331945,forward,144.48673901836764,1,488.4375,992.8125,,0.98595893,455.625,1185.0,,1.0230403,441.5625,1372.5,,1.0241615,432.1875,1433.4375,,0.88040185,forward,149.77611789108212,1
144,4.8048,190.39106369018555,586.875,992.8125,,0.99102104,619.6875,1180.3125,,1.0001242,633.75,1367.8125,,1.021867,657.1875,1424.0625,,0.8676641,forward,145.79072228592298,1,488.4375,992.8125,,0.99127644,455.625,1180.3125,,1.0234973,441.5625,1372.5,,1.0243133,432.1875,1433.4375,,0.8750123,forward,158.4710997064621,1
145,4.838166666666667,215.01779556274414,582.1875,992.8125,,0.99824595,619.6875,1185.0,,1.0047067,638.4375,1372.5,,1.0157976,657.1875,1424.0625,,0.87998056,forward,149.77611789108212,1,488.4375,992.8125,,0.9974453,455.625,1185.0,,1.0297902,441.5625,1372.5,,1.0332224,427.5,1433.4375,,0.89578056,forward,149.77611789108212,1
146,4.871533333333334,193.037748336792,586.875,992.8125,,1.0062385,619.6875,1185.0,,1.0133731,633.75,1372.5,,1.0249379,661.875,1424.0625,,0.880214,forward,149.77611789108212,1,488.4375,992.8125,,1.0047609,455.625,1185.0,,1.0375139,441.5625,1372.5,,1.0396826,427.5,1433.4375,,0.89937365,forward,149.77611789108212,1
147,4.9049000000000005,193.7549114227295,582.1875,988.125,,1.0021911,619.6875,1185.0,,1.0126852,633.75,1372.5,,1.0228394,661.875,1424.0625,,0.88650644,forward,154.9388206989654,1,488.4375,992.8125,,1.0001608,455.625,1185.0,,1.0367941,441.5625,1372.5,,1.038353,427.5,1433.4375,,0.9028482,forward,149.77611789108212,1
148,4.938266666666666,193.45688819885254,582.1875,988.125,,1.0068326,615.0,1185.0,,1.0182006,633.75,1372.5,,1.0245286,657.1875,1424.0625,,0.88092303,forward,154.9388206989654,1,488.4375,988.125,,1.0026618,455.625,1185.0,,1.0394526,441.5625,1377.1875,,1.0371339,427.5,1433.4375,,0.9007431,forward,167.61919811950452,1
149,4.971633333333333,193.37224960327148,582.1875,988.125,,1.0067679,615.0,1180.3125,,1.0174143,633.75,1372.5,,1.025696,657.1875,1424.0625,,0.8763366,forward,162.45649531162124,1,488.4375,988.125,,1.0039754,455.625,1185.0,,1.0401356,441.5625,1377.1875,,1.0368148,427.5,1433.4375,,0.898728,forward,167.61919811950452,1
150,5.005,194.63872909545898,582.1875,988.125,,1.0058378,615.0,1185.0,,1.0182185,638.4375,1372.5,,1.0230227,661.875,1424.0625,,0.88626766,forward,154.9388206989654,1,488.4375,988.125,,1.0032687,455.625,1185.0,,1.0368845,441.5625,1377.1875,,1.0383823,427.5,1433.4375,,0.90729344,forward,167.61919811950452,1
151,5.038366666666667,193.97306442260742,582.1875,988.125,,1.009569,615.0,1185.0,,1.0226178,633.75,1372.5,,1.0289637,661.875,1424.0625,,0.88974684,forward,154.9388206989654,1,488.4375,988.125,,1.0071028,455.625,1185.0,,1.0413626,441.5625,1377.1875,,1.0421784,427.5,1433.4375,,0.9106881,forward,167.61919811950452,1
152,5.071733333333333,192.71183013916016,582.1875,988.125,,1.011666,615.0,1185.0,,1.0249944,633.75,1372.5,,1.0289621,661.875,1424.0625,,0.89188874,forward,154.9388206989654,1,488.4375,988.125,,1.0095273,455.625,1185.0,,1.0415025,441.5625,1377.1875,,1.040493,427.5,1433.4375,,0.9115515,forward,167.61919811950452,1
153,5.1051,192.46912002563477,582.1875,988.125,,1.0128636,615.0,1185.0,,1.0268275,633.75,1372.5,,1.0292075,661.875,1424.0625,,0.8907349,forward,154.9388206989654,1,488.4375,988.125,,1.01153,455.625,1185.0,,1.0429289,441.5625,1377.1875,,1.0446608,427.5,1433.4375,,0.91325384,forward,167.61919811950452,1
154,5.138466666666667,193.77899169921875,582.1875,988.125,,1.0099757,619.6875,1185.0,,1.0253803,638.4375,1372.5,,1.0291349,661.875,1424.0625,,0.891657,forward,154.9388206989654,1,488.4375,988.125,,1.0088022,455.625,1185.0,,1.0422759,441.5625,1377.1875,,1.0459173,427.5,1433.4375,,0.91307795,forward,167.61919811950452,1
155,5.171833333333334,193.9980983734131,582.1875,992.8125,,1.0067298,619.6875,1185.0,,1.0172925,638.4375,1372.5,,1.0239992,661.875,1424.0625,,0.8964304,forward,149.77611789108212,1,488.4375,992.8125,,1.0080323,455.625,1189.6875,,1.033993,441.5625,1377.1875,,1.0415621,427.5,1433.4375,,0.91847026,forward,154.9388206989654,1
156,5.2052000000000005,193.7260627746582,582.1875,988.125,,1.008696,619.6875,1185.0,,1.0262935,633.75,1372.5,,1.0300314,661.875,1424.0625,,0.88561475,forward,154.9388206989654,1,488.4375,988.125,,1.0082371,460.3125,1185.0,,1.0435911,441.5625,1377.1875,,1.0475572,427.5,1433.4375,,0.9028653,forward,167.61919811950452,1
157,5.238566666666666,193.23992729187012,582.1875,988.125,,1.0094545,619.6875,1185.0,,1.0250199,633.75,1372.5,,1.0287932,661.875,1424.0625,,0.8834528,forward,154.9388206989654,1,488.4375,988.125,,1.0097134,455.625,1185.0,,1.0415008,441.5625,1377.1875,,1.046988,427.5,1433.4375,,0.8990541,forward,167.61919811950452,1
158,5.271933333333333,192.98887252807617,582.1875,988.125,,1.0084021,619.6875,1185.0,,1.0281794,638.4375,1372.5,,1.0274322,657.1875,1424.0625,,0.8876858,forward,154.9388206989654,1,488.4375,988.125,,1.0094547,455.625,1185.0,,1.0406551,441.5625,1377.1875,,1.0453746,427.5,1433.4375,,0.8974129,forward,167.61919811950452,1
159,5.3053,193.77398490905762,586.875,988.125,,1.0165687,619.6875,1185.0,,1.035676,638.4375,1372.5,,1.0314566,657.1875,1428.75,,0.8829593,forward,154.9388206989654,1,488.4375,992.8125,,1.0195714,455.625,1185.0,,1.0446415,441.5625,1377.1875,,1.0482622,427.5,1433.4375,,0.8978176,forward,162.45649531162124,1
160,5.338666666666667,193.97592544555664,586.875,988.125,,1.0101993,619.6875,1185.0,,1.0349061,638.4375,1372.5,,1.0269034,661.875,1428.75,,0.8818071,forward,154.9388206989654,1,488.4375,988.125,,1.0119174,455.625,1185.0,,1.0433544,441.5625,1372.5,,1.0436931,427.5,1433.4375,,0.89089596,forward,154.9388206989654,1
161,5.372033333333333,194.05889511108398,591.5625,988.125,,1.0110257,624.375,1185.0,,1.0310028,633.75,1372.5,,1.0297356,661.875,1428.75,,0.8881452,forward,154.9388206989654,1,488.4375,988.125,,1.0164709,455.625,1185.0,,1.0430995,441.5625,1372.5,,1.0427909,427.5,1433.4375,,0.8944597,forward,154.9388206989654,1
162,5.4054,193.7401294708252,591.5625,992.8125,,1.0196664,624.375,1185.0,,1.0292416,633.75,1372.5,,1.0316331,661.875,1428.75,,0.89208394,forward,149.77611789108212,1,493.125,992.8125,,1.0271387,455.625,1185.0,,1.0405197,441.5625,1377.1875,,1.0417242,427.5,1438.125,,0.89813465,forward,162.45649531162124,1
163,5.438766666666667,202.28195190429688,586.875,992.8125,,1.010469,624.375,1185.0,,1.0213743,633.75,1372.5,,1.0254663,661.875,1428.75,,0.88557744,forward,149.77611789108212,1,493.125,992.8125,,1.0197608,455.625,1185.0,,1.03107,441.5625,1372.5,,1.0269194,427.5,1438.125,,0.90003633,forward,149.77611789108212,1
164,5.472133333333334,192.40188598632812,586.875,992.8125,,1.0074915,629.0625,1185.0,,1.00702,633.75,1372.5,,1.0256983,661.875,1428.75,,0.8788818,forward,149.77611789108212,1,493.125,997.5,,1.0151824,455.625,1185.0,,1.0197437,446.25,1372.5,,1.0191054,427.5,1438.125,,0.89467967,forward,145.79072228592298,1
165,5.5055000000000005,191.99204444885254,591.5625,992.8125,,1.0033399,629.0625,1180.3125,,1.0056765,638.4375,1367.8125,,1.0247936,661.875,1428.75,,0.8728361,forward,145.79072228592298,1,493.125,992.8125,,1.0142863,455.625,1185.0,,1.0140978,446.25,1372.5,,1.0195887,427.5,1438.125,,0.88065886,forward,149.77611789108212,1
166,5.538866666666666,191.3449764251709,591.5625,997.5,,1.0024097,629.0625,1185.0,,0.9962222,633.75,1372.5,,1.0276532,661.875,1428.75,,0.87952375,forward,145.79072228592298,1,493.125,997.5,,1.0168829,450.9375,1185.0,,1.0066581,446.25,1372.5,,1.0241914,422.8125,1438.125,,0.8924079,forward,145.79072228592298,1
167,5.572233333333333,191.00403785705566,591.5625,1002.1875,,0.9745726,633.75,1189.6875,,0.9651748,633.75,1367.8125,,1.005411,661.875,1433.4375,,0.85683584,forward,136.41693094478597,1,497.8125,1006.875,,0.9913857,450.9375,1189.6875,,0.9738295,446.25,1372.5,,1.0013161,422.8125,1442.8125,,0.87928355,forward,137.121093044034,1
168,5.6056,190.88006019592285,591.5625,1006.875,,0.98283166,633.75,1189.6875,,0.9729065,638.4375,1367.8125,,1.0121592,661.875,1433.4375,,0.8542205,forward,133.03668057561148,1,497.8125,1006.875,,0.99694026,446.25,1189.6875,,0.9739006,446.25,1372.5,,1.0049633,422.8125,1442.8125,,0.8745271,forward,137.121093044034,1
169,5.638966666666667,191.9119358062744,591.5625,1011.5625,,0.9671309,638.4375,1194.375,,0.9511238,638.4375,1367.8125,,1.0028102,661.875,1433.4375,,0.8472752,forward,129.5713873662812,1,497.8125,1011.5625,,0.9815699,446.25,1189.6875,,0.95033526,446.25,1372.5,,0.9962779,422.8125,1442.8125,,0.87300587,forward,134.1247714247652,1
170,5.6723333333333334,191.33782386779785,591.5625,1016.25,,0.97139317,638.4375,1194.375,,0.95116127,638.4375,1367.8125,,1.0021429,666.5625,1438.125,,0.8549175,forward,126.57506574701239,1,497.8125,1016.25,,0.9852589,446.25,1194.375,,0.95565134,446.25,1372.5,,1.008432,422.8125,1447.5,,0.8854421,forward,130.0403589563427,1
171,5.7057,192.0008659362793,591.5625,1025.625,,0.98049045,638.4375,1199.0625,,0.95096457,638.4375,1372.5,,0.9960585,666.5625,1433.4375,,0.8621869,forward,123.84938354399227,1,497.8125,1020.9375,,0.9937777,441.5625,1194.375,,0.96434546,446.25,1372.5,,1.0104083,418.125,1447.5,,0.8870399,forward,127.31467675332256,1
172,5.739066666666667,191.13612174987793,596.25,1030.3125,,0.9816605,638.4375,1199.0625,,0.94598967,638.4375,1372.5,,0.9930864,666.5625,1433.4375,,0.85952604,forward,121.32712772543445,1,497.8125,1030.3125,,0.9995274,441.5625,1199.0625,,0.9700092,446.25,1372.5,,1.0117077,422.8125,1442.8125,,0.88340735,forward,121.32712772543445,1
173,5.772433333333334,190.98687171936035,596.25,1035.0,,0.9751284,638.4375,1203.75,,0.94766575,638.4375,1372.5,,0.9955654,666.5625,1433.4375,,0.85666823,forward,118.2544667074132,1,497.8125,1035.0,,0.9952048,441.5625,1199.0625,,0.97303385,446.25,1367.8125,,1.0060476,418.125,1442.8125,,0.88071764,forward,115.89189037546043,1
174,5.8058000000000005,191.8339729309082,596.25,1039.6875,,0.9588288,638.4375,1199.0625,,0.93733454,638.4375,1372.5,,0.97653747,666.5625,1433.4375,,0.82578886,forward,116.73129797218101,1,497.8125,1039.6875,,0.97355056,441.5625,1199.0625,,0.96199787,446.25,1372.5,,0.99634784,418.125,1442.8125,,0.8599907,forward,116.73129797218101,1
175,5.839166666666666,189.9740695953369,596.25,1044.375,,0.9632881,643.125,1203.75,,0.9341864,638.4375,1372.5,,0.9784887,666.5625,1433.4375,,0.83560014,forward,113.65863695415976,1,497.8125,1044.375,,0.98355925,436.875,1203.75,,0.9725977,441.5625,1372.5,,0.99629843,418.125,1442.8125,,0.867807,forward,113.65863695415976,1
176,5.872533333333333,190.75918197631836,596.25,1049.0625,,0.9570626,643.125,1208.4375,,0.94361246,638.4375,1372.5,,0.981476,666.5625,1438.125,,0.8385407,forward,110.86261235421998,1,497.8125,1049.0625,,0.9804157,436.875,1208.4375,,0.97799087,441.5625,1372.5,,1.0038967,418.125,1442.8125,,0.87120986,forward,110.86261235421998,1
177,5.9059,190.5660629272461,596.25,1053.75,,0.9555527,643.125,1208.4375,,0.95312107,638.4375,1372.5,,0.9800086,671.25,1433.4375,,0.83805656,forward,108.73657579722112,1,497.8125,1053.75,,0.97803795,436.875,1208.4375,,0.98524284,441.5625,1372.5,,1.0051396,418.125,1442.8125,,0.8703902,forward,108.73657579722112,1
178,5.939266666666667,191.13969802856445,596.25,1058.4375,,0.95157737,647.8125,1213.125,,0.96443737,638.4375,1372.5,,0.9830106,671.25,1433.4375,,0.83605814,forward,106.14836892718073,1,497.8125,1058.4375,,0.971375,436.875,1213.125,,0.99024034,441.5625,1372.5,,1.0028496,418.125,1442.8125,,0.874654,forward,106.14836892718073,1
179,5.9726333333333335,191.06316566467285,596.25,1067.8125,,0.96050984,647.8125,1217.8125,,0.96432006,638.4375,1372.5,,0.96762455,671.25,1433.4375,,0.79947484,forward,101.68771398560281,1,497.8125,1067.8125,,0.9719801,436.875,1213.125,,0.9843543,441.5625,1372.5,,0.9888292,418.125,1442.8125,,0.8295467,forward,102.15498005164669,1
180,6.006,191.80011749267578,596.25,1067.8125,,0.95166844,647.8125,1213.125,,0.9538692,638.4375,1372.5,,0.97038066,671.25,1433.4375,,0.80931365,forward,102.15498005164669,1,497.8125,1067.8125,,0.96136296,436.875,1213.125,,0.98238075,446.25,1372.5,,0.9849566,418.125,1442.8125,,0.8365124,forward,102.15498005164669,1
181,6.039366666666667,191.73192977905273,596.25,1072.5,,0.95745915,647.8125,1217.8125,,0.95534694,638.4375,1372.5,,0.9604479,671.25,1433.4375,,0.78522563,forward,99.72981468338551,1,497.8125,1077.1875,,0.96638274,432.1875,1217.8125,,0.9793496,441.5625,1372.5,,0.9754654,413.4375,1442.8125,,0.8282324,forward,97.83919696747557,1
182,6.072733333333334,190.60611724853516,591.5625,1072.5,,0.950068,643.125,1217.8125,,0.9478537,638.4375,1372.5,,0.9660301,671.25,1433.4375,,0.8206663,forward,99.72981468338551,1,497.8125,1077.1875,,0.961033,432.1875,1217.8125,,0.9781004,446.25,1367.8125,,0.98034155,418.125,1442.8125,,0.85821265,forward,95.54597420816299,1
183,6.1061000000000005,191.22624397277832,591.5625,1081.875,,0.9486031,647.8125,1217.8125,,0.94835925,638.4375,1372.5,,0.95185196,671.25,1428.75,,0.80159956,forward,96.00749977893005,1,497.8125,1081.875,,0.957867,432.1875,1222.5,,0.9726446,446.25,1372.5,,0.97236097,413.4375,1438.125,,0.8455694,forward,95.54597420816299,1
184,6.139466666666666,190.94204902648926,591.5625,1091.25,,0.9411871,643.125,1217.8125,,0.9393271,633.75,1372.5,,0.94221157,671.25,1428.75,,0.7732142,forward,92.49435160910977,1,497.8125,1091.25,,0.95457864,432.1875,1222.5,,0.9706289,446.25,1372.5,,0.9692577,413.4375,1438.125,,0.8269882,forward,91.9345871385728,1
185,6.172833333333333,191.0388469696045,591.5625,1091.25,,0.9420089,643.125,1217.8125,,0.93135476,638.4375,1372.5,,0.95137167,671.25,1428.75,,0.79233205,forward,92.49435160910977,1,497.8125,1091.25,,0.95410025,432.1875,1222.5,,0.9734404,446.25,1372.5,,0.97114265,413.4375,1438.125,,0.8411959,forward,91.9345871385728,1
186,6.2062,192.1989917755127,586.875,1095.9375,,0.9443367,643.125,1217.8125,,0.94320846,633.75,1372.5,,0.95903707,671.25,1428.75,,0.8017492,forward,90.80222346541166,1,497.8125,1095.9375,,0.95441484,427.5,1222.5,,0.9737969,446.25,1372.5,,0.9794689,413.4375,1438.125,,0.8402562,forward,90.20112884979719,1
187,6.239566666666667,190.85216522216797,591.5625,1095.9375,,0.9463452,643.125,1217.8125,,0.9399178,633.75,1372.5,,0.9470962,671.25,1428.75,,0.79969215,forward,90.80222346541166,1,497.8125,1100.625,,0.9563472,432.1875,1222.5,,0.9734693,441.5625,1372.5,,0.96987784,413.4375,1438.125,,0.83958423,forward,88.50900070609907,1
188,6.2729333333333335,193.02678108215332,586.875,1095.9375,,0.9429383,643.125,1217.8125,,0.9434675,638.4375,1372.5,,0.9459176,671.25,1428.75,,0.8029282,forward,90.80222346541166,1,497.8125,1095.9375,,0.9528852,432.1875,1222.5,,0.9693474,441.5625,1372.5,,0.9708979,413.4375,1438.125,,0.84650123,forward,90.20112884979719,1
189,6.3063,191.91908836364746,586.875,1095.9375,,0.9467945,643.125,1222.5,,0.94746935,638.4375,1372.5,,0.94323725,671.25,1428.75,,0.7897456,forward,90.20112884979719,1,497.8125,1100.625,,0.95799744,432.1875,1222.5,,0.97562754,441.5625,1372.5,,0.97010136,418.125,1438.125,,0.8327577,forward,88.50900070609907,1
190,6.339666666666667,190.93608856201172,591.5625,1095.9375,,0.93694854,643.125,1217.8125,,0.94479716,633.75,1372.5,,0.948351,671.25,1428.75,,0.80828017,forward,90.80222346541166,1,497.8125,1095.9375,,0.9459716,432.1875,1217.8125,,0.96792495,441.5625,1372.5,,0.9747146,413.4375,1438.125,,0.85125494,forward,90.80222346541166,1
191,6.373033333333334,191.03002548217773,591.5625,1095.9375,,0.94780755,643.125,1222.5,,0.9483521,638.4375,1372.5,,0.93896514,671.25,1428.75,,0.7809868,forward,90.20112884979719,1,497.8125,1095.9375,,0.9581405,432.1875,1222.5,,0.97770464,441.5625,1372.5,,0.9695333,418.125,1438.125,,0.8266982,forward,90.20112884979719,1
192,6.4064000000000005,191.92910194396973,591.5625,1091.25,,0.94300085,643.125,1217.8125,,0.9459034,638.4375,1372.5,,0.9411175,671.25,1428.75,,0.7906711,forward,92.49435160910977,1,497.8125,1091.25,,0.95431393,432.1875,1222.5,,0.9758693,446.25,1372.5,,0.9750234,418.125,1438.125,,0.83483124,forward,91.9345871385728,1
193,6.439766666666666,190.18316268920898,586.875,1091.25,,0.9454056,643.125,1217.8125,,0.9418771,638.4375,1372.5,,0.9406097,671.25,1428.75,,0.7862498,forward,92.49435160910977,1,497.8125,1091.25,,0.95824766,432.1875,1222.5,,0.97745216,441.5625,1372.5,,0.9739195,413.4375,1438.125,,0.8334759,forward,91.9345871385728,1
194,6.473133333333333,190.6411647796631,586.875,1086.5625,,0.94135535,643.125,1217.8125,,0.9395503,638.4375,1372.5,,0.9517061,666.5625,1428.75,,0.7979418,forward,94.22780989788538,1,497.8125,1086.5625,,0.9538412,432.1875,1222.5,,0.9739787,446.25,1372.5,,0.9810109,413.4375,1438.125,,0.8419404,forward,93.71427701961747,1
195,6.5065,190.352201461792,591.5625,1081.875,,0.9542531,643.125,1217.8125,,0.9445493,638.4375,1372.5,,0.9547249,671.25,1433.4375,,0.797891,forward,96.00749977893005,1,497.8125,1081.875,,0.9666779,432.1875,1222.5,,0.9784523,441.5625,1372.5,,0.9733861,413.4375,1442.8125,,0.83757645,forward,95.54597420816299,1
196,6.539866666666667,190.2179718017578,591.5625,1072.5,,0.9490031,643.125,1213.125,,0.932865,638.4375,1372.5,,0.96478635,666.5625,1433.4375,,0.81703544,forward,100.26436233573675,1,497.8125,1072.5,,0.96263516,432.1875,1217.8125,,0.9777037,441.5625,1372.5,,0.9816539,413.4375,1442.8125,,0.84859127,forward,99.72981468338551,1
197,6.5732333333333335,190.19007682800293,591.5625,1067.8125,,0.95121014,643.125,1208.4375,,0.93372464,638.4375,1372.5,,0.9647558,671.25,1433.4375,,0.809384,forward,102.85256920577714,1,497.8125,1067.8125,,0.9626421,432.1875,1217.8125,,0.97326326,441.5625,1372.5,,0.9838634,413.4375,1442.8125,,0.8336977,forward,101.68771398560281,1
198,6.6066,189.99218940734863,591.5625,1058.4375,,0.96281904,643.125,1203.75,,0.9550915,638.4375,1372.5,,0.986951,666.5625,1433.4375,,0.8320118,forward,107.53921152162687,1,497.8125,1058.4375,,0.9799868,432.1875,1213.125,,0.9874572,441.5625,1367.8125,,1.0048536,413.4375,1442.8125,,0.8630692,forward,103.72320355891955,1
199,6.639966666666667,189.76497650146484,596.25,1053.75,,0.9518235,643.125,1203.75,,0.951241,638.4375,1372.5,,0.9758173,671.25,1433.4375,,0.80512595,forward,109.49711082384417,1,497.8125,1053.75,,0.9757054,432.1875,1208.4375,,0.9799967,446.25,1372.5,,1.0010829,418.125,1442.8125,,0.8443979,forward,108.73657579722112,1
200,6.673333333333334,190.16385078430176,596.25,1039.6875,,0.95493823,643.125,1199.0625,,0.95855945,638.4375,1372.5,,0.98143387,671.25,1433.4375,,0.8327793,forward,116.73129797218101,1,497.8125,1044.375,,0.980712,432.1875,1203.75,,0.9808624,441.5625,1372.5,,1.0022557,418.125,1442.8125,,0.86421686,forward,113.65863695415976,1
201,6.7067000000000005,191.29490852355957,596.25,1035.0,,0.9543719,643.125,1199.0625,,0.9468174,638.4375,1372.5,,0.9771059,671.25,1433.4375,,0.82280743,forward,118.96455139348168,1,497.8125,1035.0,,0.9802545,436.875,1203.75,,0.9750253,441.5625,1367.8125,,0.9997344,418.125,1442.8125,,0.85953623,forward,115.45844210747342,1
202,6.740066666666666,190.52886962890625,596.25,1030.3125,,0.94333994,638.4375,1194.375,,0.948634,638.4375,1372.5,,0.9905601,666.5625,1433.4375,,0.8315548,forward,122.42984460281197,1,497.8125,1030.3125,,0.97050273,441.5625,1194.375,,0.9713321,446.25,1372.5,,1.0081885,418.125,1442.8125,,0.8633639,forward,122.42984460281197,1
203,6.773433333333333,190.0312900543213,596.25,1020.9375,,0.96797943,638.4375,1189.6875,,0.94917834,638.4375,1372.5,,0.97942543,666.5625,1433.4375,,0.81912553,forward,128.87683340318728,1,493.125,1025.625,,0.99182415,441.5625,1194.375,,0.9665698,441.5625,1372.5,,1.0011103,418.125,1447.5,,0.85427433,forward,124.79242093476473,1
204,6.8068,190.85311889648438,591.5625,1011.5625,,0.9453945,633.75,1185.0,,0.95094347,638.4375,1372.5,,0.98371536,666.5625,1433.4375,,0.8247795,forward,136.68846809445958,1,493.125,1011.5625,,0.96635485,441.5625,1185.0,,0.9529953,446.25,1372.5,,0.98878956,418.125,1442.8125,,0.8565771,forward,136.68846809445958,1
205,6.840166666666667,190.7060146331787,591.5625,1006.875,,0.9460931,633.75,1185.0,,0.9517256,633.75,1367.8125,,0.9858643,666.5625,1433.4375,,0.82968724,forward,134.1247714247652,1,493.125,1006.875,,0.97068053,441.5625,1185.0,,0.9625514,446.25,1372.5,,0.9893688,422.8125,1442.8125,,0.8581672,forward,139.4141502974797,1
206,6.8735333333333335,189.39900398254395,591.5625,997.5,,0.9238879,629.0625,1185.0,,0.93648624,633.75,1372.5,,0.9791303,666.5625,1433.4375,,0.82019323,forward,145.79072228592298,1,493.125,997.5,,0.9462782,446.25,1185.0,,0.9478934,446.25,1372.5,,0.9762738,422.8125,1442.8125,,0.8416408,forward,145.79072228592298,1
207,6.9069,190.71602821350098,591.5625,992.8125,,0.95188105,629.0625,1180.3125,,0.95243907,633.75,1372.5,,0.994179,666.5625,1433.4375,,0.83497304,forward,158.4710997064621,1,493.125,997.5,,0.9727508,446.25,1180.3125,,0.97269726,446.25,1372.5,,0.990478,422.8125,1442.8125,,0.8467944,forward,155.0908493372876,1
208,6.940266666666667,190.05203247070312,591.5625,992.8125,,0.94510454,629.0625,1185.0,,0.95489764,633.75,1372.5,,0.9931135,666.5625,1433.4375,,0.84631455,forward,149.77611789108212,1,493.125,992.8125,,0.9628246,450.9375,1180.3125,,0.97333235,446.25,1372.5,,0.9885831,422.8125,1442.8125,,0.85246325,forward,158.4710997064621,1
209,6.973633333333334,190.5059814453125,591.5625,992.8125,,0.9561574,624.375,1185.0,,0.9635133,638.4375,1372.5,,1.0021399,661.875,1433.4375,,0.86507076,forward,149.77611789108212,1,493.125,992.8125,,0.9743359,450.9375,1180.3125,,0.9847047,441.5625,1377.1875,,0.9937464,422.8125,1442.8125,,0.85758984,forward,158.4710997064621,1
210,7.007000000000001,189.8810863494873,591.5625,992.8125,,0.9704032,624.375,1185.0,,0.9817406,638.4375,1372.5,,1.0150318,661.875,1433.4375,,0.8704963,forward,149.77611789108212,1,493.125,992.8125,,0.98366344,455.625,1180.3125,,0.9964553,441.5625,1372.5,,1.0056069,427.5,1442.8125,,0.86171865,forward,145.94318676950326,1
211,7.040366666666666,190.98711013793945,591.5625,992.8125,,0.9837771,619.6875,1185.0,,0.9971655,638.4375,1372.5,,1.0324439,657.1875,1433.4375,,0.8727883,forward,149.77611789108212,1,488.4375,992.8125,,0.9967537,455.625,1180.3125,,1.0088472,441.5625,1372.5,,1.0244261,427.5,1438.125,,0.8600739,forward,145.94318676950326,1
212,7.073733333333333,189.84079360961914,586.875,992.8125,,1.0025785,619.6875,1185.0,,1.0108969,638.4375,1372.5,,1.0455034,657.1875,1433.4375,,0.9002123,forward,149.77611789108212,1,488.4375,992.8125,,1.0116678,455.625,1185.0,,1.0179455,441.5625,1377.1875,,1.0401995,427.5,1442.8125,,0.8843292,forward,149.9285823746624,1
213,7.1071,190.032958984375,586.875,997.5,,1.0080847,619.6875,1189.6875,,1.0134057,638.4375,1372.5,,1.047158,657.1875,1433.4375,,0.9180691,forward,144.48673901836764,1,488.4375,997.5,,1.0132542,455.625,1185.0,,1.0173409,441.5625,1377.1875,,1.0506053,427.5,1442.8125,,0.90304554,forward,145.94318676950326,1
214,7.140466666666667,211.44771575927734,586.875,997.5,,1.0040584,619.6875,1189.6875,,1.0202276,638.4375,1377.1875,,1.0509789,657.1875,1433.4375,,0.9117897,forward,149.77611789108212,1,488.4375,997.5,,1.0093552,455.625,1185.0,,1.0227947,441.5625,1377.1875,,1.0566623,427.5,1438.125,,0.90613455,forward,145.94318676950326,1
215,7.1738333333333335,190.1078224182129,586.875,997.5,,1.0071341,615.0,1189.6875,,1.0195642,638.4375,1377.1875,,1.0558083,657.1875,1428.75,,0.90676224,forward,149.77611789108212,1,488.4375,997.5,,1.0133821,455.625,1189.6875,,1.0267222,441.5625,1377.1875,,1.0698986,427.5,1438.125,,0.9124399,forward,144.70370568302275,1
216,7.2072,188.24124336242676,586.875,997.5,,1.0069511,615.0,1189.6875,,1.0192993,638.4375,1377.1875,,1.0604997,657.1875,1428.75,,0.9045241,forward,149.77611789108212,1,488.4375,997.5,,1.0146863,455.625,1189.6875,,1.0273501,441.5625,1377.1875,,1.0765111,427.5,1438.125,,0.90597975,forward,144.70370568302275,1
217,7.240566666666667,187.02292442321777,586.875,997.5,,1.0064158,615.0,1189.6875,,1.0211399,638.4375,1377.1875,,1.0635972,657.1875,1428.75,,0.89585686,forward,149.77611789108212,1,488.4375,997.5,,1.0127718,455.625,1189.6875,,1.0258219,441.5625,1377.1875,,1.077044,427.5,1438.125,,0.90736693,forward,144.70370568302275,1
218,7.273933333333334,187.64376640319824,586.875,997.5,,1.0014797,615.0,1189.6875,,1.0155,638.4375,1377.1875,,1.0612035,657.1875,1428.75,,0.88786376,forward,149.77611789108212,1,488.4375,997.5,,1.0087922,455.625,1189.6875,,1.0203309,441.5625,1377.1875,,1.0728841,427.5,1438.125,,0.905007,forward,144.70370568302275,1
219,7.307300000000001,187.94798851013184,586.875,992.8125,,0.9954878,615.0,1189.6875,,1.0164135,638.4375,1377.1875,,1.059253,657.1875,1428.75,,0.8830881,forward,154.9388206989654,1,488.4375,992.8125,,1.00181,455.625,1189.6875,,1.0201193,441.5625,1377.1875,,1.0741298,427.5,1438.125,,0.9040679,forward,149.866408490906,1
220,7.3406666666666665,188.07291984558105,586.875,992.8125,,1.0001408,615.0,1189.6875,,1.0185063,638.4375,1377.1875,,1.0616984,657.1875,1428.75,,0.8871206,forward,154.9388206989654,1,488.4375,992.8125,,1.0066596,455.625,1194.375,,1.0238479,441.5625,1377.1875,,1.0760262,427.5,1438.125,,0.9074051,forward,158.21320675832698,1
221,7.374033333333333,188.49706649780273,586.875,992.8125,,0.99746174,615.0,1189.6875,,1.0196568,638.4375,1372.5,,1.0636113,657.1875,1428.75,,0.8872469,forward,149.64944182625092,1,493.125,992.8125,,1.0040214,455.625,1194.375,,1.0242188,441.5625,1377.1875,,1.0775408,432.1875,1438.125,,0.90280557,forward,158.21320675832698,1
222,7.4074,190.17601013183594,586.875,988.125,,0.99666303,615.0,1189.6875,,1.0229354,638.4375,1372.5,,1.0649295,657.1875,1428.75,,0.8933112,forward,162.0302437067464,1,493.125,988.125,,1.0033976,455.625,1189.6875,,1.0262625,441.5625,1377.1875,,1.0796003,432.1875,1438.125,,0.9061512,forward,162.24721037140148,1
223,7.440766666666667,190.78397750854492,591.5625,988.125,,0.99442875,615.0,1189.6875,,1.0231237,638.4375,1372.5,,1.0683129,657.1875,1428.75,,0.8887862,forward,162.0302437067464,0,493.125,988.125,,1.0008514,460.3125,1189.6875,,1.0275698,441.5625,1372.5,,1.0800977,432.1875,1438.125,,0.90396047,forward,158.21320675832698,1
224,7.4741333333333335,191.33901596069336,586.875,988.125,,0.99447215,615.0,1189.6875,,1.0151019,638.4375,1372.5,,1.0659593,657.1875,1428.75,,0.8836783,forward,162.0302437067464,1,493.125,988.125,,0.99860317,460.3125,1189.6875,,1.0247166,441.5625,1377.1875,,1.0774727,432.1875,1438.125,,0.8982209,forward,162.24721037140148,1
225,7.5075,191.70212745666504,591.5625,988.125,,0.99627346,619.6875,1189.6875,,1.0212667,638.4375,1372.5,,1.0647917,657.1875,1428.75,,0.89737785,forward,162.0302437067464,1,493.125,988.125,,1.0003253,460.3125,1189.6875,,1.0273248,441.5625,1377.1875,,1.0795143,427.5,1438.125,,0.9116116,forward,162.24721037140148,1
226,7.540866666666667,193.12691688537598,591.5625,988.125,,0.99634874,619.6875,1189.6875,,1.0227158,638.4375,1372.5,,1.0667343,657.1875,1428.75,,0.8966299,forward,162.0302437067464,1,493.125,988.125,,1.0014839,460.3125,1189.6875,,1.0294763,441.5625,1377.1875,,1.0793259,427.5,1438.125,,0.91378295,forward,162.24721037140148,1
227,7.574233333333334,193.464994430542,591.5625,988.125,,0.9896708,619.6875,1189.6875,,1.0127037,638.4375,1377.1875,,1.0635664,657.1875,1428.75,,0.8716217,forward,167.31962257946088,1,493.125,988.125,,0.9946445,455.625,1189.6875,,1.0234642,441.5625,1377.1875,,1.0751376,427.5,1438.125,,0.8891429,forward,162.24721037140148,1
228,7.6076,193.9258575439453,591.5625,988.125,,0.99370855,619.6875,1189.6875,,1.0203865,638.4375,1377.1875,,1.0631521,657.1875,1428.75,,0.8823881,forward,167.31962257946088,1,493.125,988.125,,0.9993939,460.3125,1189.6875,,1.0282712,441.5625,1377.1875,,1.0789037,427.5,1438.125,,0.9028917,forward,162.24721037140148,1
229,7.6409666666666665,192.89612770080566,591.5625,992.8125,,0.9913589,619.6875,1189.6875,,1.0161873,638.4375,1377.1875,,1.0596462,657.1875,1428.75,,0.8821404,forward,154.9388206989654,1,493.125,992.8125,,0.99545145,460.3125,1189.6875,,1.0218108,441.5625,1377.1875,,1.072134,427.5,1438.125,,0.90047085,forward,149.866408490906,1
230,7.674333333333333,193.32480430603027,591.5625,992.8125,,1.0003356,619.6875,1189.6875,,1.0162679,638.4375,1377.1875,,1.0534439,657.1875,1428.75,,0.8848988,forward,154.9388206989654,1,493.125,992.8125,,1.0040567,455.625,1194.375,,1.0241166,441.5625,1377.1875,,1.076583,427.5,1438.125,,0.90815616,forward,158.21320675832698,1
231,7.7077,193.73798370361328,591.5625,992.8125,,0.9922919,619.6875,1189.6875,,1.013631,638.4375,1377.1875,,1.0512855,657.1875,1428.75,,0.8682752,forward,154.9388206989654,1,493.125,992.8125,,0.99953234,455.625,1189.6875,,1.0196024,441.5625,1372.5,,1.0713668,432.1875,1438.125,,0.89248425,forward,145.8324048778315,1
232,7.741066666666667,193.53604316711426,591.5625,992.8125,,0.9951161,619.6875,1189.6875,,1.014395,638.4375,1377.1875,,1.0470833,657.1875,1428.75,,0.85988146,forward,154.9388206989654,1,493.125,992.8125,,1.0015773,455.625,1189.6875,,1.018506,441.5625,1377.1875,,1.0676762,427.5,1438.125,,0.88894665,forward,149.866408490906,1
233,7.7744333333333335,193.7119960784912,591.5625,997.5,,1.0109146,624.375,1194.375,,1.023745,638.4375,1377.1875,,1.0463812,657.1875,1433.4375,,0.8926889,forward,149.64944182625092,1,493.125,997.5,,1.017164,455.625,1189.6875,,1.0252047,441.5625,1377.1875,,1.0732343,427.5,1442.8125,,0.9213146,forward,144.70370568302275,1
234,7.8078,194.20099258422852,591.5625,997.5,,1.0106165,624.375,1189.6875,,1.0239758,638.4375,1377.1875,,1.0460067,657.1875,1433.4375,,0.89658135,forward,149.77611789108212,1,493.125,997.5,,1.0169548,455.625,1189.6875,,1.0246177,441.5625,1377.1875,,1.0700848,427.5,1442.8125,,0.92079794,forward,144.70370568302275,1
235,7.841166666666667,192.75283813476562,591.5625,1002.1875,,1.0165045,624.375,1194.375,,1.026291,638.4375,1377.1875,,1.0473782,661.875,1433.4375,,0.90689564,forward,144.48673901836764,1,493.125,1002.1875,,1.0199087,455.625,1194.375,,1.0239127,441.5625,1377.1875,,1.067769,427.5,1442.8125,,0.9261565,forward,140.66970206994822,1
236,7.874533333333334,194.19384002685547,591.5625,997.5,,1.0179205,629.0625,1189.6875,,1.0253582,638.4375,1377.1875,,1.0517422,661.875,1428.75,,0.90328634,forward,149.77611789108212,1,493.125,997.5,,1.0234796,455.625,1189.6875,,1.0294065,441.5625,1377.1875,,1.0666504,427.5,1442.8125,,0.9271505,forward,144.70370568302275,1
237,7.9079,193.05801391601562,591.5625,1002.1875,,1.0198087,629.0625,1189.6875,,1.0183518,638.4375,1372.5,,1.0533675,661.875,1428.75,,0.91046464,forward,140.5013434132085,1,493.125,1002.1875,,1.0240564,455.625,1189.6875,,1.0222003,441.5625,1377.1875,,1.0645161,427.5,1442.8125,,0.93385917,forward,140.71831007786358,1
238,7.9412666666666665,193.85695457458496,596.25,1002.1875,,1.0087073,629.0625,1189.6875,,1.0057471,638.4375,1372.5,,1.0440376,657.1875,1433.4375,,0.91426784,forward,140.5013434132085,1,493.125,1002.1875,,1.0180055,455.625,1189.6875,,1.0154651,441.5625,1377.1875,,1.0543587,427.5,1442.8125,,0.9317918,forward,140.71831007786358,1
239,7.974633333333333,192.56091117858887,596.25,1002.1875,,1.0031404,629.0625,1189.6875,,0.9985125,638.4375,1372.5,,1.0379992,657.1875,1433.4375,,0.90820074,forward,140.5013434132085,1,493.125,1002.1875,,1.0134534,455.625,1189.6875,,1.0033896,441.5625,1372.5,,1.0431418,427.5,1442.8125,,0.9242438,forward,136.68430646478907,1
240,8.008000000000001,194.65923309326172,591.5625,997.5,,0.9912478,629.0625,1185.0,,0.99157715,638.4375,1372.5,,1.0303221,657.1875,1433.4375,,0.8867375,forward,145.79072228592298,1,493.125,997.5,,0.9993051,450.9375,1185.0,,0.9924439,441.5625,1372.5,,1.0311099,427.5,1442.8125,,0.90062463,forward,140.71831007786358,1
241,8.041366666666667,203.89795303344727,596.25,1002.1875,,0.9755161,629.0625,1189.6875,,0.97819614,638.4375,1372.5,,1.0182598,661.875,1433.4375,,0.87602496,forward,140.5013434132085,1,493.125,1002.1875,,0.98670626,450.9375,1185.0,,0.9811172,441.5625,1377.1875,,1.0208925,422.8125,1442.8125,,0.88910633,forward,142.56293640032877,1
242,8.074733333333333,198.95100593566895,591.5625,1002.1875,,0.9764071,633.75,1189.6875,,0.97826374,638.4375,1372.5,,1.0144331,661.875,1433.4375,,0.8701312,forward,140.5013434132085,1,493.125,1002.1875,,0.98661554,446.25,1189.6875,,0.9762504,446.25,1372.5,,1.0139804,422.8125,1442.8125,,0.8873004,forward,136.68430646478907,1
243,8.1081,190.83905220031738,591.5625,1006.875,,0.96566606,633.75,1194.375,,0.9660625,638.4375,1372.5,,1.0084424,661.875,1433.4375,,0.8633704,forward,136.41693094478597,1,493.125,1006.875,,0.97856796,446.25,1189.6875,,0.96472675,446.25,1372.5,,1.0077026,422.8125,1442.8125,,0.8849138,forward,133.30405609561458,1
244,8.141466666666666,190.56391716003418,591.5625,1011.5625,,0.9628266,633.75,1194.375,,0.96520317,638.4375,1372.5,,1.0069112,661.875,1433.4375,,0.8514126,forward,133.03668057561148,1,493.125,1011.5625,,0.97709394,446.25,1189.6875,,0.96594304,446.25,1372.5,,1.0048552,422.8125,1442.8125,,0.8796998,forward,130.3077344763458,1
245,8.174833333333334,189.8510456085205,591.5625,1016.25,,0.9575548,633.75,1199.0625,,0.95729315,638.4375,1367.8125,,0.9884672,661.875,1433.4375,,0.8480654,forward,126.49872634825994,1,493.125,1016.25,,0.97142744,441.5625,1194.375,,0.9558872,446.25,1372.5,,1.0001874,422.8125,1442.8125,,0.88063335,forward,126.88576318489882,1
246,8.2082,189.82243537902832,591.5625,1020.9375,,0.9589257,638.4375,1199.0625,,0.95459044,638.4375,1372.5,,0.9849443,661.875,1433.4375,,0.8531358,forward,126.57506574701239,1,493.125,1020.9375,,0.9781572,441.5625,1194.375,,0.9608263,446.25,1372.5,,1.0055509,418.125,1442.8125,,0.87529844,forward,124.1600809818787,1
247,8.241566666666667,194.36407089233398,591.5625,1020.9375,,0.96566206,638.4375,1199.0625,,0.94981825,638.4375,1372.5,,0.9868243,666.5625,1438.125,,0.8537309,forward,126.57506574701239,1,497.8125,1025.625,,0.987555,441.5625,1199.0625,,0.9612881,446.25,1372.5,,1.0075608,418.125,1442.8125,,0.880095,forward,121.12630558125115,1
248,8.274933333333333,193.06182861328125,591.5625,1025.625,,0.9780246,638.4375,1194.375,,0.9512267,638.4375,1372.5,,0.99499965,666.5625,1438.125,,0.8564349,forward,124.79242093476473,1,497.8125,1025.625,,0.9983432,441.5625,1199.0625,,0.96875584,446.25,1372.5,,1.0192281,418.125,1442.8125,,0.87979615,forward,121.12630558125115,1
249,8.308300000000001,193.5417652130127,591.5625,1030.3125,,0.98801446,638.4375,1199.0625,,0.95368415,638.4375,1372.5,,0.9867737,666.5625,1438.125,,0.8559394,forward,121.32712772543445,1,497.8125,1030.3125,,1.0069888,441.5625,1199.0625,,0.97179735,441.5625,1372.5,,1.0149049,418.125,1442.8125,,0.88768935,forward,118.60404976269332,1
250,8.341666666666667,193.09210777282715,591.5625,1030.3125,,0.977918,638.4375,1203.75,,0.9494836,638.4375,1372.5,,0.98080015,666.5625,1438.125,,0.85225105,forward,120.77672252597102,1,497.8125,1035.0,,0.99852085,436.875,1199.0625,,0.9775114,441.5625,1372.5,,1.009938,418.125,1442.8125,,0.885368,forward,116.24147343074056,1
251,8.375033333333333,193.99094581604004,591.5625,1039.6875,,0.96833575,643.125,1203.75,,0.94683397,638.4375,1372.5,,0.97841436,666.5625,1438.125,,0.8446799,forward,115.89189037546043,1,493.125,1039.6875,,0.989393,436.875,1203.75,,0.98432195,441.5625,1372.5,,1.0078591,418.125,1442.8125,,0.87819624,forward,113.48129517779095,1
252,8.4084,193.56203079223633,591.5625,1039.6875,,0.9694376,643.125,1199.0625,,0.94270766,638.4375,1372.5,,0.99097985,666.5625,1438.125,,0.84818757,forward,116.73129797218101,1,497.8125,1044.375,,0.9890759,436.875,1203.75,,0.98847646,441.5625,1372.5,,1.0181911,418.125,1442.8125,,0.8819783,forward,111.24804175649028,1
253,8.441766666666666,192.77119636535645,596.25,1049.0625,,0.96803504,643.125,1208.4375,,0.9545655,638.4375,1372.5,,0.98228645,666.5625,1438.125,,0.84514606,forward,110.86261235421998,1,493.125,1049.0625,,0.9856081,432.1875,1208.4375,,0.99159527,441.5625,1372.5,,1.0145522,418.125,1442.8125,,0.87998617,forward,108.69344812188726,1
254,8.475133333333334,192.5969123840332,596.25,1053.75,,0.9693723,643.125,1208.4375,,0.9489485,638.4375,1372.5,,0.9804038,666.5625,1438.125,,0.83698666,forward,108.73657579722112,1,493.125,1053.75,,0.98777115,432.1875,1208.4375,,0.99423116,441.5625,1372.5,,1.0130152,418.125,1442.8125,,0.8737277,forward,106.5674115648884,1
255,8.5085,192.24214553833008,591.5625,1058.4375,,0.96733356,643.125,1208.4375,,0.953891,638.4375,1372.5,,0.9806801,666.5625,1433.4375,,0.8235284,forward,106.70108622390438,1,493.125,1058.4375,,0.9850266,427.5,1208.4375,,0.99063534,441.5625,1372.5,,1.0127059,413.4375,1442.8125,,0.85732746,forward,104.53192199157166,1
256,8.541866666666667,193.5708522796631,591.5625,1058.4375,,0.95233136,643.125,1203.75,,0.94672024,638.4375,1372.5,,0.9825076,666.5625,1433.4375,,0.8095472,forward,107.53921152162687,1,493.125,1063.125,,0.9693049,427.5,1208.4375,,0.9860511,446.25,1372.5,,1.0176507,413.4375,1442.8125,,0.8513957,forward,102.57402268935436,1
257,8.575233333333333,193.8638687133789,591.5625,1067.8125,,0.9591453,643.125,1208.4375,,0.94518137,638.4375,1372.5,,0.97671896,666.5625,1433.4375,,0.809532,forward,102.85256920577714,1,493.125,1067.8125,,0.97423506,427.5,1208.4375,,0.9893471,441.5625,1372.5,,1.0092468,413.4375,1442.8125,,0.844723,forward,100.68340497344442,1
258,8.608600000000001,193.41325759887695,591.5625,1067.8125,,0.96407795,647.8125,1213.125,,0.9413521,638.4375,1372.5,,0.97964317,666.5625,1433.4375,,0.8117194,forward,102.15498005164669,1,493.125,1072.5,,0.97771883,427.5,1213.125,,0.98947763,441.5625,1372.5,,1.0109713,413.4375,1442.8125,,0.8444588,forward,98.29015028312982,1
259,8.641966666666667,193.26210021972656,591.5625,1072.5,,0.96835625,647.8125,1217.8125,,0.9525776,633.75,1372.5,,0.9739317,666.5625,1433.4375,,0.80143905,forward,99.72981468338551,1,493.125,1072.5,,0.9820841,427.5,1213.125,,0.9944694,441.5625,1372.5,,1.0017669,413.4375,1442.8125,,0.83411443,forward,98.29015028312982,1
260,8.675333333333333,192.48104095458984,591.5625,1077.1875,,0.9737048,647.8125,1217.8125,,0.9688822,638.4375,1372.5,,0.9795037,666.5625,1433.4375,,0.8242378,forward,97.83919696747557,1,493.125,1081.875,,0.98434055,427.5,1213.125,,0.9998019,441.5625,1372.5,,0.9991371,413.4375,1442.8125,,0.8636292,forward,94.67876321353963,1
261,8.7087,193.68314743041992,591.5625,1081.875,,0.9800566,647.8125,1222.5,,0.9768679,633.75,1372.5,,0.95858663,671.25,1433.4375,,0.7762239,forward,95.54597420816299,1,493.125,1086.5625,,0.99309796,427.5,1217.8125,,0.9975422,441.5625,1377.1875,,0.9917935,413.4375,1442.8125,,0.8184074,forward,94.67876321353963,1
262,8.742066666666666,195.59001922607422,586.875,1095.9375,,0.9625799,647.8125,1222.5,,0.96887165,633.75,1372.5,,0.9293771,671.25,1428.75,,0.7236144,forward,90.20112884979719,1,497.8125,1095.9375,,0.9785131,427.5,1222.5,,0.9875537,441.5625,1377.1875,,0.960124,413.4375,1442.8125,,0.77237576,forward,90.68265915727602,1
263,8.775433333333334,190.3817653656006,586.875,1091.25,,0.9664974,647.8125,1222.5,,0.96155787,638.4375,1372.5,,0.94542116,671.25,1428.75,,0.7619333,forward,91.9345871385728,1,497.8125,1095.9375,,0.98003864,427.5,1222.5,,0.98807204,441.5625,1377.1875,,0.9797402,413.4375,1438.125,,0.81180745,forward,90.68265915727602,1
264,8.8088,186.31505966186523,586.875,1091.25,,0.9773506,647.8125,1222.5,,0.9760797,633.75,1372.5,,0.963403,671.25,1428.75,,0.8051745,forward,91.9345871385728,1,497.8125,1095.9375,,0.9884536,427.5,1222.5,,1.0004685,441.5625,1377.1875,,0.98988223,413.4375,1442.8125,,0.8509284,forward,90.68265915727602,1
265,8.842166666666667,186.01584434509277,586.875,1091.25,,0.9678575,643.125,1222.5,,0.9745208,633.75,1372.5,,0.9626975,671.25,1428.75,,0.814005,forward,91.9345871385728,1,497.8125,1095.9375,,0.98277557,427.5,1222.5,,1.002243,441.5625,1377.1875,,0.99268234,413.4375,1442.8125,,0.85696375,forward,90.68265915727602,1
266,8.875533333333333,190.10090827941895,586.875,1095.9375,,0.98811495,647.8125,1227.1875,,0.9843122,638.4375,1372.5,,0.95462245,671.25,1428.75,,0.80036706,forward,89.75069406954566,1,493.125,1100.625,,1.0011226,427.5,1222.5,,1.0118387,441.5625,1377.1875,,0.9834242,418.125,1442.8125,,0.8435097,forward,88.99053101357791,1
267,8.908900000000001,190.46711921691895,586.875,1095.9375,,0.9903947,647.8125,1227.1875,,0.9866095,638.4375,1372.5,,0.96013623,671.25,1428.75,,0.81795275,forward,89.75069406954566,1,493.125,1100.625,,1.004142,427.5,1222.5,,1.0162127,441.5625,1377.1875,,0.98515826,413.4375,1442.8125,,0.85542285,forward,88.99053101357791,1
268,8.942266666666667,189.93782997131348,586.875,1095.9375,,0.9790292,643.125,1222.5,,0.9797003,633.75,1372.5,,0.96892565,671.25,1428.75,,0.8310553,forward,90.20112884979719,1,493.125,1095.9375,,0.9914971,427.5,1222.5,,1.0062543,441.5625,1377.1875,,0.9854184,413.4375,1438.125,,0.87038887,forward,90.68265915727602,1
269,8.975633333333333,190.53387641906738,586.875,1095.9375,,0.98015416,647.8125,1227.1875,,0.980464,633.75,1372.5,,0.96650016,671.25,1428.75,,0.82517874,forward,89.75069406954566,1,497.8125,1095.9375,,0.9919652,427.5,1222.5,,1.0055201,441.5625,1377.1875,,0.9835123,413.4375,1438.125,,0.86270547,forward,90.68265915727602,1
270,9.009,190.1869773864746,586.875,1095.9375,,0.9806079,647.8125,1227.1875,,0.97819674,633.75,1372.5,,0.96547055,671.25,1428.75,,0.8264391,forward,89.75069406954566,1,493.125,1095.9375,,0.99183774,427.5,1222.5,,1.0067173,441.5625,1377.1875,,0.9817455,413.4375,1438.125,,0.8643833,forward,90.68265915727602,1
271,9.042366666666666,190.04082679748535,586.875,1091.25,,0.9796223,647.8125,1222.5,,0.9776646,633.75,1372.5,,0.9733895,671.25,1428.75,,0.8361638,forward,91.9345871385728,1,497.8125,1095.9375,,0.9880141,427.5,1222.5,,1.004246,441.5625,1377.1875,,0.98867726,413.4375,1438.125,,0.86713815,forward,90.68265915727602,1
272,9.075733333333334,190.07110595703125,586.875,1091.25,,0.98560804,647.8125,1222.5,,0.98383033,633.75,1372.5,,0.9726721,671.25,1428.75,,0.82294255,forward,91.9345871385728,1,497.8125,1091.25,,0.99542856,427.5,1222.5,,1.00841,441.5625,1377.1875,,0.98583806,413.4375,1442.8125,,0.863459,forward,92.41611744605163,1
273,9.1091,190.61899185180664,586.875,1086.5625,,0.9817518,647.8125,1217.8125,,0.9746101,633.75,1372.5,,0.97835076,671.25,1428.75,,0.8338157,forward,94.22780989788538,1,497.8125,1086.5625,,0.98975146,427.5,1217.8125,,1.0009553,441.5625,1377.1875,,0.99393237,413.4375,1438.125,,0.8728215,forward,94.67876321353963,1
274,9.142466666666667,188.38000297546387,586.875,1081.875,,0.9875066,647.8125,1217.8125,,0.98344487,633.75,1372.5,,0.97445166,671.25,1433.4375,,0.80913436,forward,96.00749977893005,1,493.125,1086.5625,,0.9921117,427.5,1217.8125,,1.0071402,441.5625,1377.1875,,0.9921793,413.4375,1442.8125,,0.84852886,forward,94.67876321353963,1
275,9.175833333333333,189.2240047454834,586.875,1077.1875,,0.98998296,647.8125,1217.8125,,0.975143,633.75,1372.5,,0.97224444,666.5625,1433.4375,,0.80223024,forward,97.83919696747557,1,493.125,1077.1875,,0.9975763,427.5,1217.8125,,1.0095543,441.5625,1377.1875,,0.99412316,413.4375,1442.8125,,0.8465861,forward,98.29015028312982,1
276,9.209200000000001,193.0217742919922,591.5625,1072.5,,0.9697075,647.8125,1213.125,,0.97388756,633.75,1372.5,,0.98624706,666.5625,1433.4375,,0.8212106,forward,100.26436233573675,1,493.125,1072.5,,0.97950816,427.5,1213.125,,1.0024707,441.5625,1372.5,,1.0036151,413.4375,1442.8125,,0.8578717,forward,98.29015028312982,1
277,9.242566666666667,193.95923614501953,591.5625,1067.8125,,0.97019917,643.125,1208.4375,,0.96455693,633.75,1372.5,,0.99757695,666.5625,1433.4375,,0.83453286,forward,102.85256920577714,1,493.125,1067.8125,,0.9819466,427.5,1208.4375,,1.0047841,446.25,1372.5,,1.0136814,413.4375,1442.8125,,0.86373556,forward,100.68340497344442,1
278,9.275933333333333,193.30191612243652,591.5625,1063.125,,0.97797,643.125,1203.75,,0.9787891,633.75,1372.5,,0.99680984,671.25,1433.4375,,0.83766335,forward,105.64859380571693,1,493.125,1063.125,,0.9965151,427.5,1208.4375,,1.0040892,446.25,1372.5,,1.0153813,413.4375,1442.8125,,0.8736203,forward,102.57402268935436,1
279,9.3093,192.43693351745605,596.25,1053.75,,0.97964644,643.125,1203.75,,0.9765029,638.4375,1372.5,,0.9898312,671.25,1433.4375,,0.8239286,forward,109.49711082384417,1,493.125,1053.75,,0.9966954,427.5,1208.4375,,0.9978029,446.25,1377.1875,,1.0045809,413.4375,1442.8125,,0.85486776,forward,109.12200519949143,1
280,9.342666666666666,195.12581825256348,596.25,1044.375,,0.9638593,643.125,1194.375,,0.9644067,638.4375,1367.8125,,0.99549073,666.5625,1433.4375,,0.8424572,forward,112.56977184186542,1,493.125,1044.375,,0.9844425,432.1875,1203.75,,0.98661673,446.25,1372.5,,1.0174271,413.4375,1442.8125,,0.8677008,forward,111.24804175649028,1
281,9.376033333333334,194.4582462310791,591.5625,1030.3125,,0.9554283,638.4375,1194.375,,0.96487975,633.75,1372.5,,0.9933283,671.25,1433.4375,,0.83855265,forward,122.42984460281197,1,493.125,1035.0,,0.97734797,432.1875,1199.0625,,0.9838663,446.25,1372.5,,1.0092527,413.4375,1442.8125,,0.85804474,forward,116.24147343074056,1
282,9.4094,192.48485565185547,591.5625,1025.625,,0.9678081,638.4375,1189.6875,,0.9559995,638.4375,1372.5,,0.98582584,671.25,1433.4375,,0.83035165,forward,126.51425707123451,1,493.125,1025.625,,0.9906446,432.1875,1199.0625,,0.9858449,446.25,1372.5,,1.0007963,413.4375,1442.8125,,0.8573314,forward,121.12630558125115,1
283,9.442766666666667,194.44918632507324,591.5625,1020.9375,,0.955173,633.75,1189.6875,,0.95354235,638.4375,1372.5,,0.97661567,666.5625,1433.4375,,0.8146168,forward,128.87683340318728,1,493.125,1020.9375,,0.9798342,436.875,1194.375,,0.9778075,446.25,1372.5,,0.99330187,413.4375,1442.8125,,0.8378252,forward,124.1600809818787,1
284,9.476133333333333,193.53103637695312,591.5625,1011.5625,,0.95030034,633.75,1189.6875,,0.9625522,633.75,1367.8125,,0.9895826,666.5625,1428.75,,0.83088475,forward,130.0403589563427,1,493.125,1011.5625,,0.97068745,441.5625,1189.6875,,0.9742098,446.25,1372.5,,0.98882097,418.125,1442.8125,,0.84014714,forward,130.3077344763458,1
285,9.509500000000001,192.41905212402344,591.5625,1002.1875,,0.9618822,629.0625,1189.6875,,0.9699398,633.75,1372.5,,1.001092,666.5625,1433.4375,,0.8275062,forward,140.5013434132085,1,493.125,1006.875,,0.9810148,441.5625,1189.6875,,0.98727334,446.25,1372.5,,0.99723196,418.125,1442.8125,,0.8415812,forward,133.30405609561458,1
286,9.542866666666667,193.02129745483398,591.5625,997.5,,0.9683169,629.0625,1185.0,,0.9766114,633.75,1372.5,,1.0071118,661.875,1433.4375,,0.83511686,forward,145.79072228592298,1,493.125,997.5,,0.9827099,446.25,1185.0,,0.9915217,441.5625,1377.1875,,1.0028498,418.125,1442.8125,,0.8467895,forward,145.94318676950326,1
287,9.576233333333333,192.5058364868164,591.5625,997.5,,0.9746895,629.0625,1185.0,,0.9870738,633.75,1372.5,,1.0167522,661.875,1428.75,,0.8560068,forward,145.79072228592298,1,493.125,997.5,,0.98847675,446.25,1185.0,,1.0007398,441.5625,1377.1875,,1.0113097,418.125,1442.8125,,0.8590293,forward,145.94318676950326,1
288,9.6096,193.85528564453125,591.5625,992.8125,,0.98098785,624.375,1185.0,,0.99649066,633.75,1372.5,,1.0256133,661.875,1433.4375,,0.86657083,forward,149.77611789108212,1,488.4375,997.5,,0.99344015,446.25,1185.0,,1.0074992,446.25,1377.1875,,1.0166271,418.125,1438.125,,0.8603283,forward,145.94318676950326,1
289,9.642966666666666,193.63808631896973,591.5625,992.8125,,0.99638224,624.375,1185.0,,1.005483,633.75,1372.5,,1.0332205,657.1875,1428.75,,0.87070465,forward,149.77611789108212,1,488.4375,997.5,,1.0094743,446.25,1185.0,,1.0200002,441.5625,1377.1875,,1.0280613,422.8125,1438.125,,0.8643198,forward,145.94318676950326,1
290,9.676333333333334,192.8701400756836,591.5625,997.5,,1.0034515,624.375,1185.0,,1.0096253,633.75,1372.5,,1.0384879,661.875,1433.4375,,0.8860694,forward,145.79072228592298,1,488.4375,997.5,,1.0159531,450.9375,1185.0,,1.020943,441.5625,1377.1875,,1.0403925,422.8125,1438.125,,0.882166,forward,145.94318676950326,1
291,9.7097,193.07804107666016,591.5625,997.5,,1.013966,619.6875,1185.0,,1.0177572,638.4375,1372.5,,1.039017,657.1875,1433.4375,,0.8902707,forward,145.79072228592298,1,488.4375,997.5,,1.0237744,450.9375,1185.0,,1.0247644,441.5625,1377.1875,,1.0493615,427.5,1438.125,,0.885772,forward,145.94318676950326,1
292,9.743066666666667,192.8389072418213,586.875,997.5,,1.0228007,619.6875,1185.0,,1.0248895,638.4375,1377.1875,,1.0537457,657.1875,1428.75,,0.8944051,forward,158.4710997064621,1,488.4375,997.5,,1.030797,455.625,1185.0,,1.0357174,441.5625,1377.1875,,1.0641744,427.5,1438.125,,0.8892819,forward,145.94318676950326,1
293,9.776433333333333,192.93522834777832,586.875,997.5,,1.0201948,619.6875,1189.6875,,1.0248871,638.4375,1377.1875,,1.0540019,661.875,1428.75,,0.90008557,forward,149.77611789108212,1,488.4375,997.5,,1.0274149,455.625,1185.0,,1.0330285,441.5625,1377.1875,,1.0654038,427.5,1438.125,,0.89888704,forward,145.94318676950326,1
294,9.809800000000001,193.15671920776367,586.875,997.5,,1.0082806,619.6875,1185.0,,1.0206631,638.4375,1372.5,,1.0559003,657.1875,1428.75,,0.8925389,forward,145.79072228592298,1,488.4375,997.5,,1.0172337,455.625,1185.0,,1.032897,441.5625,1377.1875,,1.0635496,427.5,1438.125,,0.89428294,forward,145.94318676950326,1
295,9.843166666666667,192.73996353149414,586.875,997.5,,1.0072055,615.0,1189.6875,,1.019296,638.4375,1372.5,,1.0561731,657.1875,1428.75,,0.903893,forward,144.48673901836764,1,488.4375,997.5,,1.0145776,455.625,1189.6875,,1.0296534,441.5625,1377.1875,,1.069216,427.5,1438.125,,0.90666914,forward,144.70370568302275,1
296,9.876533333333333,193.35389137268066,586.875,997.5,,1.017051,615.0,1189.6875,,1.028975,638.4375,1372.5,,1.0705359,657.1875,1428.75,,0.91260755,forward,144.48673901836764,1,488.4375,997.5,,1.0243571,455.625,1189.6875,,1.0383335,441.5625,1377.1875,,1.0837063,427.5,1438.125,,0.91936886,forward,144.70370568302275,1
297,9.9099,192.44003295898438,586.875,997.5,,1.0131125,615.0,1189.6875,,1.0240505,638.4375,1372.5,,1.0659271,657.1875,1428.75,,0.9027773,forward,144.48673901836764,1,488.4375,997.5,,1.016345,455.625,1189.6875,,1.0328002,441.5625,1377.1875,,1.0762205,427.5,1438.125,,0.9147723,forward,144.70370568302275,1
298,9.943266666666666,192.48223304748535,586.875,997.5,,1.0136169,615.0,1189.6875,,1.0266887,638.4375,1372.5,,1.0691932,657.1875,1428.75,,0.8938227,forward,144.48673901836764,1,488.4375,997.5,,1.019523,455.625,1189.6875,,1.0333307,441.5625,1377.1875,,1.0805997,427.5,1438.125,,0.9074125,forward,144.70370568302275,1
299,9.976633333333334,192.63267517089844,586.875,997.5,,1.0052876,615.0,1189.6875,,1.0216967,638.4375,1372.5,,1.0677032,657.1875,1428.75,,0.8912747,forward,144.48673901836764,1,488.4375,997.5,,1.0132787,455.625,1194.375,,1.0316747,441.5625,1377.1875,,1.0826454,427.5,1438.125,,0.899699,forward,145.8324048778315,1
300,10.01,192.39497184753418,586.875,997.5,,0.9998416,615.0,1189.6875,,1.0188744,638.4375,1372.5,,1.0647388,657.1875,1428.75,,0.88949555,forward,144.48673901836764,1,488.4375,997.5,,1.007335,455.625,1194.375,,1.03065,441.5625,1377.1875,,1.0785809,427.5,1438.125,,0.89602244,forward,145.8324048778315,1
301,10.043366666666667,193.0828094482422,586.875,992.8125,,1.0006407,615.0,1189.6875,,1.0196922,638.4375,1372.5,,1.0664312,657.1875,1428.75,,0.9016113,forward,149.64944182625092,1,488.4375,997.5,,1.0094036,455.625,1194.375,,1.031246,441.5625,1377.1875,,1.078119,427.5,1438.125,,0.9039242,forward,145.8324048778315,1
302,10.076733333333333,192.57402420043945,591.5625,992.8125,,0.99951345,615.0,1189.6875,,1.02038,638.4375,1372.5,,1.0672039,657.1875,1428.75,,0.8887222,forward,149.64944182625092,0,493.125,992.8125,,1.0071723,455.625,1194.375,,1.0298531,441.5625,1377.1875,,1.0827284,427.5,1438.125,,0.8945035,forward,158.21320675832698,1
303,10.110100000000001,192.40283966064453,591.5625,992.8125,,1.0043552,615.0,1189.6875,,1.0229187,638.4375,1372.5,,1.0676337,657.1875,1428.75,,0.8977972,forward,149.64944182625092,0,493.125,992.8125,,1.0101765,455.625,1194.375,,1.0323935,441.5625,1377.1875,,1.0839537,427.5,1438.125,,0.90811646,forward,158.21320675832698,1
304,10.143466666666667,192.78597831726074,591.5625,992.8125,,1.0039785,615.0,1189.6875,,1.0251045,638.4375,1372.5,,1.0687995,657.1875,1428.75,,0.8957017,forward,149.64944182625092,0,493.125,992.8125,,1.0106356,455.625,1194.375,,1.032506,441.5625,1377.1875,,1.0846355,427.5,1438.125,,0.9049952,forward,158.21320675832698,1
305,10.176833333333333,192.54565238952637,591.5625,992.8125,,1.0046685,619.6875,1189.6875,,1.0237585,638.4375,1372.5,,1.0692883,657.1875,1428.75,,0.8974929,forward,149.64944182625092,1,493.125,997.5,,1.0117189,455.625,1194.375,,1.0312257,441.5625,1377.1875,,1.0862458,427.5,1438.125,,0.9006544,forward,145.8324048778315,1
306,10.2102,192.50893592834473,591.5625,992.8125,,1.0021762,619.6875,1189.6875,,1.0181279,638.4375,1372.5,,1.0678756,657.1875,1428.75,,0.8903131,forward,149.64944182625092,1,493.125,992.8125,,1.0101212,455.625,1194.375,,1.030415,441.5625,1377.1875,,1.0834315,427.5,1438.125,,0.8929552,forward,158.21320675832698,1
307,10.243566666666666,192.25287437438965,591.5625,992.8125,,1.0062003,619.6875,1189.6875,,1.0200969,638.4375,1377.1875,,1.0609543,657.1875,1428.75,,0.9079244,forward,154.9388206989654,1,493.125,997.5,,1.0154281,455.625,1194.375,,1.0344691,441.5625,1377.1875,,1.0815651,427.5,1442.8125,,0.9195578,forward,145.8324048778315,1
308,10.276933333333334,192.4448013305664,591.5625,997.5,,0.99989283,619.6875,1189.6875,,1.0193876,638.4375,1372.5,,1.0642622,657.1875,1428.75,,0.89389086,forward,144.48673901836764,1,493.125,997.5,,1.0110254,455.625,1194.375,,1.0315437,441.5625,1377.1875,,1.0838543,427.5,1438.125,,0.9020404,forward,145.8324048778315,1
309,10.3103,192.81697273254395,591.5625,997.5,,1.0044416,619.6875,1189.6875,,1.0220379,638.4375,1377.1875,,1.0618516,657.1875,1428.75,,0.89908326,forward,149.77611789108212,1,493.125,997.5,,1.013341,455.625,1194.375,,1.0343957,441.5625,1377.1875,,1.0796441,427.5,1438.125,,0.9098681,forward,145.8324048778315,1
310,10.343666666666667,193.21894645690918,591.5625,997.5,,1.004669,619.6875,1189.6875,,1.0216851,638.4375,1377.1875,,1.0562098,657.1875,1428.75,,0.89673996,forward,149.77611789108212,1,493.125,997.5,,1.0138208,455.625,1194.375,,1.0321198,441.5625,1377.1875,,1.0767758,427.5,1438.125,,0.906848,forward,145.8324048778315,1
311,10.377033333333333,193.07708740234375,591.5625,997.5,,1.0032787,619.6875,1189.6875,,1.0197816,638.4375,1377.1875,,1.0560439,657.1875,1428.75,,0.90371966,forward,149.77611789108212,1,493.125,1002.1875,,1.0126666,455.625,1194.375,,1.0285459,441.5625,1377.1875,,1.0697353,427.5,1438.125,,0.9146502,forward,140.66970206994822,1
312,10.410400000000001,193.19701194763184,591.5625,997.5,,1.0116098,619.6875,1189.6875,,1.0288638,638.4375,1377.1875,,1.0590048,657.1875,1428.75,,0.9014461,forward,149.77611789108212,1,493.125,1002.1875,,1.0203162,455.625,1194.375,,1.0352364,441.5625,1377.1875,,1.074264,427.5,1438.125,,0.91212034,forward,140.66970206994822,1
313,10.443766666666667,194.49901580810547,591.5625,1002.1875,,1.0214261,619.6875,1189.6875,,1.0280249,638.4375,1377.1875,,1.0550096,657.1875,1428.75,,0.9203464,forward,145.79072228592298,1,493.125,1002.1875,,1.0296106,455.625,1194.375,,1.032816,441.5625,1377.1875,,1.0712953,427.5,1442.8125,,0.937272,forward,140.66970206994822,1
314,10.477133333333333,194.28777694702148,591.5625,997.5,,1.0231488,624.375,1189.6875,,1.0341332,638.4375,1377.1875,,1.0603693,657.1875,1428.75,,0.91280663,forward,149.77611789108212,1,493.125,1002.1875,,1.0302758,460.3125,1194.375,,1.0390836,441.5625,1377.1875,,1.0761154,427.5,1438.125,,0.9248512,forward,140.66970206994822,1
315,10.5105,193.6650276184082,591.5625,997.5,,1.0231051,624.375,1189.6875,,1.0352815,638.4375,1377.1875,,1.0602708,657.1875,1428.75,,0.9173874,forward,149.77611789108212,1,488.4375,1002.1875,,1.0298243,455.625,1194.375,,1.0353887,441.5625,1377.1875,,1.0750945,427.5,1442.8125,,0.93052685,forward,140.66970206994822,1
316,10.543866666666666,193.4359073638916,591.5625,997.5,,1.0186596,624.375,1189.6875,,1.0241913,638.4375,1377.1875,,1.0558038,661.875,1428.75,,0.9207443,forward,149.77611789108212,1,493.125,1002.1875,,1.0234661,455.625,1189.6875,,1.0242559,441.5625,1377.1875,,1.0684421,427.5,1442.8125,,0.93449336,forward,140.71831007786358,1
317,10.577233333333334,193.8612461090088,591.5625,997.5,,1.0144584,629.0625,1189.6875,,1.0161266,638.4375,1372.5,,1.0540602,657.1875,1428.75,,0.909539,forward,144.48673901836764,1,493.125,997.5,,1.0212022,455.625,1189.6875,,1.0172395,441.5625,1377.1875,,1.0607581,427.5,1442.8125,,0.9302505,forward,144.70370568302275,1
318,10.6106,195.52302360534668,591.5625,997.5,,0.9918389,629.0625,1185.0,,0.99901974,638.4375,1372.5,,1.0404382,661.875,1433.4375,,0.89012206,forward,145.79072228592298,1,493.125,997.5,,1.0019332,455.625,1185.0,,1.0034764,441.5625,1377.1875,,1.0405943,427.5,1442.8125,,0.910867,forward,145.94318676950326,1
319,10.643966666666667,194.0329074859619,596.25,997.5,,0.98578215,629.0625,1189.6875,,0.9874842,638.4375,1372.5,,1.0290723,661.875,1433.4375,,0.88869447,forward,144.48673901836764,1,493.125,1002.1875,,0.99633133,455.625,1189.6875,,0.9928059,441.5625,1377.1875,,1.0306177,422.8125,1442.8125,,0.90758955,forward,140.71831007786358,1
320,10.677333333333333,193.7870979309082,596.25,997.5,,0.97256005,629.0625,1189.6875,,0.9773612,638.4375,1372.5,,1.0185189,661.875,1433.4375,,0.88275814,forward,144.48673901836764,1,493.125,1002.1875,,0.9862367,455.625,1189.6875,,0.98484814,441.5625,1377.1875,,1.0189048,422.8125,1442.8125,,0.8961493,forward,140.71831007786358,1
321,10.710700000000001,193.8769817352295,596.25,997.5,,0.962034,629.0625,1189.6875,,0.97404665,638.4375,1372.5,,1.0126836,661.875,1433.4375,,0.8733237,forward,144.48673901836764,1,493.125,1002.1875,,0.9740602,455.625,1189.6875,,0.9744841,441.5625,1372.5,,1.0059229,422.8125,1442.8125,,0.88875234,forward,136.68430646478907,1
322,10.744066666666667,194.92387771606445,596.25,1002.1875,,0.97121656,633.75,1189.6875,,0.970994,638.4375,1372.5,,1.010482,661.875,1433.4375,,0.86894375,forward,140.5013434132085,1,497.8125,1006.875,,0.9854045,450.9375,1189.6875,,0.97467124,441.5625,1372.5,,1.0071299,422.8125,1442.8125,,0.8852638,forward,133.30405609561458,1
323,10.777433333333333,194.06580924987793,596.25,1006.875,,0.9710435,633.75,1189.6875,,0.96985495,638.4375,1367.8125,,1.0131536,661.875,1433.4375,,0.8637887,forward,133.03668057561148,1,497.8125,1006.875,,0.9876989,450.9375,1189.6875,,0.97605574,446.25,1372.5,,1.0114422,422.8125,1442.8125,,0.88239336,forward,133.30405609561458,1
324,10.8108,194.29397583007812,596.25,1006.875,,0.9511695,633.75,1194.375,,0.9526088,638.4375,1367.8125,,0.99648273,661.875,1433.4375,,0.85343754,forward,132.95163773545568,1,497.8125,1011.5625,,0.9704299,450.9375,1189.6875,,0.9611113,446.25,1372.5,,0.9950775,422.8125,1442.8125,,0.8715651,forward,130.3077344763458,1
325,10.844166666666666,193.90487670898438,596.25,1011.5625,,0.95272624,633.75,1194.375,,0.95171106,638.4375,1367.8125,,0.9889075,661.875,1433.4375,,0.8489019,forward,129.5713873662812,1,497.8125,1016.25,,0.97055817,450.9375,1194.375,,0.9530379,446.25,1372.5,,0.9937368,422.8125,1442.8125,,0.87064266,forward,126.88576318489882,1
326,10.877533333333334,193.4361457824707,596.25,1016.25,,0.9678639,633.75,1194.375,,0.9586979,638.4375,1372.5,,0.99038565,666.5625,1433.4375,,0.8556816,forward,130.0403589563427,1,497.8125,1016.25,,0.98131156,446.25,1194.375,,0.95607424,446.25,1372.5,,1.0004284,418.125,1442.8125,,0.8707826,forward,126.88576318489882,1
327,10.9109,193.73798370361328,591.5625,1020.9375,,0.9888121,633.75,1194.375,,0.9676777,638.4375,1372.5,,1.0021601,666.5625,1433.4375,,0.85981655,forward,127.31467675332256,1,497.8125,1025.625,,1.0012146,446.25,1194.375,,0.9675079,446.25,1372.5,,1.0123624,422.8125,1442.8125,,0.87516546,forward,121.63782516332088,1
328,10.944266666666667,195.01519203186035,596.25,1025.625,,0.9776379,638.4375,1194.375,,0.95277,638.4375,1372.5,,0.98849046,666.5625,1433.4375,,0.84590554,forward,124.79242093476473,1,497.8125,1025.625,,0.9927871,446.25,1199.0625,,0.9627242,441.5625,1372.5,,1.0009177,418.125,1442.8125,,0.87942123,forward,121.12630558125115,1
329,10.977633333333333,194.54693794250488,596.25,1030.3125,,0.9712469,638.4375,1199.0625,,0.93760383,638.4375,1372.5,,0.9813569,666.5625,1438.125,,0.8437995,forward,121.32712772543445,1,497.8125,1035.0,,0.98842037,441.5625,1199.0625,,0.9622732,441.5625,1372.5,,1.0012083,418.125,1442.8125,,0.8828307,forward,116.24147343074056,1
330,11.011000000000001,190.10519981384277,596.25,1035.0,,0.9698641,643.125,1199.0625,,0.95303214,638.4375,1372.5,,0.982517,671.25,1433.4375,,0.8472787,forward,118.96455139348168,1,497.8125,1035.0,,0.9870992,441.5625,1203.75,,0.9648152,441.5625,1372.5,,0.99946266,418.125,1442.8125,,0.8801521,forward,115.84387150974372,1
331,11.044366666666667,215.62504768371582,596.25,1039.6875,,0.9703702,643.125,1203.75,,0.9564989,638.4375,1372.5,,0.98668206,671.25,1433.4375,,0.85116565,forward,115.89189037546043,1,497.8125,1039.6875,,0.9864787,441.5625,1203.75,,0.9695239,441.5625,1372.5,,0.9973819,418.125,1442.8125,,0.87976676,forward,113.48129517779095,1
332,11.077733333333333,197.40700721740723,596.25,1039.6875,,0.9606351,643.125,1199.0625,,0.95193934,638.4375,1372.5,,0.98617554,666.5625,1433.4375,,0.84670925,forward,116.73129797218101,1,497.8125,1039.6875,,0.9746073,441.5625,1203.75,,0.97025526,441.5625,1372.5,,0.9985473,418.125,1442.8125,,0.8762081,forward,113.48129517779095,1
333,11.1111,192.4118995666504,596.25,1058.4375,,0.98145205,643.125,1213.125,,0.9616065,638.4375,1372.5,,0.9659025,671.25,1433.4375,,0.8123729,forward,106.14836892718073,1,497.8125,1058.4375,,0.9985978,436.875,1208.4375,,0.9962274,441.5625,1372.5,,0.9955977,413.4375,1442.8125,,0.84244967,forward,104.53192199157166,1
334,11.144466666666666,193.6960220336914,596.25,1058.4375,,0.96028924,643.125,1208.4375,,0.94368726,638.4375,1372.5,,0.97166485,671.25,1433.4375,,0.8204448,forward,106.70108622390438,1,497.8125,1058.4375,,0.9770509,436.875,1208.4375,,0.99177325,441.5625,1372.5,,0.9997949,413.4375,1442.8125,,0.85661733,forward,104.53192199157166,1
335,11.177833333333334,194.24676895141602,596.25,1058.4375,,0.9484407,643.125,1213.125,,0.95159316,638.4375,1372.5,,0.97290117,666.5625,1433.4375,,0.8194462,forward,106.14836892718073,1,497.8125,1063.125,,0.96614015,432.1875,1208.4375,,0.9859264,441.5625,1372.5,,0.99535197,413.4375,1442.8125,,0.85092926,forward,102.57402268935436,1
336,11.2112,193.42303276062012,596.25,1063.125,,0.9600991,647.8125,1213.125,,0.9475466,638.4375,1372.5,,0.9716382,671.25,1433.4375,,0.8067744,forward,104.11287935386399,1,497.8125,1063.125,,0.9726359,432.1875,1208.4375,,0.987614,441.5625,1372.5,,0.9987019,413.4375,1442.8125,,0.8384518,forward,102.57402268935436,1
337,11.244566666666667,194.33879852294922,596.25,1072.5,,0.97116655,647.8125,1213.125,,0.9561869,638.4375,1372.5,,0.968063,671.25,1433.4375,,0.79555225,forward,100.26436233573675,1,497.8125,1072.5,,0.98608106,432.1875,1213.125,,0.99417293,441.5625,1372.5,,0.9962212,413.4375,1442.8125,,0.82759655,forward,98.29015028312982,1
338,11.277933333333333,193.44377517700195,596.25,1072.5,,0.96005404,647.8125,1213.125,,0.9539081,638.4375,1372.5,,0.9735575,671.25,1433.4375,,0.80022883,forward,100.26436233573675,1,497.8125,1072.5,,0.9707601,427.5,1213.125,,0.983739,446.25,1372.5,,0.9955307,413.4375,1442.8125,,0.8279042,forward,98.29015028312982,1
339,11.311300000000001,194.89502906799316,596.25,1077.1875,,0.9570754,643.125,1213.125,,0.945235,638.4375,1372.5,,0.9757651,671.25,1433.4375,,0.808247,forward,98.43266514719123,1,502.5,1077.1875,,0.9708277,427.5,1213.125,,0.986166,446.25,1372.5,,0.99584097,408.75,1442.8125,,0.84168816,forward,96.4584530945843,1
340,11.344666666666667,194.6859359741211,591.5625,1081.875,,0.9620153,643.125,1217.8125,,0.9596059,638.4375,1372.5,,0.97000563,671.25,1433.4375,,0.82059735,forward,96.00749977893005,1,502.5,1081.875,,0.9743035,427.5,1217.8125,,0.98796815,441.5625,1372.5,,0.9910482,408.75,1442.8125,,0.8545686,forward,94.1958073270963,1
341,11.378033333333333,194.1518783569336,591.5625,1086.5625,,0.9623792,643.125,1217.8125,,0.95297307,638.4375,1372.5,,0.9600022,671.25,1433.4375,,0.8056399,forward,94.22780989788538,1,502.5,1086.5625,,0.972666,427.5,1217.8125,,0.9829087,441.5625,1372.5,,0.9813204,408.75,1442.8125,,0.84277034,forward,92.41611744605163,1
342,11.4114,193.9380168914795,596.25,1091.25,,0.9649935,643.125,1217.8125,,0.9579657,638.4375,1372.5,,0.9596014,666.5625,1433.4375,,0.81087327,forward,92.49435160910977,1,502.5,1091.25,,0.9780189,427.5,1222.5,,0.98997957,441.5625,1372.5,,0.98280233,408.75,1442.8125,,0.85092276,forward,90.2617374363826,1
343,11.444766666666666,194.28396224975586,591.5625,1091.25,,0.9490161,647.8125,1217.8125,,0.9438668,638.4375,1372.5,,0.9592478,666.5625,1428.75,,0.8102931,forward,92.49435160910977,1,502.5,1091.25,,0.9600448,427.5,1222.5,,0.9778348,441.5625,1372.5,,0.98014027,413.4375,1442.8125,,0.84715253,forward,90.2617374363826,1
344,11.478133333333334,194.32973861694336,591.5625,1095.9375,,0.9599806,647.8125,1217.8125,,0.9506978,638.4375,1372.5,,0.966822,666.5625,1428.75,,0.83014846,forward,90.80222346541166,1,502.5,1095.9375,,0.96981597,427.5,1217.8125,,0.98126113,441.5625,1372.5,,0.9829536,413.4375,1442.8125,,0.8703706,forward,88.99053101357791,1
345,11.5115,194.6721076965332,591.5625,1095.9375,,0.96772325,647.8125,1222.5,,0.9566261,638.4375,1372.5,,0.96225977,666.5625,1428.75,,0.82117486,forward,90.20112884979719,1,502.5,1095.9375,,0.9762813,427.5,1222.5,,0.9892954,441.5625,1377.1875,,0.9790628,413.4375,1442.8125,,0.86240804,forward,90.68265915727602,1
346,11.544866666666667,192.9311752319336,591.5625,1100.625,,0.97204995,647.8125,1222.5,,0.9584999,638.4375,1372.5,,0.9613589,666.5625,1428.75,,0.8234428,forward,88.50900070609907,1,502.5,1100.625,,0.9790441,427.5,1222.5,,0.9910165,441.5625,1377.1875,,0.97632766,413.4375,1442.8125,,0.8636513,forward,88.99053101357791,1
347,11.578233333333333,194.42009925842285,591.5625,1095.9375,,0.96526194,647.8125,1217.8125,,0.95510864,638.4375,1372.5,,0.96901107,671.25,1428.75,,0.8453954,forward,90.80222346541166,1,502.5,1095.9375,,0.9717058,427.5,1222.5,,0.98912644,446.25,1372.5,,0.9827725,413.4375,1438.125,,0.8825054,forward,88.528279147607,1
348,11.611600000000001,193.25900077819824,591.5625,1100.625,,0.96531093,647.8125,1222.5,,0.9559894,638.4375,1372.5,,0.967468,666.5625,1428.75,,0.8321831,forward,88.50900070609907,1,502.5,1100.625,,0.97251225,427.5,1222.5,,0.98814553,446.25,1377.1875,,0.9767026,413.4375,1438.125,,0.8750516,forward,88.99053101357791,1
349,11.644966666666667,193.9389705657959,591.5625,1100.625,,0.96183777,647.8125,1222.5,,0.9567714,638.4375,1372.5,,0.9626571,671.25,1428.75,,0.82182205,forward,88.50900070609907,1,502.5,1095.9375,,0.9703561,427.5,1222.5,,0.98803127,446.25,1377.1875,,0.97625744,413.4375,1442.8125,,0.8643596,forward,90.68265915727602,1
350,11.678333333333333,193.82405281066895,591.5625,1100.625,,0.9673106,647.8125,1222.5,,0.96255374,638.4375,1372.5,,0.96089125,666.5625,1428.75,,0.8187319,forward,88.50900070609907,1,502.5,1095.9375,,0.9759828,427.5,1222.5,,0.9932356,441.5625,1377.1875,,0.9743039,413.4375,1442.8125,,0.85778624,forward,90.68265915727602,1
351,11.7117,194.9300765991211,591.5625,1095.9375,,0.9744886,647.8125,1222.5,,0.96552765,638.4375,1372.5,,0.9644171,671.25,1428.75,,0.81315744,forward,90.20112884979719,1,502.5,1095.9375,,0.9845391,427.5,1222.5,,0.9950861,446.25,1377.1875,,0.9773076,413.4375,1442.8125,,0.8542299,forward,90.68265915727602,1
352,11.745066666666666,193.56799125671387,591.5625,1091.25,,0.965938,647.8125,1222.5,,0.96651965,638.4375,1372.5,,0.96311927,666.5625,1433.4375,,0.8199796,forward,91.9345871385728,1,502.5,1091.25,,0.9730866,432.1875,1222.5,,0.9925641,446.25,1372.5,,0.9800254,413.4375,1442.8125,,0.85790515,forward,90.2617374363826,1
353,11.778433333333334,193.7851905822754,596.25,1091.25,,0.97021043,647.8125,1222.5,,0.9704975,638.4375,1372.5,,0.9631698,666.5625,1433.4375,,0.80678296,forward,91.9345871385728,1,502.5,1091.25,,0.9804789,432.1875,1222.5,,0.9944644,446.25,1377.1875,,0.9797201,413.4375,1442.8125,,0.84836185,forward,92.41611744605163,1
354,11.8118,193.68815422058105,591.5625,1081.875,,0.9615196,647.8125,1227.1875,,0.9675554,633.75,1372.5,,0.95686305,671.25,1433.4375,,0.7818477,forward,95.2526988550458,1,502.5,1081.875,,0.9689038,432.1875,1222.5,,0.9884648,446.25,1377.1875,,0.9842299,413.4375,1442.8125,,0.81762725,forward,96.02750451564182,1
355,11.845166666666668,191.7247772216797,596.25,1081.875,,0.97781885,647.8125,1222.5,,0.97207785,638.4375,1372.5,,0.96154416,671.25,1433.4375,,0.77596176,forward,95.54597420816299,1,502.5,1081.875,,0.9872147,427.5,1217.8125,,0.99472797,446.25,1377.1875,,0.9847145,413.4375,1442.8125,,0.8206377,forward,96.4584530945843,1
356,11.878533333333333,196.8379020690918,591.5625,1067.8125,,0.97831917,647.8125,1217.8125,,0.976987,633.75,1372.5,,0.9909375,671.25,1433.4375,,0.80962896,forward,101.68771398560281,1,502.5,1072.5,,0.98694706,432.1875,1213.125,,1.001999,446.25,1372.5,,1.0099145,413.4375,1442.8125,,0.8425367,forward,98.29015028312982,1
357,11.911900000000001,194.96607780456543,596.25,1063.125,,0.9789237,647.8125,1213.125,,0.9773628,633.75,1372.5,,0.997306,671.25,1433.4375,,0.8405043,forward,104.11287935386399,1,497.8125,1063.125,,0.9926425,432.1875,1213.125,,1.0082923,446.25,1372.5,,1.0087254,413.4375,1442.8125,,0.8706374,forward,102.13866730125706,1
358,11.945266666666667,193.73011589050293,596.25,1058.4375,,0.96189785,647.8125,1208.4375,,0.97786117,633.75,1372.5,,0.9977334,666.5625,1433.4375,,0.83827496,forward,106.70108622390438,1,497.8125,1058.4375,,0.9841176,432.1875,1208.4375,,1.0015888,446.25,1372.5,,1.0140014,413.4375,1442.8125,,0.8688039,forward,104.53192199157166,1
359,11.978633333333333,193.6337947845459,596.25,1049.0625,,0.95858663,643.125,1203.75,,0.9629557,633.75,1372.5,,0.99683654,671.25,1433.4375,,0.82803583,forward,111.5326003971609,1,497.8125,1049.0625,,0.98317385,432.1875,1208.4375,,0.9942298,446.25,1372.5,,1.0152361,413.4375,1447.5,,0.8650794,forward,108.69344812188726,1
360,12.012,206.02917671203613,596.25,1039.6875,,0.9524026,643.125,1199.0625,,0.96934444,633.75,1372.5,,0.99357796,671.25,1433.4375,,0.8381816,forward,116.73129797218101,1,497.8125,1044.375,,0.97972995,436.875,1203.75,,0.9923453,446.25,1372.5,,1.0133066,413.4375,1442.8125,,0.86184895,forward,111.24804175649028,1
361,12.045366666666666,196.02584838867188,596.25,1035.0,,0.9629152,643.125,1199.0625,,0.9609779,638.4375,1372.5,,0.9834906,666.5625,1433.4375,,0.8293371,forward,118.96455139348168,1,497.8125,1035.0,,0.98481405,436.875,1199.0625,,0.9891365,446.25,1372.5,,1.0018241,413.4375,1447.5,,0.85472673,forward,116.24147343074056,1
362,12.078733333333334,200.2279758453369,596.25,1025.625,,0.9581696,638.4375,1189.6875,,0.95163155,633.75,1372.5,,0.9846952,666.5625,1433.4375,,0.8207798,forward,126.51425707123451,1,497.8125,1025.625,,0.9831479,436.875,1194.375,,0.9725333,446.25,1372.5,,0.99837816,413.4375,1447.5,,0.85501206,forward,121.63782516332088,1
363,12.1121,190.39106369018555,596.25,1016.25,,0.966439,638.4375,1189.6875,,0.9565991,633.75,1372.5,,0.99135137,666.5625,1433.4375,,0.82910794,forward,131.3990892217451,1,497.8125,1020.9375,,0.9878118,441.5625,1189.6875,,0.97798455,446.25,1372.5,,1.0030475,418.125,1442.8125,,0.86070466,forward,125.05979645476785,1
364,12.145466666666668,190.63901901245117,591.5625,1011.5625,,0.95174015,638.4375,1185.0,,0.95426285,633.75,1367.8125,,0.9858925,666.5625,1433.4375,,0.8262118,forward,131.3990892217451,1,493.125,1011.5625,,0.9678867,441.5625,1185.0,,0.9637059,446.25,1372.5,,0.9879055,418.125,1442.8125,,0.8459454,forward,131.6160558864002,1
365,12.178833333333333,192.72303581237793,591.5625,1002.1875,,0.9494405,633.75,1189.6875,,0.9528986,633.75,1367.8125,,0.98984486,661.875,1433.4375,,0.82664144,forward,136.41693094478597,1,493.125,1002.1875,,0.96545446,441.5625,1185.0,,0.96115196,446.25,1372.5,,0.9894953,418.125,1442.8125,,0.8522122,forward,137.33805970868912,1
366,12.212200000000001,190.62304496765137,591.5625,992.8125,,0.94307435,629.0625,1180.3125,,0.9518436,633.75,1367.8125,,0.98928344,661.875,1433.4375,,0.840584,forward,145.79072228592298,1,493.125,997.5,,0.9587953,441.5625,1185.0,,0.96045446,446.25,1372.5,,0.98735833,418.125,1442.8125,,0.8472266,forward,140.71831007786358,1
367,12.245566666666667,205.95812797546387,591.5625,992.8125,,0.9600523,629.0625,1180.3125,,0.9710053,633.75,1372.5,,1.0006058,661.875,1433.4375,,0.8464613,forward,158.4710997064621,1,493.125,997.5,,0.97359383,446.25,1185.0,,0.9731989,446.25,1372.5,,0.9958055,418.125,1442.8125,,0.8573272,forward,140.71831007786358,1
368,12.278933333333333,187.5901222229004,591.5625,992.8125,,0.9640862,624.375,1185.0,,0.9748408,633.75,1367.8125,,1.0008395,661.875,1433.4375,,0.8476945,forward,144.48673901836764,1,488.4375,992.8125,,0.97438824,446.25,1180.3125,,0.98223126,446.25,1372.5,,1.000086,418.125,1442.8125,,0.8531306,forward,145.94318676950326,1
369,12.3123,188.5991096496582,591.5625,992.8125,,0.9574348,624.375,1185.0,,0.9748982,633.75,1372.5,,1.0055813,661.875,1433.4375,,0.8582592,forward,149.77611789108212,1,488.4375,992.8125,,0.9694487,446.25,1180.3125,,0.9830413,446.25,1372.5,,1.0017425,418.125,1442.8125,,0.8676355,forward,145.94318676950326,1
370,12.345666666666666,196.2566375732422,591.5625,992.8125,,0.9727417,619.6875,1185.0,,0.9861331,633.75,1372.5,,1.01317,657.1875,1433.4375,,0.86650693,forward,149.77611789108212,1,488.4375,997.5,,0.98364055,446.25,1185.0,,0.98910135,441.5625,1372.5,,1.0115154,422.8125,1442.8125,,0.8790883,forward,140.71831007786358,1
371,12.379033333333334,193.04680824279785,591.5625,992.8125,,0.9817618,619.6875,1185.0,,0.99854517,633.75,1372.5,,1.0251986,657.1875,1433.4375,,0.8876432,forward,149.77611789108212,1,488.4375,992.8125,,0.9915366,446.25,1185.0,,1.0022655,441.5625,1372.5,,1.0275352,422.8125,1442.8125,,0.898237,forward,144.70370568302275,1
372,12.4124,193.0980682373047,586.875,997.5,,1.0023739,619.6875,1185.0,,1.0112405,633.75,1372.5,,1.0403125,657.1875,1433.4375,,0.8929312,forward,145.79072228592298,1,488.4375,997.5,,1.0121408,450.9375,1185.0,,1.0177565,441.5625,1377.1875,,1.0502809,422.8125,1442.8125,,0.9023105,forward,145.94318676950326,1
373,12.445766666666668,192.56973266601562,586.875,997.5,,1.0141618,615.0,1189.6875,,1.0202086,633.75,1377.1875,,1.051089,657.1875,1433.4375,,0.9052293,forward,149.77611789108212,1,483.75,997.5,,1.0225908,450.9375,1189.6875,,1.0247552,441.5625,1377.1875,,1.0622041,422.8125,1442.8125,,0.9098627,forward,144.70370568302275,1
374,12.479133333333333,196.7768669128418,586.875,997.5,,1.008636,615.0,1185.0,,1.0161586,638.4375,1377.1875,,1.0539373,657.1875,1433.4375,,0.91541594,forward,158.4710997064621,1,483.75,997.5,,1.0171375,450.9375,1189.6875,,1.0235109,441.5625,1377.1875,,1.0583478,427.5,1438.125,,0.9141128,forward,144.70370568302275,1
375,12.512500000000001,193.97497177124023,582.1875,997.5,,1.011864,615.0,1189.6875,,1.022959,638.4375,1377.1875,,1.0583,657.1875,1428.75,,0.91365206,forward,149.77611789108212,1,483.75,997.5,,1.0201173,450.9375,1189.6875,,1.0287188,441.5625,1377.1875,,1.0600598,422.8125,1438.125,,0.91438746,forward,144.70370568302275,1
376,12.545866666666667,209.83099937438965,582.1875,997.5,,1.013416,615.0,1189.6875,,1.0188048,638.4375,1372.5,,1.05796,657.1875,1428.75,,0.9048027,forward,144.48673901836764,1,483.75,997.5,,1.0208597,450.9375,1189.6875,,1.0290182,441.5625,1377.1875,,1.0611645,427.5,1438.125,,0.9068824,forward,144.70370568302275,1
377,12.579233333333333,195.2497959136963,582.1875,1002.1875,,1.0140643,615.0,1189.6875,,1.0255312,638.4375,1372.5,,1.0543967,657.1875,1428.75,,0.9239538,forward,140.5013434132085,1,483.75,997.5,,1.0146213,450.9375,1189.6875,,1.0302291,441.5625,1377.1875,,1.0611603,422.8125,1438.125,,0.92658615,forward,144.70370568302275,1
378,12.6126,193.88198852539062,582.1875,997.5,,1.0163369,615.0,1189.6875,,1.0211506,638.4375,1372.5,,1.0566732,657.1875,1428.75,,0.9192948,forward,144.48673901836764,1,483.75,997.5,,1.0169538,450.9375,1194.375,,1.0275159,441.5625,1377.1875,,1.0625682,422.8125,1442.8125,,0.9233353,forward,145.8324048778315,1
379,12.645966666666666,193.9380168914795,582.1875,1002.1875,,1.0183563,615.0,1194.375,,1.0257717,638.4375,1377.1875,,1.060117,657.1875,1428.75,,0.9153642,forward,144.48673901836764,1,483.75,997.5,,1.0173608,450.9375,1194.375,,1.0335584,441.5625,1377.1875,,1.0630918,422.8125,1442.8125,,0.92435443,forward,145.8324048778315,1
380,12.679333333333334,192.56997108459473,582.1875,997.5,,1.0148418,610.3125,1189.6875,,1.0266896,638.4375,1377.1875,,1.0652301,657.1875,1428.75,,0.91420645,forward,149.77611789108212,0,483.75,997.5,,1.0157943,450.9375,1194.375,,1.0323343,441.5625,1377.1875,,1.0682514,422.8125,1442.8125,,0.9193306,forward,145.8324048778315,1
381,12.7127,192.7778720855713,582.1875,997.5,,1.0025189,610.3125,1189.6875,,1.0249989,638.4375,1372.5,,1.0644145,657.1875,1428.75,,0.8979498,forward,144.48673901836764,0,483.75,997.5,,1.003052,455.625,1194.375,,1.0321742,441.5625,1377.1875,,1.069856,427.5,1442.8125,,0.90719306,forward,145.8324048778315,1
382,12.746066666666668,192.59905815124512,582.1875,997.5,,1.0018497,615.0,1194.375,,1.0203052,638.4375,1377.1875,,1.0603051,657.1875,1428.75,,0.8946044,forward,149.64944182625092,1,483.75,997.5,,1.0030508,455.625,1194.375,,1.025308,441.5625,1377.1875,,1.066803,422.8125,1442.8125,,0.9034033,forward,145.8324048778315,1
383,12.779433333333333,192.1699047088623,582.1875,997.5,,1.0009894,615.0,1194.375,,1.0216827,638.4375,1377.1875,,1.0602996,657.1875,1428.75,,0.89155877,forward,149.64944182625092,1,483.75,997.5,,1.0030645,455.625,1194.375,,1.0267817,441.5625,1377.1875,,1.070457,422.8125,1442.8125,,0.9097259,forward,145.8324048778315,1
384,12.812800000000001,192.5809383392334,582.1875,997.5,,1.0042998,615.0,1194.375,,1.0271988,638.4375,1377.1875,,1.0632732,657.1875,1428.75,,0.8959967,forward,149.64944182625092,1,483.75,997.5,,1.0088005,455.625,1194.375,,1.0327798,441.5625,1377.1875,,1.0782561,427.5,1442.8125,,0.91082186,forward,145.8324048778315,1
385,12.846166666666667,187.40606307983398,586.875,992.8125,,0.9969914,615.0,1194.375,,1.0210294,638.4375,1377.1875,,1.0662482,657.1875,1428.75,,0.881911,forward,162.0302437067464,1,488.4375,997.5,,1.0022855,455.625,1194.375,,1.027382,441.5625,1377.1875,,1.0760517,427.5,1438.125,,0.89449334,forward,145.8324048778315,1
386,12.879533333333333,191.62797927856445,586.875,992.8125,,1.0073684,615.0,1194.375,,1.0277238,638.4375,1377.1875,,1.0654533,657.1875,1433.4375,,0.8988888,forward,162.0302437067464,1,488.4375,997.5,,1.0116516,455.625,1194.375,,1.0317668,441.5625,1377.1875,,1.0783013,422.8125,1442.8125,,0.91219246,forward,145.8324048778315,1
387,12.9129,196.48003578186035,586.875,992.8125,,1.0079212,615.0,1189.6875,,1.0320972,638.4375,1377.1875,,1.0699902,657.1875,1428.75,,0.9006734,forward,154.9388206989654,1,488.4375,992.8125,,1.0126681,455.625,1194.375,,1.0339524,441.5625,1377.1875,,1.0806441,422.8125,1442.8125,,0.91384244,forward,158.21320675832698,1
388,12.946266666666666,192.40808486938477,586.875,988.125,,1.0087196,615.0,1189.6875,,1.0342622,638.4375,1377.1875,,1.0768068,657.1875,1428.75,,0.8880174,forward,167.31962257946088,1,488.4375,992.8125,,1.0135155,455.625,1194.375,,1.0364423,441.5625,1377.1875,,1.0866458,427.5,1438.125,,0.90078723,forward,158.21320675832698,1
389,12.979633333333334,192.40880012512207,586.875,988.125,,1.0082731,615.0,1189.6875,,1.0307021,638.4375,1377.1875,,1.0730186,657.1875,1428.75,,0.89035463,forward,167.31962257946088,1,493.125,992.8125,,1.0128603,455.625,1194.375,,1.0331576,441.5625,1377.1875,,1.0851197,427.5,1438.125,,0.9084923,forward,158.21320675832698,1
390,13.013,193.5129165649414,591.5625,992.8125,,1.0080922,615.0,1189.6875,,1.0262053,638.4375,1377.1875,,1.0635916,657.1875,1428.75,,0.8963221,forward,154.9388206989654,0,493.125,992.8125,,1.0137445,455.625,1194.375,,1.0297997,441.5625,1377.1875,,1.07852,422.8125,1442.8125,,0.9117372,forward,158.21320675832698,1
391,13.046366666666668,193.72010231018066,591.5625,992.8125,,1.00505,615.0,1189.6875,,1.0266746,638.4375,1377.1875,,1.0672208,657.1875,1428.75,,0.8889737,forward,154.9388206989654,0,493.125,992.8125,,1.0119507,455.625,1194.375,,1.0300343,441.5625,1377.1875,,1.0820577,422.8125,1442.8125,,0.9072641,forward,158.21320675832698,1
392,13.079733333333333,193.220853805542,591.5625,992.8125,,1.0084758,615.0,1189.6875,,1.0291435,638.4375,1377.1875,,1.0720701,657.1875,1428.75,,0.89551926,forward,154.9388206989654,0,493.125,992.8125,,1.0153575,455.625,1194.375,,1.0342638,441.5625,1377.1875,,1.0867472,427.5,1442.8125,,0.909302,forward,158.21320675832698,1
393,13.113100000000001,193.67098808288574,591.5625,992.8125,,1.0023665,615.0,1189.6875,,1.021013,638.4375,1377.1875,,1.0670974,657.1875,1428.75,,0.88035786,forward,154.9388206989654,0,493.125,992.8125,,1.0078713,455.625,1194.375,,1.0301042,441.5625,1377.1875,,1.0795763,427.5,1442.8125,,0.89221895,forward,158.21320675832698,1
394,13.146466666666667,194.13518905639648,591.5625,992.8125,,1.0057081,619.6875,1189.6875,,1.0204289,638.4375,1377.1875,,1.0616941,657.1875,1428.75,,0.8942198,forward,154.9388206989654,1,493.125,997.5,,1.0110415,455.625,1194.375,,1.029922,441.5625,1377.1875,,1.0761464,422.8125,1442.8125,,0.9149888,forward,145.8324048778315,1
395,13.179833333333333,193.33505630493164,591.5625,997.5,,1.0033326,619.6875,1189.6875,,1.0211083,638.4375,1377.1875,,1.0622739,657.1875,1428.75,,0.8883569,forward,149.77611789108212,1,493.125,997.5,,1.0091777,455.625,1194.375,,1.0304718,441.5625,1377.1875,,1.0743208,427.5,1442.8125,,0.9097548,forward,145.8324048778315,1
396,13.2132,193.2048797607422,591.5625,997.5,,1.0090493,619.6875,1189.6875,,1.0212536,638.4375,1377.1875,,1.0596771,657.1875,1428.75,,0.9020906,forward,149.77611789108212,1,493.125,997.5,,1.01302,455.625,1194.375,,1.0294247,441.5625,1377.1875,,1.0694613,422.8125,1442.8125,,0.9244977,forward,145.8324048778315,1
397,13.246566666666666,192.74282455444336,591.5625,997.5,,1.0027881,619.6875,1189.6875,,1.0175772,638.4375,1377.1875,,1.0566444,657.1875,1428.75,,0.8976036,forward,149.77611789108212,1,493.125,997.5,,1.0092418,455.625,1194.375,,1.0262035,441.5625,1377.1875,,1.0668075,427.5,1442.8125,,0.91805005,forward,145.8324048778315,1
398,13.279933333333334,193.53389739990234,591.5625,997.5,,1.0108942,619.6875,1189.6875,,1.025071,638.4375,1377.1875,,1.0551691,661.875,1433.4375,,0.9177518,forward,149.77611789108212,1,493.125,1002.1875,,1.0178335,460.3125,1194.375,,1.0304039,441.5625,1377.1875,,1.0661545,422.8125,1442.8125,,0.9355252,forward,140.66970206994822,1
399,13.3133,192.92402267456055,591.5625,997.5,,1.0109351,619.6875,1189.6875,,1.0265052,638.4375,1377.1875,,1.0523978,661.875,1433.4375,,0.91891,forward,149.77611789108212,1,493.125,1002.1875,,1.0180777,460.3125,1194.375,,1.0327339,441.5625,1377.1875,,1.0642998,422.8125,1442.8125,,0.9352975,forward,140.66970206994822,1
400,13.346666666666668,188.9059543609619,591.5625,997.5,,1.0130371,624.375,1189.6875,,1.0278598,638.4375,1377.1875,,1.0535176,657.1875,1433.4375,,0.9170991,forward,149.77611789108212,1,493.125,997.5,,1.0209539,460.3125,1194.375,,1.0307834,441.5625,1377.1875,,1.0681572,427.5,1442.8125,,0.9314023,forward,145.8324048778315,1
401,13.380033333333333,186.10501289367676,591.5625,997.5,,1.0196381,624.375,1189.6875,,1.028743,638.4375,1377.1875,,1.0515468,657.1875,1433.4375,,0.91752976,forward,149.77611789108212,1,493.125,997.5,,1.0289922,460.3125,1189.6875,,1.033287,441.5625,1377.1875,,1.0675671,427.5,1442.8125,,0.93275976,forward,144.70370568302275,1
402,13.413400000000001,187.34502792358398,591.5625,997.5,,1.0173665,624.375,1189.6875,,1.0193837,638.4375,1372.5,,1.0488294,661.875,1428.75,,0.92101884,forward,144.48673901836764,1,493.125,1002.1875,,1.0261723,460.3125,1189.6875,,1.0263505,441.5625,1377.1875,,1.0601271,427.5,1442.8125,,0.9362731,forward,140.71831007786358,1
403,13.446766666666667,188.49682807922363,596.25,997.5,,1.0133483,629.0625,1189.6875,,1.0109925,638.4375,1372.5,,1.0472251,657.1875,1428.75,,0.91026354,forward,144.48673901836764,1,493.125,1002.1875,,1.0252568,455.625,1189.6875,,1.0187471,441.5625,1377.1875,,1.0577917,422.8125,1442.8125,,0.9282824,forward,140.71831007786358,1
404,13.480133333333333,192.20209121704102,596.25,997.5,,1.0059389,629.0625,1189.6875,,1.0001796,638.4375,1372.5,,1.0422436,661.875,1428.75,,0.9085321,forward,144.48673901836764,1,493.125,1002.1875,,1.0194383,455.625,1189.6875,,1.0094322,441.5625,1377.1875,,1.0469974,422.8125,1442.8125,,0.92496043,forward,140.71831007786358,1
405,13.5135,191.69998168945312,596.25,997.5,,0.9835119,629.0625,1185.0,,0.9848151,638.4375,1372.5,,1.0299269,661.875,1433.4375,,0.8887934,forward,145.79072228592298,1,493.125,1002.1875,,0.993847,455.625,1189.6875,,0.9886751,441.5625,1372.5,,1.026764,422.8125,1442.8125,,0.90093225,forward,136.68430646478907,1
406,13.546866666666666,189.53895568847656,596.25,997.5,,0.9672727,633.75,1189.6875,,0.9720738,638.4375,1372.5,,1.0163628,661.875,1433.4375,,0.87492406,forward,144.48673901836764,1,493.125,1002.1875,,0.97638273,455.625,1189.6875,,0.9746737,446.25,1372.5,,1.0158377,422.8125,1447.5,,0.8943714,forward,136.68430646478907,1
407,13.580233333333334,186.9797706604004,596.25,1002.1875,,0.97115237,633.75,1189.6875,,0.9711061,638.4375,1367.8125,,1.0145617,661.875,1433.4375,,0.8637958,forward,136.41693094478597,1,493.125,1002.1875,,0.98330915,450.9375,1189.6875,,0.97866654,446.25,1372.5,,1.0158494,422.8125,1447.5,,0.8852236,forward,136.68430646478907,1
408,13.6136,192.82102584838867,596.25,1002.1875,,0.95201147,633.75,1189.6875,,0.9549822,638.4375,1367.8125,,0.998819,661.875,1433.4375,,0.8522805,forward,136.41693094478597,1,497.8125,1002.1875,,0.9648185,450.9375,1189.6875,,0.95992124,446.25,1372.5,,1.0018536,418.125,1447.5,,0.87179816,forward,136.68430646478907,1
409,13.646966666666668,191.45607948303223,596.25,1006.875,,0.96500945,638.4375,1194.375,,0.956659,638.4375,1367.8125,,1.0003666,661.875,1438.125,,0.84815246,forward,132.95163773545568,1,497.8125,1011.5625,,0.9814638,446.25,1189.6875,,0.9555242,446.25,1372.5,,1.0033069,418.125,1447.5,,0.88101244,forward,130.3077344763458,1
410,13.680333333333333,189.60118293762207,596.25,1011.5625,,0.96151626,638.4375,1194.375,,0.9577177,638.4375,1372.5,,0.9993106,661.875,1438.125,,0.83650315,forward,133.03668057561148,1,497.8125,1011.5625,,0.97675484,446.25,1189.6875,,0.956244,446.25,1372.5,,0.9966868,418.125,1447.5,,0.8732749,forward,130.3077344763458,1
411,13.713700000000001,192.41881370544434,596.25,1016.25,,0.9529641,638.4375,1194.375,,0.94244605,638.4375,1372.5,,0.98905146,666.5625,1438.125,,0.82679564,forward,130.0403589563427,1,497.8125,1016.25,,0.9710109,446.25,1194.375,,0.94112927,441.5625,1372.5,,0.98769844,418.125,1447.5,,0.8700773,forward,126.88576318489882,1
412,13.747066666666667,193.63021850585938,596.25,1020.9375,,0.9611858,638.4375,1199.0625,,0.9497993,638.4375,1372.5,,0.99214906,666.5625,1438.125,,0.8433771,forward,126.57506574701239,1,497.8125,1020.9375,,0.9790768,446.25,1194.375,,0.94901955,446.25,1372.5,,1.0026248,418.125,1447.5,,0.88213515,forward,124.1600809818787,1
413,13.780433333333333,192.81482696533203,596.25,1020.9375,,0.97052145,638.4375,1194.375,,0.9523027,638.4375,1372.5,,0.9965357,666.5625,1433.4375,,0.8427635,forward,127.31467675332256,1,497.8125,1025.625,,0.98212266,441.5625,1194.375,,0.9466624,446.25,1372.5,,0.9981972,418.125,1447.5,,0.8828455,forward,121.63782516332088,1
414,13.8138,192.9950714111328,596.25,1025.625,,0.98121095,638.4375,1194.375,,0.95700186,638.4375,1372.5,,0.9989567,666.5625,1433.4375,,0.8509108,forward,124.79242093476473,1,497.8125,1025.625,,0.992375,441.5625,1199.0625,,0.958423,446.25,1372.5,,1.008058,418.125,1447.5,,0.8856866,forward,121.12630558125115,1
415,13.847166666666666,186.7508888244629,591.5625,1030.3125,,0.9737183,638.4375,1199.0625,,0.9548239,638.4375,1372.5,,0.99263597,666.5625,1438.125,,0.8531314,forward,121.32712772543445,1,497.8125,1030.3125,,0.9899148,441.5625,1199.0625,,0.96400166,441.5625,1372.5,,1.0093255,418.125,1447.5,,0.8904916,forward,118.60404976269332,1
416,13.880533333333334,186.43689155578613,596.25,1035.0,,0.9632809,638.4375,1199.0625,,0.94994926,638.4375,1372.5,,0.9886998,666.5625,1438.125,,0.8438072,forward,118.96455139348168,1,497.8125,1035.0,,0.9782904,441.5625,1199.0625,,0.9606707,441.5625,1372.5,,1.0083802,418.125,1442.8125,,0.87354505,forward,116.24147343074056,1
417,13.9139,187.8652572631836,596.25,1039.6875,,0.9601089,638.4375,1203.75,,0.95456034,638.4375,1372.5,,0.98332655,671.25,1433.4375,,0.83915246,forward,115.89189037546043,1,493.125,1039.6875,,0.9707569,441.5625,1203.75,,0.96870035,441.5625,1372.5,,0.9979177,418.125,1442.8125,,0.8778744,forward,113.48129517779095,1
418,13.947266666666668,189.63885307312012,596.25,1044.375,,0.9550258,638.4375,1203.75,,0.95027673,638.4375,1372.5,,0.98393714,671.25,1433.4375,,0.84299195,forward,113.65863695415976,1,493.125,1044.375,,0.9667767,441.5625,1203.75,,0.971582,441.5625,1372.5,,0.99908495,418.125,1442.8125,,0.8758888,forward,111.24804175649028,1
419,13.980633333333333,189.27693367004395,596.25,1049.0625,,0.9622098,643.125,1208.4375,,0.9615127,638.4375,1372.5,,0.9756859,666.5625,1433.4375,,0.8389768,forward,110.86261235421998,1,493.125,1053.75,,0.9737821,436.875,1213.125,,0.9806645,441.5625,1372.5,,1.001409,418.125,1442.8125,,0.8754407,forward,106.30019343157265,1
420,14.014000000000001,188.4622573852539,596.25,1053.75,,0.9606831,643.125,1208.4375,,0.9609824,638.4375,1372.5,,0.980042,671.25,1433.4375,,0.83666635,forward,108.73657579722112,1,493.125,1053.75,,0.97586083,436.875,1213.125,,0.98241293,441.5625,1372.5,,1.0004776,413.4375,1447.5,,0.87095666,forward,106.30019343157265,1
421,14.047366666666667,189.84103202819824,591.5625,1058.4375,,0.9614917,643.125,1208.4375,,0.95004076,638.4375,1372.5,,0.9914686,666.5625,1433.4375,,0.84548444,forward,106.70108622390438,1,493.125,1058.4375,,0.9759587,432.1875,1217.8125,,0.9858079,441.5625,1372.5,,1.0079665,413.4375,1447.5,,0.88503337,forward,104.03754766408466,1
422,14.080733333333333,188.83895874023438,591.5625,1063.125,,0.9631182,643.125,1208.4375,,0.94988835,633.75,1372.5,,0.9889958,666.5625,1433.4375,,0.84590894,forward,104.74318692168708,1,493.125,1063.125,,0.9764197,432.1875,1217.8125,,0.99054337,441.5625,1372.5,,1.009291,413.4375,1442.8125,,0.88209885,forward,101.9115111070858,1
423,14.1141,188.06195259094238,591.5625,1067.8125,,0.97163916,643.125,1213.125,,0.9637709,633.75,1372.5,,0.9867612,666.5625,1433.4375,,0.8376833,forward,102.15498005164669,1,493.125,1067.8125,,0.9825279,432.1875,1217.8125,,1.0017636,441.5625,1372.5,,1.0039673,413.4375,1442.8125,,0.8723104,forward,99.87602153376906,1
424,14.147466666666666,187.61706352233887,591.5625,1067.8125,,0.9671327,643.125,1213.125,,0.9696692,633.75,1372.5,,0.9870799,666.5625,1433.4375,,0.8491802,forward,102.15498005164669,1,493.125,1067.8125,,0.97971845,432.1875,1213.125,,0.9967662,441.5625,1372.5,,1.0093744,413.4375,1442.8125,,0.8755473,forward,100.18076799903976,1
425,14.180833333333334,189.49294090270996,591.5625,1072.5,,0.9596743,643.125,1213.125,,0.9688945,633.75,1372.5,,0.97552025,666.5625,1433.4375,,0.82676756,forward,100.26436233573675,1,493.125,1072.5,,0.9726992,432.1875,1217.8125,,0.9917792,441.5625,1377.1875,,0.99613273,413.4375,1442.8125,,0.8516618,forward,100.18076799903976,1
426,14.2142,188.3382797241211,591.5625,1077.1875,,0.9636661,643.125,1213.125,,0.973217,633.75,1372.5,,0.98381436,666.5625,1433.4375,,0.8405792,forward,98.43266514719123,1,493.125,1077.1875,,0.9725603,432.1875,1217.8125,,0.9940888,441.5625,1377.1875,,0.9996535,413.4375,1442.8125,,0.86421657,forward,98.29015028312982,1
427,14.247566666666668,188.1542205810547,586.875,1077.1875,,0.9603423,643.125,1217.8125,,0.97012424,633.75,1367.8125,,0.98669565,666.5625,1433.4375,,0.8443858,forward,95.54597420816299,1,493.125,1081.875,,0.96888036,427.5,1217.8125,,0.99446195,441.5625,1372.5,,0.99928534,413.4375,1442.8125,,0.8699533,forward,94.1958073270963,1
428,14.280933333333333,187.93702125549316,591.5625,1086.5625,,0.9658407,643.125,1222.5,,0.9772462,633.75,1372.5,,0.9787662,666.5625,1433.4375,,0.83989966,forward,93.71427701961747,1,493.125,1086.5625,,0.97322035,427.5,1217.8125,,0.99884963,441.5625,1372.5,,0.99031866,413.4375,1442.8125,,0.86711156,forward,92.41611744605163,1
429,14.314300000000001,189.76497650146484,591.5625,1091.25,,0.984741,643.125,1227.1875,,0.98656714,633.75,1372.5,,0.96809375,666.5625,1433.4375,,0.80796957,forward,91.53038395059033,1,493.125,1091.25,,0.99572295,427.5,1222.5,,1.0087845,441.5625,1377.1875,,0.9865665,413.4375,1442.8125,,0.8473253,forward,92.41611744605163,1
430,14.347666666666667,190.11616706848145,591.5625,1086.5625,,0.96209383,643.125,1222.5,,0.97104925,633.75,1372.5,,0.9716579,666.5625,1433.4375,,0.8335204,forward,93.71427701961747,1,497.8125,1086.5625,,0.97252154,427.5,1222.5,,0.999154,441.5625,1377.1875,,0.9897677,413.4375,1442.8125,,0.8658568,forward,94.1958073270963,1
431,14.381033333333333,189.77999687194824,591.5625,1095.9375,,0.97640693,643.125,1227.1875,,0.98380005,638.4375,1372.5,,0.96305496,666.5625,1433.4375,,0.81338763,forward,89.75069406954566,1,497.8125,1095.9375,,0.99287087,427.5,1227.1875,,1.0128307,441.5625,1377.1875,,0.9795921,413.4375,1442.8125,,0.8477634,forward,90.2617374363826,1
432,14.4144,190.27304649353027,586.875,1095.9375,,0.9717208,643.125,1227.1875,,0.98221,633.75,1372.5,,0.95898485,666.5625,1433.4375,,0.80325353,forward,89.75069406954566,1,493.125,1095.9375,,0.9883292,427.5,1227.1875,,1.010016,441.5625,1377.1875,,0.97941065,413.4375,1442.8125,,0.835568,forward,90.2617374363826,1
433,14.447766666666666,189.35799598693848,586.875,1095.9375,,0.96492434,643.125,1227.1875,,0.9702292,638.4375,1372.5,,0.9613319,666.5625,1433.4375,,0.8186986,forward,89.75069406954566,1,493.125,1095.9375,,0.97897255,427.5,1227.1875,,1.0037313,441.5625,1377.1875,,0.984897,413.4375,1442.8125,,0.85265756,forward,90.2617374363826,1
434,14.481133333333334,203.6910057067871,586.875,1095.9375,,0.95573586,643.125,1222.5,,0.9643134,633.75,1372.5,,0.9673575,666.5625,1433.4375,,0.82586825,forward,90.20112884979719,1,493.125,1095.9375,,0.9673945,427.5,1227.1875,,0.9953372,441.5625,1372.5,,0.9869716,413.4375,1442.8125,,0.8527187,forward,88.19873938563042,1
435,14.5145,192.8560733795166,591.5625,1095.9375,,0.9629563,643.125,1227.1875,,0.9733285,633.75,1372.5,,0.965341,666.5625,1433.4375,,0.8168982,forward,89.75069406954566,1,493.125,1095.9375,,0.97544837,427.5,1227.1875,,1.0012362,441.5625,1372.5,,0.988853,418.125,1442.8125,,0.84906065,forward,88.19873938563042,1
436,14.547866666666668,193.28927993774414,591.5625,1095.9375,,0.9783673,643.125,1227.1875,,0.98538035,638.4375,1372.5,,0.9647884,661.875,1433.4375,,0.8144431,forward,89.75069406954566,1,493.125,1095.9375,,0.9935593,427.5,1227.1875,,1.0121717,441.5625,1377.1875,,0.9867465,418.125,1442.8125,,0.85009587,forward,90.2617374363826,1
437,14.581233333333333,194.1661834716797,591.5625,1091.25,,0.97206414,643.125,1227.1875,,0.98361135,638.4375,1372.5,,0.9567822,666.5625,1433.4375,,0.79035217,forward,91.53038395059033,1,493.125,1091.25,,0.98675555,427.5,1227.1875,,1.0090824,441.5625,1377.1875,,0.9790503,413.4375,1442.8125,,0.82987845,forward,92.04142731742728,1
438,14.614600000000001,189.16916847229004,591.5625,1091.25,,0.9762379,643.125,1227.1875,,0.9853046,638.4375,1372.5,,0.962833,666.5625,1433.4375,,0.80092776,forward,91.53038395059033,1,493.125,1091.25,,0.9890529,427.5,1222.5,,1.0065103,441.5625,1377.1875,,0.9871975,418.125,1442.8125,,0.83273196,forward,92.41611744605163,1
439,14.647966666666667,186.85483932495117,591.5625,1081.875,,0.9648808,643.125,1217.8125,,0.98125064,638.4375,1372.5,,0.9743,666.5625,1433.4375,,0.8302785,forward,96.00749977893005,1,493.125,1081.875,,0.97450423,427.5,1217.8125,,0.99764895,441.5625,1377.1875,,0.99294865,413.4375,1442.8125,,0.85581493,forward,96.4584530945843,1
440,14.681333333333333,188.3678436279297,591.5625,1072.5,,0.95867884,643.125,1217.8125,,0.9793756,633.75,1372.5,,0.9790138,661.875,1433.4375,,0.81745684,forward,99.72981468338551,1,493.125,1072.5,,0.96982217,427.5,1217.8125,,0.9970453,441.5625,1377.1875,,0.99767005,418.125,1442.8125,,0.8439938,forward,100.18076799903976,1
441,14.7147,187.39795684814453,591.5625,1067.8125,,0.9693645,643.125,1213.125,,0.9733905,633.75,1372.5,,0.97275174,666.5625,1433.4375,,0.80213225,forward,102.15498005164669,1,493.125,1072.5,,0.9814313,427.5,1213.125,,1.002775,441.5625,1377.1875,,0.9965744,413.4375,1442.8125,,0.8231299,forward,100.68340497344442,1
442,14.748066666666666,189.43214416503906,591.5625,1063.125,,0.9642732,643.125,1208.4375,,0.969867,633.75,1372.5,,0.9844647,666.5625,1433.4375,,0.82865983,forward,104.74318692168708,1,493.125,1063.125,,0.977805,432.1875,1208.4375,,1.0011172,441.5625,1377.1875,,1.0016813,418.125,1442.8125,,0.85157835,forward,105.12861632395739,1
443,14.781433333333334,205.0004005432129,591.5625,1053.75,,0.9537306,643.125,1203.75,,0.972924,633.75,1372.5,,0.994071,666.5625,1433.4375,,0.83923817,forward,109.49711082384417,1,493.125,1053.75,,0.97197974,432.1875,1208.4375,,0.9928343,446.25,1372.5,,1.0081867,413.4375,1442.8125,,0.86347735,forward,106.5674115648884,1
444,14.8148,186.93184852600098,596.25,1044.375,,0.9578731,638.4375,1199.0625,,0.9740507,633.75,1372.5,,0.9936454,666.5625,1433.4375,,0.8427105,forward,114.60526141518216,1,493.125,1049.0625,,0.9808059,432.1875,1203.75,,0.9910079,446.25,1372.5,,1.0077786,413.4375,1442.8125,,0.866197,forward,109.12200519949143,1
445,14.848166666666668,188.58599662780762,591.5625,1035.0,,0.97407186,638.4375,1203.75,,0.97277725,633.75,1372.5,,0.9826609,666.5625,1433.4375,,0.8242748,forward,118.2544667074132,1,493.125,1035.0,,0.9910312,432.1875,1203.75,,0.99336255,441.5625,1372.5,,0.9989276,413.4375,1442.8125,,0.8493284,forward,115.84387150974372,1
446,14.881533333333334,209.86104011535645,596.25,1030.3125,,0.95889497,638.4375,1194.375,,0.96017146,633.75,1372.5,,0.9928386,666.5625,1433.4375,,0.8356378,forward,122.42984460281197,1,493.125,1030.3125,,0.9822862,436.875,1194.375,,0.98306763,446.25,1372.5,,1.0065382,418.125,1442.8125,,0.8543441,forward,119.27524883136812,1
447,14.9149,204.8020362854004,591.5625,1020.9375,,0.96093297,633.75,1194.375,,0.96022487,633.75,1372.5,,0.99306154,666.5625,1433.4375,,0.83502346,forward,127.31467675332256,1,493.125,1020.9375,,0.98057103,436.875,1189.6875,,0.97361183,446.25,1372.5,,1.0014273,418.125,1442.8125,,0.8517944,forward,125.05979645476785,1
448,14.948266666666667,188.21310997009277,591.5625,1016.25,,0.96442854,633.75,1189.6875,,0.96434116,633.75,1372.5,,1.0004305,666.5625,1433.4375,,0.8258306,forward,131.3990892217451,1,488.4375,1016.25,,0.98238266,436.875,1189.6875,,0.9747677,446.25,1372.5,,1.0017682,418.125,1442.8125,,0.8433058,forward,127.58205227332567,1
449,14.981633333333333,188.38882446289062,591.5625,1006.875,,0.9437663,629.0625,1189.6875,,0.95472234,633.75,1372.5,,0.99353385,666.5625,1433.4375,,0.82663006,forward,137.121093044034,1,488.4375,1011.5625,,0.961922,441.5625,1189.6875,,0.96571696,441.5625,1372.5,,0.99682343,418.125,1442.8125,,0.84271383,forward,130.3077344763458,1
450,15.015,190.63806533813477,591.5625,1002.1875,,0.9491679,629.0625,1185.0,,0.9565958,633.75,1372.5,,0.99586415,661.875,1433.4375,,0.83049756,forward,142.4104719167485,1,488.4375,1002.1875,,0.9666902,441.5625,1185.0,,0.96276236,441.5625,1372.5,,0.9942007,418.125,1442.8125,,0.84764916,forward,137.33805970868912,1
451,15.048366666666666,191.07484817504883,591.5625,997.5,,0.94817734,624.375,1185.0,,0.9610365,633.75,1372.5,,0.9953352,661.875,1433.4375,,0.8305218,forward,145.79072228592298,1,488.4375,1002.1875,,0.96232945,446.25,1180.3125,,0.96211946,441.5625,1372.5,,0.99510753,422.8125,1442.8125,,0.8481038,forward,139.56661478105997,1
452,15.081733333333334,190.17291069030762,591.5625,997.5,,0.9512714,624.375,1185.0,,0.96464455,633.75,1372.5,,0.9997504,661.875,1433.4375,,0.8342527,forward,145.79072228592298,1,488.4375,997.5,,0.9636903,446.25,1180.3125,,0.97091913,441.5625,1372.5,,0.9993397,422.8125,1442.8125,,0.84580266,forward,142.56293640032877,1
453,15.1151,190.74201583862305,591.5625,992.8125,,0.9566803,624.375,1185.0,,0.97058994,633.75,1372.5,,1.0053146,661.875,1433.4375,,0.85667914,forward,149.77611789108212,1,488.4375,997.5,,0.9670611,446.25,1180.3125,,0.9750303,441.5625,1372.5,,1.006566,422.8125,1442.8125,,0.86746216,forward,142.56293640032877,1
454,15.148466666666668,190.33193588256836,586.875,992.8125,,0.98076975,619.6875,1185.0,,0.9923903,633.75,1372.5,,1.0246747,657.1875,1433.4375,,0.86950195,forward,149.77611789108212,1,488.4375,997.5,,0.99033654,450.9375,1185.0,,0.99623364,441.5625,1372.5,,1.0228156,422.8125,1442.8125,,0.87639844,forward,140.71831007786358,1
455,15.181833333333334,189.7730827331543,586.875,992.8125,,0.9830058,619.6875,1185.0,,0.9983537,638.4375,1372.5,,1.0252497,657.1875,1433.4375,,0.8731354,forward,149.77611789108212,1,488.4375,992.8125,,0.9920017,450.9375,1180.3125,,0.9997065,441.5625,1372.5,,1.0266461,427.5,1442.8125,,0.8740593,forward,145.94318676950326,1
456,15.2152,193.7708854675293,586.875,997.5,,1.0019178,619.6875,1189.6875,,1.0105044,638.4375,1372.5,,1.0383084,657.1875,1433.4375,,0.89818466,forward,144.48673901836764,1,488.4375,997.5,,1.009437,450.9375,1185.0,,1.0136269,441.5625,1372.5,,1.045811,427.5,1442.8125,,0.89522016,forward,140.71831007786358,1
457,15.248566666666667,233.50095748901367,586.875,997.5,,1.0100617,619.6875,1189.6875,,1.0145612,638.4375,1372.5,,1.0445099,657.1875,1433.4375,,0.9020436,forward,144.48673901836764,1,488.4375,997.5,,1.0156415,455.625,1185.0,,1.0185,441.5625,1377.1875,,1.0527022,427.5,1442.8125,,0.8973863,forward,145.94318676950326,1
458,15.281933333333333,199.26190376281738,586.875,997.5,,1.0011412,615.0,1189.6875,,1.0151712,638.4375,1372.5,,1.0446025,657.1875,1433.4375,,0.90597034,forward,144.48673901836764,1,488.4375,997.5,,1.0089635,455.625,1189.6875,,1.0179228,441.5625,1377.1875,,1.0546081,427.5,1442.8125,,0.8990586,forward,144.70370568302275,1
459,15.3153,193.09616088867188,586.875,997.5,,1.01162,615.0,1189.6875,,1.0245764,638.4375,1372.5,,1.0560055,657.1875,1428.75,,0.9040415,forward,144.48673901836764,1,488.4375,997.5,,1.0172518,455.625,1189.6875,,1.0238304,441.5625,1377.1875,,1.0641086,427.5,1442.8125,,0.8978128,forward,144.70370568302275,1
460,15.348666666666666,193.02773475646973,586.875,997.5,,1.0138402,615.0,1189.6875,,1.0282916,638.4375,1377.1875,,1.058456,657.1875,1428.75,,0.91430414,forward,149.77611789108212,1,483.75,997.5,,1.0194312,455.625,1189.6875,,1.028472,441.5625,1377.1875,,1.0657315,427.5,1438.125,,0.9121485,forward,144.70370568302275,1
461,15.382033333333334,193.59898567199707,586.875,997.5,,1.0114646,615.0,1189.6875,,1.0280905,638.4375,1377.1875,,1.0587058,657.1875,1428.75,,0.91541505,forward,149.77611789108212,1,483.75,997.5,,1.0136442,455.625,1189.6875,,1.0276972,441.5625,1377.1875,,1.0684593,427.5,1442.8125,,0.91641176,forward,144.70370568302275,1
462,15.4154,190.64688682556152,582.1875,997.5,,1.0058899,615.0,1189.6875,,1.024571,638.4375,1377.1875,,1.0533203,657.1875,1428.75,,0.9043069,forward,149.77611789108212,1,483.75,997.5,,1.0077556,455.625,1189.6875,,1.0252337,441.5625,1377.1875,,1.066129,427.5,1438.125,,0.90531766,forward,144.70370568302275,1
463,15.448766666666668,186.4016056060791,582.1875,997.5,,1.0100163,610.3125,1189.6875,,1.0290167,638.4375,1377.1875,,1.0587969,657.1875,1428.75,,0.89948976,forward,149.77611789108212,0,483.75,997.5,,1.0109382,455.625,1189.6875,,1.029972,441.5625,1377.1875,,1.0712665,427.5,1438.125,,0.90695083,forward,144.70370568302275,1
464,15.482133333333334,196.76899909973145,582.1875,997.5,,1.0074865,610.3125,1189.6875,,1.0263765,638.4375,1372.5,,1.0588179,657.1875,1428.75,,0.9090197,forward,144.48673901836764,0,483.75,997.5,,1.0066099,455.625,1189.6875,,1.0232495,441.5625,1377.1875,,1.0670261,422.8125,1442.8125,,0.91588604,forward,144.70370568302275,1
465,15.5155,193.8788890838623,582.1875,997.5,,1.0026565,615.0,1189.6875,,1.024075,638.4375,1372.5,,1.057215,657.1875,1428.75,,0.9134289,forward,144.48673901836764,1,483.75,997.5,,1.0014873,455.625,1189.6875,,1.0218132,441.5625,1377.1875,,1.0678532,422.8125,1442.8125,,0.9193437,forward,144.70370568302275,1
466,15.548866666666667,192.30103492736816,586.875,997.5,,1.0038403,615.0,1194.375,,1.0232246,638.4375,1372.5,,1.0552624,657.1875,1433.4375,,0.90378934,forward,145.5650293578284,1,483.75,997.5,,1.0035286,455.625,1194.375,,1.02074,441.5625,1377.1875,,1.0699056,422.8125,1442.8125,,0.91584265,forward,145.8324048778315,1
467,15.582233333333333,195.7070827484131,586.875,997.5,,1.0060973,615.0,1194.375,,1.0237651,638.4375,1372.5,,1.056937,657.1875,1433.4375,,0.89846677,forward,145.5650293578284,1,488.4375,997.5,,1.0073992,455.625,1194.375,,1.020366,441.5625,1377.1875,,1.0748837,427.5,1442.8125,,0.91007924,forward,145.8324048778315,1
468,15.6156,198.7321376800537,586.875,997.5,,1.0002389,615.0,1189.6875,,1.0244527,638.4375,1372.5,,1.0581983,657.1875,1433.4375,,0.880196,forward,144.48673901836764,1,488.4375,997.5,,1.0045692,455.625,1194.375,,1.0242226,441.5625,1377.1875,,1.0779068,427.5,1438.125,,0.8939633,forward,145.8324048778315,1
469,15.648966666666666,198.44698905944824,586.875,997.5,,1.0049877,615.0,1194.375,,1.0283049,638.4375,1372.5,,1.0655031,657.1875,1428.75,,0.88791144,forward,145.5650293578284,1,488.4375,997.5,,1.0094386,455.625,1194.375,,1.026095,441.5625,1377.1875,,1.0799134,427.5,1438.125,,0.89459205,forward,145.8324048778315,1
470,15.682333333333334,193.6488151550293,586.875,997.5,,1.0091416,615.0,1194.375,,1.0290997,638.4375,1372.5,,1.0665025,657.1875,1428.75,,0.8928562,forward,145.5650293578284,1,488.4375,992.8125,,1.0115175,455.625,1194.375,,1.0276403,441.5625,1377.1875,,1.0841253,427.5,1442.8125,,0.89851224,forward,158.21320675832698,1
471,15.7157,195.30200958251953,586.875,992.8125,,1.0047392,615.0,1189.6875,,1.026377,638.4375,1372.5,,1.0674088,657.1875,1428.75,,0.8978926,forward,149.64944182625092,1,488.4375,992.8125,,1.0075796,455.625,1194.375,,1.0260824,441.5625,1377.1875,,1.0798765,427.5,1442.8125,,0.8997344,forward,158.21320675832698,1
472,15.749066666666668,196.78068161010742,586.875,992.8125,,1.0090085,615.0,1189.6875,,1.0312675,638.4375,1372.5,,1.0740073,657.1875,1428.75,,0.8887236,forward,149.64944182625092,1,488.4375,992.8125,,1.0133722,455.625,1189.6875,,1.03282,441.5625,1377.1875,,1.084785,427.5,1438.125,,0.89352,forward,149.866408490906,1
473,15.782433333333334,194.2880153656006,586.875,992.8125,,1.0119166,615.0,1189.6875,,1.03143,638.4375,1372.5,,1.0754861,657.1875,1428.75,,0.9016798,forward,149.64944182625092,1,488.4375,992.8125,,1.0160927,455.625,1189.6875,,1.0350121,441.5625,1377.1875,,1.0884589,427.5,1438.125,,0.9038927,forward,149.866408490906,1
474,15.8158,196.07806205749512,591.5625,992.8125,,1.0133325,615.0,1189.6875,,1.0273285,638.4375,1372.5,,1.0720196,657.1875,1428.75,,0.90628195,forward,149.64944182625092,0,488.4375,992.8125,,1.0166415,455.625,1189.6875,,1.0321517,441.5625,1377.1875,,1.0859122,427.5,1442.8125,,0.91532755,forward,149.866408490906,1
475,15.849166666666667,194.89693641662598,591.5625,992.8125,,1.011228,619.6875,1189.6875,,1.0267589,638.4375,1372.5,,1.0709624,657.1875,1428.75,,0.90344095,forward,149.64944182625092,1,493.125,992.8125,,1.0141555,455.625,1194.375,,1.0326254,441.5625,1377.1875,,1.0878289,427.5,1442.8125,,0.9172907,forward,158.21320675832698,1
476,15.882533333333333,193.7570571899414,591.5625,992.8125,,1.0074327,619.6875,1189.6875,,1.023637,638.4375,1372.5,,1.0669205,657.1875,1428.75,,0.88321733,forward,149.64944182625092,1,493.125,992.8125,,1.0120003,455.625,1189.6875,,1.0316614,441.5625,1377.1875,,1.0869406,427.5,1438.125,,0.8905966,forward,149.866408490906,1
477,15.9159,193.97497177124023,591.5625,997.5,,1.0080636,619.6875,1189.6875,,1.0229543,638.4375,1372.5,,1.061374,657.1875,1428.75,,0.90204525,forward,144.48673901836764,1,488.4375,997.5,,1.0120984,455.625,1189.6875,,1.0278387,441.5625,1377.1875,,1.0774437,427.5,1442.8125,,0.91634846,forward,144.70370568302275,1
478,15.949266666666666,194.16093826293945,591.5625,997.5,,1.0072783,619.6875,1189.6875,,1.0210311,638.4375,1377.1875,,1.0586925,657.1875,1428.75,,0.9015194,forward,149.77611789108212,1,493.125,997.5,,1.0125302,455.625,1194.375,,1.0277731,441.5625,1377.1875,,1.076463,427.5,1442.8125,,0.9132092,forward,145.8324048778315,1
479,15.982633333333334,193.62568855285645,591.5625,997.5,,1.0082598,619.6875,1189.6875,,1.026511,638.4375,1377.1875,,1.0573466,657.1875,1428.75,,0.90821934,forward,149.77611789108212,1,493.125,997.5,,1.0129915,455.625,1194.375,,1.0308552,441.5625,1377.1875,,1.0724041,427.5,1442.8125,,0.92374885,forward,145.8324048778315,1
480,16.016000000000002,187.41297721862793,591.5625,997.5,,1.0072529,619.6875,1189.6875,,1.0285302,638.4375,1377.1875,,1.0573723,657.1875,1433.4375,,0.8967956,forward,149.77611789108212,1,493.125,997.5,,1.0142947,455.625,1189.6875,,1.0315897,441.5625,1377.1875,,1.0708073,427.5,1438.125,,0.9065297,forward,144.70370568302275,1
481,16.049366666666668,186.981201171875,591.5625,997.5,,1.0136993,619.6875,1189.6875,,1.0306298,638.4375,1377.1875,,1.0556602,657.1875,1433.4375,,0.910751,forward,149.77611789108212,1,493.125,997.5,,1.0187805,455.625,1189.6875,,1.0279177,441.5625,1377.1875,,1.0704559,422.8125,1442.8125,,0.92430216,forward,144.70370568302275,1
482,16.082733333333334,191.8489933013916,591.5625,997.5,,1.0196775,624.375,1189.6875,,1.0286053,638.4375,1377.1875,,1.0585814,657.1875,1428.75,,0.9186108,forward,149.77611789108212,1,493.125,997.5,,1.0216589,455.625,1189.6875,,1.0256047,441.5625,1377.1875,,1.0683439,422.8125,1442.8125,,0.93390894,forward,144.70370568302275,1
483,16.1161,193.09282302856445,591.5625,997.5,,1.0177414,629.0625,1189.6875,,1.0230949,638.4375,1377.1875,,1.0551288,657.1875,1428.75,,0.91287524,forward,149.77611789108212,1,493.125,997.5,,1.0204821,455.625,1189.6875,,1.0220823,441.5625,1377.1875,,1.0656793,422.8125,1442.8125,,0.9327826,forward,144.70370568302275,1
484,16.149466666666665,190.92202186584473,591.5625,997.5,,1.0159775,629.0625,1189.6875,,1.0165902,638.4375,1377.1875,,1.0525322,657.1875,1428.75,,0.90159166,forward,149.77611789108212,1,493.125,997.5,,1.0229075,455.625,1189.6875,,1.0206621,441.5625,1377.1875,,1.0641615,422.8125,1442.8125,,0.92098105,forward,144.70370568302275,1
485,16.182833333333335,187.66212463378906,596.25,997.5,,1.0062546,633.75,1189.6875,,1.0051699,638.4375,1372.5,,1.0442765,661.875,1433.4375,,0.91208094,forward,144.48673901836764,1,493.125,1002.1875,,1.0126024,450.9375,1189.6875,,1.009692,441.5625,1377.1875,,1.0491998,422.8125,1442.8125,,0.9290751,forward,140.71831007786358,1
486,16.2162,193.10998916625977,596.25,997.5,,0.99940926,633.75,1189.6875,,0.99669236,638.4375,1372.5,,1.0347047,661.875,1433.4375,,0.9019383,forward,144.48673901836764,1,493.125,1002.1875,,1.0095738,450.9375,1189.6875,,1.0025116,441.5625,1377.1875,,1.041918,422.8125,1442.8125,,0.9194529,forward,140.71831007786358,1
487,16.249566666666666,192.30985641479492,596.25,1002.1875,,0.9798642,633.75,1189.6875,,0.9801346,638.4375,1372.5,,1.0179592,657.1875,1433.4375,,0.88162285,forward,140.5013434132085,1,493.125,1002.1875,,0.98936653,446.25,1189.6875,,0.9826968,441.5625,1372.5,,1.0257096,422.8125,1447.5,,0.8992512,forward,136.68430646478907,1
488,16.282933333333332,191.53475761413574,596.25,1006.875,,0.98852766,633.75,1189.6875,,0.98458445,638.4375,1372.5,,1.0209825,657.1875,1433.4375,,0.8705809,forward,137.121093044034,1,493.125,1006.875,,0.99968517,446.25,1189.6875,,0.9885245,441.5625,1372.5,,1.0257516,418.125,1447.5,,0.89424765,forward,133.30405609561458,1
489,16.316300000000002,193.24707984924316,596.25,1011.5625,,0.9839748,638.4375,1194.375,,0.9803976,638.4375,1372.5,,1.0151894,661.875,1433.4375,,0.86544377,forward,133.03668057561148,1,493.125,1011.5625,,0.99796414,446.25,1189.6875,,0.9795884,441.5625,1372.5,,1.0215666,418.125,1447.5,,0.8900734,forward,130.3077344763458,1
490,16.349666666666668,187.2389316558838,596.25,1016.25,,0.98238224,638.4375,1194.375,,0.97371614,638.4375,1372.5,,1.0102246,661.875,1433.4375,,0.86317456,forward,130.0403589563427,1,493.125,1016.25,,0.99653375,441.5625,1189.6875,,0.9756429,441.5625,1372.5,,1.0145221,418.125,1447.5,,0.8913063,forward,127.58205227332567,1
491,16.383033333333334,187.72602081298828,596.25,1020.9375,,0.98732126,638.4375,1194.375,,0.97163975,638.4375,1372.5,,1.012921,666.5625,1433.4375,,0.86504537,forward,127.31467675332256,1,493.125,1020.9375,,0.99843735,441.5625,1189.6875,,0.9772186,441.5625,1372.5,,1.015294,418.125,1447.5,,0.89014584,forward,125.05979645476785,1
492,16.4164,189.71014022827148,596.25,1025.625,,0.9928868,638.4375,1194.375,,0.96812373,638.4375,1372.5,,1.0156964,661.875,1433.4375,,0.85812056,forward,124.79242093476473,1,493.125,1025.625,,1.006912,441.5625,1194.375,,0.98710763,441.5625,1372.5,,1.0204817,418.125,1442.8125,,0.8748851,forward,121.63782516332088,1
493,16.449766666666665,193.11189651489258,596.25,1030.3125,,0.98923314,643.125,1199.0625,,0.9676752,638.4375,1372.5,,1.01297,666.5625,1433.4375,,0.8560659,forward,121.32712772543445,1,493.125,1030.3125,,1.0018165,436.875,1194.375,,0.9791385,441.5625,1372.5,,1.0168339,418.125,1447.5,,0.8823713,forward,119.27524883136812,1
494,16.483133333333335,191.12825393676758,596.25,1035.0,,0.9855586,643.125,1203.75,,0.9681402,638.4375,1372.5,,1.000895,666.5625,1433.4375,,0.8491722,forward,118.2544667074132,1,493.125,1035.0,,0.99780387,436.875,1199.0625,,0.97789204,441.5625,1372.5,,1.0104644,418.125,1447.5,,0.879532,forward,116.24147343074056,1
495,16.5165,190.63496589660645,596.25,1035.0,,0.9932279,643.125,1203.75,,0.9692341,638.4375,1372.5,,0.99708277,666.5625,1433.4375,,0.84685,forward,118.2544667074132,1,493.125,1035.0,,1.006201,436.875,1203.75,,0.98286974,441.5625,1372.5,,1.0085534,418.125,1447.5,,0.874606,forward,115.84387150974372,1
496,16.549866666666667,195.18327713012695,596.25,1039.6875,,0.98407626,643.125,1203.75,,0.9649277,638.4375,1372.5,,1.0011935,666.5625,1433.4375,,0.857116,forward,115.89189037546043,1,493.125,1039.6875,,0.99835074,432.1875,1203.75,,0.98285705,441.5625,1372.5,,1.013995,418.125,1447.5,,0.8842331,forward,113.48129517779095,1
497,16.583233333333332,195.8010196685791,596.25,1044.375,,0.9701395,643.125,1208.4375,,0.95994234,638.4375,1372.5,,0.9926658,666.5625,1438.125,,0.8492017,forward,113.09586577552065,1,493.125,1044.375,,0.9873456,432.1875,1203.75,,0.9824915,441.5625,1372.5,,1.0101917,418.125,1447.5,,0.8751146,forward,111.24804175649028,1
498,16.616600000000002,188.8899803161621,596.25,1049.0625,,0.97278154,643.125,1208.4375,,0.9589173,638.4375,1372.5,,0.99641347,666.5625,1438.125,,0.8452201,forward,110.86261235421998,1,493.125,1049.0625,,0.9873961,432.1875,1208.4375,,0.9840956,441.5625,1372.5,,1.0089546,418.125,1447.5,,0.87782323,forward,108.69344812188726,1
499,16.649966666666668,194.21887397766113,596.25,1049.0625,,0.9616941,643.125,1213.125,,0.9565511,638.4375,1372.5,,0.99162245,666.5625,1438.125,,0.8387579,forward,110.50765890548026,1,493.125,1049.0625,,0.9771171,432.1875,1208.4375,,0.98309743,441.5625,1372.5,,1.0063198,418.125,1447.5,,0.8760792,forward,108.69344812188726,1
500,16.683333333333334,187.391996383667,596.25,1053.75,,0.9612297,643.125,1213.125,,0.96439046,638.4375,1372.5,,0.9910546,666.5625,1433.4375,,0.8362571,forward,108.27440548417958,1,493.125,1053.75,,0.9760648,432.1875,1208.4375,,0.9885793,441.5625,1372.5,,1.0065124,413.4375,1447.5,,0.8700125,forward,106.5674115648884,1
501,16.7167,188.04502487182617,596.25,1053.75,,0.9591625,647.8125,1213.125,,0.9667272,638.4375,1372.5,,0.9946991,666.5625,1438.125,,0.8416233,forward,108.27440548417958,1,493.125,1053.75,,0.97262,427.5,1208.4375,,0.99183625,441.5625,1372.5,,1.0123321,413.4375,1442.8125,,0.87571824,forward,106.5674115648884,1
502,16.750066666666665,190.48500061035156,596.25,1063.125,,0.97360665,647.8125,1217.8125,,0.98143566,638.4375,1372.5,,0.9969435,666.5625,1438.125,,0.84254104,forward,103.72320355891955,1,488.4375,1063.125,,0.98796266,427.5,1208.4375,,1.0005813,441.5625,1372.5,,1.0142174,413.4375,1442.8125,,0.87633073,forward,102.57402268935436,1
503,16.783433333333335,191.80583953857422,591.5625,1063.125,,0.9740163,647.8125,1213.125,,0.97896594,638.4375,1372.5,,1.0000944,666.5625,1433.4375,,0.83184946,forward,104.11287935386399,1,488.4375,1063.125,,0.98683465,427.5,1213.125,,1.0014466,441.5625,1372.5,,1.0177132,413.4375,1442.8125,,0.86709535,forward,102.13866730125706,1
504,16.8168,191.01214408874512,591.5625,1067.8125,,0.9791906,647.8125,1222.5,,0.9915919,638.4375,1372.5,,0.9996346,666.5625,1438.125,,0.83280385,forward,101.42998079960697,1,488.4375,1067.8125,,0.9911169,427.5,1213.125,,1.0084915,441.5625,1372.5,,1.0169225,413.4375,1447.5,,0.86613166,forward,100.18076799903976,1
505,16.850166666666667,191.56885147094727,591.5625,1072.5,,0.9713923,647.8125,1222.5,,0.9910033,638.4375,1372.5,,1.0015571,666.5625,1433.4375,,0.8335824,forward,99.39449122629023,1,488.4375,1072.5,,0.9837876,422.8125,1217.8125,,1.0051378,441.5625,1372.5,,1.0192221,413.4375,1442.8125,,0.8620833,forward,97.91812223155176,1
506,16.883533333333332,197.23916053771973,591.5625,1072.5,,0.9702066,647.8125,1222.5,,0.9944808,638.4375,1372.5,,0.99100506,666.5625,1433.4375,,0.82324517,forward,99.39449122629023,1,488.4375,1077.1875,,0.9848404,422.8125,1217.8125,,1.0047483,441.5625,1372.5,,1.0115463,413.4375,1442.8125,,0.8578429,forward,96.02750451564182,1
507,16.916900000000002,192.1529769897461,591.5625,1081.875,,0.9850308,652.5,1222.5,,0.99549407,638.4375,1372.5,,0.9868705,666.5625,1433.4375,,0.81938744,forward,95.54597420816299,1,493.125,1081.875,,0.99857044,422.8125,1217.8125,,1.0067804,441.5625,1377.1875,,1.0083728,413.4375,1442.8125,,0.8517307,forward,96.4584530945843,1
508,16.950266666666668,187.7729892730713,591.5625,1081.875,,0.9845456,652.5,1222.5,,1.0011977,638.4375,1372.5,,0.9880554,666.5625,1433.4375,,0.82935745,forward,95.54597420816299,1,493.125,1081.875,,0.9978634,422.8125,1217.8125,,1.0102413,441.5625,1377.1875,,1.0081217,413.4375,1442.8125,,0.86517894,forward,96.4584530945843,1
509,16.983633333333334,187.3779296875,591.5625,1081.875,,0.9694695,652.5,1222.5,,0.9845303,638.4375,1372.5,,0.99077505,666.5625,1433.4375,,0.8229386,forward,95.54597420816299,1,493.125,1081.875,,0.9793829,422.8125,1217.8125,,0.99597096,441.5625,1372.5,,1.0072604,413.4375,1442.8125,,0.8586424,forward,94.1958073270963,1
510,17.017,190.385103225708,591.5625,1086.5625,,0.9859594,652.5,1222.5,,0.99332774,638.4375,1372.5,,0.9864726,666.5625,1433.4375,,0.82701135,forward,93.71427701961747,1,493.125,1086.5625,,0.9949527,422.8125,1217.8125,,1.0032477,441.5625,1372.5,,1.0018086,413.4375,1442.8125,,0.8647442,forward,92.41611744605163,1
511,17.050366666666665,192.16394424438477,591.5625,1086.5625,,0.9860529,652.5,1222.5,,0.99292886,638.4375,1372.5,,0.98674655,666.5625,1433.4375,,0.8311975,forward,93.71427701961747,1,493.125,1091.25,,0.9939984,422.8125,1217.8125,,1.0058701,441.5625,1372.5,,1.0011349,413.4375,1442.8125,,0.8664333,forward,90.68265915727602,1
512,17.083733333333335,191.62297248840332,591.5625,1091.25,,1.000703,652.5,1222.5,,1.0049127,638.4375,1372.5,,0.98778486,666.5625,1433.4375,,0.8277384,forward,91.9345871385728,1,493.125,1091.25,,1.0101343,422.8125,1222.5,,1.0160211,441.5625,1372.5,,0.99913466,413.4375,1442.8125,,0.8619819,forward,90.2617374363826,1
513,17.1171,191.96081161499023,586.875,1086.5625,,0.97784305,652.5,1217.8125,,0.9857142,638.4375,1372.5,,0.99553365,666.5625,1433.4375,,0.8413677,forward,94.22780989788538,1,493.125,1086.5625,,0.98392045,422.8125,1217.8125,,0.9988866,441.5625,1372.5,,1.0046785,413.4375,1442.8125,,0.87093115,forward,92.41611744605163,1
514,17.150466666666667,190.9470558166504,586.875,1091.25,,0.9996469,652.5,1222.5,,0.9984559,638.4375,1372.5,,0.99169165,666.5625,1433.4375,,0.8412615,forward,91.9345871385728,1,493.125,1091.25,,1.0086211,422.8125,1222.5,,1.0162411,441.5625,1372.5,,1.0016524,413.4375,1442.8125,,0.8712629,forward,90.2617374363826,1
515,17.183833333333332,190.3061866760254,586.875,1091.25,,0.9900528,652.5,1217.8125,,0.9936491,638.4375,1372.5,,0.9899384,666.5625,1433.4375,,0.83974934,forward,92.49435160910977,1,493.125,1091.25,,0.99980676,422.8125,1222.5,,1.0103954,441.5625,1372.5,,0.99995357,413.4375,1442.8125,,0.8694265,forward,90.2617374363826,1
516,17.217200000000002,190.83118438720703,586.875,1086.5625,,0.98398846,652.5,1217.8125,,0.9851942,638.4375,1372.5,,0.9913041,666.5625,1433.4375,,0.8415687,forward,94.22780989788538,1,493.125,1086.5625,,0.99124455,422.8125,1217.8125,,1.0046825,441.5625,1372.5,,1.003006,413.4375,1442.8125,,0.87230486,forward,92.41611744605163,1
517,17.250566666666668,191.20001792907715,591.5625,1081.875,,0.9647566,652.5,1222.5,,0.9797286,638.4375,1372.5,,0.9815544,666.5625,1433.4375,,0.82329905,forward,95.54597420816299,1,493.125,1081.875,,0.9714304,422.8125,1217.8125,,0.99243146,441.5625,1372.5,,1.002567,413.4375,1442.8125,,0.8503839,forward,94.1958073270963,1
518,17.283933333333334,190.82188606262207,591.5625,1077.1875,,0.9738506,652.5,1222.5,,0.99378806,638.4375,1372.5,,0.99504817,666.5625,1433.4375,,0.84148777,forward,97.43659192407293,1,493.125,1077.1875,,0.9813373,422.8125,1217.8125,,1.0032586,441.5625,1372.5,,1.0114242,413.4375,1442.8125,,0.8696896,forward,96.02750451564182,1
519,17.3173,191.81108474731445,591.5625,1072.5,,0.9715146,652.5,1222.5,,0.98728025,633.75,1372.5,,0.9854722,666.5625,1438.125,,0.8284936,forward,99.39449122629023,1,493.125,1072.5,,0.97898936,422.8125,1217.8125,,1.0064075,446.25,1372.5,,1.0062419,413.4375,1447.5,,0.8543705,forward,97.91812223155176,1
520,17.350666666666665,191.67613983154297,591.5625,1072.5,,0.97128534,652.5,1217.8125,,0.9841705,633.75,1367.8125,,0.99130166,666.5625,1433.4375,,0.8295067,forward,97.43659192407293,1,493.125,1072.5,,0.9789008,422.8125,1217.8125,,1.0040535,441.5625,1372.5,,1.0104065,413.4375,1442.8125,,0.8536445,forward,97.91812223155176,1
521,17.384033333333335,191.6041374206543,591.5625,1063.125,,0.9713613,652.5,1213.125,,0.9885644,633.75,1367.8125,,1.010484,666.5625,1438.125,,0.83807206,forward,101.68771398560281,1,493.125,1067.8125,,0.98533845,422.8125,1213.125,,1.0088582,446.25,1372.5,,1.0240382,413.4375,1447.5,,0.8565671,forward,100.18076799903976,1
522,17.4174,191.25103950500488,596.25,1063.125,,0.96907276,652.5,1217.8125,,0.98653543,633.75,1367.8125,,1.0085734,671.25,1438.125,,0.8435974,forward,101.42998079960697,1,493.125,1063.125,,0.9817718,422.8125,1213.125,,1.0020196,441.5625,1372.5,,1.0178094,413.4375,1442.8125,,0.8625981,forward,102.13866730125706,1
523,17.450766666666667,190.72794914245605,596.25,1053.75,,0.96605235,647.8125,1213.125,,0.98112726,633.75,1367.8125,,0.9912735,666.5625,1438.125,,0.835797,forward,105.8492401159184,1,493.125,1053.75,,0.984833,427.5,1208.4375,,1.0009267,441.5625,1377.1875,,1.0132827,413.4375,1442.8125,,0.86082864,forward,109.12200519949143,1
524,17.484133333333332,191.64490699768066,596.25,1044.375,,0.9650285,647.8125,1208.4375,,0.9719564,638.4375,1367.8125,,0.9940088,666.5625,1433.4375,,0.8404086,forward,110.50765890548026,1,493.125,1049.0625,,0.98450375,427.5,1203.75,,0.9973401,441.5625,1372.5,,1.0086106,413.4375,1442.8125,,0.8589599,forward,109.12200519949143,1
525,17.517500000000002,191.5609836578369,596.25,1039.6875,,0.96046203,643.125,1199.0625,,0.96541595,638.4375,1367.8125,,0.99759126,666.5625,1433.4375,,0.8396195,forward,113.65863695415976,1,493.125,1039.6875,,0.979391,432.1875,1199.0625,,0.9898511,441.5625,1372.5,,1.0080141,413.4375,1442.8125,,0.8498828,forward,114.00822000943988,1
526,17.550866666666668,191.41411781311035,596.25,1035.0,,0.961395,643.125,1194.375,,0.96504635,638.4375,1367.8125,,1.0060514,666.5625,1433.4375,,0.84909,forward,116.73129797218101,1,493.125,1035.0,,0.9809841,432.1875,1194.375,,0.9815022,441.5625,1372.5,,1.0143545,413.4375,1442.8125,,0.8437104,forward,117.04199541006744,1
527,17.584233333333334,191.1296844482422,596.25,1030.3125,,0.96295154,638.4375,1194.375,,0.96046007,638.4375,1367.8125,,0.9922869,671.25,1433.4375,,0.8365366,forward,118.96455139348168,1,493.125,1030.3125,,0.97958744,432.1875,1194.375,,0.97511005,441.5625,1372.5,,1.0062582,413.4375,1442.8125,,0.8429527,forward,119.27524883136812,1
528,17.6176,190.5829906463623,596.25,1020.9375,,0.95172936,638.4375,1189.6875,,0.95957136,638.4375,1367.8125,,0.9973335,671.25,1433.4375,,0.83968467,forward,124.79242093476473,1,493.125,1020.9375,,0.9695627,436.875,1194.375,,0.97112787,441.5625,1372.5,,1.002476,418.125,1442.8125,,0.8433462,forward,124.1600809818787,1
529,17.650966666666665,190.97208976745605,591.5625,1011.5625,,0.95311934,638.4375,1194.375,,0.95940745,638.4375,1367.8125,,0.9922309,666.5625,1428.75,,0.8307756,forward,129.5713873662812,1,488.4375,1011.5625,,0.9653708,436.875,1189.6875,,0.9682467,441.5625,1372.5,,0.993346,418.125,1442.8125,,0.8341943,forward,130.3077344763458,1
530,17.684333333333335,191.56289100646973,591.5625,1011.5625,,0.9715225,633.75,1189.6875,,0.9719256,638.4375,1367.8125,,1.0077795,661.875,1433.4375,,0.84964335,forward,130.0403589563427,1,488.4375,1011.5625,,0.98552865,436.875,1189.6875,,0.98167527,441.5625,1372.5,,1.0058647,418.125,1442.8125,,0.8487685,forward,130.3077344763458,1
531,17.7177,191.633939743042,591.5625,1006.875,,0.9553187,629.0625,1189.6875,,0.9644349,638.4375,1367.8125,,0.99997497,661.875,1433.4375,,0.84984624,forward,133.03668057561148,1,488.4375,1006.875,,0.96752656,441.5625,1185.0,,0.9729642,441.5625,1372.5,,0.99816406,418.125,1442.8125,,0.85079294,forward,134.3417380894203,1
532,17.751066666666667,191.11895561218262,591.5625,1002.1875,,0.95915043,629.0625,1185.0,,0.96890146,638.4375,1367.8125,,1.0082035,661.875,1433.4375,,0.85726094,forward,137.121093044034,1,488.4375,1006.875,,0.97245246,441.5625,1185.0,,0.9756826,441.5625,1372.5,,1.0075581,422.8125,1442.8125,,0.8485644,forward,134.3417380894203,1
533,17.784433333333332,191.6961669921875,591.5625,1002.1875,,0.95233333,629.0625,1189.6875,,0.9691256,638.4375,1372.5,,1.0066006,657.1875,1433.4375,,0.866451,forward,140.5013434132085,1,488.4375,1002.1875,,0.9624828,446.25,1185.0,,0.9714514,441.5625,1372.5,,1.0068032,422.8125,1442.8125,,0.85966426,forward,137.33805970868912,1
534,17.817800000000002,191.756010055542,591.5625,1002.1875,,0.98019755,624.375,1185.0,,0.98521966,633.75,1372.5,,1.0224745,657.1875,1433.4375,,0.88118714,forward,142.4104719167485,1,488.4375,1002.1875,,0.9910985,446.25,1180.3125,,0.99266607,441.5625,1372.5,,1.0276086,422.8125,1442.8125,,0.87453115,forward,139.56661478105997,1
535,17.851166666666668,192.51203536987305,591.5625,1002.1875,,0.98667,624.375,1189.6875,,0.99412155,638.4375,1372.5,,1.0248346,661.875,1433.4375,,0.8897352,forward,140.5013434132085,1,488.4375,1002.1875,,0.99429864,446.25,1185.0,,0.9977659,441.5625,1377.1875,,1.0343156,422.8125,1442.8125,,0.8893299,forward,142.56293640032877,1
536,17.884533333333334,198.93407821655273,586.875,1002.1875,,1.0049597,624.375,1185.0,,1.0068959,638.4375,1372.5,,1.0350082,657.1875,1433.4375,,0.8996569,forward,142.4104719167485,1,488.4375,1002.1875,,1.0129702,446.25,1189.6875,,1.0130181,441.5625,1377.1875,,1.0453892,422.8125,1442.8125,,0.8975549,forward,140.71831007786358,1
537,17.9179,193.0868625640869,586.875,1002.1875,,1.00078,619.6875,1189.6875,,1.0063951,638.4375,1372.5,,1.0331795,657.1875,1433.4375,,0.90192735,forward,140.5013434132085,1,488.4375,1002.1875,,1.0083977,450.9375,1189.6875,,1.0136428,441.5625,1377.1875,,1.046865,422.8125,1442.8125,,0.89989674,forward,140.71831007786358,1
538,17.951266666666665,194.3531036376953,586.875,997.5,,1.0094755,619.6875,1189.6875,,1.0144374,638.4375,1377.1875,,1.0433998,657.1875,1428.75,,0.8853189,forward,149.77611789108212,1,488.4375,997.5,,1.0156139,455.625,1189.6875,,1.0248408,441.5625,1377.1875,,1.0590477,422.8125,1438.125,,0.88999057,forward,144.70370568302275,1
539,17.984633333333335,193.98188591003418,586.875,997.5,,1.0106091,619.6875,1189.6875,,1.015336,638.4375,1372.5,,1.045416,657.1875,1428.75,,0.8987943,forward,144.48673901836764,1,488.4375,997.5,,1.0161722,455.625,1189.6875,,1.0269445,441.5625,1377.1875,,1.0649215,422.8125,1442.8125,,0.9100599,forward,144.70370568302275,1
540,18.018,193.95875930786133,586.875,997.5,,1.0118301,615.0,1189.6875,,1.0182626,638.4375,1377.1875,,1.0583553,657.1875,1428.75,,0.904708,forward,149.77611789108212,1,488.4375,997.5,,1.0178921,455.625,1189.6875,,1.0267682,441.5625,1377.1875,,1.070956,422.8125,1442.8125,,0.91261303,forward,144.70370568302275,1
541,18.051366666666667,193.45617294311523,586.875,997.5,,1.0099778,615.0,1189.6875,,1.0183659,638.4375,1377.1875,,1.0571111,657.1875,1428.75,,0.90915024,forward,149.77611789108212,1,488.4375,1002.1875,,1.0175432,455.625,1189.6875,,1.0219939,441.5625,1377.1875,,1.0701873,422.8125,1442.8125,,0.91412866,forward,140.71831007786358,1
542,18.084733333333332,192.57092475891113,586.875,997.5,,1.0114485,615.0,1189.6875,,1.0206902,638.4375,1372.5,,1.0627053,657.1875,1428.75,,0.9027164,forward,144.48673901836764,1,488.4375,1002.1875,,1.0174415,455.625,1189.6875,,1.0241293,441.5625,1377.1875,,1.0727267,422.8125,1438.125,,0.90331864,forward,140.71831007786358,1
543,18.118100000000002,193.33720207214355,586.875,997.5,,1.0101361,615.0,1189.6875,,1.0211527,638.4375,1377.1875,,1.063733,657.1875,1428.75,,0.89971924,forward,149.77611789108212,1,488.4375,997.5,,1.0141878,455.625,1194.375,,1.0240985,441.5625,1377.1875,,1.0756857,422.8125,1438.125,,0.90359235,forward,145.8324048778315,1
544,18.151466666666668,192.95883178710938,586.875,997.5,,1.0096413,615.0,1189.6875,,1.0205027,638.4375,1377.1875,,1.0631077,657.1875,1428.75,,0.8944506,forward,149.77611789108212,1,488.4375,997.5,,1.0150952,455.625,1194.375,,1.024832,441.5625,1377.1875,,1.079561,422.8125,1438.125,,0.9048736,forward,145.8324048778315,1
545,18.184833333333334,192.55423545837402,586.875,997.5,,1.0174572,615.0,1194.375,,1.0243239,638.4375,1377.1875,,1.0620694,657.1875,1428.75,,0.9078166,forward,149.64944182625092,1,488.4375,997.5,,1.0206611,455.625,1194.375,,1.0294943,441.5625,1377.1875,,1.0847111,422.8125,1442.8125,,0.9196849,forward,145.8324048778315,1
546,18.2182,193.46094131469727,586.875,997.5,,1.0062765,615.0,1194.375,,1.0191026,638.4375,1377.1875,,1.0618532,657.1875,1428.75,,0.87987715,forward,149.64944182625092,1,488.4375,997.5,,1.0119004,455.625,1194.375,,1.02367,441.5625,1377.1875,,1.0837038,422.8125,1438.125,,0.8907412,forward,145.8324048778315,1
547,18.251566666666665,194.51904296875,586.875,997.5,,0.9998046,615.0,1194.375,,1.0207691,638.4375,1377.1875,,1.0623249,657.1875,1428.75,,0.8865587,forward,149.64944182625092,1,488.4375,997.5,,1.0060123,455.625,1194.375,,1.0230453,441.5625,1377.1875,,1.0825714,422.8125,1438.125,,0.8995957,forward,145.8324048778315,1
548,18.284933333333335,191.3738250732422,586.875,997.5,,1.000545,615.0,1194.375,,1.0202063,638.4375,1377.1875,,1.0643308,657.1875,1428.75,,0.87807846,forward,149.64944182625092,1,488.4375,997.5,,1.0067977,455.625,1194.375,,1.0238571,441.5625,1377.1875,,1.0847921,422.8125,1438.125,,0.8869757,forward,145.8324048778315,1
549,18.3183,188.05503845214844,586.875,997.5,,1.0017141,615.0,1194.375,,1.0214161,638.4375,1377.1875,,1.0650587,657.1875,1428.75,,0.88643,forward,149.64944182625092,1,488.4375,997.5,,1.0077035,455.625,1194.375,,1.0215714,441.5625,1377.1875,,1.0825138,422.8125,1438.125,,0.898556,forward,145.8324048778315,1
550,18.351666666666667,239.1040325164795,586.875,997.5,,0.9946616,615.0,1189.6875,,1.0130829,638.4375,1372.5,,1.0597905,657.1875,1428.75,,0.8718493,forward,144.48673901836764,1,488.4375,997.5,,0.99999416,455.625,1194.375,,1.015823,441.5625,1377.1875,,1.0763392,427.5,1438.125,,0.88050777,forward,145.8324048778315,1
551,18.385033333333332,237.17617988586426,586.875,997.5,,1.0042913,615.0,1189.6875,,1.0185764,638.4375,1377.1875,,1.0595928,657.1875,1428.75,,0.8806206,forward,149.77611789108212,1,488.4375,997.5,,1.0081917,455.625,1194.375,,1.0220634,441.5625,1377.1875,,1.0811548,427.5,1438.125,,0.89225274,forward,145.8324048778315,1
552,18.418400000000002,194.7629451751709,586.875,997.5,,1.0053608,615.0,1189.6875,,1.0205668,638.4375,1372.5,,1.0636733,657.1875,1428.75,,0.87726194,forward,144.48673901836764,1,488.4375,997.5,,1.0107474,455.625,1194.375,,1.0228386,441.5625,1377.1875,,1.0850117,427.5,1438.125,,0.8875547,forward,145.8324048778315,1
553,18.451766666666668,193.88103485107422,586.875,997.5,,1.0063621,615.0,1189.6875,,1.0204569,638.4375,1377.1875,,1.0570405,657.1875,1428.75,,0.8890215,forward,149.77611789108212,1,488.4375,997.5,,1.0098805,455.625,1194.375,,1.0209849,441.5625,1377.1875,,1.081403,422.8125,1438.125,,0.90078866,forward,145.8324048778315,1
554,18.485133333333334,195.2052116394043,586.875,997.5,,1.0038536,615.0,1189.6875,,1.023671,638.4375,1372.5,,1.0638055,657.1875,1428.75,,0.8888483,forward,144.48673901836764,1,488.4375,997.5,,1.009115,455.625,1189.6875,,1.0226362,441.5625,1377.1875,,1.0844935,427.5,1438.125,,0.8995694,forward,144.70370568302275,1
555,18.5185,194.76890563964844,586.875,997.5,,1.0031792,615.0,1189.6875,,1.0215739,638.4375,1372.5,,1.0623088,657.1875,1428.75,,0.8762586,forward,144.48673901836764,1,488.4375,997.5,,1.0079687,455.625,1189.6875,,1.021476,441.5625,1377.1875,,1.0852516,427.5,1438.125,,0.8874028,forward,144.70370568302275,1
556,18.551866666666665,203.11975479125977,586.875,997.5,,1.0087972,615.0,1189.6875,,1.017807,638.4375,1372.5,,1.0578257,657.1875,1428.75,,0.8867627,forward,144.48673901836764,1,488.4375,997.5,,1.0128329,455.625,1189.6875,,1.0167835,441.5625,1377.1875,,1.0798786,427.5,1438.125,,0.8997384,forward,144.70370568302275,1
557,18.585233333333335,197.2191333770752,586.875,997.5,,1.0093087,615.0,1189.6875,,1.0187541,638.4375,1377.1875,,1.0562341,657.1875,1428.75,,0.89212966,forward,149.77611789108212,1,488.4375,997.5,,1.0135145,455.625,1189.6875,,1.0171748,441.5625,1377.1875,,1.0813723,422.8125,1438.125,,0.90568537,forward,144.70370568302275,1
558,18.6186,188.40503692626953,586.875,997.5,,1.0127795,615.0,1189.6875,,1.0251981,638.4375,1377.1875,,1.0607151,657.1875,1428.75,,0.8942014,forward,149.77611789108212,1,488.4375,997.5,,1.01665,455.625,1189.6875,,1.0253003,441.5625,1377.1875,,1.0843315,422.8125,1438.125,,0.9035264,forward,144.70370568302275,1
559,18.651966666666667,190.35696983337402,586.875,997.5,,1.0163119,619.6875,1189.6875,,1.0233282,638.4375,1377.1875,,1.0581346,657.1875,1428.75,,0.89683163,forward,149.77611789108212,1,488.4375,997.5,,1.0194991,455.625,1189.6875,,1.0245527,441.5625,1377.1875,,1.0813782,422.8125,1438.125,,0.91131175,forward,144.70370568302275,1
560,18.685333333333332,188.7187957763672,586.875,1002.1875,,1.028433,619.6875,1189.6875,,1.0328391,638.4375,1377.1875,,1.0656042,657.1875,1428.75,,0.9103425,forward,145.79072228592298,1,488.4375,1002.1875,,1.0355086,455.625,1194.375,,1.0363436,441.5625,1377.1875,,1.0888507,422.8125,1438.125,,0.9257126,forward,140.66970206994822,1
561,18.718700000000002,190.24896621704102,586.875,997.5,,1.0183606,619.6875,1189.6875,,1.0293593,638.4375,1377.1875,,1.0577927,657.1875,1428.75,,0.9070949,forward,149.77611789108212,1,488.4375,1002.1875,,1.0229418,455.625,1189.6875,,1.0300099,441.5625,1377.1875,,1.075763,422.8125,1438.125,,0.9164916,forward,140.71831007786358,1
562,18.752066666666668,193.8321590423584,586.875,997.5,,1.0284959,624.375,1189.6875,,1.0287535,638.4375,1372.5,,1.0651574,657.1875,1428.75,,0.90879023,forward,144.48673901836764,1,488.4375,997.5,,1.0335798,455.625,1189.6875,,1.0329201,441.5625,1377.1875,,1.0830404,422.8125,1438.125,,0.91666615,forward,144.70370568302275,1
563,18.785433333333334,192.36493110656738,586.875,997.5,,1.0307999,629.0625,1189.6875,,1.023831,638.4375,1372.5,,1.0608689,657.1875,1428.75,,0.907673,forward,144.48673901836764,1,488.4375,997.5,,1.0361043,455.625,1189.6875,,1.0304075,441.5625,1377.1875,,1.073803,422.8125,1438.125,,0.917107,forward,144.70370568302275,1
564,18.8188,193.15791130065918,591.5625,997.5,,1.0194764,629.0625,1185.0,,1.0153202,638.4375,1372.5,,1.0554184,657.1875,1428.75,,0.9071281,forward,145.79072228592298,1,488.4375,997.5,,1.023829,455.625,1189.6875,,1.0200908,441.5625,1377.1875,,1.0608913,427.5,1442.8125,,0.915342,forward,144.70370568302275,1
565,18.852166666666665,188.95673751831055,591.5625,997.5,,1.0076083,633.75,1185.0,,1.0066422,638.4375,1372.5,,1.044186,657.1875,1433.4375,,0.90515286,forward,145.79072228592298,1,488.4375,1002.1875,,1.0157084,450.9375,1189.6875,,1.0096451,441.5625,1377.1875,,1.0509785,422.8125,1442.8125,,0.9202832,forward,140.71831007786358,1
566,18.885533333333335,189.8939609527588,591.5625,997.5,,0.99383056,633.75,1185.0,,0.9959694,638.4375,1372.5,,1.0316001,657.1875,1433.4375,,0.8865894,forward,145.79072228592298,1,493.125,1002.1875,,1.0027803,450.9375,1189.6875,,1.0000501,441.5625,1372.5,,1.0399888,422.8125,1442.8125,,0.8966509,forward,136.68430646478907,1
567,18.9189,190.748929977417,596.25,1002.1875,,0.9863496,633.75,1189.6875,,0.9865732,638.4375,1372.5,,1.0281042,657.1875,1433.4375,,0.87651217,forward,140.5013434132085,1,493.125,1006.875,,0.99812853,450.9375,1189.6875,,0.99270284,441.5625,1372.5,,1.0320652,422.8125,1442.8125,,0.88890135,forward,133.30405609561458,1
568,18.952266666666667,189.23616409301758,596.25,1002.1875,,0.9822506,633.75,1189.6875,,0.98771435,638.4375,1372.5,,1.0227016,661.875,1433.4375,,0.8673857,forward,140.5013434132085,1,497.8125,1006.875,,0.9944487,450.9375,1189.6875,,0.984463,446.25,1372.5,,1.0214252,422.8125,1442.8125,,0.8747287,forward,133.30405609561458,1
569,18.985633333333332,193.0370330810547,596.25,1006.875,,0.9746152,638.4375,1189.6875,,0.9764105,638.4375,1372.5,,1.0193667,661.875,1433.4375,,0.86646587,forward,137.121093044034,1,497.8125,1006.875,,0.98858786,446.25,1189.6875,,0.9734069,446.25,1372.5,,1.0152056,418.125,1447.5,,0.8819084,forward,133.30405609561458,1
570,19.019000000000002,190.5190944671631,596.25,1011.5625,,0.98130643,638.4375,1189.6875,,0.9757364,638.4375,1367.8125,,1.0245489,661.875,1438.125,,0.87921286,forward,130.0403589563427,1,497.8125,1011.5625,,0.9988805,446.25,1189.6875,,0.9732002,446.25,1372.5,,1.0246795,418.125,1442.8125,,0.89397126,forward,130.3077344763458,1
571,19.052366666666668,193.7580108642578,596.25,1011.5625,,0.9696807,638.4375,1189.6875,,0.9663774,638.4375,1367.8125,,1.0197371,666.5625,1438.125,,0.86777127,forward,130.0403589563427,1,497.8125,1016.25,,0.98939157,446.25,1189.6875,,0.9664447,446.25,1367.8125,,1.0137092,418.125,1442.8125,,0.88311315,forward,124.1600809818787,1
572,19.085733333333334,193.6631202697754,596.25,1016.25,,0.969159,643.125,1189.6875,,0.95603013,638.4375,1367.8125,,1.0165063,666.5625,1438.125,,0.8643113,forward,127.31467675332256,1,497.8125,1020.9375,,0.986671,446.25,1194.375,,0.958565,446.25,1372.5,,1.0135596,418.125,1447.5,,0.8844357,forward,124.1600809818787,1
573,19.1191,194.7031021118164,596.25,1020.9375,,0.96968913,643.125,1194.375,,0.9555478,638.4375,1372.5,,1.0054512,666.5625,1438.125,,0.8679904,forward,127.31467675332256,1,497.8125,1025.625,,0.98606527,441.5625,1199.0625,,0.9537809,441.5625,1372.5,,1.0032806,418.125,1447.5,,0.8817057,forward,121.12630558125115,1
574,19.152466666666665,193.6969757080078,596.25,1025.625,,0.96278787,643.125,1199.0625,,0.9459657,638.4375,1372.5,,1.0018398,666.5625,1438.125,,0.86727285,forward,123.84938354399227,1,497.8125,1025.625,,0.98233783,446.25,1199.0625,,0.94889313,446.25,1372.5,,1.0062062,418.125,1447.5,,0.8735459,forward,121.12630558125115,1
575,19.185833333333335,193.73798370361328,596.25,1030.3125,,0.9754808,643.125,1199.0625,,0.9568392,638.4375,1372.5,,1.0080186,666.5625,1438.125,,0.87837213,forward,121.32712772543445,1,497.8125,1030.3125,,0.9931513,441.5625,1199.0625,,0.96498406,441.5625,1372.5,,1.009589,418.125,1447.5,,0.8875929,forward,118.60404976269332,1
576,19.2192,193.27688217163086,596.25,1030.3125,,0.9751066,643.125,1199.0625,,0.95211035,638.4375,1372.5,,1.0053505,666.5625,1438.125,,0.8706764,forward,121.32712772543445,1,497.8125,1035.0,,0.99431,441.5625,1203.75,,0.9693931,441.5625,1372.5,,1.0085783,413.4375,1447.5,,0.8826647,forward,115.84387150974372,1
577,19.252566666666667,193.01605224609375,596.25,1039.6875,,0.98285913,647.8125,1208.4375,,0.96617347,638.4375,1372.5,,0.99194,671.25,1438.125,,0.86559105,forward,115.45844210747342,1,497.8125,1039.6875,,1.0001483,441.5625,1203.75,,0.97322965,441.5625,1372.5,,1.0007439,413.4375,1447.5,,0.8944489,forward,113.48129517779095,1
578,19.285933333333332,194.77081298828125,596.25,1039.6875,,0.9840733,647.8125,1213.125,,0.96431625,638.4375,1372.5,,0.9917308,671.25,1438.125,,0.86092246,forward,115.39249105599085,1,497.8125,1039.6875,,1.0002239,436.875,1208.4375,,0.97403455,441.5625,1372.5,,1.000294,413.4375,1447.5,,0.8857475,forward,113.2892778751407,1
579,19.319300000000002,193.47715377807617,596.25,1044.375,,0.9862075,647.8125,1213.125,,0.9660264,638.4375,1367.8125,,1.0051107,666.5625,1438.125,,0.8542985,forward,110.44506986917185,1,497.8125,1044.375,,1.0046358,436.875,1208.4375,,0.99375784,441.5625,1372.5,,1.0183709,413.4375,1442.8125,,0.8814526,forward,110.92670154318793,1
580,19.352666666666668,199.70297813415527,596.25,1049.0625,,0.9783664,647.8125,1217.8125,,0.9678476,638.4375,1367.8125,,0.9981419,666.5625,1438.125,,0.85777664,forward,108.15184710985926,1,502.5,1049.0625,,0.99283206,436.875,1213.125,,0.9872552,446.25,1372.5,,1.0110586,413.4375,1442.8125,,0.8828031,forward,108.53344685287333,1
581,19.386033333333334,193.2387351989746,600.9375,1049.0625,,0.9734075,647.8125,1217.8125,,0.97029954,638.4375,1372.5,,0.984364,666.5625,1438.125,,0.8501953,forward,110.44506986917185,1,502.5,1053.75,,0.9894178,432.1875,1213.125,,0.9871608,441.5625,1372.5,,1.0011357,413.4375,1447.5,,0.876127,forward,106.30019343157265,1
582,19.4194,206.19487762451172,600.9375,1053.75,,0.9671433,647.8125,1222.5,,0.96706194,638.4375,1372.5,,0.9844448,666.5625,1438.125,,0.84775996,forward,108.15184710985926,1,502.5,1053.75,,0.98514235,432.1875,1213.125,,0.9913083,441.5625,1372.5,,1.006141,413.4375,1447.5,,0.87739897,forward,106.30019343157265,1
583,19.452766666666665,200.13427734375,600.9375,1058.4375,,0.960778,647.8125,1222.5,,0.95485187,638.4375,1372.5,,0.9850272,666.5625,1438.125,,0.84289205,forward,105.7892707779065,1,502.5,1058.4375,,0.9824655,432.1875,1217.8125,,0.9865934,446.25,1372.5,,1.0100137,413.4375,1447.5,,0.8692471,forward,104.03754766408466,1
584,19.486133333333335,191.65325164794922,600.9375,1058.4375,,0.9567102,647.8125,1222.5,,0.96176565,638.4375,1367.8125,,0.99038047,666.5625,1438.125,,0.8407289,forward,103.60537770887936,1,502.5,1063.125,,0.9754896,432.1875,1213.125,,0.98363864,446.25,1372.5,,1.0178118,413.4375,1442.8125,,0.8746135,forward,102.13866730125706,1
585,19.5195,194.5359706878662,600.9375,1063.125,,0.9514699,652.5,1222.5,,0.95512795,638.4375,1372.5,,0.98068565,666.5625,1438.125,,0.8364752,forward,103.55601735660582,1,502.5,1063.125,,0.96776664,432.1875,1217.8125,,0.9786068,446.25,1372.5,,1.0046562,413.4375,1442.8125,,0.853685,forward,101.9115111070858,1
586,19.552866666666667,205.17492294311523,600.9375,1067.8125,,0.9566686,652.5,1227.1875,,0.9620825,638.4375,1372.5,,0.98032594,666.5625,1438.125,,0.8342694,forward,101.37212428757869,1,502.5,1067.8125,,0.96923256,432.1875,1217.8125,,0.9888598,446.25,1372.5,,1.0061325,413.4375,1442.8125,,0.85528815,forward,99.87602153376906,1
587,19.586233333333332,209.90800857543945,600.9375,1072.5,,0.9583971,652.5,1227.1875,,0.9586891,638.4375,1372.5,,0.9611788,666.5625,1438.125,,0.8059808,forward,99.24608773057983,1,502.5,1072.5,,0.9702591,432.1875,1222.5,,0.988586,446.25,1372.5,,0.99295104,413.4375,1447.5,,0.8224789,forward,97.72164152410004,1
588,19.619600000000002,193.8040256500244,600.9375,1072.5,,0.9558511,652.5,1222.5,,0.9571048,638.4375,1372.5,,0.98406804,666.5625,1438.125,,0.8154269,forward,99.39449122629023,1,502.5,1072.5,,0.9673697,432.1875,1217.8125,,0.98385,446.25,1372.5,,1.0133235,408.75,1442.8125,,0.83198714,forward,97.91812223155176,1
589,19.652966666666668,203.9790153503418,600.9375,1077.1875,,0.94963413,652.5,1227.1875,,0.9515526,638.4375,1372.5,,0.9663358,666.5625,1438.125,,0.81141543,forward,97.21059815726309,1,502.5,1077.1875,,0.9584359,432.1875,1222.5,,0.9801116,446.25,1372.5,,0.99601215,413.4375,1442.8125,,0.82627237,forward,95.76374222188274,1
590,19.686333333333334,199.54705238342285,600.9375,1077.1875,,0.95925933,652.5,1227.1875,,0.95452857,638.4375,1372.5,,0.9765307,666.5625,1438.125,,0.8362984,forward,97.21059815726309,1,502.5,1077.1875,,0.96987796,427.5,1222.5,,0.9905622,446.25,1372.5,,0.99653584,408.75,1442.8125,,0.850372,forward,95.76374222188274,1
591,19.7197,192.25597381591797,596.25,1081.875,,0.9657143,652.5,1227.1875,,0.95363426,638.4375,1372.5,,0.9790232,666.5625,1438.125,,0.8356706,forward,95.2526988550458,1,502.5,1081.875,,0.9744055,427.5,1222.5,,0.9910285,446.25,1372.5,,0.99320924,408.75,1442.8125,,0.8519129,forward,93.8731245059728,1
592,19.753066666666665,199.61023330688477,600.9375,1081.875,,0.9531563,652.5,1222.5,,0.95056903,638.4375,1372.5,,0.98407733,666.5625,1433.4375,,0.8351486,forward,95.54597420816299,1,502.5,1081.875,,0.96324134,427.5,1222.5,,0.98699665,446.25,1372.5,,0.9956808,413.4375,1442.8125,,0.85412645,forward,93.8731245059728,1
593,19.786433333333335,189.54229354858398,600.9375,1081.875,,0.95337725,652.5,1227.1875,,0.9490911,638.4375,1372.5,,0.9687697,666.5625,1433.4375,,0.81519675,forward,95.2526988550458,1,502.5,1086.5625,,0.9594401,427.5,1227.1875,,0.9813367,446.25,1372.5,,0.9850317,413.4375,1442.8125,,0.8422496,forward,91.81012645522061,1
594,19.8198,194.99802589416504,600.9375,1081.875,,0.9545698,652.5,1227.1875,,0.9483277,638.4375,1372.5,,0.96614754,666.5625,1433.4375,,0.8150511,forward,95.2526988550458,1,502.5,1086.5625,,0.9599857,427.5,1227.1875,,0.9816959,446.25,1372.5,,0.9845941,413.4375,1442.8125,,0.8389644,forward,91.81012645522061,1
595,19.853166666666667,189.8519992828369,600.9375,1081.875,,0.9542368,652.5,1227.1875,,0.94794595,638.4375,1372.5,,0.9699264,666.5625,1433.4375,,0.8244064,forward,95.2526988550458,1,502.5,1081.875,,0.96124035,432.1875,1222.5,,0.9799707,446.25,1372.5,,0.98649806,413.4375,1442.8125,,0.84405684,forward,93.8731245059728,1
596,19.886533333333333,194.02503967285156,596.25,1077.1875,,0.96651363,652.5,1222.5,,0.9541646,638.4375,1372.5,,0.98797846,666.5625,1433.4375,,0.8307345,forward,97.43659192407293,1,502.5,1077.1875,,0.97458327,432.1875,1222.5,,0.98924464,446.25,1372.5,,1.0022918,413.4375,1442.8125,,0.8576715,forward,95.76374222188274,1
597,19.919900000000002,195.5111026763916,600.9375,1077.1875,,0.975178,652.5,1227.1875,,0.9710095,638.4375,1372.5,,0.98151946,666.5625,1438.125,,0.8306648,forward,97.21059815726309,1,502.5,1077.1875,,0.98548615,432.1875,1222.5,,0.99961257,446.25,1372.5,,0.9908513,413.4375,1447.5,,0.85391486,forward,95.76374222188274,1
598,19.953266666666668,209.00797843933105,600.9375,1072.5,,0.9752848,652.5,1227.1875,,0.97253096,638.4375,1372.5,,0.9836786,666.5625,1438.125,,0.8313272,forward,99.24608773057983,1,502.5,1072.5,,0.98674494,432.1875,1222.5,,0.9991702,446.25,1372.5,,0.9940822,413.4375,1447.5,,0.85091746,forward,97.72164152410004,1
599,19.986633333333334,200.81305503845215,600.9375,1072.5,,0.96727204,652.5,1227.1875,,0.9732665,638.4375,1372.5,,0.9736552,666.5625,1438.125,,0.81799173,forward,99.24608773057983,1,502.5,1072.5,,0.97811556,432.1875,1222.5,,0.9934002,446.25,1372.5,,0.98937464,413.4375,1447.5,,0.8411912,forward,97.72164152410004,1
600,20.02,194.7650909423828,600.9375,1058.4375,,0.94875467,652.5,1217.8125,,0.96204287,638.4375,1372.5,,0.9925853,666.5625,1438.125,,0.84170914,forward,105.8492401159184,1,502.5,1063.125,,0.9722928,432.1875,1217.8125,,0.98668337,446.25,1372.5,,1.0095316,413.4375,1447.5,,0.8668585,forward,101.9115111070858,1
601,20.053366666666665,191.9999122619629,600.9375,1053.75,,0.9588552,652.5,1222.5,,0.9739708,638.4375,1372.5,,0.9813061,666.5625,1438.125,,0.833875,forward,108.15184710985926,1,502.5,1053.75,,0.9796845,432.1875,1217.8125,,0.99157965,446.25,1372.5,,1.0020486,413.4375,1447.5,,0.8583911,forward,106.27080108538533,1
602,20.086733333333335,193.91727447509766,605.625,1049.0625,,0.97075295,652.5,1217.8125,,0.9719272,638.4375,1372.5,,0.9794354,666.5625,1438.125,,0.8247884,forward,110.44506986917185,1,502.5,1053.75,,0.99337685,432.1875,1213.125,,0.99283075,441.5625,1372.5,,0.9986074,413.4375,1447.5,,0.8551594,forward,106.30019343157265,1
603,20.1201,191.50590896606445,605.625,1039.6875,,0.9536352,652.5,1213.125,,0.9509852,638.4375,1367.8125,,0.9888825,666.5625,1438.125,,0.8372388,forward,112.96732568772967,1,502.5,1044.375,,0.9764497,436.875,1208.4375,,0.98730433,446.25,1372.5,,1.0027262,413.4375,1447.5,,0.8637533,forward,110.92670154318793,1
604,20.153466666666667,188.45534324645996,600.9375,1030.3125,,0.95549774,647.8125,1208.4375,,0.9367399,638.4375,1367.8125,,0.9967256,666.5625,1438.125,,0.83976567,forward,118.11817325901096,1,502.5,1035.0,,0.97921973,436.875,1203.75,,0.9772873,446.25,1372.5,,1.0118062,413.4375,1442.8125,,0.8631338,forward,115.84387150974372,1
605,20.186833333333333,194.48208808898926,605.625,1020.9375,,0.95958376,647.8125,1194.375,,0.93573713,638.4375,1372.5,,0.99645007,666.5625,1438.125,,0.8377991,forward,127.31467675332256,1,502.5,1025.625,,0.984635,441.5625,1199.0625,,0.9705181,446.25,1372.5,,1.0081846,413.4375,1447.5,,0.86711,forward,121.12630558125115,1
606,20.220200000000002,202.91805267333984,600.9375,1016.25,,0.955997,643.125,1194.375,,0.9367384,638.4375,1372.5,,0.9928099,666.5625,1438.125,,0.8339944,forward,130.0403589563427,1,502.5,1020.9375,,0.97554,441.5625,1194.375,,0.963179,446.25,1372.5,,1.0005352,413.4375,1447.5,,0.8617145,forward,124.1600809818787,1
607,20.253566666666668,203.29904556274414,605.625,1011.5625,,0.95534134,643.125,1189.6875,,0.93046784,638.4375,1372.5,,0.9947089,666.5625,1433.4375,,0.8331306,forward,134.1247714247652,1,502.5,1011.5625,,0.9706063,446.25,1189.6875,,0.96018654,446.25,1372.5,,0.9958769,418.125,1442.8125,,0.85204226,forward,130.3077344763458,1
608,20.286933333333334,191.20502471923828,600.9375,1006.875,,0.97148603,638.4375,1189.6875,,0.952454,638.4375,1367.8125,,1.0022534,666.5625,1433.4375,,0.83872306,forward,133.03668057561148,1,502.5,1011.5625,,0.9852586,446.25,1189.6875,,0.9761108,446.25,1372.5,,1.0001662,418.125,1442.8125,,0.8418814,forward,130.3077344763458,1
609,20.3203,191.8792724609375,600.9375,1002.1875,,0.95624995,638.4375,1189.6875,,0.9551591,638.4375,1367.8125,,0.9891395,666.5625,1433.4375,,0.8392991,forward,136.41693094478597,1,502.5,1006.875,,0.9638283,446.25,1189.6875,,0.9592054,446.25,1372.5,,0.9893946,418.125,1442.8125,,0.8382601,forward,133.30405609561458,1
610,20.353666666666665,196.274995803833,600.9375,997.5,,0.95694816,633.75,1185.0,,0.96328175,638.4375,1372.5,,0.98747766,661.875,1433.4375,,0.8456854,forward,145.79072228592298,1,502.5,997.5,,0.9647534,450.9375,1185.0,,0.96483326,446.25,1372.5,,0.98932636,418.125,1442.8125,,0.8486043,forward,140.71831007786358,1
611,20.387033333333335,192.46196746826172,600.9375,997.5,,0.96109796,633.75,1185.0,,0.97048545,638.4375,1372.5,,0.9993081,661.875,1433.4375,,0.8573463,forward,145.79072228592298,1,502.5,997.5,,0.96940947,455.625,1185.0,,0.97651887,446.25,1372.5,,0.997736,418.125,1442.8125,,0.8595093,forward,140.71831007786358,1
612,20.4204,193.79019737243652,600.9375,992.8125,,0.96944284,629.0625,1185.0,,0.97923154,638.4375,1372.5,,1.0119953,661.875,1433.4375,,0.8665801,forward,149.77611789108212,1,502.5,997.5,,0.97873515,455.625,1185.0,,0.9860121,446.25,1377.1875,,1.0066301,418.125,1442.8125,,0.8679012,forward,145.94318676950326,1
613,20.453766666666667,195.4789161682129,600.9375,992.8125,,0.9870548,629.0625,1185.0,,0.9977089,638.4375,1372.5,,1.026961,661.875,1433.4375,,0.88341624,forward,149.77611789108212,1,502.5,997.5,,0.99683666,460.3125,1180.3125,,1.0051624,446.25,1372.5,,1.0222747,422.8125,1442.8125,,0.8889743,forward,142.56293640032877,1
614,20.487133333333333,194.2288875579834,600.9375,992.8125,,0.988283,629.0625,1185.0,,1.0003854,638.4375,1372.5,,1.0331831,661.875,1433.4375,,0.88824815,forward,149.77611789108212,1,502.5,997.5,,0.996578,460.3125,1185.0,,1.0059994,441.5625,1377.1875,,1.0245388,422.8125,1442.8125,,0.8961084,forward,145.94318676950326,1
615,20.520500000000002,195.18208503723145,600.9375,997.5,,0.99534523,629.0625,1189.6875,,1.0006045,638.4375,1377.1875,,1.0415516,661.875,1428.75,,0.90237117,forward,149.77611789108212,1,497.8125,997.5,,1.0042943,460.3125,1185.0,,1.0107929,441.5625,1377.1875,,1.0375291,422.8125,1442.8125,,0.9048582,forward,145.94318676950326,1
616,20.553866666666668,199.7058391571045,600.9375,992.8125,,0.99931794,624.375,1189.6875,,1.0031931,638.4375,1377.1875,,1.0492853,661.875,1428.75,,0.8960632,forward,154.9388206989654,1,497.8125,997.5,,1.0033784,460.3125,1185.0,,1.0145419,441.5625,1377.1875,,1.0429449,422.8125,1442.8125,,0.89756435,forward,145.94318676950326,1
617,20.587233333333334,203.34410667419434,600.9375,997.5,,0.99427813,624.375,1189.6875,,1.0026335,638.4375,1377.1875,,1.0468338,661.875,1428.75,,0.89713967,forward,149.77611789108212,1,497.8125,997.5,,0.9995526,460.3125,1189.6875,,1.0102127,441.5625,1377.1875,,1.0418427,422.8125,1442.8125,,0.8947062,forward,144.70370568302275,1
618,20.6206,195.70302963256836,596.25,997.5,,0.98779833,624.375,1189.6875,,0.99944556,638.4375,1377.1875,,1.0399032,661.875,1428.75,,0.9020029,forward,149.77611789108212,1,497.8125,997.5,,0.9955077,460.3125,1189.6875,,1.0067352,441.5625,1377.1875,,1.0422674,422.8125,1442.8125,,0.9049996,forward,144.70370568302275,1
619,20.653966666666665,194.23580169677734,596.25,997.5,,0.9957393,619.6875,1189.6875,,1.0067371,638.4375,1377.1875,,1.0448093,657.1875,1433.4375,,0.899289,forward,149.77611789108212,1,493.125,997.5,,1.0025846,460.3125,1189.6875,,1.0110538,441.5625,1377.1875,,1.0479264,422.8125,1442.8125,,0.89851516,forward,144.70370568302275,1
620,20.687333333333335,193.66908073425293,596.25,997.5,,0.9942617,619.6875,1189.6875,,1.0075895,638.4375,1377.1875,,1.0421546,657.1875,1433.4375,,0.890079,forward,149.77611789108212,1,497.8125,1002.1875,,1.0024962,460.3125,1189.6875,,1.0110571,441.5625,1377.1875,,1.0522559,422.8125,1442.8125,,0.89765024,forward,140.71831007786358,1
621,20.7207,194.60606575012207,596.25,1002.1875,,0.9966645,619.6875,1194.375,,1.0119832,638.4375,1377.1875,,1.0450604,657.1875,1433.4375,,0.89327717,forward,144.48673901836764,1,493.125,1002.1875,,1.0036956,460.3125,1189.6875,,1.0143319,441.5625,1377.1875,,1.0576193,422.8125,1442.8125,,0.9015075,forward,140.71831007786358,1
622,20.754066666666667,194.06700134277344,591.5625,997.5,,1.0006603,619.6875,1189.6875,,1.0179687,638.4375,1377.1875,,1.0512176,661.875,1433.4375,,0.8948499,forward,149.77611789108212,1,493.125,997.5,,1.0073664,460.3125,1189.6875,,1.0197057,441.5625,1377.1875,,1.064723,422.8125,1442.8125,,0.9044366,forward,144.70370568302275,1
623,20.787433333333333,199.07617568969727,596.25,997.5,,1.0012419,619.6875,1189.6875,,1.0174255,638.4375,1377.1875,,1.0496662,661.875,1433.4375,,0.8971497,forward,149.77611789108212,1,493.125,997.5,,1.0066667,460.3125,1189.6875,,1.0195476,441.5625,1377.1875,,1.0641423,422.8125,1442.8125,,0.91411495,forward,144.70370568302275,1
624,20.820800000000002,195.18399238586426,591.5625,997.5,,0.99823415,619.6875,1194.375,,1.0159996,638.4375,1377.1875,,1.0512522,661.875,1433.4375,,0.8949884,forward,149.64944182625092,1,493.125,997.5,,1.0040367,460.3125,1194.375,,1.0201279,441.5625,1377.1875,,1.0665512,422.8125,1442.8125,,0.9160067,forward,145.8324048778315,1
625,20.854166666666668,195.09196281433105,591.5625,997.5,,1.0025578,619.6875,1189.6875,,1.017704,638.4375,1377.1875,,1.060585,661.875,1428.75,,0.88269496,forward,149.77611789108212,1,493.125,997.5,,1.0089548,460.3125,1194.375,,1.025112,441.5625,1377.1875,,1.0757704,427.5,1442.8125,,0.90376425,forward,145.8324048778315,1
626,20.887533333333334,194.52500343322754,591.5625,997.5,,1.0016761,619.6875,1194.375,,1.0152369,638.4375,1377.1875,,1.0600699,661.875,1433.4375,,0.89019144,forward,149.64944182625092,1,493.125,997.5,,1.0067719,455.625,1194.375,,1.0242286,441.5625,1377.1875,,1.0755901,427.5,1442.8125,,0.90746844,forward,145.8324048778315,1
627,20.9209,194.7958469390869,591.5625,992.8125,,1.0014694,619.6875,1189.6875,,1.014967,638.4375,1377.1875,,1.0617665,661.875,1428.75,,0.8875706,forward,154.9388206989654,1,493.125,992.8125,,1.0060893,460.3125,1194.375,,1.0242276,441.5625,1377.1875,,1.0760442,422.8125,1442.8125,,0.9056415,forward,158.21320675832698,1
628,20.954266666666665,208.46199989318848,591.5625,992.8125,,1.0008096,619.6875,1189.6875,,1.015684,638.4375,1377.1875,,1.0649327,657.1875,1428.75,,0.88698566,forward,154.9388206989654,1,493.125,992.8125,,1.0040824,455.625,1189.6875,,1.0230047,441.5625,1377.1875,,1.078809,422.8125,1442.8125,,0.9060907,forward,149.866408490906,1
629,20.987633333333335,187.9873275756836,591.5625,992.8125,,1.0008001,619.6875,1189.6875,,1.0170782,638.4375,1377.1875,,1.0652313,661.875,1428.75,,0.8785608,forward,154.9388206989654,1,493.125,992.8125,,1.0055463,455.625,1189.6875,,1.0248351,441.5625,1377.1875,,1.0816088,422.8125,1438.125,,0.89675474,forward,149.866408490906,1
630,21.021,193.7997341156006,591.5625,992.8125,,1.0073767,619.6875,1189.6875,,1.0200334,638.4375,1377.1875,,1.0691721,661.875,1428.75,,0.8863385,forward,154.9388206989654,1,493.125,992.8125,,1.0088536,455.625,1189.6875,,1.0283992,441.5625,1377.1875,,1.0831945,422.8125,1438.125,,0.90709925,forward,149.866408490906,1
631,21.054366666666667,196.39182090759277,591.5625,992.8125,,1.0020403,619.6875,1189.6875,,1.0160557,638.4375,1377.1875,,1.0679052,661.875,1428.75,,0.88229764,forward,154.9388206989654,1,493.125,992.8125,,1.0045044,455.625,1189.6875,,1.0242491,441.5625,1377.1875,,1.0817354,422.8125,1442.8125,,0.9028796,forward,149.866408490906,1
632,21.087733333333333,196.5198516845703,591.5625,992.8125,,1.0028862,619.6875,1189.6875,,1.0174704,638.4375,1377.1875,,1.0676924,661.875,1428.75,,0.87675536,forward,154.9388206989654,1,493.125,992.8125,,1.0058645,455.625,1189.6875,,1.0231038,441.5625,1377.1875,,1.0802114,422.8125,1442.8125,,0.9022732,forward,149.866408490906,1
633,21.121100000000002,195.56093215942383,591.5625,992.8125,,1.0026847,619.6875,1189.6875,,1.0166104,638.4375,1377.1875,,1.0686353,657.1875,1428.75,,0.878516,forward,154.9388206989654,1,493.125,992.8125,,1.0068624,455.625,1189.6875,,1.025306,441.5625,1377.1875,,1.0817904,422.8125,1438.125,,0.9014818,forward,149.866408490906,1
634,21.154466666666668,193.6490535736084,591.5625,992.8125,,1.0008302,619.6875,1189.6875,,1.0186967,638.4375,1377.1875,,1.0621774,661.875,1428.75,,0.8948026,forward,154.9388206989654,1,493.125,992.8125,,1.0039713,455.625,1189.6875,,1.0237358,441.5625,1377.1875,,1.0774494,422.8125,1442.8125,,0.92313874,forward,149.866408490906,1
635,21.187833333333334,195.1308250427246,591.5625,992.8125,,1.001411,619.6875,1189.6875,,1.0187674,638.4375,1377.1875,,1.064573,661.875,1428.75,,0.89230716,forward,154.9388206989654,1,493.125,992.8125,,1.0054452,455.625,1189.6875,,1.0246497,441.5625,1377.1875,,1.0801551,422.8125,1442.8125,,0.91725445,forward,149.866408490906,1
636,21.2212,192.12603569030762,591.5625,992.8125,,1.0019822,619.6875,1189.6875,,1.0186489,638.4375,1377.1875,,1.065355,661.875,1428.75,,0.89276874,forward,154.9388206989654,1,493.125,992.8125,,1.0058408,455.625,1189.6875,,1.0245326,441.5625,1377.1875,,1.0785928,422.8125,1442.8125,,0.9154106,forward,149.866408490906,1
637,21.254566666666665,194.11301612854004,591.5625,992.8125,,1.0068326,619.6875,1189.6875,,1.0162928,638.4375,1377.1875,,1.0649993,661.875,1428.75,,0.892475,forward,154.9388206989654,1,493.125,992.8125,,1.0119073,455.625,1189.6875,,1.0260326,441.5625,1377.1875,,1.0812777,427.5,1442.8125,,0.9084358,forward,149.866408490906,1
638,21.287933333333335,189.3019676208496,591.5625,992.8125,,1.0093608,619.6875,1189.6875,,1.0196034,638.4375,1377.1875,,1.0637054,661.875,1428.75,,0.8800744,forward,154.9388206989654,1,493.125,992.8125,,1.0146601,460.3125,1189.6875,,1.0275387,441.5625,1377.1875,,1.0818863,427.5,1442.8125,,0.91270196,forward,149.866408490906,1
639,21.3213,198.7619400024414,591.5625,992.8125,,1.0088551,619.6875,1189.6875,,1.0184402,638.4375,1377.1875,,1.0615683,661.875,1433.4375,,0.88941956,forward,154.9388206989654,1,493.125,992.8125,,1.0124149,460.3125,1189.6875,,1.025034,441.5625,1377.1875,,1.078318,422.8125,1442.8125,,0.92369896,forward,149.866408490906,1
640,21.354666666666667,193.47000122070312,591.5625,992.8125,,1.0076045,619.6875,1189.6875,,1.0192451,638.4375,1377.1875,,1.0602046,661.875,1433.4375,,0.88620746,forward,154.9388206989654,1,493.125,992.8125,,1.0115952,460.3125,1189.6875,,1.0241451,441.5625,1377.1875,,1.0757594,422.8125,1442.8125,,0.92656446,forward,149.866408490906,1
641,21.388033333333333,193.03202629089355,591.5625,997.5,,1.0155709,619.6875,1189.6875,,1.0215031,638.4375,1377.1875,,1.0612164,661.875,1433.4375,,0.88618433,forward,149.77611789108212,1,493.125,997.5,,1.0188247,460.3125,1189.6875,,1.0259242,441.5625,1377.1875,,1.077755,422.8125,1442.8125,,0.9214672,forward,144.70370568302275,1
642,21.421400000000002,194.81301307678223,591.5625,997.5,,1.0176458,619.6875,1189.6875,,1.0247287,638.4375,1377.1875,,1.063611,661.875,1433.4375,,0.88627094,forward,149.77611789108212,1,493.125,997.5,,1.0212041,460.3125,1189.6875,,1.0281078,441.5625,1377.1875,,1.0791551,422.8125,1442.8125,,0.9199904,forward,144.70370568302275,1
643,21.454766666666668,195.35589218139648,591.5625,997.5,,1.0200878,619.6875,1194.375,,1.0304836,638.4375,1377.1875,,1.0635502,661.875,1433.4375,,0.904801,forward,149.64944182625092,1,493.125,997.5,,1.0235134,455.625,1194.375,,1.0315201,441.5625,1377.1875,,1.0823596,422.8125,1442.8125,,0.9330005,forward,145.8324048778315,1
644,21.488133333333334,196.08402252197266,591.5625,1002.1875,,1.0191263,624.375,1189.6875,,1.0277021,638.4375,1377.1875,,1.0631928,661.875,1433.4375,,0.901591,forward,145.79072228592298,1,493.125,1002.1875,,1.0249115,455.625,1189.6875,,1.029373,441.5625,1377.1875,,1.0808146,422.8125,1442.8125,,0.92994535,forward,140.71831007786358,1
645,21.5215,202.6081085205078,591.5625,1002.1875,,1.020803,624.375,1189.6875,,1.0261662,638.4375,1372.5,,1.0670655,661.875,1433.4375,,0.90174437,forward,140.5013434132085,1,488.4375,1002.1875,,1.0275304,455.625,1189.6875,,1.0291395,441.5625,1377.1875,,1.082196,422.8125,1442.8125,,0.92601657,forward,140.71831007786358,1
646,21.554866666666666,194.91100311279297,591.5625,997.5,,1.0273374,624.375,1189.6875,,1.0319811,638.4375,1372.5,,1.0716579,661.875,1433.4375,,0.898679,forward,144.48673901836764,1,493.125,1002.1875,,1.031818,455.625,1189.6875,,1.0349686,441.5625,1377.1875,,1.0852964,422.8125,1442.8125,,0.9202173,forward,140.71831007786358,1
647,21.588233333333335,193.7239170074463,591.5625,1002.1875,,1.024349,629.0625,1189.6875,,1.0219913,638.4375,1372.5,,1.065279,661.875,1433.4375,,0.909166,forward,140.5013434132085,1,488.4375,1002.1875,,1.0283887,455.625,1189.6875,,1.025249,441.5625,1377.1875,,1.077354,422.8125,1442.8125,,0.9261457,forward,140.71831007786358,1
648,21.6216,188.48013877868652,591.5625,1002.1875,,1.0184777,629.0625,1189.6875,,1.015979,638.4375,1372.5,,1.0632093,661.875,1433.4375,,0.90202117,forward,140.5013434132085,1,488.4375,1002.1875,,1.0229284,455.625,1189.6875,,1.0199735,441.5625,1377.1875,,1.0671048,422.8125,1442.8125,,0.9153994,forward,140.71831007786358,1
649,21.654966666666667,193.66025924682617,591.5625,1002.1875,,0.99104714,629.0625,1189.6875,,0.9906515,638.4375,1372.5,,1.0357924,661.875,1433.4375,,0.8868616,forward,140.5013434132085,1,488.4375,1006.875,,0.9965341,455.625,1189.6875,,0.99103904,441.5625,1372.5,,1.0395677,422.8125,1447.5,,0.90263987,forward,133.30405609561458,1
650,21.688333333333333,195.47486305236816,591.5625,1002.1875,,0.99710023,629.0625,1189.6875,,0.99460876,638.4375,1372.5,,1.0382564,661.875,1433.4375,,0.87171686,forward,140.5013434132085,1,493.125,1002.1875,,1.0020396,455.625,1185.0,,0.9961349,446.25,1372.5,,1.035145,422.8125,1442.8125,,0.8914143,forward,137.33805970868912,1
651,21.721700000000002,191.12396240234375,591.5625,1006.875,,0.9737996,629.0625,1189.6875,,0.97794867,638.4375,1372.5,,1.0153999,661.875,1433.4375,,0.8675319,forward,137.121093044034,1,493.125,1006.875,,0.98235655,450.9375,1189.6875,,0.9815315,446.25,1372.5,,1.0110347,422.8125,1442.8125,,0.8719101,forward,133.30405609561458,1
652,21.755066666666668,188.34304809570312,596.25,1006.875,,0.98557043,629.0625,1189.6875,,0.98823,638.4375,1372.5,,1.0220482,661.875,1433.4375,,0.86086816,forward,137.121093044034,1,493.125,1006.875,,0.99894047,450.9375,1189.6875,,0.99359506,446.25,1372.5,,1.0191965,422.8125,1442.8125,,0.8679726,forward,133.30405609561458,1
653,21.788433333333334,187.1321201324463,591.5625,1006.875,,0.9858407,633.75,1189.6875,,0.98293734,638.4375,1372.5,,1.0172471,661.875,1433.4375,,0.85630053,forward,137.121093044034,1,493.125,1011.5625,,0.99948364,450.9375,1189.6875,,0.9848516,446.25,1372.5,,1.01751,418.125,1442.8125,,0.872069,forward,130.3077344763458,1
654,21.8218,191.3127899169922,596.25,1011.5625,,0.99626434,633.75,1189.6875,,0.99423814,638.4375,1372.5,,1.0231158,661.875,1433.4375,,0.8493388,forward,134.1247714247652,1,497.8125,1011.5625,,1.0090406,450.9375,1189.6875,,0.9941385,446.25,1372.5,,1.0197487,418.125,1442.8125,,0.86047274,forward,130.3077344763458,1
655,21.855166666666666,190.52696228027344,596.25,1016.25,,0.9776572,633.75,1194.375,,0.98198307,638.4375,1372.5,,1.0166401,661.875,1433.4375,,0.8515005,forward,130.0403589563427,1,493.125,1016.25,,0.99326587,446.25,1194.375,,0.9786618,446.25,1372.5,,1.0077716,418.125,1442.8125,,0.87086785,forward,126.88576318489882,1
656,21.888533333333335,191.12300872802734,591.5625,1020.9375,,0.98663926,633.75,1194.375,,0.9854009,638.4375,1372.5,,1.0190251,666.5625,1433.4375,,0.8453304,forward,127.31467675332256,1,493.125,1020.9375,,0.99817526,446.25,1194.375,,0.9805827,446.25,1372.5,,1.0142214,418.125,1442.8125,,0.85974777,forward,124.1600809818787,1
657,21.9219,193.41301918029785,596.25,1020.9375,,0.9713465,633.75,1194.375,,0.9726317,638.4375,1372.5,,1.0045685,666.5625,1428.75,,0.85441554,forward,127.31467675332256,1,493.125,1020.9375,,0.98126733,446.25,1194.375,,0.97054243,446.25,1372.5,,1.0022285,418.125,1442.8125,,0.87381625,forward,124.1600809818787,1
658,21.955266666666667,195.00970840454102,591.5625,1025.625,,0.98364156,633.75,1194.375,,0.97819424,638.4375,1372.5,,1.0123816,666.5625,1433.4375,,0.85277843,forward,124.79242093476473,1,497.8125,1025.625,,0.992509,446.25,1194.375,,0.9771332,446.25,1372.5,,1.013788,418.125,1442.8125,,0.8701737,forward,121.63782516332088,1
659,21.988633333333333,195.0831413269043,591.5625,1030.3125,,0.97362244,638.4375,1199.0625,,0.9694881,638.4375,1372.5,,0.9945176,666.5625,1433.4375,,0.8490229,forward,121.32712772543445,1,497.8125,1030.3125,,0.98666203,441.5625,1199.0625,,0.97525984,446.25,1372.5,,1.0048864,413.4375,1442.8125,,0.8698797,forward,118.60404976269332,1
660,22.022000000000002,194.62919235229492,596.25,1035.0,,0.969097,638.4375,1203.75,,0.9686343,638.4375,1372.5,,0.9913075,666.5625,1433.4375,,0.85426587,forward,118.2544667074132,1,497.8125,1035.0,,0.98577714,441.5625,1199.0625,,0.97971666,446.25,1372.5,,1.0055127,413.4375,1442.8125,,0.8648794,forward,116.24147343074056,1
661,22.055366666666668,195.36399841308594,596.25,1039.6875,,0.96383464,638.4375,1203.75,,0.9637383,638.4375,1372.5,,0.9884716,666.5625,1433.4375,,0.84750956,forward,115.89189037546043,1,493.125,1039.6875,,0.9803095,436.875,1203.75,,0.9830588,446.25,1372.5,,1.0051322,413.4375,1442.8125,,0.87172145,forward,113.48129517779095,1
662,22.088733333333334,195.53899765014648,596.25,1044.375,,0.9634664,638.4375,1199.0625,,0.9682114,638.4375,1372.5,,1.0001446,671.25,1433.4375,,0.85375535,forward,114.60526141518216,1,497.8125,1049.0625,,0.97534645,436.875,1203.75,,0.9962461,446.25,1372.5,,1.0128477,413.4375,1442.8125,,0.8687781,forward,109.12200519949143,1
663,22.1221,192.45505332946777,596.25,1049.0625,,0.9657059,643.125,1203.75,,0.9673647,638.4375,1372.5,,0.9842882,671.25,1433.4375,,0.8483435,forward,111.5326003971609,1,497.8125,1049.0625,,0.9843186,436.875,1208.4375,,0.99722016,446.25,1372.5,,1.0015856,413.4375,1447.5,,0.87080795,forward,108.69344812188726,1
664,22.155466666666666,190.23418426513672,596.25,1049.0625,,0.96965325,643.125,1208.4375,,0.9672706,638.4375,1372.5,,0.9840183,671.25,1433.4375,,0.8507794,forward,110.86261235421998,1,497.8125,1049.0625,,0.98663306,432.1875,1208.4375,,0.9998958,441.5625,1372.5,,0.9981751,413.4375,1447.5,,0.86600363,forward,108.69344812188726,1
665,22.188833333333335,188.0171298980713,596.25,1053.75,,0.97245824,643.125,1213.125,,0.9685309,638.4375,1372.5,,0.9855964,671.25,1433.4375,,0.8409905,forward,108.27440548417958,1,497.8125,1053.75,,0.99152,432.1875,1213.125,,0.99836147,446.25,1372.5,,1.0004611,413.4375,1447.5,,0.8623395,forward,106.30019343157265,1
666,22.2222,187.78109550476074,596.25,1058.4375,,0.97908306,643.125,1208.4375,,0.97528535,638.4375,1372.5,,1.0036702,671.25,1433.4375,,0.85819,forward,106.70108622390438,1,497.8125,1058.4375,,0.9976774,432.1875,1208.4375,,1.0020053,446.25,1372.5,,1.0222749,408.75,1442.8125,,0.8775948,forward,104.53192199157166,1
667,22.255566666666667,191.35594367980957,596.25,1058.4375,,0.9687424,643.125,1213.125,,0.96898556,638.4375,1372.5,,0.9947473,671.25,1433.4375,,0.84654295,forward,106.14836892718073,1,497.8125,1058.4375,,0.9883135,432.1875,1208.4375,,0.9978762,446.25,1372.5,,1.0075868,408.75,1442.8125,,0.8770331,forward,104.53192199157166,1
668,22.288933333333333,192.24977493286133,596.25,1063.125,,0.98195314,647.8125,1213.125,,0.9736397,638.4375,1372.5,,0.9859334,671.25,1433.4375,,0.82200235,forward,104.11287935386399,1,497.8125,1067.8125,,0.9968822,427.5,1213.125,,1.0036649,446.25,1372.5,,1.000676,408.75,1442.8125,,0.8488073,forward,100.18076799903976,1
669,22.322300000000002,191.28799438476562,596.25,1072.5,,0.9886794,647.8125,1217.8125,,0.97730553,638.4375,1372.5,,0.9841963,666.5625,1433.4375,,0.82307,forward,99.72981468338551,1,497.8125,1072.5,,1.0018173,427.5,1213.125,,1.0085039,446.25,1377.1875,,0.99878544,408.75,1442.8125,,0.84399915,forward,100.68340497344442,1
670,22.355666666666668,189.96596336364746,596.25,1067.8125,,0.97827625,647.8125,1217.8125,,0.9760823,638.4375,1372.5,,0.98959154,666.5625,1433.4375,,0.8377123,forward,101.68771398560281,1,497.8125,1067.8125,,0.9923099,427.5,1213.125,,1.0097773,446.25,1372.5,,1.0089195,408.75,1442.8125,,0.860065,forward,100.18076799903976,1
671,22.389033333333334,189.33391571044922,596.25,1067.8125,,0.97906005,647.8125,1217.8125,,0.97675794,638.4375,1372.5,,0.9934418,666.5625,1433.4375,,0.8419497,forward,101.68771398560281,1,502.5,1067.8125,,0.98946965,432.1875,1213.125,,1.0065535,446.25,1372.5,,1.0130363,408.75,1438.125,,0.86301297,forward,100.18076799903976,1
672,22.4224,191.82991981506348,596.25,1072.5,,0.97626376,647.8125,1222.5,,0.9773289,638.4375,1372.5,,0.97539616,666.5625,1433.4375,,0.82674503,forward,99.39449122629023,1,497.8125,1072.5,,0.98802125,427.5,1217.8125,,1.0061554,441.5625,1377.1875,,1.0016193,408.75,1438.125,,0.8457475,forward,100.18076799903976,1
673,22.455766666666666,192.87419319152832,596.25,1072.5,,0.9736031,647.8125,1222.5,,0.9808221,638.4375,1372.5,,0.97864735,671.25,1433.4375,,0.8403677,forward,99.39449122629023,1,502.5,1072.5,,0.9856776,427.5,1217.8125,,1.0058211,441.5625,1377.1875,,1.0007203,408.75,1438.125,,0.86528826,forward,100.18076799903976,1
674,22.489133333333335,191.2987232208252,596.25,1077.1875,,0.97506225,652.5,1222.5,,0.98139155,638.4375,1372.5,,0.97586346,671.25,1433.4375,,0.82889915,forward,97.43659192407293,1,502.5,1077.1875,,0.9853575,427.5,1217.8125,,1.0031035,441.5625,1377.1875,,0.9943713,408.75,1438.125,,0.8589595,forward,98.29015028312982,1
675,22.5225,190.9019947052002,596.25,1077.1875,,0.97593683,652.5,1217.8125,,0.9776188,638.4375,1367.8125,,0.9828007,671.25,1428.75,,0.8381146,forward,95.54597420816299,1,502.5,1077.1875,,0.98610663,432.1875,1217.8125,,1.003386,441.5625,1377.1875,,1.0015341,408.75,1438.125,,0.8668077,forward,98.29015028312982,1
676,22.555866666666667,191.30897521972656,596.25,1077.1875,,0.97125757,652.5,1217.8125,,0.96631765,638.4375,1367.8125,,0.975716,666.5625,1428.75,,0.8138516,forward,95.54597420816299,1,502.5,1077.1875,,0.97949445,432.1875,1217.8125,,0.99578017,446.25,1377.1875,,0.9962353,408.75,1438.125,,0.83973795,forward,98.29015028312982,1
677,22.589233333333333,190.5221939086914,596.25,1077.1875,,0.9686995,652.5,1222.5,,0.96831954,633.75,1372.5,,0.9703481,671.25,1428.75,,0.8082697,forward,97.43659192407293,1,502.5,1077.1875,,0.97870994,432.1875,1217.8125,,0.99565554,446.25,1377.1875,,0.996944,408.75,1438.125,,0.8380934,forward,98.29015028312982,1
678,22.622600000000002,191.2078857421875,596.25,1077.1875,,0.9693298,652.5,1222.5,,0.97079104,633.75,1372.5,,0.9721286,671.25,1428.75,,0.8136841,forward,97.43659192407293,1,502.5,1077.1875,,0.977172,432.1875,1222.5,,0.9915191,446.25,1372.5,,0.99652976,408.75,1438.125,,0.8376632,forward,95.76374222188274,1
679,22.655966666666668,189.54992294311523,596.25,1077.1875,,0.9727733,652.5,1222.5,,0.9750072,633.75,1367.8125,,0.9801718,671.25,1428.75,,0.82452095,forward,95.2526988550458,1,502.5,1077.1875,,0.9809031,432.1875,1217.8125,,0.99471235,446.25,1372.5,,1.0009848,408.75,1438.125,,0.84689707,forward,96.02750451564182,1
680,22.689333333333334,190.61613082885742,596.25,1077.1875,,0.9678863,652.5,1222.5,,0.9802675,633.75,1372.5,,0.9705714,671.25,1433.4375,,0.8213643,forward,97.43659192407293,1,502.5,1077.1875,,0.9792442,432.1875,1222.5,,0.9950632,446.25,1372.5,,0.993545,408.75,1442.8125,,0.84743035,forward,95.76374222188274,1
681,22.7227,190.20605087280273,600.9375,1072.5,,0.96312284,652.5,1222.5,,0.9741578,638.4375,1372.5,,0.9678049,666.5625,1433.4375,,0.8174623,forward,99.39449122629023,1,502.5,1072.5,,0.97637224,432.1875,1217.8125,,0.99348164,446.25,1372.5,,0.994264,408.75,1442.8125,,0.83815205,forward,97.91812223155176,1
682,22.756066666666666,193.0868625640869,596.25,1067.8125,,0.96806204,652.5,1217.8125,,0.9848399,638.4375,1367.8125,,0.98917574,666.5625,1433.4375,,0.8517586,forward,99.39449122629023,1,502.5,1067.8125,,0.9816471,432.1875,1217.8125,,1.0001069,446.25,1372.5,,1.0055695,408.75,1442.8125,,0.8673798,forward,99.87602153376906,1
683,22.789433333333335,190.14596939086914,596.25,1067.8125,,0.9726149,652.5,1217.8125,,0.9791374,638.4375,1372.5,,0.98869145,666.5625,1433.4375,,0.84010655,forward,101.68771398560281,1,502.5,1067.8125,,0.98807967,432.1875,1217.8125,,1.0017973,446.25,1372.5,,1.0115228,408.75,1442.8125,,0.8585726,forward,99.87602153376906,1
684,22.8228,191.4670467376709,600.9375,1058.4375,,0.95704955,652.5,1217.8125,,0.9786587,638.4375,1367.8125,,0.9938564,666.5625,1433.4375,,0.85425246,forward,103.55601735660582,1,502.5,1063.125,,0.9798547,436.875,1213.125,,0.9978734,446.25,1372.5,,1.0136291,408.75,1442.8125,,0.86787015,forward,102.13866730125706,1
685,22.856166666666667,191.3919448852539,600.9375,1058.4375,,0.95472234,652.5,1217.8125,,0.9758339,638.4375,1372.5,,0.9923967,666.5625,1438.125,,0.8489766,forward,105.8492401159184,1,502.5,1058.4375,,0.9795676,436.875,1213.125,,0.9938584,446.25,1372.5,,1.0099192,408.75,1442.8125,,0.86657286,forward,104.1741568745738,1
686,22.889533333333333,189.66007232666016,600.9375,1049.0625,,0.9542097,647.8125,1213.125,,0.9746535,638.4375,1372.5,,0.9917703,666.5625,1438.125,,0.84927344,forward,110.50765890548026,1,502.5,1049.0625,,0.9800261,436.875,1208.4375,,0.9938762,446.25,1372.5,,1.0064714,413.4375,1442.8125,,0.8640403,forward,108.69344812188726,1
687,22.922900000000002,195.23191452026367,600.9375,1044.375,,0.9551023,647.8125,1203.75,,0.9707018,638.4375,1372.5,,0.99892604,666.5625,1433.4375,,0.85098386,forward,113.65863695415976,1,502.5,1049.0625,,0.9799794,441.5625,1203.75,,0.9893032,446.25,1372.5,,1.0046167,413.4375,1442.8125,,0.8662958,forward,109.12200519949143,1
688,22.956266666666668,194.00501251220703,600.9375,1039.6875,,0.9541612,647.8125,1203.75,,0.9562043,638.4375,1372.5,,0.99927235,666.5625,1438.125,,0.840509,forward,115.89189037546043,1,502.5,1039.6875,,0.98045325,441.5625,1199.0625,,0.97325885,446.25,1367.8125,,1.0037415,413.4375,1442.8125,,0.86122835,forward,111.24804175649028,1
689,22.989633333333334,193.57609748840332,600.9375,1030.3125,,0.96346444,643.125,1199.0625,,0.9638732,638.4375,1372.5,,0.9934763,666.5625,1433.4375,,0.8498311,forward,121.32712772543445,1,502.5,1030.3125,,0.9870289,441.5625,1199.0625,,0.9791033,446.25,1372.5,,1.0038533,413.4375,1442.8125,,0.8663597,forward,118.60404976269332,1
690,23.023,193.37201118469238,600.9375,1020.9375,,0.96367735,643.125,1194.375,,0.95407474,638.4375,1372.5,,0.9948902,666.5625,1433.4375,,0.8561833,forward,127.31467675332256,1,502.5,1025.625,,0.98592484,441.5625,1194.375,,0.97493845,446.25,1372.5,,1.0060893,413.4375,1442.8125,,0.8603201,forward,121.63782516332088,1
691,23.056366666666666,193.24111938476562,605.625,1016.25,,0.9635674,638.4375,1189.6875,,0.9525808,638.4375,1367.8125,,1.0040872,666.5625,1433.4375,,0.8536201,forward,127.31467675332256,1,507.1875,1020.9375,,0.98541856,446.25,1194.375,,0.9785197,446.25,1372.5,,1.0080509,413.4375,1442.8125,,0.84702826,forward,124.1600809818787,1
692,23.089733333333335,195.15013694763184,600.9375,1011.5625,,0.9589617,638.4375,1189.6875,,0.95718503,638.4375,1372.5,,1.0044088,666.5625,1433.4375,,0.8561801,forward,134.1247714247652,1,502.5,1016.25,,0.9773996,446.25,1189.6875,,0.97308975,446.25,1372.5,,1.005517,413.4375,1442.8125,,0.8439468,forward,127.58205227332567,1
693,23.1231,192.9948329925537,600.9375,1006.875,,0.9673943,638.4375,1189.6875,,0.96947896,638.4375,1367.8125,,1.0080703,666.5625,1433.4375,,0.8606539,forward,133.03668057561148,1,502.5,1011.5625,,0.9853366,446.25,1189.6875,,0.9818529,446.25,1372.5,,1.0064615,418.125,1442.8125,,0.84003043,forward,130.3077344763458,1
694,23.156466666666667,192.74592399597168,600.9375,1006.875,,0.9733507,638.4375,1189.6875,,0.9728966,638.4375,1367.8125,,1.0097337,666.5625,1433.4375,,0.8618325,forward,133.03668057561148,1,502.5,1006.875,,0.98821867,450.9375,1189.6875,,0.98611176,446.25,1372.5,,1.008795,418.125,1442.8125,,0.84467363,forward,133.30405609561458,1
695,23.189833333333333,195.62005996704102,600.9375,1002.1875,,0.9750014,633.75,1185.0,,0.9779766,638.4375,1367.8125,,1.0107605,661.875,1433.4375,,0.85787165,forward,137.121093044034,1,502.5,1006.875,,0.9891226,450.9375,1185.0,,0.98614883,446.25,1372.5,,1.009977,418.125,1442.8125,,0.84574974,forward,134.3417380894203,1
696,23.223200000000002,194.44608688354492,600.9375,1002.1875,,0.9850687,629.0625,1185.0,,0.98964095,638.4375,1372.5,,1.0198187,661.875,1433.4375,,0.859987,forward,142.4104719167485,1,502.5,1002.1875,,0.9973383,455.625,1180.3125,,0.9968711,446.25,1372.5,,1.0148365,418.125,1442.8125,,0.860312,forward,139.56661478105997,1
697,23.256566666666668,199.96285438537598,600.9375,997.5,,0.98248386,629.0625,1189.6875,,0.9884354,638.4375,1372.5,,1.0269251,661.875,1433.4375,,0.88551533,forward,144.48673901836764,1,502.5,1002.1875,,0.9963695,455.625,1185.0,,0.9992817,441.5625,1377.1875,,1.0220361,418.125,1442.8125,,0.88477445,forward,142.56293640032877,1
698,23.289933333333334,195.85490226745605,600.9375,997.5,,0.98970234,629.0625,1185.0,,0.9971448,638.4375,1372.5,,1.0358113,661.875,1433.4375,,0.8940164,forward,145.79072228592298,1,502.5,997.5,,1.0033761,455.625,1185.0,,1.0074842,446.25,1377.1875,,1.029308,418.125,1442.8125,,0.88788915,forward,145.94318676950326,1
699,23.3233,189.59712982177734,600.9375,997.5,,1.007364,629.0625,1189.6875,,1.0068392,638.4375,1372.5,,1.0499724,661.875,1433.4375,,0.9047588,forward,144.48673901836764,1,502.5,997.5,,1.0195907,455.625,1185.0,,1.0191498,441.5625,1377.1875,,1.0463141,418.125,1442.8125,,0.8951418,forward,145.94318676950326,1
700,23.356666666666666,190.32907485961914,600.9375,997.5,,1.0064719,629.0625,1189.6875,,1.003448,638.4375,1377.1875,,1.048373,661.875,1428.75,,0.8986442,forward,149.77611789108212,1,497.8125,997.5,,1.0167824,455.625,1185.0,,1.0128815,441.5625,1377.1875,,1.048409,422.8125,1442.8125,,0.8896743,forward,145.94318676950326,1
701,23.390033333333335,190.62399864196777,600.9375,997.5,,0.999509,629.0625,1189.6875,,0.9989583,638.4375,1377.1875,,1.046038,661.875,1428.75,,0.8969748,forward,149.77611789108212,1,497.8125,997.5,,1.0099053,460.3125,1185.0,,1.0066144,441.5625,1377.1875,,1.0412905,422.8125,1442.8125,,0.895085,forward,145.94318676950326,1
702,23.4234,189.36896324157715,600.9375,997.5,,0.9987579,624.375,1189.6875,,1.0021715,638.4375,1377.1875,,1.0492861,661.875,1428.75,,0.89520735,forward,149.77611789108212,1,497.8125,997.5,,1.0058323,460.3125,1189.6875,,1.0075812,441.5625,1377.1875,,1.0445967,422.8125,1442.8125,,0.8943483,forward,144.70370568302275,1
703,23.456766666666667,195.66583633422852,596.25,997.5,,0.99809444,624.375,1189.6875,,1.0032709,638.4375,1377.1875,,1.0446956,661.875,1428.75,,0.8904222,forward,149.77611789108212,1,493.125,1002.1875,,1.0049717,460.3125,1189.6875,,1.0068606,441.5625,1377.1875,,1.043977,422.8125,1442.8125,,0.8872194,forward,140.71831007786358,1
704,23.490133333333333,193.70484352111816,596.25,997.5,,1.002612,619.6875,1189.6875,,1.0052077,638.4375,1377.1875,,1.0434058,657.1875,1428.75,,0.8837041,forward,149.77611789108212,1,493.125,997.5,,1.007474,460.3125,1189.6875,,1.0057254,441.5625,1377.1875,,1.0453452,422.8125,1442.8125,,0.88272226,forward,144.70370568302275,1
705,23.523500000000002,194.88072395324707,596.25,997.5,,1.0034587,619.6875,1189.6875,,1.0108671,638.4375,1377.1875,,1.0480099,657.1875,1428.75,,0.89281994,forward,149.77611789108212,1,493.125,997.5,,1.0076778,460.3125,1189.6875,,1.0116986,441.5625,1377.1875,,1.055419,422.8125,1442.8125,,0.89337176,forward,144.70370568302275,1
706,23.556866666666668,194.4570541381836,596.25,997.5,,0.9884904,619.6875,1189.6875,,1.0030632,638.4375,1377.1875,,1.0419294,661.875,1428.75,,0.9010532,forward,149.77611789108212,1,493.125,997.5,,0.99453795,460.3125,1189.6875,,1.0013368,441.5625,1377.1875,,1.0472555,422.8125,1442.8125,,0.90470195,forward,144.70370568302275,1
707,23.590233333333334,188.99106979370117,596.25,997.5,,0.9932036,619.6875,1189.6875,,1.0078517,638.4375,1377.1875,,1.0474473,661.875,1428.75,,0.8899942,forward,149.77611789108212,1,493.125,997.5,,0.9990095,460.3125,1189.6875,,1.0082042,441.5625,1377.1875,,1.0518749,422.8125,1442.8125,,0.90337026,forward,144.70370568302275,1
708,23.6236,195.15085220336914,591.5625,997.5,,0.99581015,619.6875,1189.6875,,1.0110935,638.4375,1377.1875,,1.0506694,657.1875,1433.4375,,0.8844818,forward,149.77611789108212,1,493.125,997.5,,1.002069,460.3125,1189.6875,,1.0108813,441.5625,1377.1875,,1.0562766,422.8125,1442.8125,,0.8988744,forward,144.70370568302275,1
709,23.656966666666666,193.59493255615234,591.5625,997.5,,0.9967722,619.6875,1189.6875,,1.0139127,638.4375,1377.1875,,1.057553,657.1875,1428.75,,0.8917656,forward,149.77611789108212,1,493.125,997.5,,1.0031602,460.3125,1189.6875,,1.0132915,441.5625,1377.1875,,1.0616794,422.8125,1442.8125,,0.9050084,forward,144.70370568302275,1
710,23.690333333333335,193.4340000152588,591.5625,997.5,,1.0003994,615.0,1189.6875,,1.0158756,638.4375,1377.1875,,1.0616062,661.875,1428.75,,0.8953916,forward,149.77611789108212,0,493.125,997.5,,1.0061969,455.625,1189.6875,,1.0175853,441.5625,1377.1875,,1.0625908,422.8125,1442.8125,,0.9144569,forward,144.70370568302275,1
711,23.7237,193.68696212768555,591.5625,997.5,,1.0046079,615.0,1189.6875,,1.0168619,638.4375,1377.1875,,1.0633023,657.1875,1428.75,,0.8793737,forward,149.77611789108212,0,493.125,997.5,,1.010437,455.625,1194.375,,1.0175264,441.5625,1377.1875,,1.065282,422.8125,1442.8125,,0.897558,forward,145.8324048778315,1
712,23.757066666666667,194.288969039917,591.5625,997.5,,1.0085868,615.0,1189.6875,,1.0187666,638.4375,1377.1875,,1.0630586,657.1875,1428.75,,0.8749859,forward,149.77611789108212,0,493.125,997.5,,1.014081,455.625,1189.6875,,1.0191418,441.5625,1377.1875,,1.069987,422.8125,1438.125,,0.8952894,forward,144.70370568302275,1
713,23.790433333333333,193.9678192138672,591.5625,997.5,,1.0055438,615.0,1189.6875,,1.0201433,638.4375,1377.1875,,1.0663359,657.1875,1428.75,,0.87639225,forward,149.77611789108212,0,493.125,997.5,,1.0096484,455.625,1189.6875,,1.0242131,441.5625,1377.1875,,1.0774071,422.8125,1442.8125,,0.89490247,forward,144.70370568302275,1
714,23.823800000000002,195.07908821105957,591.5625,997.5,,1.007101,615.0,1189.6875,,1.0228219,638.4375,1377.1875,,1.0698822,657.1875,1428.75,,0.8805926,forward,149.77611789108212,0,488.4375,992.8125,,1.0113533,455.625,1189.6875,,1.0247889,441.5625,1377.1875,,1.0808208,422.8125,1442.8125,,0.89663076,forward,149.866408490906,1
715,23.857166666666668,196.84410095214844,591.5625,992.8125,,1.0119642,615.0,1189.6875,,1.0264516,638.4375,1377.1875,,1.0755408,657.1875,1428.75,,0.88271475,forward,154.9388206989654,0,493.125,992.8125,,1.016287,455.625,1189.6875,,1.0276971,441.5625,1377.1875,,1.0882232,422.8125,1438.125,,0.90009856,forward,149.866408490906,1
716,23.890533333333334,195.98007202148438,591.5625,992.8125,,1.0043063,615.0,1189.6875,,1.0227658,638.4375,1377.1875,,1.0736336,657.1875,1428.75,,0.8701066,forward,154.9388206989654,0,493.125,992.8125,,1.0074477,455.625,1189.6875,,1.0258924,441.5625,1377.1875,,1.08601,422.8125,1438.125,,0.88615453,forward,149.866408490906,1
717,23.9239,194.38791275024414,591.5625,992.8125,,1.0093973,615.0,1189.6875,,1.0253713,638.4375,1377.1875,,1.07703,657.1875,1428.75,,0.8793184,forward,154.9388206989654,0,493.125,992.8125,,1.0128691,455.625,1189.6875,,1.0288639,441.5625,1377.1875,,1.0892678,422.8125,1442.8125,,0.8987607,forward,149.866408490906,1
718,23.957266666666666,195.08790969848633,591.5625,992.8125,,1.0131731,619.6875,1189.6875,,1.0226216,638.4375,1377.1875,,1.0790488,661.875,1428.75,,0.87339664,forward,154.9388206989654,1,493.125,992.8125,,1.0157223,460.3125,1189.6875,,1.0291245,441.5625,1377.1875,,1.0879049,422.8125,1438.125,,0.8931378,forward,149.866408490906,1
719,23.990633333333335,200.93321800231934,591.5625,992.8125,,1.012412,619.6875,1189.6875,,1.0213195,638.4375,1377.1875,,1.078038,657.1875,1428.75,,0.87576926,forward,154.9388206989654,1,493.125,992.8125,,1.0163589,460.3125,1189.6875,,1.0280867,441.5625,1377.1875,,1.0890375,422.8125,1438.125,,0.89451313,forward,149.866408490906,1
720,24.024,191.96701049804688,591.5625,992.8125,,1.0103185,619.6875,1189.6875,,1.0199604,638.4375,1377.1875,,1.0725284,661.875,1428.75,,0.87417436,forward,154.9388206989654,1,493.125,992.8125,,1.0138763,460.3125,1189.6875,,1.0280033,441.5625,1377.1875,,1.087549,422.8125,1438.125,,0.8910769,forward,149.866408490906,1
721,24.057366666666667,204.55503463745117,591.5625,992.8125,,1.0123694,619.6875,1189.6875,,1.0222831,638.4375,1377.1875,,1.0744532,661.875,1428.75,,0.8879589,forward,154.9388206989654,1,493.125,992.8125,,1.0170922,460.3125,1189.6875,,1.0296793,441.5625,1377.1875,,1.0909927,422.8125,1442.8125,,0.9098166,forward,149.866408490906,1
722,24.090733333333333,192.4281120300293,591.5625,992.8125,,1.0122802,619.6875,1189.6875,,1.0210646,638.4375,1377.1875,,1.0718791,661.875,1428.75,,0.8872737,forward,154.9388206989654,1,493.125,992.8125,,1.0179822,460.3125,1189.6875,,1.0295651,441.5625,1377.1875,,1.0910411,422.8125,1442.8125,,0.9082863,forward,149.866408490906,1
723,24.124100000000002,191.04290008544922,591.5625,992.8125,,1.0130689,619.6875,1189.6875,,1.0220369,638.4375,1377.1875,,1.0705407,661.875,1428.75,,0.88456666,forward,154.9388206989654,1,493.125,992.8125,,1.0182352,460.3125,1189.6875,,1.0302018,441.5625,1377.1875,,1.0886321,422.8125,1442.8125,,0.90481174,forward,149.866408490906,1
724,24.157466666666668,196.12979888916016,591.5625,992.8125,,1.0108726,619.6875,1189.6875,,1.0210798,638.4375,1377.1875,,1.0690277,657.1875,1428.75,,0.8852499,forward,154.9388206989654,1,493.125,992.8125,,1.0158558,460.3125,1189.6875,,1.0276372,441.5625,1377.1875,,1.0841053,422.8125,1438.125,,0.90185726,forward,149.866408490906,1
725,24.190833333333334,191.81370735168457,591.5625,992.8125,,1.0157605,619.6875,1189.6875,,1.0335348,638.4375,1377.1875,,1.0647509,661.875,1428.75,,0.8974745,forward,154.9388206989654,1,493.125,992.8125,,1.020489,460.3125,1189.6875,,1.0359912,441.5625,1377.1875,,1.0846568,422.8125,1438.125,,0.920221,forward,149.866408490906,1
726,24.2242,196.29812240600586,591.5625,992.8125,,1.015434,619.6875,1189.6875,,1.0329893,638.4375,1377.1875,,1.0583014,661.875,1428.75,,0.90311587,forward,154.9388206989654,1,493.125,997.5,,1.0201843,455.625,1189.6875,,1.0320392,441.5625,1377.1875,,1.0813942,418.125,1442.8125,,0.92817664,forward,144.70370568302275,1
727,24.257566666666666,205.92379570007324,591.5625,992.8125,,1.0095128,619.6875,1189.6875,,1.0277802,638.4375,1377.1875,,1.0570623,661.875,1433.4375,,0.8982277,forward,154.9388206989654,1,493.125,997.5,,1.013764,455.625,1189.6875,,1.027875,441.5625,1377.1875,,1.07721,422.8125,1442.8125,,0.9248886,forward,144.70370568302275,1
728,24.290933333333335,192.89708137512207,591.5625,997.5,,1.0053914,619.6875,1189.6875,,1.0231793,638.4375,1377.1875,,1.0523264,661.875,1433.4375,,0.8945264,forward,149.77611789108212,1,493.125,997.5,,1.009855,455.625,1189.6875,,1.0227337,441.5625,1377.1875,,1.0710579,422.8125,1442.8125,,0.92077947,forward,144.70370568302275,1
729,24.3243,191.55192375183105,591.5625,997.5,,1.007204,619.6875,1189.6875,,1.0240587,638.4375,1377.1875,,1.0563216,657.1875,1433.4375,,0.8857447,forward,149.77611789108212,1,493.125,997.5,,1.0134648,455.625,1189.6875,,1.0208826,441.5625,1377.1875,,1.0729828,422.8125,1442.8125,,0.91073966,forward,144.70370568302275,1
730,24.357666666666667,192.21806526184082,591.5625,997.5,,1.008791,619.6875,1189.6875,,1.0265651,638.4375,1377.1875,,1.0599753,661.875,1433.4375,,0.9106592,forward,149.77611789108212,1,493.125,997.5,,1.0179522,455.625,1189.6875,,1.0220529,441.5625,1377.1875,,1.0763631,422.8125,1442.8125,,0.92462134,forward,144.70370568302275,1
731,24.391033333333333,189.13626670837402,591.5625,1002.1875,,1.0129471,624.375,1194.375,,1.0256195,638.4375,1377.1875,,1.0590535,661.875,1433.4375,,0.90217185,forward,144.48673901836764,1,493.125,1002.1875,,1.0215876,455.625,1189.6875,,1.0232015,441.5625,1377.1875,,1.0750747,422.8125,1442.8125,,0.9198044,forward,140.71831007786358,1
732,24.424400000000002,192.95835494995117,591.5625,1002.1875,,1.0197446,624.375,1189.6875,,1.0254492,638.4375,1377.1875,,1.0630388,661.875,1433.4375,,0.9003587,forward,145.79072228592298,1,488.4375,1002.1875,,1.0263145,455.625,1189.6875,,1.0256791,441.5625,1377.1875,,1.076828,422.8125,1442.8125,,0.91865706,forward,140.71831007786358,1
733,24.457766666666668,192.0928955078125,591.5625,1002.1875,,1.0235494,629.0625,1189.6875,,1.0267485,638.4375,1372.5,,1.0647864,661.875,1433.4375,,0.9132215,forward,140.5013434132085,1,488.4375,1002.1875,,1.0322762,450.9375,1189.6875,,1.0290793,441.5625,1377.1875,,1.0766348,418.125,1442.8125,,0.9243715,forward,140.71831007786358,1
734,24.491133333333334,202.4080753326416,591.5625,1002.1875,,1.0167344,629.0625,1189.6875,,1.0144254,638.4375,1372.5,,1.0523571,661.875,1433.4375,,0.91457677,forward,140.5013434132085,1,488.4375,1006.875,,1.0229194,450.9375,1194.375,,1.0149622,441.5625,1377.1875,,1.0630119,418.125,1442.8125,,0.9250449,forward,136.68430646478907,1
735,24.5245,192.92211532592773,591.5625,1002.1875,,1.0217395,629.0625,1189.6875,,1.0211414,638.4375,1372.5,,1.0606773,661.875,1433.4375,,0.9205092,forward,140.5013434132085,1,488.4375,1002.1875,,1.0282488,450.9375,1189.6875,,1.0224292,441.5625,1372.5,,1.069946,418.125,1442.8125,,0.9286082,forward,136.68430646478907,1
736,24.557866666666666,197.08013534545898,591.5625,1006.875,,1.0065931,629.0625,1194.375,,1.0088091,638.4375,1372.5,,1.0432588,661.875,1433.4375,,0.90968174,forward,136.41693094478597,1,488.4375,1006.875,,1.0179193,446.25,1189.6875,,1.0075073,441.5625,1372.5,,1.0545561,418.125,1442.8125,,0.92408705,forward,133.30405609561458,1
737,24.591233333333335,191.93792343139648,591.5625,1006.875,,1.0052081,633.75,1194.375,,1.0062399,638.4375,1372.5,,1.0404088,661.875,1433.4375,,0.9000281,forward,136.41693094478597,1,488.4375,1006.875,,1.0141426,446.25,1194.375,,1.002312,441.5625,1372.5,,1.0488331,418.125,1442.8125,,0.9171561,forward,133.2623351733421,1
738,24.6246,195.33705711364746,591.5625,1006.875,,0.9877471,633.75,1194.375,,0.99349046,638.4375,1372.5,,1.0240611,661.875,1433.4375,,0.89063776,forward,136.41693094478597,1,493.125,1011.5625,,0.998752,446.25,1194.375,,0.9868297,441.5625,1372.5,,1.0354011,418.125,1447.5,,0.9119497,forward,129.88208480416762,1
739,24.657966666666667,200.33907890319824,591.5625,1011.5625,,0.98106825,638.4375,1199.0625,,0.9855025,638.4375,1372.5,,1.0149282,661.875,1433.4375,,0.8787904,forward,132.95163773545568,1,488.4375,1011.5625,,0.994515,441.5625,1194.375,,0.9776529,441.5625,1372.5,,1.023483,418.125,1447.5,,0.90068495,forward,129.88208480416762,1
740,24.691333333333333,193.33767890930176,596.25,1011.5625,,0.9694816,638.4375,1194.375,,0.9770273,638.4375,1372.5,,1.0125849,661.875,1433.4375,,0.8645812,forward,133.03668057561148,1,493.125,1011.5625,,0.9840103,446.25,1194.375,,0.9763621,441.5625,1372.5,,1.0183424,418.125,1447.5,,0.89094394,forward,129.88208480416762,1
741,24.724700000000002,190.62018394470215,596.25,1016.25,,0.99342465,638.4375,1194.375,,0.9885364,638.4375,1372.5,,1.0270531,666.5625,1433.4375,,0.86828816,forward,130.0403589563427,1,493.125,1016.25,,1.0125309,441.5625,1194.375,,0.9938929,441.5625,1372.5,,1.0319039,418.125,1447.5,,0.8915696,forward,126.88576318489882,1
742,24.758066666666668,188.15016746520996,596.25,1016.25,,0.9692594,638.4375,1194.375,,0.96763164,638.4375,1372.5,,1.0085573,666.5625,1433.4375,,0.86616516,forward,130.0403589563427,1,493.125,1020.9375,,0.9883468,441.5625,1194.375,,0.9695244,441.5625,1372.5,,1.0178958,413.4375,1447.5,,0.8878404,forward,124.1600809818787,1
743,24.791433333333334,192.39211082458496,596.25,1020.9375,,0.9678078,643.125,1199.0625,,0.9642761,638.4375,1372.5,,1.011318,666.5625,1433.4375,,0.8685585,forward,126.57506574701239,1,497.8125,1025.625,,0.9914421,441.5625,1194.375,,0.9780576,441.5625,1372.5,,1.0210719,413.4375,1447.5,,0.885993,forward,121.63782516332088,1
744,24.8248,193.55010986328125,596.25,1025.625,,0.9658262,643.125,1199.0625,,0.9666358,638.4375,1372.5,,1.0088434,666.5625,1433.4375,,0.86762273,forward,123.84938354399227,1,497.8125,1030.3125,,0.98999757,441.5625,1194.375,,0.97835064,441.5625,1372.5,,1.0181866,413.4375,1447.5,,0.8851666,forward,119.27524883136812,1
745,24.858166666666666,197.3397731781006,600.9375,1035.0,,0.96938634,643.125,1199.0625,,0.9735472,638.4375,1372.5,,1.0142605,666.5625,1438.125,,0.8701159,forward,118.96455139348168,1,497.8125,1035.0,,0.9934508,441.5625,1199.0625,,0.9880111,446.25,1372.5,,1.0248698,413.4375,1447.5,,0.88321036,forward,116.24147343074056,1
746,24.891533333333335,192.0452117919922,596.25,1035.0,,0.96383274,643.125,1203.75,,0.95937765,638.4375,1372.5,,1.0003852,671.25,1438.125,,0.86894596,forward,118.2544667074132,1,497.8125,1035.0,,0.99120486,441.5625,1199.0625,,0.9810647,446.25,1372.5,,1.0142114,413.4375,1447.5,,0.89449966,forward,116.24147343074056,1
747,24.9249,191.23506546020508,596.25,1035.0,,0.9635372,643.125,1203.75,,0.95822704,638.4375,1372.5,,0.9954132,671.25,1438.125,,0.86002576,forward,118.2544667074132,1,497.8125,1039.6875,,0.9887233,436.875,1203.75,,0.9779016,446.25,1372.5,,1.0083287,413.4375,1447.5,,0.89267695,forward,113.48129517779095,1
748,24.958266666666667,191.97487831115723,596.25,1039.6875,,0.9708143,647.8125,1208.4375,,0.96593684,638.4375,1372.5,,0.99699646,671.25,1438.125,,0.8645323,forward,115.45844210747342,1,497.8125,1039.6875,,0.9967611,436.875,1203.75,,0.98825824,446.25,1372.5,,1.0132202,413.4375,1447.5,,0.89441824,forward,113.48129517779095,1
749,24.991633333333333,192.32988357543945,596.25,1044.375,,0.9660014,647.8125,1213.125,,0.9598795,638.4375,1372.5,,0.9962614,671.25,1438.125,,0.8557205,forward,112.87023523743302,1,497.8125,1044.375,,0.9915017,436.875,1208.4375,,0.9912168,446.25,1372.5,,1.0122359,413.4375,1447.5,,0.8861711,forward,110.92670154318793,1
750,25.025000000000002,191.680908203125,596.25,1049.0625,,0.9740586,647.8125,1217.8125,,0.9740229,638.4375,1372.5,,0.99266815,671.25,1438.125,,0.8601872,forward,110.44506986917185,1,497.8125,1049.0625,,0.99657714,432.1875,1213.125,,1.000268,446.25,1372.5,,1.0084887,413.4375,1447.5,,0.89775074,forward,108.53344685287333,1
751,25.058366666666668,206.82907104492188,596.25,1049.0625,,0.9708698,647.8125,1217.8125,,0.9763187,638.4375,1372.5,,0.98998475,666.5625,1438.125,,0.85561204,forward,110.44506986917185,1,497.8125,1053.75,,0.9929457,432.1875,1213.125,,0.9993313,446.25,1372.5,,1.0096961,408.75,1447.5,,0.89596176,forward,106.30019343157265,1
752,25.091733333333334,200.81424713134766,596.25,1053.75,,0.9687553,647.8125,1217.8125,,0.9863024,638.4375,1372.5,,0.99072504,666.5625,1438.125,,0.86006445,forward,108.08249353721908,1,497.8125,1053.75,,0.9918984,427.5,1213.125,,1.0031459,446.25,1372.5,,1.016132,408.75,1447.5,,0.89736104,forward,106.30019343157265,1
753,25.1251,198.32801818847656,596.25,1053.75,,0.9577204,647.8125,1217.8125,,0.97959936,638.4375,1367.8125,,0.9952941,666.5625,1438.125,,0.84872437,forward,105.7892707779065,1,497.8125,1058.4375,,0.97655207,427.5,1213.125,,0.9965656,446.25,1372.5,,1.0180107,408.75,1447.5,,0.88928056,forward,104.1741568745738,1
754,25.158466666666666,202.12602615356445,596.25,1058.4375,,0.96343076,647.8125,1217.8125,,0.98144305,638.4375,1372.5,,0.9912287,666.5625,1438.125,,0.8520738,forward,105.8492401159184,1,497.8125,1058.4375,,0.9830541,427.5,1213.125,,1.002154,446.25,1372.5,,1.0159503,408.75,1442.8125,,0.89115417,forward,104.1741568745738,1
755,25.191833333333335,197.2360610961914,596.25,1063.125,,0.9608129,647.8125,1217.8125,,0.9795917,638.4375,1372.5,,0.98300636,671.25,1438.125,,0.84660614,forward,103.72320355891955,1,497.8125,1063.125,,0.9818492,427.5,1213.125,,1.0033166,446.25,1377.1875,,1.0113873,408.75,1442.8125,,0.87599576,forward,104.53192199157166,1
756,25.2252,197.92699813842773,596.25,1063.125,,0.96415997,647.8125,1217.8125,,0.98061895,638.4375,1372.5,,0.9900236,666.5625,1438.125,,0.8365251,forward,103.72320355891955,1,497.8125,1067.8125,,0.9851687,427.5,1213.125,,1.0095026,446.25,1372.5,,1.017195,408.75,1442.8125,,0.86552805,forward,100.18076799903976,1
757,25.258566666666667,193.70412826538086,596.25,1067.8125,,0.9614457,647.8125,1222.5,,0.98025566,638.4375,1372.5,,0.97983474,671.25,1438.125,,0.8266754,forward,101.42998079960697,1,497.8125,1072.5,,0.97851276,427.5,1217.8125,,1.0049214,446.25,1377.1875,,1.0111133,408.75,1442.8125,,0.8459827,forward,100.18076799903976,1
758,25.291933333333333,193.75896453857422,596.25,1067.8125,,0.956601,647.8125,1217.8125,,0.9826326,638.4375,1372.5,,0.9823926,666.5625,1438.125,,0.82013905,forward,101.68771398560281,1,493.125,1072.5,,0.9745952,427.5,1217.8125,,1.0042946,446.25,1377.1875,,1.0147953,413.4375,1442.8125,,0.8369194,forward,100.18076799903976,1
759,25.325300000000002,195.37115097045898,596.25,1067.8125,,0.9672225,647.8125,1222.5,,0.9876677,638.4375,1372.5,,0.9718525,671.25,1438.125,,0.8201315,forward,101.42998079960697,1,493.125,1072.5,,0.9864055,427.5,1222.5,,1.0079992,446.25,1377.1875,,1.0067863,413.4375,1447.5,,0.83371425,forward,99.87602153376906,1
760,25.358666666666668,196.213960647583,596.25,1072.5,,0.9571836,647.8125,1222.5,,0.9790692,638.4375,1372.5,,0.97607803,671.25,1438.125,,0.82070196,forward,99.39449122629023,1,493.125,1072.5,,0.97377694,427.5,1222.5,,1.0008558,446.25,1377.1875,,1.0030102,413.4375,1442.8125,,0.83779895,forward,99.87602153376906,1
761,25.392033333333334,191.30897521972656,596.25,1072.5,,0.95788574,647.8125,1222.5,,0.98074186,638.4375,1372.5,,0.97321075,671.25,1433.4375,,0.8334744,forward,99.39449122629023,1,493.125,1077.1875,,0.97469413,422.8125,1222.5,,1.001945,446.25,1377.1875,,0.9953773,408.75,1442.8125,,0.85155886,forward,97.91812223155176,1
762,25.4254,190.39201736450195,591.5625,1072.5,,0.9567009,647.8125,1222.5,,0.9808682,638.4375,1372.5,,0.98089826,671.25,1433.4375,,0.8337033,forward,99.39449122629023,1,493.125,1077.1875,,0.972084,422.8125,1222.5,,0.99954796,446.25,1372.5,,1.0052303,408.75,1442.8125,,0.85335064,forward,95.76374222188274,1
763,25.458766666666666,191.9841766357422,591.5625,1072.5,,0.96096134,647.8125,1222.5,,0.985224,638.4375,1372.5,,0.9717927,671.25,1438.125,,0.82482624,forward,99.39449122629023,1,493.125,1072.5,,0.9752015,422.8125,1222.5,,0.9994206,446.25,1377.1875,,1.0040504,408.75,1442.8125,,0.84180945,forward,99.87602153376906,1
764,25.492133333333335,191.3449764251709,591.5625,1072.5,,0.96019447,647.8125,1222.5,,0.9866698,638.4375,1372.5,,0.97696245,671.25,1433.4375,,0.8271327,forward,99.39449122629023,1,493.125,1072.5,,0.97701156,422.8125,1217.8125,,1.0011983,446.25,1372.5,,1.0068241,408.75,1442.8125,,0.8436028,forward,97.91812223155176,1
765,25.5255,200.7901668548584,591.5625,1067.8125,,0.9665742,647.8125,1217.8125,,0.9843275,638.4375,1372.5,,0.98225677,671.25,1433.4375,,0.8346169,forward,101.68771398560281,1,493.125,1067.8125,,0.98078173,422.8125,1217.8125,,1.0075853,446.25,1372.5,,1.012265,408.75,1442.8125,,0.85739225,forward,99.87602153376906,1
766,25.558866666666667,217.26274490356445,591.5625,1063.125,,0.9645556,647.8125,1217.8125,,0.9783294,633.75,1372.5,,0.9896698,671.25,1438.125,,0.82417333,forward,103.72320355891955,1,493.125,1067.8125,,0.98037565,427.5,1213.125,,1.0052139,446.25,1377.1875,,1.0145353,408.75,1447.5,,0.85930073,forward,102.57402268935436,1
767,25.592233333333333,210.0999355316162,591.5625,1053.75,,0.9702891,647.8125,1217.8125,,0.98457944,638.4375,1372.5,,0.99096024,671.25,1438.125,,0.8443786,forward,108.08249353721908,1,493.125,1058.4375,,0.98905206,427.5,1213.125,,1.0111617,446.25,1372.5,,1.013241,408.75,1447.5,,0.87375116,forward,104.1741568745738,1
768,25.625600000000002,195.50371170043945,596.25,1049.0625,,0.9632442,643.125,1208.4375,,0.97491556,633.75,1372.5,,0.99837756,671.25,1438.125,,0.85779214,forward,110.86261235421998,1,493.125,1049.0625,,0.9845545,427.5,1203.75,,1.0060766,446.25,1372.5,,1.0151579,408.75,1447.5,,0.87146616,forward,109.12200519949143,1
769,25.658966666666668,194.48089599609375,591.5625,1039.6875,,0.9629236,638.4375,1199.0625,,0.97879523,638.4375,1372.5,,0.9992899,671.25,1433.4375,,0.85749817,forward,116.73129797218101,1,488.4375,1039.6875,,0.98016924,432.1875,1203.75,,0.9993116,446.25,1372.5,,1.0185153,408.75,1447.5,,0.8652253,forward,113.48129517779095,1
770,25.692333333333334,197.80492782592773,586.875,1030.3125,,0.9532122,638.4375,1194.375,,0.9691098,638.4375,1372.5,,0.9948003,671.25,1433.4375,,0.83736974,forward,122.42984460281197,1,488.4375,1035.0,,0.97751176,432.1875,1194.375,,0.9890027,446.25,1372.5,,1.016665,413.4375,1447.5,,0.8532323,forward,117.04199541006744,1
771,25.7257,195.6329345703125,586.875,1020.9375,,0.9541625,629.0625,1194.375,,0.96303606,638.4375,1372.5,,0.9980897,666.5625,1433.4375,,0.8392058,forward,127.31467675332256,1,483.75,1025.625,,0.97527885,432.1875,1189.6875,,0.98458636,446.25,1372.5,,1.011015,413.4375,1442.8125,,0.85117644,forward,122.69722012281508,1
772,25.759066666666666,199.9659538269043,586.875,1011.5625,,0.95804363,629.0625,1189.6875,,0.9673673,633.75,1372.5,,0.9997057,666.5625,1438.125,,0.83715236,forward,134.1247714247652,1,483.75,1011.5625,,0.9760462,432.1875,1189.6875,,0.9823397,446.25,1367.8125,,1.0059214,413.4375,1442.8125,,0.84337276,forward,126.88576318489882,1
773,25.792433333333335,198.5607147216797,582.1875,1006.875,,0.9647338,624.375,1189.6875,,0.966597,633.75,1372.5,,1.0026424,661.875,1438.125,,0.8400907,forward,137.121093044034,1,479.0625,1006.875,,0.9780428,432.1875,1189.6875,,0.98187125,441.5625,1372.5,,1.0132657,418.125,1442.8125,,0.8565092,forward,133.30405609561458,1
774,25.8258,188.54713439941406,577.5,1002.1875,,0.97237587,619.6875,1189.6875,,0.9758901,638.4375,1372.5,,1.0110188,661.875,1433.4375,,0.8500706,forward,140.5013434132085,1,474.375,1002.1875,,0.9864756,432.1875,1185.0,,0.99153733,441.5625,1372.5,,1.0234079,418.125,1442.8125,,0.8630749,forward,137.33805970868912,1
775,25.859166666666667,191.86091423034668,572.8125,997.5,,0.9815525,615.0,1185.0,,0.98105097,638.4375,1372.5,,1.0184112,661.875,1438.125,,0.8612337,forward,145.79072228592298,1,474.375,997.5,,0.99294925,436.875,1185.0,,0.9966515,441.5625,1372.5,,1.0384318,418.125,1442.8125,,0.87269866,forward,140.71831007786358,1
776,25.892533333333333,190.507173538208,568.125,997.5,,0.9980144,610.3125,1189.6875,,1.0004555,638.4375,1372.5,,1.0349447,661.875,1433.4375,,0.8673854,forward,144.48673901836764,1,469.6875,997.5,,1.0041139,436.875,1185.0,,1.0082749,441.5625,1372.5,,1.0512938,418.125,1442.8125,,0.8866099,forward,140.71831007786358,1
777,25.925900000000002,190.67978858947754,563.4375,997.5,,0.99185395,610.3125,1189.6875,,0.9978019,638.4375,1377.1875,,1.0340536,661.875,1433.4375,,0.8818072,forward,149.77611789108212,1,465.0,997.5,,0.9930517,436.875,1189.6875,,1.003525,441.5625,1377.1875,,1.0494485,418.125,1442.8125,,0.899551,forward,144.70370568302275,1
778,25.959266666666668,190.58728218078613,558.75,992.8125,,0.99158776,605.625,1189.6875,,1.0099258,638.4375,1372.5,,1.0424588,661.875,1433.4375,,0.8755895,forward,149.64944182625092,1,460.3125,992.8125,,0.98897743,436.875,1189.6875,,1.0125694,436.875,1377.1875,,1.0568808,418.125,1442.8125,,0.8988371,forward,149.866408490906,1
779,25.992633333333334,192.0788288116455,558.75,992.8125,,0.9870848,605.625,1189.6875,,1.0060512,638.4375,1372.5,,1.0404072,661.875,1433.4375,,0.8644701,forward,149.64944182625092,1,455.625,997.5,,0.98619705,436.875,1189.6875,,1.005478,436.875,1377.1875,,1.0543985,418.125,1442.8125,,0.8928714,forward,144.70370568302275,1
