frame,timeframe,frame_processing_time_ms,frame_width,frame_height,left_hip_x,left_hip_y,left_hip_z,left_hip_conf,left_knee_x,left_knee_y,left_knee_z,left_knee_conf,left_ankle_x,left_ankle_y,left_ankle_z,left_ankle_conf,left_foot_index_x,left_foot_index_y,left_foot_index_z,left_foot_index_conf,left_foot_direction,left_knee_angle,left_knee_incorrect,right_hip_x,right_hip_y,right_hip_z,right_hip_conf,right_knee_x,right_knee_y,right_knee_z,right_knee_conf,right_ankle_x,right_ankle_y,right_ankle_z,right_ankle_conf,right_foot_index_x,right_foot_index_y,right_foot_index_z,right_foot_index_conf,right_foot_direction,right_knee_angle,right_knee_incorrect
0,0.0,198.0443000793457,1080,1920,0.5458623766899109,0.5205999612808228,,0.9997308850288391,0.5663804411888123,0.6228704452514648,,0.9787043333053589,0.5868737101554871,0.7193940877914429,,0.9785148501396179,0.6090288162231445,0.7490990161895752,,0.9648341536521912,forward,180.0,0,0.45517075061798096,0.5246443748474121,,0.9996762275695801,0.42964738607406616,0.625873327255249,,0.978010356426239,0.41201072931289673,0.7181628346443176,,0.976982593536377,0.40262359380722046,0.7515448927879333,,0.9651973247528076,forward,180.0,1
1,0.03336666666666667,63.11798095703125,1080,1920,0.5453006625175476,0.5206383466720581,,0.9997279644012451,0.5659533739089966,0.6227535009384155,,0.979645311832428,0.5869845747947693,0.7193704843521118,,0.9794336557388306,0.6066816449165344,0.7487699389457703,,0.9662554860115051,forward,176.84176301310146,0,0.45501819252967834,0.5243512392044067,,0.999673068523407,0.42965298891067505,0.6257141828536987,,0.9790992736816406,0.41208577156066895,0.718154788017273,,0.9779486060142517,0.4020099639892578,0.751430869102478,,0.9664583206176758,forward,180.0,1
2,0.06673333333333334,130.01298904418945,1080,1920,0.5445937514305115,0.5207282304763794,,0.9997260570526123,0.5655208230018616,0.622749924659729,,0.9805979132652283,0.5870999097824097,0.7193815112113953,,0.980339527130127,0.6062725186347961,0.7486780285835266,,0.9676375985145569,forward,176.0026992097955,0,0.45462313294410706,0.5243164300918579,,0.9996705651283264,0.4296380579471588,0.6256453394889832,,0.9801505208015442,0.4120962619781494,0.7181351184844971,,0.978893518447876,0.4010380506515503,0.7513229250907898,,0.9676839113235474,forward,178.51519889597398,1
3,0.10010000000000001,72.66712188720703,1080,1920,0.544021487236023,0.5207397937774658,,0.9997252821922302,0.565079391002655,0.6227129101753235,,0.9814301133155823,0.5871015787124634,0.719226062297821,,0.9811416268348694,0.6060580015182495,0.7485668063163757,,0.9688938856124878,forward,172.79265296311925,0,0.4541884958744049,0.5241519212722778,,0.9996699690818787,0.4295332431793213,0.6256242990493774,,0.9811105132102966,0.41205736994743347,0.7181333303451538,,0.9797746539115906,0.4005343019962311,0.7513247728347778,,0.968841552734375,forward,180.0,1
4,0.13346666666666668,56.120872497558594,1080,1920,0.543563723564148,0.5207420587539673,,0.9997254610061646,0.5648884177207947,0.6227176189422607,,0.9822577238082886,0.5870642066001892,0.7191715836524963,,0.981947124004364,0.6060419082641602,0.748540997505188,,0.9701635837554932,forward,172.17316630581843,0,0.4536689221858978,0.5238751769065857,,0.9996698498725891,0.4286545217037201,0.6256142258644104,,0.9820592999458313,0.4120268225669861,0.7181344628334045,,0.9806591868400574,0.40051576495170593,0.7513285279273987,,0.9700222015380859,forward,180.0,1
5,0.16683333333333333,63.185930252075195,1080,1920,0.542846143245697,0.5208313465118408,,0.9997264742851257,0.5646753311157227,0.622686505317688,,0.9829892516136169,0.5870253443717957,0.7187227010726929,,0.9826471209526062,0.6060625910758972,0.7482689619064331,,0.9712873697280884,forward,168.4710105701145,0,0.4529372751712799,0.5237920880317688,,0.999671459197998,0.4272080957889557,0.6256011128425598,,0.9829490780830383,0.411989688873291,0.718124508857727,,0.9815037846565247,0.4004524350166321,0.7512590885162354,,0.9711666107177734,forward,180.0,1
6,0.20020000000000002,51.383018493652344,1080,1920,0.5422640442848206,0.5211913585662842,,0.9997279047966003,0.564332902431488,0.6227087378501892,,0.9836264252662659,0.5870175361633301,0.7185743451118469,,0.983211100101471,0.6058530807495117,0.7481891512870789,,0.9722002744674683,forward,165.82349152534235,0,0.45235830545425415,0.5237939953804016,,0.9996737241744995,0.42582544684410095,0.6255814433097839,,0.9837067723274231,0.41197487711906433,0.718101441860199,,0.9822084307670593,0.4004165828227997,0.7511963248252869,,0.9721149206161499,forward,178.32935776358315,1
7,0.23356666666666667,57.3577880859375,1080,1920,0.5419524908065796,0.5213412046432495,,0.9997279047966003,0.5639086961746216,0.6229776740074158,,0.9842157959938049,0.5869582295417786,0.7186611890792847,,0.9837518334388733,0.6052353978157043,0.7483054995536804,,0.9730596542358398,forward,165.5842587694353,0,0.45194652676582336,0.523804783821106,,0.9996740818023682,0.42456549406051636,0.625587522983551,,0.9843470454216003,0.41195425391197205,0.7180857062339783,,0.9827929735183716,0.40039199590682983,0.7510587573051453,,0.9729040265083313,forward,177.36037589608586,1
8,0.26693333333333336,51.96499824523926,1080,1920,0.5417069792747498,0.5217303037643433,,0.9997255802154541,0.5632155537605286,0.624055027961731,,0.9848220944404602,0.5867587924003601,0.7187202572822571,,0.9842963218688965,0.6038364768028259,0.7483609318733215,,0.973918080329895,forward,168.42160122254126,0,0.45169714093208313,0.5238243937492371,,0.9996716380119324,0.4236174523830414,0.625585675239563,,0.984966516494751,0.41194793581962585,0.71783447265625,,0.9833235740661621,0.40036308765411377,0.7510138154029846,,0.9736216068267822,forward,173.82985584198696,1
9,0.3003,52.90079116821289,1080,1920,0.5414623022079468,0.5221784710884094,,0.9997241497039795,0.5627843141555786,0.6252763867378235,,0.9853923916816711,0.5867019295692444,0.7187643051147461,,0.9847733378410339,0.6029778122901917,0.7483547925949097,,0.9746493101119995,forward,165.34516607378666,0,0.4514726400375366,0.5239971876144409,,0.9996702075004578,0.4229949116706848,0.6255913972854614,,0.9855092167854309,0.4119260311126709,0.7177274823188782,,0.9837632179260254,0.4000999629497528,0.7510026097297668,,0.9741904735565186,forward,171.0329698507097,1
10,0.33366666666666667,52.50096321105957,1080,1920,0.5413168668746948,0.5226457118988037,,0.9997208714485168,0.5626721382141113,0.6267834901809692,,0.9857824444770813,0.5866482853889465,0.7188425660133362,,0.9850924015045166,0.6020945310592651,0.7483342289924622,,0.975152850151062,forward,162.30367740874112,0,0.45140591263771057,0.5245516300201416,,0.9996656775474548,0.4230801463127136,0.6259319186210632,,0.9859498143196106,0.41192540526390076,0.717696487903595,,0.9840773940086365,0.40004056692123413,0.7509909272193909,,0.9745790362358093,forward,167.3968063874257,1
11,0.3670333333333333,64.73398208618164,1080,1920,0.541297972202301,0.5234013199806213,,0.999721109867096,0.5626607537269592,0.6278721690177917,,0.9862765669822693,0.5865669250488281,0.7190414071083069,,0.9854764342308044,0.6016690731048584,0.7483341693878174,,0.9757677316665649,forward,160.64313082270212,0,0.45138585567474365,0.5257471799850464,,0.9996660351753235,0.4231093227863312,0.626886785030365,,0.9864778518676758,0.41191133856773376,0.7176461815834045,,0.9845250248908997,0.3999631106853485,0.7509183287620544,,0.9751943945884705,forward,162.2198907124422,1
12,0.40040000000000003,49.31306838989258,1080,1920,0.5413506031036377,0.523929238319397,,0.9997204542160034,0.562653124332428,0.6286911368370056,,0.986710786819458,0.5862837433815002,0.7191155552864075,,0.9857963919639587,0.6010048389434814,0.7483332753181458,,0.976262629032135,forward,159.3520253769396,0,0.45147016644477844,0.5267117023468018,,0.9996654987335205,0.42365431785583496,0.6275346875190735,,0.9868946075439453,0.41186144948005676,0.7176087498664856,,0.9848456382751465,0.39985087513923645,0.7504931092262268,,0.9756134748458862,forward,158.806353045841,1
13,0.4337666666666667,60.81581115722656,1080,1920,0.541368305683136,0.5243045687675476,,0.999716579914093,0.5629505515098572,0.6285136342048645,,0.9870830178260803,0.5860133767127991,0.719102144241333,,0.9860824942588806,0.6007207632064819,0.7483262419700623,,0.9766955375671387,forward,153.74096432803518,0,0.45150041580200195,0.5272743701934814,,0.9996618628501892,0.4241281747817993,0.627708375453949,,0.9872531294822693,0.4117910861968994,0.7175304293632507,,0.9851445555686951,0.3998536765575409,0.7499875426292419,,0.9759921431541443,forward,156.69347915289205,1
14,0.46713333333333334,56.345224380493164,1080,1920,0.5414120554924011,0.524885356426239,,0.9997079968452454,0.5634803771972656,0.6285781860351562,,0.9873381853103638,0.5858238339424133,0.7192133665084839,,0.986238956451416,0.600641131401062,0.7484185695648193,,0.976896345615387,forward,151.51701974578967,0,0.45165008306503296,0.527890682220459,,0.9996528029441833,0.42493829131126404,0.6278204321861267,,0.9874247312545776,0.4117869436740875,0.7174418568611145,,0.9852200150489807,0.4000014364719391,0.7494299411773682,,0.9760177731513977,forward,154.58621406496127,1
15,0.5005000000000001,49.24583435058594,1080,1920,0.5414744019508362,0.5248686075210571,,0.9996959567070007,0.5647425055503845,0.6283582448959351,,0.9876390099525452,0.5857497453689575,0.7191786170005798,,0.9864233136177063,0.600422739982605,0.7484356164932251,,0.9771052002906799,forward,151.0899229366356,0,0.4517209231853485,0.5278811454772949,,0.9996416568756104,0.4252820312976837,0.6278073191642761,,0.9876216053962708,0.41179946064949036,0.7172719240188599,,0.9853271842002869,0.4001539945602417,0.7488501667976379,,0.9760443568229675,forward,154.1899418652933,1
16,0.5338666666666667,56.05506896972656,1080,1920,0.5415838956832886,0.5255455374717712,,0.9996793866157532,0.5659746527671814,0.6282703280448914,,0.9877596497535706,0.5855533480644226,0.7191806435585022,,0.9863960146903992,0.6000671982765198,0.7485467195510864,,0.9769935011863708,forward,148.86768447899527,1,0.4518156349658966,0.5281850695610046,,0.9996263384819031,0.4252339005470276,0.6278165578842163,,0.9876653552055359,0.4118061065673828,0.7171952724456787,,0.985223114490509,0.40022534132003784,0.7485800385475159,,0.9757717251777649,forward,153.14763180100405,1
17,0.5672333333333334,56.34713172912598,1080,1920,0.5417682528495789,0.5263771414756775,,0.9996592998504639,0.5687869787216187,0.6283066868782043,,0.9875599145889282,0.5853563547134399,0.7191849946975708,,0.9860673546791077,0.6000491380691528,0.7486343383789062,,0.9764577746391296,forward,146.7758056628254,1,0.4519089162349701,0.5289134979248047,,0.999604344367981,0.42516788840293884,0.6279138922691345,,0.987429678440094,0.4118717610836029,0.7171582579612732,,0.9848089814186096,0.40098506212234497,0.7485354542732239,,0.9750238060951233,forward,151.21107506787467,1
18,0.6006,49.51190948486328,1080,1920,0.5424618124961853,0.527967631816864,,0.9996406435966492,0.5717363357543945,0.6287816762924194,,0.9859340190887451,0.5851001143455505,0.7192542552947998,,0.9847556352615356,0.600121259689331,0.7486938238143921,,0.9743448495864868,forward,143.65378173088197,1,0.4523389935493469,0.5306949019432068,,0.9995802044868469,0.42408519983291626,0.6289060115814209,,0.9855822324752808,0.4122099280357361,0.7171554565429688,,0.9829094409942627,0.4010232985019684,0.7485069632530212,,0.9724464416503906,forward,147.2394526410089,1
19,0.6339666666666667,55.67479133605957,1080,1920,0.5437124967575073,0.5302883386611938,,0.9996249675750732,0.573549211025238,0.6296910643577576,,0.9845654964447021,0.5850950479507446,0.719326913356781,,0.9836341142654419,0.600495457649231,0.7486982941627502,,0.9724124073982239,forward,139.65859152878147,1,0.4529518783092499,0.5336978435516357,,0.9995613098144531,0.4227299094200134,0.6298862099647522,,0.9836916923522949,0.41247305274009705,0.7172060012817383,,0.9810867309570312,0.4004238247871399,0.7487388849258423,,0.9699517488479614,forward,141.56530382231318,1
20,0.6673333333333333,56.62798881530762,1080,1920,0.5442657470703125,0.5326133966445923,,0.9996185302734375,0.5755450129508972,0.629876971244812,,0.9835518002510071,0.5850879549980164,0.7188594341278076,,0.9826324582099915,0.6004060506820679,0.7487622499465942,,0.9706440567970276,forward,135.24017920133306,1,0.4533740282058716,0.5355794429779053,,0.9995539784431458,0.4208323061466217,0.6305659413337708,,0.9822272062301636,0.4131455719470978,0.7170391082763672,,0.9795988202095032,0.3991331458091736,0.7487425208091736,,0.9679308533668518,forward,138.0703421095714,1
21,0.7007,55.72199821472168,1080,1920,0.5448967814445496,0.5354982018470764,,0.9996074438095093,0.5760241746902466,0.6310919523239136,,0.984381914138794,0.58465576171875,0.7188648581504822,,0.9831556677818298,0.6005628705024719,0.7487615346908569,,0.9713772535324097,forward,131.1260947397257,1,0.45454972982406616,0.5379160046577454,,0.9995444416999817,0.42012184858322144,0.6306542158126831,,0.983034610748291,0.41333088278770447,0.716166079044342,,0.9802647829055786,0.39894863963127136,0.7487439513206482,,0.9686957001686096,forward,133.1813798231124,1
22,0.7340666666666666,55.71103096008301,1080,1920,0.5451512932777405,0.538793683052063,,0.9996050596237183,0.5763997435569763,0.6318649053573608,,0.9841787219047546,0.5838470458984375,0.7189599275588989,,0.982689619064331,0.600766122341156,0.7485636472702026,,0.9706001281738281,forward,127.00457886253997,1,0.45526841282844543,0.5414121150970459,,0.999543309211731,0.41669270396232605,0.6311400532722473,,0.9825156331062317,0.4135061204433441,0.7160013914108276,,0.9797384142875671,0.3978320062160492,0.748828113079071,,0.9680009484291077,forward,128.32229427990362,1
23,0.7674333333333333,55.92918395996094,1080,1920,0.5451816320419312,0.542765200138092,,0.9995965957641602,0.5783186554908752,0.6317296624183655,,0.9845244288444519,0.5832106471061707,0.7189302444458008,,0.9826269745826721,0.6008810997009277,0.7484745383262634,,0.9705244898796082,forward,122.60112481779217,1,0.4558219015598297,0.5455924272537231,,0.9995342493057251,0.41471660137176514,0.6322384476661682,,0.9828429222106934,0.4136490225791931,0.7159767150878906,,0.9798282384872437,0.3950057327747345,0.7488309144973755,,0.9681634306907654,forward,123.15758269049633,1
24,0.8008000000000001,55.80401420593262,1080,1920,0.5451866984367371,0.5464655756950378,,0.9995923042297363,0.5804088115692139,0.6318382024765015,,0.9850276112556458,0.5829522609710693,0.7189333438873291,,0.9826935529708862,0.6011228561401367,0.7484686970710754,,0.9706846475601196,forward,118.91048087280495,1,0.45608869194984436,0.549331545829773,,0.9995197653770447,0.4124455749988556,0.6344391107559204,,0.9832051992416382,0.4136185348033905,0.7157489657402039,,0.9795993566513062,0.3943215608596802,0.748916745185852,,0.9679319262504578,forward,118.21353469152751,1
25,0.8341666666666667,55.938720703125,1080,1920,0.5450417995452881,0.550076425075531,,0.999585747718811,0.5808231830596924,0.633419394493103,,0.9855954051017761,0.5830231308937073,0.7192214131355286,,0.9828506112098694,0.6014792323112488,0.7484683990478516,,0.970991313457489,forward,115.3210995465093,1,0.45666566491127014,0.551899254322052,,0.9995092749595642,0.4097847044467926,0.6362887620925903,,0.9837296009063721,0.4129640460014343,0.7157210111618042,,0.9796515107154846,0.3929252326488495,0.7489196062088013,,0.9680943489074707,forward,115.13559492597464,1
26,0.8675333333333334,58.2118034362793,1080,1920,0.544922411441803,0.5551108717918396,,0.999581515789032,0.5819428563117981,0.6341373920440674,,0.9861709475517273,0.5840135812759399,0.7189750671386719,,0.9830105304718018,0.6021729111671448,0.7483435869216919,,0.9713221788406372,forward,110.36411254993517,1,0.4567037522792816,0.5559433698654175,,0.9995076656341553,0.40797269344329834,0.6369847059249878,,0.9843984246253967,0.4116271138191223,0.7155598402023315,,0.9800409078598022,0.3919089138507843,0.7487934827804565,,0.9686546921730042,forward,110.88083452151042,1
27,0.9009,55.384159088134766,1080,1920,0.5447607636451721,0.5585607290267944,,0.9995912909507751,0.583266019821167,0.6344555020332336,,0.9867799878120422,0.5841337442398071,0.7189581990242004,,0.9831858277320862,0.6031161546707153,0.748174250125885,,0.971758246421814,forward,107.40699484249708,1,0.4566790461540222,0.5591664910316467,,0.9995197653770447,0.4067821800708771,0.6365688443183899,,0.9850648641586304,0.41080498695373535,0.715243935585022,,0.980431079864502,0.3912068009376526,0.7487993240356445,,0.9692524671554565,forward,107.73520557986323,1
28,0.9342666666666667,54.82292175292969,1080,1920,0.5444274544715881,0.5616706609725952,,0.9996085166931152,0.5848751068115234,0.6346534490585327,,0.9874429702758789,0.5845479965209961,0.7197213768959045,,0.9834482669830322,0.6042394042015076,0.7481408715248108,,0.9723730683326721,forward,105.84166166333645,1,0.45642539858818054,0.5626032948493958,,0.9995381832122803,0.40449050068855286,0.6364772319793701,,0.9856718182563782,0.41049984097480774,0.7150190472602844,,0.9805974364280701,0.39101818203926086,0.748752772808075,,0.9696679711341858,forward,104.61056425797084,1
29,0.9676333333333333,54.61621284484863,1080,1920,0.5442091822624207,0.5651177167892456,,0.999630868434906,0.5853365659713745,0.634967029094696,,0.9881061315536499,0.5845772624015808,0.7199875712394714,,0.9838109612464905,0.6047897934913635,0.7482114434242249,,0.9731238484382629,forward,103.43954651176797,1,0.4560478627681732,0.5659598112106323,,0.9995628595352173,0.40321066975593567,0.6363469362258911,,0.986291229724884,0.40940386056900024,0.715019166469574,,0.9807440638542175,0.3911200165748596,0.7487026453018188,,0.9700621962547302,forward,101.9820298089306,1
30,1.0010000000000001,54.59403991699219,1080,1920,0.5440389513969421,0.5690758228302002,,0.9996532201766968,0.585488498210907,0.6359329223632812,,0.9887170195579529,0.5845760703086853,0.7199859023094177,,0.9840590953826904,0.6049236059188843,0.7482361197471619,,0.973753035068512,forward,100.09515023513656,1,0.45562422275543213,0.5697088241577148,,0.9995890855789185,0.40180233120918274,0.6365559697151184,,0.9869009256362915,0.40907058119773865,0.7152053713798523,,0.9809756875038147,0.3911905586719513,0.7484528422355652,,0.9705374836921692,forward,99.25756692771651,1
31,1.0343666666666667,54.71944808959961,1080,1920,0.5439317226409912,0.573081374168396,,0.9996768832206726,0.5862641930580139,0.6363745331764221,,0.9893502593040466,0.5845381021499634,0.7202523350715637,,0.9844657182693481,0.605508029460907,0.7483046650886536,,0.9745714664459229,forward,97.39750895483375,1,0.4552852213382721,0.5738275051116943,,0.9996167421340942,0.4007895290851593,0.6364540457725525,,0.9875226020812988,0.4082832336425781,0.7153351902961731,,0.981230616569519,0.3906897008419037,0.7483978271484375,,0.971009373664856,forward,96.45240322934612,1
32,1.0677333333333334,54.440975189208984,1080,1920,0.5436557531356812,0.5760824084281921,,0.9996997117996216,0.5874016284942627,0.636867344379425,,0.9899536967277527,0.5843666195869446,0.7204557061195374,,0.9849188923835754,0.6071420907974243,0.7483012676239014,,0.9754578471183777,forward,95.3511243660648,1,0.4544825851917267,0.5769206285476685,,0.999643087387085,0.40036094188690186,0.6368452310562134,,0.9881132245063782,0.40832364559173584,0.7154161334037781,,0.9814854264259338,0.3906834125518799,0.748406171798706,,0.97151780128479,forward,94.1823945609618,1
33,1.1011,54.94093894958496,1080,1920,0.5432685017585754,0.5786994099617004,,0.9997212886810303,0.5877022743225098,0.6371843814849854,,0.9904910326004028,0.5842934250831604,0.7202819585800171,,0.9852420687675476,0.6071441769599915,0.7483346462249756,,0.9762094020843506,forward,93.24603332978745,1,0.45416951179504395,0.5800923109054565,,0.9996692538261414,0.3997771441936493,0.6374294757843018,,0.988650381565094,0.40871837735176086,0.7157471776008606,,0.9819281101226807,0.3907182812690735,0.7485344409942627,,0.972263753414154,forward,92.10535311244509,1
34,1.1344666666666667,55.4196834564209,1080,1920,0.5424036979675293,0.5824366807937622,,0.9997423887252808,0.5878751873970032,0.6376445889472961,,0.991048276424408,0.584079921245575,0.7202538847923279,,0.9857138991355896,0.6072956323623657,0.7484597563743591,,0.977124810218811,forward,90.54943431062802,1,0.45351219177246094,0.5838039517402649,,0.9996940493583679,0.39865976572036743,0.6389630436897278,,0.9892323017120361,0.40882861614227295,0.7157527804374695,,0.9822818636894226,0.39051052927970886,0.7485551238059998,,0.9729157090187073,forward,88.89910232654292,1
35,1.1678333333333333,55.563926696777344,1080,1920,0.5420510172843933,0.5862987637519836,,0.9997620582580566,0.5879586338996887,0.6380865573883057,,0.9914988279342651,0.584388017654419,0.7196695804595947,,0.985987663269043,0.6072734594345093,0.7484482526779175,,0.9778246879577637,forward,87.21977731728201,1,0.45310893654823303,0.5871873497962952,,0.9997173547744751,0.39855194091796875,0.6392350792884827,,0.989738404750824,0.40885162353515625,0.7159814238548279,,0.9825929999351501,0.3904212713241577,0.7485753893852234,,0.9735422730445862,forward,86.79113046777675,1
36,1.2012,53.98297309875488,1080,1920,0.5418680906295776,0.5886849164962769,,0.9997806549072266,0.587859570980072,0.6380294561386108,,0.9918858408927917,0.584526002407074,0.7185307741165161,,0.986301600933075,0.6070270538330078,0.748533308506012,,0.9785732626914978,forward,84.5161522278676,1,0.45278918743133545,0.5899163484573364,,0.9997391104698181,0.398445188999176,0.6392143964767456,,0.9901362061500549,0.4088834524154663,0.7160087823867798,,0.9828068614006042,0.3900359869003296,0.7485199570655823,,0.9741203188896179,forward,85.06013593099748,1
37,1.2345666666666666,54.457902908325195,1080,1920,0.541728138923645,0.5894819498062134,,0.9997977614402771,0.5880728363990784,0.6376981735229492,,0.9922128915786743,0.5845063924789429,0.718367874622345,,0.9865506887435913,0.6060353517532349,0.7485338449478149,,0.9792940616607666,forward,83.99976807946932,1,0.4527503252029419,0.5907536149024963,,0.9997592568397522,0.3986656963825226,0.6391021013259888,,0.9904811382293701,0.4088429808616638,0.7161963582038879,,0.9831608533859253,0.38922715187072754,0.7487293481826782,,0.9748906493186951,forward,84.78553025452939,1
38,1.2679333333333334,54.791927337646484,1080,1920,0.5410804748535156,0.5910996198654175,,0.9998133182525635,0.5883827209472656,0.637793242931366,,0.9925576448440552,0.5844941735267639,0.7182114124298096,,0.9868379235267639,0.6057875752449036,0.7485188841819763,,0.9799465537071228,forward,82.79575049537786,1,0.4526728689670563,0.5924593806266785,,0.999777615070343,0.39881232380867004,0.639700174331665,,0.9908530116081238,0.4088175296783447,0.7163649201393127,,0.9834262132644653,0.38829663395881653,0.7487865090370178,,0.9754485487937927,forward,83.60145291627167,1
39,1.3013000000000001,54.692745208740234,1080,1920,0.5408328771591187,0.5922881960868835,,0.9998277425765991,0.5885986685752869,0.6377565860748291,,0.9927786588668823,0.5844568610191345,0.7182265520095825,,0.9869564175605774,0.6057121157646179,0.7488262057304382,,0.9804273247718811,forward,82.10501490555639,1,0.45261478424072266,0.5937421321868896,,0.9997950196266174,0.398870587348938,0.6396386623382568,,0.9909964799880981,0.4088304340839386,0.716492772102356,,0.9836103320121765,0.3878501355648041,0.7487829327583313,,0.9759377837181091,forward,82.9607341168054,1
40,1.3346666666666667,55.78804016113281,1080,1920,0.5407185554504395,0.5924952626228333,,0.9998404383659363,0.5885636210441589,0.6369214653968811,,0.9930424690246582,0.5843304991722107,0.7182294726371765,,0.987147867679596,0.6052109003067017,0.7488280534744263,,0.980994462966919,forward,82.3823616542536,1,0.4525865316390991,0.5935215353965759,,0.9998106956481934,0.3989664912223816,0.6395559906959534,,0.991299569606781,0.4088065028190613,0.7167755961418152,,0.9839449524879456,0.3870391249656677,0.7487175464630127,,0.9766001105308533,forward,83.45639632074253,1
41,1.3680333333333334,55.18198013305664,1080,1920,0.5404039621353149,0.5922852158546448,,0.9998527765274048,0.5884955525398254,0.6362532377243042,,0.9932767748832703,0.584327757358551,0.7182405591011047,,0.9873368740081787,0.6052604913711548,0.7489332556724548,,0.9815570712089539,forward,82.85908211665654,1,0.45235127210617065,0.5928058624267578,,0.9998255372047424,0.39904406666755676,0.6394903063774109,,0.9915121793746948,0.4089099168777466,0.7169102430343628,,0.9841524362564087,0.38696640729904175,0.7486222982406616,,0.9771323800086975,forward,84.09314402104015,1
42,1.4014,53.71403694152832,1080,1920,0.5402294993400574,0.5913626551628113,,0.9998637437820435,0.5883880853652954,0.6361590027809143,,0.9935396909713745,0.5843285918235779,0.7185827493667603,,0.9875636100769043,0.6055182218551636,0.7490513920783997,,0.9820840358734131,forward,83.85151939098432,1,0.45232969522476196,0.5916432738304138,,0.999838650226593,0.39910265803337097,0.6394784450531006,,0.9917815327644348,0.40894293785095215,0.7170585989952087,,0.9843055009841919,0.38702473044395447,0.7485191822052002,,0.9775185585021973,forward,85.0059379096478,1
43,1.4347666666666667,54.2447566986084,1080,1920,0.5398074984550476,0.5904647707939148,,0.999873161315918,0.5883647799491882,0.6361666917800903,,0.9938145279884338,0.5843289494514465,0.7187595963478088,,0.9878067970275879,0.6063700914382935,0.7491542100906372,,0.9825481176376343,forward,84.59334595387139,1,0.4518764913082123,0.5909776091575623,,0.9998497366905212,0.3991803228855133,0.63941490650177,,0.9921131730079651,0.4089526832103729,0.7172126173973083,,0.9844521880149841,0.3870603144168854,0.7483936548233032,,0.9777997732162476,forward,85.63856732703928,1
44,1.4681333333333333,54.65579032897949,1080,1920,0.5393780469894409,0.5891141295433044,,0.9998798370361328,0.588370144367218,0.6375080943107605,,0.9940520524978638,0.5843302607536316,0.7190970182418823,,0.9880069494247437,0.6068103313446045,0.7491790056228638,,0.9827752709388733,forward,85.11271518819402,1,0.4515032172203064,0.5879451036453247,,0.9998575448989868,0.39921602606773376,0.639695942401886,,0.9923714399337769,0.40915733575820923,0.7175852656364441,,0.9845248460769653,0.38683977723121643,0.7483900785446167,,0.9777437448501587,forward,87.885792182149,1
45,1.5015,54.48603630065918,1080,1920,0.5393671989440918,0.5853099226951599,,0.9998863339424133,0.5883204340934753,0.6377341151237488,,0.9942774176597595,0.5843275785446167,0.7193674445152283,,0.988196849822998,0.6070719957351685,0.7492009401321411,,0.9830193519592285,forward,87.67667984886603,1,0.4513593316078186,0.5843902230262756,,0.9998648166656494,0.39987045526504517,0.6396644115447998,,0.9926508069038391,0.40940406918525696,0.7178745269775391,,0.9846610426902771,0.3865904211997986,0.7483907341957092,,0.9778095483779907,forward,90.58685551279878,1
46,1.5348666666666666,55.78494071960449,1080,1920,0.5390651822090149,0.581337571144104,,0.9998912811279297,0.5882605910301208,0.6378394961357117,,0.9944713711738586,0.5842366218566895,0.7196754813194275,,0.9883191585540771,0.6072901487350464,0.7492496371269226,,0.983069121837616,forward,90.51311359353586,1,0.45092451572418213,0.5805051922798157,,0.9998695850372314,0.40071728825569153,0.6395382285118103,,0.9928689002990723,0.40942493081092834,0.7180609107017517,,0.9844841957092285,0.3865419030189514,0.7483933568000793,,0.9773671627044678,forward,93.50765469098225,1
47,1.5682333333333334,55.07779121398926,1080,1920,0.5387693047523499,0.5776155591011047,,0.9998974800109863,0.5878257751464844,0.6371302008628845,,0.9946988821029663,0.5841092467308044,0.7197418808937073,,0.9885646104812622,0.6072799563407898,0.7494150400161743,,0.9833604693412781,forward,93.36766173201399,1,0.4505366086959839,0.5768184065818787,,0.9998757243156433,0.4010002613067627,0.6392170190811157,,0.9931207299232483,0.40944239497184753,0.7184592485427856,,0.984454333782196,0.38655808568000793,0.748510479927063,,0.977274477481842,forward,96.72036537290873,1
48,1.6016000000000001,55.04918098449707,1080,1920,0.5384308695793152,0.5736696720123291,,0.9999035596847534,0.5875368118286133,0.6362876296043396,,0.9949074387550354,0.584105908870697,0.7199901938438416,,0.9888793230056763,0.6072916388511658,0.7496520280838013,,0.9837015867233276,forward,96.72690756611397,1,0.4503772258758545,0.5735484957695007,,0.9998818039894104,0.4010181427001953,0.6390390992164612,,0.9933531284332275,0.40958017110824585,0.7192563414573669,,0.9845385551452637,0.38682350516319275,0.7486850023269653,,0.9773320555686951,forward,100.14722101319234,1
49,1.6349666666666667,55.310726165771484,1080,1920,0.5381166338920593,0.5690115690231323,,0.9999085664749146,0.5874523520469666,0.6361963748931885,,0.9950814247131348,0.5840824246406555,0.720103919506073,,0.9891079664230347,0.6076698303222656,0.7496888637542725,,0.9838664531707764,forward,100.15401901639851,1,0.4502839148044586,0.5692425966262817,,0.9998863339424133,0.4010179042816162,0.6388583779335022,,0.9935281276702881,0.4100988805294037,0.7195588946342468,,0.9844974875450134,0.3875194489955902,0.7488204836845398,,0.977168083190918,forward,103.85770644004307,1
50,1.6683333333333334,55.01413345336914,1080,1920,0.5372257232666016,0.5651591420173645,,0.9999121427536011,0.587413489818573,0.635892927646637,,0.9952235817909241,0.5843974947929382,0.7196474075317383,,0.9892969131469727,0.6081253886222839,0.7494327425956726,,0.9839611053466797,forward,102.55061988015483,1,0.4495476186275482,0.565253496170044,,0.9998895525932312,0.4014357626438141,0.6380189657211304,,0.9937360286712646,0.4103703200817108,0.7196038961410522,,0.9846499562263489,0.38810014724731445,0.7488486170768738,,0.977237343788147,forward,107.47805367225621,1
51,1.7017,55.561065673828125,1080,1920,0.5362804532051086,0.5603966116905212,,0.9999147057533264,0.5871337056159973,0.6357576251029968,,0.9952791333198547,0.5846409201622009,0.71927809715271,,0.9893660545349121,0.6082267761230469,0.7490857839584351,,0.9838519096374512,forward,105.80625036665224,1,0.44856956601142883,0.5603097081184387,,0.9998920559883118,0.40174564719200134,0.6369727253913879,,0.9939295053482056,0.4110027849674225,0.7195817232131958,,0.9849745035171509,0.3896433115005493,0.748771607875824,,0.9775397777557373,forward,112.08450311803145,1
52,1.7350666666666668,55.410146713256836,1080,1920,0.5362201929092407,0.5562584400177002,,0.9999164342880249,0.5860708355903625,0.6352660059928894,,0.9952859878540039,0.5855606198310852,0.7182504534721375,,0.9893473982810974,0.6077069640159607,0.7487831711769104,,0.9836116433143616,forward,108.13122316121596,1,0.4482501149177551,0.5567741990089417,,0.9998946785926819,0.40234193205833435,0.6363202929496765,,0.9940515160560608,0.4118783175945282,0.7194327116012573,,0.9854398965835571,0.3907995820045471,0.7485899329185486,,0.9780491590499878,forward,115.31579593234675,1
53,1.7684333333333333,55.242061614990234,1080,1920,0.5362376570701599,0.55268794298172,,0.9999158382415771,0.5849516987800598,0.6351959705352783,,0.9951318502426147,0.5865738987922668,0.7181820273399353,,0.989072859287262,0.6077005863189697,0.7488620281219482,,0.9829369783401489,forward,111.14040324364052,1,0.4480343759059906,0.5536618828773499,,0.9998955130577087,0.40386709570884705,0.634746253490448,,0.9940662980079651,0.41227349638938904,0.7191396355628967,,0.9857099056243896,0.39226123690605164,0.7485862374305725,,0.9782608151435852,forward,118.59250587974913,1
54,1.8018,55.81784248352051,1080,1920,0.5362557768821716,0.5495871305465698,,0.9999138116836548,0.583832323551178,0.6345245242118835,,0.9949338436126709,0.5874332785606384,0.717615008354187,,0.9887549877166748,0.6068870425224304,0.7487602233886719,,0.9822185635566711,forward,113.47269941353508,1,0.44753679633140564,0.5505225658416748,,0.999895453453064,0.40519970655441284,0.6340605020523071,,0.9940329194068909,0.41257187724113464,0.7191266417503357,,0.9859920740127563,0.39291271567344666,0.7485849261283875,,0.9785323739051819,forward,121.97717899770547,1
55,1.8351666666666666,55.1447868347168,1080,1920,0.5361103415489197,0.5461330413818359,,0.9999086260795593,0.5831424593925476,0.6329923868179321,,0.9947288036346436,0.5878835320472717,0.7171880602836609,,0.9885972142219543,0.6068449020385742,0.7484156489372253,,0.9817889332771301,forward,116.61837729801906,1,0.44633299112319946,0.5474569797515869,,0.9998894929885864,0.406523197889328,0.6334608793258667,,0.9938965439796448,0.41391250491142273,0.7187645435333252,,0.9860309958457947,0.39451923966407776,0.7485843300819397,,0.9784920811653137,forward,124.86151700408432,1
56,1.8685333333333334,54.997920989990234,1080,1920,0.5360210537910461,0.5428764224052429,,0.9998986721038818,0.582225501537323,0.6326392292976379,,0.9942901730537415,0.5880006551742554,0.717215895652771,,0.9882409572601318,0.6069300770759583,0.7483168840408325,,0.9810587167739868,forward,120.0365642470787,1,0.4457165598869324,0.5439469218254089,,0.9998807311058044,0.40820175409317017,0.6332108974456787,,0.993657112121582,0.4142609238624573,0.7187058329582214,,0.9861411452293396,0.3956269323825836,0.7485536932945251,,0.978546142578125,forward,128.7795945539931,1
57,1.9019,55.88722229003906,1080,1920,0.536025881767273,0.5402671694755554,,0.9998908638954163,0.5806391835212708,0.6318690180778503,,0.9944024085998535,0.5881549715995789,0.7169323563575745,,0.9887279868125916,0.6069302558898926,0.7482908964157104,,0.9817201495170593,forward,122.64860565931943,1,0.4454011023044586,0.5416024923324585,,0.9998732805252075,0.41023001074790955,0.6331092715263367,,0.9938482046127319,0.4142444431781769,0.7185285091400146,,0.9868132472038269,0.39710044860839844,0.7485617399215698,,0.9793911576271057,forward,131.40295768349938,1
58,1.9352666666666667,54.86321449279785,1080,1920,0.5358604788780212,0.5372214913368225,,0.9998779892921448,0.5777758955955505,0.6303277611732483,,0.9944106340408325,0.588137149810791,0.716873049736023,,0.9891182780265808,0.606870174407959,0.7475588917732239,,0.9822263121604919,forward,126.30387620825014,1,0.4447866976261139,0.5383840203285217,,0.9998637437820435,0.4121711254119873,0.6322275400161743,,0.9940385222434998,0.41408005356788635,0.7186683416366577,,0.9875653982162476,0.3989534080028534,0.7486579418182373,,0.9803409576416016,forward,136.29353644164865,1
59,1.9686333333333335,53.51400375366211,1080,1920,0.5358235239982605,0.5337958931922913,,0.999862551689148,0.5741155743598938,0.6285524368286133,,0.9943707585334778,0.5880632996559143,0.7167195677757263,,0.9894704222679138,0.6068810224533081,0.7475627064704895,,0.9826772809028625,forward,130.5950968091502,1,0.44475096464157104,0.5350919961929321,,0.9998536109924316,0.4148184061050415,0.6286194920539856,,0.9942550659179688,0.4137773811817169,0.7186535596847534,,0.9883610606193542,0.40101373195648193,0.7489712238311768,,0.9813827276229858,forward,143.4095806058146,1
60,2.0020000000000002,54.788827896118164,1080,1920,0.5355011224746704,0.5316604971885681,,0.9998497366905212,0.5728509426116943,0.6277486681938171,,0.9943366646766663,0.5861446857452393,0.7166528105735779,,0.9898173809051514,0.6068893074989319,0.7475595474243164,,0.983132004737854,forward,133.4516256529465,1,0.4441303014755249,0.5331918001174927,,0.9998416900634766,0.41612014174461365,0.6274764537811279,,0.9943404793739319,0.4130750894546509,0.7182711958885193,,0.9888962507247925,0.40219783782958984,0.7489699721336365,,0.9820078015327454,forward,146.7409122344428,1
61,2.0353666666666665,55.87291717529297,1080,1920,0.5354568362236023,0.529579222202301,,0.9998430609703064,0.5713047981262207,0.6273180842399597,,0.9943280816078186,0.5855160355567932,0.7166679501533508,,0.9901419281959534,0.6070623993873596,0.7476202845573425,,0.9835623502731323,forward,136.51614559203543,1,0.4440598785877228,0.5314721465110779,,0.9998330473899841,0.4166853427886963,0.6267383694648743,,0.9944054484367371,0.41234996914863586,0.7171430587768555,,0.9892423748970032,0.4025764763355255,0.7487046122550964,,0.9823834300041199,forward,147.06202070403077,1
62,2.0687333333333333,55.12690544128418,1080,1920,0.535444974899292,0.5280643105506897,,0.9998297691345215,0.5677251219749451,0.6257754564285278,,0.9941882491111755,0.5853703618049622,0.7166801691055298,,0.9903073310852051,0.6071380376815796,0.7476250529289246,,0.9837900996208191,forward,139.0346188001559,1,0.44406720995903015,0.5296292304992676,,0.9998208284378052,0.4192729890346527,0.6259570717811584,,0.9943757057189941,0.4122364819049835,0.7169752717018127,,0.9895104169845581,0.40350306034088135,0.7486768364906311,,0.9826939702033997,forward,150.7645672246236,1
63,2.1021,55.18603324890137,1080,1920,0.5354670882225037,0.5268247127532959,,0.9998237490653992,0.5648221373558044,0.6251825094223022,,0.9940380454063416,0.5854668617248535,0.7173434495925903,,0.990470290184021,0.6073886752128601,0.7481025457382202,,0.9840165972709656,forward,142.3661012517109,1,0.44415464997291565,0.5277822613716125,,0.999813973903656,0.421533465385437,0.6252973675727844,,0.9942898154258728,0.4122317433357239,0.7168781757354736,,0.9897393584251404,0.40368953347206116,0.7486763596534729,,0.9829774498939514,forward,155.1148162120006,1
64,2.135466666666667,55.43994903564453,1080,1920,0.5355255007743835,0.5260105133056641,,0.999817967414856,0.5630851984024048,0.6246317625045776,,0.9938313364982605,0.585417628288269,0.7179878950119019,,0.9905356168746948,0.6073911786079407,0.7484121918678284,,0.9841029047966003,forward,145.32484089799678,1,0.4441940486431122,0.5271028280258179,,0.9998078346252441,0.42418158054351807,0.6247648596763611,,0.9941525459289551,0.4122181236743927,0.716769814491272,,0.9899032115936279,0.40355339646339417,0.7486705780029297,,0.9831804633140564,forward,157.52219195859902,1
65,2.168833333333333,55.81092834472656,1080,1920,0.536132276058197,0.5254183411598206,,0.9998162984848022,0.5619370937347412,0.6238842010498047,,0.9937154650688171,0.5854388475418091,0.7186977863311768,,0.9906699657440186,0.6074618101119995,0.7487630844116211,,0.9843136668205261,forward,148.90339092439316,1,0.44434934854507446,0.5272642374038696,,0.9998058080673218,0.4260190427303314,0.624311625957489,,0.994049072265625,0.412197083234787,0.716768205165863,,0.9900842905044556,0.40340450406074524,0.7486839294433594,,0.9834396243095398,forward,160.22978837810726,1
66,2.2022,55.38201332092285,1080,1920,0.536632776260376,0.5253092646598816,,0.9998165369033813,0.560790479183197,0.6236492991447449,,0.9935190081596375,0.5855178236961365,0.7189745306968689,,0.9906762838363647,0.6075705885887146,0.7491347193717957,,0.9843360781669617,forward,150.40253653966013,0,0.44436773657798767,0.5276662111282349,,0.9998041391372681,0.4270061254501343,0.6245964765548706,,0.9938578009605408,0.4121672809123993,0.7167881727218628,,0.9901247620582581,0.4032808840274811,0.7489386796951294,,0.9834884405136108,forward,157.33756929357435,1
67,2.2355666666666667,55.28688430786133,1080,1920,0.5371767282485962,0.5261805653572083,,0.9998130798339844,0.5602284669876099,0.6237216591835022,,0.9933376312255859,0.5855152010917664,0.7189924120903015,,0.990641176700592,0.607564389705658,0.74932861328125,,0.9842698574066162,forward,148.97586287566233,0,0.44451767206192017,0.5287118554115295,,0.9997978806495667,0.42747122049331665,0.6248329281806946,,0.993656575679779,0.41199445724487305,0.7168296575546265,,0.9900902509689331,0.4033789038658142,0.7490209341049194,,0.9834172129631042,forward,154.6410642095287,1
68,2.2689333333333335,55.290937423706055,1080,1920,0.5376958847045898,0.5266296863555908,,0.9998096823692322,0.5604947805404663,0.6239015460014343,,0.9931533932685852,0.5854594111442566,0.7189838886260986,,0.9905756711959839,0.6075671911239624,0.7493423819541931,,0.9841547608375549,forward,147.92929477126324,0,0.4447045922279358,0.5291909575462341,,0.9997916221618652,0.42725083231925964,0.6249255537986755,,0.9934526085853577,0.41173073649406433,0.7168275713920593,,0.9900254607200623,0.4033273756504059,0.7491002678871155,,0.983302891254425,forward,153.46384695326117,1
69,2.3023000000000002,55.14693260192871,1080,1920,0.5382705926895142,0.526785671710968,,0.9998090267181396,0.5603723526000977,0.6240337491035461,,0.9929925799369812,0.5853148102760315,0.718958854675293,,0.9905040264129639,0.6076928377151489,0.749334454536438,,0.9840254187583923,forward,147.38407363867384,0,0.4452046751976013,0.5294047594070435,,0.999789297580719,0.42705121636390686,0.6250119805335999,,0.9932920336723328,0.4114363491535187,0.7171130776405334,,0.9900352358818054,0.40283137559890747,0.7497918605804443,,0.983282744884491,forward,154.4219834333877,1
70,2.3356666666666666,55.09471893310547,1080,1920,0.5387187600135803,0.5265480875968933,,0.9998096823692322,0.56026291847229,0.6238710284233093,,0.9928317070007324,0.5853086709976196,0.7188062071800232,,0.9904093146324158,0.6077138781547546,0.749322235584259,,0.9838780164718628,forward,147.5264048552193,0,0.44569477438926697,0.5292313098907471,,0.9997892379760742,0.4270213842391968,0.6249192357063293,,0.9931504130363464,0.41121435165405273,0.7173625230789185,,0.9900640845298767,0.4020542800426483,0.7500788569450378,,0.983302116394043,forward,157.64643210039625,1
71,2.3690333333333333,54.92401123046875,1080,1920,0.5391141176223755,0.5263369083404541,,0.9998103380203247,0.5602805614471436,0.6238483190536499,,0.9926262497901917,0.5854340195655823,0.7187014818191528,,0.990247905254364,0.6077603101730347,0.7493371367454529,,0.9836504459381104,forward,147.5490130580108,0,0.44605258107185364,0.5291354060173035,,0.9997901916503906,0.4271256625652313,0.6246460676193237,,0.9930108785629272,0.41110560297966003,0.7179877161979675,,0.9901107549667358,0.4016355574131012,0.7501898407936096,,0.983357310295105,forward,159.74076097313593,1
72,2.4024,55.83906173706055,1080,1920,0.5395963191986084,0.5259622931480408,,0.9998120069503784,0.5600606203079224,0.6237879991531372,,0.9923623204231262,0.5854888558387756,0.7185955047607422,,0.9899819493293762,0.6078124046325684,0.7493724822998047,,0.9832839965820312,forward,147.88339649998727,0,0.4463791847229004,0.5290879607200623,,0.999792754650116,0.42701467871665955,0.6245500445365906,,0.9927858114242554,0.41106969118118286,0.7186779379844666,,0.9900628924369812,0.4014730453491211,0.7503302693367004,,0.9832828044891357,forward,159.66195611164088,1
73,2.435766666666667,55.5272102355957,1080,1920,0.5399872064590454,0.5254741311073303,,0.9998116493225098,0.5600969791412354,0.6237594485282898,,0.9921633005142212,0.5855068564414978,0.718588650226593,,0.9898316860198975,0.6079636812210083,0.7494749426841736,,0.9830790758132935,forward,148.66424859017292,0,0.44690757989883423,0.5288509130477905,,0.999792218208313,0.4271714687347412,0.6242942810058594,,0.9926117062568665,0.4110191762447357,0.7192266583442688,,0.9900456070899963,0.4014582633972168,0.750580370426178,,0.9832478761672974,forward,159.6316724139798,1
74,2.469133333333333,55.55891990661621,1080,1920,0.5405362248420715,0.5249081254005432,,0.9998131394386292,0.5601880550384521,0.6237382888793945,,0.9920371174812317,0.585456371307373,0.718485414981842,,0.9897004961967468,0.6079792976379395,0.749576210975647,,0.9829131364822388,forward,149.2930531258953,0,0.44748249650001526,0.5284375548362732,,0.9997943043708801,0.42726558446884155,0.6240310072898865,,0.9925046563148499,0.4109044671058655,0.7193818688392639,,0.9900993704795837,0.4014435112476349,0.7507464289665222,,0.9833293557167053,forward,159.8757487959003,1
75,2.5025,55.2518367767334,1080,1920,0.5409553050994873,0.524246871471405,,0.9998093247413635,0.5604150295257568,0.6236531734466553,,0.9917303323745728,0.5852505564689636,0.7181870937347412,,0.989452600479126,0.6079725027084351,0.7495718002319336,,0.9825535416603088,forward,149.64032573996172,0,0.4481083154678345,0.5277320146560669,,0.9997896552085876,0.4276697039604187,0.6237160563468933,,0.9922493696212769,0.4107944965362549,0.7193871736526489,,0.9899613261222839,0.4015583097934723,0.7508965730667114,,0.9831103682518005,forward,160.52468149911283,1
76,2.5358666666666667,49.95298385620117,1080,1920,0.5415721535682678,0.5240564942359924,,0.9998059272766113,0.560721755027771,0.6236246824264526,,0.9914678931236267,0.5852446556091309,0.7178554534912109,,0.9892313480377197,0.6079491376876831,0.7495312094688416,,0.9822510480880737,forward,149.08447984643732,0,0.44879770278930664,0.5274601578712463,,0.9997856616973877,0.42807990312576294,0.6237075924873352,,0.9920321702957153,0.41073179244995117,0.7193816304206848,,0.989830732345581,0.4018619954586029,0.751011073589325,,0.9829169511795044,forward,160.9742787701509,1
77,2.5692333333333335,51.84674263000488,1080,1920,0.5423130393028259,0.524058997631073,,0.999804675579071,0.5613651275634766,0.6234032511711121,,0.9911386370658875,0.5852556824684143,0.7174417972564697,,0.9889188408851624,0.6077817678451538,0.7495011687278748,,0.9817926287651062,forward,148.18994314028168,0,0.44922640919685364,0.5274697542190552,,0.999783456325531,0.4280783534049988,0.6237265467643738,,0.9917122721672058,0.41070273518562317,0.7193751931190491,,0.9895718693733215,0.40195149183273315,0.7512282133102417,,0.9825350046157837,forward,159.6703762877327,1
78,2.6026000000000002,52.82402038574219,1080,1920,0.5430916547775269,0.5241615176200867,,0.9998056888580322,0.5619262456893921,0.6233347058296204,,0.9909183382987976,0.585375189781189,0.7173990607261658,,0.9886921048164368,0.6076815128326416,0.749494194984436,,0.9814265966415405,forward,147.96409195226016,0,0.4496595859527588,0.527525007724762,,0.9997838735580444,0.4279733896255493,0.6237566471099854,,0.9914512038230896,0.4106411039829254,0.7193567156791687,,0.9893394708633423,0.4019785225391388,0.7513406872749329,,0.9821922183036804,forward,158.6938566453456,1
79,2.6359666666666666,54.29887771606445,1080,1920,0.5432262420654297,0.5242151021957397,,0.9998051524162292,0.56258624792099,0.6233844757080078,,0.9907050728797913,0.5856113433837891,0.7175126671791077,,0.9885212182998657,0.6077152490615845,0.7494911551475525,,0.981145977973938,forward,148.123951683654,0,0.4497480094432831,0.527570903301239,,0.9997819066047668,0.4278017282485962,0.623932957649231,,0.9912012219429016,0.41063299775123596,0.7191763520240784,,0.9891085624694824,0.4020436108112335,0.7515592575073242,,0.9818639159202576,forward,155.73486089304407,1
80,2.6693333333333333,54.02708053588867,1080,1920,0.5432618260383606,0.5243547558784485,,0.9998002648353577,0.5638532638549805,0.623767614364624,,0.9904161691665649,0.5862962007522583,0.7182109951972961,,0.988304853439331,0.6080105304718018,0.7496522665023804,,0.9807767271995544,forward,149.39534358030917,0,0.4497464597225189,0.5276105999946594,,0.9997742176055908,0.4274293780326843,0.624035656452179,,0.9909210205078125,0.4106115698814392,0.7187765836715698,,0.9887966513633728,0.40205004811286926,0.751721203327179,,0.9814158082008362,forward,153.27465790618285,1
81,2.7027,53.990840911865234,1080,1920,0.5435217618942261,0.5248427987098694,,0.9997988939285278,0.5654980540275574,0.6248050332069397,,0.9903623461723328,0.5868695974349976,0.7185032963752747,,0.9883497357368469,0.6085821390151978,0.749695897102356,,0.9807860851287842,forward,148.43593999353988,0,0.45001259446144104,0.5280939340591431,,0.9997705221176147,0.42688554525375366,0.6246192455291748,,0.9907985925674438,0.41058123111724854,0.7183456420898438,,0.9886741042137146,0.40204355120658875,0.7517408728599548,,0.9812564253807068,forward,149.87927280727774,1
82,2.736066666666667,54.017066955566406,1080,1920,0.54350346326828,0.5255705714225769,,0.9997966289520264,0.5663666725158691,0.6255858540534973,,0.9902952313423157,0.5872375965118408,0.7187055945396423,,0.9884132742881775,0.6087921857833862,0.7497280836105347,,0.9808000326156616,forward,147.19240380217312,1,0.4502217769622803,0.5282565355300903,,0.9997655749320984,0.4265800714492798,0.6246373653411865,,0.9906697869300842,0.410568505525589,0.7177884578704834,,0.9885526299476624,0.40202343463897705,0.7517351508140564,,0.9810855984687805,forward,148.0186958200551,1
83,2.769433333333333,54.93617057800293,1080,1920,0.5434127449989319,0.5258857607841492,,0.9997913837432861,0.5673409104347229,0.6261808276176453,,0.9901809692382812,0.5874928832054138,0.7187096476554871,,0.9884145259857178,0.6090762615203857,0.7497318983078003,,0.9807267189025879,forward,146.45263867897813,1,0.45021989941596985,0.5284213423728943,,0.9997573494911194,0.42626771330833435,0.6248825788497925,,0.9904935956001282,0.4105384945869446,0.7177340388298035,,0.9883662462234497,0.4020218253135681,0.7517394423484802,,0.9808065891265869,forward,147.39487178972212,1
84,2.8028,54.92568016052246,1080,1920,0.5434059500694275,0.5261131525039673,,0.9997819662094116,0.568390429019928,0.6265940070152283,,0.9901084899902344,0.5877010226249695,0.7186488509178162,,0.9883559942245483,0.6091095805168152,0.7497142553329468,,0.9805428981781006,forward,145.8592425457012,1,0.4503818154335022,0.5284916162490845,,0.9997468590736389,0.42612913250923157,0.6249685287475586,,0.9902942180633545,0.41042381525039673,0.7177615761756897,,0.9881346821784973,0.4017947316169739,0.7517690062522888,,0.9804211854934692,forward,147.27812192243255,1
85,2.8361666666666667,55.14883995056152,1080,1920,0.5431038737297058,0.5271531343460083,,0.9997592568397522,0.5707871317863464,0.6270874738693237,,0.9880622625350952,0.5879234075546265,0.7181428074836731,,0.9868837594985962,0.6095346212387085,0.7496011257171631,,0.978073239326477,forward,142.97888041718892,1,0.4504397213459015,0.5288058519363403,,0.9997162818908691,0.42591920495033264,0.625365674495697,,0.9879896640777588,0.41031375527381897,0.7177141904830933,,0.9857993721961975,0.4016555845737457,0.7515971064567566,,0.9774213433265686,forward,146.37031186589653,1
86,2.8695333333333335,55.2830696105957,1080,1920,0.5429385900497437,0.5280096530914307,,0.9997485280036926,0.5719867944717407,0.6276063323020935,,0.9879791736602783,0.5880125761032104,0.7177274823188782,,0.9868597984313965,0.6092923879623413,0.7494439482688904,,0.9780227541923523,forward,140.7811718411647,1,0.4504942297935486,0.5295340418815613,,0.9997049570083618,0.4259272515773773,0.6256954073905945,,0.987869143486023,0.4103022515773773,0.7176365256309509,,0.9856504201889038,0.40165263414382935,0.7513514757156372,,0.9771653413772583,forward,144.76840558644116,1
87,2.9029000000000003,55.81498146057129,1080,1920,0.5429320335388184,0.5285359025001526,,0.9997392892837524,0.5739205479621887,0.6277329325675964,,0.9867530465126038,0.5882668495178223,0.7173085808753967,,0.9860183000564575,0.609358549118042,0.7493680119514465,,0.9767311811447144,forward,139.21020873893346,1,0.4506863057613373,0.5303042531013489,,0.9996894598007202,0.42591750621795654,0.6261368989944458,,0.9862746596336365,0.4103150963783264,0.7173348665237427,,0.9840508699417114,0.40165337920188904,0.7513448596000671,,0.9752498269081116,forward,142.6754071910708,1
88,2.9362666666666666,54.944753646850586,1080,1920,0.5429326295852661,0.5293956995010376,,0.9997211694717407,0.5748842358589172,0.6277040839195251,,0.9849246144294739,0.5882951617240906,0.7172685861587524,,0.9846236109733582,0.6095589995384216,0.7493534088134766,,0.9745016098022461,forward,137.73567171654338,1,0.4509161412715912,0.5314604043960571,,0.999661922454834,0.42569705843925476,0.6264017224311829,,0.9838422536849976,0.4103138744831085,0.7172086238861084,,0.9816126227378845,0.4015836715698242,0.7510048747062683,,0.9722258448600769,forward,140.48057769788565,1
89,2.9696333333333333,55.42397499084473,1080,1920,0.5430260300636292,0.5308282375335693,,0.9997073411941528,0.5757125020027161,0.627981424331665,,0.9833932518959045,0.5883277058601379,0.7175084948539734,,0.9833732843399048,0.6095760464668274,0.7494019865989685,,0.9725187420845032,forward,135.9210404540305,1,0.4514033794403076,0.5330770611763,,0.9996392130851746,0.4253844916820526,0.6269544363021851,,0.9813011288642883,0.41033807396888733,0.7172123789787292,,0.979149341583252,0.40125390887260437,0.7507364749908447,,0.9692427515983582,forward,137.86289559244767,1
90,3.003,56.035757064819336,1080,1920,0.5432031154632568,0.5316569805145264,,0.9996902346611023,0.5759597420692444,0.628414511680603,,0.9818816184997559,0.588524341583252,0.7173770070075989,,0.9819982051849365,0.6097089052200317,0.7490997910499573,,0.9706124067306519,forward,134.47659363134048,1,0.4520810842514038,0.5343410968780518,,0.9996156096458435,0.42532873153686523,0.6278834939002991,,0.9788937568664551,0.4105902314186096,0.7168287038803101,,0.9766314029693604,0.40156450867652893,0.7503339052200317,,0.9664744138717651,forward,135.1349675977399,1
91,3.036366666666667,55.310726165771484,1080,1920,0.5431937575340271,0.5329650640487671,,0.9996709227561951,0.5759859085083008,0.6291335821151733,,0.9808685183525085,0.5892195701599121,0.7173616886138916,,0.9810614585876465,0.6099443435668945,0.7488584518432617,,0.9692649841308594,forward,132.5597386477676,1,0.4523426592350006,0.5359408259391785,,0.9995895028114319,0.4253225028514862,0.6296280026435852,,0.977402925491333,0.4106040894985199,0.7168398499488831,,0.9748296141624451,0.40166282653808594,0.7504510879516602,,0.9644354581832886,forward,132.679645797149,1
92,3.069733333333333,55.0990104675293,1080,1920,0.5430909395217896,0.5348504781723022,,0.9996504187583923,0.5758683085441589,0.630202054977417,,0.9802329540252686,0.5892568230628967,0.7178394794464111,,0.9804364442825317,0.6094267964363098,0.7488610744476318,,0.9685103893280029,forward,130.6129950736321,1,0.45240360498428345,0.53774094581604,,0.9995654225349426,0.425314337015152,0.6309394836425781,,0.9761227369308472,0.4108324646949768,0.7166508436203003,,0.9730339050292969,0.4030018746852875,0.7499989867210388,,0.9627135992050171,forward,129.88637964038617,1
93,3.1031,54.40998077392578,1080,1920,0.5429332256317139,0.5357987880706787,,0.9996427893638611,0.5744374394416809,0.6310058236122131,,0.9798470735549927,0.5891691446304321,0.7178849577903748,,0.9800655841827393,0.6090790629386902,0.7483062148094177,,0.96832275390625,forward,129.37615400846067,1,0.45256760716438293,0.5385239124298096,,0.9995594620704651,0.4257568418979645,0.631333589553833,,0.9753158688545227,0.4111309051513672,0.7166644334793091,,0.972061276435852,0.40250831842422485,0.7503250241279602,,0.962022066116333,forward,128.84006497027616,1
94,3.1364666666666667,54.71682548522949,1080,1920,0.542881190776825,0.5371825695037842,,0.9996330142021179,0.5715833902359009,0.6321857571601868,,0.979436457157135,0.58879154920578,0.7179585695266724,,0.9796693325042725,0.6081785559654236,0.748198390007019,,0.9680633544921875,forward,127.64999342820411,1,0.4534842073917389,0.5394571423530579,,0.9995525479316711,0.42662057280540466,0.631598711013794,,0.9745160341262817,0.41155490279197693,0.7168341279029846,,0.9712243676185608,0.4009687006473541,0.750538170337677,,0.9613857269287109,forward,127.81489593129011,1
95,3.1698333333333335,54.88395690917969,1080,1920,0.5426815748214722,0.5386635065078735,,0.999622642993927,0.5684940814971924,0.6327165961265564,,0.979387104511261,0.5886350274085999,0.7179601788520813,,0.9797443747520447,0.6081875562667847,0.7480543851852417,,0.968439519405365,forward,125.77056645845428,1,0.45389848947525024,0.5415249466896057,,0.9995409846305847,0.4273090362548828,0.6326066255569458,,0.9741188883781433,0.41190969944000244,0.7163152694702148,,0.9707568883895874,0.40058594942092896,0.7503971457481384,,0.9612089991569519,forward,124.49866748658232,1
96,3.2032000000000003,54.344892501831055,1080,1920,0.542168140411377,0.5410906672477722,,0.9996049404144287,0.5672376751899719,0.6331623792648315,,0.9794098138809204,0.5884790420532227,0.7183603644371033,,0.9798170328140259,0.608540415763855,0.7478902339935303,,0.9688306450843811,forward,123.3514167020415,1,0.4540097117424011,0.5437113046646118,,0.9995211362838745,0.4275193512439728,0.6345922946929932,,0.9738070964813232,0.41211384534835815,0.7163418531417847,,0.9704455733299255,0.39912858605384827,0.7503994107246399,,0.9611896872520447,forward,121.90964725896413,1
97,3.2365666666666666,53.9548397064209,1080,1920,0.5421510934829712,0.5433946847915649,,0.9995954036712646,0.5673014521598816,0.6336904764175415,,0.9795151352882385,0.5883482098579407,0.7185657620429993,,0.9798732399940491,0.6084687113761902,0.7478000521659851,,0.9691764116287231,forward,120.97485463572818,1,0.45485347509384155,0.5462100505828857,,0.9995115995407104,0.42804592847824097,0.6349660754203796,,0.9735442399978638,0.41220179200172424,0.7164595127105713,,0.9701948165893555,0.3980805277824402,0.7503665685653687,,0.9611720442771912,forward,119.07328311682105,1
98,3.2699333333333334,54.965972900390625,1080,1920,0.5418487191200256,0.5453092455863953,,0.9995774030685425,0.5671661496162415,0.634540855884552,,0.9797701835632324,0.5877680778503418,0.7186031937599182,,0.9800658226013184,0.6091097593307495,0.7476276159286499,,0.9696159362792969,forward,118.8532659205425,1,0.45491650700569153,0.5485225915908813,,0.9994922876358032,0.428335577249527,0.636328399181366,,0.9736403822898865,0.4117569327354431,0.716841459274292,,0.9703640341758728,0.39708200097084045,0.7503751516342163,,0.9614916443824768,forward,116.89605275669066,1
99,3.3033,56.113243103027344,1080,1920,0.5414890050888062,0.5492668747901917,,0.9995672702789307,0.56721431016922,0.6358621716499329,,0.9801160097122192,0.5876400470733643,0.7194358706474304,,0.9804289937019348,0.6091110110282898,0.7476299405097961,,0.9702439308166504,forward,115.61797211679135,1,0.45504188537597656,0.5519029498100281,,0.9994716644287109,0.4286295473575592,0.6377185583114624,,0.9734048247337341,0.41139307618141174,0.7168437838554382,,0.9701688885688782,0.3966251015663147,0.7504023313522339,,0.9614810943603516,forward,113.2432150385486,1
100,3.336666666666667,55.52482604980469,1080,1920,0.5414625406265259,0.5525528192520142,,0.9995557069778442,0.5673661828041077,0.6369038224220276,,0.9804872870445251,0.5876577496528625,0.7196770906448364,,0.9807827472686768,0.6084381937980652,0.7476236820220947,,0.9708729386329651,forward,112.56195017656118,1,0.4554440975189209,0.5545850396156311,,0.9994516372680664,0.42955660820007324,0.6390731930732727,,0.973305881023407,0.41114163398742676,0.7168214321136475,,0.9700314998626709,0.3965888023376465,0.7503950595855713,,0.9615203142166138,forward,110.4396379666762,1
101,3.370033333333333,55.90391159057617,1080,1920,0.5415827631950378,0.5558443665504456,,0.9995602369308472,0.5680628418922424,0.6375240087509155,,0.9811719059944153,0.5879164338111877,0.7199076414108276,,0.9814357757568359,0.6084635257720947,0.7476222515106201,,0.9719403982162476,forward,109.72085012385116,1,0.4560808539390564,0.5581988096237183,,0.9994476437568665,0.4298054575920105,0.63966304063797,,0.9732685089111328,0.4110702574253082,0.7168302536010742,,0.970144510269165,0.39566805958747864,0.7505050897598267,,0.9618971943855286,forward,106.90760969755277,1
102,3.4034,55.171966552734375,1080,1920,0.5415524244308472,0.5581766963005066,,0.999575138092041,0.5693705081939697,0.637666642665863,,0.9819045066833496,0.5882349610328674,0.7202719449996948,,0.9821085333824158,0.6093486547470093,0.7477108240127563,,0.9730064272880554,forward,108.09861054005003,1,0.45627695322036743,0.5603289008140564,,0.9994598627090454,0.43008971214294434,0.6395999193191528,,0.9735239744186401,0.4111067056655884,0.7168607711791992,,0.9704742431640625,0.39571255445480347,0.7508521676063538,,0.9624531865119934,forward,104.99134087039954,1
103,3.4367666666666667,54.459333419799805,1080,1920,0.5412101745605469,0.5590343475341797,,0.9996011853218079,0.5697620511054993,0.6356767416000366,,0.9827055335044861,0.5887155532836914,0.7201905846595764,,0.9829046726226807,0.6097152233123779,0.7477065324783325,,0.9742568731307983,forward,108.01706081428726,1,0.45624861121177673,0.5612999200820923,,0.9994809031486511,0.42961907386779785,0.6393156051635742,,0.9735194444656372,0.4111236035823822,0.7167984843254089,,0.9705067276954651,0.3957371711730957,0.7508257031440735,,0.9627635478973389,forward,104.10484940070295,1
104,3.4701333333333335,54.42690849304199,1080,1920,0.5407891869544983,0.562130331993103,,0.9996249675750732,0.5710541009902954,0.6356317400932312,,0.9835090637207031,0.5888602137565613,0.7202574014663696,,0.983596920967102,0.6100483536720276,0.7479099035263062,,0.975299596786499,forward,105.6904040936247,1,0.45571961998939514,0.56405109167099,,0.9995021224021912,0.4272376596927643,0.6392834782600403,,0.9739738702774048,0.4109894335269928,0.7166212797164917,,0.9705932140350342,0.39576610922813416,0.7508427500724792,,0.9629811644554138,forward,101.57727733174849,1
105,3.5035000000000003,54.532766342163086,1080,1920,0.5399894714355469,0.5656216144561768,,0.9996452331542969,0.5740141272544861,0.6361384987831116,,0.9839980602264404,0.5889776945114136,0.7203542590141296,,0.9838666915893555,0.6102408766746521,0.7481657862663269,,0.9757128357887268,forward,102.94302909296322,1,0.4551258087158203,0.5674462914466858,,0.9995246529579163,0.42355138063430786,0.6397258043289185,,0.9745771288871765,0.4103447496891022,0.7166209816932678,,0.9707896113395691,0.39504772424697876,0.750829815864563,,0.9630930423736572,forward,98.71786266202504,1
106,3.5368666666666666,56.07414245605469,1080,1920,0.5389459133148193,0.5686677694320679,,0.9996604919433594,0.5767565369606018,0.6373410820960999,,0.9842061996459961,0.5888164639472961,0.7198306918144226,,0.9836450815200806,0.6105560064315796,0.7480961680412292,,0.9754953384399414,forward,99.56991560708484,1,0.4538920223712921,0.5700463652610779,,0.9995455741882324,0.420348197221756,0.6407387852668762,,0.9752515554428101,0.409402072429657,0.7168723940849304,,0.9710431694984436,0.39448967576026917,0.7508593797683716,,0.9631410837173462,forward,96.70361292672804,1
107,3.5702333333333334,54.88085746765137,1080,1920,0.5385671854019165,0.5709903836250305,,0.9996778964996338,0.5785036683082581,0.6387039422988892,,0.9845826029777527,0.5888363122940063,0.7198300957679749,,0.9834378361701965,0.6107685565948486,0.7482730746269226,,0.9753230810165405,forward,97.35912957189572,1,0.45286428928375244,0.5719841122627258,,0.9995691776275635,0.4182831346988678,0.6411594748497009,,0.9759927988052368,0.4091756045818329,0.7169114947319031,,0.9711984395980835,0.39449363946914673,0.7508851289749146,,0.9630895853042603,forward,95.15302829385911,1
108,3.6036,54.70418930053711,1080,1920,0.5379245281219482,0.5737970471382141,,0.9997000694274902,0.580575704574585,0.6389642953872681,,0.9851140975952148,0.5888449549674988,0.7189672589302063,,0.983422577381134,0.6110629439353943,0.7483855485916138,,0.9754810929298401,forward,94.35145408209857,1,0.45175835490226746,0.5744549036026001,,0.9995982646942139,0.4161968231201172,0.6410053372383118,,0.9768990874290466,0.40913817286491394,0.7167997360229492,,0.9713953137397766,0.3942444324493408,0.7506338953971863,,0.963197648525238,forward,93.21255163270055,1
109,3.636966666666667,54.701805114746094,1080,1920,0.5375370979309082,0.5751546025276184,,0.999721109867096,0.5821496844291687,0.6388798356056213,,0.9856743812561035,0.5888476371765137,0.7189861536026001,,0.983651340007782,0.6116459965705872,0.7486283779144287,,0.9758915305137634,forward,93.46050483021908,1,0.4513140022754669,0.5753774642944336,,0.9996252059936523,0.4130015969276428,0.6409161686897278,,0.9779002070426941,0.4090828597545624,0.7167596220970154,,0.9718068242073059,0.39420413970947266,0.7506135702133179,,0.9635850191116333,forward,92.51253876606546,1
110,3.6703333333333332,55.53317070007324,1080,1920,0.536680281162262,0.5771719217300415,,0.9997422099113464,0.5836573243141174,0.6387478113174438,,0.9862692356109619,0.5888481140136719,0.7189004421234131,,0.9839423298835754,0.6131843328475952,0.7488529086112976,,0.9764325022697449,forward,92.0428505228896,1,0.4502839744091034,0.5770572423934937,,0.999652087688446,0.40943413972854614,0.6410118341445923,,0.9788877367973328,0.4093336760997772,0.7167611718177795,,0.972087025642395,0.39405643939971924,0.750358521938324,,0.9638869762420654,forward,91.26490044381737,1
111,3.7037,54.8398494720459,1080,1920,0.5365661978721619,0.5791339874267578,,0.9997631907463074,0.5852118134498596,0.6387258768081665,,0.9869712591171265,0.5886939764022827,0.7181328535079956,,0.9844191074371338,0.6131784319877625,0.7489188313484192,,0.9772219061851501,forward,89.92912747781168,1,0.4500925838947296,0.5789920687675476,,0.9996795058250427,0.4068432152271271,0.6410466432571411,,0.9800161123275757,0.40932774543762207,0.7167444229125977,,0.9727997183799744,0.3938466012477875,0.7501975297927856,,0.9646724462509155,forward,89.85302573850242,1
112,3.7370666666666668,55.99379539489746,1080,1920,0.5364472270011902,0.580665647983551,,0.9997813701629639,0.5859348773956299,0.6386860609054565,,0.9876401424407959,0.5886802077293396,0.7171167135238647,,0.9848724007606506,0.6130201816558838,0.7491169571876526,,0.9779846668243408,forward,87.88732699111432,1,0.44985708594322205,0.5806920528411865,,0.9997035264968872,0.4046240746974945,0.6411711573600769,,0.98113614320755,0.40933364629745483,0.7167559266090393,,0.9736098647117615,0.39382365345954895,0.7501831650733948,,0.9656098484992981,forward,88.63229378066458,1
113,3.7704333333333335,54.811954498291016,1080,1920,0.5361588001251221,0.5822595953941345,,0.9997974634170532,0.5865628719329834,0.6387981176376343,,0.9882800579071045,0.5889332294464111,0.7171822190284729,,0.9853426814079285,0.6130085587501526,0.7491201162338257,,0.9787439703941345,forward,86.87211243566834,1,0.44970935583114624,0.5821744203567505,,0.9997249841690063,0.4028935134410858,0.6413163542747498,,0.9822309017181396,0.4093288481235504,0.7167993783950806,,0.9745067358016968,0.3934725522994995,0.7499281764030457,,0.9666540622711182,forward,87.60307162341118,1
114,3.8038,54.125070571899414,1080,1920,0.536043643951416,0.5828809142112732,,0.9998124837875366,0.5870421528816223,0.6387755274772644,,0.9889149069786072,0.5896371603012085,0.7172261476516724,,0.9858217239379883,0.6123610138893127,0.7491408586502075,,0.9794765114784241,forward,86.52226751214303,1,0.44955334067344666,0.5827599763870239,,0.9997450709342957,0.4019782841205597,0.6415412425994873,,0.9832664728164673,0.4093957841396332,0.7167949676513672,,0.9752982258796692,0.3931116461753845,0.7497351169586182,,0.9675832986831665,forward,87.13116256384541,1
115,3.8371666666666666,55.01389503479004,1080,1920,0.5359699726104736,0.5839573740959167,,0.9998262524604797,0.5875627398490906,0.6387456655502319,,0.9895309209823608,0.5901006460189819,0.7171365022659302,,0.9862965941429138,0.6121460795402527,0.7492219805717468,,0.9801710247993469,forward,85.74898249449863,1,0.44927170872688293,0.5839539766311646,,0.9997633099555969,0.4004157781600952,0.6417259573936462,,0.9842594265937805,0.4094074070453644,0.7167918086051941,,0.9760581851005554,0.39301276206970215,0.7497003078460693,,0.9684340357780457,forward,86.25660383975688,1
116,3.8705333333333334,55.26089668273926,1080,1920,0.5359176993370056,0.585239052772522,,0.9998387694358826,0.5878180265426636,0.6387372612953186,,0.9900787472724915,0.5900576114654541,0.7171640396118164,,0.9866970777511597,0.6118802428245544,0.7493558526039124,,0.9807747602462769,forward,84.9612613983397,1,0.44896984100341797,0.5851596593856812,,0.999779999256134,0.40023770928382874,0.6417022943496704,,0.9851771593093872,0.4094524383544922,0.7167953252792358,,0.9767971634864807,0.39267614483833313,0.7497256994247437,,0.9692741632461548,forward,85.4468107654773,1
117,3.9039,54.852962493896484,1080,1920,0.5358549356460571,0.58521968126297,,0.9998511075973511,0.5885903835296631,0.638713002204895,,0.9905830025672913,0.5900511145591736,0.7175263166427612,,0.9871516227722168,0.6118736267089844,0.7495878338813782,,0.9814484715461731,forward,85.35234834773499,1,0.4487970173358917,0.5850200653076172,,0.9997959136962891,0.4002566635608673,0.6416477560997009,,0.9860442876815796,0.40963172912597656,0.7166200280189514,,0.9774062037467957,0.3929465115070343,0.750106930732727,,0.9700284600257874,forward,85.3878314215477,1
118,3.937266666666667,55.57870864868164,1080,1920,0.5358295440673828,0.5850407481193542,,0.9998618960380554,0.5901325345039368,0.6398593783378601,,0.9910010099411011,0.5900455117225647,0.7178187966346741,,0.9874725937843323,0.6126397252082825,0.7495931386947632,,0.9819393754005432,forward,85.33326550543285,1,0.448800265789032,0.5845514535903931,,0.9998098015785217,0.40039175748825073,0.6415516138076782,,0.9868097305297852,0.4100787341594696,0.7165025472640991,,0.9779360294342041,0.3937634527683258,0.750201404094696,,0.9706506133079529,forward,85.61987490597645,1
119,3.9706333333333332,54.830074310302734,1080,1920,0.5358400940895081,0.5848146080970764,,0.9998717904090881,0.5905325412750244,0.6399071216583252,,0.9913926124572754,0.5900470018386841,0.717848002910614,,0.9877826571464539,0.6124840974807739,0.7496368288993835,,0.9824112057685852,forward,85.49061008606421,1,0.448821097612381,0.5842005014419556,,0.9998226761817932,0.4006134569644928,0.6414273381233215,,0.9875053763389587,0.41043978929519653,0.716502845287323,,0.9784760475158691,0.3939053416252136,0.7499488592147827,,0.9712886214256287,forward,85.89416750302408,1
120,4.0040000000000004,54.656982421875,1080,1920,0.5358532667160034,0.5843674540519714,,0.9998807311058044,0.590563178062439,0.6389140486717224,,0.9917309284210205,0.5900328755378723,0.717851459980011,,0.9879772067070007,0.6123248934745789,0.7495694756507874,,0.9828191995620728,forward,86.15205074936631,1,0.4488371014595032,0.5838528871536255,,0.9998346567153931,0.40067335963249207,0.6399334073066711,,0.9881399273872375,0.4105711579322815,0.7165704369544983,,0.9789482951164246,0.39389172196388245,0.7499232888221741,,0.9719346761703491,forward,86.65251221110046,1
121,4.037366666666666,55.04202842712402,1080,1920,0.5359629988670349,0.5840180516242981,,0.9998888969421387,0.5903815627098083,0.6376510858535767,,0.9920592904090881,0.5900052785873413,0.7178576588630676,,0.9881933331489563,0.6123111248016357,0.7495010495185852,,0.9832502007484436,forward,86.89516336554225,1,0.4489176273345947,0.583668053150177,,0.9998456239700317,0.4009488821029663,0.639548659324646,,0.9887051582336426,0.410645455121994,0.7166684865951538,,0.9794409871101379,0.39373263716697693,0.7499172687530518,,0.9725793600082397,forward,87.00355873203367,1
122,4.070733333333333,54.657936096191406,1080,1920,0.5361039638519287,0.5826042294502258,,0.9998958110809326,0.5902455449104309,0.6372050046920776,,0.9923259615898132,0.5899326801300049,0.7178636193275452,,0.9883222579956055,0.6123321056365967,0.749386191368103,,0.9835115671157837,forward,87.99691782672699,1,0.44892749190330505,0.5816203355789185,,0.999854564666748,0.4010378122329712,0.6395263075828552,,0.9891747236251831,0.41073426604270935,0.7167797088623047,,0.979720413684845,0.3937315344810486,0.7499163746833801,,0.9728830456733704,forward,88.51348786422142,1
123,4.1041,53.854942321777344,1080,1920,0.5361705422401428,0.580120861530304,,0.9999010562896729,0.5901426672935486,0.6371510028839111,,0.9925538897514343,0.5899352431297302,0.7178153991699219,,0.9883509278297424,0.6123139262199402,0.7493433356285095,,0.9835431575775146,forward,89.57329876767413,1,0.4489348232746124,0.5785750150680542,,0.9998610615730286,0.40109822154045105,0.6395315527915955,,0.9895156025886536,0.41074836254119873,0.7167434692382812,,0.9797921180725098,0.3947020173072815,0.7498969435691833,,0.972816526889801,forward,90.58615004975331,1
124,4.137466666666667,55.45997619628906,1080,1920,0.5364030003547668,0.5758915543556213,,0.9999041557312012,0.5900701284408569,0.6374438405036926,,0.9927458763122559,0.5899642109870911,0.7177489995956421,,0.988309383392334,0.6123055815696716,0.7489144802093506,,0.9833593964576721,forward,92.1891520350697,1,0.44905662536621094,0.57474684715271,,0.9998647570610046,0.40128093957901,0.6399210095405579,,0.9897789359092712,0.4109249711036682,0.7167469263076782,,0.9796805381774902,0.3947567939758301,0.7494161128997803,,0.9724184274673462,forward,93.22102893190839,1
125,4.170833333333333,55.15694618225098,1080,1920,0.5365731120109558,0.5723181962966919,,0.999904990196228,0.5901961326599121,0.6378370523452759,,0.9929234981536865,0.5898950099945068,0.7183225750923157,,0.9883001446723938,0.612911581993103,0.748948335647583,,0.9831249117851257,forward,95.1110403132653,1,0.44961875677108765,0.5717433094978333,,0.9998646974563599,0.4015333354473114,0.6399092078208923,,0.989895224571228,0.4112703204154968,0.716718316078186,,0.9791520237922668,0.3948191702365875,0.7489956617355347,,0.9714851975440979,forward,95.43240993340211,1
126,4.2042,56.326866149902344,1080,1920,0.5369298458099365,0.5687791705131531,,0.9999062418937683,0.5903363227844238,0.6378555297851562,,0.9930645823478699,0.5900422930717468,0.7187257409095764,,0.9883022904396057,0.6140741109848022,0.7489045262336731,,0.982930600643158,forward,98.06485729924219,1,0.4506272077560425,0.5687563419342041,,0.9998665452003479,0.40238484740257263,0.6392996907234192,,0.9899929761886597,0.41141200065612793,0.716776967048645,,0.9789832830429077,0.39488738775253296,0.74893718957901,,0.9710759520530701,forward,97.93685751575242,1
127,4.237566666666667,56.832075119018555,1080,1920,0.5371177792549133,0.5647861957550049,,0.9999079704284668,0.5903232097625732,0.6374577879905701,,0.9932236075401306,0.5900506973266602,0.7189502120018005,,0.9883512854576111,0.6145956516265869,0.748884379863739,,0.982832133769989,forward,101.41596308883393,1,0.4508366286754608,0.5653301477432251,,0.9998688697814941,0.40332671999931335,0.6387653350830078,,0.9901816248893738,0.4116809666156769,0.7176434397697449,,0.9789881706237793,0.39485493302345276,0.748757541179657,,0.9709469079971313,forward,101.69458256060022,1
128,4.270933333333334,51.32794380187988,1080,1920,0.537315309047699,0.56135094165802,,0.9999071359634399,0.5905167460441589,0.6368381977081299,,0.9933366775512695,0.5900263786315918,0.7192373871803284,,0.9883549213409424,0.6155110001564026,0.7488065958023071,,0.98265540599823,forward,104.6089436658038,1,0.45105627179145813,0.5618525743484497,,0.9998674988746643,0.4043594300746918,0.6382061243057251,,0.9903718829154968,0.4123925268650055,0.718353807926178,,0.9790313243865967,0.39484500885009766,0.7488138675689697,,0.9708731174468994,forward,105.48736673791434,1
129,4.3043000000000005,51.89990997314453,1080,1920,0.5379262566566467,0.5567600131034851,,0.9999025464057922,0.5907764434814453,0.6361392140388489,,0.9932982921600342,0.5900247097015381,0.719429612159729,,0.9882065653800964,0.6159148812294006,0.7486408948898315,,0.9822812080383301,forward,108.7976209454456,1,0.45190098881721497,0.5574546456336975,,0.999862015247345,0.4065597951412201,0.6363337635993958,,0.9904301762580872,0.4129558801651001,0.7184637784957886,,0.9791937470436096,0.39488184452056885,0.74881511926651,,0.9709538221359253,forward,109.92606566922427,1
130,4.337666666666666,53.44891548156738,1080,1920,0.5387490391731262,0.5517966747283936,,0.9998977780342102,0.5908395051956177,0.6346748471260071,,0.9931532740592957,0.5903521180152893,0.71943598985672,,0.9880032539367676,0.6165702939033508,0.7486398816108704,,0.9818376302719116,forward,113.59073183879394,1,0.4524460434913635,0.5529729723930359,,0.9998546838760376,0.40952107310295105,0.634858250617981,,0.9902099370956421,0.4130079448223114,0.7184392213821411,,0.9789304137229919,0.39606794714927673,0.7491614818572998,,0.9706062078475952,forward,114.42284942372993,1
131,4.371033333333333,54.81600761413574,1080,1920,0.5392013192176819,0.548483669757843,,0.9998891949653625,0.5908312201499939,0.6333080530166626,,0.9930431246757507,0.5905700922012329,0.7193620800971985,,0.9878053069114685,0.6168071031570435,0.748653769493103,,0.9813870787620544,forward,117.00623015879724,1,0.4524823725223541,0.5495363473892212,,0.9998424649238586,0.41039738059043884,0.6343763470649719,,0.9901174306869507,0.413252055644989,0.7181942462921143,,0.978858470916748,0.39696264266967773,0.749419629573822,,0.9704524278640747,forward,117.61460931814294,1
132,4.4044,55.80306053161621,1080,1920,0.5392807722091675,0.5453745722770691,,0.9998810291290283,0.5908198952674866,0.6327033638954163,,0.9930896162986755,0.5910083055496216,0.7188663482666016,,0.9879247546195984,0.6166514754295349,0.7486287355422974,,0.9815343618392944,forward,119.55281726072431,1,0.45247548818588257,0.5460798740386963,,0.9998352527618408,0.41159966588020325,0.6328782439231873,,0.9904457926750183,0.4135993719100952,0.7177793979644775,,0.9798179268836975,0.4002297818660736,0.7497457265853882,,0.9716914892196655,forward,121.03962866140893,1
133,4.437766666666667,56.02312088012695,1080,1920,0.5395880937576294,0.5420913100242615,,0.9998711347579956,0.5906121134757996,0.630905270576477,,0.9931747317314148,0.5920771956443787,0.717448353767395,,0.9881463050842285,0.6159804463386536,0.7483527660369873,,0.981816828250885,forward,121.55529047336367,1,0.45245373249053955,0.5424230694770813,,0.9998277425765991,0.4119315445423126,0.631610631942749,,0.9908408522605896,0.4137190580368042,0.7169610261917114,,0.9809556603431702,0.4017700254917145,0.7496897578239441,,0.9731367826461792,forward,124.30466035504877,1
134,4.471133333333333,55.4811954498291,1080,1920,0.5397261381149292,0.54021155834198,,0.999855101108551,0.5897284746170044,0.6296511292457581,,0.9931963682174683,0.5924040675163269,0.7168472409248352,,0.9884157180786133,0.6154580116271973,0.7471831440925598,,0.9821508526802063,forward,123.09049729674346,1,0.45245859026908875,0.5400227308273315,,0.9998122453689575,0.4133334159851074,0.6307132244110107,,0.9910942316055298,0.413548082113266,0.7169551849365234,,0.9819492101669312,0.4022996723651886,0.7496778964996338,,0.974337100982666,forward,127.31734456803758,1
135,4.5045,56.021928787231445,1080,1920,0.5398717522621155,0.5386122465133667,,0.9998403191566467,0.5893054008483887,0.6288362145423889,,0.9931837916374207,0.592887818813324,0.71627277135849,,0.9886155128479004,0.6150549054145813,0.7473611235618591,,0.9823279976844788,forward,124.25718194495006,1,0.4524593651294708,0.538682222366333,,0.9997971057891846,0.4153439402580261,0.6291754841804504,,0.9913445115089417,0.41329720616340637,0.7168805003166199,,0.9828535914421082,0.40226662158966064,0.7497422695159912,,0.9753550291061401,forward,129.17872567456226,1
136,4.537866666666667,54.43096160888672,1080,1920,0.5402268171310425,0.5362813472747803,,0.9998267292976379,0.5883882641792297,0.6278818845748901,,0.9932191371917725,0.593552827835083,0.7162810564041138,,0.9889347553253174,0.6149919629096985,0.7475941181182861,,0.982701301574707,forward,127.14857910363312,1,0.45256319642066956,0.5365778803825378,,0.9997816681861877,0.4180920720100403,0.6264949440956116,,0.9915724992752075,0.4130680561065674,0.7168940305709839,,0.9837175011634827,0.4025234878063202,0.7496591806411743,,0.976355791091919,forward,132.9153992011142,1
137,4.571233333333334,54.91828918457031,1080,1920,0.5405561923980713,0.5338972806930542,,0.9998140931129456,0.5875298976898193,0.6255975961685181,,0.9932140111923218,0.5939270257949829,0.7154744267463684,,0.9891530871391296,0.6148824095726013,0.7474885582923889,,0.9829607605934143,forward,129.53309036606882,1,0.45257851481437683,0.5348790287971497,,0.9997702836990356,0.41965949535369873,0.6257944107055664,,0.9917506575584412,0.4127551019191742,0.7168687582015991,,0.984544575214386,0.4029867947101593,0.7496474385261536,,0.9773551225662231,forward,135.41400001550684,1
138,4.6046000000000005,54.945945739746094,1080,1920,0.5409660935401917,0.531420886516571,,0.9998006820678711,0.5868935585021973,0.6249639391899109,,0.993213951587677,0.5939428210258484,0.7153305411338806,,0.9893231987953186,0.6149497628211975,0.7475716471672058,,0.9831485152244568,forward,132.4963799991408,1,0.45261508226394653,0.5327834486961365,,0.9997563362121582,0.41986268758773804,0.625146746635437,,0.9918515682220459,0.41255998611450195,0.7167239785194397,,0.9852367043495178,0.4029306471347809,0.749685525894165,,0.9781128168106079,forward,138.29639105038774,1
139,4.637966666666666,53.24292182922363,1080,1920,0.5413904786109924,0.5302672982215881,,0.9997885823249817,0.5837735533714294,0.6241743564605713,,0.993212103843689,0.5927568674087524,0.7153622508049011,,0.9894812107086182,0.614928662776947,0.747482180595398,,0.9833253026008606,forward,134.36349788730675,1,0.45267143845558167,0.5315400958061218,,0.9997477531433105,0.4201390743255615,0.623957097530365,,0.9920024871826172,0.41211533546447754,0.7164440751075745,,0.9859346747398376,0.4029165208339691,0.7496236562728882,,0.9789484739303589,forward,140.3657990166012,1
140,4.671333333333333,55.760860443115234,1080,1920,0.5415657162666321,0.5295530557632446,,0.9997738003730774,0.5804105997085571,0.6238540410995483,,0.99317866563797,0.5919979810714722,0.7153975367546082,,0.9896160960197449,0.6155160069465637,0.747387170791626,,0.983420729637146,forward,135.50141625264723,1,0.45268571376800537,0.5305147171020508,,0.999734103679657,0.42101266980171204,0.6238333582878113,,0.9920886158943176,0.4117893576622009,0.7163342237472534,,0.9864881038665771,0.40297770500183105,0.7496523261070251,,0.979507327079773,forward,141.63693763578863,1
141,4.7047,55.609941482543945,1080,1920,0.5419449210166931,0.5282228589057922,,0.9997667074203491,0.5789109468460083,0.6232420802116394,,0.993035614490509,0.5918158888816833,0.7154026031494141,,0.9896261096000671,0.6154427528381348,0.7473307847976685,,0.983352780342102,forward,137.59688810690147,1,0.45270729064941406,0.5294278860092163,,0.9997280240058899,0.4219646751880646,0.6238282918930054,,0.9920133352279663,0.4116576015949249,0.7162115573883057,,0.9868300557136536,0.40302610397338867,0.7496668100357056,,0.9797960519790649,forward,142.93608852341606,1
142,4.738066666666667,54.390907287597656,1080,1920,0.5420230627059937,0.5268043875694275,,0.9997666478157043,0.5772615671157837,0.6223013997077942,,0.9929454326629639,0.5918030142784119,0.7154702544212341,,0.9896894693374634,0.6151507496833801,0.7475133538246155,,0.9834063649177551,forward,140.33732992001177,1,0.4527183175086975,0.5278584361076355,,0.9997288584709167,0.4234524667263031,0.6237464547157288,,0.9919386506080627,0.41166481375694275,0.7161805629730225,,0.9871663451194763,0.40326327085494995,0.7496791481971741,,0.9801416993141174,forward,145.40978036466504,1
143,4.771433333333333,55.750131607055664,1080,1920,0.5420109033584595,0.5268619060516357,,0.999755859375,0.5754807591438293,0.6223323941230774,,0.9927615523338318,0.5917493104934692,0.7155405879020691,,0.9897043704986572,0.6152371168136597,0.747750461101532,,0.9833062291145325,forward,140.39023924773156,1,0.4526243209838867,0.5279533863067627,,0.9997195601463318,0.4247114062309265,0.6237984299659729,,0.9917834401130676,0.4116964340209961,0.7159320116043091,,0.9873756766319275,0.4036944806575775,0.7496758699417114,,0.9802451729774475,forward,144.6556491384978,1
144,4.8048,56.18786811828613,1080,1920,0.5420061349868774,0.5273116827011108,,0.9997480511665344,0.5750402212142944,0.622626543045044,,0.9926427006721497,0.5916343331336975,0.7159591317176819,,0.9897557497024536,0.6152296662330627,0.7481462955474854,,0.9832726120948792,forward,140.46644741033475,1,0.4523739516735077,0.528723418712616,,0.9997127056121826,0.42494386434555054,0.623951256275177,,0.9917016625404358,0.4116957485675812,0.7159281373023987,,0.9876044392585754,0.403788685798645,0.7496750354766846,,0.9804134368896484,forward,143.3057506746376,1
145,4.838166666666667,55.954933166503906,1080,1920,0.5420546531677246,0.5274212956428528,,0.9997453689575195,0.5736522674560547,0.6228296756744385,,0.9925734996795654,0.5915558338165283,0.7160292267799377,,0.9898332953453064,0.6152246594429016,0.7482576966285706,,0.9833275675773621,forward,140.2884562271159,1,0.4522983729839325,0.529154360294342,,0.9997119307518005,0.42536893486976624,0.6240846514701843,,0.9916776418685913,0.41175055503845215,0.7160908579826355,,0.9878836274147034,0.4039745032787323,0.7497413158416748,,0.9806937575340271,forward,142.90129796319502,1
146,4.871533333333334,54.86583709716797,1080,1920,0.5420570373535156,0.5277265906333923,,0.9997466206550598,0.5729202032089233,0.6233507990837097,,0.9925038814544678,0.5915457010269165,0.7162773609161377,,0.9899021983146667,0.6151733994483948,0.7484950423240662,,0.9833831787109375,forward,139.97455765052504,1,0.4522371292114258,0.5294644236564636,,0.9997141361236572,0.4255515933036804,0.6241462826728821,,0.9916433691978455,0.4118138551712036,0.7163001298904419,,0.98810213804245,0.4040030837059021,0.7499502301216125,,0.9809205532073975,forward,142.84334256888613,1
147,4.9049000000000005,55.5419921875,1080,1920,0.5420389175415039,0.5278773903846741,,0.9997496604919434,0.5713866353034973,0.6235666871070862,,0.992530882358551,0.5915442705154419,0.7165215611457825,,0.9900627136230469,0.6150453686714172,0.748568594455719,,0.9835845828056335,forward,140.12318361332876,1,0.45200881361961365,0.5297442078590393,,0.9997190833091736,0.42558369040489197,0.6242724061012268,,0.9916712641716003,0.41181647777557373,0.7165562510490417,,0.9883670806884766,0.4038926362991333,0.7502562403678894,,0.9812435507774353,forward,142.9016257516902,1
148,4.938266666666666,55.091142654418945,1080,1920,0.542050838470459,0.5278377532958984,,0.9997507929801941,0.5700458884239197,0.6236163973808289,,0.9925042986869812,0.5914980173110962,0.7169346213340759,,0.9901849031448364,0.6150449514389038,0.748656690120697,,0.9837190508842468,forward,141.05214942601984,1,0.45190566778182983,0.5298962593078613,,0.9997216463088989,0.42564964294433594,0.6243240237236023,,0.9916806221008301,0.4117494821548462,0.7166721224784851,,0.9885965585708618,0.4032398760318756,0.7505241632461548,,0.9815114140510559,forward,142.89645484130526,1
149,4.971633333333333,54.75473403930664,1080,1920,0.5420325994491577,0.5277412533760071,,0.9997531771659851,0.569337785243988,0.6236894726753235,,0.9925305843353271,0.5915132164955139,0.7173681259155273,,0.9903596043586731,0.615392804145813,0.748814582824707,,0.9839364886283875,forward,142.12855935967747,1,0.4517981708049774,0.5300037860870361,,0.9997252225875854,0.42559516429901123,0.6243792772293091,,0.9917719960212708,0.41141796112060547,0.7168359756469727,,0.9888840913772583,0.40201833844184875,0.750796377658844,,0.9818797707557678,forward,143.06874458947408,1
150,5.005,54.49199676513672,1080,1920,0.5420129895210266,0.5271908044815063,,0.999755859375,0.5688748955726624,0.6237589120864868,,0.9925588965415955,0.5915130376815796,0.7176668643951416,,0.9905349016189575,0.6155714392662048,0.7489548325538635,,0.9841539263725281,forward,143.55296165925066,1,0.4517555236816406,0.529711902141571,,0.9997284412384033,0.42556655406951904,0.6244306564331055,,0.9918433427810669,0.411239892244339,0.716847836971283,,0.9891263842582703,0.4014381170272827,0.7508677840232849,,0.982190728187561,forward,143.4978620263407,1
151,5.038366666666667,55.72986602783203,1080,1920,0.5419751405715942,0.5266762375831604,,0.9997586011886597,0.5684507489204407,0.6238111257553101,,0.9925384521484375,0.5915424823760986,0.7178301215171814,,0.9906389713287354,0.6156269311904907,0.7490930557250977,,0.9842802286148071,forward,144.64840453802117,1,0.451703280210495,0.5294166803359985,,0.9997318983078003,0.42557933926582336,0.6245003938674927,,0.9918808937072754,0.4111713767051697,0.7169495820999146,,0.9893072247505188,0.40091973543167114,0.7509604692459106,,0.982414960861206,forward,144.13944824973976,1
152,5.071733333333333,55.4811954498291,1080,1920,0.5419754385948181,0.5263327956199646,,0.9997614622116089,0.5679646134376526,0.6238508820533752,,0.9925580620765686,0.5915393829345703,0.7178420424461365,,0.9907501339912415,0.6154409646987915,0.749192476272583,,0.9844132661819458,forward,145.14357657076354,1,0.45169728994369507,0.5291867852210999,,0.9997355341911316,0.4256444573402405,0.6245233416557312,,0.9919312596321106,0.4111742377281189,0.7169269919395447,,0.9894821047782898,0.40078964829444885,0.7509582042694092,,0.9826321601867676,forward,144.43567672798443,1
153,5.1051,54.17680740356445,1080,1920,0.5419999361038208,0.5260447859764099,,0.9997633695602417,0.5678257346153259,0.6238812804222107,,0.9924746751785278,0.5914954543113708,0.718038022518158,,0.9907531142234802,0.6154398322105408,0.7492400407791138,,0.9844104051589966,forward,146.05495965013975,1,0.451693058013916,0.528863787651062,,0.9997380971908569,0.4259611666202545,0.6245040893554688,,0.9919305443763733,0.41116979718208313,0.716899573802948,,0.9895947575569153,0.40078380703926086,0.7509580254554749,,0.9827582240104675,forward,144.90968284810648,1
154,5.138466666666667,53.95793914794922,1080,1920,0.5420490503311157,0.5258060097694397,,0.9997661709785461,0.567615807056427,0.6238256096839905,,0.9924048781394958,0.5913823843002319,0.7182033061981201,,0.9907621145248413,0.6154127717018127,0.7492259740829468,,0.9844163060188293,forward,146.93290453344264,1,0.4516933262348175,0.528494119644165,,0.99974125623703,0.42622578144073486,0.6242618560791016,,0.9919039011001587,0.4111742675304413,0.7168600559234619,,0.9896916151046753,0.40078622102737427,0.7509526610374451,,0.9828683733940125,forward,145.59503087626348,1
155,5.171833333333334,54.56209182739258,1080,1920,0.542083740234375,0.5257930755615234,,0.9997683167457581,0.5676482319831848,0.6238402128219604,,0.9923591613769531,0.5912715792655945,0.7184705138206482,,0.9907814264297485,0.6153813004493713,0.7492271661758423,,0.9844359159469604,forward,147.69364174631514,1,0.45170894265174866,0.5284605622291565,,0.9997433423995972,0.4265007972717285,0.624135434627533,,0.9919111132621765,0.41118210554122925,0.7168705463409424,,0.989799976348877,0.4008866250514984,0.7509152293205261,,0.9829946160316467,forward,145.77122307283204,1
156,5.2052000000000005,55.15789985656738,1080,1920,0.5420829653739929,0.5257993340492249,,0.999768078327179,0.5677230954170227,0.6238870024681091,,0.9922844171524048,0.5911447405815125,0.7186694741249084,,0.9907824993133545,0.6153371930122375,0.7492260336875916,,0.984411895275116,forward,148.2110222855078,1,0.4516318738460541,0.5284149646759033,,0.9997425079345703,0.4266088008880615,0.6239444017410278,,0.9919081330299377,0.4111814498901367,0.716878354549408,,0.9898831248283386,0.4009203612804413,0.7508126497268677,,0.9830870032310486,forward,146.0256696370843,1
157,5.238566666666666,55.500030517578125,1080,1920,0.5421057939529419,0.5258042812347412,,0.9997654557228088,0.5677597522735596,0.6238956451416016,,0.9921639561653137,0.5909340977668762,0.7186631560325623,,0.9907655715942383,0.6149225831031799,0.7492253184318542,,0.9843385815620422,forward,148.17130594050082,1,0.45156973600387573,0.5283867120742798,,0.9997385740280151,0.42660385370254517,0.6237377524375916,,0.9918699860572815,0.41118124127388,0.7168768048286438,,0.9899221658706665,0.40092936158180237,0.7505704760551453,,0.9830994009971619,forward,146.26410848385075,1
158,5.271933333333333,54.90684509277344,1080,1920,0.5421446561813354,0.5258346199989319,,0.9997607469558716,0.5680117607116699,0.623993456363678,,0.9920289516448975,0.5907332301139832,0.7185264229774475,,0.9907236695289612,0.6147019267082214,0.7491968870162964,,0.9842290282249451,forward,147.5860696770018,1,0.45150497555732727,0.5284183025360107,,0.9997317790985107,0.42649978399276733,0.6236801743507385,,0.991839587688446,0.41117063164711,0.7168800830841064,,0.9899489879608154,0.4009529650211334,0.7503933310508728,,0.9830817580223083,forward,146.2817370749003,1
159,5.3053,55.05108833312988,1080,1920,0.5423157215118408,0.5271213054656982,,0.9997534155845642,0.5689057111740112,0.6241028308868408,,0.9916727542877197,0.5905265212059021,0.7184813022613525,,0.990500271320343,0.6146959066390991,0.7491616010665894,,0.9838300943374634,forward,145.3820966071798,1,0.4513208270072937,0.5298342108726501,,0.9997212290763855,0.4259924590587616,0.6236878633499146,,0.9915928840637207,0.4111354947090149,0.7169017195701599,,0.9897281527519226,0.40095651149749756,0.7502635717391968,,0.9826905727386475,forward,144.17806593753738,1
160,5.338666666666667,59.99302864074707,1080,1920,0.5425227284431458,0.5282565951347351,,0.999748170375824,0.570112943649292,0.6241452097892761,,0.9912404417991638,0.5904948115348816,0.7184768319129944,,0.990224301815033,0.614724338054657,0.7491540312767029,,0.9833447337150574,forward,143.7226811702625,1,0.45105546712875366,0.5317081809043884,,0.9997133612632751,0.42541414499282837,0.6238420605659485,,0.9911808967590332,0.41113635897636414,0.7168630957603455,,0.9893302917480469,0.40096062421798706,0.7499829530715942,,0.9820533990859985,forward,141.29452996088585,1
161,5.372033333333333,54.46887016296387,1080,1920,0.5427362322807312,0.5296611189842224,,0.9997445940971375,0.5720067620277405,0.6245993375778198,,0.990961492061615,0.5904393792152405,0.7184654474258423,,0.9900631308555603,0.6147505044937134,0.7490513324737549,,0.9830138683319092,forward,141.24869764478578,1,0.45081669092178345,0.5333919525146484,,0.9997075200080872,0.4250544607639313,0.6242395639419556,,0.9909178018569946,0.4111379086971283,0.7167900204658508,,0.9890798926353455,0.40105223655700684,0.7497168779373169,,0.9816319346427917,forward,138.48696176345072,1
162,5.4054,54.83198165893555,1080,1920,0.5428540706634521,0.5309728980064392,,0.9997429251670837,0.5740625858306885,0.625187337398529,,0.9908422827720642,0.5903101563453674,0.7184426188468933,,0.989963710308075,0.6149236559867859,0.7489861845970154,,0.9827920198440552,forward,138.87830455511588,1,0.4507233500480652,0.5350526571273804,,0.9997053742408752,0.42441344261169434,0.6250609159469604,,0.9908223152160645,0.41116493940353394,0.7167918682098389,,0.9890304207801819,0.40097856521606445,0.7496551275253296,,0.9814628958702087,forward,135.63289165296857,1
163,5.438766666666667,55.04798889160156,1080,1920,0.5428550839424133,0.5320522785186768,,0.9997465014457703,0.57756507396698,0.625643789768219,,0.9907810091972351,0.5902227759361267,0.7179943323135376,,0.9899460077285767,0.6149143576622009,0.7489398121833801,,0.98271244764328,forward,136.18162964732988,1,0.45067572593688965,0.5361473560333252,,0.9997089505195618,0.42334234714508057,0.6259817481040955,,0.9908144474029541,0.41118061542510986,0.7168055176734924,,0.989075779914856,0.4007188379764557,0.749654233455658,,0.9814903736114502,forward,133.60887037345773,1
164,5.472133333333334,54.13699150085449,1080,1920,0.5429364442825317,0.5327261686325073,,0.9997525811195374,0.5804566144943237,0.6256453990936279,,0.9908459782600403,0.5902153849601746,0.717643678188324,,0.9898989796638489,0.6149051785469055,0.7488771677017212,,0.9825745224952698,forward,134.67870834334778,1,0.4507293999195099,0.5370457172393799,,0.99971604347229,0.42327746748924255,0.6262894868850708,,0.9908834099769592,0.41120174527168274,0.716791570186615,,0.9891151189804077,0.40073513984680176,0.7495991587638855,,0.9814622402191162,forward,132.30718502967358,1
165,5.5055000000000005,54.535865783691406,1080,1920,0.5433984398841858,0.5335114598274231,,0.9997629523277283,0.5823512077331543,0.6256495118141174,,0.9908744096755981,0.5902082324028015,0.7171356081962585,,0.9897854328155518,0.6147370338439941,0.7487346529960632,,0.982286274433136,forward,132.8002440217017,1,0.4513835906982422,0.5379432439804077,,0.9997286796569824,0.42310360074043274,0.6264801025390625,,0.9908187389373779,0.4112135171890259,0.7167015671730042,,0.9891698956489563,0.40060508251190186,0.7495840191841125,,0.9814243316650391,forward,130.97959582354375,1
166,5.538866666666666,54.515838623046875,1080,1920,0.5439841747283936,0.5342051386833191,,0.9997747540473938,0.5831014513969421,0.6256491541862488,,0.990680992603302,0.5902734994888306,0.7169845104217529,,0.9893791079521179,0.6147297024726868,0.7486615777015686,,0.9814345836639404,forward,131.7369679568131,1,0.4520230293273926,0.5386062264442444,,0.9997416734695435,0.4231061339378357,0.6265763640403748,,0.9906907677650452,0.4112270772457123,0.716721773147583,,0.9891217947006226,0.4006003141403198,0.7496176362037659,,0.9810534715652466,forward,130.2034358561433,1
167,5.572233333333333,55.30714988708496,1080,1920,0.5445199012756348,0.5345667004585266,,0.9997851848602295,0.5836032032966614,0.6249779462814331,,0.9903388619422913,0.5902814865112305,0.7168633937835693,,0.9888498187065125,0.6147348284721375,0.7485176920890808,,0.9803904891014099,forward,131.6250552149715,1,0.45294493436813354,0.5385814309120178,,0.9997531175613403,0.4231085479259491,0.6266974806785583,,0.990458071231842,0.4112914502620697,0.7168816924095154,,0.9889939427375793,0.40062910318374634,0.7496360540390015,,0.980530321598053,forward,130.43645049247203,1
168,5.6056,55.48596382141113,1080,1920,0.5445752143859863,0.5354674458503723,,0.9998010396957397,0.5838492512702942,0.6249362826347351,,0.9897501468658447,0.590575635433197,0.7166651487350464,,0.9884008169174194,0.6146132349967957,0.7485241293907166,,0.9798219799995422,forward,130.32223999878877,1,0.4538559019565582,0.5389874577522278,,0.9997700452804565,0.42310985922813416,0.6268807649612427,,0.9899505376815796,0.41130536794662476,0.7169250249862671,,0.9888038635253906,0.4007497727870941,0.7496709227561951,,0.9802328944206238,forward,129.93763032417667,1
169,5.638966666666667,55.55081367492676,1080,1920,0.5447791814804077,0.5369012355804443,,0.9998114109039307,0.5846880078315735,0.6250631213188171,,0.9884911179542542,0.5907279849052429,0.7166630625724792,,0.9871454238891602,0.6145650148391724,0.7486801743507385,,0.9779900908470154,forward,128.73264050546473,1,0.455166220664978,0.5398122668266296,,0.9997797608375549,0.42286956310272217,0.6271268725395203,,0.9890093207359314,0.411464124917984,0.716937243938446,,0.9880750179290771,0.4008374810218811,0.7497460842132568,,0.9790483117103577,forward,128.88802938227087,1
170,5.6723333333333334,55.7100772857666,1080,1920,0.5448795557022095,0.5397657155990601,,0.9998204708099365,0.5853915214538574,0.6257997155189514,,0.9876598715782166,0.590714156627655,0.7166998982429504,,0.9861965179443359,0.6145638823509216,0.7487304210662842,,0.9766765236854553,forward,125.37591695046436,1,0.4563983678817749,0.5416988134384155,,0.9997867345809937,0.42232605814933777,0.6281692981719971,,0.9881019592285156,0.4112725853919983,0.7169939279556274,,0.9874293208122253,0.4009649455547333,0.7499102354049683,,0.9780457615852356,forward,126.32810157596624,1
171,5.7057,55.00388145446777,1080,1920,0.5447931289672852,0.5422394275665283,,0.9998338222503662,0.5859386324882507,0.6268957257270813,,0.9873039126396179,0.5912641882896423,0.7166265249252319,,0.9857503175735474,0.6146056056022644,0.7485716938972473,,0.9762135744094849,forward,122.12460299585827,1,0.456924170255661,0.5437390208244324,,0.9998006224632263,0.42089223861694336,0.630318820476532,,0.9876316785812378,0.41145285964012146,0.717210590839386,,0.9872995018959045,0.40115419030189514,0.7499452829360962,,0.977894127368927,forward,123.51535476566377,1
172,5.739066666666667,56.600093841552734,1080,1920,0.5447140336036682,0.5452481508255005,,0.9998450875282288,0.5861155986785889,0.6283300518989563,,0.9870913624763489,0.5920947194099426,0.7168992757797241,,0.9853665232658386,0.6146082282066345,0.7481892704963684,,0.9757505059242249,forward,118.90099158524234,1,0.4578491449356079,0.5466535091400146,,0.9998124837875366,0.41922035813331604,0.6306466460227966,,0.9872241616249084,0.4115757942199707,0.7170983552932739,,0.9871212244033813,0.40034011006355286,0.749890148639679,,0.9776773452758789,forward,120.22546834681302,1
173,5.772433333333334,54.58784103393555,1080,1920,0.5444880723953247,0.5483477115631104,,0.999856173992157,0.5861189365386963,0.6302799582481384,,0.9872978329658508,0.5920898914337158,0.7170178890228271,,0.9853362441062927,0.6146553754806519,0.7480230927467346,,0.9757557511329651,forward,115.29774616829411,1,0.4579649567604065,0.5494217276573181,,0.9998248219490051,0.41609296202659607,0.632060706615448,,0.9872869849205017,0.41181933879852295,0.7171450853347778,,0.9873780012130737,0.3967219889163971,0.7500009536743164,,0.9780445098876953,forward,117.05025628363585,1
174,5.8058000000000005,59.56315994262695,1080,1920,0.5444234013557434,0.5509068965911865,,0.9998668432235718,0.5864381790161133,0.631792426109314,,0.9876292943954468,0.5918890833854675,0.7168539762496948,,0.9851478934288025,0.6145766377449036,0.747909665107727,,0.9754845499992371,forward,112.2163988370736,1,0.45846477150917053,0.5519004464149475,,0.9998372197151184,0.4130188524723053,0.6322525143623352,,0.9876413941383362,0.4118238389492035,0.7171221971511841,,0.9877269268035889,0.3943493962287903,0.749843180179596,,0.9784923195838928,forward,114.62232238896225,1
175,5.839166666666666,53.252220153808594,1080,1920,0.544386625289917,0.5534924268722534,,0.9998757839202881,0.5872666239738464,0.6328449249267578,,0.9878507256507874,0.5918163061141968,0.7175531983375549,,0.9849321246147156,0.6145853400230408,0.74782794713974,,0.975054144859314,forward,110.47657617126296,1,0.45877784490585327,0.5543802976608276,,0.9998473525047302,0.41151463985443115,0.632729172706604,,0.9879008531570435,0.411992609500885,0.7167589068412781,,0.9879436492919922,0.3928234577178955,0.7497463822364807,,0.9786704182624817,forward,111.75202970452347,1
176,5.872533333333333,54.21900749206543,1080,1920,0.544380247592926,0.5552594661712646,,0.9998840093612671,0.5879396796226501,0.6326670050621033,,0.9877685308456421,0.591806173324585,0.7177929282188416,,0.9841492176055908,0.6146208643913269,0.7478145360946655,,0.9738230109214783,forward,109.39204055486377,1,0.459046334028244,0.5562424063682556,,0.9998569488525391,0.4115152359008789,0.6326295733451843,,0.9880103468894958,0.4119749367237091,0.7163633704185486,,0.9877880215644836,0.3921472132205963,0.7495899796485901,,0.978246808052063,forward,109.6847533333025,1
177,5.9059,54.61311340332031,1080,1920,0.5441679954528809,0.5580950975418091,,0.9998902082443237,0.5895723700523376,0.6330215334892273,,0.9877706170082092,0.5918261408805847,0.717976450920105,,0.9836801290512085,0.614788293838501,0.7477973103523254,,0.9730023741722107,forward,107.20172373051774,1,0.4591633975505829,0.5588575601577759,,0.9998631477355957,0.41094863414764404,0.6331707835197449,,0.987999677658081,0.4118584394454956,0.7159757018089294,,0.9874486327171326,0.3918498456478119,0.7494390606880188,,0.9775287508964539,forward,106.8190282580915,1
178,5.939266666666667,53.94411087036133,1080,1920,0.5441290736198425,0.5610906481742859,,0.9998955726623535,0.5905677080154419,0.6333266496658325,,0.9876962900161743,0.592162549495697,0.7182357311248779,,0.9829791188240051,0.6149119734764099,0.7477877736091614,,0.9718206524848938,forward,105.07714288752568,1,0.45937538146972656,0.5618173480033875,,0.9998689293861389,0.41061946749687195,0.6340171098709106,,0.9879763722419739,0.4115478992462158,0.7159778475761414,,0.9871242642402649,0.3916987478733063,0.7494334578514099,,0.9767894744873047,forward,104.11163583030525,1
179,5.9726333333333335,53.25889587402344,1080,1920,0.5441263318061829,0.5638284087181091,,0.9999010562896729,0.5916775465011597,0.634495735168457,,0.9879589080810547,0.5922049283981323,0.7187923789024353,,0.9826793074607849,0.615338146686554,0.747850775718689,,0.9711992740631104,forward,103.15233382224906,1,0.4595467746257782,0.5649333596229553,,0.9998751878738403,0.4097045063972473,0.6351401805877686,,0.9882780313491821,0.41128623485565186,0.7159940600395203,,0.9870813488960266,0.39135363698005676,0.7494310736656189,,0.97647625207901,forward,101.28029490638434,1
180,6.006,48.61116409301758,1080,1920,0.5441369414329529,0.5670823454856873,,0.9999074935913086,0.5925731658935547,0.6371142268180847,,0.988433301448822,0.5922028422355652,0.718898594379425,,0.9826071262359619,0.6155174970626831,0.7478520274162292,,0.9710718393325806,forward,99.7674513550858,1,0.45975661277770996,0.568221390247345,,0.9998830556869507,0.4082888066768646,0.6360111832618713,,0.9887555241584778,0.410819947719574,0.7161195874214172,,0.9872994422912598,0.39017874002456665,0.7494357824325562,,0.9766546487808228,forward,98.6044375729548,1
181,6.039366666666667,54.17895317077637,1080,1920,0.5443480014801025,0.5709750652313232,,0.9999149441719055,0.592933177947998,0.6371672749519348,,0.9889695644378662,0.5922472476959229,0.7189466953277588,,0.9825943112373352,0.615825355052948,0.747859001159668,,0.9711421728134155,forward,96.9972281542342,1,0.46005430817604065,0.5718778371810913,,0.9998921155929565,0.4068080186843872,0.6358519792556763,,0.9893180131912231,0.41036084294319153,0.7159846425056458,,0.9875124096870422,0.38829174637794495,0.7494361996650696,,0.9769250750541687,forward,95.81351881103139,1
182,6.072733333333334,54.815053939819336,1080,1920,0.5442990064620972,0.5740991830825806,,0.9999223351478577,0.5927969217300415,0.6366510987281799,,0.9895373582839966,0.5922107100486755,0.7188387513160706,,0.9826353788375854,0.6158936023712158,0.7478610277175903,,0.9714813232421875,forward,94.93041646766605,1,0.4600479304790497,0.5748968124389648,,0.9999011158943176,0.405366450548172,0.6357061862945557,,0.9899401068687439,0.40994977951049805,0.7158957719802856,,0.9877378940582275,0.38811883330345154,0.7494248151779175,,0.9773294925689697,forward,93.62166231010129,1
183,6.1061000000000005,54.001808166503906,1080,1920,0.5442972183227539,0.5768518447875977,,0.9999293684959412,0.5927010178565979,0.6363677382469177,,0.9900107383728027,0.5921871662139893,0.7187121510505676,,0.9826645851135254,0.6157563328742981,0.7478953003883362,,0.9719730019569397,forward,93.06434838973226,1,0.46015191078186035,0.5778964161872864,,0.9999099969863892,0.40359607338905334,0.6361474394798279,,0.99049311876297,0.40976420044898987,0.7159043550491333,,0.98808354139328,0.38709691166877747,0.7493749856948853,,0.9780451655387878,forward,91.37460163702607,1
184,6.139466666666666,54.582834243774414,1080,1920,0.5442022085189819,0.5800056457519531,,0.9999358057975769,0.5929320454597473,0.6371336579322815,,0.9905482530593872,0.5916431546211243,0.7184118628501892,,0.9828226566314697,0.6155664920806885,0.7478983998298645,,0.9725081324577332,forward,90.30401697132903,1,0.46021220088005066,0.5805161595344543,,0.9999181032180786,0.40255576372146606,0.6361398100852966,,0.9911165833473206,0.4095218777656555,0.7161827087402344,,0.9885337352752686,0.3867518901824951,0.7495627999305725,,0.9788504838943481,forward,89.90215639585796,1
185,6.172833333333333,58.12788009643555,1080,1920,0.5441189408302307,0.5825279951095581,,0.9999418258666992,0.5927956104278564,0.6366235613822937,,0.9911041855812073,0.5910114049911499,0.7182479500770569,,0.9832609295845032,0.6149874925613403,0.7479559183120728,,0.9735859036445618,forward,88.72831906898331,1,0.4601689577102661,0.5831506252288818,,0.9999257922172546,0.40211325883865356,0.635900616645813,,0.9917870759963989,0.4091472625732422,0.716482400894165,,0.9891875982284546,0.3861912190914154,0.7495647668838501,,0.9800978302955627,forward,88.58553360309915,1
186,6.2062,54.38995361328125,1080,1920,0.5438675880432129,0.5845876336097717,,0.999947190284729,0.592718780040741,0.6364644765853882,,0.9916272163391113,0.5907204151153564,0.7181199193000793,,0.9836873412132263,0.6144890189170837,0.7478982210159302,,0.9744434952735901,forward,87.35603162492681,1,0.46002691984176636,0.5852739214897156,,0.999932587146759,0.40157657861709595,0.6358664631843567,,0.9923976063728333,0.40856432914733887,0.7165725827217102,,0.9897775650024414,0.38536810874938965,0.7494952082633972,,0.981146514415741,forward,87.31470473403948,1
187,6.239566666666667,54.60977554321289,1080,1920,0.5438129305839539,0.5860569477081299,,0.9999521970748901,0.592560887336731,0.6364818811416626,,0.992236316204071,0.5903019309043884,0.718201220035553,,0.9844560623168945,0.6145145297050476,0.7480100989341736,,0.9757078289985657,forward,86.51703070809327,1,0.45999446511268616,0.5865563750267029,,0.9999389052391052,0.40059155225753784,0.635824978351593,,0.9930363297462463,0.40811437368392944,0.716631293296814,,0.990481972694397,0.3855206370353699,0.7493178248405457,,0.9823815822601318,forward,86.57162648861821,1
188,6.2729333333333335,55.45806884765625,1080,1920,0.5438019633293152,0.5858535766601562,,0.9999566674232483,0.5925093293190002,0.6370819807052612,,0.9927806854248047,0.5903039574623108,0.7185065150260925,,0.9852315783500671,0.6149295568466187,0.7482055425643921,,0.9769412875175476,forward,86.69351118813853,1,0.45994260907173157,0.5863229036331177,,0.9999446272850037,0.40002745389938354,0.6359876394271851,,0.9935983419418335,0.40799617767333984,0.7166327238082886,,0.991105318069458,0.38563424348831177,0.7484893798828125,,0.9834722280502319,forward,86.64679458513291,1
189,6.3063,54.91924285888672,1080,1920,0.5438018441200256,0.5864900350570679,,0.999960720539093,0.5924688577651978,0.6369848251342773,,0.9932686686515808,0.5902829170227051,0.7187251448631287,,0.9858787059783936,0.61544269323349,0.7483795285224915,,0.9779824614524841,forward,86.58394383496473,1,0.45990297198295593,0.5869514346122742,,0.9999497532844543,0.3997167944908142,0.6362031102180481,,0.9941067695617676,0.40792974829673767,0.7166303396224976,,0.9916418790817261,0.3856993019580841,0.7480546832084656,,0.9844009876251221,forward,86.13916078285578,1
190,6.339666666666667,55.42612075805664,1080,1920,0.5439972877502441,0.5858198404312134,,0.9999643564224243,0.5923673510551453,0.6363714933395386,,0.9936135411262512,0.5902594327926636,0.7187458276748657,,0.9863224625587463,0.6155539155006409,0.7483928799629211,,0.9788102507591248,forward,87.33132002864863,1,0.45987391471862793,0.5863192081451416,,0.9999544024467468,0.4000197947025299,0.6361179947853088,,0.9945283532142639,0.4077030122280121,0.7166617512702942,,0.9921072125434875,0.38577327132225037,0.7479604482650757,,0.9852392673492432,forward,86.62064409778282,1
191,6.373033333333334,53.98392677307129,1080,1920,0.5440466403961182,0.5854160785675049,,0.9999675154685974,0.5921984910964966,0.635868489742279,,0.9939178228378296,0.5901389718055725,0.7188755869865417,,0.9866712093353271,0.6158748865127563,0.7483829855918884,,0.9795048832893372,forward,87.99452050661937,1,0.4598602056503296,0.5858688950538635,,0.9999583959579468,0.40035730600357056,0.6358755826950073,,0.9948998093605042,0.4075576663017273,0.7166721820831299,,0.9924947023391724,0.38601547479629517,0.7479695081710815,,0.9859415292739868,forward,87.03651765242856,1
192,6.4064000000000005,54.96811866760254,1080,1920,0.5440950989723206,0.5849342942237854,,0.9999704360961914,0.5921528339385986,0.6358411908149719,,0.9942542910575867,0.5900599956512451,0.7189629673957825,,0.9871558547019958,0.6165689826011658,0.7483819723129272,,0.980297327041626,forward,88.41160438576713,1,0.45973142981529236,0.5852135419845581,,0.9999620318412781,0.4006653130054474,0.6356576681137085,,0.9952639937400818,0.40754520893096924,0.7166732549667358,,0.9928942918777466,0.386455774307251,0.7479658126831055,,0.9866403937339783,forward,87.56524024225025,1
193,6.439766666666666,55.94897270202637,1080,1920,0.5440952181816101,0.5847046971321106,,0.9999731183052063,0.5920572876930237,0.6354085803031921,,0.9946191310882568,0.5900728106498718,0.7189620137214661,,0.9877817630767822,0.6167348027229309,0.7483816146850586,,0.9812009334564209,forward,88.79029254217346,1,0.4591929614543915,0.585085928440094,,0.9999654293060303,0.4005177915096283,0.6356836557388306,,0.9956259727478027,0.4075506627559662,0.7166759371757507,,0.9933346509933472,0.3866773545742035,0.7479828596115112,,0.9873744249343872,forward,87.63857905089807,1
194,6.473133333333333,55.79185485839844,1080,1920,0.5440461039543152,0.5833926796913147,,0.9999755024909973,0.5914035439491272,0.6331002712249756,,0.9949930310249329,0.5900846719741821,0.7189558744430542,,0.9885244965553284,0.6167784333229065,0.7483841180801392,,0.982241153717041,forward,91.00894245325578,1,0.458332359790802,0.5834674835205078,,0.9999685287475586,0.40051737427711487,0.6356745958328247,,0.9959766864776611,0.40754908323287964,0.7166770696640015,,0.9937741756439209,0.3867797553539276,0.7479963898658752,,0.9881234765052795,forward,88.69936164772233,1
195,6.5065,55.7401180267334,1080,1920,0.5440917015075684,0.579832136631012,,0.9999777674674988,0.5903913378715515,0.6315231919288635,,0.9953121542930603,0.5901192426681519,0.7189794182777405,,0.9891594052314758,0.6167727708816528,0.7484301328659058,,0.9831608533859253,forward,94.39501637166116,1,0.45780542492866516,0.5800345540046692,,0.9999714493751526,0.40049687027931213,0.6356706023216248,,0.9962707161903381,0.4075317084789276,0.7167114019393921,,0.9941586852073669,0.38679561018943787,0.7480095624923706,,0.9887903928756714,forward,91.01785723947998,1
196,6.539866666666667,58.327674865722656,1080,1920,0.5440724492073059,0.5757196545600891,,0.9999797344207764,0.5901826024055481,0.631506621837616,,0.9956174492835999,0.5901197195053101,0.7193289399147034,,0.9898069500923157,0.6170059442520142,0.7485210299491882,,0.9840404391288757,forward,97.5204014076732,1,0.45744189620018005,0.5759044289588928,,0.9999739527702332,0.40040168166160583,0.6356655955314636,,0.9965354800224304,0.40750816464424133,0.7167253494262695,,0.9944823980331421,0.386821985244751,0.7480871677398682,,0.9893331527709961,forward,93.85762663538303,1
197,6.5732333333333335,54.627180099487305,1080,1920,0.5439426302909851,0.5718372464179993,,0.9999815821647644,0.5898982286453247,0.6303716897964478,,0.9959240555763245,0.5900894999504089,0.7195447683334351,,0.9904711842536926,0.6170012950897217,0.7486579418182373,,0.9849568009376526,forward,101.3097101001173,1,0.4568917751312256,0.5718109607696533,,0.9999762773513794,0.39996758103370667,0.6355217695236206,,0.996793270111084,0.40745627880096436,0.7169256210327148,,0.9948100447654724,0.3867577910423279,0.7483071684837341,,0.9898988604545593,forward,97.04378730211,1
198,6.6066,54.804086685180664,1080,1920,0.5438288450241089,0.5675957202911377,,0.9999831318855286,0.5900164246559143,0.630606472492218,,0.9961475729942322,0.5900349020957947,0.7196023464202881,,0.990963876247406,0.6170849800109863,0.7486684322357178,,0.9855984449386597,forward,104.04493635850676,1,0.4567253291606903,0.5676329731941223,,0.9999781847000122,0.40005216002464294,0.6352393627166748,,0.996982216835022,0.40754181146621704,0.7169523239135742,,0.9950563311576843,0.3866795301437378,0.7482739686965942,,0.99031001329422,forward,100.26744100383581,1
199,6.639966666666667,58.72797966003418,1080,1920,0.5437617301940918,0.5625756978988647,,0.9999843835830688,0.5905192494392395,0.6307191252708435,,0.9963123202323914,0.5906042456626892,0.7196003198623657,,0.9913089275360107,0.6172648668289185,0.7487046122550964,,0.9859277606010437,forward,107.47234170602712,1,0.45675960183143616,0.5628410577774048,,0.9999797344207764,0.4002719819545746,0.6342867612838745,,0.9970922470092773,0.4079788327217102,0.71682208776474,,0.9951791167259216,0.38681599497795105,0.7482522130012512,,0.9904270768165588,forward,104.18648694014279,1
200,6.673333333333334,55.140018463134766,1080,1920,0.5437252521514893,0.5583445429801941,,0.9999854564666748,0.5905237793922424,0.6304189562797546,,0.9963604211807251,0.5906038284301758,0.7195321917533875,,0.9912534952163696,0.6172556281089783,0.7486945986747742,,0.9857573509216309,forward,110.7198850598221,1,0.4567655920982361,0.5583571791648865,,0.9999810457229614,0.40173497796058655,0.6329955458641052,,0.9971058368682861,0.40876421332359314,0.7171040177345276,,0.9951782822608948,0.38725918531417847,0.748257040977478,,0.990368664264679,forward,108.684485062634,1
201,6.7067000000000005,55.04584312438965,1080,1920,0.5437299609184265,0.5545244216918945,,0.9999861121177673,0.5895800590515137,0.6287933588027954,,0.9963799118995667,0.5909870266914368,0.7188603281974792,,0.9913273453712463,0.6160084009170532,0.7483684420585632,,0.9856940507888794,forward,113.90710379124376,1,0.45677268505096436,0.5541009902954102,,0.999981701374054,0.40435659885406494,0.6316360831260681,,0.9970786571502686,0.40938085317611694,0.7171323895454407,,0.995156466960907,0.38918888568878174,0.7482247948646545,,0.9902936816215515,forward,112.93496034372242,1
202,6.740066666666666,54.51607704162598,1080,1920,0.5436092019081116,0.5519992709159851,,0.9999865889549255,0.5888863801956177,0.6269652843475342,,0.996359646320343,0.5915461778640747,0.7184343338012695,,0.9913817048072815,0.6155234575271606,0.7482708096504211,,0.9856637716293335,forward,116.87795097320364,1,0.4562232196331024,0.5519035458564758,,0.9999819397926331,0.40678244829177856,0.6305791735649109,,0.9970343112945557,0.40978434681892395,0.717178225517273,,0.9950996041297913,0.39055347442626953,0.7482844591140747,,0.990193784236908,forward,115.44694580739443,1
203,6.773433333333333,54.325103759765625,1080,1920,0.5434114336967468,0.5477191805839539,,0.9999862909317017,0.5879916548728943,0.6255813837051392,,0.9961861371994019,0.5922192931175232,0.7177731990814209,,0.9913085699081421,0.6146695017814636,0.7480928897857666,,0.9854763150215149,forward,120.57176910186244,1,0.4555409550666809,0.5474101901054382,,0.9999812841415405,0.4107591509819031,0.6284402012825012,,0.9968277215957642,0.41114968061447144,0.717143177986145,,0.9950090050697327,0.39131635427474976,0.7484604716300964,,0.9900609254837036,forward,120.73343197877676,1
204,6.8068,60.441017150878906,1080,1920,0.5431810021400452,0.5429990291595459,,0.9999849200248718,0.5859726667404175,0.6252729892730713,,0.9957888722419739,0.5923189520835876,0.7167862057685852,,0.9910399317741394,0.6139661073684692,0.7476198673248291,,0.9850890040397644,forward,123.02054502786,1,0.4548816382884979,0.5432866215705872,,0.9999799132347107,0.4123530089855194,0.627705454826355,,0.9965196847915649,0.41189417243003845,0.7171443104743958,,0.9950054883956909,0.39175868034362793,0.7489640116691589,,0.9901017546653748,forward,125.21594791814404,1
205,6.840166666666667,53.73573303222656,1080,1920,0.5432532429695129,0.5400213003158569,,0.9999833106994629,0.5837217569351196,0.6228708028793335,,0.9952507019042969,0.5923870801925659,0.716566801071167,,0.9906110167503357,0.6139988899230957,0.7476253509521484,,0.9844639897346497,forward,128.1047674046222,1,0.45490291714668274,0.5406869053840637,,0.9999783039093018,0.41598615050315857,0.6251541376113892,,0.996005654335022,0.413112610578537,0.7173757553100586,,0.994857668876648,0.3928876519203186,0.7489650249481201,,0.9898573756217957,forward,130.625260683576,1
206,6.8735333333333335,56.860923767089844,1080,1920,0.5435656309127808,0.5367310047149658,,0.9999809265136719,0.5830591917037964,0.6235095262527466,,0.9948416352272034,0.5923707485198975,0.7165953516960144,,0.9903824925422668,0.6138942837715149,0.747633695602417,,0.9840577244758606,forward,130.35931454550578,1,0.4549998342990875,0.5377683043479919,,0.9999760985374451,0.41693365573883057,0.625487744808197,,0.9956238865852356,0.4132683575153351,0.7174007892608643,,0.9947881698608398,0.39347344636917114,0.7492960095405579,,0.989670991897583,forward,133.3790669430639,1
207,6.9069,53.236961364746094,1080,1920,0.5436544418334961,0.533714234828949,,0.9999775886535645,0.5812591314315796,0.622698962688446,,0.9945195913314819,0.5923720598220825,0.716609001159668,,0.9903489947319031,0.6139499545097351,0.7476295828819275,,0.9838898181915283,forward,134.5159748836769,1,0.4550216794013977,0.5353850722312927,,0.9999728202819824,0.41878974437713623,0.625649631023407,,0.9952216744422913,0.41337746381759644,0.7174685001373291,,0.9947245121002197,0.3938881754875183,0.7493288516998291,,0.9894675612449646,forward,136.1294636891541,1
208,6.940266666666667,53.82204055786133,1080,1920,0.5443499088287354,0.5329448580741882,,0.9999731183052063,0.5794161558151245,0.6226328015327454,,0.9940053820610046,0.5923299789428711,0.7164539694786072,,0.989960253238678,0.6132820248603821,0.7473804354667664,,0.9832162857055664,forward,135.03053040432928,1,0.45503470301628113,0.5349064469337463,,0.9999687075614929,0.421469122171402,0.6243234872817993,,0.9948812127113342,0.41346320509910583,0.7175045609474182,,0.9945613741874695,0.395877867937088,0.7493261098861694,,0.9891287684440613,forward,138.3275251068365,1
209,6.973633333333334,58.3796501159668,1080,1920,0.5446663498878479,0.5319322943687439,,0.9999639391899109,0.5771194100379944,0.6229588985443115,,0.9936694502830505,0.5916337966918945,0.716371476650238,,0.9896549582481384,0.6133072972297668,0.7474156022071838,,0.9826174974441528,forward,135.4995712646358,1,0.4550456404685974,0.5344762206077576,,0.9999591708183289,0.4224141836166382,0.6244148015975952,,0.9946150183677673,0.41348797082901,0.7177044153213501,,0.9943236708641052,0.39581358432769775,0.7493346929550171,,0.9885860085487366,forward,139.23731297191782,1
210,7.007000000000001,54.718971252441406,1080,1920,0.5446667671203613,0.5308881998062134,,0.9999550580978394,0.574977695941925,0.623180627822876,,0.9932404160499573,0.5910834074020386,0.7164211273193359,,0.9894201159477234,0.6130967140197754,0.7475934624671936,,0.982207179069519,forward,136.53608968769882,1,0.45490196347236633,0.5337015390396118,,0.9999472498893738,0.4238079786300659,0.6246441006660461,,0.9943515658378601,0.41345563530921936,0.7181090712547302,,0.9939993619918823,0.3957739472389221,0.7495301365852356,,0.9879985451698303,forward,140.9503099527741,1
211,7.040366666666666,53.7569522857666,1080,1920,0.5446643829345703,0.5298429131507874,,0.9999463558197021,0.5722451210021973,0.623195230960846,,0.9929736852645874,0.5908154845237732,0.7163771986961365,,0.9894193410873413,0.6131039261817932,0.7475646734237671,,0.9822174310684204,forward,137.65507580762534,1,0.454906702041626,0.5321866273880005,,0.9999367594718933,0.4262739419937134,0.6245441436767578,,0.9942551255226135,0.41340863704681396,0.7180935740470886,,0.9938632845878601,0.39614182710647583,0.7495232224464417,,0.9878196716308594,forward,143.0191212633678,1
212,7.073733333333333,55.69291114807129,1080,1920,0.5446199178695679,0.529803454875946,,0.9999402165412903,0.5710316300392151,0.6231889128684998,,0.9928585290908813,0.5908064842224121,0.7163901925086975,,0.9895503520965576,0.6131119132041931,0.7475081086158752,,0.9824197888374329,forward,137.7383419171693,1,0.45474523305892944,0.5322827100753784,,0.999930202960968,0.4271541237831116,0.6242799758911133,,0.9942893981933594,0.4133782386779785,0.718056321144104,,0.9938861727714539,0.3973093628883362,0.7495018839836121,,0.9879096746444702,forward,143.20810763006196,1
213,7.1071,55.191993713378906,1080,1920,0.5449464917182922,0.5288150310516357,,0.9999358057975769,0.5704634785652161,0.6230773329734802,,0.9928253293037415,0.5908317565917969,0.7163792848587036,,0.9896939396858215,0.6130350828170776,0.7474847435951233,,0.9826301336288452,forward,139.04419879505176,1,0.454870343208313,0.531616747379303,,0.9999251961708069,0.429385244846344,0.6242916584014893,,0.9942600727081299,0.4133572280406952,0.7180070877075195,,0.9938244819641113,0.39874371886253357,0.7494691014289856,,0.9878563284873962,forward,143.9309693801908,1
214,7.140466666666667,56.440114974975586,1080,1920,0.5452562570571899,0.5272393822669983,,0.9999290704727173,0.568972110748291,0.6225435733795166,,0.9927968978881836,0.5910437703132629,0.71707683801651,,0.9898920059204102,0.6133978962898254,0.7481414675712585,,0.9829097986221313,forward,143.50496300971503,1,0.45490145683288574,0.5301410555839539,,0.9999167919158936,0.4302695095539093,0.623999297618866,,0.9942423105239868,0.4133395254611969,0.7178753614425659,,0.9937576055526733,0.3995252847671509,0.7494657635688782,,0.9877740740776062,forward,146.0807999637022,1
215,7.1738333333333335,54.924964904785156,1080,1920,0.545104444026947,0.5265992283821106,,0.9999228119850159,0.5661637783050537,0.6223194599151611,,0.9927763938903809,0.591387152671814,0.7182719111442566,,0.9901025295257568,0.6135147213935852,0.7483967542648315,,0.9831926822662354,forward,149.22391621529664,0,0.4548211097717285,0.5291962623596191,,0.9999091625213623,0.4301420748233795,0.6231737732887268,,0.9942339062690735,0.41332772374153137,0.7177016735076904,,0.9937157034873962,0.3994806110858917,0.7494558691978455,,0.9877244234085083,forward,148.50250379373745,1
216,7.2072,55.333852767944336,1080,1920,0.5447853207588196,0.5264735817909241,,0.9999170303344727,0.5641506314277649,0.6220843195915222,,0.9927249550819397,0.591476559638977,0.7188690900802612,,0.9902795553207397,0.6136260032653809,0.748432457447052,,0.983436644077301,forward,155.87389029408078,0,0.454166978597641,0.5291272401809692,,0.9999008774757385,0.4300045371055603,0.6231546401977539,,0.9942059516906738,0.41324126720428467,0.7178618907928467,,0.9936527609825134,0.3994136154651642,0.7498753070831299,,0.9876550436019897,forward,149.30101636697657,1
217,7.240566666666667,55.638790130615234,1080,1920,0.5439745187759399,0.5263116955757141,,0.9999109506607056,0.5630797147750854,0.6213781833648682,,0.9926190376281738,0.5914767980575562,0.7190519571304321,,0.9904019832611084,0.6136308908462524,0.7484301328659058,,0.9836286902427673,forward,155.15569961413465,0,0.45304784178733826,0.52866530418396,,0.99989253282547,0.42982903122901917,0.6230210661888123,,0.9941456913948059,0.41313138604164124,0.7179166078567505,,0.9935551285743713,0.39930808544158936,0.7502010464668274,,0.9875460863113403,forward,150.62595352609702,1
218,7.273933333333334,56.546688079833984,1080,1920,0.5436815619468689,0.5263614654541016,,0.9999029636383057,0.5622084736824036,0.6211387515068054,,0.9925336837768555,0.5914527773857117,0.7191979885101318,,0.990475058555603,0.6135596632957458,0.7484291195869446,,0.9836915135383606,forward,154.78187689648422,0,0.4526909291744232,0.5286298990249634,,0.9998815059661865,0.4295715391635895,0.6230324506759644,,0.9940699338912964,0.4126981794834137,0.7179162502288818,,0.9934079051017761,0.3992747366428375,0.7502363324165344,,0.9873127937316895,forward,150.64114205360244,1
219,7.307300000000001,57.930946350097656,1080,1920,0.543618381023407,0.5257359147071838,,0.9998970031738281,0.5615990161895752,0.6208921670913696,,0.9924025535583496,0.5913941264152527,0.7191809415817261,,0.99049311876297,0.613373339176178,0.748350203037262,,0.9837102293968201,forward,155.27280475015795,0,0.4525989890098572,0.5277854800224304,,0.9998735785484314,0.4294256269931793,0.6225941777229309,,0.9939600229263306,0.412350594997406,0.7178307771682739,,0.9932489991188049,0.39917704463005066,0.7502516508102417,,0.9870796799659729,forward,153.14797391809827,1
220,7.3406666666666665,57.13605880737305,1080,1920,0.5436152815818787,0.5251368880271912,,0.9998925924301147,0.5612640380859375,0.6208879351615906,,0.9922469854354858,0.5913066864013672,0.7194334268569946,,0.990454912185669,0.6134347319602966,0.748451292514801,,0.9836595058441162,forward,156.0623203342295,0,0.4525705873966217,0.5275843739509583,,0.9998677372932434,0.4293179214000702,0.6224120259284973,,0.9938366413116455,0.4117918610572815,0.7178449034690857,,0.9930894374847412,0.3988586664199829,0.7502289414405823,,0.9868446588516235,forward,154.58935388518944,1
221,7.374033333333333,56.92791938781738,1080,1920,0.5437663793563843,0.5246084928512573,,0.9998888373374939,0.5615682601928711,0.6209163665771484,,0.9920300245285034,0.5912593007087708,0.719499945640564,,0.9903074502944946,0.613277018070221,0.7491219639778137,,0.9834679961204529,forward,156.82432220951358,0,0.45262259244918823,0.5276031494140625,,0.9998624920845032,0.42922472953796387,0.622400164604187,,0.9936641454696655,0.41101524233818054,0.7179583311080933,,0.9928715229034424,0.3985607624053955,0.7502307295799255,,0.9865195751190186,forward,155.790848099789,1
222,7.4074,58.812856674194336,1080,1920,0.5438924431800842,0.524122953414917,,0.9998852014541626,0.5615267753601074,0.620940089225769,,0.9919285178184509,0.5912479758262634,0.7196399569511414,,0.9902877807617188,0.6131871342658997,0.7496283650398254,,0.9834152460098267,forward,157.54257270295633,0,0.45281001925468445,0.5275252461433411,,0.9998569488525391,0.42914819717407227,0.622370719909668,,0.9934974312782288,0.4106932580471039,0.7179574966430664,,0.9926551580429077,0.3983471095561981,0.7500463724136353,,0.9861845374107361,forward,156.2386206945373,1
223,7.440766666666667,55.21512031555176,1080,1920,0.5443745851516724,0.5235292315483093,,0.9998829364776611,0.5615838766098022,0.6209492087364197,,0.9917850494384766,0.5912169814109802,0.7199110388755798,,0.9902094602584839,0.6131407022476196,0.7499469518661499,,0.9833115935325623,forward,158.42203933331575,0,0.45331594347953796,0.5271638631820679,,0.9998533129692078,0.4291534721851349,0.6220917105674744,,0.9933333992958069,0.4105045199394226,0.7176992297172546,,0.9924498200416565,0.3983224928379059,0.7497824430465698,,0.9858775734901428,forward,156.67713661283776,1
224,7.4741333333333335,52.99568176269531,1080,1920,0.5454340577125549,0.5231204032897949,,0.9998791813850403,0.561673641204834,0.6209681034088135,,0.9915591478347778,0.5905614495277405,0.7199043035507202,,0.9899731278419495,0.6119577288627625,0.7498970031738281,,0.9829946160316467,forward,157.7632874440034,0,0.4540424644947052,0.5270444750785828,,0.9998481869697571,0.4296266436576843,0.621950089931488,,0.9931398034095764,0.41042593121528625,0.7175940871238708,,0.9921960830688477,0.39856383204460144,0.749638020992279,,0.9854736328125,forward,157.34337089070553,1
225,7.5075,51.40399932861328,1080,1920,0.5461723208427429,0.523135781288147,,0.9998754262924194,0.5617661476135254,0.6210651397705078,,0.9913291931152344,0.5901342034339905,0.7199003100395203,,0.9896733164787292,0.610359251499176,0.7497219443321228,,0.9825814962387085,forward,156.29353626546728,0,0.45457151532173157,0.5271207094192505,,0.9998427629470825,0.4300495982170105,0.6220127940177917,,0.9929409027099609,0.4103217124938965,0.7176295518875122,,0.9918999075889587,0.39925870299339294,0.7495875954627991,,0.9850010275840759,forward,156.7754562036222,1
226,7.540866666666667,52.74796485900879,1080,1920,0.546807050704956,0.5230081081390381,,0.9998708367347717,0.5617988705635071,0.6210756301879883,,0.9911149740219116,0.5900738835334778,0.7198314666748047,,0.9894261360168457,0.6098330020904541,0.7495478391647339,,0.9822245836257935,forward,155.70896682669272,0,0.45520079135894775,0.527102530002594,,0.9998365044593811,0.43053868412971497,0.622027575969696,,0.9927578568458557,0.41022393107414246,0.7176655530929565,,0.9916461110115051,0.39958223700523376,0.7493842840194702,,0.9845755100250244,forward,157.2362901918463,1
227,7.574233333333334,54.0921688079834,1080,1920,0.5469095706939697,0.5229972004890442,,0.9998674392700195,0.5625095963478088,0.6210895776748657,,0.9909816384315491,0.5900725722312927,0.7198030948638916,,0.9892963171005249,0.6098548769950867,0.7494786381721497,,0.9820528626441956,forward,155.38542723999055,0,0.4554615020751953,0.5271235108375549,,0.9998321533203125,0.43066129088401794,0.6219503879547119,,0.992684006690979,0.4101351499557495,0.7177206873893738,,0.9915497899055481,0.39955803751945496,0.7492548227310181,,0.98440021276474,forward,158.6571289494875,1
228,7.6076,54.95810508728027,1080,1920,0.5469856262207031,0.5230700373649597,,0.99986332654953,0.5632432699203491,0.6211010217666626,,0.9908592104911804,0.5900809168815613,0.7197875380516052,,0.989168107509613,0.609913170337677,0.7494698762893677,,0.981868326663971,forward,155.07488414026236,0,0.4555835723876953,0.5271657109260559,,0.9998267889022827,0.4306621849536896,0.6218265891075134,,0.9926196336746216,0.41007670760154724,0.7177982330322266,,0.9914634227752686,0.3995451033115387,0.749243438243866,,0.9842309355735779,forward,158.4018970681157,1
229,7.6409666666666665,54.59403991699219,1080,1920,0.5471012592315674,0.5230733156204224,,0.9998601675033569,0.5637855529785156,0.6210851073265076,,0.9907074570655823,0.5900602340698242,0.719677746295929,,0.9890003800392151,0.6099302172660828,0.7494516968727112,,0.9816710352897644,forward,154.36929100254912,0,0.45558130741119385,0.5271979570388794,,0.9998229742050171,0.4306545853614807,0.6217848658561707,,0.9925512671470642,0.4100707173347473,0.7178962826728821,,0.991377055644989,0.39952564239501953,0.7492383122444153,,0.9840867519378662,forward,158.28908607199315,1
230,7.674333333333333,54.92091178894043,1080,1920,0.5471078753471375,0.5231066346168518,,0.9998570084571838,0.5640105605125427,0.6210477948188782,,0.9906153678894043,0.5900568962097168,0.7196506857872009,,0.9889460206031799,0.6099128723144531,0.7494457960128784,,0.9816348552703857,forward,154.32944393510004,0,0.45554807782173157,0.5272212624549866,,0.999818742275238,0.43067389726638794,0.6217708587646484,,0.9925262928009033,0.41008302569389343,0.7179324626922607,,0.9913604259490967,0.39951515197753906,0.7492362260818481,,0.9840691685676575,forward,158.23239177678332,1
231,7.7077,52.71315574645996,1080,1920,0.5471518039703369,0.523082435131073,,0.9998540282249451,0.5641331076622009,0.6210495233535767,,0.9905328154563904,0.590056300163269,0.7196482419967651,,0.9889410734176636,0.609926700592041,0.7494457364082336,,0.9816761612892151,forward,154.34112721301352,0,0.45559439063072205,0.5272230505943298,,0.9998152256011963,0.43106651306152344,0.6217641830444336,,0.9925030469894409,0.41013309359550476,0.7179580926895142,,0.9913725256919861,0.3995097279548645,0.7492325901985168,,0.984106719493866,forward,158.21955094888062,1
232,7.741066666666667,53.2989501953125,1080,1920,0.5471371412277222,0.5231924057006836,,0.9998541474342346,0.5643685460090637,0.620884358882904,,0.9905853271484375,0.5900252461433411,0.7195817232131958,,0.9891043305397034,0.6099345088005066,0.7494794726371765,,0.9819545149803162,forward,154.64045708430356,0,0.4556238055229187,0.5272895097732544,,0.9998148083686829,0.4311272203922272,0.6219625473022461,,0.992554247379303,0.4102931618690491,0.7179638147354126,,0.9914861917495728,0.3995016813278198,0.7492170333862305,,0.984327495098114,forward,154.7937913720478,1
233,7.7744333333333335,54.85725402832031,1080,1920,0.5470532178878784,0.5237849354743958,,0.9998530149459839,0.5647424459457397,0.62080979347229,,0.9905321598052979,0.5900241136550903,0.7195765972137451,,0.9891611337661743,0.6099469065666199,0.7495710849761963,,0.982069730758667,forward,154.24419209996546,0,0.45569944381713867,0.5276092886924744,,0.9998122453689575,0.4310809373855591,0.622126579284668,,0.9925307035446167,0.4103643000125885,0.7179840207099915,,0.99151211977005,0.39949238300323486,0.749214768409729,,0.9844003319740295,forward,153.3898100141433,1
234,7.8078,55.56201934814453,1080,1920,0.5466765761375427,0.5245435833930969,,0.9998512864112854,0.566143274307251,0.6208124756813049,,0.9904870986938477,0.5900229811668396,0.719357430934906,,0.9892337322235107,0.6099702715873718,0.7495890259742737,,0.9821937680244446,forward,151.50931997153808,0,0.4557366967201233,0.5280894041061401,,0.9998095035552979,0.4307543933391571,0.622290849685669,,0.9925557971000671,0.41041821241378784,0.7179848551750183,,0.9915853142738342,0.3994276523590088,0.7492126822471619,,0.984535813331604,forward,151.86620606358073,1
235,7.841166666666667,54.95095252990723,1080,1920,0.5465752482414246,0.5259960293769836,,0.9998475313186646,0.5699071288108826,0.6218483448028564,,0.9903525710105896,0.590019166469574,0.7192479968070984,,0.9892120957374573,0.6103945970535278,0.7495869398117065,,0.9821807146072388,forward,146.00525311500706,1,0.4557547867298126,0.5294041037559509,,0.9998039603233337,0.43047329783439636,0.6228314638137817,,0.9925521612167358,0.41043350100517273,0.7179983258247375,,0.9916137456893921,0.39941444993019104,0.7492321729660034,,0.9845899939537048,forward,148.20813577621647,1
236,7.874533333333334,55.13906478881836,1080,1920,0.546482264995575,0.5270113348960876,,0.9998458623886108,0.5726851224899292,0.6226138472557068,,0.9903855919837952,0.589979887008667,0.7191765904426575,,0.9892300367355347,0.610401451587677,0.7494720816612244,,0.982211709022522,forward,143.2211117260782,1,0.45572811365127563,0.5306390523910522,,0.9998019337654114,0.4299413561820984,0.622856080532074,,0.9926329851150513,0.4104606807231903,0.717971920967102,,0.9917309284210205,0.3994928002357483,0.749238908290863,,0.9847524166107178,forward,146.34308510130344,1
237,7.9079,53.89714241027832,1080,1920,0.5463690757751465,0.5274705290794373,,0.9998435974121094,0.5760946869850159,0.6232499480247498,,0.9904624819755554,0.5899699926376343,0.7190911173820496,,0.9893143177032471,0.6108904480934143,0.7494211196899414,,0.9822984337806702,forward,141.67362800756374,1,0.45571956038475037,0.5309697985649109,,0.9997995495796204,0.4298860728740692,0.6233071088790894,,0.9927051663398743,0.410532146692276,0.7179521322250366,,0.9918329119682312,0.3994801640510559,0.7492414712905884,,0.9848715662956238,forward,144.79361527179776,1
238,7.9412666666666665,53.775787353515625,1080,1920,0.5453556776046753,0.5277839303016663,,0.999840259552002,0.5776242613792419,0.6233897805213928,,0.9906172156333923,0.5900484323501587,0.7189705967903137,,0.9894843101501465,0.6113883852958679,0.7493214011192322,,0.982481062412262,forward,140.84729608968544,1,0.4557206928730011,0.5310633778572083,,0.9997966289520264,0.42969486117362976,0.6237713098526001,,0.9928230047225952,0.4105224311351776,0.7178353071212769,,0.9919742345809937,0.39930281043052673,0.7492517828941345,,0.9850602149963379,forward,143.50975235410644,1
239,7.974633333333333,53.45606803894043,1080,1920,0.5440748333930969,0.5281394720077515,,0.9998388290405273,0.5785505771636963,0.6233801245689392,,0.9906592965126038,0.5901382565498352,0.7188683152198792,,0.9895873665809631,0.6124157905578613,0.7492334246635437,,0.9825825095176697,forward,140.15777633850763,1,0.4554169774055481,0.5312005281448364,,0.9997960329055786,0.42940962314605713,0.6243986487388611,,0.9928703904151917,0.41052842140197754,0.7177307605743408,,0.9920365810394287,0.3993561565876007,0.7494173049926758,,0.9851571321487427,forward,142.2546904872846,1
240,8.008000000000001,56.16307258605957,1080,1920,0.5436986088752747,0.5292747616767883,,0.9998384714126587,0.5785032510757446,0.62359219789505,,0.990592360496521,0.5903542637825012,0.7178875207901001,,0.9895393252372742,0.6128425598144531,0.7489625811576843,,0.9824458956718445,forward,136.53259418760916,1,0.45523104071617126,0.5320442318916321,,0.999795138835907,0.42882898449897766,0.6258867383003235,,0.9927701354026794,0.41082119941711426,0.7175518274307251,,0.9919320344924927,0.40006816387176514,0.7495051026344299,,0.9849678874015808,forward,139.53209219843131,1
241,8.041366666666667,56.123971939086914,1080,1920,0.5435748100280762,0.5312104225158691,,0.999833881855011,0.5797531008720398,0.624208390712738,,0.9903444051742554,0.5904788970947266,0.7176104187965393,,0.9893538355827332,0.6129233241081238,0.7488397359848022,,0.9821133613586426,forward,133.2897056386702,1,0.4551618695259094,0.5342771410942078,,0.9997860789299011,0.427611380815506,0.6268834471702576,,0.9925479888916016,0.4113534986972809,0.7175597548484802,,0.991698682308197,0.4010748267173767,0.7497518658638,,0.9845577478408813,forward,135.9511277383549,1
242,8.074733333333333,55.18317222595215,1080,1920,0.5435550808906555,0.5330846309661865,,0.9998354911804199,0.5806973576545715,0.6246370673179626,,0.9898874759674072,0.5907096862792969,0.7172447443008423,,0.9888749122619629,0.6128955483436584,0.7488130927085876,,0.9813778400421143,forward,130.2726544945798,1,0.4551545977592468,0.5368399024009705,,0.9997841715812683,0.4250163733959198,0.6275288462638855,,0.9921605587005615,0.411632776260376,0.7175896763801575,,0.9913198351860046,0.40143442153930664,0.750045657157898,,0.9838916063308716,forward,132.40062899818594,1
243,8.1081,54.49104309082031,1080,1920,0.5432971119880676,0.5357904434204102,,0.9998418688774109,0.5822813510894775,0.6257237792015076,,0.9896239638328552,0.5909284353256226,0.7172322869300842,,0.9884167909622192,0.6128287315368652,0.7487527132034302,,0.9806509613990784,forward,126.7643930226192,1,0.455031156539917,0.5391682982444763,,0.9997925162315369,0.42237839102745056,0.6290281414985657,,0.9918796420097351,0.4117180407047272,0.7176004648208618,,0.9911611676216125,0.4018537402153015,0.7504813075065613,,0.9835410714149475,forward,129.00013001415957,1
244,8.141466666666666,54.65126037597656,1080,1920,0.5429996252059937,0.5375745296478271,,0.999849796295166,0.5835763216018677,0.6259520649909973,,0.9892658591270447,0.5909637808799744,0.7171716690063477,,0.9879702925682068,0.6129269599914551,0.7487319707870483,,0.9800658226013184,forward,124.70822227724727,1,0.4549097716808319,0.5410639047622681,,0.9998021721839905,0.42072367668151855,0.6295393705368042,,0.9913821220397949,0.4118631184101105,0.717606246471405,,0.9908918738365173,0.40258362889289856,0.7506367564201355,,0.983109176158905,forward,126.62536876989446,1
245,8.174833333333334,55.158138275146484,1080,1920,0.5429559946060181,0.5391312837600708,,0.9998580813407898,0.583804726600647,0.6264757513999939,,0.9887129068374634,0.5909585356712341,0.7168704271316528,,0.9871634840965271,0.6128053069114685,0.7486310601234436,,0.9790407419204712,forward,122.46884520892219,1,0.4549380838871002,0.5421298146247864,,0.9998132586479187,0.419899582862854,0.6298461556434631,,0.9908533096313477,0.41212207078933716,0.717695415019989,,0.9906110763549805,0.4026070535182953,0.7508238554000854,,0.9826746582984924,forward,125.45280614851704,1
246,8.2082,55.46092987060547,1080,1920,0.5429821610450745,0.5402524471282959,,0.9998659491539001,0.5843166708946228,0.6279788613319397,,0.9885994791984558,0.5909892320632935,0.7170305252075195,,0.9868972301483154,0.6127868890762329,0.7486598491668701,,0.9786626100540161,forward,121.00487589163976,1,0.45512932538986206,0.5432946085929871,,0.999822735786438,0.4182559847831726,0.6306583881378174,,0.990454375743866,0.4122641980648041,0.7170829176902771,,0.9903906583786011,0.40184634923934937,0.749817430973053,,0.982322096824646,forward,123.05937417546585,1
247,8.241566666666667,55.00388145446777,1080,1920,0.543108344078064,0.5422828197479248,,0.9998732805252075,0.5847128033638,0.6296995282173157,,0.9884827733039856,0.5913033485412598,0.7173882126808167,,0.986680269241333,0.6128153800964355,0.7486802935600281,,0.9783281087875366,forward,118.94222097499656,1,0.4557998776435852,0.5446767807006836,,0.9998311400413513,0.4160865843296051,0.63167405128479,,0.990043044090271,0.4122745394706726,0.7168169617652893,,0.9902026057243347,0.3982359766960144,0.7496851086616516,,0.9820110201835632,forward,120.97210272496748,1
248,8.274933333333333,55.19509315490723,1080,1920,0.5431498885154724,0.5444304943084717,,0.9998790621757507,0.5853449106216431,0.6301776766777039,,0.9883225560188293,0.5913102030754089,0.7170736193656921,,0.9862298965454102,0.6120842099189758,0.7486258149147034,,0.9776483774185181,forward,116.34556517911673,1,0.4561910927295685,0.5459272861480713,,0.9998378157615662,0.4141380488872528,0.6318914890289307,,0.9896482825279236,0.41247981786727905,0.7164085507392883,,0.9900178909301758,0.3963319957256317,0.7496272325515747,,0.981665849685669,forward,119.07950516421714,1
249,8.308300000000001,55.16195297241211,1080,1920,0.5431795716285706,0.5463002324104309,,0.9998841881752014,0.5858290791511536,0.6312774419784546,,0.9882647395133972,0.5912829041481018,0.7171244025230408,,0.985802412033081,0.6120847463607788,0.7485972046852112,,0.9768907427787781,forward,114.37464951827,1,0.456695020198822,0.5475448966026306,,0.9998427033424377,0.4132588505744934,0.6319596171379089,,0.9893592000007629,0.41248413920402527,0.7159188389778137,,0.9897451996803284,0.3952348828315735,0.7496315240859985,,0.9811418652534485,forward,116.79839033301016,1
250,8.341666666666667,55.20796775817871,1080,1920,0.5432090759277344,0.5471268892288208,,0.9998894929885864,0.5863974094390869,0.6319865584373474,,0.988323450088501,0.5911855697631836,0.7174140214920044,,0.985480546951294,0.6120539307594299,0.7486379742622375,,0.9762884974479675,forward,113.78023393923013,1,0.4573851525783539,0.5488361716270447,,0.9998487830162048,0.4120331108570099,0.6318982243537903,,0.9891919493675232,0.4120972454547882,0.7157150506973267,,0.9896230101585388,0.392401784658432,0.7496347427368164,,0.980848491191864,forward,115.28641452529489,1
251,8.375033333333333,54.47983741760254,1080,1920,0.5433773398399353,0.5497335195541382,,0.9998959898948669,0.5870721340179443,0.6324155330657959,,0.9886978268623352,0.5913801789283752,0.7174130082130432,,0.9854422807693481,0.6124586462974548,0.7482967376708984,,0.9760129451751709,forward,111.30665484979352,1,0.45785412192344666,0.5512819886207581,,0.9998565912246704,0.41018062829971313,0.6334823966026306,,0.9893882870674133,0.4120119512081146,0.7157117128372192,,0.9896429777145386,0.39127078652381897,0.7497455477714539,,0.98069828748703,forward,112.58330436962088,1
252,8.4084,54.78215217590332,1080,1920,0.5433930158615112,0.5529317259788513,,0.999903678894043,0.5879141092300415,0.6321861743927002,,0.9891669750213623,0.5913712382316589,0.7178770899772644,,0.9855830669403076,0.6132426261901855,0.7482563257217407,,0.976115882396698,forward,109.14382137113375,1,0.458016037940979,0.5542721152305603,,0.9998663663864136,0.40901896357536316,0.6334346532821655,,0.9896963238716125,0.41141200065612793,0.7155390977859497,,0.9896767139434814,0.38910090923309326,0.7497469186782837,,0.9806318283081055,forward,109.63541081507185,1
253,8.441766666666666,54.91495132446289,1080,1920,0.5434988141059875,0.5549347996711731,,0.999910831451416,0.5890787839889526,0.6323183178901672,,0.9895459413528442,0.5913458466529846,0.7186510562896729,,0.9856049418449402,0.6135014891624451,0.7482967376708984,,0.9760700464248657,forward,108.35436317501065,1,0.4580904245376587,0.556499719619751,,0.9998756051063538,0.40796899795532227,0.6336078643798828,,0.990044355392456,0.4105478823184967,0.7154924869537354,,0.9897421002388,0.3870691955089569,0.7497497797012329,,0.9806280732154846,forward,107.5811725666955,1
254,8.475133333333334,55.13191223144531,1080,1920,0.543582022190094,0.5577829480171204,,0.9999168515205383,0.5905842185020447,0.6331891417503357,,0.9898731112480164,0.5913392305374146,0.7188064455986023,,0.9854708313941956,0.6139370799064636,0.7483335733413696,,0.9757357239723206,forward,105.9372389538382,1,0.4581260681152344,0.5591822862625122,,0.9998834133148193,0.40709006786346436,0.6339247226715088,,0.9904218912124634,0.4093201458454132,0.7154766321182251,,0.9898358583450317,0.3858189582824707,0.7498254776000977,,0.980595052242279,forward,105.20663441436858,1
255,8.5085,54.41784858703613,1080,1920,0.5435479879379272,0.5610328316688538,,0.9999220371246338,0.5913464426994324,0.6343603730201721,,0.9902223944664001,0.591303288936615,0.7190608978271484,,0.9853670001029968,0.6148203611373901,0.7483218312263489,,0.9754586219787598,forward,103.28086353666644,1,0.458060622215271,0.5622632503509521,,0.9998907446861267,0.40395790338516235,0.6348634362220764,,0.9908623099327087,0.4081314206123352,0.7155362963676453,,0.9900033473968506,0.385414719581604,0.7498748302459717,,0.9807131290435791,forward,102.48549855188527,1
256,8.541866666666667,54.534196853637695,1080,1920,0.5434436798095703,0.5639326572418213,,0.9999271035194397,0.5918955206871033,0.6346466541290283,,0.9904263019561768,0.5910306572914124,0.7188205122947693,,0.9849237203598022,0.6148368716239929,0.7475883960723877,,0.9747791886329651,forward,100.72754280638125,1,0.45803019404411316,0.565162718296051,,0.9998975992202759,0.40285518765449524,0.6351355314254761,,0.991222083568573,0.4077564477920532,0.715542197227478,,0.9899887442588806,0.3855948746204376,0.7498817443847656,,0.9805664420127869,forward,100.12403879218107,1
257,8.575233333333333,54.95405197143555,1080,1920,0.5434463620185852,0.5667104125022888,,0.9999328255653381,0.5926502346992493,0.6347757577896118,,0.9907621741294861,0.5909313559532166,0.7187480330467224,,0.9846423864364624,0.6148673295974731,0.747588038444519,,0.9743813276290894,forward,98.57244879832116,1,0.45803022384643555,0.5679318308830261,,0.9999054670333862,0.4028860032558441,0.6347808837890625,,0.9916971921920776,0.40768712759017944,0.715545117855072,,0.9901852011680603,0.38401147723197937,0.7498920559883118,,0.9808539748191833,forward,98.13972824290909,1
258,8.608600000000001,57.32417106628418,1080,1920,0.5432910323143005,0.5692276358604431,,0.999938428401947,0.5933669805526733,0.6354361176490784,,0.9911893606185913,0.5904552340507507,0.7182838916778564,,0.9845484495162964,0.6148566603660583,0.7475548982620239,,0.9743003249168396,forward,96.03946788548467,1,0.45775070786476135,0.5704644322395325,,0.999913215637207,0.4010946750640869,0.635254979133606,,0.9921806454658508,0.4075041711330414,0.7159204483032227,,0.9903580546379089,0.3842705190181732,0.7500746250152588,,0.9810951948165894,forward,96.51295205667412,1
259,8.641966666666667,56.333065032958984,1080,1920,0.543235182762146,0.5720666646957397,,0.9999439120292664,0.5932195782661438,0.6353638768196106,,0.9915894865989685,0.5904322862625122,0.7180473208427429,,0.9845349192619324,0.6144652962684631,0.7475559115409851,,0.9747012257575989,forward,93.8401638646877,1,0.45759519934654236,0.5730827450752258,,0.9999208450317383,0.39966070652008057,0.6352497935295105,,0.9926701784133911,0.40736082196235657,0.7169607877731323,,0.9906941652297974,0.3839089274406433,0.7502989172935486,,0.9818310141563416,forward,95.78550379296546,1
260,8.675333333333333,55.12404441833496,1080,1920,0.5430647134780884,0.5742130279541016,,0.9999488592147827,0.5931091904640198,0.6352347731590271,,0.9920071363449097,0.5903668999671936,0.7176084518432617,,0.9846823215484619,0.614544153213501,0.7475542426109314,,0.9752264022827148,forward,91.96901197654566,1,0.45750272274017334,0.5755173563957214,,0.9999276995658875,0.39867106080055237,0.6352483034133911,,0.9931310415267944,0.4071269631385803,0.7171828150749207,,0.9909700155258179,0.3840787410736084,0.7506090402603149,,0.9824317097663879,forward,94.32695076753356,1
261,8.7087,55.71603775024414,1080,1920,0.543053150177002,0.5770402550697327,,0.9999533891677856,0.5930629372596741,0.6349915862083435,,0.9923658967018127,0.5900020599365234,0.7170589566230774,,0.9846593141555786,0.6144607067108154,0.7475666403770447,,0.9755727648735046,forward,89.6100494338207,1,0.45749977231025696,0.5779979825019836,,0.9999339580535889,0.39792242646217346,0.6350432634353638,,0.9935446977615356,0.4065358340740204,0.7171640992164612,,0.9911301732063293,0.3842101991176605,0.7505390644073486,,0.982866644859314,forward,92.69421226361563,1
262,8.742066666666666,55.513858795166016,1080,1920,0.542989194393158,0.5792433619499207,,0.9999576807022095,0.5930159091949463,0.633988082408905,,0.9928184151649475,0.5897833108901978,0.7166840434074402,,0.9849917888641357,0.6137897372245789,0.7475062012672424,,0.9763374924659729,forward,88.18635668016748,1,0.45749717950820923,0.5801803469657898,,0.9999398589134216,0.3961622714996338,0.6355472803115845,,0.9939998984336853,0.40630751848220825,0.7171574831008911,,0.9914381504058838,0.38430267572402954,0.7499939799308777,,0.9835209250450134,forward,90.9821038818167,1
263,8.775433333333334,53.79009246826172,1080,1920,0.5429269075393677,0.5811318159103394,,0.9999614357948303,0.5928463935852051,0.6337291598320007,,0.9932283163070679,0.589091956615448,0.7166869640350342,,0.9852094054222107,0.6128906011581421,0.7474790811538696,,0.9768719673156738,forward,87.09577373766817,1,0.4574818015098572,0.5818736553192139,,0.9999451041221619,0.3950636088848114,0.6361513137817383,,0.9943931102752686,0.40625229477882385,0.7170922160148621,,0.9916020631790161,0.3851824998855591,0.749089777469635,,0.9838894605636597,forward,89.50926456435936,1
264,8.8088,54.65507507324219,1080,1920,0.542733371257782,0.5832196474075317,,0.9999649524688721,0.5927673578262329,0.6336690783500671,,0.9936158061027527,0.588527500629425,0.7166137099266052,,0.9855073690414429,0.6129027009010315,0.7474773526191711,,0.9775060415267944,forward,85.73255583266021,1,0.4571259021759033,0.5839545130729675,,0.9999499320983887,0.39471516013145447,0.6363896131515503,,0.9947802424430847,0.4062166213989258,0.71697998046875,,0.9918383359909058,0.3854959011077881,0.7485262751579285,,0.9843980669975281,forward,87.90727949479644,1
265,8.842166666666667,54.53920364379883,1080,1920,0.5427447557449341,0.5846318602561951,,0.9999681115150452,0.5927128791809082,0.6337538957595825,,0.9939649701118469,0.5883491635322571,0.7166115045547485,,0.985696017742157,0.6129080057144165,0.7474163174629211,,0.9780280590057373,forward,84.81518886640663,1,0.4570886194705963,0.5856545567512512,,0.9999544024467468,0.39461377263069153,0.6362698078155518,,0.995143473148346,0.4063337445259094,0.7169708609580994,,0.9921014904975891,0.3856854736804962,0.7482162117958069,,0.9849501252174377,forward,86.84070630489109,1
266,8.875533333333333,53.704023361206055,1080,1920,0.5427608489990234,0.584762692451477,,0.9999709129333496,0.5923866033554077,0.6337918043136597,,0.9942997097969055,0.5882163643836975,0.7166813611984253,,0.9859828948974609,0.6129739880561829,0.7474561333656311,,0.9785549640655518,forward,84.79150899914106,1,0.45708492398262024,0.585619330406189,,0.9999582171440125,0.3948245644569397,0.6362599730491638,,0.9954541921615601,0.4064593017101288,0.7168289422988892,,0.9922231435775757,0.386551171541214,0.7476041913032532,,0.9852239489555359,forward,86.71289661656829,1
267,8.908900000000001,55.097103118896484,1080,1920,0.5427592992782593,0.5852810144424438,,0.9999735355377197,0.5919956564903259,0.6334183812141418,,0.9946537613868713,0.5881887674331665,0.7166842818260193,,0.9864095449447632,0.6130000948905945,0.7474275231361389,,0.9792646169662476,forward,84.64202922174786,1,0.45701995491981506,0.5858877897262573,,0.999961793422699,0.39488911628723145,0.6362164616584778,,0.9957702159881592,0.40659263730049133,0.7167598605155945,,0.9924461841583252,0.3868795335292816,0.7472990155220032,,0.9856576919555664,forward,86.48285128959324,1
268,8.942266666666667,54.826974868774414,1080,1920,0.5426063537597656,0.5856512784957886,,0.999975860118866,0.5914933085441589,0.6332800984382629,,0.994983434677124,0.5881893634796143,0.7174573540687561,,0.9869032502174377,0.6138110756874084,0.7475326061248779,,0.9800605773925781,forward,85.31903834131637,1,0.45680075883865356,0.5860288739204407,,0.9999650120735168,0.39501500129699707,0.6361821293830872,,0.9960683584213257,0.4066733121871948,0.7165135145187378,,0.9926928281784058,0.3871271014213562,0.7471042275428772,,0.9861518144607544,forward,86.13908428032906,1
269,8.975633333333333,54.654836654663086,1080,1920,0.542591392993927,0.5855647921562195,,0.9999780058860779,0.5912678837776184,0.6329352855682373,,0.9953095316886902,0.5884224772453308,0.7183100581169128,,0.9875184893608093,0.6167647242546082,0.7477452754974365,,0.9810118675231934,forward,86.50474569197505,1,0.4566429555416107,0.5860782861709595,,0.9999679327011108,0.3950416147708893,0.6361626386642456,,0.9963572025299072,0.4067150354385376,0.7164409160614014,,0.9929961562156677,0.38727596402168274,0.7470312714576721,,0.9867579936981201,forward,86.0370759912184,1
270,9.009,54.57592010498047,1080,1920,0.5425787568092346,0.5852138996124268,,0.9999799728393555,0.5912255048751831,0.6327160596847534,,0.9955700039863586,0.5886136293411255,0.7186181545257568,,0.9880105257034302,0.6179361939430237,0.7478920221328735,,0.9817960262298584,forward,87.19475992802467,1,0.4563705027103424,0.5858357548713684,,0.9999707341194153,0.3951335549354553,0.6361954212188721,,0.9965998530387878,0.406741738319397,0.7163833379745483,,0.9933006167411804,0.3874489963054657,0.7470436096191406,,0.987328290939331,forward,86.11763221250837,1
271,9.042366666666666,54.99696731567383,1080,1920,0.5426623821258545,0.5848577618598938,,0.9999817609786987,0.5912293791770935,0.633164644241333,,0.9958012104034424,0.5886574983596802,0.7187426686286926,,0.988434374332428,0.6178682446479797,0.7478824853897095,,0.9825056195259094,forward,87.31390508548685,1,0.45620599389076233,0.5855206847190857,,0.9999732971191406,0.3952012360095978,0.6361783146858215,,0.9968265295028687,0.4067509174346924,0.7163207530975342,,0.993622899055481,0.38752123713493347,0.7470318078994751,,0.9879387617111206,forward,86.26175336618718,1
272,9.075733333333334,55.72819709777832,1080,1920,0.542846143245697,0.5845270752906799,,0.9999834299087524,0.5912199020385742,0.6330105662345886,,0.996027410030365,0.5886595845222473,0.7188900709152222,,0.9889121651649475,0.6172369122505188,0.7478854656219482,,0.9832320809364319,forward,87.77222207219883,1,0.4560251832008362,0.5852659344673157,,0.9999756813049316,0.395255446434021,0.636086106300354,,0.9970422983169556,0.40675705671310425,0.716171145439148,,0.9939583539962769,0.38770022988319397,0.7470266819000244,,0.9885572791099548,forward,86.30549942260838,1
273,9.1091,54.69799041748047,1080,1920,0.5428763628005981,0.5840557217597961,,0.9999849200248718,0.5911332368850708,0.632728636264801,,0.9962599873542786,0.5886632204055786,0.7190593481063843,,0.9894996881484985,0.6169155836105347,0.7478878498077393,,0.9841004014015198,forward,88.41916273666374,1,0.4557076394557953,0.5847546458244324,,0.9999778270721436,0.3953694701194763,0.6357648372650146,,0.9972579479217529,0.40675586462020874,0.7160626649856567,,0.9943346977233887,0.3878074586391449,0.7470195293426514,,0.9892598390579224,forward,86.65847210949158,1
274,9.142466666666667,54.74495887756348,1080,1920,0.5428422689437866,0.5819574594497681,,0.9999862909317017,0.5911264419555664,0.6324185132980347,,0.9964931011199951,0.5887417793273926,0.7191535234451294,,0.9900864958763123,0.616840124130249,0.7478793859481812,,0.9849646687507629,forward,90.01171940423475,1,0.4549582302570343,0.5826049447059631,,0.9999798536300659,0.3955642580986023,0.6356670260429382,,0.9974654912948608,0.406759113073349,0.7160578370094299,,0.9947100281715393,0.38776156306266785,0.7469834089279175,,0.9899526238441467,forward,88.10275384069391,1
275,9.175833333333333,54.9318790435791,1080,1920,0.5428082346916199,0.5778611302375793,,0.9999874830245972,0.5911886096000671,0.632013738155365,,0.996762216091156,0.5887876749038696,0.7193481922149658,,0.9908199906349182,0.6168889403343201,0.7481404542922974,,0.9859291315078735,forward,93.07150376512836,1,0.45436397194862366,0.5782514810562134,,0.9999815821647644,0.3956564664840698,0.6353943943977356,,0.9976731538772583,0.40674251317977905,0.7160537242889404,,0.9950864911079407,0.3877544403076172,0.7470107674598694,,0.9905943870544434,forward,91.12692031613108,1
276,9.209200000000001,54.799795150756836,1080,1920,0.5424941182136536,0.5742260217666626,,0.9999884963035583,0.5911908149719238,0.6312751770019531,,0.9969987273216248,0.5887907147407532,0.7196953296661377,,0.9914749264717102,0.6175600290298462,0.748151957988739,,0.9867759943008423,forward,96.30812467328502,1,0.45364975929260254,0.5747932195663452,,0.9999830722808838,0.395671010017395,0.635121762752533,,0.997854471206665,0.40674495697021484,0.716383159160614,,0.9954093098640442,0.3872922658920288,0.7473209500312805,,0.9911393523216248,forward,93.98622662015262,1
277,9.242566666666667,54.18872833251953,1080,1920,0.5423914194107056,0.570520281791687,,0.9999894499778748,0.5916669368743896,0.6307727098464966,,0.9972482919692993,0.588759183883667,0.7197110056877136,,0.9921436309814453,0.6175177097320557,0.7480519413948059,,0.9876461625099182,forward,99.09864202944166,1,0.4534134864807129,0.5709728002548218,,0.9999843835830688,0.3955574929714203,0.6350764632225037,,0.9980344176292419,0.4067050516605377,0.7162283658981323,,0.9957172274589539,0.38726842403411865,0.7473840117454529,,0.991655170917511,forward,96.54928680564048,1
278,9.275933333333333,54.62813377380371,1080,1920,0.5421987175941467,0.5661962032318115,,0.9999901652336121,0.591786801815033,0.6300874352455139,,0.9974580407142639,0.5887930393218994,0.7197936773300171,,0.992708146572113,0.617332935333252,0.7478540539741516,,0.9883571863174438,forward,102.60259635435037,1,0.45314815640449524,0.5662882328033447,,0.9999853372573853,0.3955540060997009,0.6334983706474304,,0.9981831312179565,0.4072578549385071,0.7159004211425781,,0.9959613084793091,0.38740238547325134,0.7473819255828857,,0.9920641183853149,forward,100.2516534547266,1
279,9.3093,55.780887603759766,1080,1920,0.5421926379203796,0.5622552633285522,,0.9999904632568359,0.5919579267501831,0.6301271915435791,,0.9976062774658203,0.5888423919677734,0.7197874188423157,,0.9931334257125854,0.6166316866874695,0.7476473450660706,,0.9888155460357666,forward,105.34049549215,1,0.45315492153167725,0.562199592590332,,0.9999855160713196,0.395976722240448,0.6334323883056641,,0.9982753992080688,0.4078352749347687,0.7159332036972046,,0.9960900545120239,0.3872716724872589,0.7474256753921509,,0.9922312498092651,forward,103.4544595652537,1
280,9.342666666666666,55.168867111206055,1080,1920,0.5422928333282471,0.5579224824905396,,0.9999905824661255,0.5918126702308655,0.6297735571861267,,0.9977213740348816,0.5897732377052307,0.7197715044021606,,0.9934917688369751,0.6166173815727234,0.7474789023399353,,0.9892057776451111,forward,108.72802005949531,1,0.45315906405448914,0.5578744411468506,,0.9999855756759644,0.3964759409427643,0.6332391500473022,,0.9983338713645935,0.4090596139431,0.7162646055221558,,0.9962009787559509,0.38727930188179016,0.7474426031112671,,0.9924178123474121,forward,107.42023360579012,1
281,9.376033333333334,54.341793060302734,1080,1920,0.5423120856285095,0.5535268783569336,,0.9999907612800598,0.5909013748168945,0.6280055642127991,,0.9977883100509644,0.5897795557975769,0.7194651961326599,,0.9937840104103088,0.6152436137199402,0.7474735975265503,,0.9895401000976562,forward,112.85755160652242,1,0.45309749245643616,0.5533959865570068,,0.9999855756759644,0.39863452315330505,0.6317704319953918,,0.9983295202255249,0.40929606556892395,0.7165936231613159,,0.9962248802185059,0.3873860836029053,0.7473897933959961,,0.9924790263175964,forward,112.19707960467504,1
282,9.4094,55.171966552734375,1080,1920,0.5423235297203064,0.5505378842353821,,0.9999903440475464,0.5894306302070618,0.6269629597663879,,0.9977496862411499,0.589838445186615,0.717920184135437,,0.99384605884552,0.6145024299621582,0.7470805048942566,,0.9895218014717102,forward,113.64243677881169,1,0.4530695080757141,0.5508226156234741,,0.9999847412109375,0.4019540846347809,0.6310080289840698,,0.9981878399848938,0.4104134738445282,0.7171924114227295,,0.9961159825325012,0.3889768421649933,0.7474908828735352,,0.992267370223999,forward,115.59233867145394,1
283,9.442766666666667,55.70578575134277,1080,1920,0.5425671339035034,0.5470850467681885,,0.9999891519546509,0.5868219137191772,0.6260303854942322,,0.9974483847618103,0.589905321598053,0.7176443934440613,,0.9935328364372253,0.6130154728889465,0.7468259930610657,,0.9890198111534119,forward,116.68237021136216,1,0.4530209004878998,0.5475665926933289,,0.9999831318855286,0.4052644371986389,0.6303483247756958,,0.9977738261222839,0.4117283821105957,0.7179449200630188,,0.9958787560462952,0.38937345147132874,0.7475415468215942,,0.9918423891067505,forward,119.99260085031109,1
284,9.476133333333333,55.14025688171387,1080,1920,0.5427454710006714,0.5436639189720154,,0.9999858140945435,0.5847441554069519,0.6254918575286865,,0.9970678091049194,0.5902366042137146,0.717642068862915,,0.9932730793952942,0.6130366325378418,0.7463490962982178,,0.9885290265083313,forward,119.97783326154412,1,0.45291274785995483,0.544201135635376,,0.99997878074646,0.4091491997241974,0.6279752254486084,,0.9972903728485107,0.4126843512058258,0.7179107666015625,,0.9955732822418213,0.3907553553581238,0.7475194334983826,,0.9912644624710083,forward,124.59011030151555,1
285,9.509500000000001,55.67121505737305,1080,1920,0.5426673293113708,0.5407422184944153,,0.9999813437461853,0.5830787420272827,0.6252654790878296,,0.9968133568763733,0.5905184149742126,0.7176559567451477,,0.9932882189750671,0.6132345795631409,0.7462947964668274,,0.988479495048523,forward,122.78837640795669,1,0.4527917206287384,0.5411795973777771,,0.9999730587005615,0.41141220927238464,0.6266189813613892,,0.9969660043716431,0.4141433835029602,0.7178013324737549,,0.9954845309257507,0.3917514979839325,0.7475165724754333,,0.9910643696784973,forward,128.48095374953834,1
286,9.542866666666667,55.35101890563965,1080,1920,0.5426551699638367,0.5374033451080322,,0.9999712705612183,0.581503689289093,0.6251212954521179,,0.996361494064331,0.5907659530639648,0.7173517346382141,,0.9928751587867737,0.6132469177246094,0.7462984323501587,,0.987686812877655,forward,125.60249111168919,1,0.452490895986557,0.5383350253105164,,0.9999613761901855,0.4132595658302307,0.6253741383552551,,0.9966394901275635,0.4149723947048187,0.7175125479698181,,0.9952441453933716,0.3953753709793091,0.748703122138977,,0.9904957413673401,forward,132.0550489830984,1
287,9.576233333333333,54.91995811462402,1080,1920,0.5426801443099976,0.5350512862205505,,0.9999645352363586,0.5790618062019348,0.624260663986206,,0.995981752872467,0.5908353924751282,0.7171449065208435,,0.9926367998123169,0.612532377243042,0.7462683320045471,,0.9872376918792725,forward,128.19553918929782,1,0.45191171765327454,0.5372123122215271,,0.9999534487724304,0.41538435220718384,0.6253941059112549,,0.9963255524635315,0.41520702838897705,0.7174547910690308,,0.995019257068634,0.3959434926509857,0.7488020658493042,,0.9900460839271545,forward,133.1573505522688,1
288,9.6096,55.74488639831543,1080,1920,0.542867124080658,0.5343433618545532,,0.9999567866325378,0.5771641135215759,0.6244067549705505,,0.9954049587249756,0.5907882452011108,0.7171570062637329,,0.9921138882637024,0.6125572919845581,0.746707558631897,,0.9863713383674622,forward,128.87435530064067,1,0.45186540484428406,0.5365556478500366,,0.999944806098938,0.41856691241264343,0.6250512599945068,,0.9959801435470581,0.41517800092697144,0.7177143692970276,,0.9947487711906433,0.39763209223747253,0.7490823268890381,,0.9895038604736328,forward,134.79769279866827,1
289,9.642966666666666,54.6259880065918,1080,1920,0.542919933795929,0.5334936380386353,,0.9999443292617798,0.5754002332687378,0.6246402859687805,,0.9948597550392151,0.5901593565940857,0.7170941829681396,,0.9916873574256897,0.6125370264053345,0.7467782497406006,,0.9856916666030884,forward,129.56822738572686,1,0.4516837000846863,0.5358688831329346,,0.9999305009841919,0.4211302399635315,0.6253578066825867,,0.9957049489021301,0.41510021686553955,0.7179449796676636,,0.9944789409637451,0.3990890085697174,0.7492742538452148,,0.9889856576919556,forward,135.7811671605147,1
290,9.676333333333334,54.98814582824707,1080,1920,0.5429188013076782,0.5317827463150024,,0.9999369382858276,0.5728891491889954,0.6236663460731506,,0.9944016933441162,0.5896579623222351,0.7170983552932739,,0.991425096988678,0.6124603748321533,0.746676504611969,,0.9853577017784119,forward,132.04668329700178,1,0.45164284110069275,0.5340924859046936,,0.9999233484268188,0.425117552280426,0.6248989701271057,,0.9955793023109436,0.41503357887268066,0.7182437777519226,,0.994419276714325,0.3999421000480652,0.7494782209396362,,0.9889070987701416,forward,139.13710324311864,1
291,9.7097,55.4201602935791,1080,1920,0.5428923964500427,0.5310004353523254,,0.9999297261238098,0.5713239908218384,0.6237781643867493,,0.9941307902336121,0.5896490216255188,0.7171557545661926,,0.9913357496261597,0.6124687790870667,0.746965229511261,,0.9852047562599182,forward,132.98645646316936,1,0.45152488350868225,0.5336944460868835,,0.9999152421951294,0.4271625280380249,0.6246918439865112,,0.9954426288604736,0.41489177942276,0.7181804180145264,,0.9942878484725952,0.39997026324272156,0.7492769956588745,,0.9886921644210815,forward,139.7346832138897,1
292,9.743066666666667,55.811166763305664,1080,1920,0.543006956577301,0.531230628490448,,0.9999248385429382,0.5707958936691284,0.6238769888877869,,0.9940080046653748,0.5896620154380798,0.7172452807426453,,0.9913871884346008,0.6124298572540283,0.7472852468490601,,0.9852890968322754,forward,132.81590564316738,1,0.45153334736824036,0.5342437624931335,,0.9999107122421265,0.4278823435306549,0.6248204708099365,,0.9954432845115662,0.4141393005847931,0.7182312607765198,,0.9943531155586243,0.3998384177684784,0.7490140199661255,,0.9888554215431213,forward,139.01614028633813,1
293,9.776433333333333,55.188894271850586,1080,1920,0.5431759357452393,0.5306312441825867,,0.9999216198921204,0.570142924785614,0.62394779920578,,0.9939442873001099,0.5898176431655884,0.7173388004302979,,0.9914802312850952,0.6123265624046326,0.7475494742393494,,0.9854212999343872,forward,133.65128691585272,1,0.4516448974609375,0.5338962078094482,,0.9999074935913086,0.42918556928634644,0.6249179840087891,,0.9954051375389099,0.4138680696487427,0.7182213068008423,,0.994362473487854,0.39994725584983826,0.7488298416137695,,0.9889300465583801,forward,139.30438429730444,1
294,9.809800000000001,55.69100379943848,1080,1920,0.5430833697319031,0.5294045805931091,,0.9999198913574219,0.5691371560096741,0.6239230036735535,,0.9939228892326355,0.5898134708404541,0.7173683643341064,,0.991643488407135,0.6121172308921814,0.747622549533844,,0.9856760501861572,forward,135.23075285588186,1,0.4516037404537201,0.532633364200592,,0.9999051094055176,0.429551362991333,0.6249618530273438,,0.9953842163085938,0.4136674702167511,0.7182160019874573,,0.9943817853927612,0.3999990224838257,0.748704195022583,,0.9890121221542358,forward,140.87615238932102,1
295,9.843166666666667,56.281089782714844,1080,1920,0.5430701375007629,0.5278834104537964,,0.9999170899391174,0.5671738386154175,0.6225607395172119,,0.9938198328018188,0.5896649956703186,0.7173786163330078,,0.9917086362838745,0.6120219230651855,0.7476446032524109,,0.9857715368270874,forward,138.01444155948357,1,0.4515649080276489,0.5315415263175964,,0.9999013543128967,0.4303133189678192,0.6246563196182251,,0.9952884316444397,0.4134889245033264,0.7182470560073853,,0.9943153858184814,0.40010330080986023,0.7484661340713501,,0.9889332056045532,forward,142.7895550154869,1
296,9.876533333333333,54.62312698364258,1080,1920,0.5430532097816467,0.5262495279312134,,0.9999151229858398,0.5643430352210999,0.6216195821762085,,0.9936808347702026,0.5896061062812805,0.7174012064933777,,0.9917486906051636,0.6118849515914917,0.7476734519004822,,0.9858241081237793,forward,140.98915026496562,0,0.45155593752861023,0.5298237204551697,,0.9998984932899475,0.43103915452957153,0.6238053441047668,,0.9951512217521667,0.4134669601917267,0.7179319858551025,,0.9942190051078796,0.4000455141067505,0.7480659484863281,,0.9888210296630859,forward,145.486186255538,1
297,9.9099,55.20486831665039,1080,1920,0.5430673956871033,0.5257028341293335,,0.9999097585678101,0.5626153945922852,0.6209919452667236,,0.9934183955192566,0.589728832244873,0.7174712419509888,,0.9916558861732483,0.6122354865074158,0.7475847005844116,,0.985673725605011,forward,142.58642536990283,0,0.4515540599822998,0.5295817255973816,,0.9998907446861267,0.43105146288871765,0.6232425570487976,,0.9949299693107605,0.4134356379508972,0.7177509665489197,,0.9939980506896973,0.4001163840293884,0.7481966018676758,,0.988499104976654,forward,146.17961026800165,1
298,9.943266666666666,54.245710372924805,1080,1920,0.5432226657867432,0.5254342555999756,,0.999904215335846,0.5620922446250916,0.6205011010169983,,0.9932470321655273,0.589740514755249,0.7175148725509644,,0.9915899038314819,0.6120850443840027,0.7476186156272888,,0.9855582118034363,forward,143.7688907088025,0,0.451590895652771,0.5291997194290161,,0.9998835325241089,0.43074142932891846,0.6229638457298279,,0.9947974681854248,0.41331297159194946,0.7179242372512817,,0.993841290473938,0.3999941945075989,0.7486792802810669,,0.988248348236084,forward,147.8843688010726,1
299,9.976633333333334,53.51996421813965,1080,1920,0.5432606935501099,0.5252717137336731,,0.9998986721038818,0.5612272024154663,0.6198175549507141,,0.9929497241973877,0.5896445512771606,0.7172465920448303,,0.991396427154541,0.6113614439964294,0.7476193308830261,,0.9852681159973145,forward,144.38904529514838,0,0.45163071155548096,0.5288397669792175,,0.9998758435249329,0.4305229187011719,0.6224872469902039,,0.9945798516273499,0.4130328297615051,0.7178566455841064,,0.9936147332191467,0.39984652400016785,0.7487956881523132,,0.987896203994751,forward,149.39482709345376,1
300,10.01,53.846120834350586,1080,1920,0.5435552597045898,0.5252888798713684,,0.9998919367790222,0.5611673593521118,0.6199290156364441,,0.9927022457122803,0.5896074771881104,0.7172495722770691,,0.9912076592445374,0.6108734011650085,0.7478700876235962,,0.9849666357040405,forward,144.15687648627258,0,0.4517904818058014,0.5288909077644348,,0.9998658299446106,0.43047666549682617,0.6222991347312927,,0.9943785667419434,0.412192702293396,0.7176764011383057,,0.9933737516403198,0.39977964758872986,0.7489224076271057,,0.987492024898529,forward,149.08993993373528,1
301,10.043366666666667,52.247047424316406,1080,1920,0.5436450242996216,0.5251365900039673,,0.9998853802680969,0.5611735582351685,0.6200278997421265,,0.992520809173584,0.5895628333091736,0.7173906564712524,,0.9910600781440735,0.6107150316238403,0.7484471797943115,,0.9847041964530945,forward,144.61470366245283,0,0.45188355445861816,0.5289099812507629,,0.9998558163642883,0.43032535910606384,0.622057318687439,,0.994181752204895,0.4117000699043274,0.7174552083015442,,0.9931492209434509,0.39962002635002136,0.7487912774085999,,0.9871007800102234,forward,148.81859869190959,1
302,10.076733333333333,54.86011505126953,1080,1920,0.5442175269126892,0.524828314781189,,0.9998804926872253,0.5609983205795288,0.620097815990448,,0.9923127293586731,0.5895450711250305,0.7175761461257935,,0.9908745288848877,0.6103413105010986,0.7487603425979614,,0.9844024777412415,forward,145.48803793681924,0,0.45241230726242065,0.5287476778030396,,0.9998489022254944,0.4302143454551697,0.6219133138656616,,0.9939595460891724,0.4113732576370239,0.7174478769302368,,0.9929239153862,0.3991602659225464,0.7487899661064148,,0.9867225289344788,forward,149.50794285462217,1
303,10.110100000000001,54.88896369934082,1080,1920,0.5452077984809875,0.5247746706008911,,0.9998782873153687,0.5610125660896301,0.6201525330543518,,0.992131769657135,0.58951336145401,0.7181880474090576,,0.9906767010688782,0.6102729439735413,0.7490714192390442,,0.9841111302375793,forward,147.71862762275194,0,0.452958345413208,0.528756320476532,,0.9998456835746765,0.4301280379295349,0.6219455003738403,,0.9937606453895569,0.4111042618751526,0.7175202965736389,,0.9927334189414978,0.3988282382488251,0.7487890720367432,,0.9864205121994019,forward,149.74906500522482,1
304,10.143466666666667,55.203914642333984,1080,1920,0.5455704927444458,0.524651050567627,,0.9998741745948792,0.5611569881439209,0.6201944947242737,,0.9919142723083496,0.5889561772346497,0.7184262871742249,,0.9904485940933228,0.6099555492401123,0.7491291761398315,,0.9837803840637207,forward,148.8202475121504,0,0.45331957936286926,0.5287171602249146,,0.9998401999473572,0.43005290627479553,0.6219728589057922,,0.9935773015022278,0.4108116030693054,0.7177516222000122,,0.9925628304481506,0.3986717164516449,0.7487852573394775,,0.9861266613006592,forward,151.02120859813024,1
305,10.176833333333333,55.0079345703125,1080,1920,0.5461406111717224,0.524723470211029,,0.9998696446418762,0.5612417459487915,0.6202731728553772,,0.991716742515564,0.5882475972175598,0.7184683680534363,,0.9902140498161316,0.6096056699752808,0.7491258382797241,,0.9834291934967041,forward,148.65595869818958,0,0.45393091440200806,0.5287955403327942,,0.9998340010643005,0.43000268936157227,0.6219765543937683,,0.993408739566803,0.4106800854206085,0.7177972197532654,,0.9923917055130005,0.398654580116272,0.7487505078315735,,0.9858152270317078,forward,151.1927315014035,1
306,10.2102,55.39202690124512,1080,1920,0.5467931628227234,0.5247127413749695,,0.9998661279678345,0.5613354444503784,0.620286762714386,,0.9915311932563782,0.5879630446434021,0.7184688448905945,,0.9899709820747375,0.6091521978378296,0.7491020560264587,,0.983083188533783,forward,148.6275615355568,0,0.4546836018562317,0.5288629531860352,,0.9998291730880737,0.429982453584671,0.6219853758811951,,0.9932452440261841,0.41064247488975525,0.7178277373313904,,0.992228090763092,0.39863842725753784,0.7486792802810669,,0.9855376482009888,forward,151.26005104590263,1
307,10.243566666666666,55.17387390136719,1080,1920,0.5471366047859192,0.5247673392295837,,0.999863862991333,0.5613782405853271,0.6205019354820251,,0.9913650155067444,0.5876581072807312,0.7185567617416382,,0.9897679090499878,0.6083313226699829,0.7491011023521423,,0.9828052520751953,forward,148.2769583936965,0,0.45531418919563293,0.5289101004600525,,0.9998259544372559,0.42996662855148315,0.6219984889030457,,0.9931026697158813,0.41065773367881775,0.7178516983985901,,0.9920967817306519,0.39854076504707336,0.7485865354537964,,0.9853237271308899,forward,151.2889451993983,1
308,10.276933333333334,54.91209030151367,1080,1920,0.5472083687782288,0.5248168110847473,,0.9998602867126465,0.5620242357254028,0.6205130219459534,,0.991228461265564,0.5876847505569458,0.7185667157173157,,0.9896353483200073,0.6082421541213989,0.7490893006324768,,0.9826117753982544,forward,148.22046234802494,0,0.4556761682033539,0.528952956199646,,0.9998211860656738,0.4299328923225403,0.6219812035560608,,0.9929943680763245,0.4108141362667084,0.717829167842865,,0.9919993877410889,0.39852961897850037,0.7485523819923401,,0.9851571321487427,forward,151.1684881315801,1
309,10.3103,55.444955825805664,1080,1920,0.547287106513977,0.5248513221740723,,0.9998595714569092,0.5621241927146912,0.6205154657363892,,0.9911198616027832,0.5878031849861145,0.7185205817222595,,0.9895720481872559,0.6080209612846375,0.7490301728248596,,0.9825513958930969,forward,147.97201511299576,0,0.45596861839294434,0.5289862155914307,,0.9998200535774231,0.4301128387451172,0.6219837665557861,,0.9929087162017822,0.4110221862792969,0.7177644371986389,,0.9919305443763733,0.3985608220100403,0.7485419511795044,,0.9850682020187378,forward,150.67393250635732,1
310,10.343666666666667,55.92203140258789,1080,1920,0.5475373268127441,0.5248604416847229,,0.9998578429222107,0.5621436238288879,0.6201744079589844,,0.9910867214202881,0.5878875255584717,0.7183201909065247,,0.9895511865615845,0.6075668931007385,0.7490174174308777,,0.9825467467308044,forward,148.1167310304442,0,0.45628437399864197,0.5289821028709412,,0.9998181462287903,0.430126816034317,0.6219268441200256,,0.9928980469703674,0.4112367331981659,0.7177484035491943,,0.9919304251670837,0.398661732673645,0.7485139966011047,,0.9850700497627258,forward,150.8708698639085,1
311,10.377033333333333,54.71324920654297,1080,1920,0.5474774241447449,0.5248891115188599,,0.999858021736145,0.562236487865448,0.6197085976600647,,0.9910078644752502,0.5882319808006287,0.7181658148765564,,0.9895309209823608,0.6074963212013245,0.7490144968032837,,0.9825539588928223,forward,149.04757932165222,0,0.4562748670578003,0.5289974212646484,,0.9998185038566589,0.43011045455932617,0.6219097971916199,,0.9928684234619141,0.4114042818546295,0.7176870107650757,,0.991926908493042,0.39868247509002686,0.7485103011131287,,0.9850917458534241,forward,150.53422040654735,1
312,10.410400000000001,53.810834884643555,1080,1920,0.5473315715789795,0.525325357913971,,0.9998564124107361,0.5626909136772156,0.6196973323822021,,0.990951418876648,0.5884420871734619,0.7181004285812378,,0.9895061254501343,0.6074935793876648,0.7490177154541016,,0.9825189709663391,forward,148.17520558620248,0,0.4560353755950928,0.529406726360321,,0.9998165965080261,0.4301104247570038,0.6219384670257568,,0.9928491711616516,0.4115498960018158,0.7176249027252197,,0.9919150471687317,0.3987489938735962,0.7485065460205078,,0.9850724935531616,forward,149.4625111963972,1
313,10.443766666666667,54.956912994384766,1080,1920,0.5473099946975708,0.5259972810745239,,0.9998558163642883,0.5641716122627258,0.6197128295898438,,0.9908645749092102,0.5885736346244812,0.7180845141410828,,0.9894399046897888,0.6074995994567871,0.7490213513374329,,0.9824391603469849,forward,147.1912949658941,0,0.4560271203517914,0.530010461807251,,0.9998161196708679,0.4300387501716614,0.6220744848251343,,0.9928248524665833,0.41168540716171265,0.7176192998886108,,0.9919118285179138,0.3987671434879303,0.7485135793685913,,0.985056459903717,forward,148.06687564688335,1
314,10.477133333333333,55.6638240814209,1080,1920,0.5470871329307556,0.5271450877189636,,0.9998563528060913,0.5664002895355225,0.6197288036346436,,0.9909077286720276,0.5886512398719788,0.7179880738258362,,0.98948734998703,0.6075383424758911,0.7490199208259583,,0.9825194478034973,forward,145.26724965808913,0,0.45601534843444824,0.5310646295547485,,0.9998173117637634,0.4300312399864197,0.6223357915878296,,0.9929019808769226,0.4117925465106964,0.7176110744476318,,0.9920224547386169,0.39876416325569153,0.7485354542732239,,0.9852152466773987,forward,145.77631482672479,1
315,10.5105,55.90510368347168,1080,1920,0.5468586683273315,0.5283995270729065,,0.9998549818992615,0.5690900087356567,0.620272696018219,,0.9909335374832153,0.5886553525924683,0.7179075479507446,,0.9895332455635071,0.6077755689620972,0.7490441799163818,,0.9825734496116638,forward,141.88574753022078,1,0.4559634327888489,0.531974732875824,,0.9998158812522888,0.4299260675907135,0.6228668689727783,,0.992956280708313,0.4119114279747009,0.717609167098999,,0.9921045303344727,0.39876094460487366,0.7486203908920288,,0.9853205680847168,forward,143.25716767021356,1
316,10.543866666666666,55.32526969909668,1080,1920,0.5462911128997803,0.5292431712150574,,0.9998549222946167,0.5713808536529541,0.6208716034889221,,0.9910374879837036,0.5886890888214111,0.7178595066070557,,0.9896407127380371,0.6079367995262146,0.7490819692611694,,0.9826839566230774,forward,139.5389348812837,1,0.45590415596961975,0.5322802066802979,,0.9998162388801575,0.4298492670059204,0.6229341626167297,,0.9930172562599182,0.4119279682636261,0.7175334692001343,,0.9921866059303284,0.3985593020915985,0.7486158013343811,,0.9854137301445007,forward,142.48050320474738,1
317,10.577233333333334,55.28712272644043,1080,1920,0.5458394289016724,0.5296287536621094,,0.9998545050621033,0.5735008716583252,0.621634840965271,,0.9910785555839539,0.5887026190757751,0.7177584171295166,,0.9896920919418335,0.6081392168998718,0.7491130828857422,,0.9827160835266113,forward,137.67538733345117,1,0.4555186331272125,0.5324248671531677,,0.9998166561126709,0.4297304153442383,0.6229490041732788,,0.993061900138855,0.4119310975074768,0.7175139784812927,,0.9922410249710083,0.39828091859817505,0.7485490441322327,,0.9854583144187927,forward,142.2082318834609,1
318,10.6106,54.902076721191406,1080,1920,0.5447400212287903,0.529998779296875,,0.9998555779457092,0.5754669308662415,0.6223693490028381,,0.9909432530403137,0.5885056853294373,0.7177270650863647,,0.9896319508552551,0.6083773374557495,0.7491410374641418,,0.9826568365097046,forward,136.33979176387385,1,0.45510897040367126,0.5325363278388977,,0.9998182654380798,0.429749995470047,0.6229904890060425,,0.9930726885795593,0.4119521677494049,0.7175246477127075,,0.9922953248023987,0.3984266221523285,0.7486116886138916,,0.9855503439903259,forward,142.0226024802153,1
319,10.643966666666667,54.486989974975586,1080,1920,0.5442575812339783,0.530340850353241,,0.9998542666435242,0.5777867436408997,0.6230796575546265,,0.9907000660896301,0.5885412693023682,0.7177426218986511,,0.9894895553588867,0.6090904474258423,0.7491792440414429,,0.9824317693710327,forward,135.33050938983797,1,0.45492205023765564,0.5328456163406372,,0.9998151063919067,0.4296785295009613,0.6233389377593994,,0.9929270148277283,0.4119633436203003,0.7176931500434875,,0.9921754002571106,0.39858826994895935,0.7488563060760498,,0.9853366017341614,forward,141.50596065686742,1
320,10.677333333333333,54.42094802856445,1080,1920,0.5440959930419922,0.5307095050811768,,0.999853253364563,0.5798050761222839,0.6242724657058716,,0.9903360605239868,0.5886886119842529,0.7177845239639282,,0.9892274141311646,0.6096529364585876,0.7491671442985535,,0.9819992184638977,forward,134.16233474967757,1,0.4547822177410126,0.5334365367889404,,0.9998099207878113,0.4291476607322693,0.6239030957221985,,0.992620587348938,0.41193917393684387,0.7176907062530518,,0.9918412566184998,0.39873361587524414,0.7491146326065063,,0.98476243019104,forward,139.8542353765082,1
321,10.710700000000001,55.92608451843262,1080,1920,0.5440923571586609,0.5312212705612183,,0.9998525381088257,0.5808718204498291,0.6249688267707825,,0.9899381399154663,0.5888355374336243,0.7178055047988892,,0.9888404607772827,0.6104164123535156,0.7490896582603455,,0.9812853336334229,forward,133.2267134875328,1,0.4547770321369171,0.5346036553382874,,0.9998058676719666,0.4283832311630249,0.625181257724762,,0.9923061728477478,0.411937952041626,0.717744767665863,,0.9915227293968201,0.3988051116466522,0.7494076490402222,,0.9841137528419495,forward,137.04199808924602,1
322,10.744066666666667,54.982900619506836,1080,1920,0.5442480444908142,0.5317658185958862,,0.9998574256896973,0.5818758606910706,0.625211775302887,,0.9894235730171204,0.5890942811965942,0.7178951501846313,,0.988436758518219,0.6105442643165588,0.7490468621253967,,0.980637788772583,forward,132.60477737250898,1,0.45493146777153015,0.5356741547584534,,0.9998114705085754,0.42773503065109253,0.6255528330802917,,0.9917961359024048,0.41194480657577515,0.7177807092666626,,0.9911811947822571,0.39881494641304016,0.7496119737625122,,0.9835293292999268,forward,135.47405143300597,1
323,10.777433333333333,55.37295341491699,1080,1920,0.5443136692047119,0.5336431860923767,,0.9998646378517151,0.5831721425056458,0.6254027485847473,,0.9889158010482788,0.590155303478241,0.7178757786750793,,0.9880329966545105,0.6115471720695496,0.7488501071929932,,0.9801229238510132,forward,130.2865591794054,1,0.45512208342552185,0.5375853180885315,,0.9998205900192261,0.4272371828556061,0.6262195706367493,,0.9912804961204529,0.4119458794593811,0.7177808284759521,,0.99090975522995,0.399320125579834,0.7508758902549744,,0.9831322431564331,forward,132.67358604912474,1
324,10.8108,55.66692352294922,1080,1920,0.5445535778999329,0.5347179770469666,,0.9998716115951538,0.5836095213890076,0.6253344416618347,,0.988386869430542,0.5909662246704102,0.717797577381134,,0.9876363277435303,0.6123408675193787,0.7487061023712158,,0.9796596765518188,forward,129.00027537889605,1,0.4565272629261017,0.5384681820869446,,0.9998295903205872,0.42717835307121277,0.626642644405365,,0.990609347820282,0.41248467564582825,0.7178386449813843,,0.9905989766120911,0.40044644474983215,0.7514868378639221,,0.9826977849006653,forward,131.45538127157408,1
325,10.844166666666666,55.18603324890137,1080,1920,0.5446117520332336,0.5369694232940674,,0.9998785853385925,0.5837271809577942,0.6252956986427307,,0.9879893064498901,0.5916628837585449,0.7175415754318237,,0.9871964454650879,0.6123415231704712,0.7486629486083984,,0.9791755080223083,forward,126.24073139329933,1,0.457038015127182,0.5399685502052307,,0.9998379349708557,0.4263927638530731,0.6281114220619202,,0.9897946119308472,0.4127822518348694,0.7173811793327332,,0.9901831746101379,0.40044209361076355,0.7506897449493408,,0.982136607170105,forward,128.09843709282794,1
326,10.877533333333334,55.024147033691406,1080,1920,0.5444690585136414,0.5392159819602966,,0.9998839497566223,0.5839381217956543,0.6252557635307312,,0.9875625967979431,0.5919281840324402,0.7174063324928284,,0.9869091510772705,0.6123312711715698,0.7485882639884949,,0.9788615703582764,forward,123.83240819959363,1,0.457255095243454,0.5410123467445374,,0.9998437166213989,0.42604899406433105,0.6287566423416138,,0.9891966581344604,0.41276273131370544,0.7167999744415283,,0.9898761510848999,0.4003489017486572,0.750281035900116,,0.9817472100257874,forward,125.76914766832996,1
327,10.9109,55.55391311645508,1080,1920,0.5444604754447937,0.5408231616020203,,0.9998891949653625,0.584136426448822,0.6260283589363098,,0.9870286583900452,0.5921759009361267,0.7174451351165771,,0.9864948391914368,0.6123245358467102,0.7483901381492615,,0.9784219861030579,forward,121.90362118986926,1,0.4575802981853485,0.5426172018051147,,0.9998496770858765,0.42467308044433594,0.6300563216209412,,0.9884824752807617,0.4128437936306,0.7165632843971252,,0.9896308779716492,0.39863458275794983,0.7502299547195435,,0.9814362525939941,forward,123.25409481532874,1
328,10.944266666666667,55.764198303222656,1080,1920,0.544487714767456,0.5433770418167114,,0.9998927712440491,0.5843396782875061,0.6269646286964417,,0.9865736365318298,0.5921761989593506,0.7174481153488159,,0.985968291759491,0.612521767616272,0.7483879923820496,,0.9777129292488098,forward,119.03863098456058,1,0.45809969305992126,0.5452611446380615,,0.9998514652252197,0.4223903715610504,0.6314690709114075,,0.9875311255455017,0.4132045805454254,0.7162706255912781,,0.9891349077224731,0.39805957674980164,0.75014328956604,,0.9807079434394836,forward,119.69331798372994,1
329,10.977633333333333,55.08613586425781,1080,1920,0.5445252656936646,0.5456394553184509,,0.9998957514762878,0.5855557322502136,0.6288095116615295,,0.9863883852958679,0.5921070575714111,0.7180233597755432,,0.985357403755188,0.6126952767372131,0.7484228014945984,,0.9768287539482117,forward,116.90672582712823,1,0.4585478603839874,0.5474765300750732,,0.9998538494110107,0.4204709827899933,0.6314972639083862,,0.9870182275772095,0.41333016753196716,0.7156935334205627,,0.9888317584991455,0.3970118761062622,0.7499608397483826,,0.9801962971687317,forward,116.69438928963275,1
330,11.011000000000001,54.83293533325195,1080,1920,0.5446737408638,0.5475957989692688,,0.999900221824646,0.5867060422897339,0.6287705302238464,,0.9864886403083801,0.5921115875244141,0.717900812625885,,0.9847612977027893,0.6127515435218811,0.7482497096061707,,0.9759225249290466,forward,115.0354646579366,1,0.45886504650115967,0.5493147373199463,,0.9998587965965271,0.4178144037723541,0.6316866278648376,,0.9868318438529968,0.41325175762176514,0.7151092290878296,,0.9885299205780029,0.3954753577709198,0.7497632503509521,,0.979610800743103,forward,114.14512937652917,1
331,11.044366666666667,54.926156997680664,1080,1920,0.5446743369102478,0.5510345697402954,,0.9999048113822937,0.5878412127494812,0.6301606893539429,,0.9867705702781677,0.5920398235321045,0.7185720205307007,,0.9845976233482361,0.6128777861595154,0.7482603788375854,,0.9755241274833679,forward,112.35328113456131,1,0.4589902460575104,0.5522018074989319,,0.9998637437820435,0.4152020514011383,0.6329894661903381,,0.9868989586830139,0.4130631387233734,0.7147006392478943,,0.988414466381073,0.39348188042640686,0.7497441172599792,,0.979280412197113,forward,110.66689719065042,1
332,11.077733333333333,55.53793907165527,1080,1920,0.5446517467498779,0.5538167953491211,,0.9999100565910339,0.5891889333724976,0.6313820481300354,,0.9871125221252441,0.5920901298522949,0.7195435166358948,,0.9845776557922363,0.6138226985931396,0.7482755780220032,,0.9752798080444336,forward,110.74706641689113,1,0.4592113494873047,0.5549196600914001,,0.9998703002929688,0.4127698540687561,0.6343650221824646,,0.98703533411026,0.4125613570213318,0.7147752642631531,,0.9882911443710327,0.39065641164779663,0.7497608661651611,,0.9788802862167358,forward,108.00302427611226,1
333,11.1111,55.74774742126465,1080,1920,0.5445747375488281,0.5572843551635742,,0.9999156594276428,0.5900736451148987,0.6324158906936646,,0.9874507188796997,0.5920993089675903,0.7198971509933472,,0.9844384789466858,0.6145644783973694,0.7481907606124878,,0.9749476313591003,forward,107.94836189958392,1,0.4593616724014282,0.5583078861236572,,0.9998779296875,0.4111414849758148,0.6352008581161499,,0.9872559309005737,0.41104915738105774,0.7148675918579102,,0.9881747961044312,0.3877328336238861,0.7497585415840149,,0.9785206913948059,forward,104.96183099072871,1
334,11.144466666666666,55.500030517578125,1080,1920,0.5445675849914551,0.5599510669708252,,0.9999208450317383,0.591069757938385,0.6338735818862915,,0.9878661036491394,0.5921139717102051,0.7197582125663757,,0.9843083024024963,0.6148111820220947,0.7481679916381836,,0.9746160507202148,forward,105.09043744879227,1,0.45947128534317017,0.5611280798912048,,0.999885618686676,0.4095318615436554,0.6356783509254456,,0.9876861572265625,0.4096255898475647,0.7148932814598083,,0.988263726234436,0.3844955861568451,0.7494966983795166,,0.9784878492355347,forward,102.51177487010065,1
335,11.177833333333334,54.60000038146973,1080,1920,0.5446380376815796,0.5631821155548096,,0.9999256134033203,0.5914257764816284,0.6339758038520813,,0.9882049560546875,0.592384397983551,0.7198089361190796,,0.9838783740997314,0.6154300570487976,0.7477643489837646,,0.973918080329895,forward,102.66353502197006,1,0.4596780836582184,0.5645291209220886,,0.9998932480812073,0.4078867733478546,0.635384202003479,,0.9882519841194153,0.408816397190094,0.7150386571884155,,0.9885422587394714,0.38435423374176025,0.7494046092033386,,0.9788317084312439,forward,100.00392286633527,1
336,11.2112,54.44216728210449,1080,1920,0.5449452996253967,0.564963161945343,,0.9999310970306396,0.59152752161026,0.6336495280265808,,0.9885295629501343,0.5917603373527527,0.71889728307724,,0.9833385348320007,0.6152356863021851,0.7474117279052734,,0.9732581973075867,forward,100.44485441665095,1,0.4600173532962799,0.5666418671607971,,0.9999011754989624,0.40707093477249146,0.6353551745414734,,0.9887640476226807,0.4084067642688751,0.7152501344680786,,0.98866868019104,0.3840772211551666,0.7495901584625244,,0.9789538979530334,forward,98.60467597484158,1
337,11.244566666666667,55.58919906616211,1080,1920,0.5451066493988037,0.5679934024810791,,0.9999362826347351,0.5923530459403992,0.6341513395309448,,0.9888869524002075,0.5915064215660095,0.7188951373100281,,0.9829084277153015,0.6151934862136841,0.7473381757736206,,0.9727829098701477,forward,98.06821042968222,1,0.4603254497051239,0.5695315003395081,,0.9999086856842041,0.40634211897850037,0.6349599361419678,,0.989210844039917,0.4080655872821808,0.7152645587921143,,0.9886866211891174,0.38396722078323364,0.7495518922805786,,0.9789851307868958,forward,96.58746937324015,1
338,11.277933333333333,54.83222007751465,1080,1920,0.5451087951660156,0.571379542350769,,0.999941885471344,0.5928839445114136,0.6339934468269348,,0.9894664287567139,0.5906962156295776,0.7188518047332764,,0.9830136895179749,0.6151087284088135,0.747356116771698,,0.9732242226600647,forward,95.73923535550463,1,0.46038129925727844,0.5728188753128052,,0.999916672706604,0.40461406111717224,0.6349141001701355,,0.989873468875885,0.40778806805610657,0.7152722477912903,,0.989061176776886,0.3838404417037964,0.7494834065437317,,0.9797177314758301,forward,94.23870212641094,1
339,11.311300000000001,55.483102798461914,1080,1920,0.5451983213424683,0.5754197239875793,,0.999947190284729,0.5927976965904236,0.6338493227958679,,0.9900089502334595,0.5898227691650391,0.7187065482139587,,0.9830499291419983,0.6150562167167664,0.7473843693733215,,0.9737308621406555,forward,92.93361665606554,1,0.4604968726634979,0.5763887166976929,,0.9999243021011353,0.4024568498134613,0.634850800037384,,0.9905369281768799,0.4074534773826599,0.7155526876449585,,0.9894431233406067,0.38408932089805603,0.7494800686836243,,0.9805281758308411,forward,92.07533927472986,1
340,11.344666666666667,54.6259880065918,1080,1920,0.5453692674636841,0.578108012676239,,0.9999520778656006,0.5927643775939941,0.6337733864784241,,0.9905338287353516,0.5896774530410767,0.7168633937835693,,0.982994556427002,0.6147336959838867,0.7473660111427307,,0.9740762710571289,forward,89.19647248681602,1,0.4607641398906708,0.5785823464393616,,0.999931275844574,0.4011053442955017,0.6348198652267456,,0.9911891222000122,0.4072619378566742,0.7157041430473328,,0.989831805229187,0.38399142026901245,0.7494775056838989,,0.9812995195388794,forward,90.7601914617482,1
341,11.378033333333333,54.605960845947266,1080,1920,0.5453703999519348,0.580939531326294,,0.9999565482139587,0.5927014350891113,0.6328045725822449,,0.9911074638366699,0.5896112322807312,0.7166770696640015,,0.9833855628967285,0.6146898865699768,0.7473117113113403,,0.9749090671539307,forward,87.61807086421447,1,0.46080589294433594,0.5815265774726868,,0.9999376535415649,0.39845141768455505,0.6351420879364014,,0.9918414950370789,0.40715840458869934,0.7157107591629028,,0.9903004765510559,0.3840194344520569,0.7494126558303833,,0.9821977019309998,forward,88.66181922553235,1
342,11.4114,54.96478080749512,1080,1920,0.5453715920448303,0.5833553075790405,,0.9999606013298035,0.5926998853683472,0.6328166723251343,,0.9916379451751709,0.5893025994300842,0.7167081832885742,,0.9837874174118042,0.6146895289421082,0.7473254799842834,,0.9757378697395325,forward,86.13682280649911,1,0.46081170439720154,0.583889365196228,,0.9999434351921082,0.39762943983078003,0.6350662708282471,,0.9924570322036743,0.4070048928260803,0.7158305644989014,,0.9907912015914917,0.384054034948349,0.7492615580558777,,0.9831194877624512,forward,87.2749510788473,1
343,11.444766666666666,54.53610420227051,1080,1920,0.5453737378120422,0.5853005647659302,,0.9999642372131348,0.592729389667511,0.6333004236221313,,0.9921379685401917,0.5888944864273071,0.7167397141456604,,0.9841386079788208,0.6146626472473145,0.7473389506340027,,0.9764101505279541,forward,84.74361721174375,1,0.46088242530822754,0.5853241086006165,,0.9999486804008484,0.39758241176605225,0.6350058317184448,,0.9930278658866882,0.40715619921684265,0.7159034609794617,,0.9912079572677612,0.3842644691467285,0.7491457462310791,,0.9838921427726746,forward,86.4527883368742,1
344,11.478133333333334,53.845882415771484,1080,1920,0.5453354120254517,0.5867019295692444,,0.9999675750732422,0.5935029983520508,0.6358140707015991,,0.9926915764808655,0.588901162147522,0.7169535756111145,,0.9847535490989685,0.6150572896003723,0.747414231300354,,0.9772700667381287,forward,83.03177633388074,1,0.4608815610408783,0.5864785313606262,,0.9999533891677856,0.3980172276496887,0.6353159546852112,,0.9936013221740723,0.4073997437953949,0.7159960865974426,,0.9916797280311584,0.38524773716926575,0.7486193180084229,,0.9846848249435425,forward,85.67118757648922,1
345,11.5115,52.8719425201416,1080,1920,0.5453231930732727,0.5876187086105347,,0.999970555305481,0.593474805355072,0.635579526424408,,0.9930600523948669,0.588904082775116,0.7182695865631104,,0.9850956201553345,0.6154811978340149,0.747880756855011,,0.9779441952705383,forward,83.92153038996541,1,0.4608825147151947,0.587283730506897,,0.9999576210975647,0.39786630868911743,0.635270893573761,,0.994033694267273,0.4074171483516693,0.7162091732025146,,0.9919564723968506,0.38584819436073303,0.7484542727470398,,0.9852507710456848,forward,85.4106821947674,1
346,11.544866666666667,54.292917251586914,1080,1920,0.5453137159347534,0.5891128778457642,,0.9999731779098511,0.5934595465660095,0.6354131698608398,,0.9933323264122009,0.5889113545417786,0.7187929153442383,,0.9852310419082642,0.6156467795372009,0.7480911016464233,,0.9783943295478821,forward,83.63863100213368,1,0.46080589294433594,0.5887192487716675,,0.9999613761901855,0.39791351556777954,0.6350842714309692,,0.9943904280662537,0.4075063467025757,0.716213047504425,,0.9921435117721558,0.3861924707889557,0.7479955554008484,,0.9857028722763062,forward,84.59104601437093,1
347,11.578233333333333,54.24690246582031,1080,1920,0.5453510880470276,0.589370846748352,,0.9999755620956421,0.5934368968009949,0.6352221369743347,,0.993667721748352,0.5889937281608582,0.7187892198562622,,0.9855225682258606,0.6150346398353577,0.7479953169822693,,0.9789285063743591,forward,83.56712480972897,1,0.4607884883880615,0.5893251299858093,,0.9999647736549377,0.3980922996997833,0.6352081894874573,,0.9947742819786072,0.40752166509628296,0.7162119746208191,,0.9924483299255371,0.38664689660072327,0.7478054761886597,,0.9862594604492188,forward,84.14849598867174,1
348,11.611600000000001,55.07087707519531,1080,1920,0.5453534722328186,0.5896937251091003,,0.999977707862854,0.5934093594551086,0.6351212859153748,,0.99399334192276,0.5889925956726074,0.7190088629722595,,0.9859127402305603,0.615702211856842,0.7479698061943054,,0.9795660376548767,forward,83.65774395668745,1,0.4607544541358948,0.5895140171051025,,0.9999678730964661,0.3983136713504791,0.6357325911521912,,0.9951444268226624,0.40753066539764404,0.7162297964096069,,0.9927873015403748,0.38678401708602905,0.747529923915863,,0.9868715405464172,forward,83.80495518866454,1
349,11.644966666666667,55.05728721618652,1080,1920,0.5455469489097595,0.5890114903450012,,0.9999796152114868,0.5933711528778076,0.6345991492271423,,0.9942269325256348,0.5889962315559387,0.7194861173629761,,0.9862316846847534,0.6166172623634338,0.7479585409164429,,0.9801703095436096,forward,84.86280686987119,1,0.4607529938220978,0.5890437364578247,,0.9999706745147705,0.39842063188552856,0.6357008814811707,,0.9954444169998169,0.4075058400630951,0.7164308428764343,,0.9930853247642517,0.3869439661502838,0.7473934292793274,,0.9874446392059326,forward,84.33639577486153,1
350,11.678333333333333,54.34584617614746,1080,1920,0.5457636117935181,0.5889908671379089,,0.9999814033508301,0.5933480262756348,0.6344857811927795,,0.9945237040519714,0.5889829397201538,0.7196926474571228,,0.9866451621055603,0.6166163086891174,0.7478981018066406,,0.9808223247528076,forward,85.16871082381246,1,0.4607044756412506,0.5890394449234009,,0.9999732971191406,0.3985561728477478,0.6358256936073303,,0.9957655072212219,0.407492071390152,0.7166467905044556,,0.9934275150299072,0.387042760848999,0.7472864985466003,,0.9880529046058655,forward,84.51813569865567,1
351,11.7117,55.010080337524414,1080,1920,0.5460994243621826,0.5883485078811646,,0.999983012676239,0.5933612585067749,0.6343334317207336,,0.9948340058326721,0.5889802575111389,0.7196913957595825,,0.9871470928192139,0.6164604425430298,0.7478601932525635,,0.9815536737442017,forward,85.63904245316553,1,0.4606856107711792,0.588428258895874,,0.9999756813049316,0.3986060917377472,0.6358489394187927,,0.996077835559845,0.4074302315711975,0.7169174551963806,,0.9937962293624878,0.38700369000434875,0.7472763657569885,,0.9886917471885681,forward,85.19363818284222,1
352,11.745066666666666,55.88889122009277,1080,1920,0.5462120175361633,0.5876234769821167,,0.9999844431877136,0.5936120748519897,0.6343137621879578,,0.9951074719429016,0.5890311002731323,0.7196831107139587,,0.9875732064247131,0.6164326667785645,0.7477970123291016,,0.98211669921875,forward,86.08220921387564,1,0.4604879319667816,0.5875363945960999,,0.999977707862854,0.3986988663673401,0.6360186338424683,,0.9963538646697998,0.4074268937110901,0.7171124815940857,,0.9941295385360718,0.3870079517364502,0.7472817897796631,,0.9892264604568481,forward,85.89892992858611,1
353,11.778433333333334,55.486202239990234,1080,1920,0.5462504029273987,0.5857946276664734,,0.9999857544898987,0.5936875343322754,0.6342322826385498,,0.9953926801681519,0.5890366435050964,0.7196826338768005,,0.988097071647644,0.6163658499717712,0.7477729320526123,,0.9827812314033508,forward,87.24766733361444,1,0.4600253105163574,0.5854421854019165,,0.9999796152114868,0.39874178171157837,0.6360536813735962,,0.9966148734092712,0.4073139727115631,0.7173572778701782,,0.994466245174408,0.386974573135376,0.7472909092903137,,0.989762544631958,forward,87.50370081815407,1
354,11.8118,56.343793869018555,1080,1920,0.5462508201599121,0.5819711685180664,,0.9999869465827942,0.5937201976776123,0.6342177987098694,,0.995630145072937,0.5890621542930603,0.7197147011756897,,0.9885765910148621,0.6163649559020996,0.7477362751960754,,0.9833399653434753,forward,89.67688918237523,1,0.45948877930641174,0.581406831741333,,0.9999813437461853,0.3988203704357147,0.636074423789978,,0.9968293905258179,0.40729525685310364,0.717574417591095,,0.9947513937950134,0.38697585463523865,0.7473164200782776,,0.9901925921440125,forward,90.39055727623429,1
355,11.845166666666668,55.174827575683594,1080,1920,0.5462106466293335,0.5777491927146912,,0.9999880194664001,0.5939061045646667,0.6342067718505859,,0.9957995414733887,0.5891728401184082,0.7199346423149109,,0.988970160484314,0.6166287064552307,0.747711718082428,,0.9837736487388611,forward,92.63797135420295,1,0.45915988087654114,0.5773935317993164,,0.9999828934669495,0.39888331294059753,0.636114776134491,,0.9969919919967651,0.40729978680610657,0.7176786661148071,,0.9949871301651001,0.3869331181049347,0.7474262118339539,,0.9905309677124023,forward,93.2094663664574,1
356,11.878533333333333,55.04608154296875,1080,1920,0.5461226105690002,0.5733596086502075,,0.999988853931427,0.5944570302963257,0.6346914768218994,,0.9959558248519897,0.5893940329551697,0.720142126083374,,0.9892988801002502,0.6174506545066833,0.7477110624313354,,0.9840296506881714,forward,95.54266718022735,1,0.45897868275642395,0.5731537938117981,,0.999984085559845,0.39881905913352966,0.6361241936683655,,0.9971076846122742,0.4074036478996277,0.7177281975746155,,0.995128870010376,0.3869646489620209,0.7476107478141785,,0.9906560778617859,forward,96.23806180882696,1
357,11.911900000000001,55.1910400390625,1080,1920,0.5458872318267822,0.56920325756073,,0.9999895691871643,0.5945234298706055,0.6346235871315002,,0.9961228966712952,0.5897525548934937,0.7202956676483154,,0.989724338054657,0.6189947724342346,0.7477082014083862,,0.984397828578949,forward,98.60674984858898,1,0.45854705572128296,0.5691291093826294,,0.9999850988388062,0.3989867866039276,0.6360375285148621,,0.9972198009490967,0.4080212712287903,0.7177168726921082,,0.9952674508094788,0.3863751292228699,0.7477563619613647,,0.9907947182655334,forward,99.20147469722876,1
358,11.945266666666667,54.93307113647461,1080,1920,0.5453064441680908,0.5649997591972351,,0.9999901652336121,0.5945751667022705,0.6341437697410583,,0.9963669180870056,0.5899109840393066,0.7203662991523743,,0.9903829097747803,0.6190217137336731,0.7477065324783325,,0.9851551651954651,forward,101.90733987327164,1,0.458282470703125,0.5648421049118042,,0.9999858736991882,0.39913129806518555,0.6356335282325745,,0.9973821043968201,0.40849268436431885,0.7175911664962769,,0.9954772591590881,0.3868289291858673,0.7477644681930542,,0.9910950660705566,forward,102.4843110764997,1
359,11.978633333333333,55.674076080322266,1080,1920,0.5452119708061218,0.5611321926116943,,0.9999905228614807,0.594501256942749,0.6324166059494019,,0.9966171383857727,0.5901381969451904,0.7203018665313721,,0.9910695552825928,0.6184491515159607,0.747704267501831,,0.9859948754310608,forward,105.51020952369454,1,0.4582407474517822,0.5613109469413757,,0.9999861717224121,0.3998585641384125,0.6340680718421936,,0.997556746006012,0.40868496894836426,0.7175899147987366,,0.995711624622345,0.38672322034835815,0.7480326890945435,,0.9914843440055847,forward,105.87165246470646,1
360,12.012,55.47618865966797,1080,1920,0.5451130867004395,0.5571689009666443,,0.9999907612800598,0.5933136940002441,0.6303676962852478,,0.9967727661132812,0.5900975465774536,0.7196637988090515,,0.9915085434913635,0.6165645122528076,0.7475060820579529,,0.9864384531974792,forward,108.7899413228465,1,0.45789679884910583,0.5571944117546082,,0.9999863505363464,0.401496022939682,0.6324578523635864,,0.9976529479026794,0.40903204679489136,0.7175117135047913,,0.9958282113075256,0.38675475120544434,0.7481327056884766,,0.9916428923606873,forward,109.82072246447504,1
361,12.045366666666666,54.99386787414551,1080,1920,0.5448125600814819,0.5523995757102966,,0.9999905824661255,0.5916414260864258,0.627411961555481,,0.9966183304786682,0.5906556844711304,0.7173315286636353,,0.9912654757499695,0.6143583655357361,0.7465814352035522,,0.9859301447868347,forward,111.04400034957959,1,0.4574916958808899,0.552178680896759,,0.9999859929084778,0.4046748876571655,0.6308571696281433,,0.9974879026412964,0.4101290702819824,0.7179872393608093,,0.9956459403038025,0.3883347511291504,0.7481680512428284,,0.9912954568862915,forward,115.53432671677197,1
362,12.078733333333334,54.908037185668945,1080,1920,0.5447515845298767,0.5497323870658875,,0.9999897480010986,0.591232419013977,0.6275641918182373,,0.9963407516479492,0.5906551480293274,0.7173111438751221,,0.9910581111907959,0.6143128275871277,0.7465384006500244,,0.9854413270950317,forward,113.06076896083438,1,0.4570154547691345,0.5496101379394531,,0.9999847412109375,0.4064491391181946,0.6303573250770569,,0.9972277879714966,0.41040143370628357,0.7180200815200806,,0.9954529404640198,0.3898736834526062,0.7482262253761292,,0.9909063577651978,forward,118.1658537833859,1
363,12.1121,53.94625663757324,1080,1920,0.5446960926055908,0.5471624135971069,,0.9999889135360718,0.5891011953353882,0.624965250492096,,0.9959107041358948,0.5908527374267578,0.7173883318901062,,0.9907004833221436,0.6139655709266663,0.7464564442634583,,0.9849107265472412,forward,117.01421004119544,1,0.45636752247810364,0.5466022491455078,,0.9999836087226868,0.40898972749710083,0.6286875009536743,,0.9968422055244446,0.41077324748039246,0.7182348370552063,,0.9952391386032104,0.39017391204833984,0.7485640645027161,,0.990555465221405,forward,122.3090292924696,1
364,12.145466666666668,55.36317825317383,1080,1920,0.5441997647285461,0.5442201495170593,,0.9999884366989136,0.5879794955253601,0.6240878701210022,,0.9955436587333679,0.5908868312835693,0.7174509763717651,,0.9904017448425293,0.6140038967132568,0.7464590668678284,,0.984557569026947,forward,120.30891674946137,1,0.4553562104701996,0.5438171029090881,,0.9999831914901733,0.4093486964702606,0.6270284056663513,,0.9965641498565674,0.4108297526836395,0.7184039950370789,,0.9951817393302917,0.3904634714126587,0.7486763000488281,,0.9905042052268982,forward,126.60682425062134,1
365,12.178833333333333,56.0917854309082,1080,1920,0.543836772441864,0.5415860414505005,,0.9999866485595703,0.5863092541694641,0.624271035194397,,0.9950857758522034,0.5915694236755371,0.7175808548927307,,0.9902454614639282,0.6139136552810669,0.7464557886123657,,0.9843143224716187,forward,122.65913909898849,1,0.454274445772171,0.5414135456085205,,0.999981164932251,0.410182923078537,0.6266636252403259,,0.9961293339729309,0.41180142760276794,0.7185056805610657,,0.9950289130210876,0.3907896876335144,0.7487444281578064,,0.9902529120445251,forward,129.5613985638004,1
366,12.212200000000001,54.89683151245117,1080,1920,0.5430836081504822,0.5378276109695435,,0.9999849796295166,0.5834888219833374,0.6242846846580505,,0.9948078989982605,0.5919561982154846,0.7176397442817688,,0.9903914928436279,0.6139345765113831,0.7464190721511841,,0.9844639897346497,forward,126.23705015171633,1,0.4527745544910431,0.5381692051887512,,0.9999797344207764,0.4121025502681732,0.6268975734710693,,0.9957279562950134,0.41280895471572876,0.7186560034751892,,0.9949877858161926,0.39132681488990784,0.7487765550613403,,0.9901450872421265,forward,133.16853444971053,1
367,12.245566666666667,54.02779579162598,1080,1920,0.5427538156509399,0.535437822341919,,0.9999816417694092,0.5801451802253723,0.6244707107543945,,0.9945093393325806,0.5918177366256714,0.7176755666732788,,0.990449845790863,0.6138173341751099,0.7466744184494019,,0.9843897223472595,forward,128.55694413145045,1,0.4523124694824219,0.5362560749053955,,0.9999765753746033,0.4138968884944916,0.626630961894989,,0.995377779006958,0.41278114914894104,0.7186833024024963,,0.9948926568031311,0.39154064655303955,0.7490330338478088,,0.9898812174797058,forward,135.7104776945521,1
368,12.278933333333333,55.46379089355469,1080,1920,0.5423398017883301,0.5338143706321716,,0.9999769330024719,0.5761402249336243,0.6246823072433472,,0.9943618178367615,0.5917587876319885,0.7174225449562073,,0.9905357956886292,0.6137067675590515,0.7466774582862854,,0.9844114780426025,forward,129.73036937656616,1,0.4519556760787964,0.5353974103927612,,0.9999718070030212,0.41523489356040955,0.6266458630561829,,0.9952369928359985,0.41295093297958374,0.7186838984489441,,0.9948768019676208,0.3921656906604767,0.7492021918296814,,0.9897790551185608,forward,136.76883878627814,1
369,12.3123,55.73296546936035,1080,1920,0.5422562956809998,0.5322956442832947,,0.9999721646308899,0.571895182132721,0.6248080730438232,,0.9941357374191284,0.5916714072227478,0.7172887921333313,,0.9905037879943848,0.6136908531188965,0.7468298673629761,,0.9842728972434998,forward,131.1642995374398,1,0.4515916705131531,0.5348275899887085,,0.9999659061431885,0.41627028584480286,0.6264680624008179,,0.9950329065322876,0.4131684899330139,0.7186305522918701,,0.994720458984375,0.39354896545410156,0.749198853969574,,0.9894493222236633,forward,137.5275762105011,1
370,12.345666666666666,54.63290214538574,1080,1920,0.5420548319816589,0.5315065979957581,,0.9999686479568481,0.568935215473175,0.6246524453163147,,0.993961751461029,0.5910224914550781,0.7175291180610657,,0.9905551671981812,0.6137843728065491,0.7471515536308289,,0.9842925667762756,forward,132.56563847571144,1,0.45074957609176636,0.5343394875526428,,0.9999615550041199,0.4170461595058441,0.6264581084251404,,0.9948933124542236,0.4131520390510559,0.7186506390571594,,0.9946299195289612,0.3936346173286438,0.7492133378982544,,0.9892696142196655,forward,138.21489419850843,1
371,12.379033333333334,54.51011657714844,1080,1920,0.5414128303527832,0.5307831168174744,,0.9999638199806213,0.5664929747581482,0.6232214570045471,,0.9936768412590027,0.590491771697998,0.717644989490509,,0.9905408620834351,0.6137895584106445,0.7473800778388977,,0.9842768907546997,forward,134.5100715373738,1,0.4501364827156067,0.5336751937866211,,0.9999546408653259,0.4191039800643921,0.6252002716064453,,0.99471116065979,0.41313937306404114,0.7186247706413269,,0.9944629073143005,0.39366498589515686,0.7492033243179321,,0.9890211820602417,forward,140.24357372449626,1
372,12.4124,53.73883247375488,1080,1920,0.5409405827522278,0.5306193828582764,,0.9999587535858154,0.5658519864082336,0.6226581931114197,,0.9934929609298706,0.5899474024772644,0.7176578640937805,,0.9905646443367004,0.613879382610321,0.747425377368927,,0.9843317270278931,forward,135.20039759842564,1,0.4491475820541382,0.5333895087242126,,0.9999474883079529,0.41974157094955444,0.6245983839035034,,0.994593620300293,0.4131283760070801,0.7183402180671692,,0.9943361282348633,0.3935970962047577,0.7490302920341492,,0.9888430833816528,forward,140.6573925892125,1
373,12.445766666666668,54.717302322387695,1080,1920,0.5407603979110718,0.5301916599273682,,0.9999537467956543,0.5644068121910095,0.6225292086601257,,0.9933289885520935,0.589733898639679,0.7176692485809326,,0.9906125664710999,0.6138835549354553,0.7476486563682556,,0.9843990206718445,forward,135.83703796283163,0,0.4486265778541565,0.5330958962440491,,0.999940812587738,0.4210025668144226,0.624669075012207,,0.9944724440574646,0.4130589962005615,0.7183010578155518,,0.9941983819007874,0.39391210675239563,0.7488997578620911,,0.9886441826820374,forward,140.83417047266283,1
374,12.479133333333333,54.04305458068848,1080,1920,0.5401421189308167,0.5295824408531189,,0.9999501705169678,0.5629976391792297,0.6226427555084229,,0.9933338761329651,0.5896525979042053,0.7176769971847534,,0.9908183217048645,0.6135205626487732,0.7476549744606018,,0.9847011566162109,forward,136.46455779827406,0,0.44847121834754944,0.5322391986846924,,0.9999366402626038,0.4227902591228485,0.6247836351394653,,0.9944602251052856,0.4129754602909088,0.7184037566184998,,0.9941686391830444,0.3941904604434967,0.7488649487495422,,0.9886248707771301,forward,142.0837352984053,1
375,12.512500000000001,53.9708137512207,1080,1920,0.5396231412887573,0.5284781455993652,,0.9999465942382812,0.5613606572151184,0.6223071813583374,,0.9933851957321167,0.589652419090271,0.7177321314811707,,0.9910275340080261,0.613264799118042,0.7476723790168762,,0.9849862456321716,forward,138.22645122805795,0,0.44840654730796814,0.5309041738510132,,0.9999328255653381,0.42350974678993225,0.6245613098144531,,0.9944820404052734,0.41268280148506165,0.7184370756149292,,0.9941630959510803,0.39478230476379395,0.7486829161643982,,0.9886312484741211,forward,144.31174415351197,1
376,12.545866666666667,54.76093292236328,1080,1920,0.539428174495697,0.5285062193870544,,0.9999437928199768,0.560698926448822,0.622367799282074,,0.9934890270233154,0.5896152853965759,0.7179020643234253,,0.9912741184234619,0.6132677793502808,0.7476880550384521,,0.9853379726409912,forward,138.50720595642412,0,0.44830238819122314,0.5310086607933044,,0.9999297857284546,0.4237651824951172,0.624445915222168,,0.9945669174194336,0.4125378131866455,0.7184076905250549,,0.9942266941070557,0.3952377140522003,0.7486124634742737,,0.9887635111808777,forward,144.23511128633533,1
377,12.579233333333333,55.975914001464844,1080,1920,0.5393651723861694,0.5282799005508423,,0.9999381899833679,0.5595637559890747,0.6222485303878784,,0.9935307502746582,0.5895528793334961,0.7179928421974182,,0.9914141297340393,0.6132704615592957,0.747726321220398,,0.9855046272277832,forward,139.11268342621742,0,0.4483124315738678,0.5308330059051514,,0.9999235272407532,0.42370784282684326,0.62397301197052,,0.9946326613426208,0.4119410216808319,0.718407928943634,,0.9942694306373596,0.3953782916069031,0.7486082911491394,,0.9888432621955872,forward,145.21058987966748,1
378,12.6126,55.14693260192871,1080,1920,0.5390908122062683,0.5273470282554626,,0.9999346137046814,0.55826735496521,0.6217226386070251,,0.9934841394424438,0.5896004438400269,0.7181114554405212,,0.9915260672569275,0.6134137511253357,0.747736394405365,,0.9856546521186829,forward,141.1771598795911,0,0.44829532504081726,0.5297545790672302,,0.9999194145202637,0.42374175786972046,0.6232001781463623,,0.9946455955505371,0.4116130769252777,0.7184241414070129,,0.9942665696144104,0.3953678011894226,0.7485052347183228,,0.9888748526573181,forward,148.470672655026,1
379,12.645966666666666,54.746150970458984,1080,1920,0.5389893651008606,0.526835024356842,,0.9999302625656128,0.5578123331069946,0.6214497089385986,,0.9934192299842834,0.5896313190460205,0.7184820175170898,,0.9915807843208313,0.6141413450241089,0.7479051351547241,,0.9857271909713745,forward,143.2411678170772,0,0.44831034541130066,0.5292043685913086,,0.9999141693115234,0.4235941469669342,0.6225292086601257,,0.9946479797363281,0.4110555946826935,0.7183622121810913,,0.9942587018013,0.3953564465045929,0.7485285997390747,,0.988891065120697,forward,151.47865196159995,1
380,12.679333333333334,55.25684356689453,1080,1920,0.5389806032180786,0.5260453820228577,,0.9999247193336487,0.5576712489128113,0.6209074258804321,,0.9932591915130615,0.5897339582443237,0.718531608581543,,0.9915211200714111,0.6145088076591492,0.7480734586715698,,0.9856442213058472,forward,145.45973788916092,0,0.4483242928981781,0.5286687612533569,,0.9999074339866638,0.42348605394363403,0.621766209602356,,0.9945796132087708,0.41051721572875977,0.718299925327301,,0.9941756725311279,0.3953843414783478,0.7485283613204956,,0.9887730479240417,forward,156.12521714693202,1
381,12.7127,54.44788932800293,1080,1920,0.5390967130661011,0.5249289274215698,,0.9999208450317383,0.5575939416885376,0.6204144358634949,,0.9931313991546631,0.5899224281311035,0.7186553478240967,,0.9914748668670654,0.6146093606948853,0.7481332421302795,,0.9855921864509583,forward,148.78679882663937,0,0.44833192229270935,0.5282137989997864,,0.9999027252197266,0.42340463399887085,0.6211930513381958,,0.9944523572921753,0.41005539894104004,0.7182921767234802,,0.994037926197052,0.395126610994339,0.7485200762748718,,0.9885737299919128,forward,155.96139822232402,1
382,12.746066666666668,55.66811561584473,1080,1920,0.5391387939453125,0.5246768593788147,,0.9999170899391174,0.5576692223548889,0.6202883124351501,,0.9929248690605164,0.5899566411972046,0.7186797261238098,,0.9913580417633057,0.6146003603935242,0.7481349110603333,,0.9854570031166077,forward,149.72012282390537,0,0.4483056664466858,0.5281654000282288,,0.9998976588249207,0.4233918786048889,0.6212335228919983,,0.9942809343338013,0.40985074639320374,0.718292236328125,,0.9938344955444336,0.39493533968925476,0.7486814260482788,,0.9882689118385315,forward,154.43137063688863,1
383,12.779433333333333,56.0612678527832,1080,1920,0.539874255657196,0.5247471332550049,,0.999914288520813,0.5578692555427551,0.6203258037567139,,0.9927926063537598,0.5900493860244751,0.7187567949295044,,0.9913099408149719,0.6147031188011169,0.7481368780136108,,0.9854206442832947,forward,149.89384903764332,0,0.44855019450187683,0.528293788433075,,0.9998940229415894,0.42337048053741455,0.621313214302063,,0.9941602945327759,0.4098083972930908,0.7183184027671814,,0.993699848651886,0.3942984938621521,0.7489407062530518,,0.9880829453468323,forward,153.49648097538787,1
384,12.812800000000001,55.589914321899414,1080,1920,0.5405124425888062,0.5246318578720093,,0.9999117851257324,0.5579091310501099,0.6204109191894531,,0.9926360845565796,0.5900532603263855,0.7187647223472595,,0.9912155270576477,0.6146979331970215,0.7481209635734558,,0.9853304624557495,forward,149.74551566517232,0,0.4487830102443695,0.52837073802948,,0.9998908042907715,0.4235343635082245,0.6213697195053101,,0.9940321445465088,0.4097963869571686,0.7183469533920288,,0.9935405850410461,0.3942917287349701,0.7490295767784119,,0.9878685474395752,forward,153.11747830530015,1
385,12.846166666666667,55.60898780822754,1080,1920,0.5413224697113037,0.5245202779769897,,0.999907910823822,0.5580220222473145,0.6208746433258057,,0.9924660921096802,0.5900423526763916,0.7187683582305908,,0.9910826086997986,0.6144965291023254,0.748121976852417,,0.9851836562156677,forward,148.46335078941615,0,0.44890302419662476,0.5283806920051575,,0.9998857975006104,0.4236706495285034,0.6214197278022766,,0.9938697814941406,0.4098157286643982,0.7183507680892944,,0.9933475255966187,0.39423733949661255,0.7490990161895752,,0.9876000881195068,forward,152.67236136161117,1
386,12.879533333333333,55.089712142944336,1080,1920,0.5420489311218262,0.524212658405304,,0.999905526638031,0.5582737326622009,0.6210771203041077,,0.9923256039619446,0.590059757232666,0.7187875509262085,,0.9909940361976624,0.614109456539154,0.748137354850769,,0.985065758228302,forward,148.48904940363366,0,0.44953644275665283,0.5282817482948303,,0.9998827576637268,0.4237706959247589,0.6214309930801392,,0.9937148690223694,0.40984079241752625,0.7182692885398865,,0.9931749105453491,0.39419230818748474,0.7491000890731812,,0.9873539805412292,forward,151.99679309595166,1
387,12.9129,55.10902404785156,1080,1920,0.5433183908462524,0.5240695476531982,,0.999903678894043,0.5583286285400391,0.621166467666626,,0.9922193288803101,0.5900620222091675,0.7188116312026978,,0.9909366369247437,0.6131510138511658,0.7482097148895264,,0.9850010871887207,forward,148.58986022835933,0,0.450298935174942,0.5283370614051819,,0.9998804330825806,0.4240613877773285,0.6214447617530823,,0.9935842156410217,0.4098659157752991,0.718218982219696,,0.9930344223976135,0.39416876435279846,0.7491128444671631,,0.9871677160263062,forward,151.4510262389487,1
388,12.946266666666666,55.48501014709473,1080,1920,0.5449754595756531,0.5239118337631226,,0.9999003410339355,0.5587567090988159,0.6212627291679382,,0.9920973181724548,0.5900606513023376,0.7188751697540283,,0.990851879119873,0.6127141714096069,0.7483028173446655,,0.9848790168762207,forward,148.84698242340696,0,0.45178380608558655,0.528369128704071,,0.9998761415481567,0.42443546652793884,0.6214562058448792,,0.9934690594673157,0.4099239110946655,0.7181423902511597,,0.9929029941558838,0.3941662013530731,0.7491045594215393,,0.9869726896286011,forward,150.8247902167196,1
389,12.979633333333334,54.59308624267578,1080,1920,0.5461074113845825,0.5238245129585266,,0.999895453453064,0.5591710209846497,0.6213660836219788,,0.9918837547302246,0.5899487733840942,0.7189406752586365,,0.9906477928161621,0.6123933792114258,0.748421311378479,,0.9845653176307678,forward,148.9987991306065,0,0.45307856798171997,0.5283790826797485,,0.9998694062232971,0.4254101514816284,0.6215748190879822,,0.9932705163955688,0.40995946526527405,0.717715859413147,,0.9926605820655823,0.39499375224113464,0.7490257620811462,,0.9865853190422058,forward,148.2068049303682,1
390,13.013,55.59492111206055,1080,1920,0.5470065474510193,0.5235011577606201,,0.9998891353607178,0.5592507123947144,0.6213786602020264,,0.9916382431983948,0.5897105932235718,0.7190233469009399,,0.990437388420105,0.612152636051178,0.7486292719841003,,0.9842380285263062,forward,149.75455236861208,0,0.45410674810409546,0.5282977819442749,,0.9998611807823181,0.4264864921569824,0.62162846326828,,0.9930342435836792,0.41008293628692627,0.7177150845527649,,0.9924048781394958,0.39607128500938416,0.7487406134605408,,0.9861705303192139,forward,148.17017083004637,1
391,13.046366666666668,54.804325103759766,1080,1920,0.5472201704978943,0.5235460996627808,,0.9998815655708313,0.5596821308135986,0.6214422583580017,,0.9914404153823853,0.5893504619598389,0.7190287709236145,,0.9902383685112,0.6121301054954529,0.7488678693771362,,0.983910083770752,forward,149.57828559380806,0,0.45443955063819885,0.528390645980835,,0.9998509883880615,0.4266538619995117,0.6220605373382568,,0.992853581905365,0.41009852290153503,0.7178161144256592,,0.9921690225601196,0.3965569734573364,0.7487418055534363,,0.9857655763626099,forward,147.39168520051004,1
392,13.079733333333333,55.08780479431152,1080,1920,0.5473661422729492,0.5235854387283325,,0.9998753070831299,0.5602430701255798,0.6214801669120789,,0.9912558794021606,0.5890493392944336,0.7190262675285339,,0.9900569319725037,0.6121253371238708,0.7489244341850281,,0.9836098551750183,forward,149.43627049936669,0,0.45472094416618347,0.5284069180488586,,0.99984210729599,0.42719966173171997,0.6223573088645935,,0.9927124977111816,0.41010040044784546,0.7178500890731812,,0.9919840693473816,0.39671728014945984,0.7487573623657227,,0.9854298830032349,forward,146.90402986330542,1
393,13.113100000000001,55.33194541931152,1080,1920,0.547325849533081,0.5235063433647156,,0.9998701214790344,0.5604764223098755,0.6214935779571533,,0.9910640716552734,0.5889135599136353,0.7190113067626953,,0.9899024963378906,0.6120409965515137,0.7489382028579712,,0.9833658933639526,forward,149.4818326525283,0,0.45480576157569885,0.528344988822937,,0.9998350143432617,0.4276711046695709,0.6224306225776672,,0.9925718903541565,0.41010263562202454,0.717870831489563,,0.9918264150619507,0.3967015743255615,0.7487315535545349,,0.985157310962677,forward,146.93253066573718,1
394,13.146466666666667,54.847002029418945,1080,1920,0.547330379486084,0.5235363841056824,,0.999863862991333,0.5616601705551147,0.6216068863868713,,0.9909330606460571,0.588893711566925,0.7190592885017395,,0.9897693991661072,0.6120785474777222,0.7489904761314392,,0.9831544756889343,forward,149.3911797000306,0,0.45483702421188354,0.5284596681594849,,0.9998263716697693,0.4279239773750305,0.6227807998657227,,0.99247807264328,0.41009828448295593,0.7181265950202942,,0.9916834831237793,0.39668795466423035,0.7488210201263428,,0.9849039316177368,forward,146.98347325018912,1
395,13.179833333333333,55.62305450439453,1080,1920,0.5472991466522217,0.5236888527870178,,0.9998607039451599,0.5622419714927673,0.6216307878494263,,0.9908396601676941,0.5888410806655884,0.7191082239151001,,0.9897075891494751,0.6121242642402649,0.749025285243988,,0.9830577373504639,forward,149.27579587843874,0,0.4548952579498291,0.5285317897796631,,0.9998220801353455,0.42826732993125916,0.6229117512702942,,0.992435872554779,0.4101116955280304,0.718250572681427,,0.9916177988052368,0.3966899514198303,0.7488669157028198,,0.984794557094574,forward,147.04986574332972,1
396,13.2132,55.088043212890625,1080,1920,0.5471397638320923,0.523826003074646,,0.9998594522476196,0.562347948551178,0.6216185092926025,,0.9907733201980591,0.5888058543205261,0.7191836833953857,,0.9896835684776306,0.6121262311935425,0.7490872740745544,,0.9830102920532227,forward,149.34557188057173,0,0.4549112617969513,0.5285427570343018,,0.999820351600647,0.4286178648471832,0.6228377819061279,,0.9924166798591614,0.4101412296295166,0.7182713150978088,,0.9915844798088074,0.3966881334781647,0.7488595843315125,,0.9847425222396851,forward,147.22162283064145,1
397,13.246566666666666,55.17315864562988,1080,1920,0.5470529198646545,0.5240080952644348,,0.9998539090156555,0.56290602684021,0.6212489008903503,,0.9906452894210815,0.5887824892997742,0.7192752361297607,,0.9896004796028137,0.6121542453765869,0.7491219639778137,,0.982876718044281,forward,150.27276318635717,0,0.45491933822631836,0.5285859107971191,,0.999813437461853,0.4291948676109314,0.6228330731391907,,0.9923630952835083,0.4101438820362091,0.718278706073761,,0.9914986491203308,0.3970275819301605,0.748876690864563,,0.9845850467681885,forward,147.1890756559727,1
398,13.279933333333334,55.28402328491211,1080,1920,0.5470795631408691,0.5243918299674988,,0.9998469948768616,0.564180314540863,0.6212496161460876,,0.9904547333717346,0.5887666344642639,0.719317615032196,,0.9894622564315796,0.6124271154403687,0.7492197751998901,,0.9826694130897522,forward,149.8943129334932,0,0.45497626066207886,0.5286977291107178,,0.9998052716255188,0.42981183528900146,0.6228309273719788,,0.9922776818275452,0.41018712520599365,0.7182791233062744,,0.9914062023162842,0.3973821997642517,0.7490341663360596,,0.9844109416007996,forward,147.0283341286565,1
399,13.3133,54.95786666870117,1080,1920,0.5472001433372498,0.5250160098075867,,0.9998451471328735,0.5659509897232056,0.6212567090988159,,0.9902818202972412,0.5887414216995239,0.7193225026130676,,0.9893370270729065,0.6126582026481628,0.7492873072624207,,0.9824844002723694,forward,149.01510021749175,0,0.4553029239177704,0.5291855931282043,,0.9998034834861755,0.42994824051856995,0.622922956943512,,0.992219090461731,0.41029852628707886,0.7182831168174744,,0.9913856387138367,0.39747971296310425,0.7490837574005127,,0.9843573570251465,forward,146.17132264181902,1
400,13.346666666666668,53.59196662902832,1080,1920,0.5472657084465027,0.5261439085006714,,0.9998415112495422,0.568590521812439,0.6212663650512695,,0.990288257598877,0.5887375473976135,0.7192977666854858,,0.9892944097518921,0.6130412817001343,0.7494401335716248,,0.98236083984375,forward,147.36569336617828,1,0.4554995596408844,0.5299162864685059,,0.9997995495796204,0.43009060621261597,0.6230210065841675,,0.9922556281089783,0.41030168533325195,0.7182689905166626,,0.9914394617080688,0.39753344655036926,0.7491480112075806,,0.9843565225601196,forward,144.92954846242733,1
401,13.380033333333333,54.47983741760254,1080,1920,0.547330379486084,0.5268027186393738,,0.9998384714126587,0.5704675912857056,0.6212683916091919,,0.9904074668884277,0.5887556672096252,0.7192003130912781,,0.9893632531166077,0.6132031679153442,0.7495472431182861,,0.9823880791664124,forward,146.11146386094163,1,0.4557102918624878,0.5303376317024231,,0.9997966885566711,0.4303511381149292,0.6230165362358093,,0.9923494458198547,0.4103314280509949,0.7182308435440063,,0.9915437698364258,0.3975323736667633,0.7491729259490967,,0.9844380617141724,forward,144.2421830439049,1
402,13.413400000000001,55.20319938659668,1080,1920,0.5472955107688904,0.5275768637657166,,0.9998370409011841,0.5732706189155579,0.6214855313301086,,0.9904406070709229,0.588752031326294,0.7189673185348511,,0.9893624782562256,0.6133438944816589,0.7495879530906677,,0.9823483228683472,forward,143.76730599960945,1,0.4558069407939911,0.53080815076828,,0.9997957944869995,0.43059754371643066,0.6231447458267212,,0.9924009442329407,0.4103308320045471,0.718250036239624,,0.991615355014801,0.39751744270324707,0.7493051886558533,,0.9844760298728943,forward,143.4573184563556,1
403,13.446766666666667,55.19914627075195,1080,1920,0.5470277070999146,0.5280468463897705,,0.9998377561569214,0.5758653283119202,0.6221245527267456,,0.9903821349143982,0.5887496471405029,0.7188512682914734,,0.989264190196991,0.6138905882835388,0.7496164441108704,,0.9821746945381165,forward,141.69788879441302,1,0.4558527171611786,0.5310980677604675,,0.999797523021698,0.43084967136383057,0.6233065724372864,,0.9923819303512573,0.41032516956329346,0.7182709574699402,,0.9916038513183594,0.39719733595848083,0.7493773102760315,,0.9843908548355103,forward,142.88128842099252,1
404,13.480133333333333,55.56201934814453,1080,1920,0.5465776324272156,0.5283815860748291,,0.9998406767845154,0.577782928943634,0.622592031955719,,0.9902822971343994,0.5887938141822815,0.7183834910392761,,0.9891449809074402,0.6140791177749634,0.7496009469032288,,0.9819870591163635,forward,139.52176170817168,1,0.4558400809764862,0.5315923094749451,,0.9998011589050293,0.4308472275733948,0.6236987709999084,,0.9923045635223389,0.41032955050468445,0.718316376209259,,0.9915538430213928,0.39688780903816223,0.7494040131568909,,0.9842614531517029,forward,141.80139344676238,1
405,13.5135,54.9321174621582,1080,1920,0.5461984872817993,0.5296193957328796,,0.9998432993888855,0.579711377620697,0.6231657266616821,,0.9900825619697571,0.5888417959213257,0.7181880474090576,,0.9889145493507385,0.6138952970504761,0.7495539784431458,,0.9815868139266968,forward,137.02438992518205,1,0.45572197437286377,0.5331212878227234,,0.9998025298118591,0.4304179847240448,0.6246236562728882,,0.9920781254768372,0.4104246199131012,0.7184613943099976,,0.9913553595542908,0.39693325757980347,0.7495477795600891,,0.9838663935661316,forward,139.1041343420546,1
406,13.546866666666666,55.4959774017334,1080,1920,0.5460755228996277,0.5307918787002563,,0.9998453259468079,0.5806569457054138,0.6248255968093872,,0.98971027135849,0.588862419128418,0.7180210947990417,,0.9884630441665649,0.6138967871665955,0.7494379281997681,,0.9808257222175598,forward,134.18811806924907,1,0.455677330493927,0.5347555875778198,,0.9998024702072144,0.4296697974205017,0.6258270740509033,,0.9918408989906311,0.41089656949043274,0.7185392379760742,,0.9911001324653625,0.3973613381385803,0.7503113150596619,,0.9833136796951294,forward,136.15981448100302,1
407,13.580233333333334,55.09686470031738,1080,1920,0.5459753274917603,0.5319246053695679,,0.9998493790626526,0.5818409323692322,0.6256994605064392,,0.9893289804458618,0.5888598561286926,0.7179659605026245,,0.9880311489105225,0.6139336228370667,0.7494362592697144,,0.9801265001296997,forward,132.32757017596288,1,0.4556742012500763,0.536006510257721,,0.9998071193695068,0.4288322329521179,0.6263611316680908,,0.9915263056755066,0.41155558824539185,0.7185662984848022,,0.9908807277679443,0.39827701449394226,0.7506435513496399,,0.9828537106513977,forward,134.29124184031096,1
408,13.6136,54.71181869506836,1080,1920,0.5456811189651489,0.5334845185279846,,0.9998547434806824,0.5831782817840576,0.6258844137191772,,0.9887580275535583,0.5888583064079285,0.7179291844367981,,0.987548291683197,0.6139068007469177,0.7494038939476013,,0.9793444275856018,forward,130.3354518408159,1,0.45567986369132996,0.5373064279556274,,0.9998131990432739,0.4275684654712677,0.626909077167511,,0.9910640716552734,0.41204896569252014,0.7185755968093872,,0.9905696511268616,0.398345947265625,0.7506414651870728,,0.9822781085968018,forward,132.3984342990616,1
409,13.646966666666668,55.24897575378418,1080,1920,0.5457060933113098,0.5347456336021423,,0.9998623728752136,0.5846796631813049,0.6258569955825806,,0.9884784817695618,0.5888493657112122,0.7177770733833313,,0.9874023795127869,0.6138840317726135,0.7491800785064697,,0.9791914820671082,forward,128.67901728921245,1,0.4559441804885864,0.5387371182441711,,0.9998217821121216,0.42646995186805725,0.6273557543754578,,0.9906013011932373,0.4125917851924896,0.7185205221176147,,0.9903808832168579,0.3983725905418396,0.7504585385322571,,0.9820371866226196,forward,130.3746916886656,1
410,13.680333333333333,54.86702919006348,1080,1920,0.5456271171569824,0.5365228652954102,,0.999871551990509,0.5859575867652893,0.626012921333313,,0.9883518218994141,0.5894530415534973,0.7179563641548157,,0.9873425960540771,0.6139971017837524,0.7490828633308411,,0.9792479276657104,forward,126.96586797393421,1,0.45623958110809326,0.5400402545928955,,0.9998331665992737,0.4253714382648468,0.6282477974891663,,0.9903073906898499,0.4127918481826782,0.7183936834335327,,0.9903987646102905,0.3983723521232605,0.7503629326820374,,0.9821570515632629,forward,128.2284493753515,1
411,13.713700000000001,55.455923080444336,1080,1920,0.5456245541572571,0.5381713509559631,,0.9998795986175537,0.5863144397735596,0.6268413066864014,,0.9882529377937317,0.5902624130249023,0.7180074453353882,,0.987114667892456,0.6139999032020569,0.7490473985671997,,0.9790657758712769,forward,124.92758733607678,1,0.45668986439704895,0.5415613055229187,,0.9998432993888855,0.4237777292728424,0.6290621161460876,,0.9900833368301392,0.41282889246940613,0.7178565859794617,,0.9904533624649048,0.3982785940170288,0.7503618597984314,,0.9823286533355713,forward,125.38694553790113,1
412,13.747066666666667,54.12602424621582,1080,1920,0.5455004572868347,0.5403016805648804,,0.9998867511749268,0.5868370532989502,0.6271945238113403,,0.9882076382637024,0.5905608534812927,0.7178859114646912,,0.9870320558547974,0.6138770580291748,0.7487351894378662,,0.9790622591972351,forward,122.44974412918374,1,0.4567318260669708,0.5430383682250977,,0.9998515844345093,0.42091819643974304,0.6315251588821411,,0.9898444414138794,0.4130600392818451,0.7177823781967163,,0.9905053377151489,0.397372841835022,0.7501019835472107,,0.9824805855751038,forward,123.02504013050007,1
413,13.780433333333333,54.37731742858887,1080,1920,0.5454666614532471,0.5419389009475708,,0.9998930096626282,0.586942732334137,0.627873957157135,,0.988145112991333,0.590855062007904,0.7178051471710205,,0.986899733543396,0.6138703227043152,0.7486758828163147,,0.978984534740448,forward,120.44641716580418,1,0.4569171071052551,0.544180691242218,,0.9998584389686584,0.41946595907211304,0.6329735517501831,,0.9895370602607727,0.41359567642211914,0.7177884578704834,,0.9904818534851074,0.39639440178871155,0.7499071359634399,,0.9825037121772766,forward,121.57610532695584,1
414,13.8138,53.874969482421875,1080,1920,0.5451717972755432,0.5440546870231628,,0.9998980760574341,0.5869863629341125,0.6290597915649414,,0.9880037307739258,0.5914503335952759,0.717779815196991,,0.9866963624954224,0.6137995719909668,0.7487008571624756,,0.9787718653678894,forward,117.93688377072533,1,0.45693492889404297,0.5454988479614258,,0.999862790107727,0.41825100779533386,0.6338833570480347,,0.9890817403793335,0.4137759506702423,0.7175842523574829,,0.9903420805931091,0.3958021402359009,0.7496147155761719,,0.9823339581489563,forward,119.78681189657911,1
415,13.847166666666666,54.605960845947266,1080,1920,0.5449709892272949,0.5463831424713135,,0.9999024868011475,0.5872852802276611,0.6314725279808044,,0.9880162477493286,0.5916333794593811,0.7179175019264221,,0.9865459203720093,0.6138665676116943,0.7487730383872986,,0.9785468578338623,forward,115.18320265412902,1,0.457023024559021,0.5476177930831909,,0.9998666644096375,0.4156699776649475,0.6355931758880615,,0.9888158440589905,0.41377174854278564,0.7178836464881897,,0.9903088212013245,0.3935494124889374,0.7497418522834778,,0.9822520017623901,forward,117.72219410731566,1
416,13.880533333333334,55.15480041503906,1080,1920,0.5448342561721802,0.548541784286499,,0.9999070763587952,0.587417721748352,0.63299959897995,,0.9881235957145691,0.591995358467102,0.7179408669471741,,0.9863384366035461,0.6136984825134277,0.7487449049949646,,0.978221595287323,forward,112.85403787604206,1,0.45708292722702026,0.5493908524513245,,0.9998716711997986,0.4142226278781891,0.6360246539115906,,0.9886832237243652,0.4129739999771118,0.7179243564605713,,0.9902507662773132,0.3907026946544647,0.7497559785842896,,0.982144296169281,forward,115.82234926594927,1
417,13.9139,54.59713935852051,1080,1920,0.5443748831748962,0.5507518649101257,,0.9999105334281921,0.5876813530921936,0.6333832144737244,,0.9881909489631653,0.5923160910606384,0.7179629802703857,,0.9860655665397644,0.6133688688278198,0.7487252354621887,,0.9777376055717468,forward,110.7925698518788,1,0.4570961892604828,0.5516348481178284,,0.9998752474784851,0.41321006417274475,0.635783314704895,,0.9886765480041504,0.4127943813800812,0.717530369758606,,0.99024897813797,0.3896923363208771,0.7497153878211975,,0.9820905923843384,forward,113.08470927185908,1
418,13.947266666666668,55.719852447509766,1080,1920,0.5437502861022949,0.5536035299301147,,0.9999148845672607,0.5877124071121216,0.6331908106803894,,0.9883273839950562,0.5921630263328552,0.7180232405662537,,0.9858218431472778,0.6138298511505127,0.7487029433250427,,0.977230966091156,forward,108.44375605723503,1,0.4570648670196533,0.5544048547744751,,0.9998799562454224,0.4112028479576111,0.6362199187278748,,0.9886932969093323,0.41177695989608765,0.7172210216522217,,0.9901531934738159,0.38805001974105835,0.7497233748435974,,0.9818302989006042,forward,110.01023633673873,1
419,13.980633333333333,55.997371673583984,1080,1920,0.5436276197433472,0.5562533736228943,,0.9999198317527771,0.5883631706237793,0.6333591938018799,,0.9885910153388977,0.5920414328575134,0.7180307507514954,,0.9854459762573242,0.6143050193786621,0.7486980557441711,,0.9765533208847046,forward,106.21851785086295,1,0.4570668339729309,0.556998074054718,,0.9998863339424133,0.41012629866600037,0.6359792351722717,,0.98899245262146,0.40987005829811096,0.7170649170875549,,0.9901390671730042,0.3872111737728119,0.7499643564224243,,0.9816413521766663,forward,107.49990994983851,1
420,14.014000000000001,55.520057678222656,1080,1920,0.5435160994529724,0.5585384368896484,,0.9999247193336487,0.5896287560462952,0.6339795589447021,,0.9887866377830505,0.5919256210327148,0.7186331152915955,,0.9850497841835022,0.6144335865974426,0.7486509084701538,,0.9759315252304077,forward,104.87012521320177,1,0.45709890127182007,0.5593388676643372,,0.9998928308486938,0.40913963317871094,0.6358052492141724,,0.98927241563797,0.40845996141433716,0.7168461680412292,,0.9900728464126587,0.38656067848205566,0.7499987483024597,,0.9814245700836182,forward,105.26006795205402,1
421,14.047366666666667,55.661678314208984,1080,1920,0.5435133576393127,0.5607360005378723,,0.9999284148216248,0.5901750326156616,0.6358432173728943,,0.9890593886375427,0.5919243693351746,0.7188776135444641,,0.9847555756568909,0.6144341826438904,0.7484447360038757,,0.9753818511962891,forward,102.8422451824234,1,0.4572276473045349,0.5619350671768188,,0.9998983144760132,0.4081062078475952,0.6363018155097961,,0.9896511435508728,0.40786731243133545,0.7168222665786743,,0.990165114402771,0.3848811388015747,0.7500712871551514,,0.9814481735229492,forward,102.94724669388961,1
422,14.080733333333333,55.525779724121094,1080,1920,0.5434461832046509,0.5630818605422974,,0.9999312162399292,0.5905613303184509,0.6360571384429932,,0.9892085790634155,0.5916153788566589,0.7188348174095154,,0.9842042326927185,0.6145419478416443,0.7479481101036072,,0.9744884967803955,forward,100.92167685794088,1,0.4572349786758423,0.564556896686554,,0.9999028444290161,0.40663498640060425,0.636864423751831,,0.9899947643280029,0.4076295793056488,0.7167667746543884,,0.9901524782180786,0.3850577473640442,0.7500669360160828,,0.981322169303894,forward,100.62901278909735,1
423,14.1141,55.446624755859375,1080,1920,0.5434196591377258,0.5657889246940613,,0.9999357461929321,0.5908704996109009,0.6360169053077698,,0.9894854426383972,0.5916012525558472,0.7191368937492371,,0.9838559031486511,0.6151259541511536,0.7479804754257202,,0.9740055203437805,forward,99.22634298452743,1,0.4572364389896393,0.5672430396080017,,0.9999092817306519,0.4060308039188385,0.6367772817611694,,0.9903737902641296,0.40766388177871704,0.7167936563491821,,0.9901298880577087,0.3846973180770874,0.7501217126846313,,0.9812498092651367,forward,98.57171300653502,1
424,14.147466666666666,54.86583709716797,1080,1920,0.5431903600692749,0.5686039328575134,,0.9999405145645142,0.5911664366722107,0.6360266208648682,,0.9898365139961243,0.5908650755882263,0.7191396355628967,,0.9834702610969543,0.6153351664543152,0.74798583984375,,0.9735057950019836,forward,97.18350999436994,1,0.45714014768600464,0.5698424577713013,,0.9999160170555115,0.40525707602500916,0.6366356611251831,,0.9908908009529114,0.40760260820388794,0.7168216705322266,,0.9902949929237366,0.38462212681770325,0.7501378655433655,,0.9815206527709961,forward,96.67165959681671,1
425,14.180833333333334,53.827762603759766,1080,1920,0.5427892208099365,0.5715250372886658,,0.9999451637268066,0.5911651849746704,0.6358948945999146,,0.990253746509552,0.590867280960083,0.718209445476532,,0.9833008646965027,0.6151285171508789,0.7478326559066772,,0.973416805267334,forward,94.19331753404536,1,0.45702481269836426,0.5727378129959106,,0.9999224543571472,0.403296560049057,0.6366758942604065,,0.9914019703865051,0.4075940251350403,0.716984212398529,,0.9904768466949463,0.38332849740982056,0.750135064125061,,0.9818518757820129,forward,94.70366980152257,1
426,14.2142,54.89397048950195,1080,1920,0.5425854325294495,0.5736276507377625,,0.9999495148658752,0.5912731289863586,0.6359003782272339,,0.9907808899879456,0.5906290411949158,0.7171304821968079,,0.9832198023796082,0.6150832772254944,0.7474877834320068,,0.9734871983528137,forward,91.63862627136291,1,0.45695358514785767,0.5745313763618469,,0.9999284148216248,0.40144121646881104,0.636921763420105,,0.9919575452804565,0.40757718682289124,0.7174898386001587,,0.9906498193740845,0.3829527199268341,0.7507932186126709,,0.9821450710296631,forward,93.86667724167822,1
427,14.247566666666668,54.41784858703613,1080,1920,0.5424584150314331,0.5760818719863892,,0.9999537467956543,0.5915790796279907,0.63631671667099,,0.9913582801818848,0.5899678468704224,0.7170031666755676,,0.9833988547325134,0.6145499348640442,0.7474908232688904,,0.9738432168960571,forward,89.71736737344695,1,0.4569031596183777,0.5767154097557068,,0.9999341368675232,0.39995113015174866,0.6372279524803162,,0.9925263524055481,0.40757495164871216,0.717588484287262,,0.9908684492111206,0.3829770088195801,0.7509148120880127,,0.9825038313865662,forward,92.32229822128863,1
428,14.280933333333333,54.03280258178711,1080,1920,0.5424864292144775,0.578364908695221,,0.9999576807022095,0.5915709137916565,0.6360734701156616,,0.9918404221534729,0.5899014472961426,0.7166897058486938,,0.9835196137428284,0.6140815019607544,0.7474895715713501,,0.9742267727851868,forward,87.97540924155902,1,0.45690569281578064,0.5794147849082947,,0.9999396800994873,0.39925652742385864,0.6367778182029724,,0.9930227398872375,0.40756675601005554,0.717582106590271,,0.9910822510719299,0.38297218084335327,0.7505309581756592,,0.9829229116439819,forward,90.61755836750204,1
429,14.314300000000001,53.50494384765625,1080,1920,0.5424560308456421,0.5798487067222595,,0.9999613761901855,0.5915601849555969,0.6365201473236084,,0.9923641681671143,0.5894028544425964,0.7167055010795593,,0.9839174151420593,0.6140833497047424,0.7474871277809143,,0.9748084545135498,forward,86.87052918972239,1,0.4568602740764618,0.580808699131012,,0.9999447464942932,0.39647963643074036,0.6368303894996643,,0.993522584438324,0.4074580669403076,0.7173205614089966,,0.9913136959075928,0.3833898901939392,0.7491686940193176,,0.9833033084869385,forward,89.37589667852862,1
430,14.347666666666667,54.77499961853027,1080,1920,0.5424501299858093,0.5813241600990295,,0.999964714050293,0.5916669368743896,0.6376606822013855,,0.9929032325744629,0.5889385938644409,0.7167169451713562,,0.9844105243682861,0.6140839457511902,0.7474499940872192,,0.9754531383514404,forward,85.55213637577324,1,0.45678088068962097,0.5821437239646912,,0.9999492764472961,0.3950665295124054,0.6371393203735352,,0.9940133094787598,0.40729135274887085,0.7170331478118896,,0.9915676116943359,0.3840881884098053,0.7480870485305786,,0.983657956123352,forward,88.06292618083478,1
431,14.381033333333333,55.74798583984375,1080,1920,0.542435884475708,0.5824599862098694,,0.9999677538871765,0.5916833281517029,0.6375513672828674,,0.9933661222457886,0.5883139371871948,0.7167419195175171,,0.9848045706748962,0.6143174767494202,0.7473753094673157,,0.9760444164276123,forward,84.87744109887325,1,0.4567033052444458,0.5832144021987915,,0.9999534487724304,0.3946157991886139,0.6373465657234192,,0.9944424033164978,0.40725764632225037,0.7168899774551392,,0.9917852878570557,0.38480839133262634,0.7477229237556458,,0.9840062260627747,forward,87.12518514753108,1
432,14.4144,55.94134330749512,1080,1920,0.5424422025680542,0.5833285450935364,,0.9999704957008362,0.591823399066925,0.6382738947868347,,0.9937950372695923,0.5883205533027649,0.7167617678642273,,0.985191285610199,0.6143182516098022,0.7473598122596741,,0.9765806198120117,forward,84.1104803970469,1,0.4566640555858612,0.5841448307037354,,0.9999573230743408,0.3944856524467468,0.6374981999397278,,0.9948545098304749,0.4072633385658264,0.716884970664978,,0.9920835494995117,0.3849313259124756,0.7475212812423706,,0.9844801425933838,forward,86.44829329428282,1
433,14.447766666666666,55.32717704772949,1080,1920,0.5424504280090332,0.5838387608528137,,0.9999729990959167,0.5917724370956421,0.6381550431251526,,0.9942106604576111,0.5883515477180481,0.7167749404907227,,0.9855777621269226,0.6144968271255493,0.7473385334014893,,0.9771249890327454,forward,83.8329458425064,1,0.45661982893943787,0.5844188928604126,,0.9999607801437378,0.39467325806617737,0.6375564336776733,,0.9952379465103149,0.4073491096496582,0.7168843746185303,,0.9923338890075684,0.3860039710998535,0.7474741339683533,,0.984867513179779,forward,86.24554453461406,1
434,14.481133333333334,55.98616600036621,1080,1920,0.5426856875419617,0.5841444730758667,,0.999975323677063,0.5916723012924194,0.6378671526908875,,0.994602620601654,0.5883572697639465,0.7167905569076538,,0.9861215949058533,0.6149284243583679,0.7473136186599731,,0.9779248833656311,forward,83.74433181028989,1,0.45653629302978516,0.5846385359764099,,0.9999641180038452,0.3949555456638336,0.6370978951454163,,0.9956037402153015,0.40746524930000305,0.7168757915496826,,0.9926407933235168,0.38709449768066406,0.7474883198738098,,0.9854180812835693,forward,86.26223143918082,1
435,14.5145,54.634809494018555,1080,1920,0.542758047580719,0.5840205550193787,,0.9999774694442749,0.5916508436203003,0.6374693512916565,,0.9949644804000854,0.5882343649864197,0.7167958617210388,,0.9866758584976196,0.6150375604629517,0.7473142743110657,,0.9787482619285583,forward,83.95860407209976,1,0.4563028812408447,0.5847704410552979,,0.9999672174453735,0.39514195919036865,0.6370044350624084,,0.9959379434585571,0.4075784981250763,0.7168902158737183,,0.9929466843605042,0.38762736320495605,0.7474366426467896,,0.9859630465507507,forward,86.22618965666345,1
436,14.547866666666668,54.5201301574707,1080,1920,0.542879045009613,0.5836447477340698,,0.9999794960021973,0.5915759205818176,0.637060284614563,,0.9953013062477112,0.5882387757301331,0.7170871496200562,,0.9872499704360962,0.6154434680938721,0.7473350763320923,,0.9796939492225647,forward,84.62114542313637,1,0.4561508595943451,0.5844409465789795,,0.9999700784683228,0.395273894071579,0.6367611289024353,,0.996247410774231,0.40759751200675964,0.7168840169906616,,0.993274986743927,0.3881038427352905,0.7473946809768677,,0.9865968823432922,forward,86.52961742380344,1
437,14.581233333333333,55.383920669555664,1080,1920,0.5432396531105042,0.5831288695335388,,0.9999812841415405,0.5915651321411133,0.6367196440696716,,0.9955801367759705,0.5882561802864075,0.7174472212791443,,0.9877290725708008,0.6165369749069214,0.7473441362380981,,0.9805237650871277,forward,85.42807013594432,1,0.45612797141075134,0.5839422941207886,,0.9999726414680481,0.3954681158065796,0.6362425088882446,,0.9965140223503113,0.40761464834213257,0.7167866230010986,,0.9935991168022156,0.38839319348335266,0.7473545670509338,,0.9872440695762634,forward,86.95902508603058,1
438,14.614600000000001,54.4888973236084,1080,1920,0.5432640910148621,0.582358717918396,,0.9999829530715942,0.5914075374603271,0.635913610458374,,0.9958584308624268,0.5882857441902161,0.717620849609375,,0.9883237481117249,0.6169021725654602,0.7473449110984802,,0.9814504384994507,forward,86.398017690183,1,0.4557162821292877,0.5828691124916077,,0.9999750256538391,0.3956861197948456,0.6360832452774048,,0.9967696666717529,0.40761950612068176,0.7167469263076782,,0.993979811668396,0.38820433616638184,0.7473452091217041,,0.9879572987556458,forward,87.68693940455935,1
439,14.647966666666667,54.538726806640625,1080,1920,0.5432254076004028,0.5796163082122803,,0.9999844431877136,0.5913289785385132,0.6351190209388733,,0.996117889881134,0.5882689952850342,0.7177244424819946,,0.9889470934867859,0.6168940663337708,0.7473304271697998,,0.9823822379112244,forward,88.57854839352768,1,0.45455202460289,0.5797963738441467,,0.9999772310256958,0.39594659209251404,0.6359536647796631,,0.9970035552978516,0.4075630009174347,0.7166692614555359,,0.9943512678146362,0.38794904947280884,0.7473219037055969,,0.988650381565094,forward,89.70589309356157,1
440,14.681333333333333,54.27885055541992,1080,1920,0.5431970953941345,0.575224757194519,,0.9999857544898987,0.5913082957267761,0.6327397227287292,,0.9963715076446533,0.5883548855781555,0.7179070115089417,,0.9896197319030762,0.6167138814926147,0.7474405169487,,0.9833207130432129,forward,92.68373935689712,1,0.45398902893066406,0.575657308101654,,0.9999791979789734,0.3959667384624481,0.6358248591423035,,0.9972145557403564,0.40742120146751404,0.716562807559967,,0.9946812391281128,0.38790255784988403,0.7473202347755432,,0.9892359972000122,forward,92.48006053275864,1
441,14.7147,54.91995811462402,1080,1920,0.5428443551063538,0.5703340172767639,,0.9999868869781494,0.5914261937141418,0.6325262188911438,,0.9966223239898682,0.5884072780609131,0.7183496356010437,,0.9903175830841064,0.6167421340942383,0.7476795315742493,,0.9842721223831177,forward,96.55585422390843,1,0.4534885287284851,0.570803701877594,,0.9999808073043823,0.39602354168891907,0.6357923150062561,,0.9974175691604614,0.40741556882858276,0.7168090343475342,,0.9950156807899475,0.3872411847114563,0.7474344372749329,,0.9898275136947632,forward,96.21845762266295,1
442,14.748066666666666,54.72898483276367,1080,1920,0.5427283644676208,0.5665066242218018,,0.9999878406524658,0.5914364457130432,0.6314289569854736,,0.9968557357788086,0.5886078476905823,0.7183564901351929,,0.9909621477127075,0.6166190505027771,0.7476810216903687,,0.9851404428482056,forward,99.74449716182794,1,0.4533756375312805,0.5668356418609619,,0.9999821186065674,0.39599519968032837,0.6354835629463196,,0.997596025466919,0.4073617160320282,0.7171900868415833,,0.9952963590621948,0.3865339457988739,0.7476111650466919,,0.9903155565261841,forward,99.6946095765837,1
443,14.781433333333334,55.66096305847168,1080,1920,0.5425944924354553,0.5618436932563782,,0.9999884963035583,0.5913465619087219,0.6309993267059326,,0.9970024228096008,0.58881014585495,0.7183835506439209,,0.9913983345031738,0.6152333617210388,0.7476195096969604,,0.9856738448143005,forward,103.31671870098404,1,0.45336079597473145,0.5619993209838867,,0.999983012676239,0.39748191833496094,0.6337740421295166,,0.9976967573165894,0.4073251485824585,0.7172119617462158,,0.9954342842102051,0.3858027458190918,0.747638463973999,,0.9905561208724976,forward,104.06785239685891,1
444,14.8148,55.6337833404541,1080,1920,0.5425816774368286,0.5577582716941833,,0.9999889135360718,0.5907710790634155,0.6307767629623413,,0.9970839619636536,0.5890343189239502,0.7183557748794556,,0.9916695356369019,0.6133593320846558,0.7476040720939636,,0.9859302043914795,forward,106.43516143169,1,0.45334652066230774,0.558129608631134,,0.999983549118042,0.3999980390071869,0.6321274042129517,,0.9977437257766724,0.40760329365730286,0.7173795104026794,,0.9955309629440308,0.3860054016113281,0.747995138168335,,0.9907127022743225,forward,108.02214483193634,1
445,14.848166666666668,54.14295196533203,1080,1920,0.5425438284873962,0.5540245771408081,,0.9999886751174927,0.589762806892395,0.6302940249443054,,0.9970690608024597,0.5896134376525879,0.7178590893745422,,0.991756796836853,0.6134129166603088,0.747265636920929,,0.9859311580657959,forward,108.95264903687254,1,0.4533007740974426,0.5545747876167297,,0.9999831914901733,0.4018724858760834,0.6318277716636658,,0.9976915121078491,0.40764448046684265,0.7182072401046753,,0.9955235719680786,0.3861360549926758,0.7486039400100708,,0.9906903505325317,forward,112.18191600129087,1
446,14.881533333333334,54.585933685302734,1080,1920,0.5425528287887573,0.5510696172714233,,0.9999883770942688,0.5887669920921326,0.6299701929092407,,0.9967832565307617,0.5901991128921509,0.7177644371986389,,0.9912803769111633,0.6134539842605591,0.7472626566886902,,0.9852760434150696,forward,111.3808726322204,1,0.45333972573280334,0.5513660311698914,,0.9999830722808838,0.4039050340652466,0.631328821182251,,0.9974817633628845,0.408487468957901,0.7188488841056824,,0.9954610466957092,0.3876996636390686,0.7486365437507629,,0.9906101822853088,forward,116.09526206104725,1
447,14.9149,55.74917793273926,1080,1920,0.5423447489738464,0.5485960245132446,,0.9999876022338867,0.5878095030784607,0.6281968355178833,,0.9965064525604248,0.5908454060554504,0.7177515029907227,,0.9909604787826538,0.6135311722755432,0.7472206950187683,,0.9848721027374268,forward,114.2642639363822,1,0.4527769088745117,0.5493664145469666,,0.9999824166297913,0.4051194190979004,0.6313390135765076,,0.9972975254058838,0.4085967540740967,0.7191973924636841,,0.9954497814178467,0.3887329697608948,0.7487367987632751,,0.9906274676322937,forward,118.42639487152391,1
448,14.948266666666667,55.82427978515625,1080,1920,0.5422725677490234,0.5445970892906189,,0.9999865293502808,0.5863121747970581,0.6268976330757141,,0.9961720705032349,0.5909318327903748,0.7178424596786499,,0.9906979203224182,0.6135636568069458,0.7472172975540161,,0.9845967292785645,forward,118.5545636462688,1,0.452732115983963,0.5460413694381714,,0.999981701374054,0.40728095173835754,0.6289946436882019,,0.9971091747283936,0.4103183150291443,0.7193397283554077,,0.9955154657363892,0.3906422257423401,0.7485801577568054,,0.990813672542572,forward,123.07068103989468,1
449,14.981633333333333,55.783987045288086,1080,1920,0.5419124364852905,0.541725218296051,,0.9999845623970032,0.5842649340629578,0.6270087361335754,,0.99574214220047,0.590996503829956,0.7178414463996887,,0.9904746413230896,0.613574743270874,0.7472214102745056,,0.9842947125434875,forward,121.11013870650586,1,0.45228591561317444,0.5427396893501282,,0.9999798536300659,0.4094370901584625,0.6269416809082031,,0.9967663884162903,0.4107418954372406,0.718863844871521,,0.9954090118408203,0.3918825685977936,0.7487184405326843,,0.9906517863273621,forward,127.0038547219326,1
450,15.015,54.72612380981445,1080,1920,0.5414678454399109,0.5384153723716736,,0.9999812841415405,0.5803065299987793,0.6272165179252625,,0.9954766631126404,0.5911057591438293,0.7179206609725952,,0.9906123876571655,0.6135766506195068,0.7472171187400818,,0.9843811392784119,forward,124.38449324101339,1,0.4513385593891144,0.5398299694061279,,0.9999762773513794,0.41134971380233765,0.6267865300178528,,0.9964444041252136,0.4120646119117737,0.7185767292976379,,0.9953191876411438,0.3921149969100952,0.7486023306846619,,0.9904374480247498,forward,129.62794750555312,1
451,15.048366666666666,55.56082725524902,1080,1920,0.5410870909690857,0.5355809330940247,,0.9999763369560242,0.5760753750801086,0.6268055438995361,,0.9951762557029724,0.5907706618309021,0.7177152037620544,,0.9906648397445679,0.6134281754493713,0.7472671866416931,,0.984319806098938,forward,127.2765877401124,1,0.45090216398239136,0.5374326109886169,,0.9999712705612183,0.4132644236087799,0.6265175342559814,,0.9960622191429138,0.4130553901195526,0.7183630466461182,,0.9952101707458496,0.39258140325546265,0.7481911182403564,,0.9901657104492188,forward,132.11357108342347,1
452,15.081733333333334,55.153846740722656,1080,1920,0.5407797694206238,0.5332693457603455,,0.9999707341194153,0.5743071436882019,0.6263936758041382,,0.9949077367782593,0.5907731056213379,0.7177162766456604,,0.9907142519950867,0.6134361624717712,0.7475944757461548,,0.9842948913574219,forward,130.07696571331266,1,0.4504460394382477,0.535161018371582,,0.9999654293060303,0.4166179597377777,0.6261751651763916,,0.9957852959632874,0.41304928064346313,0.7182193398475647,,0.995105504989624,0.39343976974487305,0.7481903433799744,,0.9899103045463562,forward,134.8072533618456,1
453,15.1151,55.2828311920166,1080,1920,0.540754497051239,0.5316587090492249,,0.9999647736549377,0.5722358822822571,0.6259991526603699,,0.9945303797721863,0.5906988382339478,0.7177245020866394,,0.9905775785446167,0.6134458184242249,0.7477039098739624,,0.9840214848518372,forward,132.17979687164467,1,0.4502682685852051,0.5339686870574951,,0.9999586939811707,0.4186967611312866,0.6255762577056885,,0.9954382181167603,0.41306427121162415,0.7181629538536072,,0.9948694705963135,0.39436256885528564,0.7483461499214172,,0.9894336462020874,forward,136.5955034653095,1
454,15.148466666666668,55.6032657623291,1080,1920,0.5402916073799133,0.5306209921836853,,0.9999589920043945,0.5692037343978882,0.6245446801185608,,0.9942519664764404,0.590789258480072,0.7175616025924683,,0.9906472563743591,0.6133860349655151,0.7475636601448059,,0.9841250777244568,forward,133.74683585775867,1,0.4494820237159729,0.5329104661941528,,0.9999515414237976,0.4196031987667084,0.625558614730835,,0.9952165484428406,0.4131370484828949,0.7180449962615967,,0.994720458984375,0.39434614777565,0.7483595013618469,,0.9891988635063171,forward,137.77653585235984,1
455,15.181833333333334,54.96501922607422,1080,1920,0.5399954319000244,0.5310567021369934,,0.9999552369117737,0.56840980052948,0.6234948039054871,,0.9940540790557861,0.5910896062850952,0.7176893353462219,,0.9906865358352661,0.612997829914093,0.7482402920722961,,0.9842166900634766,forward,134.07221976702914,1,0.449102520942688,0.5334563851356506,,0.999946653842926,0.42061740159988403,0.6253783702850342,,0.9951098561286926,0.41350096464157104,0.7182711958885193,,0.9946699142456055,0.3943188190460205,0.7487106323242188,,0.9891334772109985,forward,137.61386667544954,1
456,15.2152,55.27806282043457,1080,1920,0.5399528741836548,0.5302474498748779,,0.9999522566795349,0.5673879981040955,0.6234368681907654,,0.9938753247261047,0.5911909937858582,0.7178508043289185,,0.990753710269928,0.6130037307739258,0.7482496500015259,,0.9843506217002869,forward,135.37733968740804,1,0.44910022616386414,0.5328254699707031,,0.9999428987503052,0.4226011633872986,0.6249862313270569,,0.9950020909309387,0.41361796855926514,0.7187135815620422,,0.9946150779724121,0.39426514506340027,0.7489381432533264,,0.9890745282173157,forward,139.71108910632333,1
457,15.248566666666667,54.82983589172363,1080,1920,0.5397287607192993,0.5297644734382629,,0.9999497532844543,0.5650593042373657,0.6228277087211609,,0.9938068389892578,0.5912886261940002,0.7182851433753967,,0.9909419417381287,0.6131258010864258,0.7483039498329163,,0.9846523404121399,forward,137.37098787354742,0,0.4489661753177643,0.5320948362350464,,0.999939501285553,0.42433732748031616,0.6244995594024658,,0.9949256181716919,0.4136156439781189,0.7187098264694214,,0.9945821762084961,0.3942137360572815,0.7489501237869263,,0.9890530109405518,forward,141.16837786561334,1
458,15.281933333333333,54.866790771484375,1080,1920,0.5397176146507263,0.5288188457489014,,0.9999462962150574,0.5627246499061584,0.6223554015159607,,0.993718683719635,0.5913443565368652,0.7184522151947021,,0.9910987019538879,0.6131846904754639,0.748306155204773,,0.9849023222923279,forward,139.41306000919576,0,0.44897276163101196,0.5309812426567078,,0.9999356269836426,0.4261103868484497,0.6243010759353638,,0.9948441982269287,0.41355931758880615,0.7187040448188782,,0.9945381283760071,0.3942585587501526,0.7486827969551086,,0.9890166521072388,forward,142.90276944143574,1
459,15.3153,54.70108985900879,1080,1920,0.5397303104400635,0.5279733538627625,,0.9999430179595947,0.5620989799499512,0.6224099397659302,,0.9936444163322449,0.5914092659950256,0.7185479402542114,,0.9912333488464355,0.6135299801826477,0.7482596039772034,,0.9851219058036804,forward,140.62780178123015,0,0.4490853250026703,0.5304690599441528,,0.9999321103096008,0.4279485046863556,0.6242533326148987,,0.9947893619537354,0.4134826362133026,0.7186854481697083,,0.9944974780082703,0.39484164118766785,0.7485967874526978,,0.9889905452728271,forward,143.63907970064238,1
460,15.348666666666666,54.137229919433594,1080,1920,0.5397294163703918,0.5279222726821899,,0.9999390840530396,0.562018871307373,0.6223447322845459,,0.99365234375,0.591412365436554,0.7186191082000732,,0.9914337396621704,0.6136016845703125,0.748270571231842,,0.9854333400726318,forward,140.94691908562,0,0.4491441249847412,0.5304048657417297,,0.9999279975891113,0.42791616916656494,0.6239120960235596,,0.9948142170906067,0.4134291112422943,0.7185047268867493,,0.9945266246795654,0.39481306076049805,0.7485055327415466,,0.9890743494033813,forward,143.65482407210567,1
461,15.382033333333334,55.82094192504883,1080,1920,0.5396867990493774,0.5278102159500122,,0.9999353885650635,0.5614272952079773,0.6221228241920471,,0.9936774373054504,0.5913668274879456,0.7186374664306641,,0.9916250705718994,0.6137075424194336,0.7482690215110779,,0.9857003688812256,forward,141.42343908665737,0,0.4491513669490814,0.5300973653793335,,0.9999236464500427,0.42751285433769226,0.6230028867721558,,0.9948443174362183,0.4132806360721588,0.7181473970413208,,0.9945493340492249,0.3947734832763672,0.7483259439468384,,0.9891302585601807,forward,144.34399786194143,1
462,15.4154,55.722951889038086,1080,1920,0.539452075958252,0.5276733636856079,,0.9999316930770874,0.5604075789451599,0.622085690498352,,0.9935798048973083,0.5911410450935364,0.7186475396156311,,0.9917001724243164,0.6138296723365784,0.7482854127883911,,0.9858125448226929,forward,141.6732535147077,0,0.44915539026260376,0.5296351313591003,,0.9999191164970398,0.42726168036460876,0.6225462555885315,,0.9948423504829407,0.4131644368171692,0.7180242538452148,,0.9945414066314697,0.3948701024055481,0.7483158707618713,,0.9891577959060669,forward,145.38302394149758,1
463,15.448766666666668,55.65214157104492,1080,1920,0.5393638610839844,0.527215301990509,,0.999927818775177,0.5593966841697693,0.6220607161521912,,0.9934980273246765,0.5910782217979431,0.7186779379844666,,0.9917367696762085,0.6137733459472656,0.7484559416770935,,0.985858678817749,forward,142.3726337728774,0,0.4490852355957031,0.5289751291275024,,0.9999139904975891,0.42697349190711975,0.6221897006034851,,0.9947805404663086,0.4127662777900696,0.7176545262336731,,0.994450569152832,0.39513760805130005,0.748320996761322,,0.9890508055686951,forward,145.7615454342186,1
464,15.482133333333334,55.51600456237793,1080,1920,0.5393702983856201,0.5265911221504211,,0.9999237656593323,0.5590168833732605,0.621569812297821,,0.9933947920799255,0.5910175442695618,0.7187532782554626,,0.9917372465133667,0.6137966513633728,0.7488212585449219,,0.9858757257461548,forward,144.16321800616458,0,0.4490487575531006,0.5283516049385071,,0.9999086260795593,0.4268800616264343,0.6214021444320679,,0.9947238564491272,0.41212406754493713,0.7172476053237915,,0.9943697452545166,0.3951570391654968,0.7485293745994568,,0.9889640808105469,forward,146.8430876566148,1
465,15.5155,54.44669723510742,1080,1920,0.5393487811088562,0.5261618494987488,,0.9999189972877502,0.5584126114845276,0.6211383938789368,,0.9932512640953064,0.5908656120300293,0.7187572717666626,,0.9916912317276001,0.6138113141059875,0.7488855719566345,,0.9857914447784424,forward,145.58899482191103,0,0.44904759526252747,0.528001606464386,,0.9999017119407654,0.42682790756225586,0.6209084391593933,,0.9946064949035645,0.41152048110961914,0.717090904712677,,0.994233250617981,0.3951868414878845,0.7485287189483643,,0.9887677431106567,forward,147.98244712973042,1
466,15.548866666666667,55.579185485839844,1080,1920,0.539135754108429,0.5259681940078735,,0.9999120831489563,0.557902455329895,0.620975136756897,,0.9930229187011719,0.5906907916069031,0.7187680602073669,,0.9915772080421448,0.613852322101593,0.7491379380226135,,0.9856039881706238,forward,146.26330708529275,0,0.4488928020000458,0.5277816653251648,,0.999891459941864,0.42670848965644836,0.6209649443626404,,0.9944504499435425,0.41085144877433777,0.7170928120613098,,0.9940367341041565,0.3952626883983612,0.7486900091171265,,0.9884674549102783,forward,148.13411539589137,1
467,15.582233333333333,54.9321174621582,1080,1920,0.5391162037849426,0.5259792804718018,,0.9999062418937683,0.5578935146331787,0.6209933757781982,,0.9927799105644226,0.5905410647392273,0.7187828421592712,,0.9914252758026123,0.6138280034065247,0.7493613958358765,,0.9853910207748413,forward,146.25954064540736,0,0.44885367155075073,0.5277811884880066,,0.9998829364776611,0.42690521478652954,0.62103670835495,,0.994307816028595,0.41036951541900635,0.7173938155174255,,0.9938445687294006,0.39546576142311096,0.7494763731956482,,0.9881852269172668,forward,149.2581269411616,1
468,15.6156,54.9929141998291,1080,1920,0.5392318964004517,0.5260000824928284,,0.9999017119407654,0.5579820275306702,0.6212942004203796,,0.9926357269287109,0.5903659462928772,0.7188442945480347,,0.9913638234138489,0.6138034462928772,0.7494670748710632,,0.9853343963623047,forward,145.76425229135364,0,0.4489414095878601,0.5278638601303101,,0.9998767375946045,0.4267835319042206,0.6210915446281433,,0.9942322969436646,0.4102022051811218,0.717444658279419,,0.9937315583229065,0.3955112397670746,0.7500132918357849,,0.9880445599555969,forward,149.20004081974062,1
469,15.648966666666666,55.91297149658203,1080,1920,0.5397684574127197,0.5259453654289246,,0.9998960494995117,0.5581005215644836,0.6219215989112854,,0.9924813508987427,0.5902241468429565,0.7189658284187317,,0.9912441372871399,0.6136940717697144,0.7496713399887085,,0.9851624369621277,forward,145.0700795237728,0,0.4492999315261841,0.5279632210731506,,0.9998694062232971,0.42684248089790344,0.6211139559745789,,0.9941476583480835,0.4101392924785614,0.7174500823020935,,0.9935994744300842,0.3955170214176178,0.7500485181808472,,0.9878508448600769,forward,149.01193697653028,1
470,15.682333333333334,55.42898178100586,1080,1920,0.540685772895813,0.5257103443145752,,0.9998922944068909,0.5581895709037781,0.6220207810401917,,0.9923216104507446,0.5900543928146362,0.7189832925796509,,0.9911203384399414,0.6135657429695129,0.7497726082801819,,0.9849938750267029,forward,145.29126216628077,0,0.45001277327537537,0.5279921293258667,,0.999864399433136,0.4268518090248108,0.6209552884101868,,0.9940390586853027,0.4100669324398041,0.7174434065818787,,0.9934619665145874,0.3955046534538269,0.7500391602516174,,0.9876579642295837,forward,149.5081352990637,1
471,15.7157,54.80599403381348,1080,1920,0.5421153903007507,0.5255681276321411,,0.9998887181282043,0.5587274432182312,0.6221275329589844,,0.9921881556510925,0.5900031328201294,0.7190669178962708,,0.990992546081543,0.6135869026184082,0.7497724890708923,,0.98482346534729,forward,145.57302054865198,0,0.4515160024166107,0.5279883742332458,,0.9998603463172913,0.42683443427085876,0.6209036111831665,,0.9939798712730408,0.41006532311439514,0.7173694968223572,,0.9933989644050598,0.3955371081829071,0.7500293850898743,,0.9875786304473877,forward,149.3259893579892,1
472,15.749066666666668,56.27894401550293,1080,1920,0.5431455373764038,0.5252810120582581,,0.9998871088027954,0.558958888053894,0.6221420764923096,,0.9921516180038452,0.5899998545646667,0.7190704941749573,,0.9909695982933044,0.6135885119438171,0.7497618794441223,,0.9847944378852844,forward,145.9706418362656,0,0.4521554112434387,0.5280300974845886,,0.9998578429222107,0.42683348059654236,0.6210910677909851,,0.9939072132110596,0.41009554266929626,0.7173692584037781,,0.9933127760887146,0.3955910801887512,0.7499837875366211,,0.9874574542045593,forward,148.61880619605486,1
473,15.782433333333334,55.422067642211914,1080,1920,0.544013500213623,0.5249863266944885,,0.9998853206634521,0.5590746402740479,0.6221705079078674,,0.9920676350593567,0.5899962186813354,0.7190792560577393,,0.9909180402755737,0.6134700775146484,0.7497326135635376,,0.9847238063812256,forward,146.38281063352758,0,0.45309391617774963,0.5280362367630005,,0.9998552799224854,0.4273625612258911,0.621103823184967,,0.9938034415245056,0.4101608097553253,0.7173739671707153,,0.9931915402412415,0.3955915570259094,0.749963104724884,,0.9872787594795227,forward,148.59148642962555,1
474,15.8158,52.34789848327637,1080,1920,0.5449036955833435,0.5249466300010681,,0.9998846650123596,0.5594950318336487,0.6226200461387634,,0.9920120239257812,0.5900298357009888,0.7190968990325928,,0.9908694624900818,0.6134570837020874,0.7497022747993469,,0.9846400618553162,forward,145.93510470554398,0,0.4540487229824066,0.5280600190162659,,0.9998543858528137,0.4275694489479065,0.6211159825325012,,0.9937426447868347,0.41024643182754517,0.7174280285835266,,0.9931084513664246,0.39537838101387024,0.7499600052833557,,0.9871506094932556,forward,148.76742835360977,1
475,15.849166666666667,52.33478546142578,1080,1920,0.5456115007400513,0.5248292088508606,,0.9998834133148193,0.559817910194397,0.622575581073761,,0.9920094609260559,0.5900933742523193,0.7191012501716614,,0.9908829927444458,0.6134229898452759,0.7496976852416992,,0.9846269488334656,forward,146.1732667475114,0,0.45479026436805725,0.5280420780181885,,0.9998528361320496,0.42787986993789673,0.6211386322975159,,0.9937031269073486,0.41030657291412354,0.7175148129463196,,0.9930545091629028,0.3952336013317108,0.7499540448188782,,0.9870587587356567,forward,149.12793295405243,1
476,15.882533333333333,52.5660514831543,1080,1920,0.545805037021637,0.5248501300811768,,0.9998821020126343,0.5604802370071411,0.6225470304489136,,0.9920369982719421,0.5901543498039246,0.7191969752311707,,0.9909467697143555,0.6135521531105042,0.7497020363807678,,0.9846922755241394,forward,146.4286947623629,0,0.4551544487476349,0.5281586050987244,,0.999851405620575,0.42817631363868713,0.6212116479873657,,0.9936995506286621,0.4103073179721832,0.717758059501648,,0.9930370450019836,0.39500945806503296,0.7499548196792603,,0.9870259165763855,forward,149.9472815383429,1
477,15.9159,52.01315879821777,1080,1920,0.5461475849151611,0.5247957110404968,,0.9998802542686462,0.5611794590950012,0.622381865978241,,0.9920511245727539,0.5902714729309082,0.7194153666496277,,0.9909720420837402,0.6136338710784912,0.7497466802597046,,0.9846853613853455,forward,147.34125394108256,0,0.4552125632762909,0.5281693339347839,,0.9998493194580078,0.42877644300460815,0.621292769908905,,0.993678629398346,0.4103236496448517,0.7179811596870422,,0.9929952621459961,0.39480477571487427,0.7499732375144958,,0.9869433641433716,forward,150.88951195802687,1
478,15.949266666666666,54.7482967376709,1080,1920,0.5462102293968201,0.5248197317123413,,0.9998762607574463,0.5627468228340149,0.6223707795143127,,0.9919787049293518,0.5902909636497498,0.7197269201278687,,0.9909211993217468,0.6138953566551208,0.749761700630188,,0.9845833778381348,forward,148.28249289510254,0,0.4552450180053711,0.5282135605812073,,0.9998440146446228,0.4296318292617798,0.621466875076294,,0.9936116337776184,0.41036680340766907,0.7179756760597229,,0.9929030537605286,0.39486613869667053,0.7500035762786865,,0.9867807626724243,forward,150.0217357399151,1
479,15.982633333333334,54.431915283203125,1080,1920,0.5462290644645691,0.5249859690666199,,0.9998728632926941,0.5640453696250916,0.6223644018173218,,0.9918899536132812,0.590280294418335,0.7199236750602722,,0.9908369183540344,0.6139587163925171,0.749767541885376,,0.9844474196434021,forward,148.70254004142242,0,0.4552469551563263,0.5284342765808105,,0.9998396635055542,0.42990803718566895,0.6217204928398132,,0.9935518503189087,0.4103933870792389,0.7179664969444275,,0.9928210973739624,0.394887775182724,0.7500254511833191,,0.9866278767585754,forward,148.7883619120735,1
480,16.016000000000002,54.94093894958496,1080,1920,0.5465442538261414,0.525268018245697,,0.9998685717582703,0.5664743185043335,0.622327446937561,,0.9917441606521606,0.5902900695800781,0.7201239466667175,,0.9907439351081848,0.6141073703765869,0.7497826218605042,,0.9842699766159058,forward,149.0905761822513,0,0.45525631308555603,0.5286901593208313,,0.9998334646224976,0.42992502450942993,0.621758222579956,,0.9934372305870056,0.4103916585445404,0.7177931666374207,,0.9926837086677551,0.3948899805545807,0.7500553131103516,,0.9863803386688232,forward,147.5938524957847,1
481,16.049366666666668,54.724931716918945,1080,1920,0.5467526912689209,0.5264195203781128,,0.9998658299446106,0.5693605542182922,0.6227284073829651,,0.9915488362312317,0.5902748703956604,0.7205004096031189,,0.9905984401702881,0.6141288876533508,0.7498205304145813,,0.9840434789657593,forward,147.93204133353439,1,0.45538192987442017,0.5295290350914001,,0.9998291730880737,0.42991358041763306,0.6217833757400513,,0.9933257102966309,0.41038060188293457,0.7177280187606812,,0.9925785660743713,0.39499977231025696,0.750105082988739,,0.9861849546432495,forward,146.13461542997777,1
482,16.082733333333334,54.778099060058594,1080,1920,0.5467967987060547,0.5272799134254456,,0.9998621940612793,0.5724390149116516,0.6228774189949036,,0.9913045763969421,0.5902549624443054,0.720497727394104,,0.9903998374938965,0.614072322845459,0.7498452067375183,,0.9837273955345154,forward,146.41135448167253,1,0.45540258288383484,0.5301001667976379,,0.999823808670044,0.4299037754535675,0.6218754649162292,,0.9931842088699341,0.4103810787200928,0.7177301049232483,,0.9924418926239014,0.39555174112319946,0.7501344680786133,,0.9859336018562317,forward,145.16563060460834,1
483,16.1161,55.56607246398926,1080,1920,0.5467950105667114,0.5279958844184875,,0.9998601078987122,0.5758010149002075,0.6234361529350281,,0.9911633729934692,0.5902500748634338,0.7204176783561707,,0.9903016686439514,0.6141317486763,0.7498805522918701,,0.9835817217826843,forward,144.1653536284828,1,0.4554159343242645,0.5303992629051208,,0.9998211860656738,0.4299074411392212,0.6219816207885742,,0.9931543469429016,0.41041725873947144,0.7176468968391418,,0.9924230575561523,0.39653080701828003,0.7501789927482605,,0.9858781099319458,forward,144.24038981041673,1
484,16.149466666666665,54.77499961853027,1080,1920,0.5463361144065857,0.5289117693901062,,0.9998593926429749,0.5792063474655151,0.623749852180481,,0.9912446141242981,0.5903815031051636,0.7199774384498596,,0.9903444051742554,0.6143050789833069,0.7498688101768494,,0.9836353659629822,forward,141.36022802934372,1,0.4554060995578766,0.5310840010643005,,0.9998204708099365,0.42993441224098206,0.6224749684333801,,0.9932626485824585,0.410408616065979,0.7175363898277283,,0.9925204515457153,0.39689764380455017,0.7502831816673279,,0.9859747290611267,forward,142.09474732723706,1
485,16.182833333333335,54.370880126953125,1080,1920,0.54588383436203,0.5297894477844238,,0.9998573064804077,0.58155757188797,0.6245523691177368,,0.9912673830986023,0.5904126167297363,0.7193437814712524,,0.9902853965759277,0.6143394112586975,0.7498694062232971,,0.983483612537384,forward,138.07058859475745,1,0.4554014205932617,0.5317423939704895,,0.9998186826705933,0.4298545718193054,0.6229943037033081,,0.9932917952537537,0.4104100465774536,0.7175227403640747,,0.9925276041030884,0.3979623019695282,0.7503038644790649,,0.9858866333961487,forward,140.46302155835232,1
486,16.2162,55.346012115478516,1080,1920,0.5452924966812134,0.5308164954185486,,0.9998539090156555,0.5825768113136292,0.6245330572128296,,0.9912918210029602,0.5904169678688049,0.7184886336326599,,0.9902253746986389,0.6141740679740906,0.7498131990432739,,0.9832950234413147,forward,135.15048762016144,1,0.45537757873535156,0.5327522158622742,,0.9998161792755127,0.4292059540748596,0.6236725449562073,,0.9933167099952698,0.41042375564575195,0.7173353433609009,,0.992545485496521,0.39887645840644836,0.7502648234367371,,0.9857928156852722,forward,137.9702170033145,1
487,16.249566666666666,55.27496337890625,1080,1920,0.5451564192771912,0.5317432284355164,,0.9998529553413391,0.5829660296440125,0.6246643662452698,,0.9913079738616943,0.5903100967407227,0.717919111251831,,0.9901733994483948,0.6127570271492004,0.7493579983711243,,0.9831418395042419,forward,132.94217845424868,1,0.4553828835487366,0.5338805913925171,,0.9998154640197754,0.42762884497642517,0.6253823041915894,,0.9933354258537292,0.41052699089050293,0.7173351049423218,,0.9925598502159119,0.39824098348617554,0.7499058842658997,,0.9857369065284729,forward,135.25766477286078,1
488,16.282933333333332,54.173946380615234,1080,1920,0.5450648665428162,0.5333715677261353,,0.9998504519462585,0.584385097026825,0.6253954768180847,,0.9911329746246338,0.5902999043464661,0.7176882028579712,,0.9898998141288757,0.6122235059738159,0.7488154172897339,,0.9826470017433167,forward,130.296449930801,1,0.45537376403808594,0.5357627272605896,,0.9998133182525635,0.42598679661750793,0.6269223690032959,,0.9932228326797485,0.410566508769989,0.7173691391944885,,0.9924595952033997,0.3982301950454712,0.7499043941497803,,0.9854752421379089,forward,132.22778391971485,1
489,16.316300000000002,55.615901947021484,1080,1920,0.5447670221328735,0.5360870957374573,,0.9998450875282288,0.5863381624221802,0.626157820224762,,0.9910644292831421,0.5904937982559204,0.7177002429962158,,0.9896731972694397,0.6125197410583496,0.7488224506378174,,0.9821462035179138,forward,126.96284099210857,1,0.45532742142677307,0.538137674331665,,0.9998072385787964,0.42212527990341187,0.6287263631820679,,0.9931508898735046,0.41063636541366577,0.7174162268638611,,0.9923498630523682,0.39839836955070496,0.7500435709953308,,0.985154390335083,forward,128.82574139301806,1
490,16.349666666666668,54.26597595214844,1080,1920,0.5443336963653564,0.5386694073677063,,0.9998489618301392,0.5883235335350037,0.6268874406814575,,0.991178035736084,0.5907080173492432,0.7176682949066162,,0.9896652698516846,0.6125984191894531,0.7488256096839905,,0.9820127487182617,forward,123.89965868235576,1,0.45529964566230774,0.5406619310379028,,0.9998124241828918,0.41935625672340393,0.6289767026901245,,0.9930808544158936,0.41088226437568665,0.7171093225479126,,0.992335319519043,0.3984561264514923,0.7500144243240356,,0.9850309491157532,forward,125.34768900551161,1
491,16.383033333333334,54.679155349731445,1080,1920,0.5439351797103882,0.5408194065093994,,0.9998550415039062,0.5888077616691589,0.6285279393196106,,0.991263210773468,0.5909318327903748,0.7176761031150818,,0.9896913766860962,0.6126100420951843,0.7488638162612915,,0.9819839596748352,forward,121.11537543547871,1,0.45525509119033813,0.5428091883659363,,0.999819278717041,0.41740620136260986,0.6297305822372437,,0.9929914474487305,0.41130220890045166,0.716986894607544,,0.992304801940918,0.3984496593475342,0.7502127885818481,,0.9849201440811157,forward,122.60274475925956,1
492,16.4164,54.4428825378418,1080,1920,0.5434902310371399,0.543571412563324,,0.9998646974563599,0.5892063975334167,0.6296564936637878,,0.9913865923881531,0.5909841656684875,0.7175258994102478,,0.9897698163986206,0.6128354072570801,0.7488690614700317,,0.9821098446846008,forward,117.86951607995829,1,0.45511651039123535,0.5451141595840454,,0.9998309016227722,0.41403666138648987,0.6312160491943359,,0.9929195046424866,0.4114840030670166,0.7170098423957825,,0.9923937916755676,0.39748415350914,0.7505876421928406,,0.9850555658340454,forward,119.8250725882236,1
493,16.449766666666665,54.702043533325195,1080,1920,0.5434985756874084,0.5446363687515259,,0.9998735189437866,0.5891762971878052,0.6294415593147278,,0.9914733171463013,0.5915809273719788,0.7175328731536865,,0.9898453950881958,0.613739550113678,0.7489692568778992,,0.9822556376457214,forward,116.94017468340414,1,0.45513418316841125,0.546088457107544,,0.9998412728309631,0.41282325983047485,0.6323280930519104,,0.9928643107414246,0.41172516345977783,0.7171936631202698,,0.9924986958503723,0.395831823348999,0.7505785822868347,,0.9852274656295776,forward,118.82266393614061,1
494,16.483133333333335,55.94897270202637,1080,1920,0.5437076091766357,0.5458913445472717,,0.9998826384544373,0.5894527435302734,0.6305669546127319,,0.9916250705718994,0.5917335152626038,0.7175358533859253,,0.9898517727851868,0.6137391924858093,0.7489737272262573,,0.9822705388069153,forward,115.42643215545692,1,0.45533210039138794,0.5472797155380249,,0.9998520016670227,0.41120266914367676,0.6330639719963074,,0.9928284883499146,0.41185474395751953,0.7171464562416077,,0.992548942565918,0.39410755038261414,0.750145673751831,,0.9852746725082397,forward,117.40643774328362,1
495,16.5165,56.34880065917969,1080,1920,0.5436996817588806,0.5480114221572876,,0.9998911619186401,0.5895509719848633,0.631820559501648,,0.9918674826622009,0.5919079780578613,0.7179794907569885,,0.989949107170105,0.6138487458229065,0.7490265369415283,,0.9823684692382812,forward,113.66144339952558,1,0.4553649127483368,0.5490136742591858,,0.999861478805542,0.4099733531475067,0.6336033344268799,,0.9928044676780701,0.411958783864975,0.7169836163520813,,0.9925369024276733,0.3929740786552429,0.7497892379760742,,0.9851956367492676,forward,115.36018820814186,1
496,16.549866666666667,55.25612831115723,1080,1920,0.5437054634094238,0.5498022437095642,,0.9998987913131714,0.5896691083908081,0.633212685585022,,0.9920401573181152,0.5923544764518738,0.7181052565574646,,0.9899407029151917,0.6140804886817932,0.7490561008453369,,0.9823038578033447,forward,111.84182267939708,1,0.45546773076057434,0.5509531497955322,,0.9998698234558105,0.4089348614215851,0.6343398690223694,,0.9927400946617126,0.4122180640697479,0.7169567346572876,,0.9924699664115906,0.39208099246025085,0.7497953176498413,,0.985034167766571,forward,113.29416938064654,1
497,16.583233333333332,56.2291145324707,1080,1920,0.5437984466552734,0.5513997673988342,,0.9999054670333862,0.5900881886482239,0.6350551843643188,,0.9921087622642517,0.5928059220314026,0.7183272242546082,,0.9898033738136292,0.6145362854003906,0.7491011023521423,,0.982036292552948,forward,110.28406920355499,1,0.45567646622657776,0.5529129505157471,,0.9998766779899597,0.40720370411872864,0.6357839703559875,,0.9925128817558289,0.4122203290462494,0.7170683741569519,,0.9922218918800354,0.3907988667488098,0.7498154044151306,,0.9845909476280212,forward,111.32520743099428,1
498,16.616600000000002,54.947853088378906,1080,1920,0.5438214540481567,0.5530983209609985,,0.9999116063117981,0.5905429124832153,0.6354994177818298,,0.9920797944068909,0.5930808186531067,0.718303918838501,,0.9894710779190063,0.6145480871200562,0.749068021774292,,0.9814781546592712,forward,108.66140472952767,1,0.455851286649704,0.5546406507492065,,0.9998832941055298,0.40613722801208496,0.6359094381332397,,0.9922800064086914,0.41129112243652344,0.717063307762146,,0.9919368624687195,0.3887947201728821,0.7498418092727661,,0.9840841293334961,forward,109.66059834094514,1
499,16.649966666666668,54.79907989501953,1080,1920,0.5438095331192017,0.5556585192680359,,0.9999176859855652,0.591353714466095,0.6372882127761841,,0.9920182824134827,0.5930880308151245,0.718576967716217,,0.9890345931053162,0.6146732568740845,0.749049186706543,,0.9807402491569519,forward,106.4134238392687,1,0.4560055732727051,0.5571495890617371,,0.9998900294303894,0.4051876366138458,0.6364656686782837,,0.9921194911003113,0.41097211837768555,0.7169995903968811,,0.9915456175804138,0.3875826597213745,0.7498223185539246,,0.98342365026474,forward,107.21230985726453,1
500,16.683333333333334,55.13286590576172,1080,1920,0.5437983870506287,0.5570991039276123,,0.9999229311943054,0.5921938419342041,0.6372988224029541,,0.9920421242713928,0.5928993821144104,0.7185810208320618,,0.988569438457489,0.6152204275131226,0.749017596244812,,0.9799432158470154,forward,105.175368136233,1,0.4561227262020111,0.5584281086921692,,0.9998961091041565,0.40365245938301086,0.6367601156234741,,0.9921091794967651,0.40977156162261963,0.7168822884559631,,0.991244912147522,0.3872850239276886,0.7498454451560974,,0.9827976822853088,forward,105.90473456430652,1
501,16.7167,55.274009704589844,1080,1920,0.5437963604927063,0.5583277940750122,,0.999927818775177,0.5930579304695129,0.6373870372772217,,0.9920750260353088,0.5925253629684448,0.718540608882904,,0.9879050850868225,0.6153076887130737,0.7488323450088501,,0.9788476824760437,forward,104.08508198000916,1,0.4562087059020996,0.560092568397522,,0.9999027252197266,0.4013769328594208,0.6369632482528687,,0.9923085570335388,0.4091460704803467,0.7168492674827576,,0.9912244081497192,0.3868475556373596,0.750078022480011,,0.9826624393463135,forward,104.38820741276979,1
502,16.750066666666665,54.60667610168457,1080,1920,0.5437356233596802,0.5613585114479065,,0.9999337792396545,0.593651294708252,0.6372740268707275,,0.9923855662345886,0.5922279953956604,0.7182559967041016,,0.9877938628196716,0.6153544783592224,0.7486303448677063,,0.9786335825920105,forward,101.35607823032313,1,0.45620793104171753,0.5629060864448547,,0.9999105334281921,0.4001707136631012,0.636958658695221,,0.9926765561103821,0.40903276205062866,0.716715931892395,,0.9913378357887268,0.3869673013687134,0.7501532435417175,,0.9827739000320435,forward,101.89139000187251,1
503,16.783433333333335,54.84795570373535,1080,1920,0.5431751608848572,0.5647894144058228,,0.9999393820762634,0.5944660902023315,0.6370813250541687,,0.9926616549491882,0.5920813083648682,0.7181208729743958,,0.9876533150672913,0.6153571009635925,0.7485238909721375,,0.9784126281738281,forward,98.60932759730036,1,0.4561105966567993,0.5656140446662903,,0.9999179244041443,0.3986765444278717,0.6371211409568787,,0.9930106997489929,0.4090089499950409,0.7166687250137329,,0.9914308190345764,0.3864421546459198,0.7501960396766663,,0.9828922152519226,forward,99.62594447588697,1
504,16.8168,54.40211296081543,1080,1920,0.5427912473678589,0.5672444105148315,,0.9999443292617798,0.5952433347702026,0.636938214302063,,0.9928788542747498,0.5916430354118347,0.7175744771957397,,0.9873746633529663,0.6155067682266235,0.7478424906730652,,0.9780004620552063,forward,96.27195605904129,1,0.45603206753730774,0.5678987503051758,,0.9999246597290039,0.39766907691955566,0.6371936202049255,,0.9933497905731201,0.4089345932006836,0.7167803049087524,,0.991608738899231,0.3851100206375122,0.7501977682113647,,0.9831875562667847,forward,97.94248978942554,1
505,16.850166666666667,54.613590240478516,1080,1920,0.5427067875862122,0.5703540444374084,,0.9999490976333618,0.5958276391029358,0.6369473338127136,,0.9930938482284546,0.5916166305541992,0.7174972295761108,,0.9870757460594177,0.6158205270767212,0.7478361129760742,,0.9775965809822083,forward,93.95278079957535,1,0.4560239315032959,0.571367621421814,,0.9999311566352844,0.39698487520217896,0.6369926929473877,,0.9936920404434204,0.40865570306777954,0.7168874740600586,,0.9918124675750732,0.3831547796726227,0.7502666115760803,,0.9835467338562012,forward,95.50269386873072,1
506,16.883533333333332,53.52187156677246,1080,1920,0.5425790548324585,0.5731014609336853,,0.9999536871910095,0.595855176448822,0.6368709206581116,,0.9935727715492249,0.5910195112228394,0.7163555026054382,,0.9874275922775269,0.6154100298881531,0.7476539015769958,,0.9783095717430115,forward,90.9314381528807,1,0.45594263076782227,0.5741485357284546,,0.9999372363090515,0.3964044153690338,0.636934220790863,,0.9941858649253845,0.4084152579307556,0.7170014977455139,,0.9922043085098267,0.38321688771247864,0.7503989338874817,,0.9842968583106995,forward,93.62286001023787,1
507,16.916900000000002,54.62813377380371,1080,1920,0.5423928499221802,0.5754570364952087,,0.9999579191207886,0.5958905816078186,0.6366108655929565,,0.9940165281295776,0.5909891724586487,0.7158821225166321,,0.9877842664718628,0.6153433918952942,0.747653603553772,,0.9789791107177734,forward,88.94254600413078,1,0.45566463470458984,0.5766897201538086,,0.9999428391456604,0.39516428112983704,0.6369001269340515,,0.9946423172950745,0.40841954946517944,0.7170373797416687,,0.9925532341003418,0.38336658477783203,0.7501172423362732,,0.9849550127983093,forward,91.87712662319701,1
508,16.950266666666668,54.76713180541992,1080,1920,0.5423650145530701,0.5770410895347595,,0.9999618530273438,0.5959501266479492,0.6365863084793091,,0.9944576621055603,0.5904401540756226,0.7158403992652893,,0.9881229400634766,0.6153453588485718,0.7472208142280579,,0.9796679019927979,forward,87.84960850943614,1,0.4554467797279358,0.5780389308929443,,0.9999480843544006,0.39363017678260803,0.6366649866104126,,0.9950888156890869,0.40835875272750854,0.7170376181602478,,0.9929143190383911,0.38332828879356384,0.7496190667152405,,0.9856606125831604,forward,91.02578565774431,1
509,16.983633333333334,54.53205108642578,1080,1920,0.5423635840415955,0.5785447359085083,,0.9999653697013855,0.5965613722801208,0.6368952989578247,,0.9948573708534241,0.5901058912277222,0.7157629132270813,,0.9884341955184937,0.6153318285942078,0.7471892833709717,,0.9802858233451843,forward,86.68719813804432,1,0.45532941818237305,0.5795518755912781,,0.9999527931213379,0.392668753862381,0.6366226673126221,,0.9954982399940491,0.40810197591781616,0.7175336480140686,,0.9932969212532043,0.3828238248825073,0.7494218945503235,,0.9863789677619934,forward,90.53242582433123,1
510,17.017,54.87680435180664,1080,1920,0.542303204536438,0.5795387625694275,,0.9999685883522034,0.5971056222915649,0.637134313583374,,0.9952198266983032,0.5897052884101868,0.7157819867134094,,0.9887725114822388,0.6155630946159363,0.7471621632575989,,0.9809292554855347,forward,85.98114049467765,1,0.45505961775779724,0.5806506276130676,,0.9999570846557617,0.3921724557876587,0.6366284489631653,,0.9958678483963013,0.40779250860214233,0.7178314328193665,,0.9936214685440063,0.3828936219215393,0.7492324113845825,,0.987004280090332,forward,90.10581703905635,1
511,17.050366666666665,55.046796798706055,1080,1920,0.5422964692115784,0.5808225870132446,,0.9999715089797974,0.5975697040557861,0.6372102499008179,,0.9955495595932007,0.5894314050674438,0.7157911062240601,,0.9890784621238708,0.6151870489120483,0.7466809153556824,,0.9814789295196533,forward,85.13013216114071,1,0.45464155077934265,0.5821386575698853,,0.9999610185623169,0.39145535230636597,0.6369850635528564,,0.9962018132209778,0.4077742099761963,0.7178958654403687,,0.9939015507698059,0.3829163610935211,0.7491307854652405,,0.987527072429657,forward,89.03365279445185,1
512,17.083733333333335,54.2452335357666,1080,1920,0.5422943234443665,0.5817457437515259,,0.9999741911888123,0.5979706645011902,0.6374635100364685,,0.9958806037902832,0.5891567468643188,0.7160518765449524,,0.9895156025886536,0.6145550608634949,0.7466291785240173,,0.9822251200675964,forward,84.70361097103168,1,0.45441481471061707,0.5834119319915771,,0.9999645948410034,0.39072102308273315,0.6373621821403503,,0.9965193867683411,0.4077921509742737,0.7178581953048706,,0.9942101836204529,0.38297003507614136,0.7486120462417603,,0.9881082773208618,forward,87.99682692554107,1
513,17.1171,56.181907653808594,1080,1920,0.5423044562339783,0.5825949907302856,,0.9999765753746033,0.5983705520629883,0.6378301382064819,,0.996146023273468,0.5888465046882629,0.7178083062171936,,0.9898104667663574,0.6145705580711365,0.7466925978660583,,0.982767641544342,forward,85.73717478476618,1,0.45439133048057556,0.5840991139411926,,0.9999677538871765,0.3907369375228882,0.6372818350791931,,0.9967862963676453,0.4078672528266907,0.7178554534912109,,0.9944297671318054,0.3831632137298584,0.7484182715415955,,0.9885417222976685,forward,87.57085670428879,1
514,17.150466666666667,55.1149845123291,1080,1920,0.5424007773399353,0.5825818181037903,,0.9999787211418152,0.5983507037162781,0.6378148794174194,,0.9963868260383606,0.5887206196784973,0.7183344960212708,,0.9900688529014587,0.614574670791626,0.7465043663978577,,0.983214259147644,forward,86.27155169410938,1,0.4543097913265228,0.5836801528930664,,0.9999706149101257,0.3905992805957794,0.6371086835861206,,0.9970302581787109,0.4078998565673828,0.71759033203125,,0.9946609735488892,0.3832046389579773,0.7483476996421814,,0.988972544670105,forward,87.63610230488355,1
515,17.183833333333332,54.77595329284668,1080,1920,0.5424404740333557,0.5822789072990417,,0.999980628490448,0.5983352065086365,0.6375941634178162,,0.9966088533401489,0.5886991024017334,0.718550980091095,,0.9903088212013245,0.614622950553894,0.7463569045066833,,0.9836660027503967,forward,86.7622130738524,1,0.45411795377731323,0.5834531188011169,,0.9999732375144958,0.3905833065509796,0.6368380188941956,,0.9972533583641052,0.40797168016433716,0.7173912525177002,,0.9948734045028687,0.3834100067615509,0.7482471466064453,,0.9893805384635925,forward,87.68283818112846,1
516,17.217200000000002,55.587053298950195,1080,1920,0.5428590774536133,0.5817960500717163,,0.9999823570251465,0.5982255935668945,0.6372262239456177,,0.9968329071998596,0.5888082981109619,0.7185201644897461,,0.9906448125839233,0.6146275401115417,0.746361494064331,,0.9842147827148438,forward,87.17706734213289,1,0.4540547728538513,0.5828850865364075,,0.9999755620956421,0.39052388072013855,0.6368053555488586,,0.9974639415740967,0.4082397222518921,0.717300295829773,,0.9951188564300537,0.3834223449230194,0.7482194304466248,,0.9898187518119812,forward,87.97580117961968,1
517,17.250566666666668,53.65800857543945,1080,1920,0.5431869626045227,0.5814563035964966,,0.9999838471412659,0.5979848504066467,0.6370834112167358,,0.9970208406448364,0.5888199806213379,0.7185595035552979,,0.9909257292747498,0.6147087216377258,0.7464215159416199,,0.984679639339447,forward,87.4894510183815,1,0.4540431499481201,0.5826011300086975,,0.9999775290489197,0.3905012607574463,0.6367869973182678,,0.997645914554596,0.408346027135849,0.7173125743865967,,0.9953436851501465,0.38335350155830383,0.7482224106788635,,0.990229070186615,forward,88.1845260932117,1
518,17.283933333333334,52.639007568359375,1080,1920,0.5433485507965088,0.5797194242477417,,0.9999852180480957,0.5978843569755554,0.6367238759994507,,0.9971661567687988,0.5888380408287048,0.7186590433120728,,0.9911174774169922,0.614915132522583,0.7465522885322571,,0.9850080013275146,forward,88.85390224291449,1,0.45396730303764343,0.5804293751716614,,0.9999793767929077,0.3905489146709442,0.6366981267929077,,0.9977917671203613,0.40835005044937134,0.7175463438034058,,0.9955358505249023,0.38309210538864136,0.748247504234314,,0.9905829429626465,forward,89.92216959453822,1
519,17.3173,54.090023040771484,1080,1920,0.543354868888855,0.5773894786834717,,0.999986469745636,0.5975415706634521,0.6358610987663269,,0.9973410367965698,0.5888357162475586,0.7189850211143494,,0.9915037751197815,0.6149470210075378,0.7466263175010681,,0.9856514930725098,forward,91.06297681654391,1,0.45364561676979065,0.5779484510421753,,0.9999810457229614,0.3905809223651886,0.6366885304450989,,0.9979473948478699,0.4083472788333893,0.7178666591644287,,0.9957806468009949,0.3824493885040283,0.7483380436897278,,0.9910497069358826,forward,91.96086013741777,1
520,17.350666666666665,55.548906326293945,1080,1920,0.543369472026825,0.5738099813461304,,0.9999875426292419,0.5974966883659363,0.6345300078392029,,0.9974814653396606,0.5888538956642151,0.7190626263618469,,0.99183189868927,0.6154449582099915,0.7466316223144531,,0.986152708530426,forward,94.09325794137945,1,0.4533832371234894,0.5741026401519775,,0.9999824166297913,0.39112135767936707,0.6361190676689148,,0.998073935508728,0.40833163261413574,0.7178581953048706,,0.9959539771080017,0.3824476897716522,0.7483534216880798,,0.991377055644989,forward,94.85955563118651,1
521,17.384033333333335,54.505109786987305,1080,1920,0.5432897210121155,0.5692480206489563,,0.9999884963035583,0.5974540710449219,0.633739173412323,,0.9976209402084351,0.5888607501983643,0.7192440629005432,,0.9922840595245361,0.6163915395736694,0.7467017769813538,,0.9868031144142151,forward,97.76620368395496,1,0.4532894492149353,0.5694032311439514,,0.9999836683273315,0.3916882574558258,0.6359032392501831,,0.9981935024261475,0.4079139828681946,0.7178558111190796,,0.9961522221565247,0.3824089467525482,0.748418927192688,,0.9917166233062744,forward,98.34803403371885,1
522,17.4174,50.08983612060547,1080,1920,0.5432589054107666,0.5653259754180908,,0.9999892115592957,0.5974161028862,0.6334288716316223,,0.9977613091468811,0.5889016389846802,0.719465970993042,,0.9927258491516113,0.61648029088974,0.7472499012947083,,0.9874060153961182,forward,100.93573679897996,1,0.4532969892024994,0.5652867555618286,,0.9999844431877136,0.39266684651374817,0.6356000900268555,,0.9982949495315552,0.4079086482524872,0.7177464962005615,,0.9962996244430542,0.38241997361183167,0.7484691143035889,,0.9919585585594177,forward,101.46059333332093,1
523,17.450766666666667,52.390336990356445,1080,1920,0.5430889129638672,0.56163090467453,,0.9999896883964539,0.5972452163696289,0.6334260106086731,,0.9978382587432861,0.5888099670410156,0.7195491194725037,,0.9930055141448975,0.6160152554512024,0.7472594380378723,,0.9877246618270874,forward,103.75009611572008,1,0.4532623291015625,0.5619600415229797,,0.9999849200248718,0.39316532015800476,0.6352540850639343,,0.9983531832695007,0.407927930355072,0.7177600264549255,,0.9964008927345276,0.38279783725738525,0.7484949231147766,,0.9921091198921204,forward,104.22759114960587,1
524,17.484133333333332,57.32989311218262,1080,1920,0.5429908037185669,0.5583164691925049,,0.999989926815033,0.5966204404830933,0.6333943605422974,,0.9979120492935181,0.5888144969940186,0.7197199463844299,,0.9932689070701599,0.6152032613754272,0.7472605109214783,,0.9880210161209106,forward,106.50722669430519,1,0.45317521691322327,0.5586133599281311,,0.9999850392341614,0.3956047296524048,0.6343138217926025,,0.9983899593353271,0.40796634554862976,0.7175725102424622,,0.9964591860771179,0.3833809196949005,0.7484991550445557,,0.9921886324882507,forward,107.0676698361721,1
525,17.517500000000002,53.15089225769043,1080,1920,0.5429892539978027,0.5553027987480164,,0.999989926815033,0.5959407687187195,0.6326587200164795,,0.9979055523872375,0.5887992978096008,0.7192429900169373,,0.9933282136917114,0.6142772436141968,0.7472400665283203,,0.9880097508430481,forward,108.63129246757909,1,0.4531187415122986,0.5556187033653259,,0.9999849200248718,0.3979381024837494,0.6334282755851746,,0.9983658194541931,0.4083407521247864,0.7175658345222473,,0.9964926242828369,0.38539353013038635,0.7484598755836487,,0.9922237396240234,forward,109.89789068181766,1
526,17.550866666666668,54.04376983642578,1080,1920,0.5430750250816345,0.551616370677948,,0.9999896287918091,0.5946304202079773,0.6321728229522705,,0.9977604746818542,0.5893739461898804,0.719157338142395,,0.9931920766830444,0.6142069101333618,0.7472579479217529,,0.9877451658248901,forward,111.7779204684661,1,0.453140527009964,0.5523688197135925,,0.9999844431877136,0.39972764253616333,0.632960319519043,,0.9982073307037354,0.40889590978622437,0.7178436517715454,,0.9964327216148376,0.38632458448410034,0.7485071420669556,,0.9921225905418396,forward,113.28436158294997,1
527,17.584233333333334,55.631160736083984,1080,1920,0.5428880453109741,0.5483551621437073,,0.9999892115592957,0.5917748808860779,0.6300019025802612,,0.9976089000701904,0.5896895527839661,0.7191827297210693,,0.9931839108467102,0.6142153143882751,0.7470442652702332,,0.9877166748046875,forward,115.51306349727474,1,0.4530608654022217,0.5492890477180481,,0.9999837875366211,0.4011561870574951,0.6326406598091125,,0.9979931116104126,0.4099791646003723,0.7189129590988159,,0.9963796734809875,0.3865009546279907,0.7485125064849854,,0.9920570254325867,forward,117.64042870985175,1
528,17.6176,55.457115173339844,1080,1920,0.5428818464279175,0.5455372333526611,,0.9999882578849792,0.5888676047325134,0.6255929470062256,,0.9974048137664795,0.5900906324386597,0.7190894484519958,,0.9931049346923828,0.6142210960388184,0.7469815611839294,,0.9875966906547546,forward,120.70233578371712,1,0.4530544877052307,0.5465262532234192,,0.9999825358390808,0.40351375937461853,0.6313164830207825,,0.997769296169281,0.4104340374469757,0.7191832065582275,,0.9962971210479736,0.3878536820411682,0.7485151290893555,,0.9919314980506897,forward,121.20339420317323,1
529,17.650966666666665,55.246829986572266,1080,1920,0.5428436994552612,0.5430734753608704,,0.9999865293502808,0.5867781043052673,0.6259616613388062,,0.9971525073051453,0.5899885892868042,0.7189056873321533,,0.9929772019386292,0.6129229664802551,0.7470210790634155,,0.9873644709587097,forward,122.21438517230546,1,0.45303648710250854,0.5435731410980225,,0.9999808669090271,0.40677976608276367,0.6266170144081116,,0.9976083636283875,0.4109753370285034,0.7191659808158875,,0.996293306350708,0.38880524039268494,0.7484869360923767,,0.9919249415397644,forward,127.04515273443435,1
530,17.684333333333335,55.78899383544922,1080,1920,0.5425545573234558,0.5395986437797546,,0.9999837875366211,0.5846054553985596,0.6260040998458862,,0.9969420433044434,0.5899772644042969,0.7182592749595642,,0.9930007457733154,0.6129483580589294,0.747039794921875,,0.9873483777046204,forward,124.35125673290992,1,0.452651709318161,0.5409470200538635,,0.9999765157699585,0.4083276391029358,0.6270931959152222,,0.9973267912864685,0.41169318556785583,0.7189905047416687,,0.9961102604866028,0.3891299068927765,0.7480804324150085,,0.9915682077407837,forward,128.95651585144282,1
531,17.7177,55.322885513305664,1080,1920,0.5423656105995178,0.536166787147522,,0.9999797940254211,0.5821941494941711,0.6253325939178467,,0.996658205986023,0.5899279713630676,0.7178243398666382,,0.9929102063179016,0.6129248142242432,0.7470003366470337,,0.9871910810470581,forward,127.50149749633178,1,0.4522514045238495,0.5377925038337708,,0.9999707341194153,0.4111984372138977,0.6264459490776062,,0.9971051216125488,0.41264116764068604,0.7180363535881042,,0.9959282279014587,0.3911961317062378,0.7482307553291321,,0.9912160634994507,forward,131.15727339412064,1
532,17.751066666666667,54.30197715759277,1080,1920,0.5423468947410583,0.5351397395133972,,0.999974250793457,0.5809886455535889,0.6256952285766602,,0.9961879849433899,0.5898852348327637,0.7178313136100769,,0.9927035570144653,0.6131933331489563,0.7472659349441528,,0.9868620038032532,forward,128.40890147430792,1,0.45220351219177246,0.5366575121879578,,0.9999619722366333,0.414276659488678,0.6265674829483032,,0.9967614412307739,0.41348204016685486,0.7180140614509583,,0.9956658482551575,0.39236417412757874,0.748151421546936,,0.9907107353210449,forward,132.37516554876518,1
533,17.784433333333332,55.227041244506836,1080,1920,0.5422576665878296,0.533484160900116,,0.9999675154685974,0.5786386728286743,0.6253092885017395,,0.9957384467124939,0.5898599028587341,0.7178093194961548,,0.992404580116272,0.6131815314292908,0.7476562261581421,,0.9864398837089539,forward,130.404900969214,1,0.4515436887741089,0.5350497961044312,,0.9999539256095886,0.4172654449939728,0.6263972520828247,,0.9965291619300842,0.41356173157691956,0.717940628528595,,0.9955114722251892,0.3940497636795044,0.7481817603111267,,0.9903990626335144,forward,134.32228601227186,1
534,17.817800000000002,55.686235427856445,1080,1920,0.541718065738678,0.5314540266990662,,0.9999589920043945,0.5753331184387207,0.6244510412216187,,0.9951580166816711,0.5895888209342957,0.7177486419677734,,0.9919856786727905,0.6131756901741028,0.7476269006729126,,0.9858580827713013,forward,133.10644374825296,1,0.4507249593734741,0.5332310795783997,,0.9999426603317261,0.4192010164260864,0.6255733370780945,,0.9962131977081299,0.41353341937065125,0.7171497344970703,,0.9951683878898621,0.39483216404914856,0.7480798959732056,,0.9897814989089966,forward,135.67875788344992,1
535,17.851166666666668,54.915666580200195,1080,1920,0.5413810014724731,0.5304033160209656,,0.9999551773071289,0.5723578333854675,0.6235854625701904,,0.994844377040863,0.5897190570831299,0.71785968542099,,0.9918878674507141,0.6133427619934082,0.7475230693817139,,0.9857832193374634,forward,135.10069766200593,1,0.4500114619731903,0.5322030782699585,,0.9999386668205261,0.4199681878089905,0.6250843405723572,,0.9960373044013977,0.4135439097881317,0.7173072695732117,,0.9950501918792725,0.39475977420806885,0.7487661242485046,,0.9896134734153748,forward,137.59140846445158,1
536,17.884533333333334,54.57305908203125,1080,1920,0.5413409471511841,0.5290077924728394,,0.9999492764472961,0.5709509253501892,0.6235994696617126,,0.9946587085723877,0.5897942781448364,0.7181321382522583,,0.9918537139892578,0.6132892370223999,0.7478997111320496,,0.9857555031776428,forward,137.3379567660541,1,0.44960498809814453,0.5307981967926025,,0.9999325275421143,0.4214404225349426,0.6246927380561829,,0.9959282875061035,0.4135270416736603,0.7174843549728394,,0.9949802160263062,0.39472535252571106,0.7487643361091614,,0.9894777536392212,forward,140.1287917778749,1
537,17.9179,55.145978927612305,1080,1920,0.5410286784172058,0.5281926989555359,,0.9999417662620544,0.5697412490844727,0.6236759424209595,,0.9942987561225891,0.5898707509040833,0.7185807824134827,,0.9916617274284363,0.613319456577301,0.7481368780136108,,0.9855008721351624,forward,139.24117598190517,1,0.4493803381919861,0.5299855470657349,,0.9999244213104248,0.4233162999153137,0.6243875026702881,,0.9957184791564941,0.41341209411621094,0.7174164652824402,,0.9947542548179626,0.3967421054840088,0.7488386631011963,,0.9890944361686707,forward,141.36132269363048,1
538,17.951266666666665,55.6638240814209,1080,1920,0.5406582355499268,0.527729868888855,,0.9999364614486694,0.5684313774108887,0.6226018667221069,,0.9942260384559631,0.5900833606719971,0.7188555002212524,,0.9917249083518982,0.6137169599533081,0.7482308745384216,,0.9856123924255371,forward,141.4686778695566,1,0.4492764174938202,0.5300045609474182,,0.9999187588691711,0.4256513714790344,0.6241483092308044,,0.9956502318382263,0.41336092352867126,0.7173968553543091,,0.994687020778656,0.397146999835968,0.7488355040550232,,0.9889862537384033,forward,141.43485662947847,1
539,17.984633333333335,53.999900817871094,1080,1920,0.5403308868408203,0.5275993943214417,,0.9999339580535889,0.5668362975120544,0.622205913066864,,0.9941682815551758,0.5901652574539185,0.7189105153083801,,0.99184250831604,0.61367267370224,0.7482633590698242,,0.9858256578445435,forward,142.30270998952557,1,0.44906628131866455,0.5301862955093384,,0.9999164342880249,0.4274657368659973,0.6233932971954346,,0.9956001043319702,0.413341760635376,0.7174190282821655,,0.9946588277816772,0.3970188498497009,0.748834490776062,,0.9889847636222839,forward,141.8238983515712,1
540,18.018,54.73518371582031,1080,1920,0.540325939655304,0.5268626809120178,,0.9999307990074158,0.5644691586494446,0.6220990419387817,,0.9941644072532654,0.5902243256568909,0.7189889550209045,,0.9919690489768982,0.6136075854301453,0.7482925057411194,,0.9860113263130188,forward,143.63281907410584,0,0.44909170269966125,0.5298321843147278,,0.999913215637207,0.42885518074035645,0.6229899525642395,,0.995572566986084,0.4130513072013855,0.7174411416053772,,0.9946419596672058,0.3968149423599243,0.7487605214118958,,0.9889819622039795,forward,142.7977814511197,1
541,18.051366666666667,55.54604530334473,1080,1920,0.5402215719223022,0.5267922282218933,,0.999927818775177,0.5627642869949341,0.6220894455909729,,0.9940807223320007,0.5902888178825378,0.7191178798675537,,0.9920120239257812,0.6126633882522583,0.7482957243919373,,0.9860821962356567,forward,144.11356417685082,0,0.4491135776042938,0.5297253131866455,,0.9999101161956787,0.4297430217266083,0.6225097179412842,,0.995511531829834,0.4128170311450958,0.7175567746162415,,0.9945809245109558,0.3966909646987915,0.748773455619812,,0.9889259338378906,forward,143.8932894197584,1
542,18.084733333333332,54.6112060546875,1080,1920,0.5400860905647278,0.5262936353683472,,0.9999239444732666,0.561672031879425,0.622079610824585,,0.9939199090003967,0.5902496576309204,0.7191197872161865,,0.9919729828834534,0.6110977530479431,0.7482794523239136,,0.9860181212425232,forward,144.79986131429473,0,0.44905680418014526,0.5292035341262817,,0.9999050498008728,0.4298361539840698,0.6225486397743225,,0.9953963160514832,0.4125431180000305,0.7176421284675598,,0.9944395422935486,0.39658623933792114,0.7487741112709045,,0.9887345433235168,forward,144.80636482749762,1
543,18.118100000000002,55.004119873046875,1080,1920,0.540081262588501,0.5259996652603149,,0.9999197125434875,0.5608184933662415,0.622015655040741,,0.9937810301780701,0.5902129411697388,0.7191450595855713,,0.9918991327285767,0.6099681854248047,0.7482958436012268,,0.9858858585357666,forward,145.37893245717777,0,0.44901737570762634,0.5289727449417114,,0.9998994469642639,0.4292740821838379,0.6225242018699646,,0.995297908782959,0.4119586646556854,0.7177271246910095,,0.9943078756332397,0.39586567878723145,0.748701810836792,,0.9885424971580505,forward,145.4227834479114,1
544,18.151466666666668,56.84399604797363,1080,1920,0.5400650501251221,0.5256205797195435,,0.9999178647994995,0.5605536103248596,0.6216982007026672,,0.9936583638191223,0.5901909470558167,0.7191574573516846,,0.9918713569641113,0.6096464395523071,0.7482949495315552,,0.9858561754226685,forward,146.50933271922153,0,0.44906365871429443,0.5286327004432678,,0.9998970627784729,0.42885711789131165,0.6224625706672668,,0.9952312707901001,0.411591500043869,0.7178772687911987,,0.9942373037338257,0.3948083519935608,0.7484922409057617,,0.9884734749794006,forward,146.47725787901612,1
545,18.184833333333334,55.30500411987305,1080,1920,0.5400453209877014,0.5250110626220703,,0.9999145865440369,0.5600849390029907,0.6214432120323181,,0.9933604598045349,0.5900155901908875,0.7191014885902405,,0.9916595220565796,0.609528660774231,0.7482225894927979,,0.9855682849884033,forward,147.6877162588088,0,0.44909656047821045,0.5284233093261719,,0.9998924136161804,0.4285556972026825,0.6223565340042114,,0.9950637221336365,0.41119223833084106,0.7180051803588867,,0.9940621256828308,0.3942261040210724,0.7482510805130005,,0.9882242679595947,forward,147.3995473409503,1
546,18.2182,55.4349422454834,1080,1920,0.540067195892334,0.5244556665420532,,0.9999112486839294,0.5595929026603699,0.6210529804229736,,0.9931483864784241,0.589995801448822,0.7191008925437927,,0.9914868474006653,0.6095522046089172,0.7482240200042725,,0.9853194355964661,forward,149.4371346938059,0,0.44909676909446716,0.528156042098999,,0.9998875260353088,0.4283820390701294,0.6221303939819336,,0.994924783706665,0.4108333885669708,0.7180845141410828,,0.9938847422599792,0.39421144127845764,0.7482315301895142,,0.9879612922668457,forward,148.56776186854714,1
547,18.251566666666665,56.69689178466797,1080,1920,0.5404644012451172,0.5239931344985962,,0.9999069571495056,0.5594052076339722,0.6210836172103882,,0.9929414987564087,0.5901235938072205,0.7191962599754333,,0.9912713170051575,0.6096683740615845,0.7482397556304932,,0.9849863052368164,forward,150.425896027461,0,0.44918227195739746,0.5278477072715759,,0.9998812079429626,0.42824986577033997,0.6220577955245972,,0.9947495460510254,0.41071680188179016,0.718093752861023,,0.993654727935791,0.39450743794441223,0.7482420802116394,,0.9876038432121277,forward,149.2363469738079,1
548,18.284933333333335,55.647850036621094,1080,1920,0.5411075949668884,0.5238064527511597,,0.9999015927314758,0.5595569014549255,0.6213475465774536,,0.9927218556404114,0.5907120108604431,0.719584047794342,,0.9910590052604675,0.6107648611068726,0.7483727931976318,,0.9846562147140503,forward,151.66163928223617,0,0.44930243492126465,0.5277958512306213,,0.9998733401298523,0.4281379282474518,0.6219941973686218,,0.9945553541183472,0.41067036986351013,0.718063473701477,,0.9933770895004272,0.3950272798538208,0.7482548356056213,,0.9871675968170166,forward,149.35320042713147,1
549,18.3183,55.69005012512207,1080,1920,0.5416142344474792,0.5237528681755066,,0.9998959302902222,0.5595504641532898,0.6218570470809937,,0.9924227595329285,0.5910850167274475,0.7199224829673767,,0.9907885193824768,0.6114838123321533,0.7484419345855713,,0.9842438697814941,forward,151.74593267149567,0,0.4496345818042755,0.5278236865997314,,0.9998646974563599,0.42812296748161316,0.6218241453170776,,0.9942783117294312,0.4106425344944,0.7179818749427795,,0.9930121898651123,0.3956426680088043,0.7482755184173584,,0.9865990281105042,forward,149.42879712576052,1
550,18.351666666666667,55.116891860961914,1080,1920,0.5421379208564758,0.5238270163536072,,0.9998915195465088,0.5595788359642029,0.6225694417953491,,0.9921526312828064,0.5912954211235046,0.7204275131225586,,0.9905149340629578,0.6120972037315369,0.7484782934188843,,0.9838533997535706,forward,151.91747099514927,0,0.45008212327957153,0.5278964638710022,,0.9998584389686584,0.4283510744571686,0.6218259334564209,,0.9940125346183777,0.4106515347957611,0.7179210186004639,,0.9926810264587402,0.39597219228744507,0.7483050227165222,,0.9860900044441223,forward,149.06316432320483,1
551,18.385033333333332,55.96423149108887,1080,1920,0.5424418449401855,0.5238553285598755,,0.9998855590820312,0.5593177080154419,0.6227146983146667,,0.9919061064720154,0.5913791656494141,0.7208284735679626,,0.9902889728546143,0.6120986342430115,0.7484849095344543,,0.9835030436515808,forward,153.16887015193024,0,0.4505678713321686,0.527906060218811,,0.9998496770858765,0.4283272922039032,0.6218335628509521,,0.9937395453453064,0.4106861352920532,0.7177795767784119,,0.9923413991928101,0.39621737599372864,0.7483046054840088,,0.9855597615242004,forward,148.46813824560726,1
552,18.418400000000002,55.19366264343262,1080,1920,0.5426461696624756,0.5236561298370361,,0.9998805522918701,0.5593171715736389,0.622734010219574,,0.9917333722114563,0.5914074778556824,0.720996081829071,,0.9901317358016968,0.6121748089790344,0.74854576587677,,0.9832440614700317,forward,154.22197579043322,0,0.45097947120666504,0.5278180837631226,,0.9998424649238586,0.42825081944465637,0.621842086315155,,0.9935342669487,0.41072148084640503,0.7177008986473083,,0.9920880794525146,0.3963838219642639,0.7483065128326416,,0.9851540327072144,forward,148.28051494964865,1
553,18.451766666666668,55.298805236816406,1080,1920,0.5428775548934937,0.5235885977745056,,0.9998753666877747,0.5593627095222473,0.6228296160697937,,0.9915565252304077,0.5914143919944763,0.7210254669189453,,0.9899416565895081,0.61219722032547,0.7485862374305725,,0.9829404354095459,forward,154.18282516216584,0,0.45125672221183777,0.5277562737464905,,0.9998347163200378,0.4282265305519104,0.6218259334564209,,0.9933342933654785,0.41075313091278076,0.7175366282463074,,0.9918172359466553,0.39683809876441956,0.7483921647071838,,0.9847167730331421,forward,147.81440253764765,1
554,18.485133333333334,55.21988868713379,1080,1920,0.5429494976997375,0.5236247181892395,,0.9998697638511658,0.5594358444213867,0.6228994727134705,,0.9914619326591492,0.5913887023925781,0.721018373966217,,0.9898151755332947,0.6121469140052795,0.7486287355422974,,0.9827364087104797,forward,153.890290145327,0,0.4513019919395447,0.5277714729309082,,0.999826967716217,0.42819374799728394,0.6218456029891968,,0.9932328462600708,0.41077688336372375,0.7175009846687317,,0.9916620850563049,0.39707887172698975,0.7486175298690796,,0.9844382405281067,forward,147.62916224508663,1
555,18.5185,55.52101135253906,1080,1920,0.5429286360740662,0.523644208908081,,0.9998648762702942,0.5596394538879395,0.6229060292243958,,0.9914271235466003,0.5913638472557068,0.7210111618041992,,0.9897959232330322,0.6121301651000977,0.7486841678619385,,0.9827046394348145,forward,153.80719520732853,0,0.45130839943885803,0.5277310013771057,,0.9998201727867126,0.4281645119190216,0.6219466328620911,,0.9931762218475342,0.41078445315361023,0.7174530029296875,,0.9915853142738342,0.3973289728164673,0.7487014532089233,,0.984306812286377,forward,147.33904600233484,1
556,18.551866666666665,54.084062576293945,1080,1920,0.5427446365356445,0.52370685338974,,0.9998592138290405,0.5599163174629211,0.6227482557296753,,0.9914520978927612,0.5913145542144775,0.7209984660148621,,0.989889919757843,0.6122618317604065,0.7487281560897827,,0.9828144311904907,forward,154.10306174276735,0,0.4513029456138611,0.5277406573295593,,0.9998122453689575,0.42814406752586365,0.6219319701194763,,0.9931756854057312,0.41076722741127014,0.7173055410385132,,0.9915922284126282,0.3974388539791107,0.7487019896507263,,0.9842977523803711,forward,146.87716266551618,1
557,18.585233333333335,54.80074882507324,1080,1920,0.542425811290741,0.5238816738128662,,0.9998546242713928,0.5602971911430359,0.62258380651474,,0.9915032982826233,0.5913135409355164,0.7209145426750183,,0.990008533000946,0.612641453742981,0.7487413287162781,,0.9829763174057007,forward,153.94283532842044,0,0.4512821137905121,0.5277717113494873,,0.9998061656951904,0.4281417429447174,0.6219319105148315,,0.9932047128677368,0.4106999635696411,0.7170979380607605,,0.9916312098503113,0.3977762758731842,0.7487092614173889,,0.9843416213989258,forward,146.1969222168793,1
558,18.6186,55.09591102600098,1080,1920,0.5419439077377319,0.5243213176727295,,0.9998528957366943,0.5611765384674072,0.6225060224533081,,0.9915790557861328,0.5913493633270264,0.720864474773407,,0.9901649951934814,0.6129480004310608,0.7487731575965881,,0.9832127690315247,forward,153.2592059738282,0,0.4512109160423279,0.5281577110290527,,0.9998038411140442,0.4281997084617615,0.6219452023506165,,0.993252158164978,0.4106789231300354,0.7170621156692505,,0.9917160868644714,0.3980342447757721,0.7487146854400635,,0.9844814538955688,forward,145.50659507893383,1
559,18.651966666666667,54.97407913208008,1080,1920,0.5416522026062012,0.5247551798820496,,0.9998521208763123,0.562384307384491,0.6223611831665039,,0.9916567206382751,0.5914276242256165,0.7205168008804321,,0.9903272986412048,0.6133055686950684,0.7487772703170776,,0.9834533929824829,forward,151.38186469796608,0,0.4511922597885132,0.5287394523620605,,0.9998027086257935,0.4281822741031647,0.6220207214355469,,0.993309736251831,0.4106803834438324,0.7170451283454895,,0.9918222427368164,0.3981602191925049,0.7487192749977112,,0.9846566319465637,forward,144.51661995318165,1
560,18.685333333333332,54.64005470275879,1080,1920,0.5414334535598755,0.5251481533050537,,0.9998497366905212,0.5640371441841125,0.6223554015159607,,0.991711437702179,0.5914741158485413,0.720366895198822,,0.9904555082321167,0.6137486100196838,0.748781144618988,,0.9836410880088806,forward,150.16109215143098,0,0.45137932896614075,0.5290448665618896,,0.9998003840446472,0.42816776037216187,0.6220606565475464,,0.9933621287345886,0.4106243848800659,0.7170083522796631,,0.9919304251670837,0.39815059304237366,0.7487210035324097,,0.9848256707191467,forward,143.92826071404477,1
561,18.718700000000002,53.78007888793945,1080,1920,0.541318953037262,0.5263622403144836,,0.9998477101325989,0.567668616771698,0.622475802898407,,0.9918521642684937,0.5915735960006714,0.7203541994094849,,0.9906553626060486,0.6145410537719727,0.7487861514091492,,0.9839214086532593,forward,148.06978065656736,1,0.4514428377151489,0.5301133990287781,,0.9997978806495667,0.42798539996147156,0.62224942445755,,0.9934839010238647,0.41057464480400085,0.717008650302887,,0.992103099822998,0.3979905843734741,0.7487775087356567,,0.9850867390632629,forward,142.21788262491572,1
562,18.752066666666668,57.76476860046387,1080,1920,0.5411352515220642,0.5271033644676208,,0.9998454451560974,0.5703849792480469,0.6227935552597046,,0.9919794201850891,0.5917205214500427,0.720158040523529,,0.9908298254013062,0.6154284477233887,0.748765766620636,,0.9841409921646118,forward,145.67207514487018,1,0.45149099826812744,0.5305259227752686,,0.9997954368591309,0.4279630482196808,0.6223705410957336,,0.9935885667800903,0.4105718433856964,0.7169704437255859,,0.9922531843185425,0.39791393280029297,0.7488135695457458,,0.9852960705757141,forward,141.41128866160219,1
563,18.785433333333334,51.95808410644531,1080,1920,0.5410569906234741,0.5274174213409424,,0.9998419880867004,0.5728809237480164,0.6227890253067017,,0.9921087622642517,0.5922715067863464,0.7197715044021606,,0.9909997582435608,0.6168131232261658,0.7486680150032043,,0.9843529462814331,forward,144.0772172580687,1,0.4517742693424225,0.5307337641716003,,0.9997923374176025,0.4280308187007904,0.6229923963546753,,0.9936957955360413,0.41057461500167847,0.7170202732086182,,0.9924132227897644,0.3978814482688904,0.7489890456199646,,0.9855142831802368,forward,140.53541504447318,1
564,18.8188,53.86614799499512,1080,1920,0.5410619974136353,0.5281341075897217,,0.9998389482498169,0.5758646130561829,0.6227758526802063,,0.9921822547912598,0.5923361778259277,0.7194349765777588,,0.9910807013511658,0.6174414157867432,0.7486246824264526,,0.9844306707382202,forward,142.22422494586567,1,0.45221060514450073,0.5312876105308533,,0.9997894167900085,0.42810508608818054,0.6241579055786133,,0.993744432926178,0.41059863567352295,0.7173058390617371,,0.9925026893615723,0.3978765308856964,0.7492126822471619,,0.985594630241394,forward,139.41002485084513,1
565,18.852166666666665,56.7929744720459,1080,1920,0.5410812497138977,0.5290086269378662,,0.9998379945755005,0.5787681341171265,0.6227696537971497,,0.9921973943710327,0.5923182964324951,0.7185933589935303,,0.9910659193992615,0.6174076795578003,0.7485573291778564,,0.9843746423721313,forward,139.03986808410022,1,0.4526253640651703,0.5319337844848633,,0.9997897148132324,0.428320050239563,0.62516188621521,,0.9937849640846252,0.41071414947509766,0.7175208330154419,,0.9925907254219055,0.39787372946739197,0.7495030760765076,,0.9856812953948975,forward,138.3308356023773,1
566,18.885533333333335,55.325984954833984,1080,1920,0.5414324998855591,0.529869019985199,,0.9998388886451721,0.5798481702804565,0.6227766275405884,,0.9919871091842651,0.5923160314559937,0.7177826762199402,,0.9908333420753479,0.61720871925354,0.7485016584396362,,0.9839815497398376,forward,136.2248411663873,1,0.45348793268203735,0.532760500907898,,0.9997902512550354,0.42832666635513306,0.6258974075317383,,0.9936500787734985,0.41078007221221924,0.7178929448127747,,0.992474377155304,0.39816832542419434,0.7498779892921448,,0.9854309558868408,forward,137.5211315265426,1
567,18.9189,55.88507652282715,1080,1920,0.5417128205299377,0.5310553312301636,,0.9998400807380676,0.5821324586868286,0.6230370998382568,,0.991650402545929,0.5923047661781311,0.7175619006156921,,0.990437924861908,0.6168632507324219,0.7485156655311584,,0.9833621382713318,forward,134.18087740151896,1,0.45396363735198975,0.5343611240386963,,0.9997900128364563,0.42755231261253357,0.6262727379798889,,0.9933874011039734,0.4109562039375305,0.7179673314094543,,0.9921942949295044,0.3985370993614197,0.7499819993972778,,0.9849287271499634,forward,135.320205916107,1
568,18.952266666666667,55.11021614074707,1080,1920,0.5418831706047058,0.5333541631698608,,0.9998406767845154,0.5838079452514648,0.6236112117767334,,0.9912579655647278,0.5923025608062744,0.7172010540962219,,0.9898365139961243,0.6162047386169434,0.7485181093215942,,0.982307493686676,forward,130.525330912583,1,0.45406898856163025,0.5369265079498291,,0.9997895956039429,0.42669638991355896,0.6273232698440552,,0.9930599331855774,0.41118159890174866,0.7179831862449646,,0.9918739795684814,0.39895346760749817,0.7501130700111389,,0.9842241406440735,forward,131.62777637031814,1
569,18.985633333333332,54.563045501708984,1080,1920,0.5422347187995911,0.5363305807113647,,0.999847412109375,0.5853838324546814,0.6249292492866516,,0.9910221099853516,0.5922619104385376,0.7171610593795776,,0.989486038684845,0.6160970330238342,0.7485209703445435,,0.9817215204238892,forward,126.49635461581566,1,0.45425179600715637,0.540057361125946,,0.999797523021698,0.4254382848739624,0.6285532712936401,,0.9926976561546326,0.4112808108329773,0.7179826498031616,,0.9916794300079346,0.39861947298049927,0.7501161098480225,,0.9838216304779053,forward,127.44415519136552,1
570,19.019000000000002,54.56709861755371,1080,1920,0.5425999164581299,0.5388123989105225,,0.9998550415039062,0.5871769785881042,0.6272112131118774,,0.9905867576599121,0.5922580361366272,0.717288076877594,,0.9889811873435974,0.6161290407180786,0.7486409544944763,,0.9809481501579285,forward,123.07986031700338,1,0.4544975757598877,0.5419503450393677,,0.9998064041137695,0.4233226478099823,0.6292468905448914,,0.9920670986175537,0.41126614809036255,0.7178928852081299,,0.991275429725647,0.3985407054424286,0.7501670122146606,,0.9831466674804688,forward,124.94721236728599,1
571,19.052366666666668,54.986000061035156,1080,1920,0.5431436896324158,0.5400930047035217,,0.9998635053634644,0.5884029865264893,0.6280103921890259,,0.9901782870292664,0.5921659469604492,0.717206597328186,,0.988529622554779,0.6161953806877136,0.7487132549285889,,0.9803832173347473,forward,121.38897263527276,1,0.45510807633399963,0.5428155064582825,,0.9998173117637634,0.42195355892181396,0.6297284364700317,,0.9914618134498596,0.41133832931518555,0.717799723148346,,0.9909968376159668,0.3984145522117615,0.7501722574234009,,0.9827631711959839,forward,123.71220762425969,1
572,19.085733333333334,54.94189262390137,1080,1920,0.54362553358078,0.5417221188545227,,0.9998716711997986,0.5893677473068237,0.6286150813102722,,0.989733099937439,0.5920777320861816,0.717039942741394,,0.9878710508346558,0.6160802245140076,0.7487645745277405,,0.9795257449150085,forward,119.36010897669654,1,0.455693781375885,0.543736457824707,,0.9998286962509155,0.42118319869041443,0.6300933361053467,,0.9911292791366577,0.4115074574947357,0.7177734375,,0.9909551739692688,0.39839276671409607,0.7506885528564453,,0.9827418327331543,forward,122.57373332122894,1
573,19.1191,54.26502227783203,1080,1920,0.5443705320358276,0.5428962707519531,,0.9998801350593567,0.5903051495552063,0.6286658644676208,,0.9898453950881958,0.5920549035072327,0.7169153094291687,,0.9878422617912292,0.61586594581604,0.7488006353378296,,0.9795706868171692,forward,118.05012781161584,1,0.4568898379802704,0.5441615581512451,,0.9998392462730408,0.4201797842979431,0.6305783987045288,,0.9909568428993225,0.4115361273288727,0.7173965573310852,,0.9909446835517883,0.3981766700744629,0.7507861852645874,,0.9827574491500854,forward,121.47828895654106,1
574,19.152466666666665,55.10401725769043,1080,1920,0.5450671315193176,0.5439637303352356,,0.9998860359191895,0.5907579660415649,0.629194438457489,,0.9897733926773071,0.5922272205352783,0.7169185280799866,,0.9877267479896545,0.6159188151359558,0.7489085793495178,,0.9794110059738159,forward,116.87551591342027,1,0.4577088952064514,0.5448558330535889,,0.9998446702957153,0.4196082353591919,0.6317306160926819,,0.9906598925590515,0.4116477966308594,0.7167924642562866,,0.9907553791999817,0.39710935950279236,0.750271737575531,,0.9824771881103516,forward,119.74089845655433,1
575,19.185833333333335,54.95309829711914,1080,1920,0.5456664562225342,0.545282781124115,,0.9998924136161804,0.5912280082702637,0.6300373673439026,,0.9898700714111328,0.5924214124679565,0.716940701007843,,0.9876366853713989,0.6152173280715942,0.7489569783210754,,0.9792187213897705,forward,115.4204010941637,1,0.4585210084915161,0.5461500287055969,,0.9998515844345093,0.41845381259918213,0.6325165033340454,,0.9905465245246887,0.412092924118042,0.7165733575820923,,0.9907106161117554,0.39626261591911316,0.7498261332511902,,0.9823649525642395,forward,117.98978518038396,1
576,19.2192,54.41904067993164,1080,1920,0.5472313761711121,0.5466307401657104,,0.9998992681503296,0.5918326377868652,0.6317805647850037,,0.9901357293128967,0.5926104187965393,0.7169561386108398,,0.9875516295433044,0.6148252487182617,0.7488325834274292,,0.979041337966919,forward,113.76407787855814,1,0.459511935710907,0.547974705696106,,0.9998602271080017,0.41647660732269287,0.6333359479904175,,0.9906232953071594,0.41223782300949097,0.7166401743888855,,0.9907922744750977,0.39354702830314636,0.7498103976249695,,0.9824199080467224,forward,116.06117330333933,1
577,19.252566666666667,54.9008846282959,1080,1920,0.547377347946167,0.5486208200454712,,0.9999062418937683,0.5928457379341125,0.6317371129989624,,0.9905748963356018,0.5929279923439026,0.7170535326004028,,0.9877541065216064,0.6146920919418335,0.7487796545028687,,0.9793031811714172,forward,112.05760081749425,1,0.45972469449043274,0.5501682758331299,,0.9998691082000732,0.4145362377166748,0.6342135071754456,,0.9909154176712036,0.4122004806995392,0.7166468501091003,,0.9910567998886108,0.3905332684516907,0.7497139573097229,,0.982802152633667,forward,113.73990276469286,1
578,19.285933333333332,55.19413948059082,1080,1920,0.5480473041534424,0.551007866859436,,0.9999132752418518,0.5935781598091125,0.6322703957557678,,0.9909836649894714,0.5929695963859558,0.7174753546714783,,0.987861156463623,0.6146311163902283,0.7487689256668091,,0.9794002771377563,forward,110.29514387516022,1,0.460063636302948,0.5526785254478455,,0.9998785853385925,0.4131849706172943,0.634642481803894,,0.9912244081497192,0.4120127856731415,0.716577410697937,,0.9912837147712708,0.38903722167015076,0.7497562170028687,,0.983099639415741,forward,111.16409926006406,1
579,19.319300000000002,54.93617057800293,1080,1920,0.5483416318893433,0.5530238747596741,,0.9999193549156189,0.5939436554908752,0.633841872215271,,0.9913855195045471,0.5929694175720215,0.718067467212677,,0.9880046248435974,0.6145641803741455,0.748745322227478,,0.9795299768447876,forward,108.81439851314899,1,0.46056246757507324,0.5546650290489197,,0.9998867511749268,0.41189321875572205,0.6348775625228882,,0.9915276765823364,0.4116799831390381,0.7165550589561462,,0.9915245175361633,0.3874070346355438,0.7497798204421997,,0.9834042191505432,forward,109.25169566674478,1
580,19.352666666666668,55.09305000305176,1080,1920,0.5489229559898376,0.5551185607910156,,0.9999240636825562,0.594380795955658,0.6360858082771301,,0.9916415214538574,0.5928759574890137,0.71881103515625,,0.9879660606384277,0.6143667101860046,0.7486820816993713,,0.9793498516082764,forward,107.32511514013873,1,0.46146371960639954,0.5569231510162354,,0.999893069267273,0.4105226993560791,0.635851263999939,,0.9917501211166382,0.4106079638004303,0.7165296673774719,,0.991669237613678,0.3865533471107483,0.7497907280921936,,0.9835358262062073,forward,107.0182627344715,1
581,19.386033333333334,54.37207221984863,1080,1920,0.5498982071876526,0.557462751865387,,0.9999287724494934,0.5949339270591736,0.6382467746734619,,0.9918925166130066,0.5926355719566345,0.719344973564148,,0.9875923991203308,0.6143738627433777,0.7486419677734375,,0.9785234928131104,forward,105.48833613002972,1,0.46216848492622375,0.5591937899589539,,0.9999001026153564,0.40843042731285095,0.6365222334861755,,0.9920973181724548,0.4094938635826111,0.7165146470069885,,0.9917328953742981,0.3850688338279724,0.7498255372047424,,0.9834808111190796,forward,104.8932825830532,1
582,19.4194,54.50010299682617,1080,1920,0.5501750707626343,0.5595213770866394,,0.999933123588562,0.5957028269767761,0.6390435099601746,,0.9921040534973145,0.5924622416496277,0.7189787030220032,,0.9871026277542114,0.6143628358840942,0.7485338449478149,,0.9775965213775635,forward,103.2581912244257,1,0.46256497502326965,0.5611571073532104,,0.9999066591262817,0.40685737133026123,0.6368539333343506,,0.9924430251121521,0.40926986932754517,0.7163741588592529,,0.9918026924133301,0.38533803820610046,0.7498534917831421,,0.9834775924682617,forward,103.01269445303404,1
583,19.452766666666665,54.64506149291992,1080,1920,0.5501915812492371,0.5620920658111572,,0.9999373555183411,0.5965251326560974,0.6401361227035522,,0.9923502802848816,0.5922462344169617,0.7184998989105225,,0.9867053627967834,0.6134452819824219,0.7484997510910034,,0.9768478274345398,forward,100.51572357079795,1,0.46276411414146423,0.5634952187538147,,0.9999131560325623,0.40475597977638245,0.637246310710907,,0.9928685426712036,0.4091372787952423,0.716386079788208,,0.992047131061554,0.3843553364276886,0.7500208616256714,,0.9838384389877319,forward,101.01089256955866,1
584,19.486133333333335,54.46624755859375,1080,1920,0.5503196716308594,0.5634579062461853,,0.9999415874481201,0.5968407988548279,0.6395906805992126,,0.992564857006073,0.5916425585746765,0.7183449268341064,,0.9864119291305542,0.6133942604064941,0.7483898997306824,,0.9762682914733887,forward,99.3435717973992,1,0.4629935026168823,0.5648162961006165,,0.9999192953109741,0.4050373136997223,0.6373465657234192,,0.9931839108467102,0.4085880517959595,0.716621994972229,,0.9921145439147949,0.3830881118774414,0.7500874400138855,,0.9838590621948242,forward,100.1615531979669,1
585,19.5195,54.29983139038086,1080,1920,0.5503011345863342,0.5661270022392273,,0.9999461770057678,0.597019612789154,0.6393007040023804,,0.9927985072135925,0.5912651419639587,0.7183659076690674,,0.9861757159233093,0.613553524017334,0.7484185099601746,,0.9759346842765808,forward,97.3344976143328,1,0.4630281925201416,0.5672205090522766,,0.9999257922172546,0.40526750683784485,0.6373104453086853,,0.9934890270233154,0.40857288241386414,0.7169151902198792,,0.9921501278877258,0.38168880343437195,0.7500916719436646,,0.9839070439338684,forward,98.57490776907682,1
586,19.552866666666667,52.98900604248047,1080,1920,0.5502245426177979,0.5682156682014465,,0.9999505281448364,0.5969342589378357,0.6392543315887451,,0.9930570125579834,0.5911592245101929,0.718364953994751,,0.9860873818397522,0.6135902404785156,0.7483285069465637,,0.9758554100990295,forward,95.7684260477898,1,0.46301284432411194,0.569350004196167,,0.9999317526817322,0.40534722805023193,0.6374139189720154,,0.9937744736671448,0.40825751423835754,0.7170558571815491,,0.9922166466712952,0.3817325830459595,0.7503671050071716,,0.9840224981307983,forward,97.06096050068325,1
587,19.586233333333332,54.34703826904297,1080,1920,0.5502089262008667,0.5704805850982666,,0.9999545216560364,0.5970353484153748,0.6390807628631592,,0.9933438301086426,0.5908464789390564,0.7181994318962097,,0.9858599901199341,0.6137251257896423,0.7483251690864563,,0.9755270481109619,forward,93.98711226024284,1,0.4629930853843689,0.5715836882591248,,0.999937117099762,0.40503042936325073,0.6374194622039795,,0.994072675704956,0.4082663059234619,0.7170838117599487,,0.9921038746833801,0.3823096454143524,0.7503252625465393,,0.9838074445724487,forward,95.4194319014411,1
588,19.619600000000002,54.802894592285156,1080,1920,0.550197184085846,0.5725798010826111,,0.9999585151672363,0.5970557332038879,0.6386694312095642,,0.9937461018562317,0.590880274772644,0.7174723148345947,,0.9860528707504272,0.6137187480926514,0.7481632828712463,,0.9760302305221558,forward,91.89108852491071,1,0.462993860244751,0.5737060904502869,,0.9999424815177917,0.4043104648590088,0.6374439597129822,,0.9944567680358887,0.40878820419311523,0.7172349691390991,,0.9922459721565247,0.38235440850257874,0.7502845525741577,,0.9841499328613281,forward,94.01969111919954,1
589,19.652966666666668,55.72772026062012,1080,1920,0.549929678440094,0.5737494826316833,,0.9999618530273438,0.5972855687141418,0.6384156346321106,,0.9939671158790588,0.5907121896743774,0.7174548506736755,,0.9859554171562195,0.6138036847114563,0.7480084300041199,,0.9759892821311951,forward,91.12149482836097,1,0.46299538016319275,0.5744718909263611,,0.9999469518661499,0.4039686322212219,0.6375589370727539,,0.9946739077568054,0.40873631834983826,0.7173576354980469,,0.9921378493309021,0.38279804587364197,0.7500947117805481,,0.9840086698532104,forward,93.55947725442769,1
590,19.686333333333334,54.747819900512695,1080,1920,0.5499129295349121,0.5751757025718689,,0.9999653100967407,0.5973206162452698,0.6372962594032288,,0.9943084716796875,0.5905073285102844,0.7174565196037292,,0.9861378073692322,0.6138060092926025,0.7479637861251831,,0.976512610912323,forward,90.46507504769359,1,0.4629743993282318,0.5756557583808899,,0.9999516010284424,0.40352630615234375,0.6375414729118347,,0.9950183033943176,0.40872466564178467,0.717373251914978,,0.9922870397567749,0.38285964727401733,0.7497918605804443,,0.9843999147415161,forward,92.73738076175006,1
591,19.7197,54.34107780456543,1080,1920,0.5499193668365479,0.5767830610275269,,0.999968409538269,0.5973717570304871,0.637139081954956,,0.9946739077568054,0.5899935960769653,0.7174299359321594,,0.9864513278007507,0.6135660409927368,0.7474029660224915,,0.9771386384963989,forward,89.40473418266075,1,0.4629821479320526,0.5773010849952698,,0.9999558329582214,0.40283721685409546,0.6375398635864258,,0.9953749179840088,0.4085977077484131,0.7173712253570557,,0.9924972057342529,0.38325539231300354,0.7490953803062439,,0.9848450422286987,forward,91.57857020529744,1
592,19.753066666666665,54.09693717956543,1080,1920,0.5499022006988525,0.5778782367706299,,0.9999710917472839,0.5976972579956055,0.637384295463562,,0.9949166178703308,0.5897631049156189,0.7174308896064758,,0.9864800572395325,0.613559901714325,0.747383713722229,,0.9773468375205994,forward,88.5967637778484,1,0.4629961848258972,0.5783900618553162,,0.9999594688415527,0.4022502899169922,0.6375277638435364,,0.9956409931182861,0.40844061970710754,0.7175594568252563,,0.9926234483718872,0.3833737075328827,0.748152494430542,,0.9851322770118713,forward,91.02185369174516,1
593,19.786433333333335,55.31907081604004,1080,1920,0.5498771667480469,0.5782423615455627,,0.9999735951423645,0.597687304019928,0.6374639868736267,,0.9951948523521423,0.5894632339477539,0.7174361348152161,,0.9867186546325684,0.6135619282722473,0.7472764849662781,,0.9778372049331665,forward,88.33472732708985,1,0.46298444271087646,0.5787370800971985,,0.9999628067016602,0.4019091725349426,0.6374667882919312,,0.9959256052970886,0.40831905603408813,0.7175534963607788,,0.9928475022315979,0.3837374448776245,0.7477606534957886,,0.9855789542198181,forward,90.79764039317998,1
594,19.8198,54.99577522277832,1080,1920,0.5498579740524292,0.5783317685127258,,0.9999759197235107,0.5977287292480469,0.6374306082725525,,0.9954624772071838,0.5893942713737488,0.7174435257911682,,0.9870226979255676,0.613889753818512,0.7471584677696228,,0.9783987998962402,forward,88.29345037503239,1,0.46288594603538513,0.5789516568183899,,0.9999659061431885,0.4001918435096741,0.6375724077224731,,0.996196985244751,0.40824371576309204,0.7175449132919312,,0.9930996298789978,0.3842611312866211,0.7474607825279236,,0.9860684275627136,forward,90.6036080105093,1
595,19.853166666666667,55.4661750793457,1080,1920,0.5498180985450745,0.5786799192428589,,0.9999780058860779,0.5977238416671753,0.6366127729415894,,0.9957072734832764,0.5893058776855469,0.7175703048706055,,0.9873476028442383,0.6149184107780457,0.7471531629562378,,0.9789505004882812,forward,88.46464118789771,1,0.46287453174591064,0.57960444688797,,0.9999687075614929,0.3999577462673187,0.6376020312309265,,0.9964411854743958,0.4080309271812439,0.7175073027610779,,0.9933341145515442,0.3844817280769348,0.7472339272499084,,0.9865111708641052,forward,90.10589381099098,1
596,19.886533333333333,54.63886260986328,1080,1920,0.5501295328140259,0.5782737731933594,,0.9999798536300659,0.5982502698898315,0.6374475359916687,,0.9959542155265808,0.5892890691757202,0.717644453048706,,0.9877674579620361,0.6151400804519653,0.7471184134483337,,0.9795531034469604,forward,88.52451736251915,1,0.4628699719905853,0.5790349841117859,,0.9999712705612183,0.39929428696632385,0.6378609538078308,,0.9966856837272644,0.40797871351242065,0.7175252437591553,,0.9936332106590271,0.38448935747146606,0.7471888661384583,,0.9870346188545227,forward,90.42560412705123,1
597,19.919900000000002,54.959774017333984,1080,1920,0.5502868890762329,0.5777918696403503,,0.9999814629554749,0.5989131927490234,0.638108491897583,,0.996171236038208,0.589246392250061,0.7176460027694702,,0.9881322383880615,0.6152083873748779,0.7469831109046936,,0.9800625443458557,forward,88.63887506990986,1,0.46286794543266296,0.5785732269287109,,0.9999735355377197,0.3989950120449066,0.6384236812591553,,0.9968995451927185,0.407977819442749,0.7176830768585205,,0.993910014629364,0.384530246257782,0.7472096681594849,,0.9875124096870422,forward,90.71941994701098,1
598,19.953266666666668,55.54604530334473,1080,1920,0.5503897666931152,0.5769739151000977,,0.9999829530715942,0.599136233329773,0.6381449103355408,,0.9963777661323547,0.589236319065094,0.7177096009254456,,0.9885623455047607,0.6152018308639526,0.7468321323394775,,0.9807175993919373,forward,89.23885567184352,1,0.46271952986717224,0.5772758722305298,,0.9999756217002869,0.3990088999271393,0.6387522220611572,,0.9970909953117371,0.4079783260822296,0.7177912592887878,,0.9941867589950562,0.38460132479667664,0.7472713589668274,,0.988011360168457,forward,91.63436553801337,1
599,19.986633333333334,55.641889572143555,1080,1920,0.5504112243652344,0.5742413997650146,,0.9999842047691345,0.5992138981819153,0.6381037831306458,,0.9965376853942871,0.5891353487968445,0.7177606225013733,,0.9889002442359924,0.6150290369987488,0.7467988133430481,,0.9812191724777222,forward,91.1632630476876,1,0.46254220604896545,0.5743113160133362,,0.9999773502349854,0.39927202463150024,0.6388587355613708,,0.9972468018531799,0.40797123312950134,0.7181537747383118,,0.9944204092025757,0.38465607166290283,0.7476436495780945,,0.9884070754051208,forward,94.09607325858371,1
600,20.02,55.39202690124512,1080,1920,0.55032879114151,0.569842517375946,,0.9999853372573853,0.5992069840431213,0.6367238163948059,,0.9966349601745605,0.589134693145752,0.7185235619544983,,0.9891434907913208,0.6147083640098572,0.7468554973602295,,0.9815665483474731,forward,95.42242054962792,1,0.46233266592025757,0.569395899772644,,0.9999788999557495,0.4004737436771393,0.6382716298103333,,0.997349202632904,0.407970130443573,0.7184520959854126,,0.9945840835571289,0.3846871256828308,0.7477146983146667,,0.9886658191680908,forward,98.23772019172105,1
601,20.053366666666665,54.5957088470459,1080,1920,0.5502484440803528,0.5650032758712769,,0.9999863505363464,0.599218487739563,0.6353622674942017,,0.9967042803764343,0.5893280506134033,0.719119131565094,,0.9893920421600342,0.6141751408576965,0.7469739317893982,,0.9818437695503235,forward,100.0087700646076,1,0.46221452951431274,0.5646314024925232,,0.9999802708625793,0.40130379796028137,0.6371864080429077,,0.9973883628845215,0.40802791714668274,0.7184529900550842,,0.9946139454841614,0.3846740126609802,0.7480791211128235,,0.9886520504951477,forward,102.27044506541114,1
602,20.086733333333335,55.0990104675293,1080,1920,0.5502467751502991,0.5606387853622437,,0.9999869465827942,0.599176287651062,0.6341086626052856,,0.9966910481452942,0.5894554257392883,0.7191372513771057,,0.9893909692764282,0.6137629747390747,0.7469593286514282,,0.9816911220550537,forward,103.75920944557014,1,0.46221041679382324,0.5606266260147095,,0.9999811053276062,0.4040888845920563,0.6354073286056519,,0.997353196144104,0.4082718789577484,0.7183497548103333,,0.9946072101593018,0.3848227560520172,0.7480848431587219,,0.988548219203949,forward,105.9384878568021,1
603,20.1201,55.19294738769531,1080,1920,0.5502825975418091,0.557051956653595,,0.9999871253967285,0.5985689759254456,0.6338569521903992,,0.9965446591377258,0.5895189046859741,0.7193151116371155,,0.9892641305923462,0.6136781573295593,0.7468055486679077,,0.9813439846038818,forward,106.86733319335707,1,0.4622551202774048,0.5569370985031128,,0.9999814629554749,0.4054710865020752,0.6345859169960022,,0.99728924036026,0.4082696735858917,0.718400776386261,,0.9947066903114319,0.38436076045036316,0.7484303116798401,,0.9886831641197205,forward,109.37850870594772,1
604,20.153466666666667,54.99386787414551,1080,1920,0.550338864326477,0.5528433322906494,,0.9999863505363464,0.597316563129425,0.6334633231163025,,0.9963006973266602,0.5906871557235718,0.7193365097045898,,0.9890508055686951,0.6135945916175842,0.7467321157455444,,0.9808940291404724,forward,110.51102218397963,1,0.4622696340084076,0.5532600283622742,,0.9999806880950928,0.4073217809200287,0.6338809728622437,,0.9971795678138733,0.40842270851135254,0.718549907207489,,0.9947899580001831,0.38432061672210693,0.7486870288848877,,0.9888010621070862,forward,113.05200962704754,1
605,20.186833333333333,55.19723892211914,1080,1920,0.5503807067871094,0.5491513609886169,,0.999985933303833,0.5962740778923035,0.6303632855415344,,0.996041476726532,0.5910202264785767,0.7192903161048889,,0.9888923764228821,0.6136109828948975,0.7467361688613892,,0.9807192087173462,forward,114.79815935919025,1,0.4622659683227539,0.5494924783706665,,0.9999805688858032,0.4091004431247711,0.6322678923606873,,0.9970632791519165,0.4093341827392578,0.7191202044487,,0.9949159622192383,0.3854976296424866,0.7487586736679077,,0.9890797734260559,forward,117.83511396118817,1
606,20.220200000000002,54.31699752807617,1080,1920,0.5503543615341187,0.5457783937454224,,0.99998539686203,0.5947537422180176,0.6281161904335022,,0.9956583976745605,0.591450035572052,0.719194233417511,,0.9887111186981201,0.6134324669837952,0.7467635869979858,,0.9805801510810852,forward,118.783904987916,1,0.4620743691921234,0.5455734729766846,,0.9999802708625793,0.41154730319976807,0.6286491751670837,,0.9969387650489807,0.4094716012477875,0.7193765640258789,,0.995064377784729,0.3862304985523224,0.7488270401954651,,0.9894562363624573,forward,123.81396728160657,1
607,20.253566666666668,53.74312400817871,1080,1920,0.5505095720291138,0.5428880453109741,,0.9999843835830688,0.5934581756591797,0.6282064318656921,,0.995117723941803,0.5914704203605652,0.7190977931022644,,0.9882789254188538,0.6133069396018982,0.7469052076339722,,0.9801698327064514,forward,121.22868919844069,1,0.4621070921421051,0.5427306294441223,,0.9999798536300659,0.4141625165939331,0.6264600157737732,,0.9967477321624756,0.4104853570461273,0.71937495470047,,0.9951773881912231,0.3888739347457886,0.7488126158714294,,0.9897735118865967,forward,128.4460334897513,1
608,20.286933333333334,54.57496643066406,1080,1920,0.5507326126098633,0.5402049422264099,,0.9999828934669495,0.59102463722229,0.628198504447937,,0.9946690797805786,0.5915347933769226,0.7191736698150635,,0.9881227612495422,0.6136199831962585,0.7472196817398071,,0.9800803661346436,forward,123.95694190354793,1,0.4621342420578003,0.5399825572967529,,0.9999785423278809,0.4163685142993927,0.6261805891990662,,0.9963594675064087,0.41207876801490784,0.7187912464141846,,0.9950696229934692,0.3920094072818756,0.7488357424736023,,0.989673912525177,forward,130.36159990692576,1
609,20.3203,55.216073989868164,1080,1920,0.5507320761680603,0.5374704003334045,,0.9999816417694092,0.5868030786514282,0.6266247630119324,,0.9943511486053467,0.5915303826332092,0.7192524671554565,,0.988252580165863,0.6135928630828857,0.7472608685493469,,0.9803479313850403,forward,127.7120428353906,1,0.46215230226516724,0.5376452803611755,,0.9999772310256958,0.4211476147174835,0.6244862079620361,,0.995896577835083,0.4133075773715973,0.7179579138755798,,0.9949589371681213,0.39352598786354065,0.7488670349121094,,0.9895243644714355,forward,132.82663174810565,1
610,20.353666666666665,54.37421798706055,1080,1920,0.5508062839508057,0.535420835018158,,0.9999802708625793,0.5854992270469666,0.6256533861160278,,0.9941982626914978,0.5913923978805542,0.7192279100418091,,0.9885719418525696,0.6135884523391724,0.7472327351570129,,0.9808552265167236,forward,130.47168004054754,1,0.4621633291244507,0.5354403257369995,,0.9999763369560242,0.4248358905315399,0.6241462826728821,,0.9957230091094971,0.4139088988304138,0.7177236080169678,,0.9950706958770752,0.39373838901519775,0.7488419413566589,,0.9897345900535583,forward,135.13110304791633,1
611,20.387033333333335,54.05092239379883,1080,1920,0.550944447517395,0.5340613126754761,,0.9999772310256958,0.5843784809112549,0.6260363459587097,,0.994091272354126,0.5913325548171997,0.7191622257232666,,0.9889034032821655,0.6148684620857239,0.7474057078361511,,0.9812948107719421,forward,131.62024572386593,1,0.46230512857437134,0.5345237851142883,,0.9999736547470093,0.42645207047462463,0.6246225237846375,,0.995549738407135,0.4141736626625061,0.7177295684814453,,0.9951143860816956,0.39527595043182373,0.7488481998443604,,0.9897629618644714,forward,135.76228677306915,1
612,20.4204,54.67104911804199,1080,1920,0.5512849688529968,0.5324575304985046,,0.9999693632125854,0.5822820663452148,0.6263382434844971,,0.9936919808387756,0.5913320779800415,0.7192802429199219,,0.9887307286262512,0.6148613095283508,0.7479270100593567,,0.9808627367019653,forward,133.5671411364747,1,0.4623056650161743,0.5339434146881104,,0.9999642968177795,0.4288890063762665,0.6248853802680969,,0.9951419830322266,0.4143162667751312,0.7176772356033325,,0.9947583675384521,0.39784470200538635,0.7488271594047546,,0.9889869093894958,forward,136.1561484187048,1
613,20.453766666666667,55.33409118652344,1080,1920,0.5515609383583069,0.5321239829063416,,0.9999600648880005,0.5808362364768982,0.6256938576698303,,0.9932701587677002,0.591300904750824,0.7190535068511963,,0.9884830713272095,0.6151618957519531,0.7479075193405151,,0.9803610444068909,forward,133.90292423240044,1,0.46230199933052063,0.5341072678565979,,0.9999530911445618,0.42960312962532043,0.6248570084571838,,0.9947122931480408,0.4142671525478363,0.7176823019981384,,0.9943587779998779,0.3980052173137665,0.7488535046577454,,0.9881709814071655,forward,135.98361583765978,1
614,20.487133333333333,55.004119873046875,1080,1920,0.5515934824943542,0.530867338180542,,0.9999536275863647,0.5793102979660034,0.6248387694358826,,0.9929906129837036,0.5910465121269226,0.7189379930496216,,0.9883654713630676,0.6152766346931458,0.747886061668396,,0.9801369309425354,forward,135.7308060024985,1,0.46212923526763916,0.5329688787460327,,0.9999464154243469,0.4306045174598694,0.6248384714126587,,0.994407594203949,0.41435137391090393,0.718045175075531,,0.994141697883606,0.3977507948875427,0.7488654851913452,,0.9877406358718872,forward,138.19358521088836,1
615,20.520500000000002,54.988861083984375,1080,1920,0.5516583323478699,0.5303080081939697,,0.9999480247497559,0.5783979892730713,0.6248214840888977,,0.9927818179130554,0.5909678936004639,0.7190536856651306,,0.9884403944015503,0.6152840852737427,0.7478830218315125,,0.98030024766922,forward,136.65999082010896,1,0.46208590269088745,0.5322257280349731,,0.9999392032623291,0.4313613176345825,0.6249383687973022,,0.9942598938941956,0.4143836796283722,0.7184311747550964,,0.9939799308776855,0.39747610688209534,0.7489364743232727,,0.9875012040138245,forward,139.93121371187908,1
616,20.553866666666668,54.368019104003906,1080,1920,0.5517036318778992,0.5292367339134216,,0.9999425411224365,0.5768160223960876,0.6243382096290588,,0.9926099181175232,0.5908188819885254,0.719108521938324,,0.9885357022285461,0.6154025793075562,0.7478793859481812,,0.9805504083633423,forward,138.46594994679768,1,0.4620504379272461,0.5313716530799866,,0.9999330043792725,0.43320000171661377,0.6249248385429382,,0.9941560626029968,0.41439583897590637,0.7185087203979492,,0.9938704967498779,0.39738577604293823,0.7489891648292542,,0.9873822927474976,forward,141.30286805411217,1
617,20.587233333333334,55.95207214355469,1080,1920,0.5517069101333618,0.5285680294036865,,0.9999376535415649,0.5738641023635864,0.6231640577316284,,0.9925581812858582,0.5906950831413269,0.7187719345092773,,0.988730788230896,0.6148377656936646,0.7478126287460327,,0.9809339642524719,forward,139.59071972672177,1,0.4619216024875641,0.5309502482414246,,0.9999282956123352,0.4344298243522644,0.6246299147605896,,0.9941492080688477,0.4143199920654297,0.718451738357544,,0.9938623905181885,0.39724817872047424,0.7489648461341858,,0.9874668121337891,forward,142.01961305275802,1
618,20.6206,56.90312385559082,1080,1920,0.5517075061798096,0.5278899669647217,,0.9999298453330994,0.5724939703941345,0.6226587891578674,,0.9926078915596008,0.5904708504676819,0.7185205817222595,,0.9890224933624268,0.6141560673713684,0.7477903962135315,,0.9814034700393677,forward,140.39205278610638,1,0.46150532364845276,0.5301933884620667,,0.9999207854270935,0.43488797545433044,0.6242350935935974,,0.9942652583122253,0.41383466124534607,0.7183688879013062,,0.9939558506011963,0.39644742012023926,0.7487965822219849,,0.9876798987388611,forward,143.2777823361561,1
619,20.653966666666665,54.472923278808594,1080,1920,0.551677942276001,0.5269678831100464,,0.9999208450317383,0.5708887577056885,0.6225281953811646,,0.9926046133041382,0.5905850529670715,0.7186604142189026,,0.9892027378082275,0.6137766242027283,0.7479197978973389,,0.9816612005233765,forward,142.07217906476575,0,0.46101799607276917,0.5297783613204956,,0.9999103546142578,0.4349626898765564,0.6241543292999268,,0.9942588210105896,0.41382482647895813,0.7183296084403992,,0.9939033389091492,0.39618581533432007,0.7484269738197327,,0.9875999093055725,forward,143.87416545321176,1
620,20.687333333333335,54.795026779174805,1080,1920,0.5514228940010071,0.5268146395683289,,0.9999142289161682,0.5695104598999023,0.6225190758705139,,0.9926851987838745,0.5905722975730896,0.7186889052391052,,0.9894863367080688,0.6136410236358643,0.7479168176651001,,0.9820820689201355,forward,142.35725923458727,0,0.4604736566543579,0.5296792387962341,,0.9999025464057922,0.4348223805427551,0.624103844165802,,0.9943237900733948,0.4138333797454834,0.7183091044425964,,0.9939368367195129,0.39551204442977905,0.7479186654090881,,0.9876835346221924,forward,144.02007856004536,1
621,20.7207,55.88889122009277,1080,1920,0.5509602427482605,0.52641761302948,,0.9999074935913086,0.5681858062744141,0.6223037242889404,,0.9927024841308594,0.590291440486908,0.7186774015426636,,0.9896731972694397,0.6134868264198303,0.7479156851768494,,0.982377827167511,forward,143.11246161601557,0,0.4597640037536621,0.5296031832695007,,0.9998939037322998,0.43459492921829224,0.623931884765625,,0.9943513870239258,0.41389065980911255,0.7179316282272339,,0.9939352869987488,0.3954683244228363,0.7476377487182617,,0.9877215027809143,forward,143.3841705724501,1
622,20.754066666666667,55.82618713378906,1080,1920,0.5505774021148682,0.5258922576904297,,0.9999021291732788,0.5670588612556458,0.6215061545372009,,0.9926065802574158,0.5900612473487854,0.7184873223304749,,0.9897388219833374,0.6134631037712097,0.7479079961776733,,0.982521653175354,forward,144.39562922636648,0,0.4591391682624817,0.5288645029067993,,0.9998864531517029,0.4344659447669983,0.6233990788459778,,0.9943032264709473,0.4138672649860382,0.7174360156059265,,0.9938511252403259,0.39563071727752686,0.7476031184196472,,0.9876374006271362,forward,143.78201353748793,1
623,20.787433333333333,55.32217025756836,1080,1920,0.5499696135520935,0.5258784890174866,,0.999897837638855,0.5665621757507324,0.6213071346282959,,0.9925217628479004,0.5900560021400452,0.7183062434196472,,0.989844799041748,0.6135620474815369,0.7479056119918823,,0.9827232956886292,forward,144.20119946840268,0,0.4586593210697174,0.5288681387901306,,0.9998801350593567,0.4343187212944031,0.6231321096420288,,0.9942635297775269,0.41350704431533813,0.7174126505851746,,0.99378502368927,0.3956085443496704,0.7476080060005188,,0.9875875115394592,forward,143.9640597707594,1
624,20.820800000000002,55.795907974243164,1080,1920,0.5487087965011597,0.5259266495704651,,0.9998950958251953,0.5657551288604736,0.6211913824081421,,0.9924952387809753,0.5897382497787476,0.7180903553962708,,0.9900040030479431,0.6135298013687134,0.7478613257408142,,0.9829936623573303,forward,143.69588600701317,0,0.45792466402053833,0.5288279056549072,,0.9998753070831299,0.43375706672668457,0.6231439113616943,,0.9942396283149719,0.4131254553794861,0.717370867729187,,0.9937446117401123,0.39559099078178406,0.7476057410240173,,0.9875844717025757,forward,143.91012519683548,1
625,20.854166666666668,54.20708656311035,1080,1920,0.5483913421630859,0.5259789824485779,,0.9998928308486938,0.5657382011413574,0.6212427616119385,,0.9924639463424683,0.5897091031074524,0.7180687189102173,,0.9901162981987,0.6135282516479492,0.7478212118148804,,0.9831932783126831,forward,143.4882950126166,0,0.45774123072624207,0.528816819190979,,0.9998711347579956,0.4331463873386383,0.6231278777122498,,0.9941927790641785,0.4127880036830902,0.7172974944114685,,0.9936789870262146,0.3953326344490051,0.7476585507392883,,0.987533688545227,forward,143.7632667855379,1
626,20.887533333333334,54.49199676513672,1080,1920,0.5483238697052002,0.5254943370819092,,0.9998910427093506,0.5656701922416687,0.6214344501495361,,0.9924387335777283,0.5897024869918823,0.7181317806243896,,0.9902026057243347,0.6134886145591736,0.7477957010269165,,0.9833464026451111,forward,144.03780381427524,0,0.45756882429122925,0.5283148288726807,,0.9998675584793091,0.4315052926540375,0.6230252385139465,,0.9941253066062927,0.4126895070075989,0.7171506881713867,,0.9935954213142395,0.39476141333580017,0.7475596070289612,,0.9874536395072937,forward,144.26129416316087,1
627,20.9209,54.48102951049805,1080,1920,0.5483722686767578,0.5250359177589417,,0.9998899102210999,0.5653099417686462,0.6215945482254028,,0.9923670291900635,0.5897151827812195,0.7183440327644348,,0.9902279376983643,0.6133489608764648,0.7478089928627014,,0.9834102392196655,forward,145.03743421399332,0,0.45756661891937256,0.5280147790908813,,0.9998648166656494,0.43078890442848206,0.6229251623153687,,0.9940056800842285,0.4126637279987335,0.7170290350914001,,0.9934516549110413,0.3945092260837555,0.7474299073219299,,0.9872766733169556,forward,144.5184207103464,1
628,20.954266666666665,56.600093841552734,1080,1920,0.5483729243278503,0.5248686075210571,,0.9998879432678223,0.5652528405189514,0.6217693090438843,,0.992316484451294,0.5896342396736145,0.7187131643295288,,0.9902635812759399,0.6132077574729919,0.7481406927108765,,0.9835105538368225,forward,146.07201320799143,0,0.45701950788497925,0.5279377698898315,,0.9998612999916077,0.42951685190200806,0.6227919459342957,,0.9939582347869873,0.41255712509155273,0.7169893980026245,,0.9933893084526062,0.39424628019332886,0.7475922107696533,,0.9872147440910339,forward,144.6569688879539,1
629,20.987633333333335,55.418968200683594,1080,1920,0.5483347177505493,0.5247758030891418,,0.9998850226402283,0.5653035044670105,0.6220802664756775,,0.9922349452972412,0.5893650650978088,0.7192578911781311,,0.9902474284172058,0.613007128238678,0.7485195994377136,,0.9835375547409058,forward,147.3545566494414,0,0.4564492404460907,0.5277530550956726,,0.9998568296432495,0.4282359182834625,0.6227583289146423,,0.9938983917236328,0.4125073254108429,0.7169756293296814,,0.9933016896247864,0.39418867230415344,0.747654139995575,,0.9871065020561218,forward,144.9406456134122,1
630,21.021,55.16409873962402,1080,1920,0.5483373403549194,0.5246320962905884,,0.9998825788497925,0.5650501251220703,0.6223191022872925,,0.992156982421875,0.5892623662948608,0.7195223569869995,,0.9901937246322632,0.6128119826316833,0.748824954032898,,0.9834995269775391,forward,148.0051242747877,0,0.45614394545555115,0.5275649428367615,,0.9998527765274048,0.427491694688797,0.6227619647979736,,0.9938058853149414,0.4124862849712372,0.7169651389122009,,0.9931782484054565,0.394056111574173,0.7476552724838257,,0.9869472980499268,forward,145.20851704536997,1
631,21.054366666666667,56.088924407958984,1080,1920,0.5483758449554443,0.5246768593788147,,0.999879777431488,0.5648424625396729,0.6228936910629272,,0.9920393228530884,0.5892219543457031,0.7199094295501709,,0.9901044964790344,0.6126675605773926,0.7490488290786743,,0.9834089279174805,forward,148.25837103756788,0,0.45605263113975525,0.527554452419281,,0.9998481273651123,0.42719897627830505,0.622784435749054,,0.9936864972114563,0.412452757358551,0.7169598937034607,,0.993015706539154,0.39401009678840637,0.7476873993873596,,0.9867258071899414,forward,145.19359660923718,1
632,21.087733333333333,56.5030574798584,1080,1920,0.5483800768852234,0.5247144103050232,,0.9998778700828552,0.5645648241043091,0.6231849193572998,,0.9919204115867615,0.5892079472541809,0.7200862169265747,,0.9900216460227966,0.6125452518463135,0.7491779923439026,,0.9833311438560486,forward,148.32995066666126,0,0.45590177178382874,0.5275044441223145,,0.9998446702957153,0.42682603001594543,0.6227864623069763,,0.9935586452484131,0.41244348883628845,0.7169087529182434,,0.9928611516952515,0.3939013183116913,0.7476895451545715,,0.9865235090255737,forward,145.1483150279013,1
633,21.121100000000002,55.59897422790527,1080,1920,0.5483877062797546,0.5246437191963196,,0.9998771548271179,0.5643457174301147,0.6234182119369507,,0.9918714165687561,0.5892019271850586,0.7201148271560669,,0.9899967908859253,0.6124919056892395,0.7492353320121765,,0.9833328127861023,forward,148.25278654241436,0,0.45580726861953735,0.5274282097816467,,0.9998429417610168,0.42648792266845703,0.6227900385856628,,0.9934529066085815,0.41241756081581116,0.7168532013893127,,0.9927294850349426,0.39388948678970337,0.7476872205734253,,0.9863566160202026,forward,145.1348827908513,1
634,21.154466666666668,55.229902267456055,1080,1920,0.5484303832054138,0.5245299935340881,,0.999875009059906,0.5642699599266052,0.6234644055366516,,0.9917914271354675,0.5889523029327393,0.7201131582260132,,0.9899440407752991,0.612241268157959,0.7492626309394836,,0.983272910118103,forward,148.38739501787379,0,0.45580577850341797,0.5273376107215881,,0.9998394250869751,0.42629483342170715,0.6227895617485046,,0.993328332901001,0.4123745560646057,0.7167766094207764,,0.9925704002380371,0.3938719928264618,0.7476856112480164,,0.9861348271369934,forward,145.10027761160404,1
635,21.187833333333334,55.21202087402344,1080,1920,0.5484809279441833,0.5244671702384949,,0.9998735785484314,0.5642456412315369,0.6234673261642456,,0.991765558719635,0.5888186693191528,0.7200989127159119,,0.9899490475654602,0.612131655216217,0.7492585778236389,,0.9833011031150818,forward,148.45087389439507,0,0.4558021128177643,0.5273197889328003,,0.9998370409011841,0.42608213424682617,0.622791588306427,,0.9932716488838196,0.41231873631477356,0.7167189717292786,,0.9924911260604858,0.39386194944381714,0.7476867437362671,,0.9860315918922424,forward,144.9928872898287,1
636,21.2212,56.88190460205078,1080,1920,0.5485519170761108,0.5244471430778503,,0.9998724460601807,0.5643899440765381,0.6235417723655701,,0.9917255640029907,0.5887162685394287,0.7200201749801636,,0.9899348616600037,0.6120786070823669,0.7492517828941345,,0.9832857251167297,forward,148.20483937118706,0,0.45586180686950684,0.5273277163505554,,0.9998345375061035,0.4260026216506958,0.6228345036506653,,0.9931901693344116,0.41230103373527527,0.7166627645492554,,0.9923779964447021,0.39385274052619934,0.7476961612701416,,0.9858735203742981,forward,144.82067673373712,1
637,21.254566666666665,55.58180809020996,1080,1920,0.5486236214637756,0.5244519710540771,,0.9998713135719299,0.564949631690979,0.6236751079559326,,0.9917494058609009,0.5887093544006348,0.719967782497406,,0.9900020360946655,0.6120730638504028,0.7492499947547913,,0.9833728075027466,forward,147.94824254081732,0,0.45604002475738525,0.5273316502571106,,0.9998321533203125,0.4259054362773895,0.6228384375572205,,0.9931613206863403,0.41222620010375977,0.7165682315826416,,0.9923462271690369,0.3936590850353241,0.7477177977561951,,0.9858301281929016,forward,144.59656168214167,1
638,21.287933333333335,55.520057678222656,1080,1920,0.548629105091095,0.5244715809822083,,0.9998699426651001,0.5655492544174194,0.6236574053764343,,0.99181067943573,0.588786780834198,0.7199658751487732,,0.9901109337806702,0.6120960116386414,0.74933922290802,,0.9835013747215271,forward,147.92444480487666,0,0.45622169971466064,0.5274041295051575,,0.9998299479484558,0.4257703125476837,0.6228497624397278,,0.9931743741035461,0.4120504558086395,0.7165928483009338,,0.99235999584198,0.39346376061439514,0.7480575442314148,,0.9858289957046509,forward,144.5274947445666,1
639,21.3213,55.18317222595215,1080,1920,0.5486327409744263,0.5244626402854919,,0.999869167804718,0.5659250617027283,0.6234054565429688,,0.9918423891067505,0.588849663734436,0.7199252843856812,,0.9901747703552246,0.6120020151138306,0.749409019947052,,0.9835656881332397,forward,148.05875799557694,0,0.4563770890235901,0.5274096131324768,,0.9998290538787842,0.4257596731185913,0.6228134036064148,,0.9931524991989136,0.4120123088359833,0.7165897488594055,,0.9923373460769653,0.3932080864906311,0.7481202483177185,,0.9857752323150635,forward,144.53541693602546,1
640,21.354666666666667,54.627180099487305,1080,1920,0.5485662221908569,0.5244377851486206,,0.9998667240142822,0.5661124587059021,0.6229451894760132,,0.9919133186340332,0.5890218615531921,0.7199070453643799,,0.9902799725532532,0.6118271946907043,0.7494457364082336,,0.9836798310279846,forward,148.56314308221803,0,0.4564974904060364,0.5274109244346619,,0.999826192855835,0.42583557963371277,0.6228094100952148,,0.9931694865226746,0.41202130913734436,0.7165765762329102,,0.9923503398895264,0.3931977152824402,0.7481644153594971,,0.9857727885246277,forward,144.50599777126382,1
641,21.388033333333333,54.213762283325195,1080,1920,0.548174262046814,0.5244206786155701,,0.9998646378517151,0.5665390491485596,0.6228181719779968,,0.9919363856315613,0.5892876386642456,0.7198829650878906,,0.9903692007064819,0.6116183400154114,0.7494434118270874,,0.9837946891784668,forward,148.68911504916022,0,0.4564761817455292,0.527414858341217,,0.9998235106468201,0.42583367228507996,0.6228885054588318,,0.993196964263916,0.4120158553123474,0.7165395021438599,,0.9923935532569885,0.39300408959388733,0.7481667995452881,,0.985832929611206,forward,144.36574602092833,1
642,21.421400000000002,54.866790771484375,1080,1920,0.5477215051651001,0.524537980556488,,0.9998629689216614,0.5670086145401001,0.6226902008056641,,0.99197918176651,0.5896316170692444,0.71986985206604,,0.9904748797416687,0.6114093065261841,0.7494288086891174,,0.9839345216751099,forward,148.64841434961966,0,0.45618587732315063,0.5277438163757324,,0.9998217225074768,0.42584529519081116,0.6231120824813843,,0.9932476282119751,0.4120229184627533,0.7165246605873108,,0.9924551844596863,0.39295706152915955,0.7481721639633179,,0.9859284162521362,forward,143.67173433292734,1
643,21.454766666666668,55.365800857543945,1080,1920,0.5471086502075195,0.5248804688453674,,0.9998629093170166,0.5676165223121643,0.6226699948310852,,0.9920148253440857,0.5897527933120728,0.7196566462516785,,0.9905918836593628,0.6112364530563354,0.7494117021560669,,0.9840930700302124,forward,147.51191465333795,0,0.45595723390579224,0.528445839881897,,0.9998217225074768,0.4256560206413269,0.6233654022216797,,0.993295431137085,0.41210809350013733,0.7165029048919678,,0.9925401210784912,0.3928619623184204,0.748174250125885,,0.9860718250274658,forward,142.37784291296617,1
644,21.488133333333334,55.36508560180664,1080,1920,0.5460788011550903,0.5250207781791687,,0.9998626708984375,0.5679401755332947,0.6226722598075867,,0.9920548796653748,0.5899613499641418,0.7195395827293396,,0.9907277822494507,0.6112281680107117,0.7494013905525208,,0.9842950701713562,forward,146.95995782847402,0,0.45521944761276245,0.5286872386932373,,0.9998214244842529,0.42525458335876465,0.6234605312347412,,0.9933694005012512,0.4121364653110504,0.716451108455658,,0.9926362633705139,0.39284709095954895,0.748173713684082,,0.986234188079834,forward,141.84744327264093,1
645,21.5215,55.50193786621094,1080,1920,0.5459989905357361,0.5260134339332581,,0.9998612999916077,0.568693220615387,0.6233397722244263,,0.9920489192008972,0.5900723934173584,0.7195903658866882,,0.9907822608947754,0.611242413520813,0.7494073510169983,,0.9843539595603943,forward,144.84058921876272,1,0.4550451636314392,0.53023761510849,,0.9998196363449097,0.42520707845687866,0.623733639717102,,0.9933777451515198,0.41216805577278137,0.7165143489837646,,0.992653489112854,0.39274516701698303,0.748175323009491,,0.9862527251243591,forward,139.53361339012272,1
646,21.554866666666666,55.45616149902344,1080,1920,0.5456626415252686,0.526602029800415,,0.9998593926429749,0.5693549513816833,0.6235460638999939,,0.9920904040336609,0.5900581479072571,0.7196022272109985,,0.9908578395843506,0.6112369894981384,0.7494012713432312,,0.9844567179679871,forward,143.8063741112776,1,0.4549475312232971,0.5308035016059875,,0.9998183250427246,0.425226092338562,0.623699963092804,,0.9934689998626709,0.41219890117645264,0.7165966629981995,,0.9927647709846497,0.39273375272750854,0.7482355833053589,,0.9864133596420288,forward,138.92888818753661,1
647,21.588233333333335,55.02629280090332,1080,1920,0.5450628399848938,0.5275689363479614,,0.9998561143875122,0.5705277323722839,0.6235675811767578,,0.9920693039894104,0.5900108814239502,0.7194444537162781,,0.9908379912376404,0.6112380027770996,0.7492972612380981,,0.9844003319740295,forward,142.0545243636347,1,0.45465877652168274,0.5314684510231018,,0.9998146891593933,0.42551663517951965,0.6237465143203735,,0.9935082197189331,0.41229474544525146,0.7165950536727905,,0.9927905797958374,0.39356112480163574,0.7482326030731201,,0.98641037940979,forward,137.9945564482973,1
648,21.6216,54.55517768859863,1080,1920,0.5444862842559814,0.5283224582672119,,0.9998521208763123,0.5727859735488892,0.6238461136817932,,0.9921436905860901,0.59012770652771,0.7194042205810547,,0.990898609161377,0.6116399168968201,0.7492625117301941,,0.9844481945037842,forward,140.6869292313324,1,0.45455771684646606,0.5321363806724548,,0.9998105764389038,0.42592307925224304,0.6241195201873779,,0.9935746788978577,0.4125298857688904,0.7165937423706055,,0.9928618669509888,0.3945355713367462,0.7482101917266846,,0.9864791631698608,forward,136.8652969159317,1
649,21.654966666666667,54.45504188537598,1080,1920,0.5443456768989563,0.5290229320526123,,0.9998498558998108,0.5742119550704956,0.6251047849655151,,0.9922077655792236,0.5902283191680908,0.7193590998649597,,0.9909485578536987,0.6135695576667786,0.7492638826370239,,0.9844821095466614,forward,138.76882471598142,1,0.45449522137641907,0.5328649282455444,,0.9998083114624023,0.42635971307754517,0.6251469254493713,,0.9936174154281616,0.41331684589385986,0.7165931463241577,,0.9929131865501404,0.3955465257167816,0.7486621141433716,,0.9865229725837708,forward,135.36859305281482,1
650,21.688333333333333,55.35101890563965,1080,1920,0.5441670417785645,0.5298221707344055,,0.9998471736907959,0.5753813982009888,0.6261385083198547,,0.992278516292572,0.5902532935142517,0.7192057967185974,,0.9910210967063904,0.6140592694282532,0.7492486238479614,,0.9845367670059204,forward,136.96102870947158,1,0.4544532895088196,0.5333480834960938,,0.9998054504394531,0.426390141248703,0.6253035068511963,,0.9936278462409973,0.4139341711997986,0.7164229154586792,,0.9929496049880981,0.3961445391178131,0.7487585544586182,,0.986547589302063,forward,134.37120120995212,1
651,21.721700000000002,54.75616455078125,1080,1920,0.5441697239875793,0.5314870476722717,,0.9998436570167542,0.5768943428993225,0.6271857619285583,,0.9922977089881897,0.5902735590934753,0.7190979719161987,,0.9910258054733276,0.6142935156822205,0.7491008043289185,,0.9844906330108643,forward,134.23487300049516,1,0.4545864462852478,0.5348353981971741,,0.999800980091095,0.42628544569015503,0.6257584095001221,,0.9936237335205078,0.41406238079071045,0.7164079546928406,,0.9929651021957397,0.3960975706577301,0.748808741569519,,0.9865126013755798,forward,132.26163556343275,1
652,21.755066666666668,54.68416213989258,1080,1920,0.5442336797714233,0.5328112244606018,,0.9998393654823303,0.5783753395080566,0.6276759505271912,,0.9923497438430786,0.5903196334838867,0.7188618183135986,,0.9910433888435364,0.6143178939819336,0.7490527629852295,,0.9844735264778137,forward,132.02960270038656,1,0.45483696460723877,0.5356680154800415,,0.9997962117195129,0.4256555140018463,0.6260811686515808,,0.993645966053009,0.4141174852848053,0.7163392901420593,,0.9929949045181274,0.3956943452358246,0.7487891912460327,,0.9865074753761292,forward,130.99542619315272,1
653,21.788433333333334,55.452823638916016,1080,1920,0.5445817112922668,0.5339306592941284,,0.9998388290405273,0.5788861513137817,0.6279091238975525,,0.9923558831214905,0.590398371219635,0.7189146280288696,,0.9910439252853394,0.6143176555633545,0.7490144371986389,,0.9844657778739929,forward,130.64318102672894,1,0.4555405378341675,0.5370877385139465,,0.9997961521148682,0.42498594522476196,0.6265420317649841,,0.9936177134513855,0.41412580013275146,0.7163682579994202,,0.9930019974708557,0.3955743908882141,0.7488378882408142,,0.9865010976791382,forward,129.1628643629881,1
654,21.8218,54.734230041503906,1080,1920,0.5448073744773865,0.5357154607772827,,0.9998403787612915,0.5798545479774475,0.6280852556228638,,0.9922785758972168,0.5902884602546692,0.7190157771110535,,0.9909308552742004,0.6141502857208252,0.7489390969276428,,0.9842805862426758,forward,128.60726154882647,1,0.45601803064346313,0.5389077663421631,,0.9997981190681458,0.4233662784099579,0.6269775032997131,,0.9935311675071716,0.4141029119491577,0.7162339687347412,,0.9929442405700684,0.3955410420894623,0.7487115263938904,,0.9863815307617188,forward,126.70206174906116,1
655,21.855166666666666,55.16219139099121,1080,1920,0.5446310043334961,0.5395870804786682,,0.9998445510864258,0.5812960267066956,0.6284921169281006,,0.9922798275947571,0.5900569558143616,0.7190920114517212,,0.9908912181854248,0.6139728426933289,0.7487054467201233,,0.9842216372489929,forward,124.34127208004192,1,0.45603427290916443,0.5422030687332153,,0.9998028874397278,0.42065542936325073,0.6292862296104431,,0.9935047030448914,0.4141003489494324,0.7162982821464539,,0.9929728507995605,0.39355796575546265,0.7487347722053528,,0.9864013195037842,forward,122.45140629275865,1
656,21.888533333333335,54.930925369262695,1080,1920,0.5444608330726624,0.5421813130378723,,0.9998511075973511,0.5825845003128052,0.6284287571907043,,0.9923048615455627,0.5900133848190308,0.7191356420516968,,0.9909734129905701,0.6137261986732483,0.7483137249946594,,0.9843403697013855,forward,121.8453638724237,1,0.4560437500476837,0.5443523526191711,,0.9998081922531128,0.41856667399406433,0.6313806772232056,,0.9933709502220154,0.4139810800552368,0.7162410020828247,,0.9929484724998474,0.39291703701019287,0.7487537264823914,,0.9863399863243103,forward,119.66139505468081,1
657,21.9219,54.821014404296875,1080,1920,0.5443271994590759,0.5437803268432617,,0.9998602271080017,0.5833253860473633,0.6283915042877197,,0.9923645853996277,0.5903347134590149,0.7190893888473511,,0.9909939765930176,0.613644540309906,0.7480459213256836,,0.9844096899032593,forward,120.28591217146122,1,0.4560425281524658,0.5459615588188171,,0.999819815158844,0.41662418842315674,0.632224977016449,,0.993249773979187,0.41333645582199097,0.7161877751350403,,0.9930139183998108,0.3909801244735718,0.7488707900047302,,0.9864473938941956,forward,117.76973306435147,1
658,21.955266666666667,55.18198013305664,1080,1920,0.5437542796134949,0.5465737581253052,,0.9998689293861389,0.5837215185165405,0.6286208033561707,,0.992401659488678,0.5908298492431641,0.7191102504730225,,0.9910100698471069,0.6135508418083191,0.7480328679084778,,0.9844616055488586,forward,117.67120364343644,1,0.45580607652664185,0.5486192107200623,,0.9998307228088379,0.41528645157814026,0.6335085034370422,,0.9931972026824951,0.4126405417919159,0.7161775827407837,,0.9931178092956543,0.39037322998046875,0.7488909959793091,,0.9866142272949219,forward,114.85505146049118,1
659,21.988633333333333,55.61113357543945,1080,1920,0.5435934066772461,0.549627959728241,,0.9998777508735657,0.5847864151000977,0.6308348178863525,,0.9923928380012512,0.5913863182067871,0.7188595533370972,,0.9908378720283508,0.6139942407608032,0.7481708526611328,,0.9842062592506409,forward,113.62740404969811,1,0.45569726824760437,0.5513333678245544,,0.9998416304588318,0.41304245591163635,0.6348742842674255,,0.9931465983390808,0.41243085265159607,0.7161915898323059,,0.9931475520133972,0.3900790512561798,0.7489050626754761,,0.9866570830345154,forward,112.01497807165657,1
660,22.022000000000002,55.43875694274902,1080,1920,0.5436838865280151,0.5498431324958801,,0.9998856782913208,0.585774838924408,0.63120037317276,,0.9924027919769287,0.5916033983230591,0.7187910079956055,,0.9906547665596008,0.6140497326850891,0.7481814622879028,,0.9839590191841125,forward,113.21281391711439,1,0.4557211101055145,0.5516650676727295,,0.9998515844345093,0.4121706783771515,0.634502649307251,,0.993090033531189,0.41218101978302,0.7162371277809143,,0.9931502938270569,0.38993048667907715,0.7491515278816223,,0.9866489171981812,forward,111.78153100205006,1
661,22.055366666666668,54.731130599975586,1080,1920,0.5438248515129089,0.5511626601219177,,0.999893069267273,0.5862720608711243,0.6310833096504211,,0.9923580884933472,0.5916451811790466,0.7186394929885864,,0.9903202652931213,0.6139801740646362,0.7482579946517944,,0.9834797978401184,forward,111.93906772466573,1,0.45584896206855774,0.5527656078338623,,0.9998605847358704,0.4117065370082855,0.6342713236808777,,0.9929572343826294,0.41165417432785034,0.7162342071533203,,0.9930675029754639,0.38925477862358093,0.7492483854293823,,0.9864923357963562,forward,110.76230431479493,1
662,22.088733333333334,55.375099182128906,1080,1920,0.5438271760940552,0.5538988709449768,,0.99989914894104,0.5868873596191406,0.6309834122657776,,0.9922206997871399,0.5916361212730408,0.7182369828224182,,0.9898012280464172,0.6136420369148254,0.7482761144638062,,0.9827262759208679,forward,109.22225213786234,1,0.4559798538684845,0.5545496344566345,,0.9998679757118225,0.4108146131038666,0.6344242095947266,,0.9928514957427979,0.41124427318573,0.7162365317344666,,0.9929705262184143,0.3890607953071594,0.7494311928749084,,0.9863032698631287,forward,109.09132856116378,1
663,22.1221,56.108951568603516,1080,1920,0.5438275337219238,0.5554719567298889,,0.9999058842658997,0.5877257585525513,0.6309539079666138,,0.9921625256538391,0.5915353894233704,0.7176050543785095,,0.9892083406448364,0.6136184930801392,0.7481120824813843,,0.9818678498268127,forward,107.21283458060182,1,0.45624080300331116,0.5564098954200745,,0.9998765587806702,0.4099746346473694,0.6343218684196472,,0.9928896427154541,0.4109308421611786,0.71613609790802,,0.992924690246582,0.38891682028770447,0.7494316101074219,,0.9862024188041687,forward,107.34558979110383,1
664,22.155466666666666,55.461883544921875,1080,1920,0.5439139008522034,0.5570093393325806,,0.9999128580093384,0.5890927314758301,0.6309884786605835,,0.9921782612800598,0.5914793610572815,0.7172832489013672,,0.9886253476142883,0.6138055920600891,0.747988760471344,,0.9810813665390015,forward,105.61565859795294,1,0.4564988613128662,0.5582612752914429,,0.9998854398727417,0.40850594639778137,0.6342102289199829,,0.9929953813552856,0.41031157970428467,0.71602863073349,,0.9929162859916687,0.38860443234443665,0.7495784163475037,,0.986163854598999,forward,105.66320968746824,1
665,22.188833333333335,55.50098419189453,1080,1920,0.5439494252204895,0.5586665272712708,,0.9999191761016846,0.5909873247146606,0.6312593817710876,,0.992209255695343,0.5913689136505127,0.7169164419174194,,0.9881287217140198,0.6140667796134949,0.7477774024009705,,0.9803667068481445,forward,103.80895610398142,1,0.4567285180091858,0.5598775148391724,,0.9998932480812073,0.40704068541526794,0.6342793107032776,,0.99309241771698,0.4098772704601288,0.7159695029258728,,0.9928362965583801,0.387692928314209,0.7499200105667114,,0.9859867691993713,forward,104.23171947917545,1
666,22.2222,56.02836608886719,1080,1920,0.5439533591270447,0.5611131191253662,,0.9999254941940308,0.5913318395614624,0.6315712332725525,,0.9921587705612183,0.5913471579551697,0.7166351079940796,,0.987397313117981,0.614115834236145,0.7476328015327454,,0.9794029593467712,forward,101.53204241234678,1,0.45682331919670105,0.5620509386062622,,0.9999013543128967,0.40616509318351746,0.6342610716819763,,0.9932236671447754,0.40961480140686035,0.7159451842308044,,0.9927945733070374,0.38586416840553284,0.7500740885734558,,0.9859158396720886,forward,102.4473663292867,1
667,22.255566666666667,54.785728454589844,1080,1920,0.5440058708190918,0.5639512538909912,,0.9999310970306396,0.5920133590698242,0.6329359412193298,,0.9922067523002625,0.5912874341011047,0.7169851064682007,,0.9867150783538818,0.614159882068634,0.7476516366004944,,0.9784055352210999,forward,99.32141432074283,1,0.45713484287261963,0.5645797252655029,,0.9999086260795593,0.4050999581813812,0.6342037916183472,,0.9933896660804749,0.4095824062824249,0.7158488035202026,,0.9926660060882568,0.38586166501045227,0.7500878572463989,,0.9856613278388977,forward,100.37587658683933,1
668,22.288933333333333,53.60102653503418,1080,1920,0.5440258383750916,0.5656306147575378,,0.9999364018440247,0.5925993919372559,0.6338191628456116,,0.9922724366188049,0.5907106399536133,0.7169732451438904,,0.9861865043640137,0.6141037344932556,0.7476460337638855,,0.977637767791748,forward,97.77682066499231,1,0.4573880434036255,0.5665115714073181,,0.9999154210090637,0.4044320285320282,0.6342800259590149,,0.9935137033462524,0.40914398431777954,0.7158752083778381,,0.9925081133842468,0.3850725591182709,0.7500905394554138,,0.9853647947311401,forward,98.9065123563714,1
669,22.322300000000002,55.61113357543945,1080,1920,0.5440304279327393,0.5674589276313782,,0.9999415874481201,0.5930485129356384,0.6344423890113831,,0.9923960566520691,0.5906015038490295,0.7170460224151611,,0.9858254790306091,0.614277720451355,0.7476539611816406,,0.977145791053772,forward,96.33098809645938,1,0.4576571583747864,0.5682817697525024,,0.9999221563339233,0.4031212031841278,0.6346665620803833,,0.9936649203300476,0.40909305214881897,0.7160297632217407,,0.9924014806747437,0.38374292850494385,0.7500899434089661,,0.9851717352867126,forward,97.61968412986516,1
670,22.355666666666668,55.69791793823242,1080,1920,0.5440655946731567,0.5697804093360901,,0.9999467134475708,0.5933502316474915,0.6343221068382263,,0.992786169052124,0.590515673160553,0.7170407772064209,,0.9860856533050537,0.6145228743553162,0.7474677562713623,,0.9776908755302429,forward,94.73638057949586,1,0.45789799094200134,0.5703101754188538,,0.9999288320541382,0.40224868059158325,0.6346806287765503,,0.9940581917762756,0.408646821975708,0.7165005803108215,,0.9926775097846985,0.3816201090812683,0.7501205801963806,,0.9857202768325806,forward,96.6378858970709,1
671,22.389033333333334,54.54730987548828,1080,1920,0.5442137718200684,0.5711423754692078,,0.9999514818191528,0.5934857726097107,0.6337869167327881,,0.9932021498680115,0.5902394652366638,0.7168430089950562,,0.9864209890365601,0.6144974231719971,0.7470365166664124,,0.9783187508583069,forward,93.7882308336478,1,0.4580356478691101,0.5717465281486511,,0.9999350309371948,0.4014158844947815,0.6346768736839294,,0.9944592118263245,0.40861594676971436,0.7166731357574463,,0.9929426312446594,0.381691575050354,0.7502204775810242,,0.9862512350082397,forward,95.79313813568099,1
672,22.4224,54.499149322509766,1080,1920,0.5443155765533447,0.5723437070846558,,0.9999556541442871,0.5940870046615601,0.6337218880653381,,0.9935017824172974,0.5902180671691895,0.716528594493866,,0.9863845705986023,0.6146522760391235,0.7465470433235168,,0.9784786701202393,forward,92.66429121823165,1,0.45812395215034485,0.5727297067642212,,0.9999404549598694,0.40085741877555847,0.6346573233604431,,0.994799792766571,0.40875357389450073,0.7166812419891357,,0.9931206107139587,0.38230133056640625,0.7498390078544617,,0.986621618270874,forward,95.10922303929507,1
673,22.455766666666666,55.214881896972656,1080,1920,0.5445269346237183,0.5726890563964844,,0.9999594688415527,0.594607412815094,0.6336713433265686,,0.9938395619392395,0.5901992917060852,0.7161538004875183,,0.9865646362304688,0.6146517992019653,0.7463759183883667,,0.97886061668396,forward,92.05627554249811,1,0.4582386016845703,0.5733271837234497,,0.9999454617500305,0.40106475353240967,0.6343027353286743,,0.9951325058937073,0.40884605050086975,0.7166655659675598,,0.9932873845100403,0.38325822353363037,0.7491141557693481,,0.9869546890258789,forward,94.81281385407183,1
674,22.489133333333335,54.25691604614258,1080,1920,0.5450591444969177,0.5731740593910217,,0.9999630451202393,0.5947613716125488,0.6321241855621338,,0.9941542148590088,0.5902212858200073,0.7160966396331787,,0.9867703914642334,0.6146492958068848,0.7462002038955688,,0.9793293476104736,forward,92.29567765507589,1,0.45863282680511475,0.573982298374176,,0.9999501705169678,0.40122148394584656,0.6340451836585999,,0.9954416751861572,0.40890511870384216,0.7166808247566223,,0.993468701839447,0.3839474320411682,0.7485398054122925,,0.9873359203338623,forward,94.4793313617923,1
675,22.5225,55.65285682678223,1080,1920,0.5452961325645447,0.5739843845367432,,0.9999663829803467,0.5954325795173645,0.6317799091339111,,0.9944320321083069,0.5901597142219543,0.7161643505096436,,0.986971914768219,0.6146580576896667,0.746120810508728,,0.9798247814178467,forward,91.98887667579613,1,0.458969384431839,0.5748640894889832,,0.9999545216560364,0.4013961851596832,0.6339687705039978,,0.995728075504303,0.40894442796707153,0.7166813611984253,,0.9936844110488892,0.3848607838153839,0.7482138872146606,,0.9877873063087463,forward,93.90085267705068,1
676,22.555866666666667,55.957794189453125,1080,1920,0.5455867648124695,0.5751211047172546,,0.9999694228172302,0.5959638953208923,0.6318216919898987,,0.9946773648262024,0.5898889303207397,0.7164343595504761,,0.9871503710746765,0.6146659851074219,0.7460783123970032,,0.9803200960159302,forward,91.52768072970521,1,0.4595758616924286,0.5761622190475464,,0.9999585151672363,0.40146735310554504,0.6338487267494202,,0.9959951639175415,0.4089486598968506,0.716680109500885,,0.9939265847206116,0.3849015533924103,0.7479784488677979,,0.98829585313797,forward,93.06057780038478,1
677,22.589233333333333,54.984331130981445,1080,1920,0.5459821224212646,0.5757678151130676,,0.9999721050262451,0.5961686968803406,0.6318230032920837,,0.9948268532752991,0.5896912813186646,0.7165780663490295,,0.9871394038200378,0.6147506833076477,0.7460945248603821,,0.9805662631988525,forward,91.26821605071889,1,0.45978114008903503,0.5765873789787292,,0.9999620318412781,0.4015561640262604,0.6332923173904419,,0.9962084889411926,0.4088806211948395,0.716688334941864,,0.9941117763519287,0.38491737842559814,0.7478563785552979,,0.9886906743049622,forward,93.03726771999654,1
678,22.622600000000002,55.294036865234375,1080,1920,0.5463069081306458,0.5760704278945923,,0.9999744892120361,0.5970138311386108,0.6323916912078857,,0.99505615234375,0.5896754264831543,0.716529130935669,,0.9873992800712585,0.6148349046707153,0.7458734512329102,,0.9810371398925781,forward,90.75476104847061,1,0.45994770526885986,0.5769734978675842,,0.999965250492096,0.4016496241092682,0.6333507299423218,,0.9964563846588135,0.40876123309135437,0.7168661952018738,,0.9943770170211792,0.3850661516189575,0.7477779984474182,,0.9891822338104248,forward,92.95338829200622,1
679,22.655966666666668,54.965972900390625,1080,1920,0.5471691489219666,0.5761206150054932,,0.999976634979248,0.5980064272880554,0.6334481835365295,,0.9952917098999023,0.589690625667572,0.7165481448173523,,0.9877177476882935,0.614884078502655,0.745911180973053,,0.98150634765625,forward,90.2866260991088,1,0.46039554476737976,0.5771375894546509,,0.9999681115150452,0.4017191231250763,0.6333891749382019,,0.9966856837272644,0.4086167812347412,0.7168502807617188,,0.9946134090423584,0.3848271369934082,0.7475700378417969,,0.9895937442779541,forward,92.80568828256689,1
680,22.689333333333334,54.43596839904785,1080,1920,0.5478871464729309,0.5759540796279907,,0.9999786019325256,0.598092257976532,0.6334289908409119,,0.9954867362976074,0.5896806120872498,0.7165253162384033,,0.9879851341247559,0.6148876547813416,0.7459030747413635,,0.9818992018699646,forward,90.37908081620077,1,0.4606379568576813,0.5770694613456726,,0.9999707341194153,0.4017459750175476,0.633556604385376,,0.9968856573104858,0.4085024893283844,0.7171272039413452,,0.9948265552520752,0.3844459652900696,0.7475787401199341,,0.9899604320526123,forward,93.09154138186801,1
681,22.7227,55.04894256591797,1080,1920,0.5482022166252136,0.5756374001502991,,0.9999803304672241,0.5982398390769958,0.6337407231330872,,0.99567049741745,0.5896784067153931,0.7166833877563477,,0.9882669448852539,0.6149271726608276,0.7458964586257935,,0.9822980165481567,forward,90.62767724010016,1,0.4606778025627136,0.5767219662666321,,0.9999730587005615,0.40179145336151123,0.6343240737915039,,0.9970676302909851,0.4084872901439667,0.7176471948623657,,0.9950374364852905,0.38442137837409973,0.7475398778915405,,0.9903272986412048,forward,93.56351086827935,1
682,22.756066666666666,54.123878479003906,1080,1920,0.5486789345741272,0.5750058889389038,,0.9999819993972778,0.5981953144073486,0.6334636211395264,,0.995841920375824,0.5896498560905457,0.7168148756027222,,0.9884958863258362,0.6149676442146301,0.7458862662315369,,0.9826558828353882,forward,91.29717134072146,1,0.4607287645339966,0.5757269263267517,,0.999975323677063,0.4019310176372528,0.6343376040458679,,0.997223973274231,0.40848711133003235,0.7179339528083801,,0.995212197303772,0.38440170884132385,0.7475483417510986,,0.990638256072998,forward,94.57022361692165,1
683,22.789433333333335,54.89301681518555,1080,1920,0.5488985776901245,0.5731233358383179,,0.9999834895133972,0.5980450510978699,0.6333281993865967,,0.9960131049156189,0.5895595550537109,0.716941237449646,,0.9887900352478027,0.6149707436561584,0.7458937764167786,,0.9830799102783203,forward,92.73884962788728,1,0.4607594311237335,0.5732614398002625,,0.9999773502349854,0.40281617641448975,0.634238600730896,,0.9973692893981934,0.4085332155227661,0.7181202173233032,,0.9953870177268982,0.3844538927078247,0.7475568056106567,,0.9909478425979614,forward,96.54840261376953,1
684,22.8228,55.815935134887695,1080,1920,0.548895537853241,0.5694308876991272,,0.9999848008155823,0.5977562069892883,0.6326687335968018,,0.9961958527565002,0.5895561575889587,0.7169784307479858,,0.9892017841339111,0.6149724125862122,0.7457937002182007,,0.9835979342460632,forward,95.55408852825892,1,0.4607011079788208,0.56971275806427,,0.9999790191650391,0.4032013714313507,0.6342459917068481,,0.9974939227104187,0.40856921672821045,0.718209981918335,,0.9955383539199829,0.3843560516834259,0.7479047775268555,,0.9911918044090271,forward,99.18715399080885,1
685,22.856166666666667,55.84096908569336,1080,1920,0.5489965081214905,0.5655000805854797,,0.9999858736991882,0.5977421402931213,0.6323354840278625,,0.996442973613739,0.5895459055900574,0.7169994115829468,,0.9898399114608765,0.6143569946289062,0.7457334995269775,,0.9843692183494568,forward,98.45828118004866,1,0.46078354120254517,0.5654983520507812,,0.9999803900718689,0.4037291407585144,0.633944571018219,,0.9976516366004944,0.4085697829723358,0.7174414396286011,,0.9957469701766968,0.38427338004112244,0.7478809356689453,,0.9915371537208557,forward,101.55173287838215,1
686,22.889533333333333,54.71205711364746,1080,1920,0.549002468585968,0.5621102452278137,,0.9999867677688599,0.5977176427841187,0.6314821839332581,,0.9966558218002319,0.5896291136741638,0.7170200347900391,,0.9904274940490723,0.6143477559089661,0.7457131743431091,,0.9849893450737,forward,101.27564762607074,1,0.46079254150390625,0.5621609091758728,,0.9999814033508301,0.4045970141887665,0.6335962414741516,,0.9977717995643616,0.40869519114494324,0.7169530987739563,,0.9958699941635132,0.38463783264160156,0.7478801608085632,,0.9916859269142151,forward,103.70577073787271,1
687,22.922900000000002,54.775238037109375,1080,1920,0.5491068363189697,0.5589244961738586,,0.9999871850013733,0.5974526405334473,0.630509614944458,,0.9967981576919556,0.5897157788276672,0.7171669602394104,,0.9908910989761353,0.6142712831497192,0.7457164525985718,,0.9854202270507812,forward,104.22673926740227,1,0.4609558582305908,0.559166669845581,,0.9999817609786987,0.40667471289634705,0.633392870426178,,0.9978302121162415,0.40903419256210327,0.717253565788269,,0.9959344863891602,0.3847975432872772,0.7480617761611938,,0.9917490482330322,forward,106.53884886466818,1
688,22.956266666666668,54.77190017700195,1080,1920,0.5496675968170166,0.5557001829147339,,0.9999871850013733,0.5966216325759888,0.6303102970123291,,0.9967244863510132,0.5898454189300537,0.7175790071487427,,0.9909602999687195,0.6136428117752075,0.7457177639007568,,0.9853319525718689,forward,107.278557804217,1,0.461446076631546,0.5556532144546509,,0.9999817609786987,0.40877097845077515,0.6333240866661072,,0.9977602958679199,0.40914294123649597,0.7190106511116028,,0.9959559440612793,0.38480424880981445,0.7483206391334534,,0.9917559623718262,forward,111.66233518969588,1
689,22.989633333333334,55.233001708984375,1080,1920,0.5502293705940247,0.5532601475715637,,0.9999873638153076,0.5958670973777771,0.6292747855186462,,0.9966437816619873,0.5907349586486816,0.7182039618492126,,0.991023600101471,0.6136474013328552,0.7457203269004822,,0.9852653741836548,forward,110.49569879287594,1,0.4616082012653351,0.5531274080276489,,0.9999818801879883,0.41150861978530884,0.6316730976104736,,0.9976909756660461,0.4099504053592682,0.7192928791046143,,0.9959617257118225,0.3850463032722473,0.7483676671981812,,0.9917773008346558,forward,114.96077394247936,1
690,23.023,55.36293983459473,1080,1920,0.5505324602127075,0.5500176548957825,,0.9999871850013733,0.5942769050598145,0.6275023818016052,,0.9962214231491089,0.5914279222488403,0.7185602188110352,,0.9905719757080078,0.6136515736579895,0.7457724809646606,,0.9846338629722595,forward,114.64487482240388,1,0.461668998003006,0.549764096736908,,0.9999817609786987,0.4142017066478729,0.6289875507354736,,0.9973524808883667,0.41092684864997864,0.7192932963371277,,0.9957922101020813,0.38613077998161316,0.7483499050140381,,0.9915127754211426,forward,119.5327133019249,1
691,23.056366666666666,55.61208724975586,1080,1920,0.5507151484489441,0.5468949675559998,,0.9999861717224121,0.5923667550086975,0.6264030337333679,,0.9958488941192627,0.5917526483535767,0.7184373140335083,,0.9902686476707458,0.6133037209510803,0.7456369400024414,,0.9841355085372925,forward,117.80536482478286,1,0.46170005202293396,0.5465622544288635,,0.9999802708625793,0.4158417582511902,0.6284762024879456,,0.996944010257721,0.41177430748939514,0.7189409732818604,,0.9955317974090576,0.3892883360385895,0.7481350302696228,,0.9910176396369934,forward,122.26748102921887,1
692,23.089733333333335,55.60803413391113,1080,1920,0.5507174730300903,0.5443441867828369,,0.999984622001648,0.5910865664482117,0.625156044960022,,0.9954177141189575,0.5916337966918945,0.7187402248382568,,0.9901173710823059,0.6136273145675659,0.7461543679237366,,0.9839006662368774,forward,121.50330083816208,1,0.46170181035995483,0.5440930128097534,,0.9999779462814331,0.41708269715309143,0.6278467774391174,,0.9964699149131775,0.4124640226364136,0.7189255356788635,,0.9952985048294067,0.3900803029537201,0.7481319904327393,,0.9905959367752075,forward,125.06949347457243,1
693,23.1231,55.45496940612793,1080,1920,0.5506680607795715,0.5408077239990234,,0.9999822974205017,0.5897620320320129,0.6252947449684143,,0.9951151013374329,0.5913097262382507,0.7187325954437256,,0.9902842044830322,0.6134545207023621,0.7464079260826111,,0.9840481877326965,forward,124.51811632370048,1,0.46170347929000854,0.5408743023872375,,0.9999747276306152,0.4187408685684204,0.6275621056556702,,0.9960861206054688,0.4135686159133911,0.7184702754020691,,0.9951725006103516,0.3917667865753174,0.7481088638305664,,0.9903193116188049,forward,127.80197389701075,1
694,23.156466666666667,53.95364761352539,1080,1920,0.550361692905426,0.537859320640564,,0.9999805688858032,0.5864306092262268,0.6247345805168152,,0.9948391914367676,0.5913008451461792,0.7187290191650391,,0.9904747605323792,0.6132044196128845,0.7464587092399597,,0.9842669367790222,forward,127.79257207262997,1,0.46159860491752625,0.5381256937980652,,0.9999728798866272,0.4223235547542572,0.6265836358070374,,0.9957830905914307,0.41379979252815247,0.718398928642273,,0.9951298236846924,0.3919738233089447,0.7481325268745422,,0.9902092218399048,forward,131.33796705959088,1
695,23.189833333333333,55.55391311645508,1080,1920,0.550336480140686,0.5362586379051208,,0.9999774098396301,0.5846239328384399,0.6247661709785461,,0.9945001006126404,0.5908657908439636,0.7185890078544617,,0.9905399084091187,0.6131637096405029,0.7465184926986694,,0.9842668175697327,forward,129.10972305187818,1,0.46166741847991943,0.5365312695503235,,0.9999693632125854,0.4242441654205322,0.6267159581184387,,0.9955311417579651,0.4137648046016693,0.7182653546333313,,0.9950547814369202,0.39218801259994507,0.7481269240379333,,0.990006148815155,forward,132.88777582497983,1
696,23.223200000000002,56.001901626586914,1080,1920,0.5504809617996216,0.5346938371658325,,0.9999752044677734,0.5834899544715881,0.6249721646308899,,0.994221568107605,0.5907605290412903,0.718596339225769,,0.9906229972839355,0.6130615472793579,0.7468298077583313,,0.9843004941940308,forward,130.60951957578914,1,0.4618407189846039,0.5355076193809509,,0.9999668002128601,0.4262862205505371,0.6257164478302002,,0.9953360557556152,0.4137451648712158,0.7181178331375122,,0.995003342628479,0.3920857906341553,0.7481495141983032,,0.9898529648780823,forward,134.48676652164752,1
697,23.256566666666668,55.39989471435547,1080,1920,0.5505794286727905,0.5344690084457397,,0.9999703764915466,0.5828898549079895,0.6250253915786743,,0.993930995464325,0.590719997882843,0.7187827229499817,,0.9905617237091064,0.6133143305778503,0.7471317648887634,,0.9840969443321228,forward,131.1500297587877,1,0.461692750453949,0.5362403392791748,,0.9999603629112244,0.42660337686538696,0.625586748123169,,0.9951396584510803,0.41372358798980713,0.7181717753410339,,0.9948397278785706,0.391996294260025,0.7481620907783508,,0.9894667267799377,forward,133.81348549956215,1
698,23.289933333333334,55.31430244445801,1080,1920,0.5507017374038696,0.5335630774497986,,0.9999625086784363,0.581695020198822,0.6249393224716187,,0.9936162233352661,0.5907437801361084,0.7188922762870789,,0.9904237985610962,0.6143048405647278,0.7473493814468384,,0.9837833046913147,forward,132.4113273903953,1,0.4614453613758087,0.5358256101608276,,0.9999502897262573,0.426962673664093,0.6255478262901306,,0.9949130415916443,0.4136362671852112,0.7184197306632996,,0.9945977926254272,0.39267295598983765,0.7483319044113159,,0.9889437556266785,forward,134.8285171390836,1
699,23.3233,54.499149322509766,1080,1920,0.5507079362869263,0.5332308411598206,,0.9999569654464722,0.5794726014137268,0.6249546408653259,,0.9933223724365234,0.5907399654388428,0.7188843488693237,,0.9902397990226746,0.6143088340759277,0.747326135635376,,0.9834737777709961,forward,132.75954950204994,1,0.4609057605266571,0.5355393290519714,,0.9999439716339111,0.4279063045978546,0.6257233023643494,,0.9947440028190613,0.4136768579483032,0.7188637852668762,,0.9944107532501221,0.39525270462036133,0.7488178014755249,,0.9885778427124023,forward,135.9351505791361,1
700,23.356666666666666,55.54604530334473,1080,1920,0.5506982803344727,0.5331231951713562,,0.9999523758888245,0.5781563520431519,0.624949038028717,,0.9930188059806824,0.5906245112419128,0.7188556790351868,,0.9900598526000977,0.6140276789665222,0.7472164630889893,,0.9832757115364075,forward,132.83290135668295,1,0.4603882133960724,0.5349427461624146,,0.9999393224716187,0.42933863401412964,0.6258291006088257,,0.9947211742401123,0.4136631488800049,0.7196661829948425,,0.9943699240684509,0.3971094787120819,0.750359296798706,,0.9885445833206177,forward,138.3227597226232,1
701,23.390033333333335,54.84485626220703,1080,1920,0.5505127906799316,0.5323144197463989,,0.9999502301216125,0.5772250294685364,0.6248992085456848,,0.9929001331329346,0.5905609726905823,0.7188379764556885,,0.9901283383369446,0.6138863563537598,0.7471883893013,,0.9834176301956177,forward,133.76642114227366,1,0.4598815441131592,0.533791720867157,,0.9999369978904724,0.43017420172691345,0.6259076595306396,,0.9946949481964111,0.4135134518146515,0.720169186592102,,0.9943379759788513,0.3969886600971222,0.7503904104232788,,0.9885297417640686,forward,140.9094819146586,1
702,23.4234,53.76911163330078,1080,1920,0.5504851341247559,0.531934380531311,,0.9999472498893738,0.5763626098632812,0.6245260238647461,,0.9928025603294373,0.5905711650848389,0.7188345789909363,,0.9901848435401917,0.613872230052948,0.7471460700035095,,0.9834811687469482,forward,134.4677593249489,1,0.4593990743160248,0.5333957672119141,,0.9999334216117859,0.4312458336353302,0.6259610056877136,,0.9946660399436951,0.41335156559944153,0.720325767993927,,0.9942816495895386,0.39730265736579895,0.750371515750885,,0.9884435534477234,forward,141.76608828334292,1
703,23.456766666666667,54.83198165893555,1080,1920,0.5504842400550842,0.5308483242988586,,0.9999454617500305,0.5744068622589111,0.6235106587409973,,0.9928708672523499,0.590595006942749,0.7188445925712585,,0.9904131293296814,0.6137048006057739,0.7471357583999634,,0.983830451965332,forward,136.62850827828967,1,0.4591943919658661,0.5324030518531799,,0.9999319911003113,0.43262428045272827,0.6257829666137695,,0.9947267174720764,0.4132513701915741,0.7203367352485657,,0.9943305253982544,0.39715635776519775,0.7502418756484985,,0.9885575175285339,forward,143.3731335504367,1
704,23.490133333333333,55.10973930358887,1080,1920,0.5504918098449707,0.5302151441574097,,0.9999430179595947,0.5726093053817749,0.6231256127357483,,0.9930197596549988,0.590373694896698,0.7187901139259338,,0.9906726479530334,0.6130855679512024,0.7471266984939575,,0.9842272400856018,forward,137.6509173021907,1,0.45906785130500793,0.531568169593811,,0.9999301433563232,0.43286797404289246,0.6255139112472534,,0.9948344826698303,0.4130769371986389,0.7203303575515747,,0.994414746761322,0.3971397876739502,0.7501493692398071,,0.98872971534729,forward,144.88541124852603,1
705,23.523500000000002,54.81910705566406,1080,1920,0.5504598021507263,0.529365599155426,,0.9999385476112366,0.5710111260414124,0.6223610043525696,,0.9931228160858154,0.589844286441803,0.7187178134918213,,0.9908621907234192,0.6122634410858154,0.7471374869346619,,0.9844842553138733,forward,139.4080927950596,1,0.4590076804161072,0.5308657288551331,,0.9999262094497681,0.4331265091896057,0.624705970287323,,0.994911253452301,0.41268566250801086,0.7203559875488281,,0.9944713115692139,0.3970732092857361,0.749896228313446,,0.9888308644294739,forward,147.26894134024633,1
706,23.556866666666668,54.833173751831055,1080,1920,0.5498806238174438,0.528241753578186,,0.9999325275421143,0.5694267153739929,0.6219598650932312,,0.9932203888893127,0.589442789554596,0.718720018863678,,0.9910690188407898,0.6120691895484924,0.7475365996360779,,0.98476243019104,forward,141.34633070045115,1,0.4587087333202362,0.5296815037727356,,0.9999202489852905,0.432949423789978,0.6236711740493774,,0.9949924349784851,0.41213130950927734,0.7203195095062256,,0.9945322871208191,0.395743191242218,0.7496218085289001,,0.9889441132545471,forward,151.87473000067348,1
707,23.590233333333334,54.078102111816406,1080,1920,0.5496249198913574,0.5277032256126404,,0.9999276399612427,0.5682463645935059,0.6219832301139832,,0.9933789372444153,0.5892935395240784,0.7186710834503174,,0.9913156032562256,0.6123418807983398,0.74769526720047,,0.9851089119911194,forward,141.84448565571,0,0.45816347002983093,0.5294337868690491,,0.9999149441719055,0.43279188871383667,0.6236397624015808,,0.9951197504997253,0.41187140345573425,0.7203113436698914,,0.994638204574585,0.39446577429771423,0.7494142055511475,,0.9891367554664612,forward,152.3379978677814,1
708,23.6236,54.63075637817383,1080,1920,0.549495279788971,0.5269197225570679,,0.9999226927757263,0.5670265555381775,0.6220042109489441,,0.9934403896331787,0.5892317891120911,0.7186849117279053,,0.9914548397064209,0.6130017638206482,0.7480644583702087,,0.9853187203407288,forward,142.85330194641972,0,0.4579487442970276,0.5292401909828186,,0.9999096989631653,0.43270936608314514,0.6234356760978699,,0.9951773285865784,0.4117025136947632,0.7203044891357422,,0.9946868419647217,0.3939858078956604,0.7490518689155579,,0.9892401695251465,forward,153.75409899593697,1
709,23.656966666666666,54.41784858703613,1080,1920,0.5493927001953125,0.5264471173286438,,0.9999186396598816,0.5657652616500854,0.6219016909599304,,0.9934765696525574,0.5891532301902771,0.7187788486480713,,0.9915583729743958,0.61302649974823,0.7488656640052795,,0.9854719638824463,forward,143.88462229122808,0,0.4578874111175537,0.5290141105651855,,0.999904990196228,0.43262356519699097,0.6231133937835693,,0.9951825141906738,0.41166165471076965,0.7202135920524597,,0.9946845173835754,0.39369773864746094,0.7486835718154907,,0.989262580871582,forward,157.55891060730352,1
710,23.690333333333335,54.769277572631836,1080,1920,0.5489047169685364,0.5259233713150024,,0.9999131560325623,0.5643106698989868,0.621159553527832,,0.9934490323066711,0.5887358784675598,0.7187663912773132,,0.9916244745254517,0.6129472851753235,0.7491447925567627,,0.985547661781311,forward,145.8852729010403,0,0.45728373527526855,0.5283461809158325,,0.999897837638855,0.4323793053627014,0.6221277713775635,,0.995141863822937,0.4115930497646332,0.7196967005729675,,0.9946258664131165,0.39344027638435364,0.7482645511627197,,0.9891870617866516,forward,157.0950870260666,1
711,23.7237,55.882930755615234,1080,1920,0.5481295585632324,0.5255297422409058,,0.9999086260795593,0.5637804269790649,0.6207784414291382,,0.9934073090553284,0.5885289311408997,0.71876460313797,,0.9916936159133911,0.6123036742210388,0.7491515278816223,,0.9856480956077576,forward,147.34179557104625,0,0.45707041025161743,0.5273057222366333,,0.9998915195465088,0.431748628616333,0.6209608912467957,,0.9951017498970032,0.4115378260612488,0.7186805009841919,,0.9945691823959351,0.39342135190963745,0.7478402256965637,,0.9891275763511658,forward,156.91296971037238,1
712,23.757066666666667,55.65595626831055,1080,1920,0.5474024415016174,0.5258064866065979,,0.9999032616615295,0.5634681582450867,0.6208247542381287,,0.9933532476425171,0.5889307260513306,0.7195248007774353,,0.991750955581665,0.6127615571022034,0.7496325373649597,,0.9856995940208435,forward,150.92459221061213,0,0.45641738176345825,0.5275484323501587,,0.9998833537101746,0.4309946894645691,0.6205572485923767,,0.9950466156005859,0.41152334213256836,0.7182140350341797,,0.994469165802002,0.3933697044849396,0.7478302121162415,,0.9889768958091736,forward,153.94766019323453,1
713,23.790433333333333,55.44710159301758,1080,1920,0.5470113754272461,0.5259063839912415,,0.9998995065689087,0.5630291104316711,0.6208037734031677,,0.993230402469635,0.5895968079566956,0.7201696634292603,,0.9917521476745605,0.6127561330795288,0.7499196529388428,,0.9856811165809631,forward,154.9364894055472,0,0.4563356935977936,0.5274196863174438,,0.9998772144317627,0.4306645393371582,0.6202797293663025,,0.9949372410774231,0.41151466965675354,0.717941403388977,,0.9943307638168335,0.39316827058792114,0.7475842237472534,,0.9887843728065491,forward,153.82416665435906,1
714,23.823800000000002,55.18221855163574,1080,1920,0.5468121767044067,0.5258495211601257,,0.9998964071273804,0.5625690817832947,0.6207660436630249,,0.993126630783081,0.5898270606994629,0.7202162146568298,,0.9917051196098328,0.6127530932426453,0.7499746680259705,,0.9855921268463135,forward,154.96120241336982,0,0.45633044838905334,0.5273777842521667,,0.9998719692230225,0.4300662875175476,0.6203658580780029,,0.9948186278343201,0.4115060567855835,0.7177639603614807,,0.9941630959510803,0.39312586188316345,0.7475574016571045,,0.988540530204773,forward,151.3245682214159,1
715,23.857166666666668,56.030988693237305,1080,1920,0.546870231628418,0.5256459712982178,,0.9998932480812073,0.5621175169944763,0.6207215189933777,,0.9929460883140564,0.5898774266242981,0.7201243042945862,,0.9915353059768677,0.6126824617385864,0.7499617338180542,,0.9853167533874512,forward,153.39870775311923,0,0.45653948187828064,0.5271538496017456,,0.9998670220375061,0.4296949505805969,0.6203508973121643,,0.9946295022964478,0.41156861186027527,0.7175650000572205,,0.9939086437225342,0.39312663674354553,0.7474679946899414,,0.9881559014320374,forward,150.43369536603416,1
716,23.890533333333334,55.056095123291016,1080,1920,0.5469359159469604,0.5252861976623535,,0.9998902678489685,0.5618497729301453,0.6207326650619507,,0.9928054213523865,0.5898755192756653,0.7196305990219116,,0.9913996458053589,0.6124076247215271,0.7499090433120728,,0.9850829839706421,forward,149.6141642834879,0,0.456562340259552,0.5268490314483643,,0.999862015247345,0.42911186814308167,0.6203559041023254,,0.9944719672203064,0.4115872085094452,0.7172897458076477,,0.9936743974685669,0.39317914843559265,0.747202455997467,,0.9877848029136658,forward,149.43020259904105,1
717,23.9239,55.07707595825195,1080,1920,0.547031581401825,0.5248740911483765,,0.9998894929885864,0.5615447163581848,0.6207414865493774,,0.992706298828125,0.5897641181945801,0.7194268107414246,,0.9913339018821716,0.6121638417243958,0.7498463988304138,,0.9850001931190491,forward,149.10912562879636,0,0.45663872361183167,0.526633083820343,,0.9998602867126465,0.4286838173866272,0.6203891634941101,,0.9943702220916748,0.411507785320282,0.7172983288764954,,0.9935439229011536,0.3929755985736847,0.7471888065338135,,0.9876006245613098,forward,149.67393314602202,1
718,23.957266666666666,55.201053619384766,1080,1920,0.5473783016204834,0.524655282497406,,0.9998887777328491,0.5616446733474731,0.6211145520210266,,0.9924864172935486,0.589148223400116,0.7193388342857361,,0.991166889667511,0.6120011210441589,0.7498060464859009,,0.9847918152809143,forward,148.03013234425566,0,0.45677340030670166,0.5266061425209045,,0.9998586177825928,0.42859745025634766,0.620417594909668,,0.9942024350166321,0.4114376902580261,0.7173057794570923,,0.9933561086654663,0.3929113745689392,0.7471475005149841,,0.9873349666595459,forward,149.65890509186872,1
719,23.990633333333335,54.637908935546875,1080,1920,0.5478183031082153,0.5246558785438538,,0.9998881816864014,0.5618559122085571,0.6219140291213989,,0.9923231601715088,0.58878493309021,0.7193555235862732,,0.9910319447517395,0.6119383573532104,0.7497985363006592,,0.9846298098564148,forward,146.64748862445597,0,0.4569001793861389,0.5266252160072327,,0.9998573064804077,0.4284802973270416,0.6204323172569275,,0.9940648674964905,0.41138097643852234,0.7173097729682922,,0.9932041168212891,0.3929077982902527,0.7471380233764648,,0.9871188998222351,forward,149.60443097167325,1
720,24.024,53.907155990600586,1080,1920,0.5480255484580994,0.5246920585632324,,0.9998859167098999,0.5622001886367798,0.6223726272583008,,0.9922332167625427,0.588654100894928,0.7194392085075378,,0.9909744262695312,0.612067699432373,0.7498531341552734,,0.9845571517944336,forward,146.24333355403547,0,0.4570293128490448,0.5266357660293579,,0.9998541474342346,0.4282894730567932,0.6206222772598267,,0.9939871430397034,0.41135671734809875,0.7173112034797668,,0.9931155443191528,0.39272910356521606,0.7471233606338501,,0.9869853854179382,forward,149.06425280745964,1
721,24.057366666666667,54.11219596862793,1080,1920,0.5485830307006836,0.5245124697685242,,0.9998828172683716,0.5623159408569336,0.6224318146705627,,0.9919923543930054,0.5884871482849121,0.7194791436195374,,0.9907801151275635,0.612148642539978,0.7498644590377808,,0.9842890501022339,forward,146.55678963351806,0,0.4575461149215698,0.5266618132591248,,0.9998496770858765,0.4282052516937256,0.6206339001655579,,0.9937773942947388,0.41134539246559143,0.7173139452934265,,0.992900550365448,0.3926006555557251,0.7470846772193909,,0.9866589903831482,forward,149.0072737914322,1
722,24.090733333333333,56.427001953125,1080,1920,0.5493361949920654,0.5241940021514893,,0.9998804926872253,0.5626316666603088,0.6224849820137024,,0.9918811321258545,0.5886138081550598,0.7195228338241577,,0.9906731843948364,0.6123288869857788,0.7499287128448486,,0.9841378331184387,forward,147.11131201082887,0,0.4579543471336365,0.5266734957695007,,0.9998462796211243,0.4282204806804657,0.6206411123275757,,0.9936424493789673,0.41134944558143616,0.7172893285751343,,0.9927581548690796,0.3925572335720062,0.7470675706863403,,0.9864382147789001,forward,148.87341434328303,1
723,24.124100000000002,55.4347038269043,1080,1920,0.5503866672515869,0.5234967470169067,,0.9998769164085388,0.5634283423423767,0.6224918961524963,,0.9917356967926025,0.5886256098747253,0.7196303009986877,,0.990515410900116,0.6124191284179688,0.7500503659248352,,0.9839088320732117,forward,148.52281267293148,0,0.45852652192115784,0.5265681147575378,,0.9998413324356079,0.4283507466316223,0.6206621527671814,,0.9934849739074707,0.41141048073768616,0.7171134352684021,,0.9925769567489624,0.392634779214859,0.7470550537109375,,0.9861491918563843,forward,148.30987445142816,1
724,24.157466666666668,55.654287338256836,1080,1920,0.5511066317558289,0.5233904719352722,,0.9998753070831299,0.56403648853302,0.6225304007530212,,0.9917119741439819,0.5885336399078369,0.7196294665336609,,0.9904909729957581,0.6123847961425781,0.750008225440979,,0.983883261680603,forward,148.66101510032746,0,0.45887961983680725,0.526611864566803,,0.9998391270637512,0.42874661087989807,0.620678186416626,,0.9934042096138,0.41153472661972046,0.7167815566062927,,0.9924988746643066,0.39241763949394226,0.7468401789665222,,0.9860403537750244,forward,147.07518415697734,1
725,24.190833333333334,56.134939193725586,1080,1920,0.5513434410095215,0.5231859087944031,,0.9998745918273926,0.5643753409385681,0.6225322484970093,,0.9917898774147034,0.5883222818374634,0.7196085453033447,,0.990567147731781,0.6122862696647644,0.7499487996101379,,0.9839975237846375,forward,148.95295116226563,0,0.45899319648742676,0.5266273021697998,,0.9998385906219482,0.4287432134151459,0.6206268072128296,,0.9934061765670776,0.4115348160266876,0.7165682315826416,,0.9925196170806885,0.3912888467311859,0.7467758655548096,,0.9860817790031433,forward,146.46524144158033,1
726,24.2242,55.954933166503906,1080,1920,0.5513718724250793,0.5231959819793701,,0.9998748898506165,0.5645992159843445,0.6224896311759949,,0.9918917417526245,0.5882474184036255,0.7196018695831299,,0.9907110333442688,0.6119429469108582,0.7499332427978516,,0.9842165112495422,forward,148.95806198246225,0,0.45898106694221497,0.5268152952194214,,0.9998390078544617,0.42864736914634705,0.6206514835357666,,0.993449330329895,0.4115369915962219,0.716534435749054,,0.9926050305366516,0.38990122079849243,0.7467857599258423,,0.9862330555915833,forward,146.04805102191145,1
727,24.257566666666666,55.73296546936035,1080,1920,0.551361620426178,0.5232563614845276,,0.9998747706413269,0.5649639964103699,0.6224443316459656,,0.9919963479042053,0.5882453918457031,0.7195938229560852,,0.9908412098884583,0.6118294596672058,0.7499275803565979,,0.9844023585319519,forward,148.8776037555579,0,0.4589720368385315,0.5271164774894714,,0.9998388290405273,0.4283456802368164,0.6207869648933411,,0.9934985637664795,0.4115349352359772,0.7165173292160034,,0.9926838874816895,0.3887450098991394,0.746816873550415,,0.9863645434379578,forward,145.35438066018088,1
728,24.290933333333335,54.85796928405762,1080,1920,0.5509492754936218,0.5235027074813843,,0.9998714923858643,0.565403938293457,0.622407853603363,,0.9920614957809448,0.5882582068443298,0.7195279598236084,,0.9909208416938782,0.6116448640823364,0.7499014735221863,,0.9845010638237,forward,148.32385611752608,0,0.4587191641330719,0.527492344379425,,0.9998345375061035,0.4277271032333374,0.6213105916976929,,0.9935368299484253,0.41150954365730286,0.7165049314498901,,0.9927374720573425,0.3884148895740509,0.7469928860664368,,0.9864347577095032,forward,144.09424667934078,1
729,24.3243,54.86416816711426,1080,1920,0.5500932335853577,0.5238067507743835,,0.9998689293861389,0.5657345652580261,0.6223514676094055,,0.992180347442627,0.588272213935852,0.719474196434021,,0.9910349249839783,0.6112291812896729,0.7498852014541626,,0.9846475720405579,forward,147.74161160067726,0,0.45820456743240356,0.527756929397583,,0.9998309016227722,0.4262337386608124,0.6217252016067505,,0.9936404228210449,0.41153499484062195,0.7165091633796692,,0.992850124835968,0.3884393572807312,0.7471402883529663,,0.9865963459014893,forward,143.28689117767232,1
730,24.357666666666667,55.253028869628906,1080,1920,0.5485361218452454,0.5244078040122986,,0.9998646974563599,0.5667327046394348,0.6223526000976562,,0.992226779460907,0.588312029838562,0.7194720506668091,,0.9911050796508789,0.6111498475074768,0.7498581409454346,,0.9847356081008911,forward,146.78758575290823,0,0.45716357231140137,0.5282239317893982,,0.9998252987861633,0.4256686568260193,0.6221453547477722,,0.9937114119529724,0.4115517735481262,0.7165009379386902,,0.9929211139678955,0.388936847448349,0.747241199016571,,0.9866853356361389,forward,142.22059933068252,1
731,24.391033333333333,55.86409568786621,1080,1920,0.5473858714103699,0.5260543823242188,,0.9998597502708435,0.5682540535926819,0.6227443814277649,,0.9921866059303284,0.5884153842926025,0.7194724678993225,,0.9910830855369568,0.6109631657600403,0.7498055100440979,,0.9846680760383606,forward,143.92489280903746,1,0.4564948081970215,0.5299367904663086,,0.9998184442520142,0.42510145902633667,0.6226798295974731,,0.9937446713447571,0.4117816388607025,0.7165601253509521,,0.992951512336731,0.3894383907318115,0.7475441098213196,,0.9866957068443298,forward,139.52302099379702,1
732,24.424400000000002,54.82292175292969,1080,1920,0.5461194515228271,0.5277798175811768,,0.9998555779457092,0.5690176486968994,0.6230335235595703,,0.9922282695770264,0.5890158414840698,0.7193601727485657,,0.9911425709724426,0.6107025146484375,0.7495957016944885,,0.9847294688224792,forward,141.00258986021885,1,0.45550239086151123,0.5315223336219788,,0.9998124837875366,0.424256831407547,0.6237202882766724,,0.9938327074050903,0.4125238358974457,0.7165612578392029,,0.9930368661880493,0.3903399705886841,0.7478282451629639,,0.9868083000183105,forward,136.72273489941318,1
733,24.457766666666668,54.054975509643555,1080,1920,0.5452701449394226,0.5299596190452576,,0.9998512864112854,0.573343813419342,0.6238333582878113,,0.9923545718193054,0.5896739363670349,0.7193176746368408,,0.9912473559379578,0.6109219193458557,0.7495517730712891,,0.9848867058753967,forward,137.41070428562304,1,0.4549136161804199,0.533470869064331,,0.9998068809509277,0.4238380193710327,0.6257420778274536,,0.9939801096916199,0.41315117478370667,0.7167729139328003,,0.9931900501251221,0.39180904626846313,0.748420000076294,,0.9870380163192749,forward,133.67914495114513,1
734,24.491133333333334,54.61287498474121,1080,1920,0.5447281002998352,0.5311245322227478,,0.9998486042022705,0.5761058926582336,0.6248742938041687,,0.9924566745758057,0.5899769067764282,0.7192085981369019,,0.9913288354873657,0.611186146736145,0.7494781613349915,,0.9850050806999207,forward,135.03600371060773,1,0.45431041717529297,0.5346518158912659,,0.999802827835083,0.4231205880641937,0.6269299983978271,,0.9940963983535767,0.4133545756340027,0.7169533967971802,,0.9933102130889893,0.3921056091785431,0.7485184073448181,,0.9872133731842041,forward,132.11880182225838,1
735,24.5245,55.078983306884766,1080,1920,0.5441129207611084,0.5320324301719666,,0.9998465180397034,0.577923059463501,0.6252622604370117,,0.9926134943962097,0.5900198221206665,0.7191162109375,,0.9914855360984802,0.6117650866508484,0.7494187951087952,,0.98524010181427,forward,133.55076801362114,1,0.4540172219276428,0.5352646708488464,,0.9997986555099487,0.42297127842903137,0.6274629235267639,,0.9942022562026978,0.41346773505210876,0.7170127034187317,,0.993405818939209,0.3924728035926819,0.7485020160675049,,0.987350344657898,forward,131.30885968200212,1
736,24.557866666666666,55.07302284240723,1080,1920,0.5437983870506287,0.5327669978141785,,0.999843955039978,0.5791480541229248,0.6253669261932373,,0.9927154183387756,0.5902014374732971,0.7190533876419067,,0.9915527701377869,0.6118450164794922,0.7492716312408447,,0.985300600528717,forward,132.51523843191603,1,0.4540018141269684,0.5356636643409729,,0.9997950196266174,0.42245641350746155,0.6274182200431824,,0.9942682385444641,0.41347363591194153,0.7171999216079712,,0.993468701839447,0.39285340905189514,0.7484984993934631,,0.9874073266983032,forward,131.0684957780507,1
737,24.591233333333335,54.89373207092285,1080,1920,0.5436351895332336,0.5335242748260498,,0.9998422265052795,0.5804175138473511,0.6255316138267517,,0.9928460717201233,0.5904029607772827,0.7190113663673401,,0.991625964641571,0.6116192936897278,0.7489712834358215,,0.9853628277778625,forward,131.47800973003075,1,0.45399001240730286,0.5362562537193298,,0.9997926354408264,0.4220409691333771,0.6274393200874329,,0.9943476319313049,0.41343727707862854,0.7172115445137024,,0.9935283660888672,0.39336585998535156,0.7486706376075745,,0.9874482750892639,forward,130.32191234565934,1
738,24.6246,55.09305000305176,1080,1920,0.5434735417366028,0.5349622964859009,,0.999839723110199,0.5826632380485535,0.6261298060417175,,0.992917537689209,0.5906429290771484,0.718926727771759,,0.9915540814399719,0.611662745475769,0.7486966252326965,,0.9851939082145691,forward,129.40927315868635,1,0.4539617896080017,0.5376670956611633,,0.9997896552085876,0.4213378429412842,0.6275749802589417,,0.9944216012954712,0.4134359061717987,0.7172010540962219,,0.9935709834098816,0.39416205883026123,0.7493913769721985,,0.9874371886253357,forward,128.53566006961336,1
739,24.657966666666667,55.64093589782715,1080,1920,0.5434913039207458,0.5360881686210632,,0.9998383522033691,0.5837976932525635,0.6264753937721252,,0.993003785610199,0.5907452702522278,0.7187961339950562,,0.9915347695350647,0.6120957732200623,0.748524010181427,,0.9850919246673584,forward,127.80410936107691,1,0.45403578877449036,0.539178192615509,,0.999786913394928,0.4195310175418854,0.6287203431129456,,0.9944692850112915,0.41343939304351807,0.7171341180801392,,0.9936122298240662,0.3938862383365631,0.7496551871299744,,0.9874292016029358,forward,126.37575261591431,1
740,24.691333333333333,55.27496337890625,1080,1920,0.5435129404067993,0.5373207330703735,,0.9998407959938049,0.5849514603614807,0.6269237399101257,,0.9931203126907349,0.5913299322128296,0.718440592288971,,0.991623044013977,0.6125679016113281,0.7484941482543945,,0.9851582050323486,forward,125.75252378902246,1,0.4540661871433258,0.5400992035865784,,0.9997885227203369,0.4176270365715027,0.6294263601303101,,0.994529128074646,0.4135347008705139,0.7171370983123779,,0.9936984181404114,0.3931942284107208,0.7496715784072876,,0.9875175356864929,forward,125.17140335170126,1
741,24.724700000000002,55.25088310241699,1080,1920,0.5435263514518738,0.538972020149231,,0.999847412109375,0.5872294902801514,0.6271629333496094,,0.9932552576065063,0.5916398167610168,0.7183380126953125,,0.9917378425598145,0.6127848625183105,0.7484972476959229,,0.9853439927101135,forward,123.79451433340962,1,0.4540720582008362,0.5412589907646179,,0.9997970461845398,0.41583487391471863,0.6304898858070374,,0.9945794343948364,0.41374748945236206,0.7171316146850586,,0.9938117265701294,0.39214032888412476,0.7497141361236572,,0.9877087473869324,forward,123.6710200792442,1
742,24.758066666666668,55.00221252441406,1080,1920,0.5435277819633484,0.5401124358177185,,0.9998548030853271,0.5884800553321838,0.6279294490814209,,0.9933950304985046,0.5917739272117615,0.7185277342796326,,0.991855800151825,0.6129239797592163,0.7487029433250427,,0.9855210781097412,forward,122.59890125043032,1,0.45408281683921814,0.5426027774810791,,0.9998070001602173,0.41460105776786804,0.6312338709831238,,0.994560956954956,0.4137493968009949,0.717060923576355,,0.9939274191856384,0.391499787569046,0.7497113347053528,,0.987881064414978,forward,121.96191182697879,1
743,24.791433333333334,55.384159088134766,1080,1920,0.5435293316841125,0.5420881509780884,,0.9998631477355957,0.5896415114402771,0.6289787888526917,,0.9934443831443787,0.5918827652931213,0.7187074422836304,,0.9918879270553589,0.6135194301605225,0.7489293217658997,,0.9855549335479736,forward,120.49331074064793,1,0.4541258215904236,0.5445774793624878,,0.9998171925544739,0.41365230083465576,0.632242739200592,,0.9944840669631958,0.4136814773082733,0.7171522974967957,,0.9939917325973511,0.38942858576774597,0.7498263716697693,,0.9879618287086487,forward,119.76979341351193,1
744,24.8248,56.17213249206543,1080,1920,0.5435349345207214,0.5446615219116211,,0.9998718500137329,0.5911492705345154,0.6302509307861328,,0.9934426546096802,0.5920407176017761,0.7187449336051941,,0.9918578863143921,0.6140174865722656,0.7490351796150208,,0.9854788780212402,forward,117.63680985656342,1,0.45423126220703125,0.5470888018608093,,0.9998282790184021,0.41242966055870056,0.6333103775978088,,0.9943804740905762,0.41341066360473633,0.717147171497345,,0.9940504431724548,0.38760507106781006,0.7498384118080139,,0.9880341291427612,forward,116.9607549553801,1
745,24.858166666666666,55.60708045959473,1080,1920,0.5436927080154419,0.54609614610672,,0.9998796582221985,0.5919811725616455,0.6308062672615051,,0.9934788346290588,0.5920900106430054,0.7188072800636292,,0.9918520450592041,0.6142978072166443,0.7490955591201782,,0.9854347109794617,forward,116.19524250914516,1,0.45487430691719055,0.5484819412231445,,0.9998384118080139,0.4118216335773468,0.6336692571640015,,0.9943053722381592,0.41339176893234253,0.7169684171676636,,0.9940869808197021,0.38741621375083923,0.7498481273651123,,0.9880571961402893,forward,115.27407691347288,1
746,24.891533333333335,54.97908592224121,1080,1920,0.5441941618919373,0.5473337173461914,,0.9998874664306641,0.5925604104995728,0.6308416724205017,,0.9934855103492737,0.5921699404716492,0.7187411785125732,,0.9916067719459534,0.6144223213195801,0.7490956783294678,,0.9850040078163147,forward,114.96700674847065,1,0.455929696559906,0.5494858026504517,,0.9998489618301392,0.4112776219844818,0.6342346668243408,,0.9942545890808105,0.4129222333431244,0.7169227004051208,,0.994083046913147,0.3872847259044647,0.7498513460159302,,0.9879621863365173,forward,114.14735420570581,1
747,24.9249,55.6488037109375,1080,1920,0.5449064373970032,0.5492151379585266,,0.9998957514762878,0.5932604074478149,0.6316834092140198,,0.9935710430145264,0.5921739935874939,0.7184000015258789,,0.991428017616272,0.6144371032714844,0.7490878701210022,,0.9846710562705994,forward,112.61158396320987,1,0.4570765197277069,0.5510314702987671,,0.999859631061554,0.410832017660141,0.6344811916351318,,0.9941949844360352,0.4126051664352417,0.7163734436035156,,0.9939848184585571,0.387323796749115,0.7497864365577698,,0.9877050518989563,forward,111.9846748321302,1
748,24.958266666666667,54.680824279785156,1080,1920,0.5452762842178345,0.5513025522232056,,0.99990314245224,0.5936577916145325,0.6331773996353149,,0.9935699105262756,0.5923080444335938,0.7183758020401001,,0.9910603165626526,0.6144381165504456,0.7490178942680359,,0.9840337038040161,forward,110.34855075339593,1,0.45791974663734436,0.5526627898216248,,0.9998689293861389,0.41025739908218384,0.6349602341651917,,0.9941244125366211,0.4118969440460205,0.716191291809082,,0.9938238263130188,0.3872525990009308,0.7497333288192749,,0.9873406887054443,forward,110.16422726751324,1
749,24.991633333333333,55.377960205078125,1080,1920,0.5456668734550476,0.5531209707260132,,0.9999101161956787,0.5942500829696655,0.6336761116981506,,0.9936126470565796,0.5923169851303101,0.7182590365409851,,0.9907838106155396,0.6144662499427795,0.7485411167144775,,0.9835773706436157,forward,108.52509323280265,1,0.4585329294204712,0.5546748638153076,,0.9998781085014343,0.40976494550704956,0.6355907917022705,,0.9941770434379578,0.41131162643432617,0.7161814570426941,,0.9938578605651855,0.38654348254203796,0.7503923177719116,,0.9873486161231995,forward,108.194059946399,1
750,25.025000000000002,55.647850036621094,1080,1920,0.5461801886558533,0.5553637146949768,,0.9999162554740906,0.5951335430145264,0.6353893876075745,,0.9937019348144531,0.592321515083313,0.7185730338096619,,0.9904696345329285,0.6146102547645569,0.7484225630760193,,0.9829788208007812,forward,106.57318671833829,1,0.459373414516449,0.55668044090271,,0.9998862147331238,0.4083844721317291,0.63564133644104,,0.9942800402641296,0.4095986485481262,0.7161725163459778,,0.9938716292381287,0.3855659067630768,0.7506153583526611,,0.98729407787323,forward,106.3553313612704,1
751,25.058366666666668,55.35483360290527,1080,1920,0.546764075756073,0.5567112565040588,,0.9999223947525024,0.5954983234405518,0.6356798410415649,,0.9938338994979858,0.592362642288208,0.7186065912246704,,0.9901604652404785,0.6146681904792786,0.7484375238418579,,0.9824317097663879,forward,105.41636525264596,1,0.45979663729667664,0.5583798885345459,,0.9998945593833923,0.4063238501548767,0.6361131072044373,,0.9944326281547546,0.4090496301651001,0.7165968418121338,,0.9939272403717041,0.3835996687412262,0.7507676482200623,,0.9873241186141968,forward,105.22423229881436,1
752,25.091733333333334,54.826974868774414,1080,1920,0.5467667579650879,0.5583955645561218,,0.9999282956123352,0.5958312153816223,0.6355299353599548,,0.9939468502998352,0.5923361778259277,0.7185422778129578,,0.9897631406784058,0.6146906614303589,0.7484292984008789,,0.981731116771698,forward,104.00166891855388,1,0.45986059308052063,0.5598680973052979,,0.9999024271965027,0.4041190445423126,0.6361737847328186,,0.9945704340934753,0.4090293049812317,0.7166242599487305,,0.9938812851905823,0.38289642333984375,0.7507858276367188,,0.9871401786804199,forward,103.96130065984718,1
753,25.1251,54.81386184692383,1080,1920,0.5467588901519775,0.5601003766059875,,0.9999327063560486,0.5964403748512268,0.637080729007721,,0.993906557559967,0.5919761061668396,0.7186614871025085,,0.9891710877418518,0.615054190158844,0.7482271790504456,,0.9807500243186951,forward,102.40800697436013,1,0.45995888113975525,0.5618075132369995,,0.9999086856842041,0.4027777314186096,0.6363565921783447,,0.9946937561035156,0.4084748327732086,0.7168853282928467,,0.9939188361167908,0.38246995210647583,0.7507812976837158,,0.9871625900268555,forward,102.57016048951242,1
754,25.158466666666666,54.77404594421387,1080,1920,0.546840250492096,0.5620148777961731,,0.9999380707740784,0.5966441035270691,0.6371965408325195,,0.9940155744552612,0.5917434692382812,0.7179599404335022,,0.9887378811836243,0.6150370836257935,0.7481682896614075,,0.9800262451171875,forward,100.16177334908774,1,0.46005716919898987,0.5641171336174011,,0.9999158978462219,0.4015670120716095,0.6370800733566284,,0.9948077201843262,0.40836581587791443,0.7171357274055481,,0.9938117861747742,0.3814219534397125,0.7507789731025696,,0.986894428730011,forward,100.78842289678161,1
755,25.191833333333335,54.451942443847656,1080,1920,0.5468083024024963,0.5648037791252136,,0.99994295835495,0.5968761444091797,0.6371155977249146,,0.9940410852432251,0.5908350944519043,0.7179407477378845,,0.9882224202156067,0.6149135231971741,0.7481657266616821,,0.9792799353599548,forward,98.01238737009544,1,0.460050106048584,0.5664464235305786,,0.9999224543571472,0.401039719581604,0.6369946002960205,,0.9949363470077515,0.4081330895423889,0.7175560593605042,,0.9938127994537354,0.380514532327652,0.7509168982505798,,0.9868842959403992,forward,99.39295206680654,1
756,25.2252,54.895877838134766,1080,1920,0.5468025207519531,0.5680407285690308,,0.9999473690986633,0.5970078110694885,0.6383653283119202,,0.9940386414527893,0.5902946591377258,0.7179349660873413,,0.9874826073646545,0.6149206757545471,0.7481815814971924,,0.9782171249389648,forward,95.30518307875342,1,0.4600554406642914,0.5695070624351501,,0.9999284744262695,0.4003991484642029,0.6369879841804504,,0.9950731992721558,0.4074382483959198,0.7177417874336243,,0.993750810623169,0.38065260648727417,0.750939667224884,,0.9867783784866333,forward,97.24413194492756,1
757,25.258566666666667,54.476022720336914,1080,1920,0.5464688539505005,0.5706387162208557,,0.9999515414237976,0.5973841547966003,0.6391451358795166,,0.9941202998161316,0.5895869731903076,0.7179766297340393,,0.9869095087051392,0.6149235963821411,0.7481926679611206,,0.9774215221405029,forward,93.27422521111437,1,0.45976513624191284,0.5720134973526001,,0.9999341368675232,0.3994729220867157,0.6369484066963196,,0.9952650666236877,0.4074525535106659,0.717922031879425,,0.9937777519226074,0.3809492886066437,0.7508281469345093,,0.9868505001068115,forward,95.58727710807932,1
758,25.291933333333333,54.986000061035156,1080,1920,0.545979380607605,0.5723937153816223,,0.9999552965164185,0.5974010825157166,0.6405748128890991,,0.9943178296089172,0.5892000794410706,0.7179493308067322,,0.9866339564323425,0.6150456070899963,0.7482373118400574,,0.9769596457481384,forward,91.68334077874788,1,0.45917102694511414,0.5737852454185486,,0.9999388456344604,0.39736583828926086,0.6374393701553345,,0.9954462647438049,0.4073858857154846,0.71792072057724,,0.9935896992683411,0.3820442855358124,0.750808835029602,,0.986445426940918,forward,94.14539067487692,1
759,25.325300000000002,54.77094650268555,1080,1920,0.5459039211273193,0.5736536383628845,,0.9999591708183289,0.5975176692008972,0.6402557492256165,,0.9945996403694153,0.5888928174972534,0.7177324891090393,,0.9866694211959839,0.6152878403663635,0.7481129169464111,,0.9771526455879211,forward,90.649197984892,1,0.4587935209274292,0.5751110911369324,,0.9999439120292664,0.3960517346858978,0.6372760534286499,,0.9957038760185242,0.4073348045349121,0.7179166674613953,,0.9936421513557434,0.3825976252555847,0.7505309581756592,,0.9865666627883911,forward,93.24442035328207,1
760,25.358666666666668,55.10115623474121,1080,1920,0.5456157326698303,0.5748832821846008,,0.9999626874923706,0.5976243615150452,0.6400346755981445,,0.9948564171791077,0.5882760882377625,0.7176963090896606,,0.9867213368415833,0.6151924729347229,0.7473505139350891,,0.9774055480957031,forward,89.79896407982807,1,0.4584497809410095,0.5762856006622314,,0.9999485015869141,0.3951973021030426,0.6370677351951599,,0.9959506392478943,0.407262921333313,0.7179422974586487,,0.9937671422958374,0.38262632489204407,0.7496868371963501,,0.9868552088737488,forward,92.51172284648088,1
761,25.392033333333334,54.67987060546875,1080,1920,0.5453930497169495,0.5753149390220642,,0.9999657869338989,0.5977154970169067,0.6402302384376526,,0.9951285123825073,0.5878602862358093,0.717677652835846,,0.9868806600570679,0.6151015162467957,0.7472857236862183,,0.9777414798736572,forward,89.43710763875666,1,0.45802637934684753,0.576816976070404,,0.9999525547027588,0.3945886492729187,0.637267529964447,,0.9961974024772644,0.407225638628006,0.7179839015007019,,0.9938680529594421,0.3833557367324829,0.7492247223854065,,0.987074613571167,forward,92.11456473552006,1
762,25.4254,54.79097366333008,1080,1920,0.5451512932777405,0.5753471851348877,,0.9999686479568481,0.5978044271469116,0.6400935053825378,,0.9953691363334656,0.5878131985664368,0.7176793217658997,,0.9870229363441467,0.6151214838027954,0.747016191482544,,0.9780415296554565,forward,89.44673773735224,1,0.45768865942955017,0.5768477320671082,,0.9999563694000244,0.3938291072845459,0.6374756693840027,,0.9964141249656677,0.40714317560195923,0.7180852293968201,,0.9939754605293274,0.38335883617401123,0.7489337921142578,,0.9873066544532776,forward,92.12778113430682,1
763,25.458766666666666,54.21805381774902,1080,1920,0.5451502203941345,0.5748499035835266,,0.9999712705612183,0.597785472869873,0.640077531337738,,0.9956058263778687,0.5878061652183533,0.7178057432174683,,0.9872622489929199,0.6151216626167297,0.7468565702438354,,0.9785117506980896,forward,89.91367399293702,1,0.4575105309486389,0.5762980580329895,,0.9999598264694214,0.39354103803634644,0.6374555826187134,,0.9966360330581665,0.40712693333625793,0.7180802822113037,,0.9941676259040833,0.3833777606487274,0.7487195134162903,,0.9876987338066101,forward,92.51538083646145,1
764,25.492133333333335,54.88324165344238,1080,1920,0.5451417565345764,0.574227511882782,,0.9999736547470093,0.5977754592895508,0.6392030119895935,,0.9958345890045166,0.5878142714500427,0.717864453792572,,0.9876141548156738,0.6151226758956909,0.7466782927513123,,0.9791235327720642,forward,90.60788510157035,1,0.45687803626060486,0.5757977366447449,,0.999963104724884,0.3933749496936798,0.6374395489692688,,0.9968500733375549,0.4071286916732788,0.7180778384208679,,0.9943926930427551,0.3834196925163269,0.7485371232032776,,0.9881477355957031,forward,92.87116177603762,1
765,25.5255,54.18705940246582,1080,1920,0.5451368093490601,0.5739575624465942,,0.9999758005142212,0.5977709293365479,0.639123260974884,,0.9958729147911072,0.5878240466117859,0.7180162072181702,,0.987494170665741,0.6151115298271179,0.7466339468955994,,0.9789169430732727,forward,90.95913775705162,1,0.45667779445648193,0.5753268003463745,,0.9999660849571228,0.3935009241104126,0.6372720003128052,,0.99693363904953,0.40716999769210815,0.7180770635604858,,0.9944642782211304,0.3834349811077118,0.7484950423240662,,0.9882652759552002,forward,93.2595027974717,1
766,25.558866666666667,55.99784851074219,1080,1920,0.5450281500816345,0.5705847144126892,,0.999977707862854,0.597531795501709,0.6385472416877747,,0.995870053768158,0.5879142880439758,0.718413233757019,,0.9874736666679382,0.6149373650550842,0.7466135025024414,,0.9788911938667297,forward,93.87096176214297,1,0.4562213122844696,0.5717791318893433,,0.9999687671661377,0.39389336109161377,0.6365031599998474,,0.9969879984855652,0.40726733207702637,0.7180771231651306,,0.99457848072052,0.38344448804855347,0.7484445571899414,,0.9884899854660034,forward,96.06735818626986,1
767,25.592233333333333,54.920196533203125,1080,1920,0.5445747971534729,0.5657728910446167,,0.9999793171882629,0.5968260765075684,0.6370263695716858,,0.9958680868148804,0.5880559086799622,0.7185019850730896,,0.9875626564025879,0.6144728064537048,0.7465810179710388,,0.9789913296699524,forward,97.86597602403914,1,0.45548558235168457,0.5670701265335083,,0.9999709725379944,0.39422672986984253,0.635191798210144,,0.9969729781150818,0.40730080008506775,0.7181233763694763,,0.9946032762527466,0.38323378562927246,0.7483684420585632,,0.9885209798812866,forward,100.06575751088127,1
768,25.625600000000002,55.90987205505371,1080,1920,0.5438101887702942,0.5609505772590637,,0.9999807476997375,0.595313549041748,0.6324349641799927,,0.9960283637046814,0.588055431842804,0.718420684337616,,0.9880234003067017,0.6136564612388611,0.7464593052864075,,0.9796477556228638,forward,102.86595906590063,1,0.4536929130554199,0.5624226331710815,,0.9999728798866272,0.39478224515914917,0.6332169771194458,,0.9970632195472717,0.4073264002799988,0.7181659936904907,,0.9947473406791687,0.38272008299827576,0.7483646273612976,,0.9887875318527222,forward,104.43525045275427,1
769,25.658966666666668,55.444955825805664,1080,1920,0.542714536190033,0.5559102892875671,,0.9999817609786987,0.5931299328804016,0.6308003664016724,,0.9960970282554626,0.5880784392356873,0.718417227268219,,0.9883196353912354,0.6131544709205627,0.7464021444320679,,0.9801473617553711,forward,107.3964798692842,1,0.4522344768047333,0.5571491718292236,,0.9999744296073914,0.39514732360839844,0.6317762732505798,,0.9970831871032715,0.4073069095611572,0.718273401260376,,0.99492347240448,0.3816540241241455,0.7483888268470764,,0.9891510009765625,forward,109.41014801564558,1
770,25.692333333333334,55.490970611572266,1080,1920,0.5421417355537415,0.550693929195404,,0.9999821782112122,0.5902372598648071,0.6302316188812256,,0.9961453676223755,0.5884751081466675,0.7180381417274475,,0.9885954260826111,0.613142192363739,0.7463570237159729,,0.9805514812469482,forward,111.39239193595033,1,0.4515567719936371,0.552236020565033,,0.9999754428863525,0.3962307274341583,0.6307305693626404,,0.9971215128898621,0.4073004126548767,0.718288242816925,,0.9951397776603699,0.38163790106773376,0.7484374642372131,,0.9895985722541809,forward,114.0819475445894,1
771,25.7257,54.772138595581055,1080,1920,0.5414572954177856,0.5440641641616821,,0.9999812841415405,0.5859147906303406,0.6285473704338074,,0.9961432814598083,0.5885651707649231,0.7180414795875549,,0.9890331625938416,0.6131463050842285,0.7463747262954712,,0.9812179207801819,forward,117.89212122371589,1,0.4510933756828308,0.546218752861023,,0.9999748468399048,0.3990303874015808,0.6299315094947815,,0.9970333576202393,0.4073033630847931,0.7186910510063171,,0.9952771067619324,0.38186022639274597,0.7486429810523987,,0.9898700714111328,forward,120.58356914079197,1
772,25.759066666666666,54.41093444824219,1080,1920,0.5399190187454224,0.5390214920043945,,0.9999775886535645,0.580933690071106,0.6286227107048035,,0.9959695935249329,0.5888720750808716,0.7186959981918335,,0.9894004464149475,0.6138578653335571,0.7463749051094055,,0.9817734956741333,forward,123.71061925165398,1,0.44985172152519226,0.5413245558738708,,0.9999706745147705,0.40231946110725403,0.6292803287506104,,0.9968900680541992,0.4074188470840454,0.7191070318222046,,0.9953799843788147,0.3818630576133728,0.7489691972732544,,0.9900844097137451,forward,126.57427134458258,1
773,25.792433333333335,54.96788024902344,1080,1920,0.5379000902175903,0.5349191427230835,,0.9999709129333496,0.5753239393234253,0.6275126934051514,,0.9957624673843384,0.5888927578926086,0.7187165021896362,,0.9897302985191345,0.6143603920936584,0.7467325925827026,,0.9822748303413391,forward,128.61296595033332,1,0.44747936725616455,0.5382310748100281,,0.9999617338180542,0.4040954113006592,0.6295311450958252,,0.9966889023780823,0.4075315594673157,0.719135046005249,,0.9953452348709106,0.3835265636444092,0.7500141263008118,,0.9900296330451965,forward,130.22174837037136,1
774,25.8258,54.59189414978027,1080,1920,0.5329310894012451,0.5312047600746155,,0.99996417760849,0.5695878267288208,0.6255325078964233,,0.995509147644043,0.5888423323631287,0.7187473177909851,,0.9899490475654602,0.6142396926879883,0.7468786835670471,,0.9826553463935852,forward,133.8140970860835,1,0.44338172674179077,0.5347059965133667,,0.9999533295631409,0.40538927912712097,0.6282073259353638,,0.9964763522148132,0.4078349471092224,0.718917965888977,,0.9952877759933472,0.38573017716407776,0.7500003576278687,,0.9899474382400513,forward,134.8606176445478,1
775,25.859166666666667,55.269718170166016,1080,1920,0.5291253924369812,0.5282112956047058,,0.999958336353302,0.5643949508666992,0.6224169135093689,,0.9952223896980286,0.5888830423355103,0.7180984616279602,,0.9900801777839661,0.6136997938156128,0.7468644976615906,,0.9829539060592651,forward,138.23408563026643,1,0.4398253858089447,0.5319185853004456,,0.9999474287033081,0.40842655301094055,0.6258081197738647,,0.9963486194610596,0.40784576535224915,0.7189050912857056,,0.9952994585037231,0.38572266697883606,0.7500593662261963,,0.9900285601615906,forward,139.55797228133443,1
776,25.892533333333333,55.02629280090332,1080,1920,0.5248519778251648,0.5259864330291748,,0.9999545216560364,0.559766948223114,0.6213760375976562,,0.9951066970825195,0.5893940329551697,0.7183196544647217,,0.9903872013092041,0.6134831309318542,0.7469536662101746,,0.9834917783737183,forward,142.68859761232426,1,0.43634626269340515,0.5289434194564819,,0.999943733215332,0.40991511940956116,0.6254333257675171,,0.9962626695632935,0.40909039974212646,0.7189034223556519,,0.9953272938728333,0.3864124119281769,0.7499545216560364,,0.9901414513587952,forward,144.43830051721977,1
777,25.925900000000002,55.856943130493164,1080,1920,0.5219154357910156,0.5243564248085022,,0.9999469518661499,0.5546210408210754,0.6198003888130188,,0.9949628114700317,0.5898100137710571,0.7183194756507874,,0.9906160235404968,0.6134992241859436,0.747590184211731,,0.9838533401489258,forward,147.8053342088879,0,0.43388932943344116,0.5266301035881042,,0.9999353289604187,0.4100932776927948,0.6243124604225159,,0.9960687160491943,0.4093497395515442,0.717811644077301,,0.9951357841491699,0.3891066014766693,0.7497031688690186,,0.9898613691329956,forward,146.73045956606066,1
778,25.959266666666668,55.236101150512695,1080,1920,0.5207448601722717,0.5246104598045349,,0.9999427199363708,0.5524105429649353,0.6199163794517517,,0.9949442148208618,0.5914389491081238,0.7181748747825623,,0.9909641742706299,0.6138027906417847,0.7479353547096252,,0.984408974647522,forward,146.5905399462942,0,0.4318605661392212,0.527324378490448,,0.9999305009841919,0.4096452593803406,0.6246626377105713,,0.9960036277770996,0.4093517065048218,0.7179731130599976,,0.9950829744338989,0.39166003465652466,0.7497377991676331,,0.9898322820663452,forward,145.68025958567898,1
779,25.992633333333334,54.53896522521973,1080,1920,0.5194939970970154,0.5233194231987,,0.9999396204948425,0.5499150156974792,0.6195623278617859,,0.9949945211410522,0.592559814453125,0.7180706262588501,,0.9913250207901001,0.6138056516647339,0.7481732964515686,,0.9849737286567688,forward,148.84243313830635,0,0.4305974543094635,0.5267536640167236,,0.9999269843101501,0.40955936908721924,0.6234902143478394,,0.995966911315918,0.4093358814716339,0.7182729840278625,,0.9950777888298035,0.39218220114707947,0.7497535943984985,,0.9898752570152283,forward,147.75502707308,1
