frame,timeframe,frame_processing_time_ms,left_hip_x,left_hip_y,left_hip_z,left_hip_conf,left_knee_x,left_knee_y,left_knee_z,left_knee_conf,left_ankle_x,left_ankle_y,left_ankle_z,left_ankle_conf,left_foot_index_x,left_foot_index_y,left_foot_index_z,left_foot_index_conf,left_foot_direction,left_knee_angle,left_knee_incorrect,right_hip_x,right_hip_y,right_hip_z,right_hip_conf,right_knee_x,right_knee_y,right_knee_z,right_knee_conf,right_ankle_x,right_ankle_y,right_ankle_z,right_ankle_conf,right_foot_index_x,right_foot_index_y,right_foot_index_z,right_foot_index_conf,right_foot_direction,right_knee_angle,right_knee_incorrect
0,0.0,338.5350704193115,,,,,,,,,,,,,,,,,,,,338.4375,917.8125,,1.0037843,333.75,1072.5,,1.0957707,319.6875,1217.8125,,1.0920808,385.3125,1264.6875,,1.0515285,right,176.20816443727244,1
1,0.016683333333333335,266.7257785797119,,,,,,,,,,,,,,,,,,,,338.4375,917.8125,,1.0369349,333.75,1077.1875,,1.0953901,319.6875,1222.5,,1.0837417,380.625,1264.6875,,1.0290575,right,176.1571441662402,1
2,0.03336666666666667,198.09985160827637,,,,,,,,,,,,,,,,,,,,338.4375,917.8125,,1.0377944,333.75,1077.1875,,1.100183,319.6875,1222.5,,1.0891387,380.625,1264.6875,,1.0324874,right,176.1571441662402,1
3,0.050050000000000004,163.69199752807617,,,,,,,,,,,,,,,,,,,,338.4375,917.8125,,1.0265789,333.75,1077.1875,,1.0924634,319.6875,1222.5,,1.0818864,380.625,1264.6875,,1.0273564,right,176.1571441662402,1
4,0.06673333333333334,204.65803146362305,,,,,,,,,,,,,,,,,,,,338.4375,922.5,,1.0304747,333.75,1077.1875,,1.0922332,319.6875,1222.5,,1.0813143,380.625,1264.6875,,1.0215353,right,176.20816443727244,1
5,0.08341666666666667,159.90185737609863,,,,,,,,,,,,,,,,,,,,338.4375,922.5,,1.0415618,333.75,1077.1875,,1.094964,319.6875,1222.5,,1.0832503,380.625,1264.6875,,1.0139827,right,176.20816443727244,1
6,0.10010000000000001,148.9269733428955,,,,,,,,,,,,,,,,,,,,338.4375,922.5,,1.0448822,333.75,1077.1875,,1.0953918,319.6875,1222.5,,1.0824392,380.625,1264.6875,,1.0121965,right,176.20816443727244,1
7,0.11678333333333334,159.14487838745117,,,,,,,,,,,,,,,,,,,,338.4375,922.5,,1.0540421,333.75,1077.1875,,1.1017296,319.6875,1222.5,,1.0881314,380.625,1264.6875,,1.0101255,right,176.20816443727244,1
8,0.13346666666666668,158.49018096923828,,,,,,,,,,,,,,,,,,,,338.4375,922.5,,1.0431821,333.75,1077.1875,,1.0991678,319.6875,1222.5,,1.0886832,380.625,1264.6875,,1.0161879,right,176.20816443727244,1
9,0.15015,168.45321655273438,,,,,,,,,,,,,,,,,,,,338.4375,922.5,,1.0590217,333.75,1077.1875,,1.1077908,319.6875,1222.5,,1.0946921,380.625,1264.6875,,1.0086725,right,176.20816443727244,1
10,0.16683333333333333,159.3320369720459,,,,,,,,,,,,,,,,,,,,338.4375,922.5,,1.0666035,333.75,1077.1875,,1.1098715,315.0,1222.5,,1.096447,380.625,1264.6875,,1.0033464,right,174.38332522903588,1
11,0.18351666666666666,168.0450439453125,,,,,,,,,,,,,,,,,,,,333.75,922.5,,1.0634315,333.75,1077.1875,,1.1056833,315.0,1222.5,,1.0907056,380.625,1264.6875,,1.0014436,right,172.64762064010768,1
12,0.20020000000000002,168.06292533874512,,,,,,,,,,,,,,,,,,,,333.75,922.5,,1.0635705,333.75,1077.1875,,1.1094425,315.0,1222.5,,1.0968193,380.625,1264.6875,,1.0139523,right,172.64762064010768,1
13,0.21688333333333334,167.55199432373047,,,,,,,,,,,,,,,,,,,,333.75,922.5,,1.0579495,333.75,1077.1875,,1.1019866,315.0,1222.5,,1.086654,375.9375,1264.6875,,0.9987842,right,172.64762064010768,1
14,0.23356666666666667,167.7091121673584,,,,,,,,,,,,,,,,,,,,338.4375,922.5,,1.0549423,333.75,1077.1875,,1.0952011,315.0,1222.5,,1.0789988,380.625,1264.6875,,0.99031013,right,174.38332522903588,1
15,0.25025000000000003,169.10290718078613,,,,,,,,,,,,,,,,,,,,338.4375,922.5,,1.0485833,333.75,1077.1875,,1.088601,315.0,1222.5,,1.0743275,380.625,1264.6875,,0.9845719,right,174.38332522903588,1
16,0.26693333333333336,158.71286392211914,,,,,,,,,,,,,,,,,,,,333.75,922.5,,1.0322479,333.75,1077.1875,,1.0781945,315.0,1222.5,,1.066794,380.625,1264.6875,,0.98675954,right,172.64762064010768,1
17,0.2836166666666667,160.40611267089844,,,,,,,,,,,,,,,,,,,,333.75,922.5,,1.033581,333.75,1077.1875,,1.0739897,315.0,1222.5,,1.0609777,375.9375,1264.6875,,0.9731838,right,172.64762064010768,1
18,0.3003,170.87197303771973,,,,,,,,,,,,,,,,,,,,333.75,922.5,,1.0255542,333.75,1077.1875,,1.0680232,315.0,1222.5,,1.0567803,380.625,1264.6875,,0.97273666,right,172.64762064010768,1
19,0.31698333333333334,170.4869270324707,,,,,,,,,,,,,,,,,,,,338.4375,922.5,,1.0085142,333.75,1077.1875,,1.0570943,319.6875,1222.5,,1.0468636,380.625,1264.6875,,0.9629198,right,176.20816443727244,1
20,0.33366666666666667,169.84176635742188,,,,,,,,,,,,,,,,,,,,333.75,922.5,,1.0024415,333.75,1077.1875,,1.0570346,319.6875,1227.1875,,1.0430332,380.625,1264.6875,,0.97123545,right,174.6441749571449,1
21,0.35035,169.59881782531738,,,,,,,,,,,,,,,,,,,,333.75,922.5,,1.0038911,333.75,1077.1875,,1.0508366,315.0,1227.1875,,1.0394596,375.9375,1264.6875,,0.95618355,right,172.87498365109823,1
22,0.3670333333333333,170.17507553100586,,,,,,,,,,,,,,,,,,,,333.75,922.5,,1.0096312,333.75,1081.875,,1.0576296,315.0,1222.5,,1.0476695,380.625,1264.6875,,0.96504676,right,172.4053566314086,1
23,0.38371666666666665,159.79695320129395,,,,,,,,,,,,,,,,,,,,333.75,922.5,,1.0100766,333.75,1081.875,,1.0595655,315.0,1227.1875,,1.048419,380.625,1264.6875,,0.9659029,right,172.64762064010762,1
24,0.40040000000000003,169.72899436950684,,,,,,,,,,,,,,,,,,,,333.75,922.5,,1.0000522,333.75,1081.875,,1.0490072,319.6875,1227.1875,,1.0315602,380.625,1269.375,,0.95421207,right,174.47245984834387,1
25,0.41708333333333336,171.6749668121338,,,,,,,,,,,,,,,,,,,,333.75,922.5,,1.003371,333.75,1081.875,,1.0483105,319.6875,1227.1875,,1.0259434,380.625,1269.375,,0.9478283,right,174.47245984834387,1
26,0.4337666666666667,169.71778869628906,,,,,,,,,,,,,,,,,,,,333.75,922.5,,0.9975754,333.75,1081.875,,1.0427588,319.6875,1227.1875,,1.0197209,380.625,1269.375,,0.9465691,right,174.47245984834387,1
27,0.45045,159.2559814453125,,,,,,,,,,,,,,,,,,,,333.75,922.5,,0.994737,333.75,1081.875,,1.0415897,319.6875,1227.1875,,1.0175275,380.625,1269.375,,0.9486189,right,174.47245984834387,1
28,0.46713333333333334,169.22903060913086,,,,,,,,,,,,,,,,,,,,333.75,922.5,,0.9716792,333.75,1077.1875,,1.0339804,319.6875,1222.5,,1.0143712,375.9375,1264.6875,,0.9551842,right,174.47245984834382,1
29,0.4838166666666667,159.37304496765137,,,,,,,,,,,,,,,,,,,,333.75,922.5,,0.9835118,333.75,1081.875,,1.032588,319.6875,1222.5,,1.0066569,380.625,1269.375,,0.9494859,right,174.28940686250036,1
30,0.5005000000000001,165.27199745178223,,,,,,,,,,,,,,,,,,,,333.75,922.5,,0.98392916,333.75,1081.875,,1.0336114,319.6875,1222.5,,0.9983107,380.625,1269.375,,0.9480028,right,174.28940686250036,1
31,0.5171833333333333,164.7181510925293,,,,,,,,,,,,,,,,,,,,333.75,922.5,,0.98246956,333.75,1081.875,,1.0323133,319.6875,1222.5,,0.98777366,380.625,1269.375,,0.9360479,right,174.28940686250036,1
32,0.5338666666666667,156.76593780517578,,,,,,,,,,,,,,,,,,,,333.75,922.5,,0.9845374,333.75,1077.1875,,1.0357091,319.6875,1222.5,,1.0021534,380.625,1269.375,,0.94985753,right,174.47245984834382,1
33,0.55055,155.98607063293457,,,,,,,,,,,,,,,,,,,,333.75,922.5,,0.9931675,333.75,1081.875,,1.0384725,319.6875,1222.5,,1.0060148,380.625,1269.375,,0.94312173,right,174.28940686250036,1
34,0.5672333333333334,167.0520305633545,,,,,,,,,,,,,,,,,,,,333.75,922.5,,0.9869766,333.75,1081.875,,1.0338166,319.6875,1222.5,,1.0027614,380.625,1269.375,,0.94775105,right,174.28940686250036,1
35,0.5839166666666666,167.2801971435547,,,,,,,,,,,,,,,,,,,,333.75,922.5,,0.99260986,333.75,1081.875,,1.0383372,319.6875,1222.5,,1.0049025,380.625,1269.375,,0.9557674,right,174.28940686250036,1
36,0.6006,157.55796432495117,,,,,,,,,,,,,,,,,,,,333.75,917.8125,,0.9636704,333.75,1077.1875,,1.0235434,324.375,1227.1875,,0.98853076,380.625,1269.375,,0.96182346,right,176.42366562500243,1
37,0.6172833333333333,171.42605781555176,,,,,,,,,,,,,,,,,,,,333.75,922.5,,0.9770092,333.75,1081.875,,1.0213683,319.6875,1227.1875,,0.98732144,380.625,1269.375,,0.9519521,right,174.47245984834387,1
38,0.6339666666666667,160.08710861206055,,,,,,,,,,,,,,,,,,,,333.75,922.5,,0.97298574,333.75,1077.1875,,1.0200844,324.375,1227.1875,,0.98081803,385.3125,1269.375,,0.9533443,right,176.42366562500285,1
39,0.6506500000000001,166.66626930236816,,,,,,,,,,,,,,,,,,,,333.75,917.8125,,0.9567958,338.4375,1077.1875,,1.0126417,324.375,1227.1875,,0.97767776,385.3125,1269.375,,0.95475197,right,172.95949063924837,1
40,0.6673333333333333,166.57614707946777,,,,,,,,,,,,,,,,,,,,333.75,917.8125,,0.950783,338.4375,1077.1875,,1.0090263,324.375,1227.1875,,0.97732073,385.3125,1269.375,,0.9512445,right,172.95949063924837,1
41,0.6840166666666667,184.98873710632324,,,,,,,,,,,,,,,,,,,,333.75,917.8125,,0.9613919,333.75,1077.1875,,1.0085919,324.375,1227.1875,,0.9752814,385.3125,1269.375,,0.9383123,right,176.42366562500243,1
42,0.7007,160.46476364135742,,,,,,,,,,,,,,,,,,,,333.75,917.8125,,0.95545673,338.4375,1077.1875,,1.0055496,324.375,1222.5,,0.97251034,385.3125,1269.375,,0.9376733,right,172.7877755304477,1
43,0.7173833333333334,157.3648452758789,,,,,,,,,,,,,,,,,,,,329.0625,917.8125,,0.96135247,333.75,1077.1875,,1.00963,324.375,1222.5,,0.9758215,385.3125,1264.6875,,0.9349474,right,174.6239296956524,1
44,0.7340666666666666,158.22601318359375,,,,,,,,,,,,,,,,,,,,329.0625,917.8125,,0.93874747,333.75,1077.1875,,0.9999465,324.375,1222.5,,0.96739495,385.3125,1264.6875,,0.9414982,right,174.6239296956524,1
45,0.75075,158.22958946228027,,,,,,,,,,,,,,,,,,,,329.0625,917.8125,,0.9544592,333.75,1077.1875,,1.0048003,324.375,1222.5,,0.96373546,385.3125,1264.6875,,0.9377441,right,174.6239296956524,1
46,0.7674333333333333,158.27679634094238,,,,,,,,,,,,,,,,,,,,329.0625,917.8125,,0.93618727,338.4375,1077.1875,,0.9912819,324.375,1222.5,,0.9548707,390.0,1264.6875,,0.93900996,right,171.10599918491405,1
47,0.7841166666666667,156.66723251342773,,,,,,,,,,,,,,,,,,,,329.0625,917.8125,,0.9251907,338.4375,1077.1875,,0.9848838,324.375,1222.5,,0.95031095,390.0,1264.6875,,0.93431544,right,171.10599918491405,1
48,0.8008000000000001,154.9072265625,,,,,,,,,,,,,,,,,,,,329.0625,913.125,,0.90351707,338.4375,1072.5,,0.96954495,324.375,1222.5,,0.9386585,390.0,1264.6875,,0.9284711,right,171.277714293715,1
49,0.8174833333333333,167.04487800598145,,,,,,,,,,,,,,,,,,,,329.0625,913.125,,0.9007435,338.4375,1072.5,,0.9651433,324.375,1222.5,,0.9318468,390.0,1264.6875,,0.92317253,right,171.277714293715,1
50,0.8341666666666667,170.34173011779785,,,,,,,,,,,,,,,,,,,,329.0625,913.125,,0.9028655,338.4375,1072.5,,0.9683707,324.375,1222.5,,0.9396599,390.0,1264.6875,,0.92853147,right,171.277714293715,1
51,0.85085,159.83891487121582,,,,,,,,,,,,,,,,,,,,329.0625,917.8125,,0.9074543,338.4375,1072.5,,0.9742428,324.375,1222.5,,0.94304454,390.0,1264.6875,,0.93768585,right,171.1759456982277,1
52,0.8675333333333334,163.97380828857422,,,,,,,,,,,,,,,,,,,,329.0625,913.125,,0.88821167,338.4375,1072.5,,0.9626727,324.375,1222.5,,0.93760455,394.6875,1264.6875,,0.9401759,right,171.277714293715,1
53,0.8842166666666667,150.7120132446289,,,,,,,,,,,,,,,,,,,,329.0625,917.8125,,0.89521086,338.4375,1072.5,,0.96397763,324.375,1222.5,,0.9417789,394.6875,1264.6875,,0.94024616,right,171.1759456982277,1
54,0.9009,147.07517623901367,,,,,,,,,,,,,,,,,,,,324.375,913.125,,0.8816432,338.4375,1072.5,,0.94925755,324.375,1222.5,,0.92754585,394.6875,1264.6875,,0.9295515,right,169.60172388797392,1
55,0.9175833333333333,164.80708122253418,,,,,,,,,,,,,,,,,,,,329.0625,917.8125,,0.88457227,338.4375,1072.5,,0.9501212,324.375,1222.5,,0.92353535,394.6875,1264.6875,,0.9285803,right,171.1759456982277,1
56,0.9342666666666667,165.28797149658203,,,,,,,,,,,,,,,,,,,,329.0625,913.125,,0.8745748,338.4375,1072.5,,0.9469782,324.375,1222.5,,0.9213326,394.6875,1264.6875,,0.93958104,right,171.277714293715,1
57,0.95095,164.8879051208496,,,,,,,,,,,,,,,,,,,,329.0625,917.8125,,0.8818289,338.4375,1072.5,,0.95010835,324.375,1222.5,,0.915112,394.6875,1264.6875,,0.9232815,right,171.1759456982277,1
58,0.9676333333333333,149.6119499206543,,,,,,,,,,,,,,,,,,,,329.0625,917.8125,,0.88935536,338.4375,1072.5,,0.9559543,324.375,1222.5,,0.9265077,390.0,1264.6875,,0.9360074,right,171.1759456982277,1
59,0.9843166666666667,159.96074676513672,,,,,,,,,,,,,,,,,,,,329.0625,917.8125,,0.89787614,343.125,1072.5,,0.9790028,324.375,1222.5,,0.9391492,394.6875,1264.6875,,0.96724355,right,167.68055474336342,1
60,1.0010000000000001,151.50904655456543,,,,,,,,,,,,,,,,,,,,329.0625,917.8125,,0.88965106,343.125,1072.5,,0.96133864,324.375,1222.5,,0.92846644,390.0,1264.6875,,0.9462397,right,167.68055474336342,1
61,1.0176833333333333,159.6989631652832,,,,,,,,,,,,,,,,,,,,329.0625,917.8125,,0.9003665,343.125,1072.5,,0.97243273,324.375,1222.5,,0.9238496,390.0,1264.6875,,0.94233835,right,167.68055474336342,1
62,1.0343666666666667,163.5909080505371,,,,,,,,,,,,,,,,,,,,329.0625,917.8125,,0.9125931,343.125,1067.8125,,0.98933935,324.375,1217.8125,,0.9289372,390.0,1260.0,,0.94897187,right,167.51915860824298,1
63,1.05105,158.3256721496582,,,,,,,,,,,,,,,,,,,,329.0625,917.8125,,0.9308113,343.125,1067.8125,,1.0010037,324.375,1217.8125,,0.9432756,385.3125,1260.0,,0.9712918,right,167.51915860824298,1
64,1.0677333333333334,157.1938991546631,,,,,,,,,,,,,,,,,,,,329.0625,917.8125,,0.9521353,338.4375,1072.5,,1.0151187,324.375,1213.125,,0.9632604,385.3125,1260.0,,0.99560094,right,170.8211776035832,1
65,1.0844166666666666,157.99593925476074,,,,,,,,,,,,,,,,,,,,329.0625,917.8125,,0.92524153,338.4375,1072.5,,0.992098,324.375,1217.8125,,0.9371625,390.0,1264.6875,,0.9665153,right,171.00423058942664,1
66,1.1011,157.27710723876953,,,,,,,,,,,,,,,,,,,,329.0625,913.125,,0.89555705,343.125,1072.5,,0.9716655,324.375,1217.8125,,0.91984093,399.375,1264.6875,,0.94949436,right,167.60516957093674,1
67,1.1177833333333334,159.5146656036377,,,,,,,,,,,,,,,,,,,,329.0625,913.125,,0.90960026,343.125,1072.5,,0.9840808,324.375,1217.8125,,0.93506736,394.6875,1260.0,,0.9550663,right,167.60516957093674,1
68,1.1344666666666667,171.20099067687988,,,,,,,,,,,,,,,,,,,,329.0625,913.125,,0.91463375,338.4375,1072.5,,0.9854433,324.375,1217.8125,,0.94737977,394.6875,1260.0,,0.9779053,right,171.10599918491405,1
69,1.1511500000000001,171.22507095336914,,,,,,,,,,,,,,,,,,,,329.0625,913.125,,0.9149495,343.125,1072.5,,0.9889184,324.375,1217.8125,,0.9434558,394.6875,1260.0,,0.9737824,right,167.60516957093674,1
70,1.1678333333333333,161.04984283447266,,,,,,,,,,,,,,,,,,,,329.0625,913.125,,0.9160651,343.125,1072.5,,0.9888892,324.375,1217.8125,,0.9442965,394.6875,1260.0,,0.9784267,right,167.60516957093674,1
71,1.1845166666666667,160.4609489440918,,,,,,,,,,,,,,,,,,,,329.0625,913.125,,0.922663,343.125,1072.5,,0.9994499,324.375,1217.8125,,0.9471717,394.6875,1260.0,,0.98306084,right,167.60516957093674,1
72,1.2012,157.67383575439453,,,,,,,,,,,,,,,,,,,,329.0625,913.125,,0.908867,343.125,1072.5,,0.98340106,324.375,1213.125,,0.9412184,394.6875,1260.0,,0.98172814,right,167.3629055622376,1
73,1.2178833333333334,163.66004943847656,,,,,,,,,,,,,,,,,,,,333.75,917.8125,,0.8907355,343.125,1072.5,,0.965635,324.375,1217.8125,,0.93416286,394.6875,1260.0,,0.96436125,right,169.1793913811906,1
74,1.2345666666666666,166.55206680297852,,,,,,,,,,,,,,,,,,,,333.75,917.8125,,0.8730588,343.125,1072.5,,0.9480921,329.0625,1217.8125,,0.9203515,399.375,1260.0,,0.9450175,right,171.00423058942664,1
75,1.25125,166.92495346069336,,,,,,,,,,,,,,,,,,,,333.75,917.8125,,0.8600129,343.125,1072.5,,0.9378549,329.0625,1213.125,,0.9167217,404.0625,1260.0,,0.9496398,right,170.8211776035832,1
76,1.2679333333333334,166.7346954345703,,,,,,,,,,,,,,,,,,,,338.4375,917.8125,,0.84567046,347.8125,1072.5,,0.91783786,329.0625,1213.125,,0.90201426,404.0625,1260.0,,0.92782474,right,168.93712737249143,1
77,1.2846166666666667,166.4721965789795,,,,,,,,,,,,,,,,,,,,338.4375,917.8125,,0.83282936,347.8125,1072.5,,0.9074606,329.0625,1213.125,,0.89576226,404.0625,1255.3125,,0.9190748,right,168.93712737249143,1
78,1.3013000000000001,166.9011116027832,,,,,,,,,,,,,,,,,,,,338.4375,917.8125,,0.8412359,347.8125,1072.5,,0.914313,329.0625,1213.125,,0.9066663,404.0625,1255.3125,,0.92720616,right,168.93712737249143,1
79,1.3179833333333333,157.46426582336426,,,,,,,,,,,,,,,,,,,,338.4375,917.8125,,0.8427205,347.8125,1072.5,,0.9156095,329.0625,1217.8125,,0.9069878,404.0625,1255.3125,,0.9315953,right,169.1793913811906,1
80,1.3346666666666667,157.0570468902588,,,,,,,,,,,,,,,,,,,,343.125,917.8125,,0.83840525,347.8125,1072.5,,0.9030558,329.0625,1217.8125,,0.8948718,404.0625,1260.0,,0.91431636,right,170.91191605117928,1
81,1.35135,157.04798698425293,,,,,,,,,,,,,,,,,,,,343.125,917.8125,,0.8482455,347.8125,1072.5,,0.90580326,329.0625,1217.8125,,0.8955337,404.0625,1260.0,,0.9106707,right,170.91191605117928,1
82,1.3680333333333334,156.83579444885254,,,,,,,,,,,,,,,,,,,,338.4375,913.125,,0.8478876,347.8125,1072.5,,0.9051515,329.0625,1217.8125,,0.89798725,404.0625,1260.0,,0.9188241,right,169.2811599766779,1
83,1.3847166666666666,157.55295753479004,,,,,,,,,,,,,,,,,,,,338.4375,913.125,,0.8410453,347.8125,1072.5,,0.90219873,329.0625,1217.8125,,0.89498496,404.0625,1260.0,,0.9144727,right,169.2811599766779,1
84,1.4014,157.12618827819824,,,,,,,,,,,,,,,,,,,,343.125,913.125,,0.8414186,347.8125,1072.5,,0.90091723,329.0625,1217.8125,,0.8967159,404.0625,1260.0,,0.91345805,right,170.9629363222114,1
85,1.4180833333333334,157.0432186126709,,,,,,,,,,,,,,,,,,,,343.125,917.8125,,0.8511402,347.8125,1077.1875,,0.90001464,329.0625,1217.8125,,0.89730614,404.0625,1260.0,,0.904008,right,170.7206723135123,1
86,1.4347666666666667,157.09495544433594,,,,,,,,,,,,,,,,,,,,343.125,917.8125,,0.8570477,347.8125,1077.1875,,0.900834,329.0625,1217.8125,,0.89989966,404.0625,1260.0,,0.904335,right,170.7206723135123,1
87,1.4514500000000001,157.77301788330078,,,,,,,,,,,,,,,,,,,,343.125,913.125,,0.84406585,347.8125,1077.1875,,0.8951391,329.0625,1217.8125,,0.8959663,404.0625,1260.0,,0.91428596,right,170.76877958979182,1
88,1.4681333333333333,158.02597999572754,,,,,,,,,,,,,,,,,,,,343.125,917.8125,,0.83779883,347.8125,1077.1875,,0.8853996,329.0625,1217.8125,,0.89075506,404.0625,1260.0,,0.8988153,right,170.7206723135123,1
89,1.4848166666666667,157.44996070861816,,,,,,,,,,,,,,,,,,,,343.125,917.8125,,0.8422017,347.8125,1077.1875,,0.8901271,329.0625,1217.8125,,0.89532435,404.0625,1260.0,,0.90127337,right,170.7206723135123,1
90,1.5015,157.16981887817383,,,,,,,,,,,,,,,,,,,,347.8125,917.8125,,0.8222765,347.8125,1077.1875,,0.8783156,329.0625,1217.8125,,0.8832623,404.0625,1260.0,,0.8952841,right,172.4053566314086,1
91,1.5181833333333334,157.5789451599121,,,,,,,,,,,,,,,,,,,,347.8125,913.125,,0.8336699,347.8125,1072.5,,0.8958929,329.0625,1217.8125,,0.8985603,404.0625,1260.0,,0.91638714,right,172.64762064010762,1
92,1.5348666666666666,157.31310844421387,,,,,,,,,,,,,,,,,,,,347.8125,917.8125,,0.8477614,347.8125,1077.1875,,0.90112555,329.0625,1217.8125,,0.9048271,404.0625,1260.0,,0.9171109,right,172.4053566314086,1
93,1.55155,158.28204154968262,,,,,,,,,,,,,,,,,,,,347.8125,917.8125,,0.8465729,352.5,1077.1875,,0.8950678,329.0625,1217.8125,,0.90419555,404.0625,1260.0,,0.9106178,right,168.8529934740781,1
94,1.5682333333333334,151.40676498413086,,,,,,,,,,,,,,,,,,,,347.8125,917.8125,,0.8389945,352.5,1077.1875,,0.8886578,329.0625,1217.8125,,0.8979479,404.0625,1260.0,,0.9023103,right,168.8529934740781,1
95,1.5849166666666668,160.83693504333496,,,,,,,,,,,,,,,,,,,,347.8125,917.8125,,0.8349077,352.5,1072.5,,0.8904842,329.0625,1213.125,,0.8976128,404.0625,1255.3125,,0.9042381,right,168.80197320304597,1
96,1.6016000000000001,160.02821922302246,,,,,,,,,,,,,,,,,,,,352.5,917.8125,,0.842422,352.5,1077.1875,,0.889606,329.0625,1217.8125,,0.89511514,404.0625,1255.3125,,0.8914566,right,170.5376777919743,1
97,1.6182833333333333,150.06709098815918,,,,,,,,,,,,,,,,,,,,352.5,917.8125,,0.8523525,352.5,1077.1875,,0.89372325,329.0625,1217.8125,,0.8965687,404.0625,1255.3125,,0.89403665,right,170.5376777919743,1
98,1.6349666666666667,168.1668758392334,,,,,,,,,,,,,,,,,,,,352.5,917.8125,,0.8530967,352.5,1077.1875,,0.8926504,329.0625,1213.125,,0.8979763,404.0625,1255.3125,,0.88975775,right,170.2175929681926,1
99,1.65165,156.9831371307373,,,,,,,,,,,,,,,,,,,,352.5,917.8125,,0.83665794,352.5,1077.1875,,0.88691294,329.0625,1213.125,,0.88775456,404.0625,1255.3125,,0.89223576,right,170.2175929681926,1
100,1.6683333333333334,165.56096076965332,,,,,,,,,,,,,,,,,,,,347.8125,917.8125,,0.8334714,352.5,1072.5,,0.89005226,329.0625,1213.125,,0.8893519,404.0625,1255.3125,,0.89711356,right,168.80197320304597,1
101,1.6850166666666666,173.62093925476074,,,,,,,,,,,,,,,,,,,,352.5,917.8125,,0.8375596,352.5,1077.1875,,0.88983285,329.0625,1213.125,,0.88901454,399.375,1255.3125,,0.8890643,right,170.2175929681926,1
102,1.7017,169.0068244934082,,,,,,,,,,,,,,,,,,,,347.8125,922.5,,0.8419075,352.5,1077.1875,,0.8957932,329.0625,1213.125,,0.8945266,404.0625,1255.3125,,0.8933443,right,168.48188837926435,1
103,1.7183833333333334,167.06204414367676,,,,,,,,,,,,,,,,,,,,352.5,922.5,,0.83025014,352.5,1077.1875,,0.89834654,329.0625,1213.125,,0.8939445,404.0625,1255.3125,,0.8980207,right,170.2175929681928,1
104,1.7350666666666668,166.80026054382324,,,,,,,,,,,,,,,,,,,,352.5,917.8125,,0.8178948,352.5,1077.1875,,0.8794521,329.0625,1213.125,,0.8773385,404.0625,1255.3125,,0.8730122,right,170.2175929681926,1
105,1.7517500000000001,156.83674812316895,,,,,,,,,,,,,,,,,,,,352.5,917.8125,,0.8115934,352.5,1077.1875,,0.8726077,329.0625,1213.125,,0.8722373,404.0625,1255.3125,,0.8721446,right,170.2175929681926,1
106,1.7684333333333333,170.31097412109375,,,,,,,,,,,,,,,,,,,,352.5,917.8125,,0.8096486,352.5,1077.1875,,0.8707957,329.0625,1213.125,,0.86885214,404.0625,1255.3125,,0.8675269,right,170.2175929681926,1
107,1.7851166666666667,170.5191135406494,,,,,,,,,,,,,,,,,,,,352.5,917.8125,,0.8083357,352.5,1077.1875,,0.8730377,329.0625,1213.125,,0.8711071,404.0625,1255.3125,,0.86950564,right,170.2175929681926,1
108,1.8018,161.21602058410645,,,,,,,,,,,,,,,,,,,,357.1875,922.5,,0.81372124,352.5,1077.1875,,0.87365043,329.0625,1213.125,,0.86946404,404.0625,1255.3125,,0.86007583,right,171.95329755712098,1
109,1.8184833333333335,158.02407264709473,,,,,,,,,,,,,,,,,,,,357.1875,922.5,,0.817684,352.5,1077.1875,,0.87676877,329.0625,1213.125,,0.8719797,404.0625,1255.3125,,0.8621646,right,171.95329755712098,1
110,1.8351666666666666,160.3531837463379,,,,,,,,,,,,,,,,,,,,357.1875,922.5,,0.807266,352.5,1077.1875,,0.8748971,329.0625,1213.125,,0.8695713,404.0625,1255.3125,,0.86778724,right,171.95329755712098,1
111,1.85185,158.31494331359863,,,,,,,,,,,,,,,,,,,,352.5,917.8125,,0.8036904,352.5,1077.1875,,0.876607,329.0625,1213.125,,0.87063324,404.0625,1255.3125,,0.87575173,right,170.2175929681926,1
112,1.8685333333333334,147.29595184326172,,,,,,,,,,,,,,,,,,,,357.1875,917.8125,,0.80218613,352.5,1077.1875,,0.87402725,329.0625,1213.125,,0.86691564,404.0625,1255.3125,,0.86630607,right,171.90227728608886,1
113,1.8852166666666668,150.33912658691406,,,,,,,,,,,,,,,,,,,,357.1875,917.8125,,0.81534934,352.5,1077.1875,,0.8753449,329.0625,1213.125,,0.8713876,404.0625,1255.3125,,0.8626468,right,171.90227728608886,1
114,1.9019,161.34405136108398,,,,,,,,,,,,,,,,,,,,357.1875,917.8125,,0.79896855,352.5,1077.1875,,0.86940324,329.0625,1213.125,,0.86341083,404.0625,1255.3125,,0.8609786,right,171.90227728608886,1
115,1.9185833333333333,157.76824951171875,,,,,,,,,,,,,,,,,,,,357.1875,917.8125,,0.79989946,352.5,1072.5,,0.8745404,329.0625,1213.125,,0.86823344,404.0625,1255.3125,,0.8692457,right,172.27338238090272,1
116,1.9352666666666667,166.61405563354492,,,,,,,,,,,,,,,,,,,,357.1875,917.8125,,0.813869,352.5,1077.1875,,0.8760649,329.0625,1213.125,,0.87149745,404.0625,1255.3125,,0.8638474,right,171.90227728608886,1
117,1.95195,148.3139991760254,,,,,,,,,,,,,,,,,,,,357.1875,917.8125,,0.81873715,352.5,1077.1875,,0.8795532,329.0625,1213.125,,0.8725998,404.0625,1255.3125,,0.86695623,right,171.90227728608886,1
118,1.9686333333333335,160.38823127746582,,,,,,,,,,,,,,,,,,,,352.5,913.125,,0.79986393,352.5,1072.5,,0.8835423,329.0625,1213.125,,0.87222254,399.375,1255.3125,,0.8767684,right,170.5376777919743,1
119,1.9853166666666666,151.99685096740723,,,,,,,,,,,,,,,,,,,,357.1875,917.8125,,0.81394154,352.5,1077.1875,,0.87762827,329.0625,1213.125,,0.86959577,404.0625,1255.3125,,0.8709706,right,171.90227728608886,1
120,2.0020000000000002,146.03805541992188,,,,,,,,,,,,,,,,,,,,357.1875,917.8125,,0.8194334,357.1875,1077.1875,,0.8820734,329.0625,1213.125,,0.87064207,404.0625,1255.3125,,0.86895037,right,168.31063082456072,1
121,2.018683333333333,166.06831550598145,,,,,,,,,,,,,,,,,,,,357.1875,917.8125,,0.8161371,352.5,1072.5,,0.88369846,329.0625,1213.125,,0.86952484,404.0625,1255.3125,,0.86861026,right,172.27338238090272,1
122,2.0353666666666665,167.4647331237793,,,,,,,,,,,,,,,,,,,,357.1875,917.8125,,0.8225323,352.5,1072.5,,0.89635074,329.0625,1213.125,,0.88006973,399.375,1255.3125,,0.8828423,right,172.27338238090272,1
123,2.05205,167.79398918151855,,,,,,,,,,,,,,,,,,,,357.1875,917.8125,,0.84019,352.5,1072.5,,0.90404177,329.0625,1213.125,,0.8893881,404.0625,1255.3125,,0.8818282,right,172.27338238090272,1
124,2.0687333333333333,165.57908058166504,,,,,,,,,,,,,,,,,,,,357.1875,917.8125,,0.84837544,357.1875,1072.5,,0.909037,329.0625,1213.125,,0.895249,404.0625,1255.3125,,0.88600135,right,168.69006752597966,1
125,2.0854166666666667,151.09610557556152,,,,,,,,,,,,,,,,,,,,357.1875,917.8125,,0.85965735,357.1875,1077.1875,,0.91339064,329.0625,1213.125,,0.89995444,404.0625,1255.3125,,0.8855314,right,168.31063082456072,1
126,2.1021,155.61294555664062,,,,,,,,,,,,,,,,,,,,357.1875,917.8125,,0.8584545,357.1875,1072.5,,0.9129099,329.0625,1213.125,,0.9025444,404.0625,1255.3125,,0.8863741,right,168.69006752597966,1
127,2.1187833333333335,154.9360752105713,,,,,,,,,,,,,,,,,,,,361.875,917.8125,,0.85276294,357.1875,1077.1875,,0.9096146,329.0625,1213.125,,0.89448833,404.0625,1255.3125,,0.8794068,right,169.9953151424572,1
128,2.135466666666667,162.98508644104004,,,,,,,,,,,,,,,,,,,,361.875,917.8125,,0.85066766,357.1875,1077.1875,,0.91188973,329.0625,1213.125,,0.8970481,404.0625,1255.3125,,0.8851865,right,169.9953151424572,1
129,2.1521500000000002,154.57987785339355,,,,,,,,,,,,,,,,,,,,361.875,917.8125,,0.85108995,357.1875,1077.1875,,0.9109933,329.0625,1213.125,,0.8957437,404.0625,1255.3125,,0.88316655,right,169.9953151424572,1
130,2.168833333333333,149.979829788208,,,,,,,,,,,,,,,,,,,,361.875,917.8125,,0.8489758,357.1875,1077.1875,,0.9119992,329.0625,1213.125,,0.89852107,404.0625,1255.3125,,0.8869159,right,169.9953151424572,1
131,2.1855166666666666,161.53979301452637,,,,,,,,,,,,,,,,,,,,361.875,922.5,,0.8601969,357.1875,1077.1875,,0.9167147,329.0625,1217.8125,,0.9028715,404.0625,1255.3125,,0.8852314,right,170.42577211490828,1
132,2.2022,153.52296829223633,,,,,,,,,,,,,,,,,,,,361.875,922.5,,0.86669815,357.1875,1077.1875,,0.9220648,329.0625,1217.8125,,0.9076215,404.0625,1255.3125,,0.8847201,right,170.42577211490828,1
133,2.2188833333333333,163.79594802856445,,,,,,,,,,,,,,,,,,,,361.875,922.5,,0.8736875,357.1875,1077.1875,,0.92505366,329.0625,1217.8125,,0.9099649,404.0625,1255.3125,,0.88448,right,170.42577211490828,1
134,2.2355666666666667,164.90888595581055,,,,,,,,,,,,,,,,,,,,361.875,922.5,,0.8667767,357.1875,1077.1875,,0.92395514,329.0625,1217.8125,,0.9092978,404.0625,1255.3125,,0.89021516,right,170.42577211490828,1
135,2.25225,166.8989658355713,,,,,,,,,,,,,,,,,,,,361.875,922.5,,0.87072015,357.1875,1077.1875,,0.9235252,329.0625,1217.8125,,0.90983,404.0625,1255.3125,,0.8877762,right,170.42577211490828,1
136,2.2689333333333335,163.36584091186523,,,,,,,,,,,,,,,,,,,,361.875,922.5,,0.8690008,357.1875,1077.1875,,0.924905,329.0625,1217.8125,,0.91082215,404.0625,1255.3125,,0.88909245,right,170.42577211490828,1
137,2.285616666666667,150.87199211120605,,,,,,,,,,,,,,,,,,,,361.875,922.5,,0.87811077,357.1875,1077.1875,,0.9272994,329.0625,1217.8125,,0.91208225,404.0625,1255.3125,,0.88623273,right,170.42577211490828,1
138,2.3023000000000002,157.3312282562256,,,,,,,,,,,,,,,,,,,,361.875,922.5,,0.86642456,357.1875,1077.1875,,0.92336845,329.0625,1217.8125,,0.9084872,404.0625,1255.3125,,0.8890418,right,170.42577211490828,1
139,2.318983333333333,165.0099754333496,,,,,,,,,,,,,,,,,,,,361.875,922.5,,0.86361945,357.1875,1077.1875,,0.9229833,329.0625,1217.8125,,0.9095066,404.0625,1255.3125,,0.89219964,right,170.42577211490828,1
140,2.3356666666666666,153.18989753723145,,,,,,,,,,,,,,,,,,,,361.875,922.5,,0.8670964,357.1875,1077.1875,,0.92394936,329.0625,1213.125,,0.91223633,408.75,1255.3125,,0.8939252,right,170.04633541348917,1
141,2.35235,147.84502983093262,,,,,,,,,,,,,,,,,,,,361.875,922.5,,0.87085986,357.1875,1077.1875,,0.92548096,329.0625,1217.8125,,0.9146772,408.75,1255.3125,,0.89461136,right,170.42577211490828,1
142,2.3690333333333333,150.73919296264648,,,,,,,,,,,,,,,,,,,,361.875,917.8125,,0.853696,357.1875,1077.1875,,0.9237,329.0625,1213.125,,0.9167154,408.75,1255.3125,,0.90943515,right,169.9953151424572,1
143,2.3857166666666667,151.65972709655762,,,,,,,,,,,,,,,,,,,,361.875,922.5,,0.8748041,357.1875,1077.1875,,0.9241655,329.0625,1217.8125,,0.9161773,408.75,1255.3125,,0.89508593,right,170.42577211490828,1
144,2.4024,155.65800666809082,,,,,,,,,,,,,,,,,,,,361.875,922.5,,0.8691205,357.1875,1077.1875,,0.9238794,329.0625,1217.8125,,0.9163213,408.75,1255.3125,,0.8994043,right,170.42577211490828,1
145,2.4190833333333335,161.02194786071777,,,,,,,,,,,,,,,,,,,,361.875,922.5,,0.8756225,357.1875,1077.1875,,0.9257168,329.0625,1217.8125,,0.91852164,408.75,1255.3125,,0.89830613,right,170.42577211490828,1
146,2.435766666666667,159.4979763031006,,,,,,,,,,,,,,,,,,,,361.875,917.8125,,0.86294776,357.1875,1077.1875,,0.9227445,329.0625,1217.8125,,0.91177815,408.75,1255.3125,,0.90468466,right,170.37475184387617,1
147,2.4524500000000002,165.03572463989258,,,,,,,,,,,,,,,,,,,,361.875,917.8125,,0.86508197,357.1875,1077.1875,,0.9215297,329.0625,1217.8125,,0.9131465,404.0625,1255.3125,,0.90218115,right,170.37475184387617,1
148,2.469133333333333,156.0821533203125,,,,,,,,,,,,,,,,,,,,361.875,917.8125,,0.855664,357.1875,1077.1875,,0.91582143,329.0625,1217.8125,,0.906357,408.75,1255.3125,,0.89689636,right,170.37475184387617,1
149,2.4858166666666666,161.19909286499023,,,,,,,,,,,,,,,,,,,,361.875,917.8125,,0.8606507,357.1875,1077.1875,,0.91575086,329.0625,1217.8125,,0.90867597,404.0625,1255.3125,,0.8943207,right,170.37475184387617,1
150,2.5025,157.36985206604004,,,,,,,,,,,,,,,,,,,,361.875,917.8125,,0.84170485,357.1875,1077.1875,,0.91342014,329.0625,1213.125,,0.90645385,404.0625,1255.3125,,0.90577304,right,169.9953151424572,1
151,2.5191833333333333,173.52986335754395,,,,,,,,,,,,,,,,,,,,361.875,917.8125,,0.8575388,357.1875,1077.1875,,0.9138555,329.0625,1217.8125,,0.9060005,408.75,1255.3125,,0.89517194,right,170.37475184387617,1
152,2.5358666666666667,160.92896461486816,,,,,,,,,,,,,,,,,,,,361.875,917.8125,,0.8550104,357.1875,1077.1875,,0.91214395,329.0625,1217.8125,,0.90449226,408.75,1255.3125,,0.8979924,right,170.37475184387617,1
153,2.55255,161.2570285797119,,,,,,,,,,,,,,,,,,,,366.5625,917.8125,,0.85288763,357.1875,1077.1875,,0.9129425,329.0625,1213.125,,0.90713835,408.75,1255.3125,,0.8974435,right,171.67709148799045,1
154,2.5692333333333335,161.27300262451172,,,,,,,,,,,,,,,,,,,,361.875,917.8125,,0.84181213,357.1875,1077.1875,,0.9070985,329.0625,1213.125,,0.90133244,408.75,1255.3125,,0.8981528,right,169.9953151424572,1
155,2.585916666666667,150.56371688842773,,,,,,,,,,,,,,,,,,,,361.875,917.8125,,0.8440883,357.1875,1077.1875,,0.90390664,329.0625,1213.125,,0.9009234,408.75,1255.3125,,0.8902558,right,169.9953151424572,1
156,2.6026000000000002,157.40394592285156,,,,,,,,,,,,,,,,,,,,361.875,917.8125,,0.8388722,357.1875,1077.1875,,0.90102494,329.0625,1213.125,,0.8984726,408.75,1255.3125,,0.8898828,right,169.9953151424572,1
157,2.619283333333333,162.2021198272705,,,,,,,,,,,,,,,,,,,,361.875,917.8125,,0.846604,357.1875,1077.1875,,0.9004879,329.0625,1213.125,,0.8999895,404.0625,1255.3125,,0.8836621,right,169.9953151424572,1
158,2.6359666666666666,155.46488761901855,,,,,,,,,,,,,,,,,,,,361.875,913.125,,0.8262487,357.1875,1072.5,,0.89408505,329.0625,1213.125,,0.8916391,404.0625,1255.3125,,0.8881498,right,170.37475184387617,1
159,2.65265,151.89290046691895,,,,,,,,,,,,,,,,,,,,361.875,917.8125,,0.84382,357.1875,1077.1875,,0.8955809,329.0625,1213.125,,0.8936049,404.0625,1255.3125,,0.8796916,right,169.9953151424572,1
160,2.6693333333333333,159.4560146331787,,,,,,,,,,,,,,,,,,,,361.875,917.8125,,0.82729626,357.1875,1077.1875,,0.88652754,329.0625,1213.125,,0.8848765,404.0625,1255.3125,,0.87919414,right,169.9953151424572,1
161,2.6860166666666667,169.0847873687744,,,,,,,,,,,,,,,,,,,,361.875,917.8125,,0.8375982,357.1875,1077.1875,,0.89152277,329.0625,1213.125,,0.89202166,404.0625,1255.3125,,0.87902546,right,169.9953151424572,1
162,2.7027,162.29605674743652,,,,,,,,,,,,,,,,,,,,361.875,917.8125,,0.84244347,357.1875,1077.1875,,0.8916072,329.0625,1217.8125,,0.8928211,404.0625,1255.3125,,0.8795739,right,170.37475184387617,1
163,2.7193833333333335,158.8883399963379,,,,,,,,,,,,,,,,,,,,366.5625,917.8125,,0.8599906,357.1875,1077.1875,,0.8994653,329.0625,1217.8125,,0.9022638,404.0625,1255.3125,,0.8809601,right,172.0565281894095,1
164,2.736066666666667,179.99792098999023,,,,,,,,,,,,,,,,,,,,361.875,917.8125,,0.8423908,357.1875,1077.1875,,0.89069796,329.0625,1217.8125,,0.8909081,404.0625,1255.3125,,0.8799797,right,170.37475184387617,1
165,2.7527500000000003,173.7689971923828,,,,,,,,,,,,,,,,,,,,361.875,917.8125,,0.8391733,357.1875,1077.1875,,0.88885164,329.0625,1213.125,,0.8894516,404.0625,1255.3125,,0.8810837,right,169.9953151424572,1
166,2.769433333333333,161.65876388549805,,,,,,,,,,,,,,,,,,,,361.875,917.8125,,0.8260344,357.1875,1077.1875,,0.8853339,329.0625,1213.125,,0.88728356,404.0625,1255.3125,,0.8866765,right,169.9953151424572,1
167,2.7861166666666666,152.26197242736816,,,,,,,,,,,,,,,,,,,,361.875,917.8125,,0.82113034,357.1875,1077.1875,,0.880417,329.0625,1213.125,,0.88308644,404.0625,1255.3125,,0.88124675,right,169.9953151424572,1
168,2.8028,164.98208045959473,,,,,,,,,,,,,,,,,,,,361.875,917.8125,,0.83235383,357.1875,1077.1875,,0.88448834,329.0625,1213.125,,0.88793004,404.0625,1250.625,,0.87954974,right,169.9953151424572,1
169,2.8194833333333333,159.2271327972412,,,,,,,,,,,,,,,,,,,,366.5625,917.8125,,0.83500415,357.1875,1077.1875,,0.88508976,329.0625,1213.125,,0.88853014,404.0625,1250.625,,0.87990975,right,171.67709148799045,1
170,2.8361666666666667,156.20899200439453,,,,,,,,,,,,,,,,,,,,361.875,917.8125,,0.82133067,357.1875,1077.1875,,0.8829318,329.0625,1213.125,,0.8863312,404.0625,1250.625,,0.8887931,right,169.9953151424572,1
171,2.85285,157.08112716674805,,,,,,,,,,,,,,,,,,,,361.875,917.8125,,0.824191,357.1875,1077.1875,,0.88278365,329.0625,1213.125,,0.88687974,404.0625,1255.3125,,0.88191926,right,169.9953151424572,1
172,2.8695333333333335,154.4358730316162,,,,,,,,,,,,,,,,,,,,361.875,917.8125,,0.8264568,357.1875,1077.1875,,0.8849215,329.0625,1213.125,,0.88823855,404.0625,1250.625,,0.88487005,right,169.9953151424572,1
173,2.886216666666667,154.3581485748291,,,,,,,,,,,,,,,,,,,,361.875,917.8125,,0.8302202,357.1875,1077.1875,,0.8855149,329.0625,1213.125,,0.88971686,404.0625,1250.625,,0.88292706,right,169.9953151424572,1
174,2.9029000000000003,149.92189407348633,,,,,,,,,,,,,,,,,,,,361.875,917.8125,,0.8143381,357.1875,1077.1875,,0.884035,329.0625,1213.125,,0.88381183,404.0625,1250.625,,0.8937099,right,169.9953151424572,1
175,2.919583333333333,157.32574462890625,,,,,,,,,,,,,,,,,,,,361.875,917.8125,,0.82560396,357.1875,1077.1875,,0.8811963,329.0625,1213.125,,0.88134825,404.0625,1250.625,,0.88071036,right,169.9953151424572,1
176,2.9362666666666666,155.4701328277588,,,,,,,,,,,,,,,,,,,,361.875,913.125,,0.8125428,357.1875,1072.5,,0.8903032,329.0625,1213.125,,0.88633215,404.0625,1255.3125,,0.9012376,right,170.37475184387617,1
177,2.95295,168.41816902160645,,,,,,,,,,,,,,,,,,,,361.875,917.8125,,0.8074343,357.1875,1072.5,,0.87905127,329.0625,1213.125,,0.87988603,404.0625,1250.625,,0.88590086,right,170.42577211490828,1
178,2.9696333333333333,159.3649387359619,,,,,,,,,,,,,,,,,,,,361.875,917.8125,,0.80727756,357.1875,1072.5,,0.87105966,329.0625,1213.125,,0.8742409,404.0625,1250.625,,0.8776035,right,170.42577211490828,1
179,2.9863166666666667,174.93486404418945,,,,,,,,,,,,,,,,,,,,361.875,917.8125,,0.81175315,357.1875,1072.5,,0.8772998,329.0625,1213.125,,0.88146555,404.0625,1250.625,,0.8818326,right,170.42577211490828,1
180,3.003,162.337064743042,,,,,,,,,,,,,,,,,,,,361.875,917.8125,,0.81409836,357.1875,1072.5,,0.8793683,329.0625,1213.125,,0.8816527,404.0625,1250.625,,0.88383275,right,170.42577211490828,1
181,3.0196833333333335,153.40495109558105,,,,,,,,,,,,,,,,,,,,361.875,917.8125,,0.80716527,357.1875,1072.5,,0.87282187,329.0625,1213.125,,0.876425,404.0625,1250.625,,0.8801123,right,170.42577211490828,1
182,3.036366666666667,160.95423698425293,,,,,,,,,,,,,,,,,,,,361.875,917.8125,,0.8157923,357.1875,1072.5,,0.87174654,329.0625,1213.125,,0.87665844,404.0625,1250.625,,0.87671757,right,170.42577211490828,1
183,3.0530500000000003,148.98395538330078,,,,,,,,,,,,,,,,,,,,361.875,917.8125,,0.80882823,357.1875,1072.5,,0.8704357,329.0625,1213.125,,0.8740208,404.0625,1250.625,,0.8751389,right,170.42577211490828,1
184,3.069733333333333,159.47914123535156,,,,,,,,,,,,,,,,,,,,361.875,917.8125,,0.81080335,357.1875,1072.5,,0.87051165,329.0625,1213.125,,0.8746085,404.0625,1250.625,,0.8735,right,170.42577211490828,1
185,3.0864166666666666,159.4257354736328,,,,,,,,,,,,,,,,,,,,361.875,917.8125,,0.8159933,357.1875,1072.5,,0.8772379,329.0625,1213.125,,0.88193357,404.0625,1250.625,,0.8822411,right,170.42577211490828,1
186,3.1031,161.9720458984375,,,,,,,,,,,,,,,,,,,,361.875,917.8125,,0.8267586,357.1875,1072.5,,0.8791863,329.0625,1213.125,,0.8835045,404.0625,1250.625,,0.87471586,right,170.42577211490828,1
187,3.1197833333333334,168.26987266540527,,,,,,,,,,,,,,,,,,,,357.1875,917.8125,,0.8181342,357.1875,1072.5,,0.879614,329.0625,1213.125,,0.8813107,404.0625,1250.625,,0.88000053,right,168.69006752597966,1
188,3.1364666666666667,177.232027053833,,,,,,,,,,,,,,,,,,,,361.875,917.8125,,0.8248426,357.1875,1072.5,,0.8832406,329.0625,1213.125,,0.8860525,404.0625,1250.625,,0.88363737,right,170.42577211490828,1
189,3.15315,152.191162109375,,,,,,,,,,,,,,,,,,,,361.875,913.125,,0.81683195,357.1875,1072.5,,0.8852834,329.0625,1213.125,,0.88818836,404.0625,1250.625,,0.8952446,right,170.37475184387617,1
190,3.1698333333333335,173.24280738830566,,,,,,,,,,,,,,,,,,,,361.875,917.8125,,0.8318739,357.1875,1072.5,,0.87928903,329.0625,1213.125,,0.88496673,404.0625,1250.625,,0.8812523,right,170.42577211490828,1
191,3.186516666666667,146.88801765441895,,,,,,,,,,,,,,,,,,,,361.875,917.8125,,0.83082294,357.1875,1072.5,,0.8771482,329.0625,1213.125,,0.881089,404.0625,1250.625,,0.8761034,right,170.42577211490828,1
192,3.2032000000000003,159.6519947052002,,,,,,,,,,,,,,,,,,,,361.875,917.8125,,0.83851194,357.1875,1072.5,,0.88093185,329.0625,1213.125,,0.88666373,404.0625,1250.625,,0.8808683,right,170.42577211490828,1
193,3.219883333333333,160.41302680969238,,,,,,,,,,,,,,,,,,,,361.875,917.8125,,0.83030283,357.1875,1072.5,,0.8784281,329.0625,1213.125,,0.8830952,404.0625,1250.625,,0.8815789,right,170.42577211490828,1
194,3.2365666666666666,160.75801849365234,,,,,,,,,,,,,,,,,,,,361.875,917.8125,,0.8371506,357.1875,1072.5,,0.8781121,329.0625,1213.125,,0.8849731,404.0625,1250.625,,0.8771,right,170.42577211490828,1
195,3.25325,151.31402015686035,,,,,,,,,,,,,,,,,,,,361.875,917.8125,,0.83524305,357.1875,1072.5,,0.87998116,329.0625,1213.125,,0.88664174,404.0625,1250.625,,0.88071895,right,170.42577211490828,1
196,3.2699333333333334,157.3331356048584,,,,,,,,,,,,,,,,,,,,361.875,917.8125,,0.8275126,357.1875,1072.5,,0.8773315,329.0625,1213.125,,0.88376856,404.0625,1250.625,,0.8790448,right,170.42577211490828,1
197,3.2866166666666667,167.46211051940918,,,,,,,,,,,,,,,,,,,,361.875,917.8125,,0.8203726,357.1875,1072.5,,0.8754642,329.0625,1213.125,,0.8800368,404.0625,1250.625,,0.8779939,right,170.42577211490828,1
198,3.3033,161.24486923217773,,,,,,,,,,,,,,,,,,,,361.875,917.8125,,0.8251536,357.1875,1072.5,,0.8763425,329.0625,1213.125,,0.8810205,404.0625,1250.625,,0.872067,right,170.42577211490828,1
199,3.3199833333333335,160.48407554626465,,,,,,,,,,,,,,,,,,,,361.875,917.8125,,0.82501495,357.1875,1072.5,,0.8767438,329.0625,1213.125,,0.8804109,404.0625,1250.625,,0.87137914,right,170.42577211490828,1
200,3.336666666666667,160.97784042358398,,,,,,,,,,,,,,,,,,,,361.875,917.8125,,0.8232225,357.1875,1072.5,,0.8749615,329.0625,1213.125,,0.88014555,404.0625,1250.625,,0.8658256,right,170.42577211490828,1
201,3.3533500000000003,158.7200164794922,,,,,,,,,,,,,,,,,,,,361.875,917.8125,,0.82821417,357.1875,1072.5,,0.8835872,329.0625,1213.125,,0.8879148,404.0625,1250.625,,0.87395906,right,170.42577211490828,1
202,3.370033333333333,154.97088432312012,,,,,,,,,,,,,,,,,,,,361.875,917.8125,,0.82651263,357.1875,1072.5,,0.8817178,329.0625,1213.125,,0.886179,404.0625,1250.625,,0.87017405,right,170.42577211490828,1
203,3.3867166666666666,167.5279140472412,,,,,,,,,,,,,,,,,,,,361.875,917.8125,,0.82784986,357.1875,1072.5,,0.88393056,329.0625,1213.125,,0.8857557,404.0625,1245.9375,,0.865783,right,170.42577211490828,1
204,3.4034,166.7649745941162,,,,,,,,,,,,,,,,,,,,361.875,913.125,,0.82336015,357.1875,1072.5,,0.8784712,329.0625,1213.125,,0.8807255,404.0625,1250.625,,0.86363435,right,170.37475184387617,1
205,3.4200833333333334,159.05380249023438,,,,,,,,,,,,,,,,,,,,361.875,913.125,,0.8191501,357.1875,1072.5,,0.880389,329.0625,1213.125,,0.880571,404.0625,1250.625,,0.87346685,right,170.37475184387617,1
206,3.4367666666666667,149.8241424560547,,,,,,,,,,,,,,,,,,,,361.875,913.125,,0.8194309,357.1875,1072.5,,0.87941307,329.0625,1213.125,,0.8795003,404.0625,1250.625,,0.8658421,right,170.37475184387617,1
207,3.45345,159.8200798034668,,,,,,,,,,,,,,,,,,,,361.875,917.8125,,0.82042027,357.1875,1072.5,,0.8805049,329.0625,1213.125,,0.87944,404.0625,1245.9375,,0.85945845,right,170.42577211490828,1
208,3.4701333333333335,149.3358612060547,,,,,,,,,,,,,,,,,,,,357.1875,917.8125,,0.8154484,357.1875,1072.5,,0.88026154,329.0625,1213.125,,0.87843645,404.0625,1245.9375,,0.8653331,right,168.69006752597966,1
209,3.486816666666667,163.88297080993652,,,,,,,,,,,,,,,,,,,,361.875,917.8125,,0.8155943,357.1875,1072.5,,0.8763056,329.0625,1213.125,,0.8763181,404.0625,1245.9375,,0.85533714,right,170.42577211490828,1
210,3.5035000000000003,154.10995483398438,,,,,,,,,,,,,,,,,,,,361.875,917.8125,,0.8166617,357.1875,1072.5,,0.87561876,329.0625,1213.125,,0.87829876,404.0625,1245.9375,,0.85088426,right,170.42577211490828,1
211,3.520183333333333,168.00999641418457,,,,,,,,,,,,,,,,,,,,361.875,917.8125,,0.81606185,357.1875,1072.5,,0.8766898,329.0625,1213.125,,0.8767088,404.0625,1245.9375,,0.8476261,right,170.42577211490828,1
212,3.5368666666666666,153.5050868988037,,,,,,,,,,,,,,,,,,,,357.1875,917.8125,,0.8164536,357.1875,1072.5,,0.8804548,329.0625,1213.125,,0.8798611,404.0625,1245.9375,,0.8513516,right,168.69006752597966,1
213,3.55355,162.28699684143066,,,,,,,,,,,,,,,,,,,,357.1875,917.8125,,0.80240357,357.1875,1072.5,,0.87302727,329.0625,1213.125,,0.87083584,404.0625,1245.9375,,0.85134506,right,168.69006752597966,1
214,3.5702333333333334,160.74204444885254,,,,,,,,,,,,,,,,,,,,357.1875,917.8125,,0.8039477,357.1875,1072.5,,0.8740059,329.0625,1213.125,,0.8698005,404.0625,1245.9375,,0.8480469,right,168.69006752597966,1
215,3.5869166666666668,174.07989501953125,,,,,,,,,,,,,,,,,,,,357.1875,917.8125,,0.8064178,357.1875,1072.5,,0.875204,329.0625,1213.125,,0.87067425,404.0625,1245.9375,,0.8445209,right,168.69006752597966,1
216,3.6036,166.12720489501953,,,,,,,,,,,,,,,,,,,,357.1875,917.8125,,0.7977821,357.1875,1072.5,,0.8716363,329.0625,1213.125,,0.86481714,404.0625,1245.9375,,0.8439183,right,168.69006752597966,1
217,3.6202833333333335,158.5679054260254,,,,,,,,,,,,,,,,,,,,357.1875,917.8125,,0.79770947,357.1875,1072.5,,0.8746345,329.0625,1213.125,,0.86829555,404.0625,1245.9375,,0.84748614,right,168.69006752597966,1
218,3.636966666666667,158.32996368408203,,,,,,,,,,,,,,,,,,,,357.1875,917.8125,,0.79776096,357.1875,1072.5,,0.8708854,329.0625,1213.125,,0.8645267,399.375,1245.9375,,0.8391158,right,168.69006752597966,1
219,3.6536500000000003,168.91169548034668,,,,,,,,,,,,,,,,,,,,357.1875,917.8125,,0.8012155,357.1875,1072.5,,0.8736752,329.0625,1213.125,,0.8662063,399.375,1245.9375,,0.8421855,right,168.69006752597966,1
220,3.6703333333333332,161.8180274963379,,,,,,,,,,,,,,,,,,,,357.1875,917.8125,,0.7948302,357.1875,1072.5,,0.86864436,329.0625,1213.125,,0.86185354,399.375,1245.9375,,0.83918947,right,168.69006752597966,1
221,3.6870166666666666,163.5589599609375,,,,,,,,,,,,,,,,,,,,357.1875,917.8125,,0.79949564,357.1875,1072.5,,0.87625957,329.0625,1213.125,,0.87063766,399.375,1245.9375,,0.847422,right,168.69006752597966,1
222,3.7037,166.4431095123291,,,,,,,,,,,,,,,,,,,,357.1875,917.8125,,0.80944276,361.875,1072.5,,0.87881744,329.0625,1208.4375,,0.87283564,399.375,1245.9375,,0.84256405,right,164.69386102591008,1
223,3.7203833333333334,163.78307342529297,,,,,,,,,,,,,,,,,,,,357.1875,917.8125,,0.8086642,361.875,1072.5,,0.8809086,329.0625,1213.125,,0.8736731,399.375,1245.9375,,0.8455123,right,165.13027310467524,1
224,3.7370666666666668,158.07795524597168,,,,,,,,,,,,,,,,,,,,357.1875,917.8125,,0.8067161,361.875,1072.5,,0.8829673,329.0625,1208.4375,,0.87520206,399.375,1245.9375,,0.84878516,right,164.69386102591008,1
225,3.75375,157.6099395751953,,,,,,,,,,,,,,,,,,,,357.1875,917.8125,,0.80202484,361.875,1072.5,,0.88525873,329.0625,1213.125,,0.8755818,399.375,1245.9375,,0.8553304,right,165.13027310467524,1
226,3.7704333333333335,156.3131809234619,,,,,,,,,,,,,,,,,,,,357.1875,917.8125,,0.7989437,361.875,1072.5,,0.87186444,329.0625,1208.4375,,0.86515296,399.375,1245.9375,,0.8372737,right,164.69386102591008,1
227,3.787116666666667,168.44582557678223,,,,,,,,,,,,,,,,,,,,357.1875,917.8125,,0.7989087,361.875,1072.5,,0.87162983,329.0625,1208.4375,,0.86369556,399.375,1245.9375,,0.8351048,right,164.69386102591008,1
228,3.8038,157.99188613891602,,,,,,,,,,,,,,,,,,,,357.1875,917.8125,,0.79151374,361.875,1072.5,,0.8670546,329.0625,1213.125,,0.85982114,399.375,1245.9375,,0.83341575,right,165.13027310467524,1
229,3.8204833333333332,153.5470485687256,,,,,,,,,,,,,,,,,,,,357.1875,917.8125,,0.7889141,361.875,1072.5,,0.8714694,329.0625,1213.125,,0.8653101,399.375,1245.9375,,0.8436135,right,165.13027310467524,1
230,3.8371666666666666,150.21014213562012,,,,,,,,,,,,,,,,,,,,357.1875,917.8125,,0.7997236,361.875,1072.5,,0.8739022,329.0625,1208.4375,,0.8669786,399.375,1245.9375,,0.8402877,right,164.69386102591008,1
231,3.85385,164.25204277038574,,,,,,,,,,,,,,,,,,,,361.875,917.8125,,0.8018694,361.875,1072.5,,0.8744029,329.0625,1213.125,,0.8681741,399.375,1245.9375,,0.83976495,right,166.86597769360375,1
232,3.8705333333333334,155.76910972595215,,,,,,,,,,,,,,,,,,,,361.875,917.8125,,0.8113471,357.1875,1072.5,,0.8825697,329.0625,1213.125,,0.87888587,399.375,1245.9375,,0.8459226,right,170.42577211490828,1
233,3.8872166666666668,156.96001052856445,,,,,,,,,,,,,,,,,,,,357.1875,917.8125,,0.80000174,361.875,1072.5,,0.87989366,329.0625,1213.125,,0.8748517,399.375,1245.9375,,0.85255754,right,165.13027310467524,1
234,3.9039,151.2281894683838,,,,,,,,,,,,,,,,,,,,361.875,917.8125,,0.79937726,361.875,1072.5,,0.87680876,329.0625,1213.125,,0.8688381,399.375,1245.9375,,0.8417147,right,166.86597769360375,1
235,3.9205833333333335,158.57720375061035,,,,,,,,,,,,,,,,,,,,361.875,917.8125,,0.8122077,361.875,1072.5,,0.88419867,329.0625,1213.125,,0.8762084,404.0625,1245.9375,,0.84871054,right,166.86597769360375,1
236,3.937266666666667,164.81328010559082,,,,,,,,,,,,,,,,,,,,357.1875,913.125,,0.79769635,361.875,1067.8125,,0.9054475,333.75,1213.125,,0.8934437,399.375,1245.9375,,0.875801,right,167.3102327676732,1
237,3.95395,162.97602653503418,,,,,,,,,,,,,,,,,,,,357.1875,917.8125,,0.78147423,361.875,1067.8125,,0.86623454,329.0625,1208.4375,,0.8575464,399.375,1245.9375,,0.8251419,right,165.07606708535752,1
238,3.9706333333333332,162.99700736999512,,,,,,,,,,,,,,,,,,,,357.1875,917.8125,,0.7812364,361.875,1067.8125,,0.8652189,329.0625,1208.4375,,0.8539798,399.375,1245.9375,,0.82501847,right,165.07606708535752,1
239,3.9873166666666666,156.7988395690918,,,,,,,,,,,,,,,,,,,,357.1875,917.8125,,0.7842821,361.875,1067.8125,,0.86717105,329.0625,1208.4375,,0.85513175,399.375,1245.9375,,0.82999456,right,165.07606708535752,1
240,4.0040000000000004,156.16106986999512,,,,,,,,,,,,,,,,,,,,361.875,917.8125,,0.7905054,361.875,1067.8125,,0.8684008,329.0625,1208.4375,,0.8592024,399.375,1245.9375,,0.8356006,right,166.8659776936037,1
241,4.020683333333333,160.65716743469238,,,,,,,,,,,,,,,,,,,,357.1875,917.8125,,0.783728,361.875,1067.8125,,0.8637079,329.0625,1208.4375,,0.8531059,399.375,1245.9375,,0.8272811,right,165.07606708535752,1
242,4.037366666666666,161.8478298187256,,,,,,,,,,,,,,,,,,,,357.1875,917.8125,,0.77478594,366.5625,1067.8125,,0.8549851,329.0625,1203.75,,0.845454,394.6875,1245.9375,,0.8208691,right,161.00150430626397,1
243,4.05405,147.79210090637207,,,,,,,,,,,,,,,,,,,,357.1875,917.8125,,0.77656686,366.5625,1067.8125,,0.8542431,329.0625,1203.75,,0.84127784,394.6875,1245.9375,,0.8150078,right,161.00150430626397,1
244,4.070733333333333,157.50575065612793,,,,,,,,,,,,,,,,,,,,357.1875,917.8125,,0.78070533,371.25,1067.8125,,0.8663333,324.375,1203.75,,0.83735514,394.6875,1245.9375,,0.8094591,right,155.61856891957612,1
245,4.087416666666667,157.70602226257324,,,,,,,,,,,,,,,,,,,,357.1875,917.8125,,0.78061354,371.25,1067.8125,,0.8613379,324.375,1199.0625,,0.82665956,385.3125,1245.9375,,0.78561044,right,154.9903508990915,1
246,4.1041,169.1880226135254,,,,,,,,,,,,,,,,,,,,357.1875,917.8125,,0.7798828,371.25,1067.8125,,0.85309947,319.6875,1199.0625,,0.819111,380.625,1245.9375,,0.78104424,right,153.19643863003947,1
247,4.120783333333334,160.45403480529785,,,,,,,,,,,,,,,,,,,,357.1875,917.8125,,0.77849305,375.9375,1067.8125,,0.8561127,319.6875,1194.375,,0.8163934,380.625,1245.9375,,0.7749527,right,148.91249467651997,1
248,4.137466666666667,168.34187507629395,,,,,,,,,,,,,,,,,,,,357.1875,917.8125,,0.7760338,380.625,1067.8125,,0.8590414,319.6875,1194.375,,0.81498474,380.625,1245.9375,,0.75949943,right,145.40938706866845,1
249,4.1541500000000005,159.926176071167,,,,,,,,,,,,,,,,,,,,361.875,922.5,,0.7870336,380.625,1067.8125,,0.8707063,319.6875,1189.6875,,0.8152028,371.25,1241.25,,0.7395612,right,146.08256946302967,0
250,4.170833333333333,162.14990615844727,,,,,,,,,,,,,,,,,,,,361.875,917.8125,,0.7778181,380.625,1063.125,,0.8633513,324.375,1194.375,,0.820735,385.3125,1241.25,,0.7421657,right,149.4490301264594,1
251,4.187516666666666,162.61601448059082,,,,,,,,,,,,,,,,,,,,361.875,917.8125,,0.7766497,380.625,1067.8125,,0.86076415,329.0625,1194.375,,0.81382066,385.3125,1241.25,,0.7217753,right,150.7086378290157,1
252,4.2042,168.93696784973145,,,,,,,,,,,,,,,,,,,,357.1875,913.125,,0.77598774,380.625,1063.125,,0.8779174,329.0625,1194.375,,0.8429339,385.3125,1241.25,,0.7608462,right,149.67160452237442,1
253,4.220883333333333,170.42088508605957,,,,,,,,,,,,,,,,,,,,361.875,917.8125,,0.7726067,375.9375,1067.8125,,0.87445736,333.75,1199.0625,,0.8354088,390.0,1241.25,,0.74886525,right,156.82528604262208,1
254,4.237566666666667,155.83300590515137,,,,,,,,,,,,,,,,,,,,361.875,917.8125,,0.76572466,375.9375,1067.8125,,0.86869156,333.75,1199.0625,,0.8215041,394.6875,1241.25,,0.7276679,right,156.82528604262208,1
255,4.25425,155.8511257171631,,,,,,,,,,,,,,,,,,,,361.875,913.125,,0.76682043,375.9375,1067.8125,,0.8723091,338.4375,1199.0625,,0.8212969,394.6875,1241.25,,0.72947264,right,158.86017519134228,1
256,4.270933333333334,154.84094619750977,,,,,,,,,,,,,,,,,,,,361.875,913.125,,0.7672655,375.9375,1067.8125,,0.87361,338.4375,1203.75,,0.82605326,399.375,1241.25,,0.7355617,right,159.38340977352658,1
257,4.287616666666667,157.6211452484131,,,,,,,,,,,,,,,,,,,,361.875,917.8125,,0.7727917,375.9375,1067.8125,,0.87542164,338.4375,1203.75,,0.8015935,399.375,1241.25,,0.6842778,right,159.2220136384061,1
258,4.3043000000000005,156.8012237548828,,,,,,,,,,,,,,,,,,,,361.875,917.8125,,0.7646347,375.9375,1067.8125,,0.86696887,333.75,1199.0625,,0.80998814,394.6875,1241.25,,0.7006288,right,156.82528604262208,1
259,4.320983333333333,157.53698348999023,,,,,,,,,,,,,,,,,,,,366.5625,917.8125,,0.76266146,375.9375,1067.8125,,0.8519015,333.75,1199.0625,,0.782915,394.6875,1241.25,,0.66014504,right,158.60477671047983,1
260,4.337666666666666,158.3559513092041,,,,,,,,,,,,,,,,,,,,361.875,917.8125,,0.7636931,375.9375,1067.8125,,0.8573864,333.75,1203.75,,0.8043637,394.6875,1241.25,,0.69548464,right,157.40271555820485,1
261,4.35435,158.48207473754883,,,,,,,,,,,,,,,,,,,,366.5625,917.8125,,0.7664877,375.9375,1067.8125,,0.85220397,333.75,1199.0625,,0.78082806,394.6875,1241.25,,0.6633074,right,158.60477671047983,1
262,4.371033333333333,168.86472702026367,,,,,,,,,,,,,,,,,,,,366.5625,917.8125,,0.7662235,375.9375,1067.8125,,0.84308517,333.75,1199.0625,,0.77535325,390.0,1236.5625,,0.66044164,right,158.60477671047983,1
263,4.387716666666667,158.35285186767578,,,,,,,,,,,,,,,,,,,,361.875,917.8125,,0.76126105,375.9375,1067.8125,,0.84916556,333.75,1199.0625,,0.7896103,394.6875,1241.25,,0.67923594,right,156.82528604262208,1
264,4.4044,158.51497650146484,,,,,,,,,,,,,,,,,,,,361.875,917.8125,,0.7641822,375.9375,1067.8125,,0.8554758,333.75,1199.0625,,0.80059266,394.6875,1241.25,,0.6906023,right,156.82528604262208,1
265,4.421083333333334,164.9150848388672,,,,,,,,,,,,,,,,,,,,361.875,917.8125,,0.7603798,375.9375,1067.8125,,0.8522144,333.75,1199.0625,,0.7915137,394.6875,1241.25,,0.6816691,right,156.82528604262208,1
266,4.437766666666667,161.36908531188965,,,,,,,,,,,,,,,,,,,,361.875,913.125,,0.7564468,375.9375,1067.8125,,0.84772515,333.75,1199.0625,,0.7975055,394.6875,1241.25,,0.694111,right,156.98668217774244,1
267,4.4544500000000005,168.6379909515381,,,,,,,,,,,,,,,,,,,,361.875,917.8125,,0.7612083,375.9375,1067.8125,,0.8510529,333.75,1199.0625,,0.79380167,394.6875,1241.25,,0.6831671,right,156.82528604262208,1
268,4.471133333333333,168.80035400390625,,,,,,,,,,,,,,,,,,,,361.875,917.8125,,0.7639955,371.25,1067.8125,,0.8623882,338.4375,1203.75,,0.80750835,399.375,1241.25,,0.70044386,right,162.8532312398411,1
269,4.487816666666666,169.42930221557617,,,,,,,,,,,,,,,,,,,,361.875,917.8125,,0.7631687,375.9375,1067.8125,,0.8537613,333.75,1199.0625,,0.79707134,394.6875,1241.25,,0.68908626,right,156.82528604262208,1
270,4.5045,168.48111152648926,,,,,,,,,,,,,,,,,,,,361.875,913.125,,0.76566374,375.9375,1067.8125,,0.8659723,333.75,1199.0625,,0.80892646,399.375,1241.25,,0.7043486,right,156.98668217774244,1
271,4.521183333333333,160.91370582580566,,,,,,,,,,,,,,,,,,,,361.875,917.8125,,0.7644483,375.9375,1067.8125,,0.8643645,333.75,1199.0625,,0.8062037,394.6875,1241.25,,0.70114267,right,156.82528604262208,1
272,4.537866666666667,160.30573844909668,,,,,,,,,,,,,,,,,,,,361.875,913.125,,0.7671374,375.9375,1067.8125,,0.873997,333.75,1199.0625,,0.81030667,399.375,1241.25,,0.70990384,right,156.98668217774244,1
273,4.55455,160.66813468933105,,,,,,,,,,,,,,,,,,,,361.875,917.8125,,0.7627085,375.9375,1067.8125,,0.8597529,333.75,1199.0625,,0.7933779,394.6875,1241.25,,0.68934,right,156.82528604262208,1
274,4.571233333333334,158.0040454864502,,,,,,,,,,,,,,,,,,,,361.875,917.8125,,0.7504157,375.9375,1067.8125,,0.8465322,333.75,1203.75,,0.7889092,394.6875,1241.25,,0.68442523,right,157.40271555820485,1
275,4.587916666666667,170.78900337219238,,,,,,,,,,,,,,,,,,,,361.875,917.8125,,0.75190294,375.9375,1067.8125,,0.8478874,338.4375,1203.75,,0.79403764,394.6875,1241.25,,0.69823843,right,159.2220136384061,1
276,4.6046000000000005,166.2452220916748,,,,,,,,,,,,,,,,,,,,361.875,913.125,,0.7625023,375.9375,1067.8125,,0.86457074,338.4375,1203.75,,0.81973624,399.375,1241.25,,0.7285048,right,159.38340977352658,1
277,4.621283333333333,167.44399070739746,,,,,,,,,,,,,,,,,,,,361.875,913.125,,0.75349545,375.9375,1067.8125,,0.844934,338.4375,1199.0625,,0.7963281,399.375,1241.25,,0.6971742,right,158.86017519134228,1
278,4.637966666666666,168.06888580322266,,,,,,,,,,,,,,,,,,,,361.875,917.8125,,0.7539015,375.9375,1067.8125,,0.8457893,338.4375,1203.75,,0.81342405,399.375,1241.25,,0.716938,right,159.2220136384061,1
279,4.65465,167.4041748046875,,,,,,,,,,,,,,,,,,,,361.875,917.8125,,0.7583863,375.9375,1067.8125,,0.8522309,333.75,1199.0625,,0.81567246,399.375,1241.25,,0.7197815,right,156.82528604262208,1
280,4.671333333333333,168.60508918762207,,,,,,,,,,,,,,,,,,,,357.1875,913.125,,0.75757635,375.9375,1067.8125,,0.8526931,333.75,1199.0625,,0.8279224,394.6875,1245.9375,,0.741119,right,155.2698839664525,1
281,4.688016666666667,160.87818145751953,,,,,,,,,,,,,,,,,,,,361.875,917.8125,,0.75431526,375.9375,1067.8125,,0.8337421,329.0625,1194.375,,0.804713,390.0,1241.25,,0.70132923,right,154.32103812748184,1
282,4.7047,161.65709495544434,,,,,,,,,,,,,,,,,,,,361.875,917.8125,,0.7531579,375.9375,1067.8125,,0.8248954,329.0625,1194.375,,0.8010251,390.0,1241.25,,0.7111552,right,154.32103812748184,1
283,4.721383333333334,159.9280834197998,,,,,,,,,,,,,,,,,,,,361.875,917.8125,,0.75691664,375.9375,1067.8125,,0.8239603,329.0625,1194.375,,0.79910785,390.0,1241.25,,0.70609176,right,154.32103812748184,1
284,4.738066666666667,160.36725044250488,,,,,,,,,,,,,,,,,,,,361.875,917.8125,,0.7597195,375.9375,1067.8125,,0.83617467,329.0625,1194.375,,0.8123089,394.6875,1245.9375,,0.7272501,right,154.32103812748184,1
285,4.7547500000000005,163.9268398284912,,,,,,,,,,,,,,,,,,,,366.5625,917.8125,,0.76326394,375.9375,1067.8125,,0.82548714,324.375,1194.375,,0.79109037,385.3125,1241.25,,0.69101024,right,154.2573198029201,1
286,4.771433333333333,155.93814849853516,,,,,,,,,,,,,,,,,,,,361.875,917.8125,,0.7607646,375.9375,1067.8125,,0.8242092,324.375,1194.375,,0.7917048,385.3125,1241.25,,0.6919236,right,152.4778291350623,1
287,4.788116666666666,161.69404983520508,,,,,,,,,,,,,,,,,,,,366.5625,917.8125,,0.7617901,375.9375,1067.8125,,0.82718277,324.375,1194.375,,0.78962505,385.3125,1241.25,,0.68876046,right,154.2573198029201,1
288,4.8048,168.69592666625977,,,,,,,,,,,,,,,,,,,,366.5625,917.8125,,0.764889,380.625,1067.8125,,0.83422107,324.375,1189.6875,,0.7913237,385.3125,1241.25,,0.68690634,right,149.86903438831294,1
289,4.821483333333333,170.28498649597168,,,,,,,,,,,,,,,,,,,,361.875,917.8125,,0.7611305,380.625,1067.8125,,0.83348477,329.0625,1194.375,,0.7894727,385.3125,1241.25,,0.68655276,right,150.7086378290157,1
290,4.838166666666667,170.10498046875,,,,,,,,,,,,,,,,,,,,366.5625,917.8125,,0.7596477,380.625,1067.8125,,0.82813966,329.0625,1194.375,,0.78361976,385.3125,1241.25,,0.6792784,right,152.4778291350623,1
291,4.85485,160.64190864562988,,,,,,,,,,,,,,,,,,,,366.5625,917.8125,,0.7593806,380.625,1067.8125,,0.8308588,329.0625,1194.375,,0.7864982,390.0,1241.25,,0.6829208,right,152.4778291350623,1
292,4.871533333333334,169.01612281799316,,,,,,,,,,,,,,,,,,,,366.5625,917.8125,,0.7563764,380.625,1067.8125,,0.83138627,329.0625,1194.375,,0.7873728,385.3125,1241.25,,0.6912539,right,152.4778291350623,1
293,4.888216666666667,166.5060520172119,,,,,,,,,,,,,,,,,,,,366.5625,917.8125,,0.7560078,380.625,1067.8125,,0.8291652,329.0625,1194.375,,0.78370225,385.3125,1241.25,,0.68590474,right,152.4778291350623,1
294,4.9049000000000005,168.19286346435547,,,,,,,,,,,,,,,,,,,,361.875,917.8125,,0.7600132,380.625,1067.8125,,0.8482648,329.0625,1194.375,,0.80531824,390.0,1245.9375,,0.7196338,right,150.7086378290157,1
295,4.921583333333333,156.9671630859375,,,,,,,,,,,,,,,,,,,,357.1875,913.125,,0.7558929,380.625,1063.125,,0.8615891,329.0625,1194.375,,0.82361686,390.0,1245.9375,,0.74628484,right,149.67160452237442,1
296,4.938266666666666,166.99695587158203,,,,,,,,,,,,,,,,,,,,361.875,917.8125,,0.75889903,380.625,1067.8125,,0.8518679,324.375,1189.6875,,0.8038772,380.625,1245.9375,,0.7133725,right,148.0998430822663,1
297,4.95495,163.4528636932373,,,,,,,,,,,,,,,,,,,,361.875,917.8125,,0.7587621,380.625,1067.8125,,0.8554903,324.375,1189.6875,,0.81180656,385.3125,1245.9375,,0.7303239,right,148.0998430822663,1
298,4.971633333333333,169.81887817382812,,,,,,,,,,,,,,,,,,,,361.875,917.8125,,0.75893545,380.625,1063.125,,0.8532804,329.0625,1194.375,,0.8120762,390.0,1245.9375,,0.7398624,right,151.19988431300223,1
299,4.988316666666667,161.41176223754883,,,,,,,,,,,,,,,,,,,,366.5625,917.8125,,0.76574576,380.625,1067.8125,,0.8483274,324.375,1194.375,,0.8051163,390.0,1241.25,,0.73127174,right,150.6816859825666,1
300,5.005,161.2088680267334,,,,,,,,,,,,,,,,,,,,366.5625,917.8125,,0.77144533,380.625,1067.8125,,0.8549596,324.375,1194.375,,0.8055029,385.3125,1241.25,,0.72794247,right,150.6816859825666,1
301,5.021683333333334,156.04114532470703,,,,,,,,,,,,,,,,,,,,366.5625,917.8125,,0.76934576,380.625,1067.8125,,0.8558543,324.375,1194.375,,0.806675,385.3125,1241.25,,0.73247033,right,150.6816859825666,1
302,5.038366666666667,149.1549015045166,,,,,,,,,,,,,,,,,,,,366.5625,917.8125,,0.7666979,380.625,1067.8125,,0.85153484,324.375,1194.375,,0.8066839,385.3125,1241.25,,0.725161,right,150.6816859825666,1
303,5.0550500000000005,150.66027641296387,,,,,,,,,,,,,,,,,,,,361.875,917.8125,,0.7698953,380.625,1067.8125,,0.8625957,324.375,1189.6875,,0.81408924,385.3125,1241.25,,0.7321809,right,148.0998430822663,1
304,5.071733333333333,160.98928451538086,,,,,,,,,,,,,,,,,,,,366.5625,917.8125,,0.76654756,380.625,1067.8125,,0.85118055,324.375,1189.6875,,0.80200434,385.3125,1241.25,,0.7073866,right,149.86903438831294,1
305,5.088416666666666,157.04083442687988,,,,,,,,,,,,,,,,,,,,366.5625,917.8125,,0.76731354,380.625,1067.8125,,0.85292715,324.375,1189.6875,,0.8042979,380.625,1241.25,,0.708452,right,149.86903438831294,1
306,5.1051,165.56286811828613,,,,,,,,,,,,,,,,,,,,366.5625,917.8125,,0.7631296,385.3125,1067.8125,,0.85266685,324.375,1189.6875,,0.80842227,380.625,1241.25,,0.7163929,right,146.30993247402026,0
307,5.121783333333333,167.16313362121582,,,,,,,,,,,,,,,,,,,,361.875,917.8125,,0.76816523,385.3125,1063.125,,0.86973,324.375,1189.6875,,0.8177382,380.625,1241.25,,0.72590536,right,145.12769917346705,0
308,5.138466666666667,166.1057472229004,,,,,,,,,,,,,,,,,,,,366.5625,917.8125,,0.7612881,385.3125,1063.125,,0.84584624,319.6875,1185.0,,0.7952828,375.9375,1236.5625,,0.6951176,right,144.3468648741013,0
309,5.15515,172.24812507629395,,,,,,,,,,,,,,,,,,,,366.5625,917.8125,,0.7597002,385.3125,1063.125,,0.8407088,324.375,1189.6875,,0.7927577,380.625,1236.5625,,0.69136393,right,146.93766685929643,0
310,5.171833333333334,169.5880889892578,,,,,,,,,,,,,,,,,,,,366.5625,917.8125,,0.7536545,385.3125,1063.125,,0.8358576,329.0625,1189.6875,,0.79267216,380.625,1241.25,,0.6969693,right,148.68513166552947,0
311,5.188516666666667,169.10743713378906,,,,,,,,,,,,,,,,,,,,366.5625,917.8125,,0.7455313,385.3125,1063.125,,0.8345946,329.0625,1189.6875,,0.7886255,385.3125,1241.25,,0.69165146,right,148.68513166552947,1
312,5.2052000000000005,169.14892196655273,,,,,,,,,,,,,,,,,,,,361.875,913.125,,0.75400484,385.3125,1063.125,,0.8491061,329.0625,1189.6875,,0.8134272,385.3125,1241.25,,0.72602636,right,147.15685187490155,1
313,5.221883333333333,169.1758632659912,,,,,,,,,,,,,,,,,,,,366.5625,913.125,,0.7524437,385.3125,1063.125,,0.8557991,329.0625,1189.6875,,0.8100724,380.625,1241.25,,0.7132138,right,148.91249467651997,0
314,5.238566666666666,168.92099380493164,,,,,,,,,,,,,,,,,,,,366.5625,913.125,,0.75004053,385.3125,1063.125,,0.85216117,324.375,1185.0,,0.8041171,380.625,1241.25,,0.7147311,right,146.30993247402026,0
315,5.25525,168.66302490234375,,,,,,,,,,,,,,,,,,,,366.5625,917.8125,,0.74884915,385.3125,1063.125,,0.8455873,324.375,1185.0,,0.7990508,375.9375,1241.25,,0.7137425,right,146.08256946302967,0
316,5.271933333333333,168.57218742370605,,,,,,,,,,,,,,,,,,,,366.5625,917.8125,,0.7495129,385.3125,1063.125,,0.8488823,329.0625,1185.0,,0.80261236,380.625,1236.5625,,0.7076074,right,147.87248007127576,0
317,5.288616666666667,169.02804374694824,,,,,,,,,,,,,,,,,,,,366.5625,917.8125,,0.75164247,390.0,1063.125,,0.84542704,319.6875,1180.3125,,0.7964364,371.25,1236.5625,,0.70522046,right,139.8738964222048,0
318,5.3053,169.1896915435791,,,,,,,,,,,,,,,,,,,,366.5625,913.125,,0.74852765,385.3125,1063.125,,0.85697234,324.375,1180.3125,,0.80406857,366.5625,1241.25,,0.7118202,right,145.40055202482108,0
319,5.321983333333334,202.74710655212402,,,,,,,,,,,,,,,,,,,,366.5625,913.125,,0.7478291,385.3125,1063.125,,0.8630814,324.375,1189.6875,,0.80469596,375.9375,1241.25,,0.69036674,right,147.1650298702869,0
320,5.338666666666667,169.9960231781006,,,,,,,,,,,,,,,,,,,,361.875,913.125,,0.75295794,380.625,1063.125,,0.87397975,329.0625,1194.375,,0.8197504,380.625,1241.25,,0.69393396,right,151.42724732399282,1
321,5.3553500000000005,169.29388046264648,,,,,,,,,,,,,,,,,,,,366.5625,913.125,,0.75055367,380.625,1067.8125,,0.8644934,329.0625,1194.375,,0.8000916,375.9375,1241.25,,0.6677116,right,152.63922527018275,0
322,5.372033333333333,172.8198528289795,,,,,,,,,,,,,,,,,,,,366.5625,913.125,,0.7461597,380.625,1067.8125,,0.8586822,333.75,1194.375,,0.79867846,380.625,1245.9375,,0.67551935,right,154.4824342626022,1
323,5.388716666666666,169.89469528198242,,,,,,,,,,,,,,,,,,,,366.5625,913.125,,0.7453371,380.625,1067.8125,,0.8557799,333.75,1199.0625,,0.79827595,380.625,1245.9375,,0.66915965,right,155.15174703421192,1
324,5.4054,170.43805122375488,,,,,,,,,,,,,,,,,,,,366.5625,913.125,,0.7284078,380.625,1067.8125,,0.8287113,333.75,1199.0625,,0.7702522,380.625,1241.25,,0.64526725,right,155.15174703421192,1
325,5.422083333333333,172.6078987121582,,,,,,,,,,,,,,,,,,,,366.5625,917.8125,,0.7290129,380.625,1067.8125,,0.8330992,333.75,1203.75,,0.78853637,390.0,1241.25,,0.67001927,right,155.61856891957612,1
326,5.438766666666667,171.3409423828125,,,,,,,,,,,,,,,,,,,,366.5625,917.8125,,0.73155874,380.625,1067.8125,,0.8377743,329.0625,1199.0625,,0.7985437,385.3125,1241.25,,0.6869913,right,153.19643863003947,1
327,5.45545,169.8441505432129,,,,,,,,,,,,,,,,,,,,366.5625,917.8125,,0.7345207,380.625,1067.8125,,0.83455145,333.75,1194.375,,0.78810465,380.625,1241.25,,0.677439,right,154.32103812748184,1
328,5.472133333333334,170.00579833984375,,,,,,,,,,,,,,,,,,,,366.5625,917.8125,,0.73202866,385.3125,1067.8125,,0.8342371,333.75,1189.6875,,0.777901,375.9375,1241.25,,0.6609155,right,149.9428832135084,0
329,5.488816666666667,169.57592964172363,,,,,,,,,,,,,,,,,,,,371.25,917.8125,,0.72938395,385.3125,1067.8125,,0.822245,333.75,1189.6875,,0.76219344,375.9375,1241.25,,0.6492307,right,151.71207451955505,0
330,5.5055000000000005,169.8160171508789,,,,,,,,,,,,,,,,,,,,371.25,917.8125,,0.7298113,385.3125,1067.8125,,0.82343495,333.75,1194.375,,0.7665657,375.9375,1241.25,,0.6547556,right,152.4778291350623,0
331,5.522183333333333,169.79598999023438,,,,,,,,,,,,,,,,,,,,371.25,917.8125,,0.72727656,380.625,1072.5,,0.8172479,333.75,1194.375,,0.75500727,375.9375,1241.25,,0.6368103,right,155.49425971566097,0
332,5.538866666666666,158.99062156677246,,,,,,,,,,,,,,,,,,,,371.25,917.8125,,0.7193142,385.3125,1072.5,,0.8018547,333.75,1194.375,,0.73598397,375.9375,1241.25,,0.6128607,right,151.87347065467537,0
333,5.55555,169.48676109313965,,,,,,,,,,,,,,,,,,,,371.25,917.8125,,0.7219126,385.3125,1072.5,,0.81413203,333.75,1194.375,,0.75298,375.9375,1241.25,,0.63982666,right,151.87347065467537,0
334,5.572233333333333,158.96081924438477,,,,,,,,,,,,,,,,,,,,371.25,917.8125,,0.719818,385.3125,1072.5,,0.81018686,333.75,1194.375,,0.7483389,375.9375,1241.25,,0.635962,right,151.87347065467537,0
335,5.588916666666667,168.53904724121094,,,,,,,,,,,,,,,,,,,,375.9375,917.8125,,0.7111719,385.3125,1072.5,,0.79080284,324.375,1180.3125,,0.72759724,357.1875,1241.25,,0.6243115,right,147.05588173783715,0
336,5.6056,170.00293731689453,,,,,,,,,,,,,,,,,,,,375.9375,917.8125,,0.7081703,385.3125,1072.5,,0.7831357,329.0625,1180.3125,,0.71072245,361.875,1236.5625,,0.60021484,right,148.9789591643651,0
337,5.622283333333334,169.38400268554688,,,,,,,,,,,,,,,,,,,,375.9375,917.8125,,0.7138318,385.3125,1072.5,,0.78775525,329.0625,1185.0,,0.7128995,366.5625,1236.5625,,0.60043347,right,149.9667195640049,0
338,5.638966666666667,169.69585418701172,,,,,,,,,,,,,,,,,,,,371.25,917.8125,,0.7187909,385.3125,1067.8125,,0.8005266,329.0625,1185.0,,0.7231585,366.5625,1236.5625,,0.59439117,right,149.00316913283953,0
339,5.6556500000000005,169.75808143615723,,,,,,,,,,,,,,,,,,,,366.5625,913.125,,0.7442796,380.625,1072.5,,0.844748,338.4375,1203.75,,0.80744505,390.0,1241.25,,0.6721258,right,157.1386600163063,1
340,5.6723333333333334,169.07906532287598,,,,,,,,,,,,,,,,,,,,371.25,917.8125,,0.730881,385.3125,1072.5,,0.81945795,338.4375,1208.4375,,0.782681,394.6875,1241.25,,0.6637217,right,155.77996505469653,1
341,5.689016666666666,169.3248748779297,,,,,,,,,,,,,,,,,,,,371.25,913.125,,0.7374896,380.625,1072.5,,0.8304608,343.125,1208.4375,,0.8008641,399.375,1241.25,,0.6894246,right,161.21137801783144,1
342,5.7057,153.4419059753418,,,,,,,,,,,,,,,,,,,,371.25,913.125,,0.7437221,385.3125,1067.8125,,0.84386563,343.125,1213.125,,0.81496346,399.375,1241.25,,0.70172787,right,158.61636483523822,1
343,5.722383333333333,168.99800300598145,,,,,,,,,,,,,,,,,,,,371.25,913.125,,0.7567806,385.3125,1067.8125,,0.85998154,343.125,1213.125,,0.83972174,404.0625,1241.25,,0.72942626,right,158.61636483523822,1
344,5.739066666666667,181.50091171264648,,,,,,,,,,,,,,,,,,,,371.25,913.125,,0.7539563,385.3125,1067.8125,,0.85145926,343.125,1213.125,,0.8287703,404.0625,1241.25,,0.7053007,right,158.61636483523822,1
345,5.75575,171.67901992797852,,,,,,,,,,,,,,,,,,,,371.25,913.125,,0.7528533,385.3125,1072.5,,0.8515653,343.125,1213.125,,0.8264065,404.0625,1241.25,,0.69827604,right,158.2583046968354,1
346,5.772433333333334,165.70663452148438,,,,,,,,,,,,,,,,,,,,371.25,913.125,,0.76060426,385.3125,1072.5,,0.85964715,343.125,1217.8125,,0.8452353,404.0625,1245.9375,,0.7130749,right,158.76834267380218,1
347,5.789116666666667,163.82098197937012,,,,,,,,,,,,,,,,,,,,371.25,913.125,,0.76474714,385.3125,1072.5,,0.86547446,343.125,1217.8125,,0.85661054,408.75,1245.9375,,0.72815335,right,158.76834267380218,1
348,5.8058000000000005,158.72788429260254,,,,,,,,,,,,,,,,,,,,371.25,913.125,,0.7584646,380.625,1072.5,,0.85179675,343.125,1213.125,,0.830521,404.0625,1245.9375,,0.67902124,right,161.70212215843256,1
349,5.8224833333333335,167.86789894104004,,,,,,,,,,,,,,,,,,,,371.25,917.8125,,0.75654006,385.3125,1072.5,,0.83753616,338.4375,1208.4375,,0.7960614,404.0625,1241.25,,0.6288076,right,155.77996505469653,1
350,5.839166666666666,169.01230812072754,,,,,,,,,,,,,,,,,,,,371.25,913.125,,0.76461875,385.3125,1072.5,,0.85652983,338.4375,1208.4375,,0.81338,404.0625,1245.9375,,0.636977,right,155.93194289326044,1
351,5.85585,167.5891876220703,,,,,,,,,,,,,,,,,,,,371.25,913.125,,0.7639047,385.3125,1072.5,,0.8551303,338.4375,1203.75,,0.7982249,399.375,1241.25,,0.62037617,right,155.30372487277577,1
352,5.872533333333333,167.81997680664062,,,,,,,,,,,,,,,,,,,,371.25,913.125,,0.75665087,390.0,1072.5,,0.85312617,333.75,1203.75,,0.7673774,399.375,1241.25,,0.5894841,right,150.0915726785949,1
353,5.889216666666667,167.7103042602539,,,,,,,,,,,,,,,,,,,,366.5625,913.125,,0.7595996,390.0,1072.5,,0.85355085,333.75,1213.125,,0.8166727,404.0625,1245.9375,,0.62995744,right,149.83270438961566,1
354,5.9059,170.0427532196045,,,,,,,,,,,,,,,,,,,,366.5625,913.125,,0.7692075,390.0,1072.5,,0.8715145,338.4375,1213.125,,0.8706186,404.0625,1245.9375,,0.7189262,right,151.49781044771927,1
355,5.922583333333334,169.1420078277588,,,,,,,,,,,,,,,,,,,,366.5625,913.125,,0.7632172,390.0,1072.5,,0.86304593,333.75,1208.4375,,0.8356652,399.375,1245.9375,,0.66654855,right,149.15467947886435,1
356,5.939266666666667,168.81203651428223,,,,,,,,,,,,,,,,,,,,366.5625,913.125,,0.7644769,390.0,1072.5,,0.8687198,338.4375,1208.4375,,0.84440744,399.375,1245.9375,,0.6737989,right,150.8618591939216,1
357,5.9559500000000005,170.1359748840332,,,,,,,,,,,,,,,,,,,,366.5625,913.125,,0.7625432,390.0,1067.8125,,0.8598209,338.4375,1208.4375,,0.83707106,404.0625,1245.9375,,0.6658777,right,151.24804838758774,1
358,5.9726333333333335,170.61400413513184,,,,,,,,,,,,,,,,,,,,366.5625,913.125,,0.7717656,390.0,1072.5,,0.8731137,338.4375,1213.125,,0.8591584,408.75,1245.9375,,0.7035416,right,151.49781044771927,1
359,5.989316666666666,163.79117965698242,,,,,,,,,,,,,,,,,,,,366.5625,913.125,,0.7721596,390.0,1072.5,,0.87681127,343.125,1213.125,,0.86780775,408.75,1245.9375,,0.71949184,right,153.19916505304536,1
360,6.006,168.02406311035156,,,,,,,,,,,,,,,,,,,,366.5625,913.125,,0.77565587,390.0,1072.5,,0.8766135,343.125,1213.125,,0.87121594,408.75,1245.9375,,0.734542,right,153.19916505304536,1
361,6.022683333333333,167.24514961242676,,,,,,,,,,,,,,,,,,,,366.5625,913.125,,0.7704345,390.0,1072.5,,0.8736963,343.125,1208.4375,,0.8671428,408.75,1241.25,,0.7204335,right,152.60850783839868,1
362,6.039366666666667,156.14986419677734,,,,,,,,,,,,,,,,,,,,366.5625,913.125,,0.76927173,394.6875,1072.5,,0.8790464,343.125,1208.4375,,0.8687819,408.75,1241.25,,0.73797536,right,149.21976551651284,1
363,6.05605,166.8872833251953,,,,,,,,,,,,,,,,,,,,366.5625,913.125,,0.7714559,390.0,1072.5,,0.87461317,343.125,1208.4375,,0.8635316,408.75,1241.25,,0.73373866,right,152.60850783839868,1
364,6.072733333333334,156.8770408630371,,,,,,,,,,,,,,,,,,,,366.5625,917.8125,,0.76808405,394.6875,1072.5,,0.86727005,343.125,1208.4375,,0.8493124,404.0625,1241.25,,0.7019954,right,148.92289884918821,1
365,6.089416666666667,167.71483421325684,,,,,,,,,,,,,,,,,,,,366.5625,917.8125,,0.771788,394.6875,1072.5,,0.8720956,343.125,1208.4375,,0.84899986,404.0625,1241.25,,0.70008194,right,148.92289884918821,1
366,6.1061000000000005,168.29895973205566,,,,,,,,,,,,,,,,,,,,366.5625,917.8125,,0.7812966,394.6875,1072.5,,0.8751949,338.4375,1208.4375,,0.85376155,404.0625,1241.25,,0.7001908,right,147.21571913413086,1
367,6.1227833333333335,168.53928565979004,,,,,,,,,,,,,,,,,,,,371.25,922.5,,0.7762824,394.6875,1072.5,,0.861902,343.125,1208.4375,,0.8391806,404.0625,1241.25,,0.69015664,right,150.34708616743393,1
368,6.139466666666666,157.43279457092285,,,,,,,,,,,,,,,,,,,,366.5625,917.8125,,0.7803699,394.6875,1072.5,,0.8748257,343.125,1213.125,,0.85869324,408.75,1241.25,,0.7223257,right,149.55885010298584,1
369,6.15615,170.8519458770752,,,,,,,,,,,,,,,,,,,,366.5625,917.8125,,0.77688897,394.6875,1072.5,,0.872303,343.125,1213.125,,0.85914814,408.75,1241.25,,0.7317586,right,149.55885010298584,1
370,6.172833333333333,168.3661937713623,,,,,,,,,,,,,,,,,,,,366.5625,922.5,,0.7807869,394.6875,1072.5,,0.86968863,343.125,1213.125,,0.85800934,408.75,1241.25,,0.7225128,right,149.2440412955968,1
371,6.189516666666667,153.9771556854248,,,,,,,,,,,,,,,,,,,,371.25,922.5,,0.77876145,394.6875,1072.5,,0.86401904,343.125,1208.4375,,0.8498688,408.75,1241.25,,0.7004461,right,150.34708616743393,1
372,6.2062,156.19206428527832,,,,,,,,,,,,,,,,,,,,371.25,922.5,,0.77214706,394.6875,1077.1875,,0.85677755,343.125,1213.125,,0.84396684,408.75,1241.25,,0.69731104,right,150.61209713379003,1
373,6.222883333333334,167.4051284790039,,,,,,,,,,,,,,,,,,,,366.5625,922.5,,0.7711376,394.6875,1077.1875,,0.8666557,343.125,1213.125,,0.85234946,408.75,1241.25,,0.70893854,right,148.92289884918821,1
374,6.239566666666667,167.2499179840088,,,,,,,,,,,,,,,,,,,,366.5625,922.5,,0.7737311,394.6875,1077.1875,,0.8744277,343.125,1213.125,,0.8569761,413.4375,1245.9375,,0.7166648,right,148.92289884918821,1
375,6.2562500000000005,155.8530330657959,,,,,,,,,,,,,,,,,,,,366.5625,922.5,,0.7702937,394.6875,1077.1875,,0.8676148,338.4375,1213.125,,0.8520522,413.4375,1241.25,,0.70221305,right,147.21571913413086,1
376,6.2729333333333335,166.71419143676758,,,,,,,,,,,,,,,,,,,,366.5625,922.5,,0.770221,394.6875,1077.1875,,0.87086254,343.125,1213.125,,0.85392654,413.4375,1241.25,,0.70903355,right,148.92289884918821,1
377,6.289616666666666,156.9359302520752,,,,,,,,,,,,,,,,,,,,371.25,922.5,,0.77907753,394.6875,1077.1875,,0.8757579,343.125,1213.125,,0.8609084,413.4375,1241.25,,0.7257688,right,150.61209713379003,1
378,6.3063,165.71998596191406,,,,,,,,,,,,,,,,,,,,366.5625,922.5,,0.77919686,394.6875,1077.1875,,0.8855776,343.125,1213.125,,0.8746333,413.4375,1245.9375,,0.74973285,right,148.92289884918821,1
379,6.322983333333333,157.8218936920166,,,,,,,,,,,,,,,,,,,,371.25,922.5,,0.78784907,394.6875,1072.5,,0.87977004,343.125,1213.125,,0.8709662,413.4375,1241.25,,0.7445643,right,150.9830374212316,1
380,6.339666666666667,149.78790283203125,,,,,,,,,,,,,,,,,,,,371.25,922.5,,0.790089,394.6875,1072.5,,0.88130116,343.125,1213.125,,0.8716566,413.4375,1241.25,,0.75465155,right,150.9830374212316,1
381,6.35635,160.52508354187012,,,,,,,,,,,,,,,,,,,,371.25,922.5,,0.7830392,394.6875,1072.5,,0.8783319,343.125,1213.125,,0.8671707,413.4375,1241.25,,0.72894514,right,150.9830374212316,1
382,6.373033333333334,164.9019718170166,,,,,,,,,,,,,,,,,,,,371.25,927.1875,,0.77685213,394.6875,1077.1875,,0.8646269,343.125,1213.125,,0.8517847,413.4375,1241.25,,0.7067973,right,150.34708616743393,1
383,6.389716666666667,160.75611114501953,,,,,,,,,,,,,,,,,,,,366.5625,927.1875,,0.76579607,399.375,1077.1875,,0.85847795,338.4375,1213.125,,0.84762216,408.75,1241.25,,0.6889811,right,143.51537076125214,1
384,6.4064000000000005,163.47408294677734,,,,,,,,,,,,,,,,,,,,371.25,927.1875,,0.7593526,399.375,1077.1875,,0.8465307,338.4375,1213.125,,0.82717955,408.75,1241.25,,0.6447479,right,145.2348027634232,1
385,6.4230833333333335,173.34413528442383,,,,,,,,,,,,,,,,,,,,366.5625,927.1875,,0.7522647,399.375,1077.1875,,0.8447809,338.4375,1208.4375,,0.8174472,404.0625,1241.25,,0.6185726,right,142.7561439135786,1
386,6.439766666666666,169.18706893920898,,,,,,,,,,,,,,,,,,,,366.5625,927.1875,,0.7542803,399.375,1077.1875,,0.8472457,333.75,1203.75,,0.79491043,399.375,1241.25,,0.58919555,right,140.2533372838554,1
387,6.45645,168.61844062805176,,,,,,,,,,,,,,,,,,,,366.5625,927.1875,,0.75404364,399.375,1077.1875,,0.8410543,333.75,1203.75,,0.7850102,399.375,1241.25,,0.5688118,right,140.2533372838554,1
388,6.473133333333333,154.36410903930664,,,,,,,,,,,,,,,,,,,,366.5625,927.1875,,0.7632556,399.375,1077.1875,,0.848616,333.75,1208.4375,,0.8025419,399.375,1241.25,,0.58635,right,141.09586154459578,1
389,6.489816666666667,164.95585441589355,,,,,,,,,,,,,,,,,,,,366.5625,927.1875,,0.7671169,399.375,1077.1875,,0.8528811,338.4375,1208.4375,,0.79968405,404.0625,1241.25,,0.57935333,right,142.7561439135786,1
390,6.5065,163.9549732208252,,,,,,,,,,,,,,,,,,,,366.5625,927.1875,,0.77565503,399.375,1077.1875,,0.86816907,338.4375,1208.4375,,0.80420166,408.75,1245.9375,,0.5916927,right,142.7561439135786,1
391,6.523183333333334,154.77991104125977,,,,,,,,,,,,,,,,,,,,366.5625,927.1875,,0.7854223,399.375,1077.1875,,0.867774,338.4375,1208.4375,,0.8290422,408.75,1245.9375,,0.6322446,right,142.7561439135786,1
392,6.539866666666667,162.1098518371582,,,,,,,,,,,,,,,,,,,,366.5625,927.1875,,0.7922838,399.375,1077.1875,,0.87543213,338.4375,1213.125,,0.84126246,408.75,1245.9375,,0.6546776,right,143.51537076125214,1
393,6.5565500000000005,155.9011936187744,,,,,,,,,,,,,,,,,,,,366.5625,927.1875,,0.7854158,399.375,1077.1875,,0.865304,338.4375,1208.4375,,0.8276237,408.75,1241.25,,0.6317828,right,142.7561439135786,1
394,6.5732333333333335,169.3129539489746,,,,,,,,,,,,,,,,,,,,366.5625,927.1875,,0.7870083,399.375,1077.1875,,0.8698685,338.4375,1208.4375,,0.82203066,413.4375,1241.25,,0.6300875,right,142.7561439135786,1
395,6.589916666666666,169.22402381896973,,,,,,,,,,,,,,,,,,,,366.5625,927.1875,,0.78805536,399.375,1077.1875,,0.8652885,343.125,1208.4375,,0.8257551,413.4375,1241.25,,0.6449241,right,144.46232220802563,1
396,6.6066,147.5839614868164,,,,,,,,,,,,,,,,,,,,366.5625,927.1875,,0.7895894,399.375,1077.1875,,0.8736477,343.125,1208.4375,,0.8430365,413.4375,1241.25,,0.6714404,right,144.46232220802563,1
397,6.623283333333333,170.13216018676758,,,,,,,,,,,,,,,,,,,,366.5625,927.1875,,0.7965709,399.375,1077.1875,,0.8737048,343.125,1213.125,,0.84761024,413.4375,1241.25,,0.6838987,right,145.18147832457066,1
398,6.639966666666667,160.40396690368652,,,,,,,,,,,,,,,,,,,,361.875,922.5,,0.79010546,399.375,1077.1875,,0.89111894,343.125,1213.125,,0.8719307,418.125,1245.9375,,0.7428057,right,143.89357074300534,1
399,6.65665,156.0070514678955,,,,,,,,,,,,,,,,,,,,361.875,922.5,,0.77709836,399.375,1077.1875,,0.88055784,343.125,1213.125,,0.8632456,413.4375,1241.25,,0.72749114,right,143.89357074300534,1
400,6.673333333333334,176.87392234802246,,,,,,,,,,,,,,,,,,,,361.875,922.5,,0.78047097,399.375,1077.1875,,0.87995136,343.125,1213.125,,0.86394787,413.4375,1241.25,,0.7204114,right,143.89357074300534,1
401,6.690016666666667,157.5319766998291,,,,,,,,,,,,,,,,,,,,361.875,922.5,,0.77269804,399.375,1077.1875,,0.86863714,343.125,1213.125,,0.850117,408.75,1245.9375,,0.68672156,right,143.89357074300534,1
402,6.7067000000000005,165.66085815429688,,,,,,,,,,,,,,,,,,,,361.875,922.5,,0.77387667,399.375,1077.1875,,0.8761085,338.4375,1208.4375,,0.8379244,408.75,1245.9375,,0.67952967,right,141.46823633201322,1
403,6.7233833333333335,164.56985473632812,,,,,,,,,,,,,,,,,,,,361.875,922.5,,0.7590898,399.375,1077.1875,,0.86303496,338.4375,1203.75,,0.8031322,408.75,1241.25,,0.63050914,right,140.66305135929719,1
404,6.740066666666666,154.92796897888184,,,,,,,,,,,,,,,,,,,,361.875,922.5,,0.7567065,399.375,1077.1875,,0.86225605,338.4375,1208.4375,,0.82007045,404.0625,1241.25,,0.6400898,right,141.46823633201322,1
405,6.75675,161.1790657043457,,,,,,,,,,,,,,,,,,,,361.875,922.5,,0.7583158,399.375,1077.1875,,0.86616886,338.4375,1203.75,,0.81084836,404.0625,1241.25,,0.63371503,right,140.66305135929719,1
406,6.773433333333333,160.3109836578369,,,,,,,,,,,,,,,,,,,,361.875,922.5,,0.7640867,404.0625,1077.1875,,0.87467074,338.4375,1203.75,,0.81518376,404.0625,1245.9375,,0.6494708,right,137.33730585912383,1
407,6.790116666666667,158.22100639343262,,,,,,,,,,,,,,,,,,,,361.875,922.5,,0.7456388,404.0625,1077.1875,,0.84909177,338.4375,1203.75,,0.7961277,404.0625,1241.25,,0.6150718,right,137.33730585912383,1
408,6.8068,157.72485733032227,,,,,,,,,,,,,,,,,,,,361.875,922.5,,0.74591446,404.0625,1077.1875,,0.8526633,338.4375,1208.4375,,0.8152891,404.0625,1241.25,,0.6421797,right,138.17983011986422,1
409,6.823483333333334,158.80990028381348,,,,,,,,,,,,,,,,,,,,361.875,922.5,,0.7475399,404.0625,1077.1875,,0.8514889,338.4375,1208.4375,,0.81393707,404.0625,1241.25,,0.6417827,right,138.17983011986422,1
410,6.840166666666667,169.0690517425537,,,,,,,,,,,,,,,,,,,,361.875,917.8125,,0.7585774,404.0625,1077.1875,,0.86918396,338.4375,1208.4375,,0.8171761,404.0625,1245.9375,,0.6609299,right,138.60846885256638,1
411,6.8568500000000006,158.62584114074707,,,,,,,,,,,,,,,,,,,,361.875,922.5,,0.75114,404.0625,1077.1875,,0.85893977,338.4375,1203.75,,0.8004443,404.0625,1241.25,,0.63008654,right,137.33730585912383,1
412,6.8735333333333335,157.70292282104492,,,,,,,,,,,,,,,,,,,,361.875,922.5,,0.7549535,408.75,1077.1875,,0.86493295,338.4375,1203.75,,0.8016328,408.75,1241.25,,0.6287358,right,134.0869971331846,1
413,6.890216666666666,152.04501152038574,,,,,,,,,,,,,,,,,,,,357.1875,922.5,,0.7558081,408.75,1077.1875,,0.86973786,338.4375,1199.0625,,0.78859454,399.375,1241.25,,0.62146807,right,131.58341180822865,0
414,6.9069,151.5829563140869,,,,,,,,,,,,,,,,,,,,361.875,927.1875,,0.7496039,408.75,1077.1875,,0.8538406,333.75,1199.0625,,0.7625975,404.0625,1241.25,,0.5750061,right,131.0384731174898,0
415,6.923583333333333,149.43480491638184,,,,,,,,,,,,,,,,,,,,361.875,927.1875,,0.7491869,408.75,1077.1875,,0.85367894,338.4375,1199.0625,,0.7715864,404.0625,1241.25,,0.58772826,right,132.66433599488937,0
416,6.940266666666667,171.42605781555176,,,,,,,,,,,,,,,,,,,,361.875,927.1875,,0.7621028,408.75,1077.1875,,0.8654685,338.4375,1203.75,,0.7796056,413.4375,1241.25,,0.61232275,right,133.59137126466157,1
417,6.95695,161.02313995361328,,,,,,,,,,,,,,,,,,,,361.875,927.1875,,0.7626976,408.75,1077.1875,,0.8622297,338.4375,1199.0625,,0.75827223,413.4375,1241.25,,0.591041,right,132.66433599488937,1
418,6.973633333333334,170.9599494934082,,,,,,,,,,,,,,,,,,,,361.875,927.1875,,0.767217,408.75,1077.1875,,0.867646,343.125,1203.75,,0.7947293,413.4375,1241.25,,0.62140054,right,135.23839992592025,1
419,6.990316666666667,162.322998046875,,,,,,,,,,,,,,,,,,,,361.875,927.1875,,0.77038825,408.75,1077.1875,,0.8683717,338.4375,1203.75,,0.7955706,413.4375,1241.25,,0.6229164,right,133.59137126466157,1
420,7.007000000000001,161.78083419799805,,,,,,,,,,,,,,,,,,,,361.875,927.1875,,0.7746398,408.75,1077.1875,,0.8681145,343.125,1208.4375,,0.8167298,413.4375,1241.25,,0.642419,right,136.08092418666072,1
421,7.0236833333333335,164.23821449279785,,,,,,,,,,,,,,,,,,,,361.875,927.1875,,0.77823246,408.75,1077.1875,,0.8787099,343.125,1208.4375,,0.83163714,413.4375,1245.9375,,0.6799946,right,136.08092418666072,1
422,7.040366666666666,173.2470989227295,,,,,,,,,,,,,,,,,,,,361.875,927.1875,,0.77715313,408.75,1077.1875,,0.87442076,343.125,1208.4375,,0.8244629,418.125,1245.9375,,0.66276187,right,136.08092418666072,1
423,7.05705,174.42679405212402,,,,,,,,,,,,,,,,,,,,361.875,927.1875,,0.7731688,408.75,1077.1875,,0.8724311,343.125,1208.4375,,0.82583565,418.125,1245.9375,,0.67191416,right,136.08092418666072,1
424,7.073733333333333,174.67522621154785,,,,,,,,,,,,,,,,,,,,361.875,927.1875,,0.7756716,408.75,1077.1875,,0.87318933,343.125,1208.4375,,0.82735705,418.125,1245.9375,,0.6721498,right,136.08092418666072,1
425,7.090416666666667,175.36687850952148,,,,,,,,,,,,,,,,,,,,361.875,927.1875,,0.77087307,408.75,1077.1875,,0.875578,343.125,1208.4375,,0.82791007,418.125,1245.9375,,0.6762032,right,136.08092418666072,1
426,7.1071,174.85785484313965,,,,,,,,,,,,,,,,,,,,361.875,927.1875,,0.7718781,408.75,1077.1875,,0.8780787,343.125,1208.4375,,0.82916534,418.125,1245.9375,,0.67850375,right,136.08092418666072,1
427,7.123783333333334,173.447847366333,,,,,,,,,,,,,,,,,,,,361.875,927.1875,,0.7696988,408.75,1077.1875,,0.8783581,343.125,1213.125,,0.8302754,418.125,1245.9375,,0.6871745,right,136.87664773939997,1
428,7.140466666666667,173.63715171813965,,,,,,,,,,,,,,,,,,,,361.875,927.1875,,0.770149,408.75,1077.1875,,0.8766592,343.125,1213.125,,0.8274082,418.125,1245.9375,,0.6840118,right,136.87664773939997,1
429,7.157150000000001,164.78800773620605,,,,,,,,,,,,,,,,,,,,361.875,927.1875,,0.7742512,408.75,1077.1875,,0.87959313,343.125,1208.4375,,0.82619333,413.4375,1245.9375,,0.673371,right,136.08092418666072,1
430,7.1738333333333335,174.69501495361328,,,,,,,,,,,,,,,,,,,,361.875,927.1875,,0.7736527,408.75,1077.1875,,0.87471175,343.125,1208.4375,,0.8200627,418.125,1245.9375,,0.6544211,right,136.08092418666072,1
431,7.1905166666666664,174.09014701843262,,,,,,,,,,,,,,,,,,,,361.875,927.1875,,0.7707877,408.75,1077.1875,,0.8742337,343.125,1208.4375,,0.81534374,418.125,1245.9375,,0.6484375,right,136.08092418666072,1
432,7.2072,173.74801635742188,,,,,,,,,,,,,,,,,,,,361.875,927.1875,,0.76629525,408.75,1077.1875,,0.86906075,343.125,1208.4375,,0.80940306,413.4375,1241.25,,0.63972306,right,136.08092418666072,1
433,7.223883333333333,174.31116104125977,,,,,,,,,,,,,,,,,,,,361.875,927.1875,,0.76734006,408.75,1077.1875,,0.8723404,343.125,1208.4375,,0.8208646,413.4375,1245.9375,,0.66172546,right,136.08092418666072,1
434,7.240566666666667,174.66998100280762,,,,,,,,,,,,,,,,,,,,361.875,927.1875,,0.7655,408.75,1077.1875,,0.86987567,343.125,1208.4375,,0.81532896,413.4375,1245.9375,,0.65081525,right,136.08092418666072,1
435,7.25725,174.67713356018066,,,,,,,,,,,,,,,,,,,,361.875,931.875,,0.7614461,408.75,1081.875,,0.8623785,338.4375,1208.4375,,0.8002157,413.4375,1245.9375,,0.62294084,right,133.59137126466157,1
436,7.273933333333334,175.01425743103027,,,,,,,,,,,,,,,,,,,,361.875,931.875,,0.7579625,408.75,1081.875,,0.85600865,338.4375,1208.4375,,0.7934331,408.75,1245.9375,,0.60961044,right,133.59137126466157,1
437,7.290616666666667,174.52692985534668,,,,,,,,,,,,,,,,,,,,361.875,931.875,,0.7513774,408.75,1081.875,,0.8486396,338.4375,1208.4375,,0.7759892,404.0625,1245.9375,,0.58646536,right,133.59137126466157,0
438,7.307300000000001,175.52518844604492,,,,,,,,,,,,,,,,,,,,361.875,931.875,,0.7553524,408.75,1081.875,,0.85288167,338.4375,1213.125,,0.7923826,408.75,1245.9375,,0.6093607,right,134.4673852537795,1
439,7.3239833333333335,169.5101261138916,,,,,,,,,,,,,,,,,,,,361.875,931.875,,0.76430976,408.75,1081.875,,0.85848916,338.4375,1213.125,,0.80409753,408.75,1245.9375,,0.6268476,right,134.4673852537795,1
440,7.3406666666666665,159.28196907043457,,,,,,,,,,,,,,,,,,,,366.5625,931.875,,0.76398873,408.75,1081.875,,0.8614531,338.4375,1213.125,,0.80972016,413.4375,1245.9375,,0.63284075,right,136.11277206102505,1
441,7.35735,160.66789627075195,,,,,,,,,,,,,,,,,,,,361.875,931.875,,0.76653403,408.75,1081.875,,0.8679873,343.125,1217.8125,,0.82182175,413.4375,1245.9375,,0.66307235,right,136.87664773939997,1
442,7.374033333333333,201.32899284362793,,,,,,,,,,,,,,,,,,,,361.875,931.875,,0.7680232,408.75,1081.875,,0.869174,343.125,1217.8125,,0.8266976,413.4375,1245.9375,,0.67008114,right,136.87664773939997,1
443,7.390716666666667,161.53502464294434,,,,,,,,,,,,,,,,,,,,361.875,931.875,,0.7645575,408.75,1081.875,,0.86560714,343.125,1217.8125,,0.8234871,413.4375,1245.9375,,0.67094576,right,136.87664773939997,1
444,7.4074,164.0489101409912,,,,,,,,,,,,,,,,,,,,361.875,931.875,,0.7580143,408.75,1081.875,,0.85605323,343.125,1217.8125,,0.81405425,408.75,1245.9375,,0.6546704,right,136.87664773939997,1
445,7.424083333333334,161.6990566253662,,,,,,,,,,,,,,,,,,,,361.875,931.875,,0.75944114,408.75,1081.875,,0.85765016,343.125,1217.8125,,0.81359583,408.75,1245.9375,,0.65516806,right,136.87664773939997,1
446,7.440766666666667,154.85596656799316,,,,,,,,,,,,,,,,,,,,361.875,931.875,,0.75450075,408.75,1081.875,,0.8531549,343.125,1217.8125,,0.8093295,408.75,1245.9375,,0.6548463,right,136.87664773939997,1
447,7.45745,158.7669849395752,,,,,,,,,,,,,,,,,,,,361.875,931.875,,0.7574939,408.75,1081.875,,0.8514608,343.125,1217.8125,,0.80868185,408.75,1245.9375,,0.64222676,right,136.87664773939997,1
448,7.4741333333333335,157.02080726623535,,,,,,,,,,,,,,,,,,,,361.875,931.875,,0.75459933,408.75,1081.875,,0.8497054,343.125,1213.125,,0.80550647,408.75,1245.9375,,0.6362723,right,136.08092418666072,1
449,7.4908166666666665,157.88793563842773,,,,,,,,,,,,,,,,,,,,361.875,931.875,,0.7496027,408.75,1081.875,,0.8509501,343.125,1213.125,,0.8093854,408.75,1245.9375,,0.64659214,right,136.08092418666072,1
450,7.5075,167.1769618988037,,,,,,,,,,,,,,,,,,,,361.875,931.875,,0.7495888,413.4375,1077.1875,,0.847334,343.125,1213.125,,0.8055023,408.75,1245.9375,,0.63739055,right,133.11346928180177,0
451,7.524183333333333,164.60800170898438,,,,,,,,,,,,,,,,,,,,361.875,931.875,,0.7475766,413.4375,1077.1875,,0.8446088,343.125,1213.125,,0.8035871,408.75,1245.9375,,0.63837844,right,133.11346928180177,0
452,7.540866666666667,157.4251651763916,,,,,,,,,,,,,,,,,,,,361.875,931.875,,0.75055695,408.75,1077.1875,,0.8476803,343.125,1213.125,,0.8050122,404.0625,1245.9375,,0.6391423,right,136.35197577981995,0
453,7.55755,158.4010124206543,,,,,,,,,,,,,,,,,,,,361.875,931.875,,0.7448962,408.75,1081.875,,0.84198534,343.125,1213.125,,0.7916725,394.6875,1245.9375,,0.623887,right,136.08092418666072,0
454,7.574233333333334,157.17029571533203,,,,,,,,,,,,,,,,,,,,366.5625,936.5625,,0.7493932,413.4375,1081.875,,0.8341697,343.125,1213.125,,0.7768507,394.6875,1245.9375,,0.6016923,right,133.9427132941995,0
455,7.590916666666667,168.06674003601074,,,,,,,,,,,,,,,,,,,,361.875,936.5625,,0.74082613,413.4375,1081.875,,0.828104,338.4375,1208.4375,,0.76856184,394.6875,1245.9375,,0.5893219,right,129.81267710481876,0
456,7.6076,168.63107681274414,,,,,,,,,,,,,,,,,,,,361.875,931.875,,0.74173015,413.4375,1081.875,,0.8290975,343.125,1213.125,,0.770486,394.6875,1245.9375,,0.5968164,right,132.8510020815543,0
457,7.6242833333333335,158.59103202819824,,,,,,,,,,,,,,,,,,,,361.875,931.875,,0.7466954,413.4375,1081.875,,0.8414773,343.125,1213.125,,0.7853458,399.375,1250.625,,0.6215468,right,132.8510020815543,0
458,7.6409666666666665,168.56002807617188,,,,,,,,,,,,,,,,,,,,361.875,931.875,,0.73444545,413.4375,1081.875,,0.82659537,343.125,1213.125,,0.76838624,399.375,1245.9375,,0.60857874,right,132.8510020815543,0
459,7.65765,169.2819595336914,,,,,,,,,,,,,,,,,,,,366.5625,931.875,,0.7318122,413.4375,1081.875,,0.8206432,343.125,1213.125,,0.7677772,399.375,1245.9375,,0.61063576,right,134.4673852537795,0
460,7.674333333333333,168.01786422729492,,,,,,,,,,,,,,,,,,,,366.5625,931.875,,0.736159,413.4375,1081.875,,0.83271587,343.125,1213.125,,0.78234875,404.0625,1250.625,,0.6263767,right,134.4673852537795,0
461,7.691016666666667,169.8298454284668,,,,,,,,,,,,,,,,,,,,361.875,931.875,,0.75247496,413.4375,1081.875,,0.8481399,343.125,1217.8125,,0.79837215,399.375,1250.625,,0.6414981,right,133.67971641144356,0
462,7.7077,172.0571517944336,,,,,,,,,,,,,,,,,,,,366.5625,931.875,,0.7383255,413.4375,1081.875,,0.83025813,343.125,1217.8125,,0.78294796,399.375,1250.625,,0.6259178,right,135.2960995836688,0
463,7.724383333333334,157.63115882873535,,,,,,,,,,,,,,,,,,,,366.5625,936.5625,,0.72930443,413.4375,1081.875,,0.8177618,343.125,1217.8125,,0.77217144,399.375,1250.625,,0.61732215,right,134.77142762408877,0
464,7.741066666666667,163.4821891784668,,,,,,,,,,,,,,,,,,,,366.5625,931.875,,0.72833383,413.4375,1081.875,,0.8171071,343.125,1217.8125,,0.7710428,399.375,1250.625,,0.60977536,right,135.2960995836688,0
465,7.75775,168.9138412475586,,,,,,,,,,,,,,,,,,,,366.5625,931.875,,0.730094,413.4375,1081.875,,0.8238507,343.125,1213.125,,0.7697748,399.375,1250.625,,0.61202323,right,134.4673852537795,0
466,7.7744333333333335,168.8990592956543,,,,,,,,,,,,,,,,,,,,366.5625,931.875,,0.7209822,413.4375,1081.875,,0.80751324,343.125,1217.8125,,0.7587873,399.375,1250.625,,0.6049181,right,135.2960995836688,0
467,7.7911166666666665,165.70019721984863,,,,,,,,,,,,,,,,,,,,366.5625,931.875,,0.7174036,413.4375,1081.875,,0.801139,343.125,1217.8125,,0.7505344,399.375,1250.625,,0.60026467,right,135.2960995836688,0
468,7.8078,164.78419303894043,,,,,,,,,,,,,,,,,,,,366.5625,931.875,,0.7210657,413.4375,1081.875,,0.8093418,343.125,1217.8125,,0.7619121,404.0625,1250.625,,0.61699474,right,135.2960995836688,0
469,7.824483333333333,145.52688598632812,,,,,,,,,,,,,,,,,,,,366.5625,931.875,,0.73434854,413.4375,1081.875,,0.82295847,343.125,1217.8125,,0.774503,404.0625,1250.625,,0.6375172,right,135.2960995836688,0
470,7.841166666666667,166.08095169067383,,,,,,,,,,,,,,,,,,,,366.5625,936.5625,,0.71153724,413.4375,1081.875,,0.7921085,343.125,1217.8125,,0.7412685,404.0625,1250.625,,0.61100936,right,134.77142762408877,0
471,7.85785,168.59984397888184,,,,,,,,,,,,,,,,,,,,366.5625,931.875,,0.7191911,413.4375,1081.875,,0.8018397,343.125,1217.8125,,0.7539507,404.0625,1250.625,,0.62636316,right,135.2960995836688,0
472,7.874533333333334,168.3371067047119,,,,,,,,,,,,,,,,,,,,361.875,927.1875,,0.75409734,413.4375,1081.875,,0.84797406,343.125,1217.8125,,0.7966011,399.375,1250.625,,0.67551744,right,134.2151753970081,0
473,7.891216666666667,167.92893409729004,,,,,,,,,,,,,,,,,,,,366.5625,931.875,,0.74447334,413.4375,1081.875,,0.8356817,343.125,1217.8125,,0.7839954,399.375,1250.625,,0.66278136,right,135.2960995836688,0
474,7.9079,168.0159568786621,,,,,,,,,,,,,,,,,,,,366.5625,931.875,,0.7434161,413.4375,1081.875,,0.83616567,347.8125,1217.8125,,0.7863533,399.375,1250.625,,0.6701148,right,136.87664773939997,0
475,7.9245833333333335,168.24913024902344,,,,,,,,,,,,,,,,,,,,366.5625,931.875,,0.7413266,413.4375,1081.875,,0.8338662,347.8125,1217.8125,,0.7820662,399.375,1250.625,,0.66365874,right,136.87664773939997,0
476,7.9412666666666665,168.0591106414795,,,,,,,,,,,,,,,,,,,,366.5625,927.1875,,0.74157333,413.4375,1081.875,,0.8359771,347.8125,1213.125,,0.78656054,404.0625,1250.625,,0.67280865,right,136.57655005518373,0
477,7.95795,167.88911819458008,,,,,,,,,,,,,,,,,,,,366.5625,931.875,,0.73669875,413.4375,1081.875,,0.8266183,347.8125,1213.125,,0.77472055,404.0625,1250.625,,0.65337884,right,136.08092418666072,0
478,7.974633333333333,168.06483268737793,,,,,,,,,,,,,,,,,,,,366.5625,931.875,,0.7367214,413.4375,1081.875,,0.8272574,347.8125,1213.125,,0.7767204,404.0625,1250.625,,0.656889,right,136.08092418666072,0
479,7.991316666666667,168.49994659423828,,,,,,,,,,,,,,,,,,,,366.5625,931.875,,0.73394823,413.4375,1081.875,,0.82184553,347.8125,1213.125,,0.7741891,404.0625,1245.9375,,0.6531899,right,136.08092418666072,0
480,8.008000000000001,167.60516166687012,,,,,,,,,,,,,,,,,,,,366.5625,927.1875,,0.74491143,413.4375,1081.875,,0.8420794,347.8125,1213.125,,0.7949113,404.0625,1250.625,,0.67997754,right,136.57655005518373,0
481,8.024683333333334,168.23601722717285,,,,,,,,,,,,,,,,,,,,366.5625,927.1875,,0.73322374,418.125,1081.875,,0.82695985,347.8125,1213.125,,0.7788749,404.0625,1245.9375,,0.6712805,right,133.3864610671188,0
482,8.041366666666667,167.7389144897461,,,,,,,,,,,,,,,,,,,,366.5625,927.1875,,0.741823,413.4375,1081.875,,0.83389586,347.8125,1213.125,,0.7875548,404.0625,1245.9375,,0.6769046,right,136.57655005518373,0
483,8.05805,168.2581901550293,,,,,,,,,,,,,,,,,,,,366.5625,927.1875,,0.7450855,418.125,1081.875,,0.8372287,347.8125,1213.125,,0.7900754,404.0625,1245.9375,,0.6788094,right,133.3864610671188,0
484,8.074733333333333,168.5168743133545,,,,,,,,,,,,,,,,,,,,366.5625,927.1875,,0.7558421,413.4375,1081.875,,0.8477761,347.8125,1213.125,,0.80145276,404.0625,1245.9375,,0.6873621,right,136.57655005518373,0
485,8.091416666666667,169.45719718933105,,,,,,,,,,,,,,,,,,,,366.5625,927.1875,,0.7448079,418.125,1081.875,,0.8352411,347.8125,1213.125,,0.7882628,404.0625,1245.9375,,0.67369264,right,133.3864610671188,0
486,8.1081,159.80815887451172,,,,,,,,,,,,,,,,,,,,366.5625,927.1875,,0.74426126,418.125,1081.875,,0.83302593,347.8125,1213.125,,0.7873011,408.75,1245.9375,,0.67124766,right,133.3864610671188,0
487,8.124783333333333,176.61213874816895,,,,,,,,,,,,,,,,,,,,366.5625,927.1875,,0.7432051,418.125,1081.875,,0.8321196,347.8125,1213.125,,0.78622603,408.75,1245.9375,,0.6706939,right,133.3864610671188,0
488,8.141466666666666,169.65389251708984,,,,,,,,,,,,,,,,,,,,366.5625,927.1875,,0.7439871,418.125,1077.1875,,0.83679867,347.8125,1213.125,,0.79001826,408.75,1245.9375,,0.67196023,right,133.67971641144356,0
489,8.158150000000001,166.01133346557617,,,,,,,,,,,,,,,,,,,,366.5625,927.1875,,0.7333466,418.125,1077.1875,,0.8288942,347.8125,1213.125,,0.78207517,408.75,1245.9375,,0.6762331,right,133.67971641144356,0
490,8.174833333333334,164.90793228149414,,,,,,,,,,,,,,,,,,,,366.5625,927.1875,,0.7374221,418.125,1077.1875,,0.83360785,347.8125,1213.125,,0.7891864,408.75,1245.9375,,0.6794132,right,133.67971641144356,0
491,8.191516666666667,165.17305374145508,,,,,,,,,,,,,,,,,,,,366.5625,927.1875,,0.7409466,413.4375,1077.1875,,0.8379849,347.8125,1208.4375,,0.7955115,408.75,1245.9375,,0.6859236,right,136.08092418666072,0
492,8.2082,169.54994201660156,,,,,,,,,,,,,,,,,,,,361.875,927.1875,,0.75072,413.4375,1077.1875,,0.849377,347.8125,1208.4375,,0.804852,408.75,1245.9375,,0.68891954,right,134.46454101443544,0
493,8.224883333333333,169.16990280151367,,,,,,,,,,,,,,,,,,,,361.875,927.1875,,0.7396318,418.125,1077.1875,,0.83887047,347.8125,1208.4375,,0.7970729,408.75,1245.9375,,0.6892755,right,131.26536467045733,0
494,8.241566666666667,168.98083686828613,,,,,,,,,,,,,,,,,,,,361.875,927.1875,,0.7398181,418.125,1077.1875,,0.83933926,347.8125,1208.4375,,0.7993989,408.75,1245.9375,,0.6934217,right,131.26536467045733,0
495,8.25825,183.20989608764648,,,,,,,,,,,,,,,,,,,,366.5625,927.1875,,0.737139,418.125,1077.1875,,0.8386279,347.8125,1208.4375,,0.7984588,408.75,1245.9375,,0.6992904,right,132.8510020815543,0
496,8.274933333333333,162.95504570007324,,,,,,,,,,,,,,,,,,,,366.5625,927.1875,,0.7503615,418.125,1077.1875,,0.85133535,347.8125,1208.4375,,0.8120454,408.75,1245.9375,,0.7064854,right,132.8510020815543,0
497,8.291616666666666,160.9189510345459,,,,,,,,,,,,,,,,,,,,366.5625,927.1875,,0.7409603,418.125,1072.5,,0.8477006,347.8125,1208.4375,,0.808231,413.4375,1241.25,,0.73416376,right,133.11346928180177,0
498,8.308300000000001,168.7629222869873,,,,,,,,,,,,,,,,,,,,366.5625,927.1875,,0.7440598,418.125,1072.5,,0.850677,347.8125,1213.125,,0.8088906,418.125,1241.25,,0.72157073,right,133.89829388479365,1
499,8.324983333333334,158.44392776489258,,,,,,,,,,,,,,,,,,,,366.5625,927.1875,,0.74006844,418.125,1072.5,,0.84593296,347.8125,1213.125,,0.8044046,418.125,1241.25,,0.7160039,right,133.89829388479365,1
500,8.341666666666667,168.4861183166504,,,,,,,,,,,,,,,,,,,,361.875,927.1875,,0.7530397,418.125,1067.8125,,0.86238915,347.8125,1213.125,,0.82371235,418.125,1245.9375,,0.7376611,right,132.37759853945892,1
501,8.35835,169.62599754333496,,,,,,,,,,,,,,,,,,,,366.5625,927.1875,,0.739753,418.125,1067.8125,,0.8461397,347.8125,1213.125,,0.8073522,418.125,1245.9375,,0.7231352,right,134.0427045975626,1
502,8.375033333333333,168.49303245544434,,,,,,,,,,,,,,,,,,,,366.5625,927.1875,,0.74795574,418.125,1067.8125,,0.8535172,347.8125,1213.125,,0.8195831,413.4375,1245.9375,,0.7272874,right,134.0427045975626,0
503,8.391716666666667,169.11983489990234,,,,,,,,,,,,,,,,,,,,366.5625,927.1875,,0.74108094,418.125,1072.5,,0.8475778,347.8125,1213.125,,0.8152343,413.4375,1245.9375,,0.72219646,right,133.89829388479365,0
504,8.4084,168.19310188293457,,,,,,,,,,,,,,,,,,,,361.875,927.1875,,0.7493745,418.125,1072.5,,0.8587519,347.8125,1213.125,,0.8298954,413.4375,1245.9375,,0.7405859,right,132.27368900609375,0
505,8.425083333333333,161.8521213531494,,,,,,,,,,,,,,,,,,,,366.5625,927.1875,,0.744648,413.4375,1072.5,,0.85261667,347.8125,1213.125,,0.8218962,413.4375,1241.25,,0.7138599,right,137.10440992605865,1
506,8.441766666666666,170.9268093109131,,,,,,,,,,,,,,,,,,,,366.5625,927.1875,,0.7379502,413.4375,1072.5,,0.8467785,347.8125,1213.125,,0.81513083,408.75,1245.9375,,0.7093512,right,137.10440992605865,0
507,8.458450000000001,168.34115982055664,,,,,,,,,,,,,,,,,,,,366.5625,927.1875,,0.7412392,413.4375,1072.5,,0.8516006,347.8125,1208.4375,,0.81847334,408.75,1241.25,,0.70917773,right,136.35197577981995,0
508,8.475133333333334,168.5183048248291,,,,,,,,,,,,,,,,,,,,366.5625,922.5,,0.73841494,413.4375,1072.5,,0.8480364,347.8125,1208.4375,,0.8125113,408.75,1241.25,,0.6973268,right,136.87664773939997,0
509,8.491816666666667,166.795015335083,,,,,,,,,,,,,,,,,,,,366.5625,927.1875,,0.73005927,413.4375,1077.1875,,0.8283415,347.8125,1213.125,,0.791365,408.75,1245.9375,,0.66891193,right,136.87664773939997,0
510,8.5085,150.56371688842773,,,,,,,,,,,,,,,,,,,,366.5625,927.1875,,0.7278302,413.4375,1077.1875,,0.82660997,347.8125,1213.125,,0.79123926,413.4375,1245.9375,,0.6765573,right,136.87664773939997,1
511,8.525183333333333,166.37015342712402,,,,,,,,,,,,,,,,,,,,366.5625,927.1875,,0.7339834,413.4375,1077.1875,,0.831674,343.125,1213.125,,0.7986108,408.75,1245.9375,,0.6741488,right,135.2960995836688,0
512,8.541866666666667,159.60288047790527,,,,,,,,,,,,,,,,,,,,366.5625,922.5,,0.7378398,413.4375,1077.1875,,0.8400965,343.125,1208.4375,,0.8034675,408.75,1245.9375,,0.68055224,right,134.9630111223025,0
513,8.55855,167.22917556762695,,,,,,,,,,,,,,,,,,,,366.5625,927.1875,,0.7183367,413.4375,1072.5,,0.81782,343.125,1213.125,,0.77932316,408.75,1245.9375,,0.6493012,right,135.55625222708065,0
514,8.575233333333333,167.15288162231445,,,,,,,,,,,,,,,,,,,,366.5625,922.5,,0.71858025,413.4375,1072.5,,0.82238936,343.125,1213.125,,0.7846591,408.75,1245.9375,,0.64817524,right,136.08092418666075,0
515,8.591916666666666,175.91190338134766,,,,,,,,,,,,,,,,,,,,366.5625,927.1875,,0.7169001,408.75,1072.5,,0.8158053,343.125,1213.125,,0.77922714,413.4375,1241.25,,0.63994604,right,138.79390026487303,1
516,8.608600000000001,161.27991676330566,,,,,,,,,,,,,,,,,,,,361.875,922.5,,0.72480214,408.75,1072.5,,0.82997286,343.125,1208.4375,,0.7941786,408.75,1245.9375,,0.65272987,right,136.87664773939997,1
517,8.625283333333334,160.75587272644043,,,,,,,,,,,,,,,,,,,,361.875,922.5,,0.72186774,408.75,1077.1875,,0.8202451,343.125,1208.4375,,0.7780105,408.75,1245.9375,,0.6324593,right,136.57655005518373,1
518,8.641966666666667,168.31398010253906,,,,,,,,,,,,,,,,,,,,361.875,922.5,,0.71327853,408.75,1077.1875,,0.8140131,343.125,1203.75,,0.7667188,408.75,1245.9375,,0.62090313,right,135.73402579444334,1
519,8.65865,165.8191680908203,,,,,,,,,,,,,,,,,,,,361.875,922.5,,0.72007835,408.75,1072.5,,0.8204188,343.125,1203.75,,0.7682085,413.4375,1241.25,,0.6254468,right,136.08092418666072,1
520,8.675333333333333,164.30163383483887,,,,,,,,,,,,,,,,,,,,361.875,917.8125,,0.72676736,408.75,1072.5,,0.8313343,343.125,1203.75,,0.77483225,413.4375,1241.25,,0.62374604,right,136.57655005518373,1
521,8.692016666666667,170.63379287719727,,,,,,,,,,,,,,,,,,,,361.875,917.8125,,0.7221026,408.75,1072.5,,0.82972455,338.4375,1203.75,,0.7653383,408.75,1241.25,,0.6066892,right,134.9630111223025,1
522,8.7087,169.07405853271484,,,,,,,,,,,,,,,,,,,,361.875,917.8125,,0.71647596,408.75,1067.8125,,0.82292813,338.4375,1199.0625,,0.73647034,408.75,1236.5625,,0.5704336,right,134.4673852537795,1
523,8.725383333333333,169.3897247314453,,,,,,,,,,,,,,,,,,,,366.5625,917.8125,,0.72822773,408.75,1072.5,,0.83038604,338.4375,1203.75,,0.76055515,408.75,1241.25,,0.589746,right,136.56629118698305,1
524,8.742066666666666,168.58696937561035,,,,,,,,,,,,,,,,,,,,366.5625,917.8125,,0.74018633,408.75,1072.5,,0.8443643,338.4375,1208.4375,,0.7898201,408.75,1241.25,,0.6248995,right,137.39500551687232,1
525,8.758750000000001,168.43795776367188,,,,,,,,,,,,,,,,,,,,361.875,917.8125,,0.7338871,408.75,1072.5,,0.83502984,343.125,1208.4375,,0.79672843,408.75,1241.25,,0.6219877,right,137.372273607923,1
526,8.775433333333334,169.5559024810791,,,,,,,,,,,,,,,,,,,,361.875,917.8125,,0.7393023,404.0625,1072.5,,0.8418616,338.4375,1208.4375,,0.8082261,408.75,1241.25,,0.63303936,right,138.97555367260352,1
527,8.792116666666667,168.44892501831055,,,,,,,,,,,,,,,,,,,,361.875,917.8125,,0.7452086,404.0625,1072.5,,0.8468322,343.125,1208.4375,,0.82062227,413.4375,1241.25,,0.6566174,right,140.59933933652056,1
528,8.8088,167.47474670410156,,,,,,,,,,,,,,,,,,,,361.875,917.8125,,0.75788075,404.0625,1072.5,,0.85817003,343.125,1213.125,,0.8265811,408.75,1241.25,,0.6587787,right,141.31618848819681,1
529,8.825483333333333,171.8430519104004,,,,,,,,,,,,,,,,,,,,361.875,913.125,,0.74451494,404.0625,1072.5,,0.84614176,338.4375,1208.4375,,0.79848236,404.0625,1241.25,,0.6207962,right,139.4041924053056,1
530,8.842166666666667,168.77079010009766,,,,,,,,,,,,,,,,,,,,361.875,913.125,,0.7417842,399.375,1072.5,,0.8427764,333.75,1208.4375,,0.78715473,404.0625,1241.25,,0.5978018,right,140.99015246047406,1
531,8.85885,168.92504692077637,,,,,,,,,,,,,,,,,,,,361.875,913.125,,0.7511172,399.375,1067.8125,,0.85638463,338.4375,1203.75,,0.7954538,399.375,1241.25,,0.6248965,right,142.22746317968682,1
532,8.875533333333333,166.1369800567627,,,,,,,,,,,,,,,,,,,,366.5625,913.125,,0.75536895,399.375,1067.8125,,0.8614146,338.4375,1203.75,,0.8016988,404.0625,1236.5625,,0.6418134,right,143.87832559537495,1
533,8.892216666666666,164.84594345092773,,,,,,,,,,,,,,,,,,,,366.5625,913.125,,0.7526299,399.375,1067.8125,,0.8583573,338.4375,1203.75,,0.78794324,404.0625,1236.5625,,0.6131312,right,143.87832559537495,1
534,8.908900000000001,168.21908950805664,,,,,,,,,,,,,,,,,,,,366.5625,913.125,,0.7485796,399.375,1067.8125,,0.85871834,338.4375,1203.75,,0.8038701,413.4375,1236.5625,,0.6395171,right,143.87832559537495,1
535,8.925583333333334,157.58419036865234,,,,,,,,,,,,,,,,,,,,366.5625,913.125,,0.7421899,399.375,1063.125,,0.85013896,338.4375,1203.75,,0.7920452,408.75,1236.5625,,0.61940455,right,144.2322199129284,1
536,8.942266666666667,169.30818557739258,,,,,,,,,,,,,,,,,,,,366.5625,913.125,,0.7365508,399.375,1063.125,,0.84825504,338.4375,1203.75,,0.7841317,408.75,1236.5625,,0.6020118,right,144.2322199129284,1
537,8.95895,169.36302185058594,,,,,,,,,,,,,,,,,,,,366.5625,913.125,,0.7395612,399.375,1067.8125,,0.8497172,338.4375,1203.75,,0.78714466,404.0625,1236.5625,,0.6077601,right,143.87832559537495,1
538,8.975633333333333,168.6270236968994,,,,,,,,,,,,,,,,,,,,361.875,908.4375,,0.7414706,399.375,1063.125,,0.85768855,338.4375,1203.75,,0.7985859,413.4375,1236.5625,,0.62802577,right,142.94431233136305,1
539,8.992316666666667,168.0760383605957,,,,,,,,,,,,,,,,,,,,361.875,908.4375,,0.7518315,394.6875,1063.125,,0.8695642,343.125,1208.4375,,0.8494233,418.125,1236.5625,,0.6972342,right,148.48721261766823,1
540,9.009,171.6151237487793,,,,,,,,,,,,,,,,,,,,361.875,908.4375,,0.7451688,394.6875,1067.8125,,0.86447096,338.4375,1208.4375,,0.84507465,413.4375,1236.5625,,0.6770303,right,146.56495651470775,1
541,9.025683333333333,168.6079502105713,,,,,,,,,,,,,,,,,,,,361.875,903.75,,0.7559593,394.6875,1063.125,,0.8761708,343.125,1208.4375,,0.8624536,418.125,1236.5625,,0.7137768,right,148.82971106293118,1
542,9.042366666666666,170.66502571105957,,,,,,,,,,,,,,,,,,,,361.875,903.75,,0.74827087,390.0,1067.8125,,0.8683796,338.4375,1208.4375,,0.8388371,413.4375,1236.5625,,0.6760023,right,150.13611802035027,1
543,9.059050000000001,170.4850196838379,,,,,,,,,,,,,,,,,,,,366.5625,903.75,,0.73588204,390.0,1063.125,,0.8520546,338.4375,1208.4375,,0.8247551,408.75,1236.5625,,0.6536087,right,152.09745893783906,1
544,9.075733333333334,154.7529697418213,,,,,,,,,,,,,,,,,,,,366.5625,903.75,,0.72971535,390.0,1063.125,,0.8441125,338.4375,1208.4375,,0.8256924,408.75,1236.5625,,0.6659796,right,152.09745893783906,1
545,9.092416666666667,156.70108795166016,,,,,,,,,,,,,,,,,,,,366.5625,899.0625,,0.72807336,394.6875,1058.4375,,0.8508434,338.4375,1208.4375,,0.8284228,408.75,1236.5625,,0.67307436,right,149.43597497897522,1
546,9.1091,158.2331657409668,,,,,,,,,,,,,,,,,,,,366.5625,899.0625,,0.70390666,390.0,1058.4375,,0.8216031,338.4375,1203.75,,0.7964286,408.75,1231.875,,0.6378467,right,152.09745893783906,1
547,9.125783333333333,159.0569019317627,,,,,,,,,,,,,,,,,,,,366.5625,899.0625,,0.716935,390.0,1058.4375,,0.83849204,333.75,1199.0625,,0.77685326,404.0625,1231.875,,0.62744224,right,149.83270438961566,1
548,9.142466666666667,169.1880226135254,,,,,,,,,,,,,,,,,,,,366.5625,899.0625,,0.7202599,390.0,1058.4375,,0.8409943,338.4375,1199.0625,,0.7949409,404.0625,1231.875,,0.65102327,right,151.49781044771927,1
549,9.15915,168.72000694274902,,,,,,,,,,,,,,,,,,,,366.5625,899.0625,,0.7214581,390.0,1058.4375,,0.83945763,343.125,1203.75,,0.81681293,408.75,1231.875,,0.69245553,right,153.75541728012607,1
550,9.175833333333333,169.40784454345703,,,,,,,,,,,,,,,,,,,,366.5625,899.0625,,0.73475176,385.3125,1063.125,,0.84658813,343.125,1208.4375,,0.83020675,413.4375,1236.5625,,0.7091208,right,157.29099199131605,1
551,9.192516666666666,170.61138153076172,,,,,,,,,,,,,,,,,,,,366.5625,899.0625,,0.7367735,385.3125,1063.125,,0.8448429,338.4375,1203.75,,0.820897,404.0625,1231.875,,0.6829195,right,155.04524942542105,1
552,9.209200000000001,158.78868103027344,,,,,,,,,,,,,,,,,,,,366.5625,903.75,,0.7272216,385.3125,1063.125,,0.82914054,338.4375,1199.0625,,0.7964215,404.0625,1231.875,,0.6663652,right,154.26455715467435,1
553,9.225883333333334,154.14929389953613,,,,,,,,,,,,,,,,,,,,366.5625,899.0625,,0.7270822,385.3125,1063.125,,0.8286228,338.4375,1203.75,,0.79761386,404.0625,1231.875,,0.66914725,right,155.04524942542105,1
554,9.242566666666667,157.39130973815918,,,,,,,,,,,,,,,,,,,,366.5625,903.75,,0.73210096,385.3125,1058.4375,,0.8347382,338.4375,1203.75,,0.8109157,408.75,1231.875,,0.6811119,right,155.2100762851339,1
555,9.25925,166.7478084564209,,,,,,,,,,,,,,,,,,,,366.5625,899.0625,,0.7241293,385.3125,1058.4375,,0.8350276,343.125,1208.4375,,0.8136723,408.75,1236.5625,,0.6901964,right,157.5815253632273,1
556,9.275933333333333,167.3440933227539,,,,,,,,,,,,,,,,,,,,366.5625,899.0625,,0.70488715,385.3125,1058.4375,,0.80768394,343.125,1208.4375,,0.7866508,413.4375,1231.875,,0.6794063,right,157.5815253632273,1
557,9.292616666666667,168.14303398132324,,,,,,,,,,,,,,,,,,,,366.5625,899.0625,,0.70873684,385.3125,1058.4375,,0.8149164,343.125,1208.4375,,0.7966547,413.4375,1236.5625,,0.6977538,right,157.5815253632273,1
558,9.3093,157.12618827819824,,,,,,,,,,,,,,,,,,,,366.5625,899.0625,,0.6996695,385.3125,1058.4375,,0.80863935,343.125,1208.4375,,0.78131247,413.4375,1231.875,,0.6829561,right,157.5815253632273,1
559,9.325983333333333,156.00919723510742,,,,,,,,,,,,,,,,,,,,366.5625,899.0625,,0.71802115,385.3125,1058.4375,,0.8315878,343.125,1208.4375,,0.8154274,413.4375,1236.5625,,0.71247363,right,157.5815253632273,1
560,9.342666666666666,172.43075370788574,,,,,,,,,,,,,,,,,,,,366.5625,899.0625,,0.71061134,385.3125,1063.125,,0.8219702,343.125,1208.4375,,0.81024885,413.4375,1236.5625,,0.70019484,right,157.29099199131605,1
561,9.359350000000001,169.52085494995117,,,,,,,,,,,,,,,,,,,,366.5625,899.0625,,0.70166254,385.3125,1063.125,,0.8128309,343.125,1208.4375,,0.79901266,413.4375,1236.5625,,0.6910579,right,157.29099199131605,1
562,9.376033333333334,166.3990020751953,,,,,,,,,,,,,,,,,,,,366.5625,899.0625,,0.7141731,385.3125,1058.4375,,0.8281875,343.125,1208.4375,,0.8131645,413.4375,1236.5625,,0.7129062,right,157.5815253632273,1
563,9.392716666666667,168.92480850219727,,,,,,,,,,,,,,,,,,,,366.5625,894.375,,0.7234557,385.3125,1058.4375,,0.8408992,343.125,1208.4375,,0.82707477,413.4375,1236.5625,,0.728959,right,157.7715604193272,1
564,9.4094,166.517972946167,,,,,,,,,,,,,,,,,,,,366.5625,894.375,,0.7330894,385.3125,1053.75,,0.8533461,343.125,1208.4375,,0.8451412,413.4375,1236.5625,,0.7656687,right,158.03504448918525,1
565,9.426083333333333,168.99418830871582,,,,,,,,,,,,,,,,,,,,371.25,894.375,,0.72307575,385.3125,1058.4375,,0.83646405,343.125,1208.4375,,0.82689476,413.4375,1236.5625,,0.75486755,right,159.39226971719648,1
566,9.442766666666667,169.2831516265869,,,,,,,,,,,,,,,,,,,,371.25,894.375,,0.7153226,380.625,1058.4375,,0.82635105,343.125,1208.4375,,0.8199674,413.4375,1231.875,,0.7443496,right,162.69326860888998,1
567,9.45945,169.17085647583008,,,,,,,,,,,,,,,,,,,,371.25,894.375,,0.7287073,380.625,1053.75,,0.83941174,343.125,1203.75,,0.8363097,408.75,1231.875,,0.7559943,right,162.59729586864373,1
568,9.476133333333333,170.04084587097168,,,,,,,,,,,,,,,,,,,,371.25,894.375,,0.73259246,380.625,1053.75,,0.8414912,343.125,1203.75,,0.83710366,408.75,1231.875,,0.7483677,right,162.59729586864373,1
569,9.492816666666666,170.6099510192871,,,,,,,,,,,,,,,,,,,,371.25,894.375,,0.7283809,380.625,1053.75,,0.8302562,343.125,1203.75,,0.8173773,413.4375,1231.875,,0.7303993,right,162.59729586864373,1
570,9.509500000000001,169.16298866271973,,,,,,,,,,,,,,,,,,,,371.25,899.0625,,0.7231829,380.625,1053.75,,0.8249834,338.4375,1203.75,,0.8121793,408.75,1231.875,,0.71347237,right,160.8231329120671,1
571,9.526183333333334,168.68185997009277,,,,,,,,,,,,,,,,,,,,375.9375,899.0625,,0.7337471,380.625,1053.75,,0.834937,338.4375,1203.75,,0.81697464,408.75,1231.875,,0.7066358,right,162.55565758205594,1
572,9.542866666666667,168.43891143798828,,,,,,,,,,,,,,,,,,,,375.9375,899.0625,,0.7321183,380.625,1053.75,,0.8262681,338.4375,1199.0625,,0.80144715,408.75,1227.1875,,0.6858698,right,162.0750891540447,1
573,9.55955,168.67804527282715,,,,,,,,,,,,,,,,,,,,375.9375,899.0625,,0.73274547,380.625,1053.75,,0.82561696,343.125,1199.0625,,0.7948334,404.0625,1227.1875,,0.6737014,right,163.7940013110058,1
574,9.576233333333333,169.6188449859619,,,,,,,,,,,,,,,,,,,,375.9375,899.0625,,0.72777104,375.9375,1053.75,,0.82358193,338.4375,1199.0625,,0.7888,404.0625,1227.1875,,0.6678328,right,165.5297058999341,1
575,9.592916666666667,168.61701011657715,,,,,,,,,,,,,,,,,,,,375.9375,899.0625,,0.7302915,375.9375,1058.4375,,0.8327066,338.4375,1189.6875,,0.77796495,394.6875,1227.1875,,0.6297356,right,164.05460409907712,1
576,9.6096,168.01214218139648,,,,,,,,,,,,,,,,,,,,375.9375,899.0625,,0.71111107,375.9375,1058.4375,,0.80624294,333.75,1185.0,,0.7342907,390.0,1222.5,,0.55950046,right,161.56505117707795,1
577,9.626283333333333,167.85192489624023,,,,,,,,,,,,,,,,,,,,375.9375,899.0625,,0.7059206,375.9375,1058.4375,,0.7993116,333.75,1185.0,,0.72140354,385.3125,1222.5,,0.5518369,right,161.56505117707795,1
578,9.642966666666666,168.64991188049316,,,,,,,,,,,,,,,,,,,,375.9375,899.0625,,0.7038895,375.9375,1058.4375,,0.8030156,338.4375,1185.0,,0.72984,390.0,1222.5,,0.56347,right,163.49563861824507,1
579,9.659650000000001,168.8060760498047,,,,,,,,,,,,,,,,,,,,375.9375,899.0625,,0.70615613,375.9375,1058.4375,,0.81406885,333.75,1180.3125,,0.74142325,371.25,1222.5,,0.5776768,right,160.9065079995144,0
580,9.676333333333334,167.94276237487793,,,,,,,,,,,,,,,,,,,,375.9375,903.75,,0.71284926,375.9375,1058.4375,,0.82014036,329.0625,1180.3125,,0.74358296,366.5625,1227.1875,,0.578687,right,158.96248897457818,0
581,9.693016666666667,168.54190826416016,,,,,,,,,,,,,,,,,,,,375.9375,903.75,,0.7181242,375.9375,1058.4375,,0.8230975,333.75,1180.3125,,0.7519722,371.25,1227.1875,,0.588012,right,160.9065079995143,0
582,9.7097,168.8981056213379,,,,,,,,,,,,,,,,,,,,375.9375,903.75,,0.7133302,375.9375,1058.4375,,0.8108885,329.0625,1175.625,,0.72667074,366.5625,1227.1875,,0.55633557,right,158.19859051364827,0
583,9.726383333333333,159.34109687805176,,,,,,,,,,,,,,,,,,,,375.9375,903.75,,0.7138082,375.9375,1058.4375,,0.8113419,329.0625,1175.625,,0.72512877,366.5625,1227.1875,,0.5552342,right,158.19859051364827,0
584,9.743066666666667,160.77899932861328,,,,,,,,,,,,,,,,,,,,375.9375,903.75,,0.70077527,375.9375,1058.4375,,0.7943871,329.0625,1170.9375,,0.69859254,366.5625,1222.5,,0.52724236,right,157.38013505195963,0
585,9.75975,171.42605781555176,,,,,,,,,,,,,,,,,,,,375.9375,903.75,,0.70815206,375.9375,1058.4375,,0.79697907,333.75,1180.3125,,0.712381,385.3125,1222.5,,0.5358559,right,160.9065079995143,1
586,9.776433333333333,169.80981826782227,,,,,,,,,,,,,,,,,,,,375.9375,899.0625,,0.7054802,375.9375,1058.4375,,0.7956357,333.75,1175.625,,0.7043614,380.625,1222.5,,0.51532465,right,160.201123645475,1
587,9.793116666666666,171.42677307128906,,,,,,,,,,,,,,,,,,,,375.9375,899.0625,,0.7153423,375.9375,1053.75,,0.811949,338.4375,1185.0,,0.74867177,390.0,1222.5,,0.57591367,right,164.05460409907718,1
588,9.809800000000001,169.78001594543457,,,,,,,,,,,,,,,,,,,,375.9375,899.0625,,0.7152645,375.9375,1053.75,,0.8093768,338.4375,1185.0,,0.74248934,390.0,1222.5,,0.56589854,right,164.05460409907718,1
589,9.826483333333334,169.9509620666504,,,,,,,,,,,,,,,,,,,,375.9375,899.0625,,0.70564634,375.9375,1053.75,,0.8012474,338.4375,1180.3125,,0.7341741,390.0,1222.5,,0.5711961,right,163.49563861824498,1
590,9.843166666666667,169.99006271362305,,,,,,,,,,,,,,,,,,,,375.9375,899.0625,,0.73534966,380.625,1053.75,,0.8492027,338.4375,1185.0,,0.8050629,394.6875,1227.1875,,0.68004215,right,160.44540649654897,1
591,9.85985,170.1362133026123,,,,,,,,,,,,,,,,,,,,375.9375,899.0625,,0.71448916,380.625,1053.75,,0.8157933,338.4375,1180.3125,,0.7511992,390.0,1222.5,,0.6140018,right,159.8293465881496,1
592,9.876533333333333,169.74306106567383,,,,,,,,,,,,,,,,,,,,375.9375,899.0625,,0.72998905,380.625,1053.75,,0.83453476,338.4375,1185.0,,0.78158355,390.0,1227.1875,,0.65553224,right,160.44540649654897,1
593,9.893216666666667,169.91686820983887,,,,,,,,,,,,,,,,,,,,375.9375,899.0625,,0.72116375,380.625,1053.75,,0.8226941,338.4375,1180.3125,,0.75788796,390.0,1222.5,,0.6189952,right,159.8293465881496,1
594,9.9099,169.30723190307617,,,,,,,,,,,,,,,,,,,,375.9375,899.0625,,0.71991754,380.625,1053.75,,0.82235926,338.4375,1180.3125,,0.75757146,385.3125,1222.5,,0.6221123,right,159.8293465881496,1
595,9.926583333333333,169.53492164611816,,,,,,,,,,,,,,,,,,,,375.9375,899.0625,,0.7098453,380.625,1053.75,,0.80669594,338.4375,1180.3125,,0.7352563,390.0,1222.5,,0.6032244,right,159.8293465881496,1
596,9.943266666666666,169.3558692932129,,,,,,,,,,,,,,,,,,,,375.9375,899.0625,,0.70748526,380.625,1053.75,,0.8090536,338.4375,1180.3125,,0.7400327,385.3125,1222.5,,0.6085326,right,159.8293465881496,1
597,9.959950000000001,158.2648754119873,,,,,,,,,,,,,,,,,,,,375.9375,899.0625,,0.7069908,380.625,1053.75,,0.80564404,338.4375,1180.3125,,0.73117614,385.3125,1222.5,,0.59859025,right,159.8293465881496,1
598,9.976633333333334,169.7561740875244,,,,,,,,,,,,,,,,,,,,375.9375,899.0625,,0.7042252,380.625,1053.75,,0.8080778,338.4375,1180.3125,,0.73718476,385.3125,1222.5,,0.6119667,right,159.8293465881496,1
599,9.993316666666667,169.22378540039062,,,,,,,,,,,,,,,,,,,,375.9375,899.0625,,0.6938858,380.625,1053.75,,0.7968055,338.4375,1180.3125,,0.7248094,385.3125,1222.5,,0.60090697,right,159.8293465881496,1
600,10.01,159.68894958496094,,,,,,,,,,,,,,,,,,,,375.9375,899.0625,,0.68876934,380.625,1053.75,,0.79135764,333.75,1180.3125,,0.71878004,375.9375,1222.5,,0.58717877,right,157.94115858140867,0
601,10.026683333333333,170.1529026031494,,,,,,,,,,,,,,,,,,,,375.9375,899.0625,,0.6932583,380.625,1053.75,,0.7952976,338.4375,1180.3125,,0.72600484,380.625,1222.5,,0.5994446,right,159.8293465881496,1
602,10.043366666666667,168.806791305542,,,,,,,,,,,,,,,,,,,,375.9375,899.0625,,0.6954161,380.625,1053.75,,0.80145365,338.4375,1180.3125,,0.7371457,380.625,1222.5,,0.62254107,right,159.8293465881496,1
603,10.06005,164.3378734588623,,,,,,,,,,,,,,,,,,,,375.9375,899.0625,,0.69287896,380.625,1053.75,,0.7966939,338.4375,1180.3125,,0.72874904,380.625,1222.5,,0.60912573,right,159.8293465881496,1
604,10.076733333333333,161.956787109375,,,,,,,,,,,,,,,,,,,,375.9375,899.0625,,0.6962115,380.625,1053.75,,0.8005178,338.4375,1185.0,,0.73688483,385.3125,1222.5,,0.6223204,right,160.44540649654897,1
605,10.093416666666666,163.16604614257812,,,,,,,,,,,,,,,,,,,,375.9375,899.0625,,0.69212866,380.625,1049.0625,,0.79160374,333.75,1180.3125,,0.7229505,380.625,1222.5,,0.6022433,right,158.55626533370062,1
606,10.110100000000001,160.02607345581055,,,,,,,,,,,,,,,,,,,,375.9375,899.0625,,0.7008704,380.625,1049.0625,,0.8038313,333.75,1180.3125,,0.74050426,380.625,1222.5,,0.61975706,right,158.55626533370062,1
607,10.126783333333334,159.6848964691162,,,,,,,,,,,,,,,,,,,,375.9375,899.0625,,0.69467425,380.625,1053.75,,0.7918148,329.0625,1175.625,,0.71683896,371.25,1222.5,,0.58447087,right,155.33219497348185,0
608,10.143466666666667,167.8159236907959,,,,,,,,,,,,,,,,,,,,375.9375,899.0625,,0.6886508,380.625,1049.0625,,0.786453,329.0625,1175.625,,0.71277255,371.25,1222.5,,0.58244884,right,156.04374356967148,0
609,10.16015,178.57813835144043,,,,,,,,,,,,,,,,,,,,375.9375,899.0625,,0.6911274,380.625,1049.0625,,0.7829623,329.0625,1170.9375,,0.7058368,366.5625,1217.8125,,0.5690208,right,155.2779889541642,0
610,10.176833333333333,170.0417995452881,,,,,,,,,,,,,,,,,,,,375.9375,899.0625,,0.70540065,375.9375,1053.75,,0.80947196,333.75,1185.0,,0.7463815,380.625,1222.5,,0.6140855,right,162.18111108547717,1
611,10.193516666666667,165.8461093902588,,,,,,,,,,,,,,,,,,,,375.9375,899.0625,,0.6968565,380.625,1053.75,,0.7996762,329.0625,1180.3125,,0.7244264,375.9375,1222.5,,0.5905142,right,156.09794958898917,0
612,10.2102,165.20404815673828,,,,,,,,,,,,,,,,,,,,375.9375,899.0625,,0.70237136,375.9375,1053.75,,0.80697715,333.75,1180.3125,,0.7357955,375.9375,1222.5,,0.6086099,right,161.565051177078,1
613,10.226883333333333,167.4649715423584,,,,,,,,,,,,,,,,,,,,375.9375,899.0625,,0.697407,380.625,1053.75,,0.79526114,329.0625,1170.9375,,0.70937574,366.5625,1217.8125,,0.5728984,right,154.5148009182049,0
614,10.243566666666666,166.89085960388184,,,,,,,,,,,,,,,,,,,,375.9375,899.0625,,0.7172208,375.9375,1053.75,,0.8243682,329.0625,1175.625,,0.74478126,371.25,1222.5,,0.60902715,right,158.96248897457818,0
615,10.260250000000001,169.04926300048828,,,,,,,,,,,,,,,,,,,,375.9375,899.0625,,0.7211513,375.9375,1053.75,,0.82965046,333.75,1180.3125,,0.77128375,380.625,1222.5,,0.6433839,right,161.565051177078,1
616,10.276933333333334,168.00308227539062,,,,,,,,,,,,,,,,,,,,375.9375,899.0625,,0.71992564,375.9375,1053.75,,0.82463145,333.75,1180.3125,,0.7675917,380.625,1222.5,,0.64481366,right,161.565051177078,1
617,10.293616666666667,163.99383544921875,,,,,,,,,,,,,,,,,,,,375.9375,899.0625,,0.71061206,375.9375,1049.0625,,0.8188686,329.0625,1175.625,,0.7422824,375.9375,1217.8125,,0.60990965,right,159.67686317033704,1
618,10.3103,171.52833938598633,,,,,,,,,,,,,,,,,,,,375.9375,894.375,,0.71442807,375.9375,1049.0625,,0.81765616,333.75,1180.3125,,0.7553662,380.625,1222.5,,0.625167,right,162.18111108547717,1
619,10.326983333333333,157.6859951019287,,,,,,,,,,,,,,,,,,,,375.9375,899.0625,,0.70900905,380.625,1049.0625,,0.8072678,333.75,1180.3125,,0.7539294,385.3125,1217.8125,,0.6190111,right,158.55626533370062,1
620,10.343666666666667,168.04766654968262,,,,,,,,,,,,,,,,,,,,375.9375,894.375,,0.72134626,380.625,1049.0625,,0.8255931,338.4375,1194.375,,0.7979282,399.375,1222.5,,0.68880403,right,162.0750891540447,1
621,10.36035,168.9281463623047,,,,,,,,,,,,,,,,,,,,375.9375,894.375,,0.7033646,380.625,1049.0625,,0.81027085,333.75,1189.6875,,0.76468706,394.6875,1222.5,,0.63768697,right,159.8293465881496,1
622,10.377033333333333,165.24004936218262,,,,,,,,,,,,,,,,,,,,375.9375,894.375,,0.7172853,380.625,1049.0625,,0.82666063,333.75,1185.0,,0.77999216,394.6875,1217.8125,,0.6467198,right,159.23868937350295,1
623,10.393716666666666,164.4461154937744,,,,,,,,,,,,,,,,,,,,371.25,899.0625,,0.71573675,380.625,1049.0625,,0.83071566,333.75,1194.375,,0.79301727,399.375,1222.5,,0.6747639,right,158.5449690291613,1
624,10.410400000000001,170.19009590148926,,,,,,,,,,,,,,,,,,,,371.25,899.0625,,0.72124064,380.625,1049.0625,,0.8333109,333.75,1199.0625,,0.8093566,404.0625,1227.1875,,0.6929693,right,159.06964098874136,1
625,10.427083333333334,169.55208778381348,,,,,,,,,,,,,,,,,,,,371.25,899.0625,,0.7188151,380.625,1053.75,,0.82496715,333.75,1199.0625,,0.79738593,404.0625,1227.1875,,0.68549824,right,158.65307414524153,1
626,10.443766666666667,169.45409774780273,,,,,,,,,,,,,,,,,,,,371.25,899.0625,,0.72384983,380.625,1053.75,,0.8359873,333.75,1199.0625,,0.81190145,399.375,1227.1875,,0.6917528,right,158.65307414524153,1
627,10.46045,169.9221134185791,,,,,,,,,,,,,,,,,,,,371.25,899.0625,,0.72959423,380.625,1053.75,,0.8480797,333.75,1194.375,,0.81808937,394.6875,1227.1875,,0.6925215,right,158.09682191816086,1
628,10.477133333333333,168.8840389251709,,,,,,,,,,,,,,,,,,,,371.25,903.75,,0.72046316,385.3125,1053.75,,0.8292705,333.75,1199.0625,,0.79234576,399.375,1227.1875,,0.6723244,right,155.10752001901645,1
629,10.493816666666667,169.87228393554688,,,,,,,,,,,,,,,,,,,,371.25,903.75,,0.7135719,385.3125,1058.4375,,0.82180476,333.75,1194.375,,0.77504563,394.6875,1227.1875,,0.63826835,right,154.03331641021936,1
630,10.5105,169.93403434753418,,,,,,,,,,,,,,,,,,,,371.25,903.75,,0.7344147,385.3125,1058.4375,,0.8464904,333.75,1194.375,,0.80514455,394.6875,1227.1875,,0.6712885,right,154.03331641021936,1
631,10.527183333333333,169.17991638183594,,,,,,,,,,,,,,,,,,,,371.25,903.75,,0.7101979,385.3125,1058.4375,,0.81625986,333.75,1194.375,,0.77009094,394.6875,1227.1875,,0.6381639,right,154.03331641021936,1
632,10.543866666666666,169.37804222106934,,,,,,,,,,,,,,,,,,,,371.25,903.75,,0.71347773,385.3125,1058.4375,,0.81631815,333.75,1194.375,,0.76485443,390.0,1227.1875,,0.6141845,right,154.03331641021936,1
633,10.560550000000001,158.8268280029297,,,,,,,,,,,,,,,,,,,,371.25,903.75,,0.7276764,385.3125,1058.4375,,0.8323511,338.4375,1199.0625,,0.79435706,394.6875,1227.1875,,0.6421162,right,156.37062226934324,1
634,10.577233333333334,167.96398162841797,,,,,,,,,,,,,,,,,,,,371.25,899.0625,,0.7116788,385.3125,1053.75,,0.8194297,333.75,1194.375,,0.7632854,390.0,1222.5,,0.5983728,right,154.66926766401707,1
635,10.593916666666667,174.38006401062012,,,,,,,,,,,,,,,,,,,,371.25,899.0625,,0.70979214,385.3125,1053.75,,0.81570554,333.75,1194.375,,0.76288176,380.625,1227.1875,,0.60269237,right,154.66926766401707,0
636,10.6106,168.59984397888184,,,,,,,,,,,,,,,,,,,,371.25,899.0625,,0.6985174,390.0,1053.75,,0.8035476,329.0625,1189.6875,,0.7257377,371.25,1222.5,,0.57058537,right,148.94323092055365,0
637,10.627283333333333,168.2722568511963,,,,,,,,,,,,,,,,,,,,371.25,903.75,,0.69512284,390.0,1053.75,,0.7929878,329.0625,1185.0,,0.6954375,361.875,1222.5,,0.54426974,right,147.97021484300302,0
638,10.643966666666667,168.10894012451172,,,,,,,,,,,,,,,,,,,,371.25,903.75,,0.7041682,390.0,1053.75,,0.80888385,329.0625,1189.6875,,0.735278,366.5625,1227.1875,,0.58774626,right,148.7294416906765,0
639,10.66065,169.25907135009766,,,,,,,,,,,,,,,,,,,,371.25,903.75,,0.7133188,390.0,1053.75,,0.8121344,333.75,1194.375,,0.7455706,375.9375,1227.1875,,0.58824503,right,151.0735741647464,0
640,10.677333333333333,158.82611274719238,,,,,,,,,,,,,,,,,,,,371.25,903.75,,0.7209939,390.0,1058.4375,,0.8219832,333.75,1194.375,,0.76108325,380.625,1227.1875,,0.60408294,right,150.60933848387222,0
641,10.694016666666666,168.9441204071045,,,,,,,,,,,,,,,,,,,,366.5625,903.75,,0.72329736,390.0,1058.4375,,0.8263911,333.75,1194.375,,0.77790725,380.625,1231.875,,0.643772,right,148.90491741873277,0
642,10.710700000000001,169.54588890075684,,,,,,,,,,,,,,,,,,,,366.5625,903.75,,0.73067874,390.0,1058.4375,,0.83660185,338.4375,1194.375,,0.7930453,375.9375,1231.875,,0.6619092,right,150.61209713379003,0
643,10.727383333333334,159.0588092803955,,,,,,,,,,,,,,,,,,,,366.5625,903.75,,0.7115805,390.0,1058.4375,,0.81045264,333.75,1194.375,,0.7600765,375.9375,1231.875,,0.62875855,right,148.90491741873277,0
644,10.744066666666667,169.54898834228516,,,,,,,,,,,,,,,,,,,,366.5625,903.75,,0.6971053,390.0,1058.4375,,0.7995531,338.4375,1189.6875,,0.7510789,380.625,1231.875,,0.6225665,right,149.93661548873052,0
645,10.76075,170.0918674468994,,,,,,,,,,,,,,,,,,,,366.5625,903.75,,0.6938672,394.6875,1058.4375,,0.7971441,333.75,1189.6875,,0.7454856,375.9375,1231.875,,0.6077047,right,144.7903847231388,0
646,10.777433333333333,158.79273414611816,,,,,,,,,,,,,,,,,,,,366.5625,903.75,,0.71128726,394.6875,1058.4375,,0.82108045,333.75,1194.375,,0.7762809,380.625,1231.875,,0.6279117,right,145.54961157081232,0
647,10.794116666666667,169.15488243103027,,,,,,,,,,,,,,,,,,,,366.5625,903.75,,0.69940054,394.6875,1058.4375,,0.8067752,333.75,1194.375,,0.7623124,380.625,1231.875,,0.6052214,right,145.54961157081232,0
648,10.8108,170.8207130432129,,,,,,,,,,,,,,,,,,,,366.5625,903.75,,0.7046857,394.6875,1058.4375,,0.8212498,333.75,1194.375,,0.76946044,385.3125,1231.875,,0.6128037,right,145.54961157081232,0
649,10.827483333333333,169.98696327209473,,,,,,,,,,,,,,,,,,,,366.5625,903.75,,0.7266877,394.6875,1058.4375,,0.851254,333.75,1199.0625,,0.79065573,385.3125,1231.875,,0.65012026,right,146.26646072248863,0
650,10.844166666666666,170.55702209472656,,,,,,,,,,,,,,,,,,,,371.25,903.75,,0.7177445,394.6875,1058.4375,,0.8324002,338.4375,1199.0625,,0.7834326,394.6875,1231.875,,0.6323557,right,149.5829423294841,1
651,10.860850000000001,170.9439754486084,,,,,,,,,,,,,,,,,,,,371.25,903.75,,0.7213537,390.0,1063.125,,0.8286005,338.4375,1203.75,,0.785838,394.6875,1231.875,,0.6294342,right,153.15385976399503,1
652,10.877533333333334,171.67210578918457,,,,,,,,,,,,,,,,,,,,366.5625,903.75,,0.7419237,390.0,1063.125,,0.85278666,338.4375,1203.75,,0.81593955,399.375,1231.875,,0.6628263,right,151.49781044771927,1
653,10.894216666666667,171.6289520263672,,,,,,,,,,,,,,,,,,,,366.5625,903.75,,0.74473095,390.0,1063.125,,0.8497462,338.4375,1203.75,,0.8063092,399.375,1231.875,,0.6355326,right,151.49781044771927,1
654,10.9109,170.96304893493652,,,,,,,,,,,,,,,,,,,,366.5625,908.4375,,0.73450804,390.0,1063.125,,0.83314764,338.4375,1199.0625,,0.75066596,394.6875,1231.875,,0.57637256,right,150.61209713379003,1
655,10.927583333333333,169.67225074768066,,,,,,,,,,,,,,,,,,,,366.5625,908.4375,,0.7403494,390.0,1063.125,,0.8426703,338.4375,1203.75,,0.7632794,399.375,1231.875,,0.5930762,right,151.24804838758774,1
656,10.944266666666667,169.25382614135742,,,,,,,,,,,,,,,,,,,,366.5625,908.4375,,0.73873204,390.0,1063.125,,0.83574224,338.4375,1203.75,,0.7596253,399.375,1231.875,,0.58334744,right,151.24804838758774,1
657,10.96095,169.45695877075195,,,,,,,,,,,,,,,,,,,,366.5625,908.4375,,0.74801016,390.0,1063.125,,0.85247827,338.4375,1203.75,,0.79984486,404.0625,1231.875,,0.6300092,right,151.24804838758774,1
658,10.977633333333333,169.51608657836914,,,,,,,,,,,,,,,,,,,,361.875,908.4375,,0.7662927,390.0,1063.125,,0.8707293,338.4375,1208.4375,,0.8346827,408.75,1231.875,,0.67832804,right,150.15849859310555,1
659,10.994316666666666,169.511079788208,,,,,,,,,,,,,,,,,,,,361.875,908.4375,,0.7578854,390.0,1063.125,,0.8692163,338.4375,1208.4375,,0.83311623,408.75,1231.875,,0.6862503,right,150.15849859310555,1
660,11.011000000000001,169.49105262756348,,,,,,,,,,,,,,,,,,,,361.875,908.4375,,0.7657614,390.0,1063.125,,0.86663884,343.125,1208.4375,,0.8402308,413.4375,1231.875,,0.69379234,right,151.81645693539264,1
661,11.027683333333334,169.37899589538574,,,,,,,,,,,,,,,,,,,,361.875,908.4375,,0.76128936,390.0,1063.125,,0.8667468,343.125,1208.4375,,0.84267664,413.4375,1231.875,,0.69735646,right,151.81645693539264,1
662,11.044366666666667,168.78700256347656,,,,,,,,,,,,,,,,,,,,366.5625,908.4375,,0.7590914,390.0,1063.125,,0.8623034,343.125,1208.4375,,0.83489823,413.4375,1231.875,,0.69132644,right,153.5056552199945,1
663,11.06105,169.33107376098633,,,,,,,,,,,,,,,,,,,,366.5625,913.125,,0.76197577,390.0,1063.125,,0.85769105,343.125,1208.4375,,0.8241056,413.4375,1231.875,,0.68144107,right,153.24064425363835,1
664,11.077733333333333,169.18706893920898,,,,,,,,,,,,,,,,,,,,361.875,908.4375,,0.75493205,390.0,1063.125,,0.85778654,343.125,1208.4375,,0.8252257,418.125,1231.875,,0.6937349,right,151.81645693539264,1
665,11.094416666666667,168.66207122802734,,,,,,,,,,,,,,,,,,,,361.875,908.4375,,0.74956715,394.6875,1063.125,,0.8501315,343.125,1203.75,,0.81675774,418.125,1231.875,,0.673823,right,147.88756412754847,1
666,11.1111,169.05689239501953,,,,,,,,,,,,,,,,,,,,361.875,913.125,,0.7486156,390.0,1063.125,,0.8484109,343.125,1203.75,,0.8120767,418.125,1231.875,,0.65672433,right,150.94539590092285,1
667,11.127783333333333,157.98187255859375,,,,,,,,,,,,,,,,,,,,361.875,913.125,,0.75431395,394.6875,1063.125,,0.8583009,343.125,1203.75,,0.8166764,418.125,1227.1875,,0.6597342,right,147.5246092934257,1
668,11.144466666666666,168.81108283996582,,,,,,,,,,,,,,,,,,,,361.875,908.4375,,0.7585254,394.6875,1063.125,,0.87051034,343.125,1203.75,,0.824257,418.125,1227.1875,,0.67360306,right,147.88756412754847,1
669,11.161150000000001,170.23205757141113,,,,,,,,,,,,,,,,,,,,357.1875,908.4375,,0.76367533,394.6875,1063.125,,0.8827411,343.125,1203.75,,0.8342875,418.125,1231.875,,0.6840961,right,146.23670171186032,1
670,11.177833333333334,169.74186897277832,,,,,,,,,,,,,,,,,,,,357.1875,913.125,,0.73736155,390.0,1063.125,,0.84141856,343.125,1203.75,,0.7827538,418.125,1227.1875,,0.6096657,right,149.2259638987518,1
671,11.194516666666667,170.03297805786133,,,,,,,,,,,,,,,,,,,,357.1875,913.125,,0.7387103,390.0,1063.125,,0.8430803,343.125,1199.0625,,0.7714318,418.125,1227.1875,,0.6050014,right,148.6353066841051,1
672,11.2112,169.5578098297119,,,,,,,,,,,,,,,,,,,,357.1875,913.125,,0.728608,390.0,1063.125,,0.8330008,343.125,1199.0625,,0.76538014,418.125,1227.1875,,0.5971129,right,148.6353066841051,1
673,11.227883333333333,169.73114013671875,,,,,,,,,,,,,,,,,,,,357.1875,913.125,,0.7422446,390.0,1063.125,,0.8507502,343.125,1199.0625,,0.78293836,418.125,1227.1875,,0.6195264,right,148.6353066841051,1
674,11.244566666666667,154.01387214660645,,,,,,,,,,,,,,,,,,,,357.1875,913.125,,0.74087286,390.0,1063.125,,0.83789116,343.125,1199.0625,,0.75040877,418.125,1227.1875,,0.5804519,right,148.6353066841051,1
675,11.26125,168.1358814239502,,,,,,,,,,,,,,,,,,,,357.1875,913.125,,0.74194866,390.0,1063.125,,0.83983636,338.4375,1199.0625,,0.75816286,418.125,1227.1875,,0.58565676,right,146.88865803962798,1
676,11.277933333333333,166.91923141479492,,,,,,,,,,,,,,,,,,,,357.1875,913.125,,0.74422395,390.0,1063.125,,0.84529823,338.4375,1199.0625,,0.7533989,418.125,1227.1875,,0.58511734,right,146.88865803962798,1
677,11.294616666666666,168.66087913513184,,,,,,,,,,,,,,,,,,,,357.1875,913.125,,0.754652,394.6875,1063.125,,0.86257595,338.4375,1199.0625,,0.80070126,418.125,1231.875,,0.63335615,right,143.48432213497043,1
678,11.311300000000001,172.85990715026855,,,,,,,,,,,,,,,,,,,,357.1875,913.125,,0.75358343,394.6875,1063.125,,0.85789096,338.4375,1199.0625,,0.79759777,418.125,1227.1875,,0.6234643,right,143.48432213497043,1
679,11.327983333333334,169.6758270263672,,,,,,,,,,,,,,,,,,,,357.1875,913.125,,0.753894,394.6875,1063.125,,0.85572326,338.4375,1199.0625,,0.80214095,418.125,1227.1875,,0.6247302,right,143.48432213497043,1
680,11.344666666666667,171.0188388824463,,,,,,,,,,,,,,,,,,,,357.1875,913.125,,0.7557368,394.6875,1063.125,,0.85801226,338.4375,1199.0625,,0.8061327,418.125,1231.875,,0.6273024,right,143.48432213497043,1
681,11.36135,169.40903663635254,,,,,,,,,,,,,,,,,,,,357.1875,917.8125,,0.76104355,394.6875,1067.8125,,0.8629656,338.4375,1203.75,,0.813326,418.125,1231.875,,0.6410226,right,143.48432213497043,1
682,11.378033333333333,168.82872581481934,,,,,,,,,,,,,,,,,,,,357.1875,917.8125,,0.7516181,394.6875,1067.8125,,0.8504946,338.4375,1203.75,,0.80139387,418.125,1231.875,,0.6257935,right,143.48432213497043,1
683,11.394716666666667,168.44797134399414,,,,,,,,,,,,,,,,,,,,357.1875,917.8125,,0.7569829,394.6875,1067.8125,,0.85669327,338.4375,1203.75,,0.8116395,418.125,1231.875,,0.63942856,right,143.48432213497043,1
684,11.4114,169.44408416748047,,,,,,,,,,,,,,,,,,,,357.1875,917.8125,,0.7540781,394.6875,1067.8125,,0.84948385,338.4375,1203.75,,0.80675316,418.125,1231.875,,0.6340916,right,143.48432213497043,1
685,11.428083333333333,168.07198524475098,,,,,,,,,,,,,,,,,,,,352.5,913.125,,0.76166636,394.6875,1063.125,,0.8640734,343.125,1203.75,,0.82312226,418.125,1231.875,,0.65473115,right,144.1550587427361,1
686,11.444766666666666,167.82212257385254,,,,,,,,,,,,,,,,,,,,352.5,917.8125,,0.7617691,394.6875,1067.8125,,0.86491996,343.125,1203.75,,0.82196236,418.125,1231.875,,0.65002394,right,143.51910748893843,1
687,11.461450000000001,168.10297966003418,,,,,,,,,,,,,,,,,,,,352.5,917.8125,,0.7625533,394.6875,1067.8125,,0.86366034,343.125,1203.75,,0.82048184,418.125,1231.875,,0.65509224,right,143.51910748893843,1
688,11.478133333333334,170.19391059875488,,,,,,,,,,,,,,,,,,,,357.1875,917.8125,,0.7643653,394.6875,1067.8125,,0.8645166,343.125,1203.75,,0.82162553,418.125,1231.875,,0.658008,right,145.1915018500277,1
689,11.494816666666667,169.6770191192627,,,,,,,,,,,,,,,,,,,,352.5,917.8125,,0.77503943,399.375,1067.8125,,0.8781061,343.125,1203.75,,0.838755,422.8125,1231.875,,0.68138236,right,140.1665409666356,1
690,11.5115,168.8377857208252,,,,,,,,,,,,,,,,,,,,357.1875,917.8125,,0.7727946,399.375,1063.125,,0.8737252,343.125,1203.75,,0.82678443,422.8125,1231.875,,0.65825385,right,142.00938425662125,1
691,11.528183333333333,168.5638427734375,,,,,,,,,,,,,,,,,,,,352.5,917.8125,,0.77395844,399.375,1063.125,,0.8742012,338.4375,1199.0625,,0.8177831,418.125,1231.875,,0.6404298,right,137.97576144373696,1
692,11.544866666666667,168.70403289794922,,,,,,,,,,,,,,,,,,,,352.5,917.8125,,0.76744354,399.375,1067.8125,,0.8644027,338.4375,1199.0625,,0.80393016,418.125,1231.875,,0.6255898,right,137.74120655564346,1
693,11.56155,168.4551239013672,,,,,,,,,,,,,,,,,,,,352.5,917.8125,,0.7656412,399.375,1067.8125,,0.8740569,343.125,1199.0625,,0.8139657,422.8125,1231.875,,0.6499115,right,139.44738485009051,1
694,11.578233333333333,168.5030460357666,,,,,,,,,,,,,,,,,,,,357.1875,917.8125,,0.7582922,399.375,1063.125,,0.8582119,338.4375,1199.0625,,0.79719645,418.125,1231.875,,0.6246156,right,139.6652517825514,1
695,11.594916666666666,168.64895820617676,,,,,,,,,,,,,,,,,,,,352.5,917.8125,,0.7682377,399.375,1067.8125,,0.85504454,338.4375,1194.375,,0.76824284,418.125,1231.875,,0.591864,right,136.9360215829274,1
696,11.611600000000001,169.22307014465332,,,,,,,,,,,,,,,,,,,,357.1875,917.8125,,0.7687205,394.6875,1067.8125,,0.8525195,338.4375,1194.375,,0.76881176,413.4375,1231.875,,0.56930816,right,142.0012675574953,1
697,11.628283333333334,168.43390464782715,,,,,,,,,,,,,,,,,,,,352.5,917.8125,,0.7757505,394.6875,1067.8125,,0.867277,338.4375,1194.375,,0.78211594,408.75,1231.875,,0.58167297,right,140.32887319640602,1
698,11.644966666666667,169.4808006286621,,,,,,,,,,,,,,,,,,,,352.5,917.8125,,0.78450394,399.375,1067.8125,,0.8688226,338.4375,1199.0625,,0.7996448,408.75,1231.875,,0.59514487,right,137.74120655564346,1
699,11.66165,167.50073432922363,,,,,,,,,,,,,,,,,,,,352.5,917.8125,,0.79230696,399.375,1067.8125,,0.87730217,338.4375,1199.0625,,0.81440103,413.4375,1231.875,,0.6155267,right,137.74120655564346,1
700,11.678333333333333,157.26709365844727,,,,,,,,,,,,,,,,,,,,352.5,917.8125,,0.79491836,399.375,1067.8125,,0.883056,338.4375,1199.0625,,0.8098969,413.4375,1231.875,,0.6286731,right,137.74120655564346,1
701,11.695016666666668,167.6161289215088,,,,,,,,,,,,,,,,,,,,352.5,917.8125,,0.79335344,399.375,1067.8125,,0.8793696,338.4375,1199.0625,,0.806841,413.4375,1231.875,,0.6238914,right,137.74120655564346,1
702,11.7117,168.60008239746094,,,,,,,,,,,,,,,,,,,,352.5,922.5,,0.7926431,399.375,1067.8125,,0.8746046,338.4375,1194.375,,0.79247606,413.4375,1231.875,,0.6074699,right,136.41134962334738,1
703,11.728383333333333,168.4420108795166,,,,,,,,,,,,,,,,,,,,352.5,922.5,,0.8002384,399.375,1067.8125,,0.87648666,338.4375,1199.0625,,0.8092344,413.4375,1231.875,,0.61226237,right,137.21653459606344,1
704,11.745066666666666,168.11108589172363,,,,,,,,,,,,,,,,,,,,352.5,922.5,,0.79754156,404.0625,1067.8125,,0.87411547,338.4375,1199.0625,,0.80689603,413.4375,1231.875,,0.61623895,right,133.89829388479362,1
705,11.761750000000001,169.62313652038574,,,,,,,,,,,,,,,,,,,,352.5,917.8125,,0.7813482,404.0625,1067.8125,,0.8636013,338.4375,1194.375,,0.7999065,413.4375,1231.875,,0.6222112,right,133.62201675369505,1
706,11.778433333333334,158.98704528808594,,,,,,,,,,,,,,,,,,,,352.5,922.5,,0.79489857,404.0625,1067.8125,,0.87579536,338.4375,1194.375,,0.8089203,413.4375,1231.875,,0.6184324,right,133.0557696240532,1
707,11.795116666666667,169.44003105163574,,,,,,,,,,,,,,,,,,,,352.5,922.5,,0.7939862,404.0625,1067.8125,,0.87531966,338.4375,1194.375,,0.7977625,413.4375,1231.875,,0.6065713,right,133.0557696240532,1
708,11.8118,169.49892044067383,,,,,,,,,,,,,,,,,,,,352.5,917.8125,,0.8032991,408.75,1067.8125,,0.8986154,343.125,1194.375,,0.82562405,408.75,1231.875,,0.6679845,right,132.03637934259817,1
709,11.828483333333333,157.23013877868652,,,,,,,,,,,,,,,,,,,,352.5,922.5,,0.79322785,408.75,1067.8125,,0.88868153,343.125,1194.375,,0.81793225,408.75,1231.875,,0.65212685,right,131.4311647453533,1
710,11.845166666666668,168.60294342041016,,,,,,,,,,,,,,,,,,,,352.5,922.5,,0.79735816,408.75,1067.8125,,0.8973583,343.125,1194.375,,0.8183274,408.75,1231.875,,0.65870285,right,131.4311647453533,1
711,11.86185,168.56122016906738,,,,,,,,,,,,,,,,,,,,352.5,922.5,,0.79022324,408.75,1067.8125,,0.8860855,343.125,1194.375,,0.81929773,413.4375,1231.875,,0.6523213,right,131.4311647453533,1
712,11.878533333333333,168.13302040100098,,,,,,,,,,,,,,,,,,,,352.5,922.5,,0.78731745,408.75,1067.8125,,0.8824239,343.125,1194.375,,0.8167887,413.4375,1231.875,,0.6410459,right,131.4311647453533,1
713,11.895216666666666,167.76180267333984,,,,,,,,,,,,,,,,,,,,352.5,922.5,,0.7824973,408.75,1067.8125,,0.8763977,343.125,1194.375,,0.8231214,413.4375,1231.875,,0.6416997,right,131.4311647453533,1
714,11.911900000000001,168.45202445983887,,,,,,,,,,,,,,,,,,,,352.5,922.5,,0.78498775,408.75,1067.8125,,0.87198937,338.4375,1194.375,,0.8175971,413.4375,1231.875,,0.6319001,right,129.78413608409457,1
715,11.928583333333334,147.62377738952637,,,,,,,,,,,,,,,,,,,,352.5,922.5,,0.78290045,408.75,1067.8125,,0.8725922,338.4375,1194.375,,0.8085753,413.4375,1231.875,,0.61692643,right,129.78413608409457,1
716,11.945266666666667,167.5240993499756,,,,,,,,,,,,,,,,,,,,352.5,922.5,,0.77511424,408.75,1067.8125,,0.8686204,338.4375,1194.375,,0.80216235,408.75,1231.875,,0.61730725,right,129.78413608409457,1
717,11.96195,168.07222366333008,,,,,,,,,,,,,,,,,,,,352.5,922.5,,0.7746598,408.75,1067.8125,,0.8661336,338.4375,1199.0625,,0.8087915,408.75,1231.875,,0.6205633,right,130.6601500732125,1
718,11.978633333333333,168.68185997009277,,,,,,,,,,,,,,,,,,,,352.5,922.5,,0.77344096,408.75,1067.8125,,0.8669138,338.4375,1199.0625,,0.8141543,408.75,1231.875,,0.6307326,right,130.6601500732125,1
719,11.995316666666668,168.46990585327148,,,,,,,,,,,,,,,,,,,,357.1875,922.5,,0.7739155,408.75,1063.125,,0.8702059,343.125,1199.0625,,0.82433975,413.4375,1231.875,,0.6479668,right,134.09436894741316,1
720,12.012,167.1578884124756,,,,,,,,,,,,,,,,,,,,352.5,917.8125,,0.7700269,408.75,1067.8125,,0.8695618,338.4375,1199.0625,,0.8164978,413.4375,1231.875,,0.64707184,right,131.26536467045733,1
721,12.028683333333333,167.4213409423828,,,,,,,,,,,,,,,,,,,,357.1875,922.5,,0.76363325,408.75,1067.8125,,0.8568957,338.4375,1199.0625,,0.8038857,413.4375,1231.875,,0.6241792,right,132.28475495191242,1
722,12.045366666666666,167.91915893554688,,,,,,,,,,,,,,,,,,,,357.1875,922.5,,0.7630798,408.75,1067.8125,,0.85424733,338.4375,1199.0625,,0.797625,408.75,1231.875,,0.61333853,right,132.28475495191242,1
723,12.062050000000001,167.59109497070312,,,,,,,,,,,,,,,,,,,,357.1875,922.5,,0.7609936,408.75,1067.8125,,0.84770525,338.4375,1199.0625,,0.7918474,408.75,1231.875,,0.61142004,right,132.28475495191242,1
724,12.078733333333334,167.53005981445312,,,,,,,,,,,,,,,,,,,,357.1875,922.5,,0.76853204,408.75,1067.8125,,0.8669669,338.4375,1199.0625,,0.80786705,408.75,1231.875,,0.6262373,right,132.28475495191242,1
725,12.095416666666667,167.8159236907959,,,,,,,,,,,,,,,,,,,,357.1875,922.5,,0.76399994,408.75,1067.8125,,0.85470915,338.4375,1199.0625,,0.7960049,408.75,1231.875,,0.61112857,right,132.28475495191242,1
726,12.1121,167.525053024292,,,,,,,,,,,,,,,,,,,,357.1875,922.5,,0.7683723,408.75,1067.8125,,0.8564476,338.4375,1194.375,,0.79199195,404.0625,1231.875,,0.6057987,right,131.4087409627945,0
727,12.128783333333333,167.90771484375,,,,,,,,,,,,,,,,,,,,357.1875,922.5,,0.7699951,408.75,1067.8125,,0.8576916,338.4375,1194.375,,0.78053176,404.0625,1227.1875,,0.59495914,right,131.4087409627945,0
728,12.145466666666668,168.26391220092773,,,,,,,,,,,,,,,,,,,,357.1875,922.5,,0.76677024,408.75,1067.8125,,0.8683051,338.4375,1194.375,,0.77909994,404.0625,1231.875,,0.61973304,right,131.4087409627945,0
729,12.16215,160.1409912109375,,,,,,,,,,,,,,,,,,,,357.1875,922.5,,0.76420414,408.75,1067.8125,,0.8600754,338.4375,1189.6875,,0.77923363,404.0625,1227.1875,,0.6083053,right,130.48170569302232,0
730,12.178833333333333,168.99490356445312,,,,,,,,,,,,,,,,,,,,357.1875,922.5,,0.7648145,408.75,1067.8125,,0.8636668,338.4375,1194.375,,0.78658015,408.75,1231.875,,0.6181939,right,131.4087409627945,1
731,12.195516666666666,169.12508010864258,,,,,,,,,,,,,,,,,,,,357.1875,922.5,,0.767153,413.4375,1067.8125,,0.85797894,338.4375,1194.375,,0.7804243,408.75,1227.1875,,0.60688305,right,128.1880722261189,0
732,12.212200000000001,169.09122467041016,,,,,,,,,,,,,,,,,,,,357.1875,922.5,,0.7660333,413.4375,1067.8125,,0.85938776,338.4375,1194.375,,0.7828034,404.0625,1231.875,,0.60981715,right,128.1880722261189,0
733,12.228883333333334,169.4490909576416,,,,,,,,,,,,,,,,,,,,357.1875,922.5,,0.7460071,413.4375,1067.8125,,0.8288356,338.4375,1189.6875,,0.74846494,404.0625,1227.1875,,0.580883,right,127.23123793692284,0
734,12.245566666666667,171.5848445892334,,,,,,,,,,,,,,,,,,,,357.1875,922.5,,0.73153526,413.4375,1063.125,,0.8084707,338.4375,1185.0,,0.7324215,404.0625,1227.1875,,0.56243247,right,126.5910882673993,0
735,12.26225,172.27411270141602,,,,,,,,,,,,,,,,,,,,357.1875,922.5,,0.7350477,413.4375,1063.125,,0.8185823,338.4375,1185.0,,0.7357713,404.0625,1227.1875,,0.57064164,right,126.5910882673993,0
736,12.278933333333333,171.65303230285645,,,,,,,,,,,,,,,,,,,,357.1875,922.5,,0.73558366,413.4375,1063.125,,0.8227665,338.4375,1185.0,,0.7342591,399.375,1227.1875,,0.5758324,right,126.5910882673993,0
737,12.295616666666668,172.29318618774414,,,,,,,,,,,,,,,,,,,,357.1875,922.5,,0.7232268,413.4375,1063.125,,0.8020822,338.4375,1185.0,,0.72893214,399.375,1227.1875,,0.55550605,right,126.5910882673993,0
738,12.3123,167.4039363861084,,,,,,,,,,,,,,,,,,,,357.1875,922.5,,0.72466224,413.4375,1063.125,,0.8076866,338.4375,1185.0,,0.7277094,404.0625,1227.1875,,0.55923206,right,126.5910882673993,0
739,12.328983333333333,163.82718086242676,,,,,,,,,,,,,,,,,,,,357.1875,922.5,,0.7258724,413.4375,1063.125,,0.8088994,333.75,1180.3125,,0.72031975,399.375,1227.1875,,0.5495807,right,123.98288838121081,0
740,12.345666666666666,166.8989658355713,,,,,,,,,,,,,,,,,,,,357.1875,922.5,,0.7331519,413.4375,1063.125,,0.82735777,338.4375,1185.0,,0.7384157,404.0625,1227.1875,,0.5811254,right,126.5910882673993,0
741,12.362350000000001,166.27097129821777,,,,,,,,,,,,,,,,,,,,357.1875,922.5,,0.719214,413.4375,1063.125,,0.8026278,333.75,1175.625,,0.71010274,399.375,1222.5,,0.53990763,right,122.88737707401499,0
742,12.379033333333334,168.01118850708008,,,,,,,,,,,,,,,,,,,,357.1875,922.5,,0.71783113,413.4375,1063.125,,0.802029,333.75,1175.625,,0.7046708,404.0625,1222.5,,0.53878754,right,122.88737707401499,0
743,12.395716666666667,167.66691207885742,,,,,,,,,,,,,,,,,,,,357.1875,922.5,,0.71695757,413.4375,1063.125,,0.8010335,333.75,1175.625,,0.705948,404.0625,1222.5,,0.5353938,right,122.88737707401499,0
744,12.4124,169.04592514038086,,,,,,,,,,,,,,,,,,,,357.1875,922.5,,0.7253494,413.4375,1063.125,,0.8205627,333.75,1180.3125,,0.71887714,404.0625,1227.1875,,0.558074,right,123.98288838121081,0
745,12.429083333333333,158.04386138916016,,,,,,,,,,,,,,,,,,,,357.1875,922.5,,0.7258661,408.75,1063.125,,0.8165375,333.75,1175.625,,0.70977116,404.0625,1227.1875,,0.53789085,right,126.17362904577206,0
746,12.445766666666668,171.83303833007812,,,,,,,,,,,,,,,,,,,,357.1875,922.5,,0.724725,413.4375,1063.125,,0.81070065,329.0625,1175.625,,0.7022053,399.375,1222.5,,0.5229971,right,121.32869286780416,0
747,12.46245,166.75972938537598,,,,,,,,,,,,,,,,,,,,357.1875,922.5,,0.7263824,413.4375,1063.125,,0.8165271,333.75,1175.625,,0.71201134,404.0625,1227.1875,,0.53967893,right,122.88737707401499,0
748,12.479133333333333,166.5031909942627,,,,,,,,,,,,,,,,,,,,357.1875,917.8125,,0.73788804,408.75,1063.125,,0.84411037,333.75,1180.3125,,0.7339432,404.0625,1227.1875,,0.5793783,right,127.84410199067881,0
749,12.495816666666666,168.35308074951172,,,,,,,,,,,,,,,,,,,,357.1875,922.5,,0.7139491,408.75,1063.125,,0.8019736,329.0625,1175.625,,0.6902214,399.375,1222.5,,0.5045758,right,124.5524831321187,0
750,12.512500000000001,158.14614295959473,,,,,,,,,,,,,,,,,,,,357.1875,922.5,,0.71723783,408.75,1063.125,,0.8071108,329.0625,1170.9375,,0.69731534,399.375,1222.5,,0.5133097,right,123.39446218170002,0
751,12.529183333333334,157.64307975769043,,,,,,,,,,,,,,,,,,,,357.1875,922.5,,0.72105443,408.75,1063.125,,0.814632,329.0625,1175.625,,0.7033777,399.375,1222.5,,0.5201571,right,124.5524831321187,0
752,12.545866666666667,158.06078910827637,,,,,,,,,,,,,,,,,,,,357.1875,922.5,,0.7441704,408.75,1063.125,,0.8451301,329.0625,1175.625,,0.7201954,399.375,1222.5,,0.5382378,right,124.5524831321187,0
753,12.56255,171.0987091064453,,,,,,,,,,,,,,,,,,,,361.875,922.5,,0.7560935,408.75,1067.8125,,0.84733564,329.0625,1170.9375,,0.71698594,399.375,1217.8125,,0.53289217,right,124.42706293746949,0
754,12.579233333333333,164.5059585571289,,,,,,,,,,,,,,,,,,,,357.1875,922.5,,0.77076805,408.75,1067.8125,,0.86303663,324.375,1166.25,,0.7211028,394.6875,1217.8125,,0.53147554,right,119.86205041686715,0
755,12.595916666666668,161.9868278503418,,,,,,,,,,,,,,,,,,,,361.875,922.5,,0.7766007,408.75,1067.8125,,0.8687693,329.0625,1170.9375,,0.71881634,399.375,1217.8125,,0.53966975,right,124.42706293746949,0
756,12.6126,164.61682319641113,,,,,,,,,,,,,,,,,,,,361.875,922.5,,0.7830976,413.4375,1063.125,,0.8776889,329.0625,1170.9375,,0.72092414,399.375,1217.8125,,0.54593515,right,121.8166540399258,0
757,12.629283333333333,175.47893524169922,,,,,,,,,,,,,,,,,,,,357.1875,922.5,,0.7710924,408.75,1063.125,,0.86687887,329.0625,1175.625,,0.72125494,399.375,1217.8125,,0.5429408,right,124.5524831321187,0
758,12.645966666666666,163.85674476623535,,,,,,,,,,,,,,,,,,,,357.1875,922.5,,0.7618016,408.75,1063.125,,0.8474606,329.0625,1175.625,,0.70355207,404.0625,1222.5,,0.51563895,right,124.5524831321187,0
759,12.662650000000001,174.88408088684082,,,,,,,,,,,,,,,,,,,,357.1875,922.5,,0.7631302,408.75,1063.125,,0.84758115,329.0625,1175.625,,0.70217437,408.75,1222.5,,0.5140191,right,124.5524831321187,1
760,12.679333333333334,175.6892204284668,,,,,,,,,,,,,,,,,,,,357.1875,917.8125,,0.7666991,408.75,1063.125,,0.86124253,333.75,1180.3125,,0.72251546,413.4375,1222.5,,0.55015576,right,127.84410199067881,1
761,12.696016666666667,176.57017707824707,,,,,,,,,,,,,,,,,,,,357.1875,917.8125,,0.74989855,408.75,1058.4375,,0.8361809,333.75,1180.3125,,0.71663296,413.4375,1222.5,,0.5395259,right,128.25619432550297,1
762,12.7127,164.80302810668945,,,,,,,,,,,,,,,,,,,,357.1875,917.8125,,0.7387072,408.75,1058.4375,,0.81694865,333.75,1180.3125,,0.7115148,408.75,1217.8125,,0.53287196,right,128.25619432550297,1
763,12.729383333333333,159.74187850952148,,,,,,,,,,,,,,,,,,,,357.1875,917.8125,,0.7334995,408.75,1058.4375,,0.8103434,333.75,1180.3125,,0.7085784,408.75,1217.8125,,0.52390957,right,128.25619432550297,1
764,12.746066666666668,167.5560474395752,,,,,,,,,,,,,,,,,,,,357.1875,913.125,,0.737461,408.75,1058.4375,,0.8247452,333.75,1185.0,,0.7262409,408.75,1222.5,,0.5478219,right,129.81267710481876,1
765,12.76275,157.5758457183838,,,,,,,,,,,,,,,,,,,,357.1875,913.125,,0.7430674,408.75,1058.4375,,0.8299706,338.4375,1189.6875,,0.7435382,408.75,1222.5,,0.5646558,right,132.28475495191242,1
766,12.779433333333333,168.48993301391602,,,,,,,,,,,,,,,,,,,,357.1875,913.125,,0.7483485,408.75,1058.4375,,0.84350586,338.4375,1189.6875,,0.7545812,408.75,1222.5,,0.58306336,right,132.28475495191242,1
767,12.796116666666666,168.9891815185547,,,,,,,,,,,,,,,,,,,,352.5,913.125,,0.7616683,404.0625,1058.4375,,0.87125915,338.4375,1194.375,,0.7784276,413.4375,1227.1875,,0.622725,right,134.69401743753286,1
768,12.812800000000001,168.25103759765625,,,,,,,,,,,,,,,,,,,,357.1875,913.125,,0.7551932,404.0625,1058.4375,,0.8521018,338.4375,1189.6875,,0.76541394,413.4375,1222.5,,0.59230334,right,135.55625222708065,1
769,12.829483333333334,167.21725463867188,,,,,,,,,,,,,,,,,,,,357.1875,913.125,,0.7604326,404.0625,1058.4375,,0.8617153,333.75,1185.0,,0.7411584,408.75,1222.5,,0.57492834,right,133.06669930508153,1
770,12.846166666666667,166.0900115966797,,,,,,,,,,,,,,,,,,,,357.1875,913.125,,0.7554709,404.0625,1058.4375,,0.85930634,333.75,1185.0,,0.73995864,408.75,1222.5,,0.5714219,right,133.06669930508153,1
771,12.86285,166.44597053527832,,,,,,,,,,,,,,,,,,,,357.1875,913.125,,0.74584526,399.375,1058.4375,,0.83988655,329.0625,1185.0,,0.71815324,404.0625,1222.5,,0.53492284,right,134.75618964389594,1
772,12.879533333333333,167.90223121643066,,,,,,,,,,,,,,,,,,,,357.1875,908.4375,,0.73760355,399.375,1058.4375,,0.83641505,329.0625,1185.0,,0.72580785,404.0625,1222.5,,0.54874724,right,135.23675807190713,1
773,12.896216666666668,169.41332817077637,,,,,,,,,,,,,,,,,,,,357.1875,908.4375,,0.7320607,399.375,1058.4375,,0.82810324,329.0625,1185.0,,0.72714055,404.0625,1222.5,,0.5485014,right,135.23675807190713,1
774,12.9129,171.79107666015625,,,,,,,,,,,,,,,,,,,,357.1875,908.4375,,0.7417669,394.6875,1058.4375,,0.8491677,333.75,1189.6875,,0.73817635,404.0625,1227.1875,,0.56455225,right,141.05898772397833,1
775,12.929583333333333,168.84303092956543,,,,,,,,,,,,,,,,,,,,357.1875,908.4375,,0.7377659,394.6875,1058.4375,,0.8409054,333.75,1189.6875,,0.7399315,408.75,1222.5,,0.5679288,right,141.05898772397833,1
776,12.946266666666666,170.1807975769043,,,,,,,,,,,,,,,,,,,,357.1875,908.4375,,0.7480079,394.6875,1058.4375,,0.860856,333.75,1194.375,,0.7663012,408.75,1227.1875,,0.60092336,right,141.81821457165185,1
777,12.962950000000001,169.0056324005127,,,,,,,,,,,,,,,,,,,,357.1875,908.4375,,0.74686545,399.375,1058.4375,,0.85303485,333.75,1194.375,,0.7602986,404.0625,1227.1875,,0.5855356,right,138.52203454664553,1
778,12.979633333333334,159.64102745056152,,,,,,,,,,,,,,,,,,,,357.1875,908.4375,,0.7512921,399.375,1058.4375,,0.8555525,333.75,1194.375,,0.76818174,408.75,1227.1875,,0.5941821,right,138.52203454664553,1
779,12.996316666666667,171.5531349182129,,,,,,,,,,,,,,,,,,,,357.1875,908.4375,,0.75255513,399.375,1058.4375,,0.85929006,333.75,1194.375,,0.7660966,404.0625,1227.1875,,0.5941368,right,138.52203454664553,1
780,13.013,168.48206520080566,,,,,,,,,,,,,,,,,,,,357.1875,908.4375,,0.75253785,399.375,1058.4375,,0.85425246,338.4375,1194.375,,0.7610483,408.75,1227.1875,,0.5816222,right,140.1458202105626,1
781,13.029683333333333,161.0121726989746,,,,,,,,,,,,,,,,,,,,357.1875,913.125,,0.7482208,399.375,1058.4375,,0.8434577,333.75,1194.375,,0.7376603,404.0625,1222.5,,0.56069225,right,138.04146611863433,1
782,13.046366666666668,172.1189022064209,,,,,,,,,,,,,,,,,,,,357.1875,908.4375,,0.7648767,399.375,1058.4375,,0.86786854,338.4375,1194.375,,0.76464975,404.0625,1222.5,,0.5896956,right,140.1458202105626,1
783,13.06305,165.29369354248047,,,,,,,,,,,,,,,,,,,,361.875,908.4375,,0.76977634,399.375,1058.4375,,0.88010967,338.4375,1194.375,,0.7871176,408.75,1222.5,,0.62273854,right,141.81821457165185,1
784,13.079733333333333,165.863037109375,,,,,,,,,,,,,,,,,,,,361.875,908.4375,,0.76845616,394.6875,1058.4375,,0.8778999,338.4375,1199.0625,,0.7950044,408.75,1222.5,,0.61750793,right,145.85950323532202,1
785,13.096416666666666,154.24299240112305,,,,,,,,,,,,,,,,,,,,361.875,908.4375,,0.75980324,390.0,1058.4375,,0.863238,338.4375,1194.375,,0.7770789,404.0625,1222.5,,0.5892977,right,148.608090041799,1
786,13.113100000000001,167.48690605163574,,,,,,,,,,,,,,,,,,,,357.1875,908.4375,,0.7618284,390.0,1058.4375,,0.8712419,338.4375,1199.0625,,0.79410326,404.0625,1222.5,,0.6017275,right,147.5246092934257,1
787,13.129783333333334,167.56701469421387,,,,,,,,,,,,,,,,,,,,357.1875,903.75,,0.76389337,390.0,1058.4375,,0.8763574,338.4375,1194.375,,0.79961216,404.0625,1222.5,,0.60743695,right,147.25161287375082,1
788,13.146466666666667,168.21599006652832,,,,,,,,,,,,,,,,,,,,357.1875,903.75,,0.7393873,385.3125,1058.4375,,0.83634114,333.75,1189.6875,,0.7379763,394.6875,1217.8125,,0.52371603,right,148.2474172041286,1
789,13.16315,168.16377639770508,,,,,,,,,,,,,,,,,,,,357.1875,903.75,,0.72091955,385.3125,1053.75,,0.8164436,333.75,1185.0,,0.6997196,390.0,1213.125,,0.4801242,right,147.9326083967395,1
790,13.179833333333333,167.50693321228027,,,,,,,,,,,,,,,,,,,,357.1875,903.75,,0.73002845,385.3125,1053.75,,0.8269168,333.75,1185.0,,0.7021736,394.6875,1217.8125,,0.4864598,right,147.9326083967395,1
791,13.196516666666668,167.3128604888916,,,,,,,,,,,,,,,,,,,,357.1875,903.75,,0.7449744,390.0,1053.75,,0.85228664,338.4375,1194.375,,0.75379807,404.0625,1217.8125,,0.5414022,right,147.5246092934257,1
792,13.2132,167.64426231384277,,,,,,,,,,,,,,,,,,,,357.1875,908.4375,,0.74487495,390.0,1053.75,,0.8431301,338.4375,1189.6875,,0.7427485,404.0625,1213.125,,0.52748704,right,146.50338963253182,1
793,13.229883333333333,168.44630241394043,,,,,,,,,,,,,,,,,,,,357.1875,908.4375,,0.74796265,390.0,1053.75,,0.84724414,338.4375,1189.6875,,0.7396766,408.75,1217.8125,,0.53780127,right,146.50338963253182,1
794,13.246566666666666,168.320894241333,,,,,,,,,,,,,,,,,,,,357.1875,903.75,,0.7412364,390.0,1053.75,,0.84754145,338.4375,1189.6875,,0.71922415,408.75,1217.8125,,0.5307549,right,146.88865803962798,1
795,13.263250000000001,168.08795928955078,,,,,,,,,,,,,,,,,,,,357.1875,903.75,,0.7495649,390.0,1053.75,,0.8577907,338.4375,1194.375,,0.76130533,408.75,1217.8125,,0.56578434,right,147.5246092934257,1
796,13.279933333333334,168.3030128479004,,,,,,,,,,,,,,,,,,,,357.1875,903.75,,0.7625813,385.3125,1053.75,,0.8700472,338.4375,1199.0625,,0.808619,408.75,1222.5,,0.631968,right,151.50164812800347,1
797,13.296616666666667,168.83587837219238,,,,,,,,,,,,,,,,,,,,357.1875,903.75,,0.76658,385.3125,1053.75,,0.87841827,343.125,1199.0625,,0.82414687,413.4375,1222.5,,0.65758145,right,153.19113846681793,1
798,13.3133,168.49422454833984,,,,,,,,,,,,,,,,,,,,357.1875,899.0625,,0.7674333,385.3125,1053.75,,0.880213,343.125,1199.0625,,0.83893436,408.75,1222.5,,0.66377807,right,153.50594727420705,1
799,13.329983333333333,167.44208335876465,,,,,,,,,,,,,,,,,,,,357.1875,899.0625,,0.7756999,385.3125,1053.75,,0.89035,343.125,1194.375,,0.84838355,408.75,1222.5,,0.67525125,right,152.99590929724036,1
800,13.346666666666668,167.25516319274902,,,,,,,,,,,,,,,,,,,,357.1875,899.0625,,0.77151054,385.3125,1049.0625,,0.88468707,343.125,1194.375,,0.8422387,413.4375,1217.8125,,0.679666,right,153.19113846681793,1
801,13.36335,167.72818565368652,,,,,,,,,,,,,,,,,,,,361.875,899.0625,,0.76389337,380.625,1049.0625,,0.87526375,343.125,1194.375,,0.8349859,413.4375,1217.8125,,0.67327,right,158.40468955103225,1
802,13.380033333333333,167.51933097839355,,,,,,,,,,,,,,,,,,,,361.875,894.375,,0.7589053,380.625,1044.375,,0.8729341,343.125,1194.375,,0.8312712,413.4375,1217.8125,,0.6628781,right,158.83874018317172,1
803,13.396716666666666,167.3901081085205,,,,,,,,,,,,,,,,,,,,357.1875,894.375,,0.77061117,380.625,1044.375,,0.88594806,343.125,1194.375,,0.8459799,413.4375,1217.8125,,0.68397343,right,157.08309738155327,1
804,13.413400000000001,167.2818660736084,,,,,,,,,,,,,,,,,,,,357.1875,894.375,,0.76742816,380.625,1044.375,,0.8827908,343.125,1194.375,,0.84497595,413.4375,1222.5,,0.69761395,right,157.08309738155327,1
805,13.430083333333334,168.73431205749512,,,,,,,,,,,,,,,,,,,,361.875,894.375,,0.77231896,380.625,1044.375,,0.8881532,343.125,1194.375,,0.8405005,418.125,1222.5,,0.72010744,right,158.83874018317172,1
806,13.446766666666667,168.5171127319336,,,,,,,,,,,,,,,,,,,,357.1875,894.375,,0.77950025,380.625,1044.375,,0.8941097,343.125,1194.375,,0.84683084,418.125,1222.5,,0.7289006,right,157.08309738155327,1
807,13.46345,158.05482864379883,,,,,,,,,,,,,,,,,,,,361.875,894.375,,0.79045975,380.625,1044.375,,0.90377456,343.125,1194.375,,0.8486656,418.125,1222.5,,0.7396461,right,158.83874018317172,1
808,13.480133333333333,160.0959300994873,,,,,,,,,,,,,,,,,,,,361.875,889.6875,,0.7872015,380.625,1044.375,,0.9115511,343.125,1194.375,,0.8563845,413.4375,1222.5,,0.75576407,right,159.05252941304886,1
809,13.496816666666668,195.18280029296875,,,,,,,,,,,,,,,,,,,,361.875,889.6875,,0.7827146,380.625,1044.375,,0.90460455,343.125,1194.375,,0.8554786,418.125,1222.5,,0.75497687,right,159.05252941304886,1
810,13.5135,173.92683029174805,,,,,,,,,,,,,,,,,,,,361.875,889.6875,,0.7831919,380.625,1044.375,,0.9019029,343.125,1194.375,,0.8553323,418.125,1222.5,,0.74674976,right,159.05252941304886,1
811,13.530183333333333,149.98412132263184,,,,,,,,,,,,,,,,,,,,366.5625,889.6875,,0.786499,380.625,1044.375,,0.90525913,343.125,1194.375,,0.8665458,418.125,1217.8125,,0.7688122,right,160.76932762433876,1
812,13.546866666666666,163.48814964294434,,,,,,,,,,,,,,,,,,,,366.5625,889.6875,,0.7869079,375.9375,1044.375,,0.8977343,343.125,1194.375,,0.8551534,422.8125,1217.8125,,0.73965603,right,164.19268346275666,1
813,13.563550000000001,152.74620056152344,,,,,,,,,,,,,,,,,,,,366.5625,889.6875,,0.78512,380.625,1044.375,,0.8969806,343.125,1194.375,,0.85065746,422.8125,1217.8125,,0.7376456,right,160.76932762433876,1
814,13.580233333333334,170.42303085327148,,,,,,,,,,,,,,,,,,,,366.5625,889.6875,,0.7801379,375.9375,1044.375,,0.8991683,343.125,1194.375,,0.8560528,418.125,1217.8125,,0.7352179,right,164.19268346275666,1
815,13.596916666666667,168.7932014465332,,,,,,,,,,,,,,,,,,,,361.875,889.6875,,0.7833544,375.9375,1044.375,,0.908373,343.125,1194.375,,0.87093234,422.8125,1217.8125,,0.75699127,right,162.46648381393902,1
816,13.6136,161.0119342803955,,,,,,,,,,,,,,,,,,,,361.875,889.6875,,0.78500336,375.9375,1044.375,,0.9080261,343.125,1194.375,,0.87197256,422.8125,1217.8125,,0.7626834,right,162.46648381393902,1
817,13.630283333333333,172.7159023284912,,,,,,,,,,,,,,,,,,,,361.875,885.0,,0.79175496,375.9375,1039.6875,,0.91625524,343.125,1189.6875,,0.88208383,418.125,1217.8125,,0.7778485,right,162.46648381393902,1
818,13.646966666666668,171.4951992034912,,,,,,,,,,,,,,,,,,,,361.875,885.0,,0.793419,375.9375,1039.6875,,0.91805965,343.125,1189.6875,,0.88041806,418.125,1217.8125,,0.77028203,right,162.46648381393902,1
819,13.66365,171.37479782104492,,,,,,,,,,,,,,,,,,,,361.875,885.0,,0.7981242,375.9375,1039.6875,,0.9216976,343.125,1189.6875,,0.8816843,422.8125,1217.8125,,0.773332,right,162.46648381393902,1
820,13.680333333333333,172.00279235839844,,,,,,,,,,,,,,,,,,,,361.875,880.3125,,0.7884754,375.9375,1039.6875,,0.91116375,343.125,1189.6875,,0.86694247,418.125,1217.8125,,0.74833244,right,162.6184616525029,1
821,13.697016666666666,172.15490341186523,,,,,,,,,,,,,,,,,,,,361.875,880.3125,,0.795452,375.9375,1039.6875,,0.91571194,343.125,1189.6875,,0.8730827,418.125,1217.8125,,0.7562537,right,162.6184616525029,1
822,13.713700000000001,149.6262550354004,,,,,,,,,,,,,,,,,,,,361.875,880.3125,,0.78795713,371.25,1039.6875,,0.9066202,343.125,1185.0,,0.8662599,413.4375,1217.8125,,0.7350705,right,165.67947669317184,1
823,13.730383333333334,170.6850528717041,,,,,,,,,,,,,,,,,,,,361.875,880.3125,,0.7736035,371.25,1039.6875,,0.8947938,338.4375,1185.0,,0.84942865,408.75,1217.8125,,0.7127289,right,163.90918365114777,1
824,13.747066666666667,166.8238639831543,,,,,,,,,,,,,,,,,,,,361.875,885.0,,0.7754853,371.25,1039.6875,,0.9011843,338.4375,1185.0,,0.85620415,404.0625,1213.125,,0.7189165,right,163.8074150556604,1
825,13.76375,174.80134963989258,,,,,,,,,,,,,,,,,,,,361.875,885.0,,0.7766737,371.25,1039.6875,,0.90492857,338.4375,1185.0,,0.86200285,404.0625,1213.125,,0.72588503,right,163.8074150556604,1
826,13.780433333333333,172.38092422485352,,,,,,,,,,,,,,,,,,,,357.1875,880.3125,,0.7673645,371.25,1039.6875,,0.91116875,338.4375,1180.3125,,0.84617764,399.375,1217.8125,,0.72848594,right,161.82352662443276,1
827,13.797116666666668,172.81699180603027,,,,,,,,,,,,,,,,,,,,361.875,885.0,,0.768316,371.25,1039.6875,,0.9050592,338.4375,1180.3125,,0.8430519,399.375,1217.8125,,0.70838857,right,163.39774843468646,1
828,13.8138,172.09720611572266,,,,,,,,,,,,,,,,,,,,361.875,885.0,,0.77094114,371.25,1039.6875,,0.9074466,338.4375,1185.0,,0.8587935,404.0625,1217.8125,,0.72773397,right,163.8074150556604,1
829,13.830483333333333,173.28476905822754,,,,,,,,,,,,,,,,,,,,361.875,885.0,,0.7680338,371.25,1039.6875,,0.9005052,338.4375,1180.3125,,0.8507222,404.0625,1217.8125,,0.7208642,right,163.39774843468646,1
830,13.847166666666666,174.5309829711914,,,,,,,,,,,,,,,,,,,,361.875,885.0,,0.77168775,371.25,1039.6875,,0.90248823,343.125,1185.0,,0.85288936,404.0625,1217.8125,,0.73251593,right,165.57770809768454,1
831,13.863850000000001,162.98508644104004,,,,,,,,,,,,,,,,,,,,361.875,885.0,,0.7739402,371.25,1039.6875,,0.9042752,343.125,1185.0,,0.8608012,408.75,1213.125,,0.7482958,right,165.57770809768454,1
832,13.880533333333334,174.61109161376953,,,,,,,,,,,,,,,,,,,,361.875,885.0,,0.7742467,371.25,1039.6875,,0.9066773,343.125,1180.3125,,0.86393565,404.0625,1213.125,,0.75274193,right,165.22183826706254,1
833,13.897216666666667,175.20809173583984,,,,,,,,,,,,,,,,,,,,366.5625,885.0,,0.78239363,371.25,1039.6875,,0.9112034,343.125,1185.0,,0.8598088,408.75,1213.125,,0.76688087,right,167.3102327676732,1
834,13.9139,176.33414268493652,,,,,,,,,,,,,,,,,,,,366.5625,885.0,,0.78874886,371.25,1039.6875,,0.9199375,347.8125,1185.0,,0.8695408,413.4375,1213.125,,0.788077,right,169.1019483653499,1
835,13.930583333333333,173.97403717041016,,,,,,,,,,,,,,,,,,,,366.5625,885.0,,0.79423296,371.25,1039.6875,,0.9222654,347.8125,1185.0,,0.8704577,413.4375,1213.125,,0.7928571,right,169.1019483653499,1
836,13.947266666666668,163.93709182739258,,,,,,,,,,,,,,,,,,,,366.5625,885.0,,0.80070436,371.25,1039.6875,,0.92821825,347.8125,1185.0,,0.8770403,413.4375,1213.125,,0.8019126,right,169.1019483653499,1
837,13.96395,175.45700073242188,,,,,,,,,,,,,,,,,,,,366.5625,885.0,,0.80013645,371.25,1039.6875,,0.92555594,343.125,1185.0,,0.87450826,413.4375,1213.125,,0.7963829,right,167.3102327676732,1
838,13.980633333333333,175.75502395629883,,,,,,,,,,,,,,,,,,,,366.5625,880.3125,,0.7994436,371.25,1039.6875,,0.928087,343.125,1185.0,,0.8766439,413.4375,1213.125,,0.8036994,right,167.36125303870537,1
839,13.997316666666666,176.34105682373047,,,,,,,,,,,,,,,,,,,,366.5625,885.0,,0.8006898,375.9375,1039.6875,,0.9209236,343.125,1185.0,,0.86542195,413.4375,1213.125,,0.7789357,right,163.8074150556604,1
840,14.014000000000001,175.17375946044922,,,,,,,,,,,,,,,,,,,,366.5625,880.3125,,0.79983914,371.25,1039.6875,,0.9235982,343.125,1189.6875,,0.87501585,413.4375,1213.125,,0.7924064,right,167.69566040594853,1
841,14.030683333333334,175.1868724822998,,,,,,,,,,,,,,,,,,,,366.5625,885.0,,0.8041161,375.9375,1039.6875,,0.9251853,343.125,1189.6875,,0.8710059,418.125,1213.125,,0.79471856,right,164.19268346275666,1
842,14.047366666666667,175.1260757446289,,,,,,,,,,,,,,,,,,,,366.5625,880.3125,,0.80048776,375.9375,1039.6875,,0.9286336,343.125,1185.0,,0.87769186,418.125,1213.125,,0.8123931,right,163.90918365114777,1
843,14.06405,174.78179931640625,,,,,,,,,,,,,,,,,,,,366.5625,880.3125,,0.79617655,375.9375,1039.6875,,0.9204852,343.125,1185.0,,0.86680996,413.4375,1213.125,,0.7866969,right,163.90918365114777,1
844,14.080733333333333,174.45993423461914,,,,,,,,,,,,,,,,,,,,366.5625,880.3125,,0.79580724,375.9375,1039.6875,,0.9178252,343.125,1185.0,,0.8606254,413.4375,1213.125,,0.7745229,right,163.90918365114777,1
845,14.097416666666668,164.5338535308838,,,,,,,,,,,,,,,,,,,,366.5625,880.3125,,0.7925651,375.9375,1039.6875,,0.91496634,343.125,1185.0,,0.8557646,413.4375,1213.125,,0.77953386,right,163.90918365114777,1
846,14.1141,174.89886283874512,,,,,,,,,,,,,,,,,,,,366.5625,880.3125,,0.7907771,375.9375,1039.6875,,0.91663355,343.125,1185.0,,0.85474944,413.4375,1213.125,,0.774546,right,163.90918365114777,1
847,14.130783333333333,175.2798557281494,,,,,,,,,,,,,,,,,,,,366.5625,880.3125,,0.79358834,375.9375,1039.6875,,0.91749793,343.125,1185.0,,0.8533505,413.4375,1213.125,,0.767599,right,163.90918365114777,1
848,14.147466666666666,174.81708526611328,,,,,,,,,,,,,,,,,,,,366.5625,880.3125,,0.7923095,375.9375,1039.6875,,0.91936684,343.125,1185.0,,0.85746515,413.4375,1213.125,,0.7700698,right,163.90918365114777,1
849,14.164150000000001,174.64303970336914,,,,,,,,,,,,,,,,,,,,366.5625,880.3125,,0.7885089,375.9375,1039.6875,,0.908278,343.125,1180.3125,,0.8415085,413.4375,1213.125,,0.7562445,right,163.4995170301738,1
850,14.180833333333334,164.05010223388672,,,,,,,,,,,,,,,,,,,,366.5625,880.3125,,0.78874314,375.9375,1039.6875,,0.9120122,343.125,1180.3125,,0.8450011,413.4375,1213.125,,0.76109624,right,163.4995170301738,1
851,14.197516666666667,174.60298538208008,,,,,,,,,,,,,,,,,,,,366.5625,880.3125,,0.7808167,375.9375,1035.0,,0.90640056,343.125,1180.3125,,0.8411122,408.75,1213.125,,0.75214875,right,163.8074150556604,1
852,14.2142,174.8659610748291,,,,,,,,,,,,,,,,,,,,366.5625,880.3125,,0.7787027,375.9375,1035.0,,0.90279484,343.125,1180.3125,,0.83603305,408.75,1213.125,,0.74549425,right,163.8074150556604,1
853,14.230883333333333,174.49498176574707,,,,,,,,,,,,,,,,,,,,366.5625,880.3125,,0.7793133,375.9375,1035.0,,0.9081489,343.125,1180.3125,,0.8412744,408.75,1213.125,,0.7519957,right,163.8074150556604,1
854,14.247566666666668,174.91602897644043,,,,,,,,,,,,,,,,,,,,366.5625,880.3125,,0.781723,380.625,1035.0,,0.9068221,343.125,1180.3125,,0.83539814,408.75,1213.125,,0.74789846,right,160.33527699219928,1
855,14.26425,164.44921493530273,,,,,,,,,,,,,,,,,,,,366.5625,880.3125,,0.7785598,380.625,1035.0,,0.90165824,343.125,1175.625,,0.8264353,408.75,1213.125,,0.73646665,right,159.8741539141276,1
856,14.280933333333333,169.0969467163086,,,,,,,,,,,,,,,,,,,,366.5625,880.3125,,0.78116953,380.625,1035.0,,0.9057797,343.125,1175.625,,0.83130527,408.75,1213.125,,0.74655616,right,159.8741539141276,1
857,14.297616666666666,175.29797554016113,,,,,,,,,,,,,,,,,,,,366.5625,880.3125,,0.7805029,380.625,1035.0,,0.90456563,343.125,1180.3125,,0.8327837,408.75,1213.125,,0.7490952,right,160.33527699219928,1
858,14.314300000000001,175.4131317138672,,,,,,,,,,,,,,,,,,,,366.5625,880.3125,,0.7785649,380.625,1035.0,,0.9052557,343.125,1180.3125,,0.8337175,404.0625,1213.125,,0.75210476,right,160.33527699219928,1
859,14.330983333333334,175.4612922668457,,,,,,,,,,,,,,,,,,,,366.5625,880.3125,,0.7792715,380.625,1035.0,,0.90086997,343.125,1180.3125,,0.82487196,404.0625,1213.125,,0.73878884,right,160.33527699219928,1
860,14.347666666666667,175.15325546264648,,,,,,,,,,,,,,,,,,,,366.5625,880.3125,,0.7784424,380.625,1035.0,,0.89909625,343.125,1175.625,,0.8170328,404.0625,1213.125,,0.7220013,right,159.8741539141276,1
861,14.36435,175.7829189300537,,,,,,,,,,,,,,,,,,,,366.5625,880.3125,,0.77960986,380.625,1035.0,,0.8981626,343.125,1175.625,,0.8191675,404.0625,1213.125,,0.72744334,right,159.8741539141276,1
862,14.381033333333333,161.00716590881348,,,,,,,,,,,,,,,,,,,,366.5625,880.3125,,0.78330636,380.625,1035.0,,0.90620977,343.125,1180.3125,,0.82518625,404.0625,1213.125,,0.7334826,right,160.33527699219928,1
863,14.397716666666668,162.57810592651367,,,,,,,,,,,,,,,,,,,,366.5625,880.3125,,0.7890947,375.9375,1035.0,,0.9156002,343.125,1180.3125,,0.8297746,404.0625,1213.125,,0.7407395,right,163.8074150556604,1
864,14.4144,184.22293663024902,,,,,,,,,,,,,,,,,,,,366.5625,880.3125,,0.78253925,375.9375,1035.0,,0.91001695,343.125,1180.3125,,0.8227284,404.0625,1213.125,,0.7284603,right,163.8074150556604,1
865,14.431083333333333,167.2661304473877,,,,,,,,,,,,,,,,,,,,366.5625,880.3125,,0.7801975,375.9375,1039.6875,,0.9044639,343.125,1180.3125,,0.816749,404.0625,1213.125,,0.7255435,right,163.4995170301738,1
866,14.447766666666666,168.7610149383545,,,,,,,,,,,,,,,,,,,,361.875,880.3125,,0.77528596,375.9375,1035.0,,0.9039279,343.125,1180.3125,,0.81786156,404.0625,1213.125,,0.7177663,right,162.0812154068428,1
867,14.464450000000001,157.34505653381348,,,,,,,,,,,,,,,,,,,,366.5625,880.3125,,0.7766675,375.9375,1039.6875,,0.90362823,343.125,1180.3125,,0.8163233,404.0625,1213.125,,0.71040434,right,163.4995170301738,1
868,14.481133333333334,156.27193450927734,,,,,,,,,,,,,,,,,,,,366.5625,880.3125,,0.78448385,375.9375,1035.0,,0.9086672,343.125,1180.3125,,0.82485723,404.0625,1213.125,,0.7158931,right,163.8074150556604,1
869,14.497816666666667,164.7777557373047,,,,,,,,,,,,,,,,,,,,366.5625,880.3125,,0.7822153,375.9375,1035.0,,0.90648824,343.125,1180.3125,,0.82409644,404.0625,1213.125,,0.71099746,right,163.8074150556604,1
870,14.5145,163.01321983337402,,,,,,,,,,,,,,,,,,,,361.875,880.3125,,0.79591954,375.9375,1035.0,,0.9235815,343.125,1180.3125,,0.85035014,408.75,1213.125,,0.75508213,right,162.0812154068428,1
871,14.531183333333333,171.85521125793457,,,,,,,,,,,,,,,,,,,,366.5625,880.3125,,0.7956841,380.625,1035.0,,0.918202,343.125,1180.3125,,0.8452399,408.75,1213.125,,0.7590296,right,160.33527699219928,1
872,14.547866666666668,170.17483711242676,,,,,,,,,,,,,,,,,,,,366.5625,880.3125,,0.7947512,380.625,1039.6875,,0.91347116,343.125,1180.3125,,0.836409,408.75,1213.125,,0.7458137,right,160.0261317526915,1
873,14.56455,169.7399616241455,,,,,,,,,,,,,,,,,,,,366.5625,880.3125,,0.7944637,380.625,1039.6875,,0.91424334,343.125,1180.3125,,0.84305584,413.4375,1213.125,,0.7593938,right,160.0261317526915,1
874,14.581233333333333,168.72811317443848,,,,,,,,,,,,,,,,,,,,366.5625,880.3125,,0.799972,380.625,1035.0,,0.9261234,343.125,1180.3125,,0.8569064,413.4375,1213.125,,0.7831659,right,160.33527699219928,1
875,14.597916666666666,168.7910556793213,,,,,,,,,,,,,,,,,,,,366.5625,880.3125,,0.7945565,380.625,1035.0,,0.9192283,343.125,1180.3125,,0.84427094,413.4375,1213.125,,0.7678931,right,160.33527699219928,1
876,14.614600000000001,168.73979568481445,,,,,,,,,,,,,,,,,,,,366.5625,880.3125,,0.7967154,385.3125,1035.0,,0.92116165,343.125,1180.3125,,0.84703505,413.4375,1213.125,,0.76911867,right,156.89956662394832,1
877,14.631283333333334,169.07787322998047,,,,,,,,,,,,,,,,,,,,366.5625,880.3125,,0.79553646,385.3125,1035.0,,0.922045,343.125,1180.3125,,0.84574497,413.4375,1213.125,,0.77036226,right,156.89956662394832,1
878,14.647966666666667,168.4880256652832,,,,,,,,,,,,,,,,,,,,361.875,880.3125,,0.80025697,385.3125,1035.0,,0.9373097,343.125,1185.0,,0.8674964,413.4375,1213.125,,0.7948308,right,155.6757139868201,1
879,14.66465,157.4411392211914,,,,,,,,,,,,,,,,,,,,361.875,880.3125,,0.80415595,385.3125,1035.0,,0.9391043,343.125,1185.0,,0.8693007,413.4375,1213.125,,0.7930821,right,155.6757139868201,1
880,14.681333333333333,169.1749095916748,,,,,,,,,,,,,,,,,,,,366.5625,880.3125,,0.79667914,385.3125,1035.0,,0.93289655,343.125,1185.0,,0.8604554,413.4375,1213.125,,0.7842223,right,157.38013505195954,1
881,14.698016666666668,168.3812141418457,,,,,,,,,,,,,,,,,,,,366.5625,880.3125,,0.80519366,385.3125,1035.0,,0.9406731,343.125,1185.0,,0.87383187,413.4375,1213.125,,0.80360603,right,157.38013505195954,1
882,14.7147,167.96302795410156,,,,,,,,,,,,,,,,,,,,361.875,880.3125,,0.80670893,385.3125,1035.0,,0.94589305,343.125,1185.0,,0.8828494,413.4375,1213.125,,0.8083801,right,155.6757139868201,1
883,14.731383333333333,168.66111755371094,,,,,,,,,,,,,,,,,,,,361.875,880.3125,,0.80528885,385.3125,1035.0,,0.9456705,343.125,1185.0,,0.882255,413.4375,1213.125,,0.8148248,right,155.6757139868201,1
884,14.748066666666666,169.07215118408203,,,,,,,,,,,,,,,,,,,,361.875,880.3125,,0.7997502,385.3125,1035.0,,0.93915594,343.125,1185.0,,0.8733134,413.4375,1213.125,,0.7984341,right,155.6757139868201,1
885,14.764750000000001,167.74916648864746,,,,,,,,,,,,,,,,,,,,361.875,880.3125,,0.7945044,385.3125,1035.0,,0.9382708,343.125,1185.0,,0.8821924,413.4375,1213.125,,0.8298275,right,155.6757139868201,1
886,14.781433333333334,162.48607635498047,,,,,,,,,,,,,,,,,,,,361.875,880.3125,,0.8006368,390.0,1035.0,,0.94180226,343.125,1185.0,,0.8825802,413.4375,1213.125,,0.8347604,right,152.34112889497266,1
887,14.798116666666667,169.21186447143555,,,,,,,,,,,,,,,,,,,,366.5625,880.3125,,0.7989907,390.0,1035.0,,0.9374771,343.125,1180.3125,,0.87348217,413.4375,1213.125,,0.83043814,right,153.5056552199945,1
888,14.8148,169.84319686889648,,,,,,,,,,,,,,,,,,,,366.5625,880.3125,,0.7998397,390.0,1035.0,,0.9399426,343.125,1180.3125,,0.8745369,413.4375,1213.125,,0.8266964,right,153.5056552199945,1
889,14.831483333333333,159.55615043640137,,,,,,,,,,,,,,,,,,,,361.875,880.3125,,0.79475653,390.0,1035.0,,0.9383764,343.125,1185.0,,0.87398934,413.4375,1213.125,,0.8174025,right,152.34112889497266,1
890,14.848166666666668,168.5810089111328,,,,,,,,,,,,,,,,,,,,361.875,885.0,,0.7935226,390.0,1035.0,,0.9361154,343.125,1180.3125,,0.8638717,413.4375,1208.4375,,0.78779167,right,151.50164812800347,1
891,14.86485,156.2492847442627,,,,,,,,,,,,,,,,,,,,361.875,880.3125,,0.7931825,390.0,1035.0,,0.93690324,343.125,1180.3125,,0.87127876,413.4375,1213.125,,0.7933111,right,151.81645693539264,1
892,14.881533333333334,167.95969009399414,,,,,,,,,,,,,,,,,,,,361.875,885.0,,0.7896005,390.0,1035.0,,0.93564177,343.125,1185.0,,0.8695481,413.4375,1213.125,,0.7849418,right,152.02632008758354,1
893,14.898216666666666,168.50566864013672,,,,,,,,,,,,,,,,,,,,361.875,880.3125,,0.7942368,390.0,1035.0,,0.94167453,343.125,1185.0,,0.8790449,413.4375,1208.4375,,0.7907003,right,152.34112889497266,1
894,14.9149,168.47896575927734,,,,,,,,,,,,,,,,,,,,361.875,885.0,,0.7887406,385.3125,1035.0,,0.9357875,343.125,1185.0,,0.8752606,413.4375,1208.4375,,0.7737795,right,155.41070302046404,1
895,14.931583333333334,157.85908699035645,,,,,,,,,,,,,,,,,,,,361.875,885.0,,0.7929462,385.3125,1035.0,,0.9399711,343.125,1185.0,,0.8806901,413.4375,1208.4375,,0.77653396,right,155.41070302046404,1
896,14.948266666666667,167.9680347442627,,,,,,,,,,,,,,,,,,,,361.875,885.0,,0.78982794,385.3125,1039.6875,,0.93800294,343.125,1185.0,,0.88050854,408.75,1208.4375,,0.7592791,right,155.19514555880892,1
897,14.96495,170.1831817626953,,,,,,,,,,,,,,,,,,,,361.875,885.0,,0.78773034,385.3125,1039.6875,,0.9311741,343.125,1180.3125,,0.8652588,404.0625,1208.4375,,0.7374397,right,154.68510758184223,1
898,14.981633333333333,168.9622402191162,,,,,,,,,,,,,,,,,,,,361.875,885.0,,0.78180087,380.625,1039.6875,,0.9206713,343.125,1180.3125,,0.8561851,404.0625,1208.4375,,0.71963847,right,158.15735570283766,1
899,14.998316666666668,168.95413398742676,,,,,,,,,,,,,,,,,,,,361.875,889.6875,,0.7765647,380.625,1044.375,,0.9123044,343.125,1180.3125,,0.8451457,404.0625,1208.4375,,0.7013128,right,157.66661156223662,1
900,15.015,147.61900901794434,,,,,,,,,,,,,,,,,,,,361.875,889.6875,,0.77417684,380.625,1039.6875,,0.9181274,343.125,1180.3125,,0.85534513,408.75,1208.4375,,0.70907366,right,157.94356647296067,1
901,15.031683333333334,170.05014419555664,,,,,,,,,,,,,,,,,,,,357.1875,889.6875,,0.7791945,380.625,1044.375,,0.9248417,343.125,1185.0,,0.8672663,408.75,1208.4375,,0.7240986,right,156.4529346376983,1
902,15.048366666666666,168.10297966003418,,,,,,,,,,,,,,,,,,,,357.1875,889.6875,,0.78381777,380.625,1044.375,,0.9218653,343.125,1185.0,,0.86391044,408.75,1208.4375,,0.71546865,right,156.4529346376983,1
903,15.06505,164.0019416809082,,,,,,,,,,,,,,,,,,,,357.1875,889.6875,,0.78240806,380.625,1044.375,,0.91717833,343.125,1185.0,,0.856766,404.0625,1208.4375,,0.7027086,right,156.4529346376983,1
904,15.081733333333334,173.19989204406738,,,,,,,,,,,,,,,,,,,,357.1875,889.6875,,0.78782654,380.625,1044.375,,0.91974485,343.125,1185.0,,0.86683345,404.0625,1208.4375,,0.7092969,right,156.4529346376983,1
905,15.098416666666667,168.94793510437012,,,,,,,,,,,,,,,,,,,,357.1875,889.6875,,0.7957853,380.625,1044.375,,0.9290158,343.125,1185.0,,0.8790998,408.75,1208.4375,,0.7281519,right,156.4529346376983,1
906,15.1151,169.89588737487793,,,,,,,,,,,,,,,,,,,,357.1875,889.6875,,0.8016988,380.625,1044.375,,0.93468857,343.125,1185.0,,0.8864821,408.75,1208.4375,,0.74537635,right,156.4529346376983,1
907,15.131783333333333,169.050931930542,,,,,,,,,,,,,,,,,,,,357.1875,889.6875,,0.79808265,385.3125,1044.375,,0.9263575,343.125,1185.0,,0.8743284,408.75,1208.4375,,0.71914077,right,152.99590929724036,1
908,15.148466666666668,168.56002807617188,,,,,,,,,,,,,,,,,,,,357.1875,889.6875,,0.79474163,385.3125,1044.375,,0.9232834,343.125,1185.0,,0.87318254,408.75,1208.4375,,0.7208444,right,152.99590929724036,1
909,15.16515,171.6327667236328,,,,,,,,,,,,,,,,,,,,357.1875,889.6875,,0.79614717,385.3125,1044.375,,0.9281397,343.125,1185.0,,0.8809655,408.75,1208.4375,,0.7299457,right,152.99590929724036,1
910,15.181833333333334,171.46778106689453,,,,,,,,,,,,,,,,,,,,357.1875,889.6875,,0.7913414,385.3125,1044.375,,0.9229178,343.125,1189.6875,,0.87300694,404.0625,1208.4375,,0.7141158,right,153.50594727420705,1
911,15.198516666666666,171.30088806152344,,,,,,,,,,,,,,,,,,,,357.1875,889.6875,,0.7901913,385.3125,1044.375,,0.9184654,338.4375,1185.0,,0.8671863,404.0625,1208.4375,,0.70566964,right,151.26020470831193,1
912,15.2152,170.84097862243652,,,,,,,,,,,,,,,,,,,,357.1875,889.6875,,0.7874574,385.3125,1044.375,,0.9189195,338.4375,1189.6875,,0.8673424,399.375,1208.4375,,0.69339675,right,151.81645693539264,1
913,15.231883333333334,175.97103118896484,,,,,,,,,,,,,,,,,,,,357.1875,889.6875,,0.78286093,385.3125,1044.375,,0.9137609,338.4375,1185.0,,0.85892653,399.375,1208.4375,,0.69032174,right,151.26020470831193,1
914,15.248566666666667,150.7127285003662,,,,,,,,,,,,,,,,,,,,357.1875,889.6875,,0.78917253,385.3125,1044.375,,0.92059934,338.4375,1185.0,,0.86155206,399.375,1208.4375,,0.69736075,right,151.26020470831193,1
915,15.26525,158.613920211792,,,,,,,,,,,,,,,,,,,,357.1875,889.6875,,0.78789353,385.3125,1044.375,,0.91848636,338.4375,1185.0,,0.86124814,399.375,1208.4375,,0.70158124,right,151.26020470831193,1
916,15.281933333333333,157.37414360046387,,,,,,,,,,,,,,,,,,,,357.1875,889.6875,,0.7861631,385.3125,1044.375,,0.9133934,338.4375,1185.0,,0.85304093,399.375,1208.4375,,0.68963075,right,151.26020470831193,1
917,15.298616666666668,165.29417037963867,,,,,,,,,,,,,,,,,,,,357.1875,889.6875,,0.7887099,385.3125,1044.375,,0.9185146,338.4375,1185.0,,0.8554864,399.375,1208.4375,,0.693872,right,151.26020470831193,1
918,15.3153,165.12584686279297,,,,,,,,,,,,,,,,,,,,357.1875,889.6875,,0.7861873,390.0,1044.375,,0.9151081,343.125,1185.0,,0.8605644,399.375,1208.4375,,0.7002394,right,149.58891873287465,1
919,15.331983333333334,168.85709762573242,,,,,,,,,,,,,,,,,,,,357.1875,889.6875,,0.7781199,390.0,1044.375,,0.9026037,343.125,1189.6875,,0.84689176,404.0625,1208.4375,,0.6867213,right,150.1451709599553,1
920,15.348666666666666,167.54388809204102,,,,,,,,,,,,,,,,,,,,357.1875,889.6875,,0.78513336,390.0,1044.375,,0.916162,343.125,1189.6875,,0.858904,404.0625,1208.4375,,0.69266355,right,150.1451709599553,1
921,15.36535,169.9221134185791,,,,,,,,,,,,,,,,,,,,357.1875,889.6875,,0.77822244,390.0,1044.375,,0.90664625,343.125,1189.6875,,0.848729,404.0625,1208.4375,,0.6831547,right,150.1451709599553,1
922,15.382033333333334,169.49176788330078,,,,,,,,,,,,,,,,,,,,357.1875,889.6875,,0.7917591,390.0,1044.375,,0.9216968,343.125,1189.6875,,0.8659357,404.0625,1213.125,,0.7069551,right,150.1451709599553,1
923,15.398716666666667,168.73407363891602,,,,,,,,,,,,,,,,,,,,357.1875,889.6875,,0.78412664,390.0,1044.375,,0.91233236,343.125,1189.6875,,0.8494055,404.0625,1213.125,,0.68609285,right,150.1451709599553,1
924,15.4154,168.9281463623047,,,,,,,,,,,,,,,,,,,,352.5,889.6875,,0.7884822,390.0,1044.375,,0.9200584,343.125,1189.6875,,0.8568116,408.75,1213.125,,0.68868756,right,148.49430854426714,1
925,15.432083333333333,161.09395027160645,,,,,,,,,,,,,,,,,,,,352.5,889.6875,,0.782962,385.3125,1044.375,,0.91141045,343.125,1189.6875,,0.8370122,404.0625,1213.125,,0.6662117,right,151.83466129876973,1
926,15.448766666666668,168.4730052947998,,,,,,,,,,,,,,,,,,,,357.1875,894.375,,0.7797685,390.0,1044.375,,0.9075247,343.125,1189.6875,,0.8364231,404.0625,1213.125,,0.6600474,right,149.78221612583243,1
927,15.46545,169.0208911895752,,,,,,,,,,,,,,,,,,,,357.1875,894.375,,0.7757164,390.0,1044.375,,0.9023875,343.125,1185.0,,0.8307296,404.0625,1213.125,,0.6477885,right,149.2259638987518,1
928,15.482133333333334,169.21377182006836,,,,,,,,,,,,,,,,,,,,357.1875,894.375,,0.7833278,390.0,1044.375,,0.9112127,343.125,1185.0,,0.8452272,404.0625,1213.125,,0.666995,right,149.2259638987518,1
929,15.498816666666666,168.5941219329834,,,,,,,,,,,,,,,,,,,,357.1875,894.375,,0.77817273,394.6875,1044.375,,0.8989651,343.125,1185.0,,0.83005,408.75,1213.125,,0.6544153,right,145.8274531038254,1
930,15.5155,152.5897979736328,,,,,,,,,,,,,,,,,,,,352.5,894.375,,0.7867309,394.6875,1039.6875,,0.9062679,338.4375,1180.3125,,0.8435298,413.4375,1213.125,,0.6848718,right,142.00938425662125,1
931,15.532183333333334,154.30784225463867,,,,,,,,,,,,,,,,,,,,352.5,899.0625,,0.7915374,399.375,1039.6875,,0.90949327,338.4375,1185.0,,0.84393305,418.125,1213.125,,0.68616176,right,138.81407483429035,1
932,15.548866666666667,153.87225151062012,,,,,,,,,,,,,,,,,,,,352.5,899.0625,,0.78959763,399.375,1039.6875,,0.9022158,338.4375,1180.3125,,0.81525695,418.125,1213.125,,0.6553885,right,138.13635836833257,1
933,15.56555,168.11895370483398,,,,,,,,,,,,,,,,,,,,352.5,899.0625,,0.7938442,399.375,1044.375,,0.91412526,338.4375,1180.3125,,0.82210225,418.125,1213.125,,0.66661227,right,137.97576144373696,1
934,15.582233333333333,174.58486557006836,,,,,,,,,,,,,,,,,,,,352.5,899.0625,,0.7936942,399.375,1039.6875,,0.91042423,338.4375,1180.3125,,0.8119381,418.125,1213.125,,0.65543807,right,138.13635836833257,1
935,15.598916666666668,172.32894897460938,,,,,,,,,,,,,,,,,,,,352.5,899.0625,,0.7918539,399.375,1039.6875,,0.9089354,338.4375,1175.625,,0.802261,418.125,1213.125,,0.64483964,right,137.4195092166563,1
936,15.6156,161.3459587097168,,,,,,,,,,,,,,,,,,,,352.5,899.0625,,0.79085755,399.375,1039.6875,,0.9080527,338.4375,1175.625,,0.80801284,418.125,1213.125,,0.6541827,right,137.4195092166563,1
937,15.632283333333334,167.0510768890381,,,,,,,,,,,,,,,,,,,,352.5,899.0625,,0.78193474,399.375,1044.375,,0.8978005,333.75,1170.9375,,0.765162,413.4375,1213.125,,0.6179123,right,134.7137279663403,1
938,15.648966666666666,166.5940284729004,,,,,,,,,,,,,,,,,,,,352.5,899.0625,,0.7910385,399.375,1044.375,,0.91069114,333.75,1175.625,,0.77426636,413.4375,1213.125,,0.6256478,right,135.55625222708065,1
939,15.66565,167.92011260986328,,,,,,,,,,,,,,,,,,,,352.5,899.0625,,0.79379064,399.375,1044.375,,0.9124378,333.75,1170.9375,,0.7710659,413.4375,1213.125,,0.60735434,right,134.7137279663403,1
940,15.682333333333334,167.2821044921875,,,,,,,,,,,,,,,,,,,,352.5,899.0625,,0.7887165,399.375,1044.375,,0.9064318,333.75,1170.9375,,0.76206744,413.4375,1213.125,,0.59855366,right,134.7137279663403,1
941,15.699016666666667,170.1812744140625,,,,,,,,,,,,,,,,,,,,352.5,899.0625,,0.78606784,399.375,1044.375,,0.901455,333.75,1166.25,,0.7459371,408.75,1213.125,,0.5797039,right,133.8205476381523,1
942,15.7157,158.095121383667,,,,,,,,,,,,,,,,,,,,352.5,899.0625,,0.7856901,399.375,1044.375,,0.9001101,333.75,1166.25,,0.74231076,408.75,1213.125,,0.57247865,right,133.8205476381523,1
943,15.732383333333333,169.8288917541504,,,,,,,,,,,,,,,,,,,,352.5,899.0625,,0.7814411,399.375,1044.375,,0.8970118,333.75,1166.25,,0.74104726,413.4375,1213.125,,0.57643795,right,133.8205476381523,1
944,15.749066666666668,171.05484008789062,,,,,,,,,,,,,,,,,,,,347.8125,894.375,,0.7871249,394.6875,1044.375,,0.8902364,324.375,1161.5625,,0.7311542,390.0,1213.125,,0.585019,right,131.68221883166518,0
945,15.76575,171.5080738067627,,,,,,,,,,,,,,,,,,,,352.5,894.375,,0.78474,394.6875,1044.375,,0.8926039,333.75,1170.9375,,0.74166447,404.0625,1213.125,,0.5874661,right,138.58140839017298,1
946,15.782433333333334,170.34506797790527,,,,,,,,,,,,,,,,,,,,352.5,894.375,,0.77970195,394.6875,1044.375,,0.88314605,333.75,1166.25,,0.7333393,404.0625,1213.125,,0.5789778,right,137.72631099390628,1
947,15.799116666666666,164.47901725769043,,,,,,,,,,,,,,,,,,,,352.5,899.0625,,0.788225,394.6875,1044.375,,0.89330363,338.4375,1170.9375,,0.74886173,408.75,1213.125,,0.5998847,right,139.84830476839483,1
948,15.8158,168.4882640838623,,,,,,,,,,,,,,,,,,,,352.5,894.375,,0.7897154,394.6875,1044.375,,0.89421344,338.4375,1175.625,,0.7555152,413.4375,1213.125,,0.61710596,right,141.09277165733604,1
949,15.832483333333334,168.75791549682617,,,,,,,,,,,,,,,,,,,,352.5,899.0625,,0.7886877,394.6875,1044.375,,0.9007435,338.4375,1175.625,,0.76395655,413.4375,1213.125,,0.600776,right,140.61220322932485,1
950,15.849166666666667,158.15496444702148,,,,,,,,,,,,,,,,,,,,352.5,899.0625,,0.78396726,394.6875,1044.375,,0.8914827,338.4375,1175.625,,0.7553412,408.75,1213.125,,0.60362685,right,140.61220322932485,1
951,15.86585,168.3361530303955,,,,,,,,,,,,,,,,,,,,352.5,899.0625,,0.7855817,394.6875,1044.375,,0.89731693,338.4375,1175.625,,0.7714716,408.75,1213.125,,0.61737806,right,140.61220322932485,1
952,15.882533333333333,170.96996307373047,,,,,,,,,,,,,,,,,,,,352.5,899.0625,,0.77933,399.375,1049.0625,,0.88802636,338.4375,1175.625,,0.77236104,408.75,1213.125,,0.6078447,right,136.9360215829274,1
953,15.899216666666668,171.31805419921875,,,,,,,,,,,,,,,,,,,,352.5,899.0625,,0.78267473,399.375,1049.0625,,0.89324784,338.4375,1175.625,,0.7795944,408.75,1213.125,,0.6215732,right,136.9360215829274,1
954,15.9159,171.06986045837402,,,,,,,,,,,,,,,,,,,,357.1875,899.0625,,0.77803165,399.375,1049.0625,,0.8835197,338.4375,1175.625,,0.7861775,408.75,1213.125,,0.613867,right,138.58140839017298,1
955,15.932583333333334,170.88794708251953,,,,,,,,,,,,,,,,,,,,357.1875,899.0625,,0.7766197,399.375,1044.375,,0.88059473,338.4375,1175.625,,0.78807336,408.75,1213.125,,0.6135235,right,138.90602493487782,1
956,15.949266666666666,171.12088203430176,,,,,,,,,,,,,,,,,,,,352.5,899.0625,,0.7801274,399.375,1044.375,,0.88609004,338.4375,1175.625,,0.7855997,413.4375,1213.125,,0.63285506,right,137.21653459606344,1
957,15.96595,160.86602210998535,,,,,,,,,,,,,,,,,,,,352.5,899.0625,,0.78915364,399.375,1044.375,,0.88503104,338.4375,1175.625,,0.7786478,413.4375,1213.125,,0.63297117,right,137.21653459606344,1
958,15.982633333333334,156.08501434326172,,,,,,,,,,,,,,,,,,,,352.5,899.0625,,0.7856826,399.375,1044.375,,0.88222694,338.4375,1175.625,,0.76608986,413.4375,1213.125,,0.6291979,right,137.21653459606344,1
959,15.999316666666667,157.33599662780762,,,,,,,,,,,,,,,,,,,,352.5,899.0625,,0.78853005,399.375,1044.375,,0.8820569,338.4375,1175.625,,0.7692618,413.4375,1213.125,,0.63878846,right,137.21653459606344,1
960,16.016000000000002,164.73913192749023,,,,,,,,,,,,,,,,,,,,352.5,899.0625,,0.78227043,399.375,1044.375,,0.8797333,338.4375,1175.625,,0.7780648,413.4375,1213.125,,0.6485867,right,137.21653459606344,1
961,16.032683333333335,159.08122062683105,,,,,,,,,,,,,,,,,,,,357.1875,899.0625,,0.7756391,404.0625,1044.375,,0.8743047,338.4375,1170.9375,,0.7619305,413.4375,1213.125,,0.61657834,right,134.7137279663403,1
962,16.049366666666668,157.35435485839844,,,,,,,,,,,,,,,,,,,,352.5,899.0625,,0.7778858,399.375,1044.375,,0.8687031,338.4375,1170.9375,,0.7564663,413.4375,1213.125,,0.6170359,right,136.41134962334738,1
963,16.06605,166.84913635253906,,,,,,,,,,,,,,,,,,,,352.5,899.0625,,0.77860117,399.375,1044.375,,0.86600184,338.4375,1166.25,,0.7475868,413.4375,1213.125,,0.5915828,right,135.55625222708068,1
964,16.082733333333334,155.26175498962402,,,,,,,,,,,,,,,,,,,,352.5,903.75,,0.7730392,399.375,1044.375,,0.8551959,338.4375,1161.5625,,0.7308357,413.4375,1208.4375,,0.5658402,right,134.09061955080082,1
965,16.099416666666666,168.58410835266113,,,,,,,,,,,,,,,,,,,,357.1875,903.75,,0.7712916,404.0625,1044.375,,0.8506298,338.4375,1166.25,,0.7348654,418.125,1208.4375,,0.5765633,right,133.26429541107166,1
966,16.1161,168.05791854858398,,,,,,,,,,,,,,,,,,,,357.1875,903.75,,0.7686286,404.0625,1044.375,,0.8453089,338.4375,1161.5625,,0.7270474,418.125,1208.4375,,0.56894046,right,132.31622484053102,1
967,16.132783333333332,168.9131259918213,,,,,,,,,,,,,,,,,,,,357.1875,903.75,,0.7708392,404.0625,1044.375,,0.8515632,338.4375,1166.25,,0.74338317,418.125,1208.4375,,0.5857548,right,133.26429541107166,1
968,16.149466666666665,170.2280044555664,,,,,,,,,,,,,,,,,,,,352.5,899.0625,,0.77111757,404.0625,1044.375,,0.850698,338.4375,1166.25,,0.74702024,413.4375,1213.125,,0.5987216,right,132.16258929586525,1
969,16.166150000000002,168.12729835510254,,,,,,,,,,,,,,,,,,,,357.1875,903.75,,0.76732254,404.0625,1044.375,,0.84553504,338.4375,1166.25,,0.73776877,418.125,1208.4375,,0.5805406,right,133.26429541107166,1
970,16.182833333333335,171.7700958251953,,,,,,,,,,,,,,,,,,,,352.5,899.0625,,0.77104855,404.0625,1044.375,,0.84937614,343.125,1166.25,,0.7373555,418.125,1213.125,,0.59542614,right,133.89829388479362,1
971,16.199516666666668,154.91318702697754,,,,,,,,,,,,,,,,,,,,357.1875,899.0625,,0.7734628,404.0625,1044.375,,0.8500236,343.125,1166.25,,0.74323833,418.125,1213.125,,0.6013174,right,135.55625222708068,1
972,16.2162,172.929048538208,,,,,,,,,,,,,,,,,,,,357.1875,903.75,,0.7632865,404.0625,1044.375,,0.83931214,338.4375,1161.5625,,0.7168691,418.125,1208.4375,,0.5542439,right,132.31622484053102,1
973,16.232883333333334,170.7589626312256,,,,,,,,,,,,,,,,,,,,357.1875,903.75,,0.76969266,404.0625,1044.375,,0.84123445,338.4375,1161.5625,,0.72148705,418.125,1208.4375,,0.55719686,right,132.31622484053102,1
974,16.249566666666666,159.76977348327637,,,,,,,,,,,,,,,,,,,,357.1875,903.75,,0.7634231,404.0625,1044.375,,0.8325614,338.4375,1161.5625,,0.713681,413.4375,1208.4375,,0.5439579,right,132.31622484053102,1
975,16.26625,171.85091972351074,,,,,,,,,,,,,,,,,,,,352.5,903.75,,0.76344025,404.0625,1044.375,,0.8347927,338.4375,1161.5625,,0.71435905,413.4375,1208.4375,,0.542028,right,130.61487023520488,1
976,16.282933333333332,159.50512886047363,,,,,,,,,,,,,,,,,,,,357.1875,903.75,,0.76579225,404.0625,1044.375,,0.8321427,333.75,1156.875,,0.7141717,413.4375,1208.4375,,0.530572,right,129.5596679689945,1
977,16.299616666666665,155.8818817138672,,,,,,,,,,,,,,,,,,,,357.1875,903.75,,0.76711965,404.0625,1044.375,,0.8326963,333.75,1152.1875,,0.71057487,408.75,1208.4375,,0.52002144,right,128.453709216706,1
978,16.316300000000002,168.14899444580078,,,,,,,,,,,,,,,,,,,,357.1875,903.75,,0.7728079,404.0625,1044.375,,0.8384446,333.75,1156.875,,0.72759736,413.4375,1208.4375,,0.54515743,right,129.5596679689945,1
979,16.332983333333335,157.88817405700684,,,,,,,,,,,,,,,,,,,,357.1875,903.75,,0.7674168,404.0625,1044.375,,0.8344778,333.75,1152.1875,,0.71616757,408.75,1208.4375,,0.52728504,right,128.453709216706,1
980,16.349666666666668,167.8180694580078,,,,,,,,,,,,,,,,,,,,357.1875,903.75,,0.76121163,404.0625,1044.375,,0.83506,329.0625,1152.1875,,0.71275824,404.0625,1208.4375,,0.515852,right,126.74056202012122,1
981,16.36635,169.33417320251465,,,,,,,,,,,,,,,,,,,,357.1875,903.75,,0.7627311,404.0625,1044.375,,0.8411412,333.75,1156.875,,0.72505015,408.75,1208.4375,,0.53176934,right,129.5596679689945,1
982,16.383033333333334,170.94707489013672,,,,,,,,,,,,,,,,,,,,357.1875,899.0625,,0.7600566,404.0625,1044.375,,0.8426274,338.4375,1156.875,,0.7344296,408.75,1208.4375,,0.5522464,right,131.86486624062937,1
983,16.399716666666666,168.84112358093262,,,,,,,,,,,,,,,,,,,,357.1875,899.0625,,0.7590406,404.0625,1044.375,,0.8450403,338.4375,1161.5625,,0.7401699,408.75,1208.4375,,0.5588241,right,132.8724770676117,1
984,16.4164,168.4439182281494,,,,,,,,,,,,,,,,,,,,357.1875,899.0625,,0.76401293,404.0625,1044.375,,0.8573226,343.125,1166.25,,0.75717735,408.75,1208.4375,,0.59670204,right,135.55625222708068,1
985,16.433083333333332,169.81101036071777,,,,,,,,,,,,,,,,,,,,357.1875,899.0625,,0.76389325,404.0625,1044.375,,0.8542577,343.125,1161.5625,,0.7562767,413.4375,1208.4375,,0.59302324,right,134.64687177788153,1
986,16.449766666666665,170.22991180419922,,,,,,,,,,,,,,,,,,,,357.1875,899.0625,,0.756693,404.0625,1044.375,,0.8459921,343.125,1161.5625,,0.7559353,413.4375,1208.4375,,0.5939181,right,134.64687177788153,1
987,16.466450000000002,169.7230339050293,,,,,,,,,,,,,,,,,,,,357.1875,899.0625,,0.7590095,404.0625,1044.375,,0.8444884,343.125,1161.5625,,0.75090504,413.4375,1208.4375,,0.58485883,right,134.64687177788153,1
988,16.483133333333335,168.49088668823242,,,,,,,,,,,,,,,,,,,,357.1875,899.0625,,0.7653369,404.0625,1039.6875,,0.8580822,343.125,1161.5625,,0.7650528,418.125,1208.4375,,0.5960931,right,135.0,1
989,16.499816666666668,169.34990882873535,,,,,,,,,,,,,,,,,,,,357.1875,899.0625,,0.7680725,404.0625,1044.375,,0.855207,343.125,1166.25,,0.77282274,418.125,1208.4375,,0.6119293,right,135.55625222708068,1
990,16.5165,169.22283172607422,,,,,,,,,,,,,,,,,,,,357.1875,899.0625,,0.7752495,404.0625,1039.6875,,0.8577666,343.125,1161.5625,,0.7647005,418.125,1208.4375,,0.61070657,right,135.0,1
991,16.533183333333334,170.31192779541016,,,,,,,,,,,,,,,,,,,,357.1875,899.0625,,0.768286,404.0625,1039.6875,,0.85161495,343.125,1161.5625,,0.74593884,418.125,1203.75,,0.58803827,right,135.0,1
992,16.549866666666667,169.0080165863037,,,,,,,,,,,,,,,,,,,,357.1875,899.0625,,0.774041,404.0625,1039.6875,,0.86262,343.125,1161.5625,,0.7325771,422.8125,1203.75,,0.5836472,right,135.0,1
993,16.56655,168.87903213500977,,,,,,,,,,,,,,,,,,,,357.1875,899.0625,,0.77363217,399.375,1039.6875,,0.86689126,343.125,1161.5625,,0.7410164,422.8125,1203.75,,0.58555233,right,138.52561519717443,1
994,16.583233333333332,169.40808296203613,,,,,,,,,,,,,,,,,,,,357.1875,894.375,,0.77062196,399.375,1039.6875,,0.8602871,338.4375,1156.875,,0.7173467,422.8125,1203.75,,0.5487324,right,136.3363621166959,1
995,16.599916666666665,168.2119369506836,,,,,,,,,,,,,,,,,,,,357.1875,894.375,,0.76613677,399.375,1039.6875,,0.8598583,338.4375,1152.1875,,0.7141237,418.125,1203.75,,0.544024,right,135.36786511860967,1
996,16.616600000000002,169.3129539489746,,,,,,,,,,,,,,,,,,,,357.1875,894.375,,0.75491,399.375,1039.6875,,0.85277903,338.4375,1156.875,,0.71653974,418.125,1199.0625,,0.53927743,right,136.3363621166959,1
997,16.633283333333335,158.3082675933838,,,,,,,,,,,,,,,,,,,,357.1875,894.375,,0.76786125,394.6875,1039.6875,,0.87260103,343.125,1161.5625,,0.7405181,418.125,1203.75,,0.578729,right,142.59760546234435,1
998,16.649966666666668,168.7920093536377,,,,,,,,,,,,,,,,,,,,352.5,894.375,,0.768098,394.6875,1035.0,,0.8745109,343.125,1161.5625,,0.7461026,422.8125,1203.75,,0.5822561,right,141.13440994392394,1
999,16.66665,169.6300506591797,,,,,,,,,,,,,,,,,,,,352.5,889.6875,,0.76200783,394.6875,1035.0,,0.86889994,343.125,1166.25,,0.7636913,422.8125,1203.75,,0.6011635,right,142.36305741586773,1
1000,16.683333333333334,158.48898887634277,,,,,,,,,,,,,,,,,,,,352.5,889.6875,,0.78412044,394.6875,1035.0,,0.87538666,343.125,1166.25,,0.77630246,422.8125,1203.75,,0.63083345,right,142.36305741586773,1
1001,16.700016666666667,171.15402221679688,,,,,,,,,,,,,,,,,,,,352.5,889.6875,,0.79245687,394.6875,1035.0,,0.87304115,343.125,1166.25,,0.78426313,422.8125,1203.75,,0.63802326,right,142.36305741586773,1
1002,16.7167,159.088134765625,,,,,,,,,,,,,,,,,,,,352.5,889.6875,,0.79302144,394.6875,1035.0,,0.86646336,343.125,1166.25,,0.7767333,422.8125,1203.75,,0.63457876,right,142.36305741586773,1
1003,16.733383333333332,169.12508010864258,,,,,,,,,,,,,,,,,,,,352.5,885.0,,0.79910064,394.6875,1035.0,,0.88642883,343.125,1166.25,,0.799423,413.4375,1203.75,,0.66910225,right,142.84362584387887,1
1004,16.750066666666665,168.7939167022705,,,,,,,,,,,,,,,,,,,,352.5,889.6875,,0.78912854,399.375,1035.0,,0.89991355,347.8125,1170.9375,,0.82273614,418.125,1203.75,,0.68617654,right,141.34904872211285,1
1005,16.766750000000002,168.9620018005371,,,,,,,,,,,,,,,,,,,,352.5,889.6875,,0.793334,399.375,1035.0,,0.89890635,347.8125,1170.9375,,0.8158746,422.8125,1203.75,,0.68504506,right,141.34904872211285,1
1006,16.783433333333335,158.3402156829834,,,,,,,,,,,,,,,,,,,,352.5,889.6875,,0.78667223,399.375,1035.0,,0.9048798,347.8125,1170.9375,,0.8416507,422.8125,1203.75,,0.7092845,right,141.34904872211285,1
1007,16.800116666666668,171.44179344177246,,,,,,,,,,,,,,,,,,,,357.1875,885.0,,0.77990174,399.375,1030.3125,,0.90133345,347.8125,1170.9375,,0.84837383,422.8125,1203.75,,0.71498334,right,143.67449031472492,1
1008,16.8168,169.90017890930176,,,,,,,,,,,,,,,,,,,,357.1875,885.0,,0.7806061,399.375,1030.3125,,0.9045342,352.5,1175.625,,0.85886383,418.125,1203.75,,0.7218331,right,145.9320971471317,1
1009,16.833483333333334,169.5857048034668,,,,,,,,,,,,,,,,,,,,357.1875,885.0,,0.7859603,394.6875,1030.3125,,0.9091085,352.5,1170.9375,,0.86470556,422.8125,1203.75,,0.7260637,right,148.83046166594048,1
1010,16.850166666666667,171.36120796203613,,,,,,,,,,,,,,,,,,,,357.1875,885.0,,0.7847513,394.6875,1030.3125,,0.9100357,347.8125,1170.9375,,0.8632139,422.8125,1199.0625,,0.7235943,right,147.09475707701208,1
1011,16.86685,169.66700553894043,,,,,,,,,,,,,,,,,,,,352.5,885.0,,0.78042597,390.0,1030.3125,,0.9092671,347.8125,1170.9375,,0.83920544,422.8125,1199.0625,,0.6930116,right,148.83046166594048,1
1012,16.883533333333332,169.75784301757812,,,,,,,,,,,,,,,,,,,,352.5,880.3125,,0.7675245,390.0,1030.3125,,0.9025655,347.8125,1166.25,,0.81628394,413.4375,1194.375,,0.65039694,right,148.72229713313354,1
1013,16.900216666666665,158.2951545715332,,,,,,,,,,,,,,,,,,,,357.1875,880.3125,,0.7708615,390.0,1030.3125,,0.9128059,347.8125,1170.9375,,0.8357488,413.4375,1194.375,,0.66491055,right,150.96166848768016,1
1014,16.916900000000002,169.16203498840332,,,,,,,,,,,,,,,,,,,,357.1875,880.3125,,0.79211944,394.6875,1030.3125,,0.9363874,347.8125,1175.625,,0.8772595,422.8125,1199.0625,,0.7238034,right,148.08505993623217,1
1015,16.933583333333335,169.0061092376709,,,,,,,,,,,,,,,,,,,,357.1875,880.3125,,0.8094094,394.6875,1030.3125,,0.95541024,347.8125,1175.625,,0.88740236,422.8125,1199.0625,,0.7461504,right,148.08505993623217,1
1016,16.950266666666668,169.09122467041016,,,,,,,,,,,,,,,,,,,,357.1875,880.3125,,0.82372785,390.0,1030.3125,,0.97176516,347.8125,1175.625,,0.90323657,422.8125,1199.0625,,0.76626945,right,151.47170646464684,1
1017,16.96695,158.2341194152832,,,,,,,,,,,,,,,,,,,,357.1875,880.3125,,0.8119278,390.0,1030.3125,,0.9564597,347.8125,1175.625,,0.8926513,422.8125,1199.0625,,0.7594056,right,151.47170646464684,1
1018,16.983633333333334,169.06499862670898,,,,,,,,,,,,,,,,,,,,357.1875,875.625,,0.8003093,390.0,1030.3125,,0.9445231,347.8125,1170.9375,,0.8831084,418.125,1194.375,,0.7189139,right,151.32462332180302,1
1019,17.000316666666667,182.73520469665527,,,,,,,,,,,,,,,,,,,,357.1875,875.625,,0.79488534,385.3125,1030.3125,,0.9330302,347.8125,1170.9375,,0.86221695,413.4375,1194.375,,0.6896555,right,154.76373635309645,1
1020,17.017,159.43074226379395,,,,,,,,,,,,,,,,,,,,357.1875,875.625,,0.7883178,385.3125,1030.3125,,0.92963445,343.125,1170.9375,,0.8518491,408.75,1194.375,,0.6787385,right,152.99590929724036,1
1021,17.033683333333332,158.91098976135254,,,,,,,,,,,,,,,,,,,,357.1875,870.9375,,0.79398614,385.3125,1025.625,,0.9359482,347.8125,1170.9375,,0.8541965,404.0625,1189.6875,,0.67366946,right,155.2248594311681,1
1022,17.050366666666665,165.0238037109375,,,,,,,,,,,,,,,,,,,,361.875,870.9375,,0.806692,385.3125,1025.625,,0.9505478,347.8125,1170.9375,,0.8869695,408.75,1194.375,,0.7159201,right,156.91405771576999,1
1023,17.067050000000002,158.430814743042,,,,,,,,,,,,,,,,,,,,361.875,866.25,,0.79941607,385.3125,1020.9375,,0.94093055,347.8125,1170.9375,,0.8627705,408.75,1194.375,,0.6919895,right,157.3481083479094,1
1024,17.083733333333335,157.64713287353516,,,,,,,,,,,,,,,,,,,,361.875,866.25,,0.8137536,385.3125,1020.9375,,0.9553243,343.125,1170.9375,,0.87101585,413.4375,1194.375,,0.7013136,right,155.6757139868201,1
1025,17.100416666666668,168.82681846618652,,,,,,,,,,,,,,,,,,,,361.875,866.25,,0.8086613,385.3125,1020.9375,,0.95048964,347.8125,1170.9375,,0.8834746,413.4375,1194.375,,0.7194158,right,157.3481083479094,1
1026,17.1171,168.15686225891113,,,,,,,,,,,,,,,,,,,,361.875,866.25,,0.8249721,385.3125,1020.9375,,0.9653423,347.8125,1170.9375,,0.90139925,418.125,1194.375,,0.77083004,right,157.3481083479094,1
1027,17.133783333333334,169.02804374694824,,,,,,,,,,,,,,,,,,,,361.875,861.5625,,0.83139175,385.3125,1020.9375,,0.97627234,347.8125,1175.625,,0.9149183,418.125,1199.0625,,0.8298733,right,158.00711901607593,1
1028,17.150466666666667,168.78509521484375,,,,,,,,,,,,,,,,,,,,361.875,861.5625,,0.82925284,385.3125,1020.9375,,0.9739219,347.8125,1170.9375,,0.910499,418.125,1194.375,,0.8321322,right,157.59787040804096,1
1029,17.16715,170.21799087524414,,,,,,,,,,,,,,,,,,,,361.875,866.25,,0.83975637,385.3125,1020.9375,,0.9792441,347.8125,1170.9375,,0.9104134,422.8125,1199.0625,,0.82546604,right,157.3481083479094,1
1030,17.183833333333332,170.33791542053223,,,,,,,,,,,,,,,,,,,,361.875,866.25,,0.84449697,385.3125,1020.9375,,0.98347926,347.8125,1170.9375,,0.91578454,422.8125,1194.375,,0.84201914,right,157.3481083479094,1
1031,17.200516666666665,169.36302185058594,,,,,,,,,,,,,,,,,,,,361.875,866.25,,0.8417096,385.3125,1020.9375,,0.9765183,343.125,1170.9375,,0.90809107,422.8125,1194.375,,0.8223157,right,155.6757139868201,1
1032,17.217200000000002,169.17896270751953,,,,,,,,,,,,,,,,,,,,361.875,866.25,,0.8447125,385.3125,1016.25,,0.969854,343.125,1170.9375,,0.8985829,422.8125,1194.375,,0.7991147,right,155.86422214642198,1
1033,17.233883333333335,170.16339302062988,,,,,,,,,,,,,,,,,,,,361.875,866.25,,0.8443132,380.625,1020.9375,,0.9692689,343.125,1170.9375,,0.89581805,427.5,1194.375,,0.79362166,right,159.05252941304886,1
1034,17.250566666666668,168.99991035461426,,,,,,,,,,,,,,,,,,,,361.875,866.25,,0.8362976,380.625,1020.9375,,0.96046394,343.125,1170.9375,,0.89415014,427.5,1199.0625,,0.8034023,right,159.05252941304886,1
1035,17.26725,169.63815689086914,,,,,,,,,,,,,,,,,,,,361.875,866.25,,0.84058106,380.625,1016.25,,0.96787894,347.8125,1170.9375,,0.9018311,427.5,1199.0625,,0.8183117,right,160.89885120689485,1
1036,17.283933333333334,146.76618576049805,,,,,,,,,,,,,,,,,,,,361.875,866.25,,0.83480376,380.625,1020.9375,,0.95956326,347.8125,1170.9375,,0.8910512,422.8125,1194.375,,0.7971633,right,160.7496856026491,1
1037,17.300616666666667,163.73300552368164,,,,,,,,,,,,,,,,,,,,361.875,866.25,,0.835452,380.625,1016.25,,0.96359515,347.8125,1170.9375,,0.89581776,422.8125,1194.375,,0.8036603,right,160.89885120689485,1
1038,17.3173,171.50497436523438,,,,,,,,,,,,,,,,,,,,361.875,866.25,,0.83718437,380.625,1016.25,,0.96604276,347.8125,1170.9375,,0.9029932,422.8125,1194.375,,0.8214923,right,160.89885120689485,1
1039,17.333983333333332,168.7297821044922,,,,,,,,,,,,,,,,,,,,361.875,866.25,,0.8348119,380.625,1016.25,,0.9667213,347.8125,1170.9375,,0.9017353,422.8125,1199.0625,,0.82501745,right,160.89885120689485,1
1040,17.350666666666665,158.40721130371094,,,,,,,,,,,,,,,,,,,,361.875,866.25,,0.8211428,380.625,1020.9375,,0.95022583,343.125,1170.9375,,0.8813063,422.8125,1194.375,,0.7896698,right,159.05252941304886,1
1041,17.367350000000002,169.43883895874023,,,,,,,,,,,,,,,,,,,,361.875,866.25,,0.8276704,380.625,1016.25,,0.9588162,347.8125,1166.25,,0.8856852,422.8125,1194.375,,0.7977488,right,160.535896372772,1
1042,17.384033333333335,159.4679355621338,,,,,,,,,,,,,,,,,,,,361.875,866.25,,0.82247424,380.625,1016.25,,0.9517538,347.8125,1166.25,,0.87162447,422.8125,1194.375,,0.7809235,right,160.535896372772,1
1043,17.400716666666668,160.8591079711914,,,,,,,,,,,,,,,,,,,,361.875,866.25,,0.8109405,380.625,1016.25,,0.9323975,347.8125,1166.25,,0.8480773,418.125,1194.375,,0.7362522,right,160.535896372772,1
1044,17.4174,170.1498031616211,,,,,,,,,,,,,,,,,,,,361.875,861.5625,,0.8046766,375.9375,1011.5625,,0.93138146,347.8125,1166.25,,0.84943783,413.4375,1194.375,,0.7485224,right,164.33932848837884,1
1045,17.434083333333334,170.70603370666504,,,,,,,,,,,,,,,,,,,,361.875,866.25,,0.79327667,375.9375,1016.25,,0.9055819,347.8125,1161.5625,,0.8144071,413.4375,1194.375,,0.7002424,right,163.69011231374654,1
1046,17.450766666666667,171.0951328277588,,,,,,,,,,,,,,,,,,,,361.875,866.25,,0.78262424,375.9375,1016.25,,0.884946,343.125,1156.875,,0.7724504,408.75,1194.375,,0.6591654,right,161.5101526507485,1
1047,17.46745,171.36693000793457,,,,,,,,,,,,,,,,,,,,361.875,866.25,,0.78994036,375.9375,1016.25,,0.8837173,338.4375,1152.1875,,0.7561307,404.0625,1189.6875,,0.63998556,right,159.2220136384061,1
1048,17.484133333333332,161.59367561340332,,,,,,,,,,,,,,,,,,,,361.875,866.25,,0.7968717,375.9375,1016.25,,0.88655365,338.4375,1152.1875,,0.7366059,408.75,1189.6875,,0.61640006,right,159.2220136384061,1
1049,17.500816666666665,160.97497940063477,,,,,,,,,,,,,,,,,,,,361.875,866.25,,0.8014064,375.9375,1016.25,,0.8930377,338.4375,1156.875,,0.75533485,408.75,1189.6875,,0.6365547,right,159.7127577790073,1
1050,17.517500000000002,171.65517807006836,,,,,,,,,,,,,,,,,,,,361.875,861.5625,,0.8023775,375.9375,1016.25,,0.8976773,343.125,1156.875,,0.787096,408.75,1189.6875,,0.6765079,right,161.67154878586882,1
1051,17.534183333333335,160.36510467529297,,,,,,,,,,,,,,,,,,,,361.875,866.25,,0.81385005,375.9375,1016.25,,0.9124506,343.125,1161.5625,,0.80605125,413.4375,1194.375,,0.71081996,right,161.91981927172236,1
1052,17.550866666666668,171.10300064086914,,,,,,,,,,,,,,,,,,,,366.5625,866.25,,0.82165617,375.9375,1016.25,,0.92132527,343.125,1161.5625,,0.79980564,413.4375,1194.375,,0.70177555,right,163.69930993958022,1
1053,17.56755,170.7139015197754,,,,,,,,,,,,,,,,,,,,361.875,861.5625,,0.82188106,375.9375,1016.25,,0.9232268,343.125,1161.5625,,0.7974364,418.125,1194.375,,0.6982547,right,162.0812154068428,1
1054,17.584233333333334,170.95518112182617,,,,,,,,,,,,,,,,,,,,361.875,861.5625,,0.8262124,375.9375,1016.25,,0.9247999,343.125,1161.5625,,0.8016162,418.125,1194.375,,0.70511615,right,162.0812154068428,1
1055,17.600916666666667,165.19689559936523,,,,,,,,,,,,,,,,,,,,361.875,861.5625,,0.814599,375.9375,1016.25,,0.9164438,343.125,1161.5625,,0.8055161,418.125,1194.375,,0.71019804,right,162.0812154068428,1
1056,17.6176,175.3098964691162,,,,,,,,,,,,,,,,,,,,361.875,861.5625,,0.81994927,375.9375,1016.25,,0.9225443,343.125,1161.5625,,0.8175451,413.4375,1194.375,,0.72753596,right,162.0812154068428,1
1057,17.634283333333332,175.0178337097168,,,,,,,,,,,,,,,,,,,,361.875,861.5625,,0.82333374,375.9375,1016.25,,0.92471874,343.125,1161.5625,,0.8182192,413.4375,1194.375,,0.72805345,right,162.0812154068428,1
1058,17.650966666666665,170.06587982177734,,,,,,,,,,,,,,,,,,,,361.875,861.5625,,0.8191753,375.9375,1016.25,,0.92304784,343.125,1161.5625,,0.8263601,413.4375,1194.375,,0.74294686,right,162.0812154068428,1
1059,17.667650000000002,171.28777503967285,,,,,,,,,,,,,,,,,,,,361.875,861.5625,,0.81883013,375.9375,1016.25,,0.9200046,343.125,1161.5625,,0.82216454,413.4375,1194.375,,0.73937184,right,162.0812154068428,1
1060,17.684333333333335,168.96796226501465,,,,,,,,,,,,,,,,,,,,361.875,861.5625,,0.8159605,375.9375,1016.25,,0.9172733,343.125,1161.5625,,0.8126774,413.4375,1189.6875,,0.72500414,right,162.0812154068428,1
1061,17.701016666666668,169.56114768981934,,,,,,,,,,,,,,,,,,,,361.875,861.5625,,0.81789327,375.9375,1011.5625,,0.9196017,343.125,1161.5625,,0.80892634,413.4375,1189.6875,,0.71230465,right,162.30508767881864,1
1062,17.7177,171.7050075531006,,,,,,,,,,,,,,,,,,,,357.1875,856.875,,0.79529524,375.9375,1006.875,,0.9112409,343.125,1156.875,,0.80888414,408.75,1189.6875,,0.74007404,right,160.535896372772,1
1063,17.734383333333334,168.8990592956543,,,,,,,,,,,,,,,,,,,,361.875,856.875,,0.79898655,375.9375,1011.5625,,0.91610324,343.125,1156.875,,0.80510765,408.75,1189.6875,,0.7322626,right,162.0812154068428,1
1064,17.751066666666667,174.1030216217041,,,,,,,,,,,,,,,,,,,,357.1875,856.875,,0.7947285,375.9375,1011.5625,,0.91344285,343.125,1152.1875,,0.78685796,404.0625,1189.6875,,0.7064885,right,159.95475057457895,1
1065,17.76775,151.56984329223633,,,,,,,,,,,,,,,,,,,,357.1875,856.875,,0.80200875,375.9375,1011.5625,,0.9266773,343.125,1152.1875,,0.7846956,408.75,1189.6875,,0.71762836,right,159.95475057457895,1
1066,17.784433333333332,173.13504219055176,,,,,,,,,,,,,,,,,,,,357.1875,856.875,,0.7995671,375.9375,1011.5625,,0.92365897,343.125,1156.875,,0.7827793,408.75,1189.6875,,0.7175479,right,160.3644171955529,1
1067,17.801116666666665,171.66900634765625,,,,,,,,,,,,,,,,,,,,361.875,856.875,,0.8026711,375.9375,1011.5625,,0.9292181,347.8125,1156.875,,0.8058595,408.75,1189.6875,,0.73924243,right,163.85150844886687,1
1068,17.817800000000002,171.6299057006836,,,,,,,,,,,,,,,,,,,,357.1875,852.1875,,0.81052953,375.9375,1006.875,,0.9407495,347.8125,1161.5625,,0.84134644,413.4375,1194.375,,0.78966653,right,162.78392641220924,1
1069,17.834483333333335,162.7812385559082,,,,,,,,,,,,,,,,,,,,357.1875,852.1875,,0.8079665,375.9375,1006.875,,0.9333326,347.8125,1156.875,,0.8196914,408.75,1189.6875,,0.751153,right,162.46911760482024,1
1070,17.851166666666668,152.07910537719727,,,,,,,,,,,,,,,,,,,,361.875,852.1875,,0.8182088,380.625,1006.875,,0.9496652,347.8125,1156.875,,0.8464894,413.4375,1189.6875,,0.79848444,right,160.7496856026491,1
1071,17.86785,174.55673217773438,,,,,,,,,,,,,,,,,,,,361.875,852.1875,,0.8186628,380.625,1006.875,,0.9488143,347.8125,1156.875,,0.84268284,413.4375,1189.6875,,0.7960013,right,160.7496856026491,1
1072,17.884533333333334,174.96585845947266,,,,,,,,,,,,,,,,,,,,361.875,852.1875,,0.8168365,380.625,1006.875,,0.9534729,347.8125,1156.875,,0.8346579,413.4375,1189.6875,,0.78419983,right,160.7496856026491,1
1073,17.901216666666667,174.82328414916992,,,,,,,,,,,,,,,,,,,,361.875,852.1875,,0.8154827,380.625,1002.1875,,0.9504331,347.8125,1152.1875,,0.827749,413.4375,1189.6875,,0.77030027,right,160.535896372772,1
1074,17.9179,156.13317489624023,,,,,,,,,,,,,,,,,,,,361.875,852.1875,,0.81929517,380.625,1002.1875,,0.95747805,347.8125,1156.875,,0.85191035,413.4375,1189.6875,,0.8014575,right,160.89885120689485,1
1075,17.934583333333332,187.74914741516113,,,,,,,,,,,,,,,,,,,,357.1875,852.1875,,0.83024657,385.3125,1002.1875,,0.96747375,347.8125,1156.875,,0.85450435,413.4375,1189.6875,,0.8050645,right,155.75334986395336,1
1076,17.951266666666665,178.12800407409668,,,,,,,,,,,,,,,,,,,,357.1875,852.1875,,0.82402086,385.3125,1002.1875,,0.9559263,347.8125,1152.1875,,0.8403288,413.4375,1189.6875,,0.7946374,right,155.34410125591845,1
1077,17.967950000000002,160.89701652526855,,,,,,,,,,,,,,,,,,,,361.875,852.1875,,0.82227993,385.3125,1002.1875,,0.9527144,347.8125,1152.1875,,0.84025145,413.4375,1189.6875,,0.8012252,right,157.08309738155327,1
1078,17.984633333333335,197.09372520446777,,,,,,,,,,,,,,,,,,,,361.875,852.1875,,0.8310944,385.3125,1002.1875,,0.9654145,347.8125,1152.1875,,0.84159815,413.4375,1189.6875,,0.80119556,right,157.08309738155327,1
1079,18.001316666666668,160.59279441833496,,,,,,,,,,,,,,,,,,,,361.875,852.1875,,0.8348514,390.0,1002.1875,,0.96491647,347.8125,1152.1875,,0.83953696,413.4375,1189.6875,,0.79568064,right,153.67170689482913,1
1080,18.018,154.79207038879395,,,,,,,,,,,,,,,,,,,,361.875,852.1875,,0.8380019,385.3125,1006.875,,0.96066153,347.8125,1152.1875,,0.8377243,413.4375,1189.6875,,0.78523207,right,156.91405771576999,1
1081,18.034683333333334,160.2041721343994,,,,,,,,,,,,,,,,,,,,361.875,856.875,,0.8244014,385.3125,1006.875,,0.953176,347.8125,1152.1875,,0.8290072,413.4375,1189.6875,,0.776148,right,156.64904674941386,1
1082,18.051366666666667,165.08793830871582,,,,,,,,,,,,,,,,,,,,361.875,856.875,,0.8210863,385.3125,1006.875,,0.9515474,347.8125,1152.1875,,0.83548784,413.4375,1189.6875,,0.78625894,right,156.64904674941386,1
1083,18.06805,169.85392570495605,,,,,,,,,,,,,,,,,,,,361.875,856.875,,0.82379234,385.3125,1006.875,,0.9544426,347.8125,1156.875,,0.8466202,413.4375,1189.6875,,0.79922056,right,157.08309738155327,1
1084,18.084733333333332,163.80023956298828,,,,,,,,,,,,,,,,,,,,361.875,852.1875,,0.81496906,385.3125,1006.875,,0.94404006,347.8125,1152.1875,,0.8432982,413.4375,1189.6875,,0.79832184,right,156.91405771576999,1
1085,18.101416666666665,159.06214714050293,,,,,,,,,,,,,,,,,,,,361.875,856.875,,0.82405204,385.3125,1006.875,,0.95157105,347.8125,1156.875,,0.8495932,413.4375,1189.6875,,0.80182266,right,157.08309738155327,1
1086,18.118100000000002,169.10529136657715,,,,,,,,,,,,,,,,,,,,361.875,852.1875,,0.8263558,385.3125,1006.875,,0.9529927,347.8125,1156.875,,0.86244535,418.125,1189.6875,,0.82896096,right,157.3481083479094,1
1087,18.134783333333335,169.85297203063965,,,,,,,,,,,,,,,,,,,,361.875,852.1875,,0.824912,385.3125,1006.875,,0.953236,347.8125,1156.875,,0.8622134,418.125,1189.6875,,0.82773066,right,157.3481083479094,1
1088,18.151466666666668,160.48097610473633,,,,,,,,,,,,,,,,,,,,366.5625,852.1875,,0.8307619,385.3125,1006.875,,0.9595766,347.8125,1156.875,,0.8648343,418.125,1189.6875,,0.8370669,right,159.05252941304886,1
1089,18.16815,175.2490997314453,,,,,,,,,,,,,,,,,,,,366.5625,852.1875,,0.82736146,385.3125,1006.875,,0.95853376,347.8125,1156.875,,0.8670398,418.125,1189.6875,,0.8462866,right,159.05252941304886,1
1090,18.184833333333334,175.71306228637695,,,,,,,,,,,,,,,,,,,,366.5625,856.875,,0.840612,385.3125,1011.5625,,0.96824384,347.8125,1161.5625,,0.8659742,418.125,1189.6875,,0.8354173,right,159.05252941304886,1
1091,18.201516666666667,163.09309005737305,,,,,,,,,,,,,,,,,,,,366.5625,856.875,,0.8425845,385.3125,1011.5625,,0.96846,347.8125,1161.5625,,0.86680233,418.125,1189.6875,,0.8305167,right,159.05252941304886,1
1092,18.2182,171.22817039489746,,,,,,,,,,,,,,,,,,,,366.5625,856.875,,0.84195334,385.3125,1011.5625,,0.9676358,347.8125,1161.5625,,0.8716291,418.125,1189.6875,,0.83947444,right,159.05252941304886,1
1093,18.234883333333332,171.1142063140869,,,,,,,,,,,,,,,,,,,,366.5625,856.875,,0.84381676,385.3125,1011.5625,,0.9693207,347.8125,1161.5625,,0.8750148,418.125,1189.6875,,0.83884656,right,159.05252941304886,1
1094,18.251566666666665,159.29198265075684,,,,,,,,,,,,,,,,,,,,366.5625,856.875,,0.8419858,385.3125,1011.5625,,0.9706267,347.8125,1161.5625,,0.8819336,413.4375,1189.6875,,0.8471651,right,159.05252941304886,1
1095,18.268250000000002,159.56592559814453,,,,,,,,,,,,,,,,,,,,366.5625,856.875,,0.8470479,385.3125,1011.5625,,0.9704764,347.8125,1166.25,,0.8808882,413.4375,1189.6875,,0.82935035,right,159.46177802108375,1
1096,18.284933333333335,155.37595748901367,,,,,,,,,,,,,,,,,,,,366.5625,856.875,,0.84393275,385.3125,1011.5625,,0.9736819,343.125,1166.25,,0.88703406,413.4375,1189.6875,,0.8425913,right,157.83365417791754,1
1097,18.301616666666668,166.1968231201172,,,,,,,,,,,,,,,,,,,,361.875,856.875,,0.84520763,385.3125,1011.5625,,0.97566015,343.125,1161.5625,,0.8872279,413.4375,1189.6875,,0.83666134,right,155.6757139868201,1
1098,18.3183,166.32509231567383,,,,,,,,,,,,,,,,,,,,361.875,852.1875,,0.8410441,385.3125,1006.875,,0.9744348,343.125,1161.5625,,0.88538,413.4375,1189.6875,,0.82412064,right,156.1292331127781,1
1099,18.334983333333334,173.00891876220703,,,,,,,,,,,,,,,,,,,,361.875,852.1875,,0.84359896,385.3125,1006.875,,0.9757246,343.125,1161.5625,,0.8890883,413.4375,1189.6875,,0.837099,right,156.1292331127781,1
1100,18.351666666666667,168.84398460388184,,,,,,,,,,,,,,,,,,,,361.875,852.1875,,0.85134274,385.3125,1011.5625,,0.9873714,343.125,1161.5625,,0.9035831,413.4375,1189.6875,,0.86032385,right,155.92547604695167,1
1101,18.36835,158.1411361694336,,,,,,,,,,,,,,,,,,,,366.5625,852.1875,,0.85766953,385.3125,1011.5625,,0.988854,343.125,1161.5625,,0.9053365,413.4375,1189.6875,,0.85165846,right,157.5815253632273,1
1102,18.385033333333332,169.3110466003418,,,,,,,,,,,,,,,,,,,,366.5625,852.1875,,0.8586037,385.3125,1011.5625,,0.9886826,343.125,1166.25,,0.9076679,413.4375,1189.6875,,0.8509848,right,158.03504448918525,1
1103,18.401716666666665,169.77524757385254,,,,,,,,,,,,,,,,,,,,366.5625,856.875,,0.8631046,390.0,1011.5625,,0.9904396,343.125,1161.5625,,0.903275,408.75,1189.6875,,0.8251015,right,154.03032717957458,1
1104,18.418400000000002,168.7939167022705,,,,,,,,,,,,,,,,,,,,366.5625,856.875,,0.86588126,390.0,1011.5625,,0.9918035,343.125,1166.25,,0.901839,404.0625,1189.6875,,0.8132169,right,154.5259530480976,1
1105,18.435083333333335,169.4779396057129,,,,,,,,,,,,,,,,,,,,361.875,856.875,,0.86153483,390.0,1011.5625,,0.9857328,343.125,1166.25,,0.9008846,404.0625,1189.6875,,0.8028245,right,152.83675476349572,1
1106,18.451766666666668,168.59197616577148,,,,,,,,,,,,,,,,,,,,361.875,856.875,,0.85723895,390.0,1011.5625,,0.9778124,343.125,1166.25,,0.8946363,399.375,1189.6875,,0.7785577,right,152.83675476349572,1
1107,18.46845,162.73188591003418,,,,,,,,,,,,,,,,,,,,361.875,856.875,,0.85461307,390.0,1011.5625,,0.97988737,343.125,1166.25,,0.90215206,399.375,1189.6875,,0.7904928,right,152.83675476349572,1
1108,18.485133333333334,164.6888256072998,,,,,,,,,,,,,,,,,,,,361.875,856.875,,0.8526733,390.0,1011.5625,,0.9776807,343.125,1166.25,,0.8940785,399.375,1194.375,,0.7803581,right,152.83675476349572,1
1109,18.501816666666667,158.31995010375977,,,,,,,,,,,,,,,,,,,,361.875,856.875,,0.8466078,394.6875,1011.5625,,0.96846235,343.125,1166.25,,0.866924,399.375,1189.6875,,0.7441544,right,149.58891873287467,1
1110,18.5185,157.25994110107422,,,,,,,,,,,,,,,,,,,,361.875,856.875,,0.83685464,394.6875,1011.5625,,0.96886826,343.125,1166.25,,0.8693724,399.375,1194.375,,0.7696533,right,149.58891873287467,1
1111,18.535183333333332,189.52703475952148,,,,,,,,,,,,,,,,,,,,361.875,856.875,,0.8278113,394.6875,1016.25,,0.9582714,343.125,1166.25,,0.85846186,399.375,1194.375,,0.755102,right,149.39595819257303,1
1112,18.551866666666665,162.57619857788086,,,,,,,,,,,,,,,,,,,,361.875,856.875,,0.8148109,394.6875,1011.5625,,0.9432083,343.125,1161.5625,,0.84955585,394.6875,1194.375,,0.7499118,right,149.05345974731011,1
1113,18.568550000000002,158.05602073669434,,,,,,,,,,,,,,,,,,,,361.875,856.875,,0.8206911,390.0,1016.25,,0.9486389,343.125,1161.5625,,0.8574437,399.375,1194.375,,0.7520114,right,152.11332360271732,1
1114,18.585233333333335,157.6230525970459,,,,,,,,,,,,,,,,,,,,361.875,856.875,,0.8166751,390.0,1011.5625,,0.9455763,343.125,1156.875,,0.8447082,404.0625,1194.375,,0.73677385,right,151.81645693539264,1
1115,18.601916666666668,158.74004364013672,,,,,,,,,,,,,,,,,,,,361.875,861.5625,,0.8232901,394.6875,1011.5625,,0.94897956,343.125,1156.875,,0.84006804,404.0625,1189.6875,,0.7265099,right,148.12425778354535,1
1116,18.6186,155.73978424072266,,,,,,,,,,,,,,,,,,,,361.875,856.875,,0.81098783,394.6875,1011.5625,,0.93518174,343.125,1152.1875,,0.82874584,404.0625,1189.6875,,0.71568614,right,147.88756412754847,1
1117,18.635283333333334,153.28717231750488,,,,,,,,,,,,,,,,,,,,361.875,861.5625,,0.8133143,394.6875,1011.5625,,0.94023985,343.125,1156.875,,0.8312656,408.75,1189.6875,,0.71243626,right,148.12425778354535,1
1118,18.651966666666667,163.03277015686035,,,,,,,,,,,,,,,,,,,,361.875,856.875,,0.7951327,394.6875,1011.5625,,0.9248414,343.125,1152.1875,,0.8248397,408.75,1189.6875,,0.7164685,right,147.88756412754847,1
1119,18.66865,151.37100219726562,,,,,,,,,,,,,,,,,,,,361.875,861.5625,,0.797787,399.375,1011.5625,,0.9286515,343.125,1156.875,,0.8305413,408.75,1189.6875,,0.7301373,right,144.8024967152452,1
1120,18.685333333333332,157.84621238708496,,,,,,,,,,,,,,,,,,,,357.1875,861.5625,,0.79589653,399.375,1011.5625,,0.93314874,343.125,1156.875,,0.8405392,413.4375,1194.375,,0.74904364,right,143.13010235415595,1
1121,18.702016666666665,160.22086143493652,,,,,,,,,,,,,,,,,,,,352.5,856.875,,0.8119422,394.6875,1011.5625,,0.9490841,343.125,1161.5625,,0.8776999,418.125,1199.0625,,0.8061528,right,145.77447348845573,1
1122,18.718700000000002,165.13299942016602,,,,,,,,,,,,,,,,,,,,357.1875,861.5625,,0.81561446,394.6875,1016.25,,0.96037906,343.125,1166.25,,0.88721365,418.125,1199.0625,,0.8230026,right,147.4025973316219,1
1123,18.735383333333335,152.06098556518555,,,,,,,,,,,,,,,,,,,,357.1875,856.875,,0.8180598,394.6875,1011.5625,,0.96504843,343.125,1161.5625,,0.8921872,422.8125,1194.375,,0.83281666,right,147.4025973316219,1
1124,18.752066666666668,160.91299057006836,,,,,,,,,,,,,,,,,,,,357.1875,861.5625,,0.8206072,394.6875,1016.25,,0.9710443,343.125,1161.5625,,0.896807,422.8125,1199.0625,,0.844113,right,146.83635020198005,1
1125,18.76875,162.93811798095703,,,,,,,,,,,,,,,,,,,,357.1875,861.5625,,0.8107599,394.6875,1016.25,,0.95344496,343.125,1161.5625,,0.86903834,418.125,1194.375,,0.7975348,right,146.83635020198005,1
1126,18.785433333333334,166.93711280822754,,,,,,,,,,,,,,,,,,,,352.5,861.5625,,0.81182724,394.6875,1011.5625,,0.94970214,343.125,1161.5625,,0.870371,422.8125,1194.375,,0.80277044,right,145.32095436249773,1
1127,18.802116666666667,161.23080253601074,,,,,,,,,,,,,,,,,,,,352.5,861.5625,,0.8123032,394.6875,1016.25,,0.9405062,343.125,1156.875,,0.857705,422.8125,1194.375,,0.78088284,right,144.60857786869408,1
1128,18.8188,160.5820655822754,,,,,,,,,,,,,,,,,,,,352.5,861.5625,,0.820001,394.6875,1016.25,,0.9518479,343.125,1156.875,,0.8645543,422.8125,1194.375,,0.781741,right,144.60857786869408,1
1129,18.835483333333332,160.7060432434082,,,,,,,,,,,,,,,,,,,,352.5,861.5625,,0.8236327,399.375,1016.25,,0.95605457,343.125,1156.875,,0.87418383,422.8125,1189.6875,,0.7938528,right,141.34019174590992,1
1130,18.852166666666665,171.80228233337402,,,,,,,,,,,,,,,,,,,,357.1875,861.5625,,0.8196987,399.375,1016.25,,0.9560511,343.125,1156.875,,0.87407565,422.8125,1194.375,,0.7988459,right,142.9434718105904,1
1131,18.868850000000002,164.13092613220215,,,,,,,,,,,,,,,,,,,,357.1875,861.5625,,0.8189231,399.375,1016.25,,0.9555793,343.125,1156.875,,0.87434924,422.8125,1189.6875,,0.79904556,right,142.9434718105904,1
1132,18.885533333333335,164.57009315490723,,,,,,,,,,,,,,,,,,,,357.1875,866.25,,0.82326466,404.0625,1016.25,,0.9583299,343.125,1156.875,,0.8736242,422.8125,1189.6875,,0.79958045,right,139.21728255499332,1
1133,18.902216666666668,163.32697868347168,,,,,,,,,,,,,,,,,,,,357.1875,866.25,,0.81709576,399.375,1016.25,,0.95052105,343.125,1156.875,,0.86923635,422.8125,1194.375,,0.78810894,right,142.48995268463244,1
1134,18.9189,174.70026016235352,,,,,,,,,,,,,,,,,,,,357.1875,866.25,,0.81986696,404.0625,1016.25,,0.94699013,343.125,1156.875,,0.86573803,422.8125,1189.6875,,0.7829408,right,139.21728255499332,1
1135,18.935583333333334,164.20602798461914,,,,,,,,,,,,,,,,,,,,357.1875,866.25,,0.82343686,404.0625,1016.25,,0.95465183,343.125,1156.875,,0.8671,427.5,1194.375,,0.8002513,right,139.21728255499332,1
1136,18.952266666666667,163.5589599609375,,,,,,,,,,,,,,,,,,,,357.1875,866.25,,0.8033347,404.0625,1016.25,,0.93072945,343.125,1156.875,,0.8430313,422.8125,1189.6875,,0.7560109,right,139.21728255499332,1
1137,18.96895,174.62921142578125,,,,,,,,,,,,,,,,,,,,357.1875,866.25,,0.7950967,404.0625,1020.9375,,0.92199963,343.125,1156.875,,0.83478695,422.8125,1189.6875,,0.7492366,right,138.99605927184004,1
1138,18.985633333333332,163.94400596618652,,,,,,,,,,,,,,,,,,,,357.1875,866.25,,0.79542655,404.0625,1020.9375,,0.91778064,343.125,1156.875,,0.83748925,427.5,1189.6875,,0.76142824,right,138.99605927184004,1
1139,19.002316666666665,163.85221481323242,,,,,,,,,,,,,,,,,,,,357.1875,866.25,,0.80418724,404.0625,1020.9375,,0.9326803,343.125,1156.875,,0.85196245,427.5,1194.375,,0.7931329,right,138.99605927184004,1
1140,19.019000000000002,168.76482963562012,,,,,,,,,,,,,,,,,,,,357.1875,866.25,,0.8188935,404.0625,1020.9375,,0.9422638,343.125,1156.875,,0.8584717,427.5,1194.375,,0.793082,right,138.99605927184004,1
1141,19.035683333333335,168.4432029724121,,,,,,,,,,,,,,,,,,,,357.1875,866.25,,0.8228315,404.0625,1020.9375,,0.9497824,347.8125,1156.875,,0.868014,427.5,1189.6875,,0.81919086,right,140.6621668351586,1
1142,19.052366666666668,172.09100723266602,,,,,,,,,,,,,,,,,,,,352.5,866.25,,0.7995191,404.0625,1020.9375,,0.9273585,347.8125,1156.875,,0.85470766,427.5,1189.6875,,0.79537797,right,139.08561677997488,1
1143,19.06905,168.98417472839355,,,,,,,,,,,,,,,,,,,,357.1875,866.25,,0.78843963,404.0625,1020.9375,,0.91376626,343.125,1152.1875,,0.8391652,427.5,1189.6875,,0.770677,right,138.23683242416652,1
1144,19.085733333333334,158.76078605651855,,,,,,,,,,,,,,,,,,,,357.1875,866.25,,0.7824228,404.0625,1020.9375,,0.90627706,343.125,1152.1875,,0.83496034,427.5,1189.6875,,0.75871086,right,138.23683242416652,1
1145,19.102416666666667,163.6810302734375,,,,,,,,,,,,,,,,,,,,352.5,866.25,,0.7917697,404.0625,1020.9375,,0.9143317,347.8125,1152.1875,,0.84290516,427.5,1189.6875,,0.7838783,right,138.36646066342982,1
1146,19.1191,159.47794914245605,,,,,,,,,,,,,,,,,,,,357.1875,866.25,,0.7785397,404.0625,1020.9375,,0.90503514,347.8125,1156.875,,0.83398724,427.5,1194.375,,0.78499556,right,140.6621668351586,1
1147,19.135783333333332,161.57102584838867,,,,,,,,,,,,,,,,,,,,357.1875,866.25,,0.77184725,404.0625,1020.9375,,0.88855684,347.8125,1156.875,,0.8211758,427.5,1194.375,,0.7679993,right,140.6621668351586,1
1148,19.152466666666665,156.9511890411377,,,,,,,,,,,,,,,,,,,,357.1875,866.25,,0.77097,404.0625,1020.9375,,0.88723606,347.8125,1156.875,,0.8198688,427.5,1194.375,,0.75754845,right,140.6621668351586,1
1149,19.169150000000002,157.0439338684082,,,,,,,,,,,,,,,,,,,,357.1875,866.25,,0.7508909,404.0625,1020.9375,,0.86444443,347.8125,1152.1875,,0.797977,427.5,1194.375,,0.7351952,right,139.94301071861355,1
1150,19.185833333333335,167.31691360473633,,,,,,,,,,,,,,,,,,,,357.1875,870.9375,,0.7554486,404.0625,1020.9375,,0.8594015,347.8125,1152.1875,,0.79695517,427.5,1189.6875,,0.71703076,right,139.44738485009051,1
1151,19.202516666666668,157.17196464538574,,,,,,,,,,,,,,,,,,,,357.1875,866.25,,0.75062567,404.0625,1020.9375,,0.8628305,347.8125,1152.1875,,0.7988461,427.5,1189.6875,,0.7259876,right,139.94301071861355,1
1152,19.2192,156.74090385437012,,,,,,,,,,,,,,,,,,,,357.1875,866.25,,0.75712717,404.0625,1020.9375,,0.87245977,352.5,1152.1875,,0.81060266,427.5,1189.6875,,0.7363879,right,141.69386490515635,1
1153,19.235883333333334,169.14010047912598,,,,,,,,,,,,,,,,,,,,357.1875,866.25,,0.7601304,404.0625,1016.25,,0.8787352,352.5,1152.1875,,0.8115624,427.5,1189.6875,,0.7391834,right,141.87372068169287,1
1154,19.252566666666667,169.55995559692383,,,,,,,,,,,,,,,,,,,,357.1875,866.25,,0.7358663,404.0625,1016.25,,0.84443325,347.8125,1152.1875,,0.78754306,427.5,1189.6875,,0.7056619,right,140.1665409666356,1
1155,19.26925,169.4810390472412,,,,,,,,,,,,,,,,,,,,357.1875,866.25,,0.7515148,404.0625,1016.25,,0.86210287,347.8125,1147.5,,0.8048875,427.5,1189.6875,,0.72503626,right,139.44738485009051,1
1156,19.285933333333332,169.35133934020996,,,,,,,,,,,,,,,,,,,,357.1875,866.25,,0.7414863,404.0625,1016.25,,0.8488545,347.8125,1147.5,,0.7948141,427.5,1189.6875,,0.702201,right,139.44738485009051,1
1157,19.302616666666665,169.00873184204102,,,,,,,,,,,,,,,,,,,,352.5,866.25,,0.727262,404.0625,1016.25,,0.8179986,347.8125,1147.5,,0.7649851,427.5,1189.6875,,0.6611096,right,137.83100167786526,1
1158,19.319300000000002,157.92012214660645,,,,,,,,,,,,,,,,,,,,352.5,866.25,,0.7126057,404.0625,1016.25,,0.7914387,347.8125,1142.8125,,0.74085855,422.8125,1185.0,,0.6180393,right,137.06710321693527,1
1159,19.335983333333335,157.94706344604492,,,,,,,,,,,,,,,,,,,,352.5,866.25,,0.73624027,404.0625,1016.25,,0.8261373,347.8125,1142.8125,,0.7701237,427.5,1185.0,,0.65261286,right,137.06710321693527,1
1160,19.352666666666668,169.72684860229492,,,,,,,,,,,,,,,,,,,,352.5,866.25,,0.74857175,404.0625,1016.25,,0.84834445,347.8125,1142.8125,,0.78527474,427.5,1185.0,,0.67079365,right,137.06710321693527,1
1161,19.36935,169.04902458190918,,,,,,,,,,,,,,,,,,,,352.5,870.9375,,0.7526619,408.75,1016.25,,0.85733634,347.8125,1147.5,,0.79632455,427.5,1185.0,,0.67651343,right,133.9339713750765,1
1162,19.386033333333334,169.5570945739746,,,,,,,,,,,,,,,,,,,,352.5,870.9375,,0.7582307,408.75,1016.25,,0.86253583,347.8125,1147.5,,0.7881727,427.5,1185.0,,0.67740744,right,133.9339713750765,1
1163,19.402716666666667,169.09003257751465,,,,,,,,,,,,,,,,,,,,352.5,870.9375,,0.75809634,408.75,1016.25,,0.86354977,347.8125,1142.8125,,0.78377855,427.5,1185.0,,0.66726565,right,133.12878640236048,1
1164,19.4194,158.60509872436523,,,,,,,,,,,,,,,,,,,,352.5,870.9375,,0.7732709,408.75,1020.9375,,0.8818908,347.8125,1147.5,,0.8011893,427.5,1185.0,,0.68781245,right,133.73400099960529,1
1165,19.436083333333332,168.94292831420898,,,,,,,,,,,,,,,,,,,,352.5,870.9375,,0.7677839,413.4375,1020.9375,,0.8761486,347.8125,1142.8125,,0.7937788,427.5,1185.0,,0.6740024,right,129.58979589024196,1
1166,19.452766666666665,169.37804222106934,,,,,,,,,,,,,,,,,,,,352.5,870.9375,,0.775468,413.4375,1016.25,,0.88313985,347.8125,1142.8125,,0.8007477,427.5,1185.0,,0.68746704,right,129.84144821939395,1
1167,19.469450000000002,169.59023475646973,,,,,,,,,,,,,,,,,,,,357.1875,870.9375,,0.77381384,413.4375,1016.25,,0.8749956,347.8125,1147.5,,0.8085679,427.5,1185.0,,0.6842584,right,132.27368900609378,1
1168,19.486133333333335,158.369779586792,,,,,,,,,,,,,,,,,,,,357.1875,875.625,,0.783986,413.4375,1020.9375,,0.8873745,347.8125,1152.1875,,0.8289342,427.5,1189.6875,,0.70506585,right,132.27368900609378,1
1169,19.502816666666668,157.7746868133545,,,,,,,,,,,,,,,,,,,,357.1875,875.625,,0.78840935,413.4375,1020.9375,,0.8903927,347.8125,1152.1875,,0.8308556,427.5,1189.6875,,0.7001225,right,132.27368900609378,1
1170,19.5195,168.07293891906738,,,,,,,,,,,,,,,,,,,,352.5,875.625,,0.7878305,413.4375,1020.9375,,0.8898187,343.125,1152.1875,,0.8260438,422.8125,1189.6875,,0.695289,right,129.0704335472532,1
1171,19.536183333333334,159.13796424865723,,,,,,,,,,,,,,,,,,,,352.5,875.625,,0.7878332,413.4375,1020.9375,,0.8898822,343.125,1152.1875,,0.82576585,427.5,1189.6875,,0.70347047,right,129.0704335472532,1
1172,19.552866666666667,169.23785209655762,,,,,,,,,,,,,,,,,,,,352.5,875.625,,0.7909993,413.4375,1020.9375,,0.89500856,343.125,1152.1875,,0.82580817,427.5,1189.6875,,0.7056812,right,129.0704335472532,1
1173,19.56955,169.38495635986328,,,,,,,,,,,,,,,,,,,,357.1875,875.625,,0.78112245,408.75,1020.9375,,0.8807715,343.125,1152.1875,,0.81308985,422.8125,1189.6875,,0.68407345,right,133.89829388479362,1
1174,19.586233333333332,158.76102447509766,,,,,,,,,,,,,,,,,,,,352.5,875.625,,0.78201354,408.75,1020.9375,,0.8878956,343.125,1156.875,,0.82137644,422.8125,1189.6875,,0.70083594,right,133.069412558833,1
1175,19.602916666666665,158.0827236175537,,,,,,,,,,,,,,,,,,,,352.5,875.625,,0.78879505,408.75,1020.9375,,0.89012706,343.125,1152.1875,,0.8168598,418.125,1189.6875,,0.694165,right,132.27368900609378,1
1176,19.619600000000002,169.05784606933594,,,,,,,,,,,,,,,,,,,,357.1875,875.625,,0.7812774,413.4375,1020.9375,,0.87809205,343.125,1152.1875,,0.8053923,418.125,1189.6875,,0.6789605,right,130.6601500732125,1
1177,19.636283333333335,159.18397903442383,,,,,,,,,,,,,,,,,,,,357.1875,875.625,,0.7738227,408.75,1020.9375,,0.87390375,343.125,1156.875,,0.80461943,413.4375,1189.6875,,0.6728281,right,134.69401743753286,1
1178,19.652966666666668,146.54111862182617,,,,,,,,,,,,,,,,,,,,357.1875,875.625,,0.7703172,408.75,1020.9375,,0.86860824,343.125,1156.875,,0.79920155,413.4375,1189.6875,,0.6642202,right,134.69401743753286,1
1179,19.66965,156.15224838256836,,,,,,,,,,,,,,,,,,,,357.1875,875.625,,0.7649174,408.75,1020.9375,,0.8612523,343.125,1156.875,,0.7940921,413.4375,1189.6875,,0.6596737,right,134.69401743753286,1
1180,19.686333333333334,160.19201278686523,,,,,,,,,,,,,,,,,,,,352.5,870.9375,,0.79932135,408.75,1020.9375,,0.8639653,343.125,1152.1875,,0.7765881,408.75,1194.375,,0.7044306,right,132.87890360333853,1
1181,19.703016666666667,154.07896041870117,,,,,,,,,,,,,,,,,,,,352.5,870.9375,,0.7930117,408.75,1020.9375,,0.86944056,338.4375,1152.1875,,0.77942264,408.75,1189.6875,,0.6972914,right,131.26536467045733,1
1182,19.7197,154.7839641571045,,,,,,,,,,,,,,,,,,,,352.5,870.9375,,0.7936591,408.75,1020.9375,,0.87025404,338.4375,1152.1875,,0.7834629,408.75,1189.6875,,0.70087606,right,131.26536467045733,1
1183,19.736383333333333,158.67280960083008,,,,,,,,,,,,,,,,,,,,352.5,870.9375,,0.7887154,408.75,1020.9375,,0.8670521,338.4375,1152.1875,,0.78041005,408.75,1189.6875,,0.6943532,right,131.26536467045733,1
1184,19.753066666666665,159.0430736541748,,,,,,,,,,,,,,,,,,,,352.5,870.9375,,0.78288084,408.75,1020.9375,,0.8622949,338.4375,1147.5,,0.76896465,408.75,1189.6875,,0.6840956,right,130.38935068133938,1
1185,19.769750000000002,158.93983840942383,,,,,,,,,,,,,,,,,,,,352.5,870.9375,,0.77820206,408.75,1020.9375,,0.8623711,343.125,1147.5,,0.7790201,413.4375,1189.6875,,0.6939227,right,132.03637934259817,1
1186,19.786433333333335,160.0959300994873,,,,,,,,,,,,,,,,,,,,352.5,870.9375,,0.7720796,408.75,1020.9375,,0.85372716,338.4375,1142.8125,,0.76457,408.75,1189.6875,,0.67882,right,129.4623154115672,1
1187,19.803116666666668,167.6809787750244,,,,,,,,,,,,,,,,,,,,352.5,870.9375,,0.77500796,408.75,1016.25,,0.8547495,338.4375,1142.8125,,0.763986,408.75,1189.6875,,0.6787683,right,129.78413608409457,1
1188,19.8198,166.58306121826172,,,,,,,,,,,,,,,,,,,,352.5,870.9375,,0.772104,408.75,1016.25,,0.85051405,338.4375,1142.8125,,0.75771034,413.4375,1189.6875,,0.67012846,right,129.78413608409457,1
1189,19.836483333333334,169.07501220703125,,,,,,,,,,,,,,,,,,,,352.5,870.9375,,0.7781129,413.4375,1016.25,,0.8656009,343.125,1142.8125,,0.77786,413.4375,1189.6875,,0.68303716,right,128.19441955813522,1
1190,19.853166666666667,160.42113304138184,,,,,,,,,,,,,,,,,,,,352.5,870.9375,,0.779386,408.75,1016.25,,0.86435986,343.125,1142.8125,,0.7758106,418.125,1189.6875,,0.6850765,right,131.4311647453533,1
1191,19.86985,162.92905807495117,,,,,,,,,,,,,,,,,,,,352.5,870.9375,,0.7779373,408.75,1016.25,,0.8617073,343.125,1142.8125,,0.7716293,418.125,1189.6875,,0.6810043,right,131.4311647453533,1
1192,19.886533333333333,157.81784057617188,,,,,,,,,,,,,,,,,,,,352.5,870.9375,,0.7840543,413.4375,1016.25,,0.8739538,343.125,1142.8125,,0.7854967,418.125,1189.6875,,0.6970204,right,128.19441955813522,1
1193,19.903216666666665,159.06786918640137,,,,,,,,,,,,,,,,,,,,357.1875,870.9375,,0.77887154,413.4375,1016.25,,0.87784183,343.125,1147.5,,0.80734086,422.8125,1189.6875,,0.71259415,right,130.6601500732125,1
1194,19.919900000000002,157.81235694885254,,,,,,,,,,,,,,,,,,,,357.1875,870.9375,,0.78331757,413.4375,1016.25,,0.8849437,343.125,1142.8125,,0.8133642,422.8125,1189.6875,,0.72317606,right,129.78413608409457,1
1195,19.936583333333335,169.2337989807129,,,,,,,,,,,,,,,,,,,,357.1875,870.9375,,0.7829856,413.4375,1016.25,,0.8876761,343.125,1142.8125,,0.8186526,427.5,1189.6875,,0.7314539,right,129.78413608409457,1
1196,19.953266666666668,159.92403030395508,,,,,,,,,,,,,,,,,,,,357.1875,870.9375,,0.7950481,413.4375,1016.25,,0.90396357,347.8125,1147.5,,0.835939,427.5,1189.6875,,0.77222884,right,132.27368900609378,1
1197,19.96995,152.53019332885742,,,,,,,,,,,,,,,,,,,,357.1875,870.9375,,0.8015319,413.4375,1016.25,,0.91676813,347.8125,1147.5,,0.8419348,432.1875,1189.6875,,0.79321456,right,132.27368900609378,1
1198,19.986633333333334,157.32192993164062,,,,,,,,,,,,,,,,,,,,357.1875,866.25,,0.78701454,413.4375,1016.25,,0.90025663,343.125,1147.5,,0.8294928,427.5,1189.6875,,0.7732339,right,131.26536467045733,1
1199,20.003316666666667,163.17486763000488,,,,,,,,,,,,,,,,,,,,352.5,866.25,,0.78601706,413.4375,1016.25,,0.8913448,347.8125,1142.8125,,0.8236158,427.5,1189.6875,,0.7470869,right,130.4829762184299,1
1200,20.02,158.50496292114258,,,,,,,,,,,,,,,,,,,,352.5,866.25,,0.7731219,408.75,1016.25,,0.8733618,343.125,1142.8125,,0.8080109,427.5,1189.6875,,0.73283374,right,132.03637934259817,1
1201,20.036683333333333,145.8752155303955,,,,,,,,,,,,,,,,,,,,352.5,866.25,,0.7789882,408.75,1016.25,,0.8850969,347.8125,1142.8125,,0.81789863,427.5,1189.6875,,0.7389684,right,133.73400099960529,1
1202,20.053366666666665,152.2979736328125,,,,,,,,,,,,,,,,,,,,352.5,866.25,,0.7788142,413.4375,1016.25,,0.8865981,347.8125,1142.8125,,0.8114979,427.5,1189.6875,,0.7394124,right,130.4829762184299,1
1203,20.070050000000002,157.71889686584473,,,,,,,,,,,,,,,,,,,,352.5,866.25,,0.7793242,413.4375,1016.25,,0.88579917,343.125,1142.8125,,0.8070034,427.5,1189.6875,,0.7361516,right,128.8359475571712,1
1204,20.086733333333335,158.04219245910645,,,,,,,,,,,,,,,,,,,,352.5,866.25,,0.7843929,408.75,1016.25,,0.8900991,343.125,1142.8125,,0.8028193,427.5,1189.6875,,0.74901927,right,132.03637934259817,1
1205,20.103416666666668,158.41317176818848,,,,,,,,,,,,,,,,,,,,352.5,866.25,,0.7684989,408.75,1016.25,,0.882011,343.125,1142.8125,,0.8047786,422.8125,1189.6875,,0.7349952,right,132.03637934259817,1
1206,20.1201,159.64317321777344,,,,,,,,,,,,,,,,,,,,352.5,861.5625,,0.7729483,408.75,1016.25,,0.8886026,343.125,1142.8125,,0.81429565,422.8125,1189.6875,,0.7576771,right,132.6093180402816,1
1207,20.136783333333334,161.40198707580566,,,,,,,,,,,,,,,,,,,,352.5,861.5625,,0.76827234,408.75,1016.25,,0.8719039,343.125,1142.8125,,0.8024517,422.8125,1189.6875,,0.7413622,right,132.6093180402816,1
1208,20.153466666666667,160.36391258239746,,,,,,,,,,,,,,,,,,,,352.5,861.5625,,0.77320325,404.0625,1016.25,,0.8628061,343.125,1142.8125,,0.794172,422.8125,1189.6875,,0.73511267,right,135.8550973962667,1
1209,20.17015,159.85727310180664,,,,,,,,,,,,,,,,,,,,352.5,861.5625,,0.7681839,408.75,1011.5625,,0.8612295,343.125,1142.8125,,0.79953873,427.5,1189.6875,,0.7341464,right,132.87890360333853,1
1210,20.186833333333333,160.52985191345215,,,,,,,,,,,,,,,,,,,,352.5,861.5625,,0.7550366,404.0625,1011.5625,,0.8568708,347.8125,1142.8125,,0.7916649,427.5,1185.0,,0.72166926,right,137.83100167786526,1
1211,20.203516666666665,161.2081527709961,,,,,,,,,,,,,,,,,,,,352.5,861.5625,,0.76696837,404.0625,1011.5625,,0.8678067,347.8125,1142.8125,,0.79352665,427.5,1185.0,,0.7363743,right,137.83100167786526,1
1212,20.220200000000002,157.72128105163574,,,,,,,,,,,,,,,,,,,,352.5,861.5625,,0.7790264,399.375,1011.5625,,0.8703699,347.8125,1142.8125,,0.7840946,427.5,1185.0,,0.7328577,right,141.19823903663334,1
1213,20.236883333333335,161.22794151306152,,,,,,,,,,,,,,,,,,,,352.5,861.5625,,0.78150976,404.0625,1011.5625,,0.8841809,347.8125,1142.8125,,0.80700594,427.5,1185.0,,0.7568676,right,137.83100167786526,1
1214,20.253566666666668,170.06516456604004,,,,,,,,,,,,,,,,,,,,352.5,856.875,,0.7806613,404.0625,1011.5625,,0.89004654,347.8125,1142.8125,,0.81350815,427.5,1185.0,,0.75676185,right,138.36646066342982,1
1215,20.27025,164.16621208190918,,,,,,,,,,,,,,,,,,,,352.5,856.875,,0.77301145,404.0625,1006.875,,0.9053567,347.8125,1142.8125,,0.8288837,427.5,1185.0,,0.77575326,right,138.55015779441035,1
1216,20.286933333333334,167.22464561462402,,,,,,,,,,,,,,,,,,,,352.5,856.875,,0.75417686,404.0625,1006.875,,0.87799484,347.8125,1142.8125,,0.80936897,427.5,1185.0,,0.7439819,right,138.55015779441035,1
1217,20.303616666666667,166.2750244140625,,,,,,,,,,,,,,,,,,,,352.5,856.875,,0.7347895,399.375,1006.875,,0.8433144,343.125,1138.125,,0.7812949,427.5,1180.3125,,0.70280445,right,139.44738485009051,1
1218,20.3203,168.81084442138672,,,,,,,,,,,,,,,,,,,,352.5,852.1875,,0.7272075,399.375,1006.875,,0.8328005,343.125,1138.125,,0.7694558,427.5,1180.3125,,0.68497133,right,139.94301071861355,1
1219,20.336983333333333,169.17181015014648,,,,,,,,,,,,,,,,,,,,352.5,852.1875,,0.7404933,399.375,1006.875,,0.8497622,347.8125,1142.8125,,0.78334045,427.5,1180.3125,,0.7100296,right,142.36934655021588,1
1220,20.353666666666665,149.82199668884277,,,,,,,,,,,,,,,,,,,,352.5,852.1875,,0.7242456,399.375,1006.875,,0.8217806,347.8125,1142.8125,,0.7560214,427.5,1180.3125,,0.66936123,right,142.36934655021588,1
1221,20.370350000000002,160.39299964904785,,,,,,,,,,,,,,,,,,,,357.1875,847.5,,0.73965204,394.6875,1002.1875,,0.82862484,343.125,1138.125,,0.746606,427.5,1180.3125,,0.6681156,right,145.60075045806263,1
1222,20.387033333333335,158.2930088043213,,,,,,,,,,,,,,,,,,,,352.5,847.5,,0.7282625,394.6875,1002.1875,,0.82682264,343.125,1138.125,,0.75967306,427.5,1180.3125,,0.67584336,right,143.9726266148964,1
1223,20.403716666666668,153.06878089904785,,,,,,,,,,,,,,,,,,,,352.5,847.5,,0.748062,394.6875,1002.1875,,0.84316885,343.125,1138.125,,0.7621802,427.5,1180.3125,,0.67770725,right,143.9726266148964,1
1224,20.4204,155.19285202026367,,,,,,,,,,,,,,,,,,,,352.5,847.5,,0.7647484,394.6875,997.5,,0.8758435,338.4375,1133.4375,,0.7626054,422.8125,1175.625,,0.67193365,right,141.81192777388117,1
1225,20.437083333333334,153.43213081359863,,,,,,,,,,,,,,,,,,,,352.5,847.5,,0.7599565,394.6875,997.5,,0.8708752,338.4375,1133.4375,,0.7705675,422.8125,1175.625,,0.66724193,right,141.81192777388117,1
1226,20.453766666666667,162.08314895629883,,,,,,,,,,,,,,,,,,,,352.5,842.8125,,0.78909963,394.6875,997.5,,0.91273904,343.125,1138.125,,0.83224344,427.5,1175.625,,0.7416353,right,144.60857786869408,1
1227,20.47045,161.03219985961914,,,,,,,,,,,,,,,,,,,,352.5,842.8125,,0.7902099,394.6875,997.5,,0.9038691,343.125,1138.125,,0.8197231,422.8125,1175.625,,0.7297088,right,144.60857786869408,1
1228,20.487133333333333,160.89510917663574,,,,,,,,,,,,,,,,,,,,352.5,842.8125,,0.7799975,390.0,997.5,,0.88549984,343.125,1138.125,,0.802475,422.8125,1170.9375,,0.6977358,right,147.93805631718644,1
1229,20.503816666666665,160.80498695373535,,,,,,,,,,,,,,,,,,,,352.5,838.125,,0.7877494,390.0,992.8125,,0.89920056,343.125,1142.8125,,0.8277254,427.5,1170.9375,,0.74263334,right,149.01898050384716,1
1230,20.520500000000002,163.70272636413574,,,,,,,,,,,,,,,,,,,,352.5,842.8125,,0.80359364,385.3125,997.5,,0.9147705,343.125,1142.8125,,0.8319046,422.8125,1175.625,,0.7371305,right,151.83466129876973,1
1231,20.537183333333335,164.05010223388672,,,,,,,,,,,,,,,,,,,,352.5,842.8125,,0.81021404,385.3125,997.5,,0.92161155,343.125,1142.8125,,0.8225851,422.8125,1170.9375,,0.7223643,right,151.83466129876973,1
1232,20.553866666666668,163.9268398284912,,,,,,,,,,,,,,,,,,,,357.1875,838.125,,0.8134395,385.3125,997.5,,0.93296754,343.125,1142.8125,,0.8311255,422.8125,1170.9375,,0.73268515,right,153.80281394153175,1
1233,20.57055,153.4106731414795,,,,,,,,,,,,,,,,,,,,357.1875,838.125,,0.8182638,385.3125,997.5,,0.9393177,343.125,1142.8125,,0.8389797,422.8125,1170.9375,,0.743899,right,153.80281394153175,1
1234,20.587233333333334,164.58702087402344,,,,,,,,,,,,,,,,,,,,357.1875,838.125,,0.80369794,385.3125,992.8125,,0.93153954,343.125,1142.8125,,0.8418131,422.8125,1175.625,,0.75622094,right,153.98651570221824,1
1235,20.603916666666667,164.07394409179688,,,,,,,,,,,,,,,,,,,,357.1875,838.125,,0.81009996,385.3125,992.8125,,0.9429561,343.125,1147.5,,0.8549212,427.5,1175.625,,0.77905476,right,154.4400348281762,1
1236,20.6206,175.34995079040527,,,,,,,,,,,,,,,,,,,,357.1875,838.125,,0.8161317,385.3125,992.8125,,0.9431056,343.125,1147.5,,0.85951424,422.8125,1175.625,,0.7796544,right,154.4400348281762,1
1237,20.637283333333333,157.55009651184082,,,,,,,,,,,,,,,,,,,,357.1875,838.125,,0.8160007,385.3125,992.8125,,0.9467749,338.4375,1147.5,,0.8582958,422.8125,1170.9375,,0.7720114,right,152.83675476349572,1
1238,20.653966666666665,157.08208084106445,,,,,,,,,,,,,,,,,,,,357.1875,838.125,,0.8127472,385.3125,992.8125,,0.9434171,338.4375,1147.5,,0.8510314,418.125,1170.9375,,0.75904864,right,152.83675476349572,1
1239,20.670650000000002,162.53399848937988,,,,,,,,,,,,,,,,,,,,352.5,833.4375,,0.82633376,380.625,992.8125,,0.95778996,338.4375,1147.5,,0.8743727,418.125,1175.625,,0.81906796,right,154.73690149550094,1
1240,20.687333333333335,163.68412971496582,,,,,,,,,,,,,,,,,,,,352.5,833.4375,,0.82772756,380.625,992.8125,,0.95865023,338.4375,1147.5,,0.8756232,413.4375,1170.9375,,0.8137506,right,154.73690149550094,1
1241,20.704016666666668,159.4250202178955,,,,,,,,,,,,,,,,,,,,352.5,833.4375,,0.8205269,380.625,992.8125,,0.9573426,343.125,1147.5,,0.88040155,413.4375,1175.625,,0.81915635,right,156.3650253386671,1
1242,20.7207,154.35218811035156,,,,,,,,,,,,,,,,,,,,357.1875,833.4375,,0.8219374,375.9375,992.8125,,0.96696264,343.125,1147.5,,0.88567805,413.4375,1170.9375,,0.82306767,right,161.31403074803976,1
1243,20.737383333333334,158.72883796691895,,,,,,,,,,,,,,,,,,,,357.1875,833.4375,,0.82875395,375.9375,992.8125,,0.97826374,343.125,1147.5,,0.89214134,413.4375,1170.9375,,0.84381205,right,161.31403074803976,1
1244,20.754066666666667,175.30584335327148,,,,,,,,,,,,,,,,,,,,357.1875,828.75,,0.81118643,375.9375,988.125,,0.9460255,343.125,1142.8125,,0.86932313,413.4375,1166.25,,0.79937685,right,161.31403074803976,1
1245,20.77075,146.87228202819824,,,,,,,,,,,,,,,,,,,,357.1875,828.75,,0.8100008,375.9375,988.125,,0.9439095,343.125,1142.8125,,0.8733426,413.4375,1170.9375,,0.81864935,right,161.31403074803976,1
1246,20.787433333333333,152.19902992248535,,,,,,,,,,,,,,,,,,,,357.1875,833.4375,,0.8153017,375.9375,992.8125,,0.9475974,338.4375,1142.8125,,0.8759255,418.125,1170.9375,,0.80579066,right,159.2539197243166,1
1247,20.804116666666665,158.01405906677246,,,,,,,,,,,,,,,,,,,,357.1875,828.75,,0.807723,375.9375,988.125,,0.93189037,338.4375,1142.8125,,0.8621458,418.125,1170.9375,,0.7898431,right,159.66316833235152,1
1248,20.820800000000002,189.46099281311035,,,,,,,,,,,,,,,,,,,,357.1875,828.75,,0.81230736,375.9375,988.125,,0.935081,343.125,1142.8125,,0.8654574,418.125,1170.9375,,0.7780262,right,161.31403074803976,1
1249,20.837483333333335,159.27600860595703,,,,,,,,,,,,,,,,,,,,352.5,828.75,,0.81816363,371.25,992.8125,,0.9290501,343.125,1142.8125,,0.86143076,418.125,1170.9375,,0.7606944,right,162.8605429721879,1
1250,20.854166666666668,159.38925743103027,,,,,,,,,,,,,,,,,,,,352.5,833.4375,,0.8102609,371.25,992.8125,,0.92082554,343.125,1142.8125,,0.8513272,422.8125,1170.9375,,0.75202453,right,162.6705079160879,1
1251,20.87085,149.53088760375977,,,,,,,,,,,,,,,,,,,,352.5,828.75,,0.82649565,371.25,992.8125,,0.9360736,343.125,1142.8125,,0.8622433,422.8125,1170.9375,,0.77469045,right,162.8605429721879,1
1252,20.887533333333334,153.89323234558105,,,,,,,,,,,,,,,,,,,,352.5,828.75,,0.8265854,371.25,988.125,,0.9372091,343.125,1142.8125,,0.86219704,427.5,1170.9375,,0.7865837,right,162.9853167234771,1
1253,20.904216666666667,161.87000274658203,,,,,,,,,,,,,,,,,,,,352.5,828.75,,0.8197422,371.25,988.125,,0.92219865,343.125,1142.8125,,0.8512616,422.8125,1170.9375,,0.74964714,right,162.9853167234771,1
1254,20.9209,167.44709014892578,,,,,,,,,,,,,,,,,,,,352.5,824.0625,,0.8260211,371.25,983.4375,,0.9291041,343.125,1138.125,,0.86807466,422.8125,1170.9375,,0.8241322,right,162.9853167234771,1
1255,20.937583333333333,156.494140625,,,,,,,,,,,,,,,,,,,,357.1875,824.0625,,0.82821316,371.25,983.4375,,0.92755896,343.125,1138.125,,0.8628439,422.8125,1170.9375,,0.8289788,right,164.65270246206313,1
1256,20.954266666666665,156.0037136077881,,,,,,,,,,,,,,,,,,,,357.1875,824.0625,,0.83223844,371.25,983.4375,,0.9414722,343.125,1138.125,,0.86658216,427.5,1170.9375,,0.81664145,right,164.65270246206313,1
1257,20.970950000000002,160.84885597229004,,,,,,,,,,,,,,,,,,,,357.1875,824.0625,,0.83871937,371.25,983.4375,,0.9518944,343.125,1138.125,,0.8725184,427.5,1170.9375,,0.83198774,right,164.65270246206313,1
1258,20.987633333333335,161.79585456848145,,,,,,,,,,,,,,,,,,,,357.1875,824.0625,,0.833307,371.25,983.4375,,0.9564517,343.125,1138.125,,0.87384534,427.5,1170.9375,,0.83490807,right,164.65270246206313,1
1259,21.004316666666668,160.34984588623047,,,,,,,,,,,,,,,,,,,,357.1875,824.0625,,0.849334,371.25,988.125,,0.97969043,343.125,1142.8125,,0.88947463,427.5,1170.9375,,0.8622915,right,164.79606107744627,1
1260,21.021,150.18105506896973,,,,,,,,,,,,,,,,,,,,357.1875,824.0625,,0.84636223,371.25,988.125,,0.9738116,343.125,1142.8125,,0.88504386,427.5,1170.9375,,0.87366396,right,164.79606107744627,1
1261,21.037683333333334,163.57111930847168,,,,,,,,,,,,,,,,,,,,357.1875,824.0625,,0.8441389,371.25,988.125,,0.9713298,343.125,1142.8125,,0.88255984,427.5,1170.9375,,0.8518153,right,164.79606107744627,1
1262,21.054366666666667,162.44196891784668,,,,,,,,,,,,,,,,,,,,357.1875,824.0625,,0.8379974,371.25,988.125,,0.96600294,343.125,1142.8125,,0.8746926,427.5,1170.9375,,0.8374165,right,164.79606107744627,1
1263,21.07105,161.1027717590332,,,,,,,,,,,,,,,,,,,,357.1875,828.75,,0.8385025,371.25,988.125,,0.96503025,343.125,1142.8125,,0.8706577,427.5,1170.9375,,0.8226092,right,164.65270246206313,1
1264,21.087733333333333,160.0198745727539,,,,,,,,,,,,,,,,,,,,357.1875,828.75,,0.8440509,371.25,988.125,,0.9708861,343.125,1138.125,,0.87245107,427.5,1170.9375,,0.81782603,right,164.33789365467393,1
1265,21.104416666666665,171.55098915100098,,,,,,,,,,,,,,,,,,,,357.1875,828.75,,0.8456075,371.25,988.125,,0.9715533,343.125,1138.125,,0.8735671,427.5,1170.9375,,0.81564045,right,164.33789365467393,1
1266,21.121100000000002,159.87372398376465,,,,,,,,,,,,,,,,,,,,357.1875,828.75,,0.84016913,371.25,988.125,,0.9680425,343.125,1138.125,,0.8718699,427.5,1170.9375,,0.81993437,right,164.33789365467393,1
1267,21.137783333333335,161.93103790283203,,,,,,,,,,,,,,,,,,,,357.1875,828.75,,0.8439493,371.25,988.125,,0.9713645,343.125,1138.125,,0.8731144,427.5,1166.25,,0.8127396,right,164.33789365467393,1
1268,21.154466666666668,161.21315956115723,,,,,,,,,,,,,,,,,,,,357.1875,828.75,,0.8517531,371.25,988.125,,0.9763386,343.125,1138.125,,0.8770999,422.8125,1166.25,,0.80782616,right,164.33789365467393,1
1269,21.17115,162.1420383453369,,,,,,,,,,,,,,,,,,,,357.1875,828.75,,0.85691535,371.25,988.125,,0.9812606,343.125,1138.125,,0.88308346,427.5,1166.25,,0.8119192,right,164.33789365467393,1
1270,21.187833333333334,161.6649627685547,,,,,,,,,,,,,,,,,,,,357.1875,824.0625,,0.8563887,371.25,988.125,,0.9800941,343.125,1138.125,,0.8826799,427.5,1166.25,,0.8062538,right,164.48125227005718,1
1271,21.204516666666667,162.8410816192627,,,,,,,,,,,,,,,,,,,,357.1875,828.75,,0.8525189,371.25,988.125,,0.9769553,343.125,1138.125,,0.8767455,427.5,1166.25,,0.80243844,right,164.33789365467393,1
1272,21.2212,171.4019775390625,,,,,,,,,,,,,,,,,,,,357.1875,828.75,,0.8536633,371.25,988.125,,0.97706896,343.125,1138.125,,0.879163,427.5,1166.25,,0.8006577,right,164.33789365467393,1
1273,21.237883333333333,171.43726348876953,,,,,,,,,,,,,,,,,,,,357.1875,824.0625,,0.8525515,371.25,983.4375,,0.97349405,343.125,1133.4375,,0.87390983,427.5,1166.25,,0.78541124,right,164.33789365467393,1
1274,21.254566666666665,162.82916069030762,,,,,,,,,,,,,,,,,,,,357.1875,824.0625,,0.84847724,371.25,983.4375,,0.96918523,343.125,1138.125,,0.87100327,427.5,1166.25,,0.78972936,right,164.65270246206313,1
1275,21.271250000000002,150.53629875183105,,,,,,,,,,,,,,,,,,,,357.1875,824.0625,,0.84782803,371.25,983.4375,,0.9633882,343.125,1133.4375,,0.8675314,422.8125,1166.25,,0.77423453,right,164.33789365467393,1
1276,21.287933333333335,168.98417472839355,,,,,,,,,,,,,,,,,,,,357.1875,824.0625,,0.8484601,371.25,983.4375,,0.9599018,343.125,1133.4375,,0.8662996,422.8125,1166.25,,0.7718379,right,164.33789365467393,1
1277,21.304616666666668,168.50614547729492,,,,,,,,,,,,,,,,,,,,357.1875,824.0625,,0.84500575,371.25,983.4375,,0.95769936,343.125,1133.4375,,0.8627784,422.8125,1166.25,,0.7736224,right,164.33789365467393,1
1278,21.3213,168.1680679321289,,,,,,,,,,,,,,,,,,,,357.1875,824.0625,,0.8361542,371.25,983.4375,,0.9458865,343.125,1133.4375,,0.8587104,422.8125,1166.25,,0.77308106,right,164.33789365467393,1
1279,21.337983333333334,168.43295097351074,,,,,,,,,,,,,,,,,,,,361.875,824.0625,,0.854909,375.9375,983.4375,,0.9668561,343.125,1133.4375,,0.8704306,422.8125,1166.25,,0.7783806,right,162.6184616525029,1
1280,21.354666666666667,161.38195991516113,,,,,,,,,,,,,,,,,,,,361.875,824.0625,,0.8606007,375.9375,983.4375,,0.97546697,343.125,1133.4375,,0.8766751,422.8125,1166.25,,0.77781093,right,162.6184616525029,1
1281,21.37135,170.6407070159912,,,,,,,,,,,,,,,,,,,,361.875,824.0625,,0.86033165,375.9375,978.75,,0.97856665,343.125,1133.4375,,0.87777257,422.8125,1161.5625,,0.7778325,right,162.82943864806185,1
1282,21.388033333333333,153.88989448547363,,,,,,,,,,,,,,,,,,,,361.875,824.0625,,0.85243785,375.9375,978.75,,0.9738731,343.125,1133.4375,,0.87224793,422.8125,1161.5625,,0.77547807,right,162.82943864806185,1
1283,21.404716666666666,158.97703170776367,,,,,,,,,,,,,,,,,,,,361.875,824.0625,,0.85395944,375.9375,978.75,,0.97778046,343.125,1128.75,,0.8682368,418.125,1161.5625,,0.7648263,right,162.46648381393902,1
1284,21.421400000000002,169.15202140808105,,,,,,,,,,,,,,,,,,,,361.875,824.0625,,0.8405814,375.9375,978.75,,0.9664403,343.125,1133.4375,,0.8630852,418.125,1161.5625,,0.7682748,right,162.82943864806185,1
1285,21.438083333333335,168.98822784423828,,,,,,,,,,,,,,,,,,,,361.875,824.0625,,0.8348658,375.9375,978.75,,0.96277833,343.125,1128.75,,0.8574085,418.125,1161.5625,,0.7577249,right,162.46648381393902,1
1286,21.454766666666668,158.33806991577148,,,,,,,,,,,,,,,,,,,,361.875,824.0625,,0.84290373,375.9375,978.75,,0.9677179,343.125,1128.75,,0.85903597,418.125,1161.5625,,0.76579654,right,162.46648381393902,1
1287,21.47145,170.72510719299316,,,,,,,,,,,,,,,,,,,,361.875,824.0625,,0.84613395,375.9375,983.4375,,0.96963245,343.125,1133.4375,,0.867777,418.125,1161.5625,,0.78302836,right,162.6184616525029,1
1288,21.488133333333334,171.34475708007812,,,,,,,,,,,,,,,,,,,,361.875,824.0625,,0.852978,375.9375,983.4375,,0.9779974,343.125,1133.4375,,0.8748338,418.125,1161.5625,,0.80895793,right,162.6184616525029,1
1289,21.504816666666667,171.22673988342285,,,,,,,,,,,,,,,,,,,,361.875,819.375,,0.83980983,375.9375,978.75,,0.95813453,343.125,1128.75,,0.86082613,418.125,1161.5625,,0.79336274,right,162.6184616525029,1
1290,21.5215,161.0720157623291,,,,,,,,,,,,,,,,,,,,357.1875,824.0625,,0.84296924,375.9375,978.75,,0.9582106,343.125,1128.75,,0.85501075,413.4375,1156.875,,0.76363385,right,160.7496856026491,1
1291,21.538183333333333,160.57491302490234,,,,,,,,,,,,,,,,,,,,357.1875,824.0625,,0.8267621,375.9375,978.75,,0.9400899,343.125,1124.0625,,0.8324731,413.4375,1156.875,,0.734031,right,160.3644171955529,1
1292,21.554866666666666,159.82890129089355,,,,,,,,,,,,,,,,,,,,357.1875,824.0625,,0.8322568,375.9375,983.4375,,0.9482865,343.125,1124.0625,,0.8319701,413.4375,1152.1875,,0.7199364,right,160.15614088584675,1
1293,21.571550000000002,160.22515296936035,,,,,,,,,,,,,,,,,,,,357.1875,824.0625,,0.8231945,375.9375,978.75,,0.9408846,343.125,1124.0625,,0.82997996,408.75,1152.1875,,0.71207076,right,160.3644171955529,1
1294,21.588233333333335,162.18209266662598,,,,,,,,,,,,,,,,,,,,357.1875,824.0625,,0.8181373,375.9375,983.4375,,0.93372047,343.125,1128.75,,0.8328187,408.75,1156.875,,0.73268175,right,160.5658075068207,1
1295,21.604916666666668,160.5360507965088,,,,,,,,,,,,,,,,,,,,357.1875,824.0625,,0.8341664,371.25,983.4375,,0.95538723,343.125,1133.4375,,0.8534682,408.75,1156.875,,0.74911493,right,164.33789365467393,1
1296,21.6216,160.57491302490234,,,,,,,,,,,,,,,,,,,,361.875,824.0625,,0.83516955,375.9375,983.4375,,0.96428156,343.125,1133.4375,,0.8617412,408.75,1156.875,,0.7651162,right,162.6184616525029,1
1297,21.638283333333334,160.2189540863037,,,,,,,,,,,,,,,,,,,,361.875,824.0625,,0.8299366,375.9375,978.75,,0.9527583,343.125,1133.4375,,0.85439974,408.75,1156.875,,0.7600051,right,162.82943864806185,1
1298,21.654966666666667,160.68029403686523,,,,,,,,,,,,,,,,,,,,357.1875,819.375,,0.81985396,375.9375,974.0625,,0.94280434,347.8125,1133.4375,,0.8700229,408.75,1156.875,,0.8293997,right,163.080793079534,1
1299,21.67165,160.2022647857666,,,,,,,,,,,,,,,,,,,,357.1875,824.0625,,0.8233882,375.9375,978.75,,0.9499187,347.8125,1133.4375,,0.8668144,413.4375,1161.5625,,0.81676596,right,162.78392641220924,1
1300,21.688333333333333,160.05206108093262,,,,,,,,,,,,,,,,,,,,361.875,824.0625,,0.8275397,375.9375,978.75,,0.9553327,347.8125,1133.4375,,0.86983615,413.4375,1161.5625,,0.8283768,right,164.5007246234992,1
1301,21.705016666666666,160.95399856567383,,,,,,,,,,,,,,,,,,,,361.875,819.375,,0.8305342,375.9375,978.75,,0.9643136,347.8125,1133.4375,,0.8744738,418.125,1166.25,,0.84758675,right,164.65270246206313,1
1302,21.721700000000002,159.93189811706543,,,,,,,,,,,,,,,,,,,,361.875,824.0625,,0.82579106,380.625,978.75,,0.9521085,347.8125,1133.4375,,0.86486876,418.125,1166.25,,0.81405985,right,161.11264043677195,1
1303,21.738383333333335,160.48526763916016,,,,,,,,,,,,,,,,,,,,361.875,824.0625,,0.8228642,380.625,978.75,,0.9519219,347.8125,1133.4375,,0.85912335,418.125,1161.5625,,0.79507613,right,161.11264043677195,1
1304,21.755066666666668,170.8528995513916,,,,,,,,,,,,,,,,,,,,357.1875,824.0625,,0.81257695,380.625,978.75,,0.93857265,347.8125,1133.4375,,0.8484231,418.125,1161.5625,,0.792223,right,159.4082193716325,1
1305,21.77175,171.95415496826172,,,,,,,,,,,,,,,,,,,,357.1875,824.0625,,0.8131362,385.3125,974.0625,,0.9371762,347.8125,1128.75,,0.850112,418.125,1161.5625,,0.80367893,right,155.75334986395336,1
1306,21.788433333333334,171.60797119140625,,,,,,,,,,,,,,,,,,,,357.1875,824.0625,,0.8213775,385.3125,978.75,,0.95377654,347.8125,1133.4375,,0.8600055,422.8125,1166.25,,0.8341696,right,156.0681586713424,1
1307,21.805116666666667,172.13010787963867,,,,,,,,,,,,,,,,,,,,357.1875,824.0625,,0.83583236,385.3125,978.75,,0.9715862,347.8125,1133.4375,,0.86734986,422.8125,1166.25,,0.85058653,right,156.0681586713424,1
1308,21.8218,171.48184776306152,,,,,,,,,,,,,,,,,,,,357.1875,824.0625,,0.8302421,385.3125,983.4375,,0.9595993,343.125,1133.4375,,0.8545039,422.8125,1166.25,,0.81819713,right,154.28338236954292,1
1309,21.838483333333333,160.8419418334961,,,,,,,,,,,,,,,,,,,,357.1875,824.0625,,0.8353939,385.3125,978.75,,0.96441925,343.125,1133.4375,,0.85843456,422.8125,1166.25,,0.83295023,right,154.4400348281762,1
1310,21.855166666666666,162.5649929046631,,,,,,,,,,,,,,,,,,,,357.1875,824.0625,,0.8306726,385.3125,983.4375,,0.9619287,343.125,1133.4375,,0.85735077,422.8125,1166.25,,0.8414975,right,154.28338236954292,1
1311,21.871850000000002,170.9749698638916,,,,,,,,,,,,,,,,,,,,357.1875,824.0625,,0.8332749,385.3125,983.4375,,0.9600332,343.125,1133.4375,,0.85571903,422.8125,1166.25,,0.84298503,right,154.28338236954292,1
1312,21.888533333333335,160.88294982910156,,,,,,,,,,,,,,,,,,,,357.1875,824.0625,,0.83490014,385.3125,983.4375,,0.9650334,343.125,1133.4375,,0.8608317,422.8125,1170.9375,,0.85034,right,154.28338236954292,1
1313,21.905216666666668,159.84106063842773,,,,,,,,,,,,,,,,,,,,357.1875,824.0625,,0.8311465,390.0,978.75,,0.9467447,343.125,1128.75,,0.84776425,418.125,1166.25,,0.8052026,right,150.66984291953534,1
1314,21.9219,160.17532348632812,,,,,,,,,,,,,,,,,,,,357.1875,828.75,,0.83060896,390.0,978.75,,0.9458598,343.125,1128.75,,0.84839416,418.125,1166.25,,0.80581534,right,150.3068880854125,1
1315,21.938583333333334,160.0780487060547,,,,,,,,,,,,,,,,,,,,357.1875,828.75,,0.83409345,390.0,978.75,,0.9540702,343.125,1128.75,,0.8585365,418.125,1166.25,,0.8201858,right,150.3068880854125,1
1316,21.955266666666667,160.02202033996582,,,,,,,,,,,,,,,,,,,,357.1875,824.0625,,0.8252729,390.0,978.75,,0.93630874,343.125,1128.75,,0.848469,418.125,1166.25,,0.7945058,right,150.66984291953534,1
1317,21.97195,160.27307510375977,,,,,,,,,,,,,,,,,,,,357.1875,824.0625,,0.8170936,390.0,978.75,,0.9255775,343.125,1128.75,,0.8402162,418.125,1166.25,,0.7863126,right,150.66984291953534,1
1318,21.988633333333333,160.2468490600586,,,,,,,,,,,,,,,,,,,,357.1875,824.0625,,0.8131968,390.0,978.75,,0.92493415,343.125,1128.75,,0.83074087,418.125,1161.5625,,0.7578749,right,150.66984291953534,1
1319,22.005316666666666,160.25805473327637,,,,,,,,,,,,,,,,,,,,357.1875,824.0625,,0.80942714,390.0,983.4375,,0.9174346,343.125,1128.75,,0.81883276,418.125,1161.5625,,0.740679,right,150.48766940521824,1
1320,22.022000000000002,160.14957427978516,,,,,,,,,,,,,,,,,,,,357.1875,824.0625,,0.821855,390.0,983.4375,,0.9227652,343.125,1128.75,,0.82351995,418.125,1161.5625,,0.7302344,right,150.48766940521824,1
1321,22.038683333333335,161.25082969665527,,,,,,,,,,,,,,,,,,,,357.1875,824.0625,,0.80234617,390.0,978.75,,0.8898551,338.4375,1124.0625,,0.79517674,413.4375,1156.875,,0.6791253,right,148.48721261766823,1
1322,22.055366666666668,160.69316864013672,,,,,,,,,,,,,,,,,,,,357.1875,824.0625,,0.7932647,385.3125,978.75,,0.8798241,338.4375,1119.375,,0.78029406,413.4375,1156.875,,0.6546843,right,151.26020470831193,1
1323,22.07205,160.16888618469238,,,,,,,,,,,,,,,,,,,,357.1875,824.0625,,0.8106962,390.0,983.4375,,0.90286756,343.125,1124.0625,,0.8038392,413.4375,1161.5625,,0.6931988,right,149.93141717813756,1
1324,22.088733333333334,172.53518104553223,,,,,,,,,,,,,,,,,,,,357.1875,828.75,,0.7896572,390.0,983.4375,,0.8885983,343.125,1124.0625,,0.7918861,413.4375,1161.5625,,0.6978078,right,149.58891873287465,1
1325,22.105416666666667,161.56721115112305,,,,,,,,,,,,,,,,,,,,357.1875,828.75,,0.8013022,390.0,983.4375,,0.90310216,343.125,1124.0625,,0.80319977,418.125,1161.5625,,0.71201235,right,149.58891873287465,1
1326,22.1221,160.22396087646484,,,,,,,,,,,,,,,,,,,,357.1875,828.75,,0.81483805,394.6875,983.4375,,0.91885674,343.125,1124.0625,,0.815946,418.125,1161.5625,,0.73581207,right,146.23670171186032,1
1327,22.138783333333333,160.98403930664062,,,,,,,,,,,,,,,,,,,,357.1875,828.75,,0.82191736,394.6875,983.4375,,0.9319606,343.125,1124.0625,,0.8261162,418.125,1161.5625,,0.74822277,right,146.23670171186032,1
1328,22.155466666666666,160.16101837158203,,,,,,,,,,,,,,,,,,,,357.1875,828.75,,0.83398414,394.6875,983.4375,,0.946224,343.125,1124.0625,,0.8362341,418.125,1161.5625,,0.7514448,right,146.23670171186032,1
1329,22.172150000000002,161.6840362548828,,,,,,,,,,,,,,,,,,,,357.1875,828.75,,0.81165886,394.6875,983.4375,,0.9222995,343.125,1124.0625,,0.81929374,418.125,1161.5625,,0.7381906,right,146.23670171186032,1
1330,22.188833333333335,152.60696411132812,,,,,,,,,,,,,,,,,,,,357.1875,828.75,,0.82123804,394.6875,983.4375,,0.9436314,343.125,1124.0625,,0.82482266,418.125,1156.875,,0.7360668,right,146.23670171186032,1
1331,22.205516666666668,162.50276565551758,,,,,,,,,,,,,,,,,,,,357.1875,828.75,,0.80955064,394.6875,983.4375,,0.9160502,343.125,1119.375,,0.79990077,418.125,1156.875,,0.6797111,right,145.60075045806263,1
1332,22.2222,148.10967445373535,,,,,,,,,,,,,,,,,,,,357.1875,833.4375,,0.8085073,394.6875,983.4375,,0.91394925,343.125,1119.375,,0.8029339,413.4375,1156.875,,0.68720335,right,145.1915018500277,1
1333,22.238883333333334,166.13507270812988,,,,,,,,,,,,,,,,,,,,357.1875,833.4375,,0.82067066,394.6875,988.125,,0.93341184,343.125,1124.0625,,0.8207923,418.125,1156.875,,0.73999965,right,145.60075045806263,1
1334,22.255566666666667,155.75170516967773,,,,,,,,,,,,,,,,,,,,357.1875,833.4375,,0.82923055,399.375,988.125,,0.93455607,343.125,1124.0625,,0.8238523,413.4375,1156.875,,0.73257315,right,142.2654468998391,1
1335,22.27225,167.7401065826416,,,,,,,,,,,,,,,,,,,,361.875,833.4375,,0.8529165,399.375,988.125,,0.9613781,343.125,1124.0625,,0.84673524,418.125,1156.875,,0.7748309,right,143.89357074300534,1
1336,22.288933333333333,166.9449806213379,,,,,,,,,,,,,,,,,,,,361.875,833.4375,,0.8510604,399.375,988.125,,0.95243,338.4375,1124.0625,,0.8429133,413.4375,1156.875,,0.763385,right,142.22746317968682,1
1337,22.305616666666666,158.75506401062012,,,,,,,,,,,,,,,,,,,,357.1875,833.4375,,0.8560673,399.375,988.125,,0.95683986,343.125,1128.75,,0.85157293,418.125,1156.875,,0.77401584,right,142.9434718105904,1
1338,22.322300000000002,157.87124633789062,,,,,,,,,,,,,,,,,,,,361.875,833.4375,,0.8317937,399.375,988.125,,0.9232423,338.4375,1124.0625,,0.82328415,413.4375,1156.875,,0.69973993,right,142.22746317968682,1
1339,22.338983333333335,158.05721282958984,,,,,,,,,,,,,,,,,,,,357.1875,833.4375,,0.8315457,399.375,988.125,,0.9314101,338.4375,1128.75,,0.84179527,413.4375,1156.875,,0.7335857,right,141.31618848819681,1
1340,22.355666666666668,169.0070629119873,,,,,,,,,,,,,,,,,,,,357.1875,833.4375,,0.83836496,399.375,988.125,,0.9290114,338.4375,1128.75,,0.83159524,413.4375,1156.875,,0.68807924,right,141.31618848819681,1
1341,22.37235,169.26884651184082,,,,,,,,,,,,,,,,,,,,357.1875,833.4375,,0.83264875,399.375,983.4375,,0.9229399,338.4375,1128.75,,0.82876325,408.75,1156.875,,0.6952671,right,141.54038582819655,1
1342,22.389033333333334,158.73003005981445,,,,,,,,,,,,,,,,,,,,357.1875,833.4375,,0.82652605,399.375,988.125,,0.9176445,338.4375,1128.75,,0.8218389,408.75,1156.875,,0.6968632,right,141.31618848819681,1
1343,22.405716666666667,169.04592514038086,,,,,,,,,,,,,,,,,,,,357.1875,833.4375,,0.8401511,404.0625,988.125,,0.93383837,338.4375,1128.75,,0.83849156,408.75,1161.5625,,0.7287336,right,138.12470775416168,1
1344,22.4224,155.52091598510742,,,,,,,,,,,,,,,,,,,,357.1875,833.4375,,0.839334,404.0625,988.125,,0.9320657,338.4375,1128.75,,0.83608043,408.75,1156.875,,0.720369,right,138.12470775416168,1
1345,22.439083333333333,153.9440155029297,,,,,,,,,,,,,,,,,,,,357.1875,833.4375,,0.828531,399.375,988.125,,0.91654456,338.4375,1128.75,,0.82281137,404.0625,1156.875,,0.693596,right,141.31618848819681,1
1346,22.455766666666666,152.5399684906006,,,,,,,,,,,,,,,,,,,,357.1875,833.4375,,0.83423054,404.0625,988.125,,0.92412746,338.4375,1128.75,,0.8284295,408.75,1156.875,,0.70450807,right,138.12470775416168,1
1347,22.472450000000002,150.85792541503906,,,,,,,,,,,,,,,,,,,,357.1875,833.4375,,0.8371841,404.0625,988.125,,0.9304994,338.4375,1128.75,,0.83786774,408.75,1161.5625,,0.7344703,right,138.12470775416168,1
1348,22.489133333333335,165.8480167388916,,,,,,,,,,,,,,,,,,,,357.1875,833.4375,,0.8392693,404.0625,988.125,,0.93514895,338.4375,1128.75,,0.84242666,408.75,1161.5625,,0.74910593,right,138.12470775416168,1
1349,22.505816666666668,177.2167682647705,,,,,,,,,,,,,,,,,,,,357.1875,833.4375,,0.8434293,404.0625,988.125,,0.9353534,338.4375,1128.75,,0.84031,413.4375,1161.5625,,0.74167556,right,138.12470775416168,1
1350,22.5225,158.2028865814209,,,,,,,,,,,,,,,,,,,,357.1875,833.4375,,0.8103752,404.0625,988.125,,0.899587,338.4375,1128.75,,0.81304514,413.4375,1161.5625,,0.7036792,right,138.12470775416168,1
1351,22.539183333333334,159.8351001739502,,,,,,,,,,,,,,,,,,,,357.1875,833.4375,,0.81275636,404.0625,988.125,,0.9007304,338.4375,1128.75,,0.81138384,413.4375,1161.5625,,0.69832516,right,138.12470775416168,1
1352,22.555866666666667,151.4301300048828,,,,,,,,,,,,,,,,,,,,357.1875,833.4375,,0.82235324,404.0625,988.125,,0.9165468,338.4375,1128.75,,0.82337785,418.125,1161.5625,,0.71931195,right,138.12470775416168,1
1353,22.57255,150.87890625,,,,,,,,,,,,,,,,,,,,357.1875,833.4375,,0.8228811,404.0625,988.125,,0.9215224,343.125,1128.75,,0.8281039,418.125,1161.5625,,0.73016125,right,139.71290842351632,1
1354,22.589233333333333,160.22205352783203,,,,,,,,,,,,,,,,,,,,357.1875,833.4375,,0.81719995,404.0625,988.125,,0.9149453,343.125,1128.75,,0.82258284,418.125,1161.5625,,0.72277457,right,139.71290842351632,1
1355,22.605916666666666,147.31287956237793,,,,,,,,,,,,,,,,,,,,357.1875,833.4375,,0.8250773,404.0625,988.125,,0.9201835,343.125,1128.75,,0.8278905,418.125,1161.5625,,0.7304456,right,139.71290842351632,1
1356,22.622600000000002,162.50205039978027,,,,,,,,,,,,,,,,,,,,357.1875,833.4375,,0.8264035,404.0625,988.125,,0.9247765,343.125,1128.75,,0.83031774,418.125,1166.25,,0.7418848,right,139.71290842351632,1
1357,22.639283333333335,169.10696029663086,,,,,,,,,,,,,,,,,,,,357.1875,833.4375,,0.8377775,404.0625,988.125,,0.9468022,343.125,1128.75,,0.85024726,422.8125,1166.25,,0.8197633,right,139.71290842351632,1
1358,22.655966666666668,156.5561294555664,,,,,,,,,,,,,,,,,,,,357.1875,833.4375,,0.83677244,404.0625,988.125,,0.9463402,343.125,1128.75,,0.8482122,422.8125,1166.25,,0.81062263,right,139.71290842351632,1
1359,22.67265,167.2649383544922,,,,,,,,,,,,,,,,,,,,357.1875,833.4375,,0.8486518,408.75,988.125,,0.9590577,343.125,1128.75,,0.8532209,422.8125,1166.25,,0.8284985,right,136.54815769897797,1
1360,22.689333333333334,153.8403034210205,,,,,,,,,,,,,,,,,,,,357.1875,833.4375,,0.8510243,408.75,988.125,,0.96264094,343.125,1128.75,,0.85409397,422.8125,1166.25,,0.84387445,right,136.54815769897797,1
1361,22.706016666666667,157.4857234954834,,,,,,,,,,,,,,,,,,,,357.1875,833.4375,,0.85330284,408.75,988.125,,0.9641447,343.125,1128.75,,0.85535383,422.8125,1166.25,,0.84104264,right,136.54815769897797,1
1362,22.7227,158.47134590148926,,,,,,,,,,,,,,,,,,,,357.1875,833.4375,,0.85358393,408.75,988.125,,0.9678753,343.125,1128.75,,0.853652,422.8125,1166.25,,0.8549391,right,136.54815769897797,1
1363,22.739383333333333,158.00213813781738,,,,,,,,,,,,,,,,,,,,357.1875,833.4375,,0.85913134,408.75,988.125,,0.97188884,343.125,1124.0625,,0.8527628,422.8125,1161.5625,,0.8569894,right,135.79572355273928,1
1364,22.756066666666666,169.81101036071777,,,,,,,,,,,,,,,,,,,,357.1875,828.75,,0.8552431,408.75,983.4375,,0.96855533,343.125,1124.0625,,0.8508953,422.8125,1161.5625,,0.85592616,right,136.54815769897797,1
1365,22.772750000000002,172.33896255493164,,,,,,,,,,,,,,,,,,,,357.1875,833.4375,,0.8524915,408.75,983.4375,,0.9655906,343.125,1124.0625,,0.85144055,422.8125,1161.5625,,0.8511759,right,136.01269871341344,1
1366,22.789433333333335,156.10599517822266,,,,,,,,,,,,,,,,,,,,361.875,833.4375,,0.8480717,408.75,983.4375,,0.9645727,343.125,1124.0625,,0.8501892,418.125,1161.5625,,0.84424436,right,137.62908188563867,1
1367,22.806116666666668,163.6650562286377,,,,,,,,,,,,,,,,,,,,357.1875,833.4375,,0.8499584,408.75,983.4375,,0.96836996,343.125,1124.0625,,0.85609716,418.125,1161.5625,,0.8690338,right,136.01269871341344,1
1368,22.8228,170.37391662597656,,,,,,,,,,,,,,,,,,,,357.1875,833.4375,,0.8606391,408.75,983.4375,,0.9779288,343.125,1124.0625,,0.85934776,418.125,1161.5625,,0.8905817,right,136.01269871341344,1
1369,22.839483333333334,169.24428939819336,,,,,,,,,,,,,,,,,,,,357.1875,833.4375,,0.8587606,408.75,983.4375,,0.9761373,343.125,1124.0625,,0.8571898,418.125,1161.5625,,0.87314045,right,136.01269871341344,1
1370,22.856166666666667,169.42310333251953,,,,,,,,,,,,,,,,,,,,357.1875,833.4375,,0.85276425,404.0625,983.4375,,0.9635434,343.125,1124.0625,,0.8496132,418.125,1161.5625,,0.8386502,right,139.21728255499332,1
1371,22.87285,169.27790641784668,,,,,,,,,,,,,,,,,,,,357.1875,828.75,,0.8536737,404.0625,983.4375,,0.956167,343.125,1124.0625,,0.8381134,418.125,1156.875,,0.79308647,right,139.71290842351632,1
1372,22.889533333333333,168.5481071472168,,,,,,,,,,,,,,,,,,,,357.1875,828.75,,0.8392835,404.0625,978.75,,0.9463446,343.125,1119.375,,0.8300516,418.125,1156.875,,0.77481914,right,139.21728255499332,1
1373,22.906216666666666,170.70412635803223,,,,,,,,,,,,,,,,,,,,357.1875,828.75,,0.80741477,404.0625,978.75,,0.90670705,343.125,1119.375,,0.80479246,413.4375,1156.875,,0.73618186,right,139.21728255499332,1
1374,22.922900000000002,197.39294052124023,,,,,,,,,,,,,,,,,,,,357.1875,828.75,,0.80959153,404.0625,978.75,,0.91204166,343.125,1119.375,,0.81443214,418.125,1156.875,,0.74893904,right,139.21728255499332,1
1375,22.939583333333335,163.6221408843994,,,,,,,,,,,,,,,,,,,,357.1875,828.75,,0.834898,404.0625,978.75,,0.9407866,338.4375,1119.375,,0.83476174,418.125,1156.875,,0.77716863,right,137.62908188563867,1
1376,22.956266666666668,165.5728816986084,,,,,,,,,,,,,,,,,,,,357.1875,828.75,,0.8637295,404.0625,978.75,,0.97541,343.125,1124.0625,,0.8531903,418.125,1156.875,,0.8245244,right,139.89499902095105,1
1377,22.97295,153.27787399291992,,,,,,,,,,,,,,,,,,,,357.1875,824.0625,,0.85373867,404.0625,978.75,,0.96358466,343.125,1119.375,,0.84258056,418.125,1156.875,,0.7995046,right,139.71290842351632,1
1378,22.989633333333334,160.32981872558594,,,,,,,,,,,,,,,,,,,,357.1875,824.0625,,0.84497404,404.0625,978.75,,0.9394641,338.4375,1119.375,,0.82642865,418.125,1152.1875,,0.75909704,right,138.12470775416168,1
1379,23.006316666666667,158.1740379333496,,,,,,,,,,,,,,,,,,,,357.1875,824.0625,,0.8338548,404.0625,974.0625,,0.9196621,338.4375,1119.375,,0.81831706,413.4375,1152.1875,,0.7481315,right,138.34142609780193,1
1380,23.023,168.73908042907715,,,,,,,,,,,,,,,,,,,,357.1875,824.0625,,0.84033346,404.0625,974.0625,,0.92820114,338.4375,1119.375,,0.8271171,418.125,1152.1875,,0.7850132,right,138.34142609780193,1
1381,23.039683333333333,155.472993850708,,,,,,,,,,,,,,,,,,,,357.1875,819.375,,0.80377233,399.375,969.375,,0.88023317,338.4375,1110.0,,0.7830944,408.75,1147.5,,0.6985022,right,140.86266936223885,1
1382,23.056366666666666,157.05013275146484,,,,,,,,,,,,,,,,,,,,361.875,819.375,,0.8043718,399.375,969.375,,0.8818611,338.4375,1110.0,,0.77935064,404.0625,1147.5,,0.68237656,right,142.53506372332816,1
1383,23.073050000000002,167.29116439819336,,,,,,,,,,,,,,,,,,,,357.1875,819.375,,0.8050636,399.375,969.375,,0.8827513,333.75,1110.0,,0.7720556,399.375,1147.5,,0.6502682,right,139.27446869288426,1
1384,23.089733333333335,158.9510440826416,,,,,,,,,,,,,,,,,,,,357.1875,819.375,,0.8102032,399.375,969.375,,0.8907149,333.75,1110.0,,0.7733134,399.375,1147.5,,0.64793,right,139.27446869288426,1
1385,23.106416666666668,160.3379249572754,,,,,,,,,,,,,,,,,,,,357.1875,819.375,,0.8240279,399.375,969.375,,0.9052198,338.4375,1114.6875,,0.79540604,404.0625,1147.5,,0.6832453,right,141.54038582819655,1
1386,23.1231,157.8359603881836,,,,,,,,,,,,,,,,,,,,357.1875,819.375,,0.8306358,394.6875,969.375,,0.9095026,333.75,1110.0,,0.78057504,399.375,1142.8125,,0.65331966,right,142.53506372332816,1
1387,23.139783333333334,157.7301025390625,,,,,,,,,,,,,,,,,,,,361.875,819.375,,0.8482493,394.6875,969.375,,0.9182329,333.75,1105.3125,,0.77415574,394.6875,1142.8125,,0.6261157,right,143.51537076125214,1
1388,23.156466666666667,157.81903266906738,,,,,,,,,,,,,,,,,,,,361.875,819.375,,0.8404996,394.6875,969.375,,0.9082254,333.75,1105.3125,,0.7719259,394.6875,1138.125,,0.6331229,right,143.51537076125214,1
1389,23.17315,169.13485527038574,,,,,,,,,,,,,,,,,,,,361.875,814.6875,,0.842445,394.6875,969.375,,0.9112873,333.75,1110.0,,0.7792073,399.375,1138.125,,0.6500006,right,144.59517474705123,1
1390,23.189833333333333,168.77079010009766,,,,,,,,,,,,,,,,,,,,357.1875,814.6875,,0.81747115,390.0,969.375,,0.88748026,333.75,1110.0,,0.7671162,404.0625,1142.8125,,0.6391533,right,146.2224580694448,1
1391,23.206516666666666,169.2030429840088,,,,,,,,,,,,,,,,,,,,357.1875,814.6875,,0.807745,390.0,969.375,,0.8762847,333.75,1110.0,,0.75694716,404.0625,1142.8125,,0.63282955,right,146.2224580694448,1
1392,23.223200000000002,163.18988800048828,,,,,,,,,,,,,,,,,,,,357.1875,810.0,,0.8172507,385.3125,969.375,,0.90105575,338.4375,1119.375,,0.7878518,408.75,1147.5,,0.7051649,right,152.63799556229736,1
1393,23.239883333333335,207.63111114501953,,,,,,,,,,,,,,,,,,,,357.1875,810.0,,0.82450926,385.3125,969.375,,0.9139101,338.4375,1114.6875,,0.7903854,413.4375,1147.5,,0.7156003,right,152.11332360271732,1
1394,23.256566666666668,166.8531894683838,,,,,,,,,,,,,,,,,,,,357.1875,810.0,,0.8270484,385.3125,969.375,,0.92122126,338.4375,1119.375,,0.7985455,418.125,1147.5,,0.76069427,right,152.63799556229736,1
1395,23.27325,153.7950038909912,,,,,,,,,,,,,,,,,,,,357.1875,810.0,,0.83872104,385.3125,969.375,,0.9264173,338.4375,1119.375,,0.7951134,413.4375,1147.5,,0.74451244,right,152.63799556229736,1
1396,23.289933333333334,182.59000778198242,,,,,,,,,,,,,,,,,,,,357.1875,810.0,,0.83164257,385.3125,969.375,,0.92011833,338.4375,1114.6875,,0.78868216,413.4375,1147.5,,0.7510724,right,152.11332360271732,1
1397,23.306616666666667,164.5791530609131,,,,,,,,,,,,,,,,,,,,357.1875,810.0,,0.8352034,385.3125,969.375,,0.92817044,338.4375,1114.6875,,0.7945893,413.4375,1147.5,,0.77709216,right,152.11332360271732,1
1398,23.3233,173.447847366333,,,,,,,,,,,,,,,,,,,,357.1875,810.0,,0.8328249,385.3125,964.6875,,0.92446053,338.4375,1114.6875,,0.7969354,413.4375,1142.8125,,0.7808206,right,152.34112889497266,1
1399,23.339983333333333,169.6641445159912,,,,,,,,,,,,,,,,,,,,357.1875,805.3125,,0.82351136,385.3125,964.6875,,0.91075015,338.4375,1114.6875,,0.79115987,413.4375,1147.5,,0.75147814,right,152.63799556229736,1
1400,23.356666666666666,164.9770736694336,,,,,,,,,,,,,,,,,,,,357.1875,805.3125,,0.8329397,385.3125,964.6875,,0.91859794,338.4375,1114.6875,,0.79250145,413.4375,1142.8125,,0.73423,right,152.63799556229736,1
1401,23.373350000000002,170.7000732421875,,,,,,,,,,,,,,,,,,,,357.1875,805.3125,,0.8413503,380.625,964.6875,,0.9264603,338.4375,1110.0,,0.7889147,408.75,1142.8125,,0.7163563,right,155.44490761894048,1
1402,23.390033333333335,169.42691802978516,,,,,,,,,,,,,,,,,,,,357.1875,805.3125,,0.8344532,380.625,960.0,,0.9209832,343.125,1105.3125,,0.78349113,408.75,1142.8125,,0.7274413,right,156.91405771576999,1
1403,23.406716666666668,159.61289405822754,,,,,,,,,,,,,,,,,,,,357.1875,800.625,,0.8127012,380.625,960.0,,0.88815784,343.125,1105.3125,,0.77196956,408.75,1142.8125,,0.6886295,right,157.16381977590154,1
1404,23.4234,156.61168098449707,,,,,,,,,,,,,,,,,,,,357.1875,800.625,,0.8070151,380.625,960.0,,0.86385584,343.125,1100.625,,0.76480865,408.75,1138.125,,0.63659894,right,156.70269669782985,1
1405,23.440083333333334,160.22825241088867,,,,,,,,,,,,,,,,,,,,357.1875,800.625,,0.7962294,380.625,955.3125,,0.84623194,343.125,1095.9375,,0.7502639,404.0625,1138.125,,0.5935641,right,156.4529346376983,1
1406,23.456766666666667,167.84000396728516,,,,,,,,,,,,,,,,,,,,357.1875,805.3125,,0.8180413,380.625,960.0,,0.8719319,343.125,1100.625,,0.76009905,408.75,1138.125,,0.6178557,right,156.4529346376983,1
1407,23.47345,168.39122772216797,,,,,,,,,,,,,,,,,,,,357.1875,805.3125,,0.83747035,375.9375,960.0,,0.8975753,338.4375,1100.625,,0.77534425,408.75,1138.125,,0.6538118,right,158.15735570283766,1
1408,23.490133333333333,166.61882400512695,,,,,,,,,,,,,,,,,,,,357.1875,805.3125,,0.85001016,375.9375,960.0,,0.91552377,338.4375,1095.9375,,0.7632973,408.75,1133.4375,,0.6287383,right,157.66661156223662,1
1409,23.506816666666666,167.01078414916992,,,,,,,,,,,,,,,,,,,,357.1875,805.3125,,0.85874224,371.25,964.6875,,0.9330431,338.4375,1105.3125,,0.80163026,413.4375,1138.125,,0.7022562,right,161.82352662443276,1
1410,23.523500000000002,166.8407917022705,,,,,,,,,,,,,,,,,,,,357.1875,805.3125,,0.88002825,375.9375,960.0,,0.95655644,343.125,1110.0,,0.8162625,408.75,1138.125,,0.70566154,right,160.7496856026491,1
1411,23.540183333333335,167.9697036743164,,,,,,,,,,,,,,,,,,,,357.1875,800.625,,0.8994768,375.9375,960.0,,0.9798473,343.125,1114.6875,,0.8397074,413.4375,1142.8125,,0.7649539,right,161.31403074803976,1
1412,23.556866666666668,166.85175895690918,,,,,,,,,,,,,,,,,,,,357.1875,800.625,,0.90732324,371.25,964.6875,,0.9972715,343.125,1114.6875,,0.8444945,413.4375,1142.8125,,0.81122553,right,164.48125227005718,1
1413,23.57355,167.79398918151855,,,,,,,,,,,,,,,,,,,,357.1875,800.625,,0.91991276,371.25,960.0,,1.004999,343.125,1114.6875,,0.8490677,413.4375,1138.125,,0.8164239,right,164.65270246206313,1
1414,23.590233333333334,146.88396453857422,,,,,,,,,,,,,,,,,,,,357.1875,800.625,,0.9278319,371.25,960.0,,1.0127048,343.125,1114.6875,,0.85649335,413.4375,1138.125,,0.82587105,right,164.65270246206313,1
1415,23.606916666666667,147.4931240081787,,,,,,,,,,,,,,,,,,,,357.1875,800.625,,0.92734945,371.25,960.0,,1.0029826,343.125,1110.0,,0.8578651,413.4375,1138.125,,0.7985923,right,164.33789365467393,1
1416,23.6236,169.73495483398438,,,,,,,,,,,,,,,,,,,,352.5,800.625,,0.87299186,371.25,955.3125,,0.953825,343.125,1105.3125,,0.84310794,413.4375,1133.4375,,0.8238485,right,162.46911760482024,1
1417,23.640283333333333,160.04133224487305,,,,,,,,,,,,,,,,,,,,352.5,800.625,,0.88296,366.5625,955.3125,,0.95559067,343.125,1105.3125,,0.8430381,413.4375,1133.4375,,0.80649877,right,165.92491194174502,1
1418,23.656966666666666,152.76312828063965,,,,,,,,,,,,,,,,,,,,352.5,800.625,,0.88196695,366.5625,955.3125,,0.94912827,343.125,1105.3125,,0.844844,413.4375,1133.4375,,0.8014485,right,165.92491194174502,1
1419,23.673650000000002,148.70405197143555,,,,,,,,,,,,,,,,,,,,352.5,795.9375,,0.88046706,366.5625,955.3125,,0.94480246,343.125,1105.3125,,0.8489151,408.75,1133.4375,,0.8161694,right,166.07688978030876,1
1420,23.690333333333335,174.81207847595215,,,,,,,,,,,,,,,,,,,,352.5,800.625,,0.8939765,366.5625,955.3125,,0.9505197,343.125,1105.3125,,0.8432731,408.75,1133.4375,,0.8017677,right,165.92491194174502,1
1421,23.707016666666668,161.16786003112793,,,,,,,,,,,,,,,,,,,,352.5,800.625,,0.9128462,366.5625,955.3125,,0.9680178,343.125,1105.3125,,0.8504874,408.75,1133.4375,,0.8048488,right,165.92491194174502,1
1422,23.7237,166.83506965637207,,,,,,,,,,,,,,,,,,,,347.8125,800.625,,0.91259146,366.5625,960.0,,0.98140657,343.125,1105.3125,,0.84902287,408.75,1133.4375,,0.82377666,right,164.12781614652135,1
1423,23.740383333333334,167.6020622253418,,,,,,,,,,,,,,,,,,,,347.8125,800.625,,0.9114102,361.875,960.0,,0.97767913,343.125,1105.3125,,0.84566605,408.75,1138.125,,0.84352994,right,167.60516957093674,1
1424,23.757066666666667,168.37787628173828,,,,,,,,,,,,,,,,,,,,352.5,795.9375,,0.9092529,366.5625,960.0,,0.97133225,343.125,1110.0,,0.84962946,404.0625,1138.125,,0.84869766,right,166.220248395692,1
1425,23.77375,161.2241268157959,,,,,,,,,,,,,,,,,,,,347.8125,795.9375,,0.9043922,366.5625,955.3125,,0.96354103,343.125,1105.3125,,0.8434247,404.0625,1133.4375,,0.85797846,right,164.4095040417228,1
1426,23.790433333333333,167.0992374420166,,,,,,,,,,,,,,,,,,,,347.8125,795.9375,,0.8947406,366.5625,955.3125,,0.9567001,343.125,1105.3125,,0.84518194,408.75,1133.4375,,0.8523544,right,164.4095040417228,1
1427,23.807116666666666,157.99617767333984,,,,,,,,,,,,,,,,,,,,352.5,795.9375,,0.8591109,366.5625,950.625,,0.90612197,338.4375,1100.625,,0.8387672,404.0625,1133.4375,,0.83602756,right,164.18591581611008,1
1428,23.823800000000002,167.572021484375,,,,,,,,,,,,,,,,,,,,347.8125,795.9375,,0.85485935,371.25,950.625,,0.89915323,338.4375,1095.9375,,0.8393936,404.0625,1128.75,,0.8200817,right,158.65999613041353,1
1429,23.840483333333335,167.45996475219727,,,,,,,,,,,,,,,,,,,,347.8125,795.9375,,0.8512236,366.5625,950.625,,0.8834053,333.75,1095.9375,,0.82792646,404.0625,1128.75,,0.8084661,right,160.3644171955529,1
1430,23.857166666666668,157.13262557983398,,,,,,,,,,,,,,,,,,,,347.8125,795.9375,,0.8478575,366.5625,950.625,,0.88003635,333.75,1095.9375,,0.83262026,404.0625,1128.75,,0.8394655,right,160.3644171955529,1
1431,23.87385,159.1799259185791,,,,,,,,,,,,,,,,,,,,347.8125,795.9375,,0.8597994,361.875,950.625,,0.9078443,333.75,1095.9375,,0.8504355,404.0625,1128.75,,0.85110456,right,163.85150844886687,1
1432,23.890533333333334,157.09400177001953,,,,,,,,,,,,,,,,,,,,347.8125,800.625,,0.87545013,361.875,955.3125,,0.93035275,329.0625,1095.9375,,0.8735037,404.0625,1128.75,,0.87234914,right,161.67154878586882,1
1433,23.907216666666667,168.56122016906738,,,,,,,,,,,,,,,,,,,,347.8125,800.625,,0.88669336,357.1875,955.3125,,0.9510757,329.0625,1095.9375,,0.89320385,404.0625,1128.75,,0.88707894,right,165.22183826706254,1
1434,23.9239,167.86623001098633,,,,,,,,,,,,,,,,,,,,347.8125,800.625,,0.8877692,357.1875,955.3125,,0.9644429,329.0625,1095.9375,,0.90603787,399.375,1128.75,,0.9106614,right,165.22183826706254,1
1435,23.940583333333333,168.5030460357666,,,,,,,,,,,,,,,,,,,,343.125,800.625,,0.89066625,352.5,955.3125,,0.97444683,329.0625,1095.9375,,0.9104847,399.375,1128.75,,0.9157692,right,167.06944853305723,1
1436,23.957266666666666,157.40704536437988,,,,,,,,,,,,,,,,,,,,343.125,800.625,,0.891744,352.5,955.3125,,0.9825252,329.0625,1100.625,,0.91244376,399.375,1128.75,,0.9329952,right,167.36942369536112,1
1437,23.973950000000002,167.7849292755127,,,,,,,,,,,,,,,,,,,,343.125,800.625,,0.9107624,352.5,955.3125,,1.0125483,329.0625,1100.625,,0.92621064,399.375,1128.75,,0.9538403,right,167.36942369536112,1
1438,23.990633333333335,168.57600212097168,,,,,,,,,,,,,,,,,,,,343.125,800.625,,0.90438086,352.5,955.3125,,1.0087671,329.0625,1100.625,,0.9275714,394.6875,1128.75,,0.9690953,right,167.36942369536112,1
1439,24.007316666666668,168.66302490234375,,,,,,,,,,,,,,,,,,,,343.125,800.625,,0.91763544,352.5,960.0,,1.0199825,329.0625,1100.625,,0.9330657,394.6875,1128.75,,0.9738467,right,167.17121712854458,1
1440,24.024,168.1060791015625,,,,,,,,,,,,,,,,,,,,343.125,800.625,,0.9175887,352.5,960.0,,1.0154705,329.0625,1100.625,,0.93438023,394.6875,1128.75,,0.9713963,right,167.17121712854458,1
1441,24.040683333333334,169.83914375305176,,,,,,,,,,,,,,,,,,,,343.125,800.625,,0.91903895,352.5,955.3125,,1.0146116,329.0625,1100.625,,0.9336481,399.375,1128.75,,0.98099923,right,167.36942369536112,1
1442,24.057366666666667,168.07079315185547,,,,,,,,,,,,,,,,,,,,343.125,800.625,,0.92561644,352.5,960.0,,1.0214822,329.0625,1100.625,,0.9372016,399.375,1128.75,,0.9825331,right,167.17121712854458,1
1443,24.07405,159.61289405822754,,,,,,,,,,,,,,,,,,,,343.125,800.625,,0.933074,352.5,960.0,,1.0290124,329.0625,1100.625,,0.93539715,399.375,1128.75,,0.9738207,right,167.17121712854458,1
1444,24.090733333333333,166.78118705749512,,,,,,,,,,,,,,,,,,,,343.125,800.625,,0.9429016,352.5,960.0,,1.040647,329.0625,1095.9375,,0.939463,399.375,1128.75,,0.9747193,right,166.85113230476284,1
1445,24.107416666666666,177.21223831176758,,,,,,,,,,,,,,,,,,,,343.125,800.625,,0.9457634,352.5,960.0,,1.0456221,329.0625,1095.9375,,0.9351946,399.375,1128.75,,0.9650353,right,166.85113230476284,1
1446,24.124100000000002,170.68886756896973,,,,,,,,,,,,,,,,,,,,343.125,800.625,,0.93756986,352.5,960.0,,1.038229,329.0625,1095.9375,,0.93238944,399.375,1124.0625,,0.9615385,right,166.85113230476284,1
1447,24.140783333333335,145.51877975463867,,,,,,,,,,,,,,,,,,,,343.125,800.625,,0.9304672,347.8125,960.0,,1.02877,329.0625,1095.9375,,0.92679775,404.0625,1124.0625,,0.9483007,right,170.46200238012548,1
1448,24.157466666666668,166.24212265014648,,,,,,,,,,,,,,,,,,,,347.8125,800.625,,0.9227942,352.5,960.0,,1.025959,333.75,1095.9375,,0.9214666,404.0625,1124.0625,,0.947502,right,170.46200238012548,1
1449,24.17415,168.8551902770996,,,,,,,,,,,,,,,,,,,,347.8125,800.625,,0.9326459,352.5,960.0,,1.0353422,333.75,1095.9375,,0.919936,404.0625,1119.375,,0.94741225,right,170.46200238012548,1
1450,24.190833333333334,169.50392723083496,,,,,,,,,,,,,,,,,,,,343.125,800.625,,0.9333125,352.5,960.0,,1.0428284,333.75,1095.9375,,0.92519665,404.0625,1119.375,,0.95704925,right,168.78022603459195,1
1451,24.207516666666667,168.38693618774414,,,,,,,,,,,,,,,,,,,,343.125,800.625,,0.94017804,347.8125,955.3125,,1.0539681,329.0625,1095.9375,,0.93162626,404.0625,1119.375,,0.9676677,right,170.66965204248018,1
1452,24.2242,169.39306259155273,,,,,,,,,,,,,,,,,,,,343.125,800.625,,0.93992746,347.8125,960.0,,1.0585337,329.0625,1095.9375,,0.9337335,404.0625,1119.375,,0.9708225,right,170.46200238012548,1
1453,24.240883333333333,169.9831485748291,,,,,,,,,,,,,,,,,,,,343.125,800.625,,0.9371947,347.8125,960.0,,1.0565574,329.0625,1095.9375,,0.929785,399.375,1119.375,,0.96974367,right,170.46200238012548,1
1454,24.257566666666666,160.58588027954102,,,,,,,,,,,,,,,,,,,,343.125,795.9375,,0.93780684,347.8125,955.3125,,1.0546108,329.0625,1095.9375,,0.9297304,399.375,1119.375,,0.96790254,right,170.7206723135123,1
1455,24.274250000000002,168.49303245544434,,,,,,,,,,,,,,,,,,,,343.125,795.9375,,0.93131876,347.8125,955.3125,,1.046284,329.0625,1095.9375,,0.92709976,399.375,1119.375,,0.96454823,right,170.7206723135123,1
1456,24.290933333333335,168.26891899108887,,,,,,,,,,,,,,,,,,,,338.4375,795.9375,,0.9448866,347.8125,955.3125,,1.054715,329.0625,1095.9375,,0.9370642,394.6875,1119.375,,0.9720379,right,169.03889596797885,1
1457,24.307616666666668,169.49987411499023,,,,,,,,,,,,,,,,,,,,338.4375,795.9375,,0.95755696,343.125,955.3125,,1.0673306,329.0625,1095.9375,,0.9516339,394.6875,1119.375,,0.9852584,right,172.6047225446042,1
1458,24.3243,169.75092887878418,,,,,,,,,,,,,,,,,,,,338.4375,795.9375,,0.9637158,343.125,955.3125,,1.0727731,329.0625,1095.9375,,0.95929,394.6875,1119.375,,1.0052778,right,172.6047225446042,1
1459,24.340983333333334,169.9390411376953,,,,,,,,,,,,,,,,,,,,338.4375,791.25,,0.98471713,343.125,950.625,,1.0891132,329.0625,1095.9375,,0.962195,394.6875,1119.375,,1.0035362,right,172.7877755304477,1
1460,24.357666666666667,169.16608810424805,,,,,,,,,,,,,,,,,,,,338.4375,791.25,,1.0017071,343.125,950.625,,1.1046169,329.0625,1095.9375,,0.9686919,399.375,1119.375,,1.014411,right,172.7877755304477,1
1461,24.37435,169.68393325805664,,,,,,,,,,,,,,,,,,,,338.4375,786.5625,,1.0119221,343.125,950.625,,1.1072747,324.375,1091.25,,0.978235,399.375,1119.375,,1.0282669,right,170.76877958979182,1
1462,24.391033333333333,169.12293434143066,,,,,,,,,,,,,,,,,,,,333.75,786.5625,,1.0305011,343.125,950.625,,1.1173817,324.375,1091.25,,0.986267,399.375,1119.375,,1.0392752,right,169.13486870822513,1
1463,24.407716666666666,168.67804527282715,,,,,,,,,,,,,,,,,,,,333.75,786.5625,,1.0311712,343.125,945.9375,,1.1168973,324.375,1091.25,,0.98783857,394.6875,1119.375,,1.044466,right,169.2811599766779,1
1464,24.424400000000002,170.00603675842285,,,,,,,,,,,,,,,,,,,,333.75,786.5625,,1.0361801,343.125,945.9375,,1.1192901,324.375,1091.25,,0.99395347,394.6875,1119.375,,1.0674813,right,169.2811599766779,1
1465,24.441083333333335,157.1352481842041,,,,,,,,,,,,,,,,,,,,333.75,786.5625,,1.0395674,338.4375,945.9375,,1.1216168,319.6875,1091.25,,1.0040946,390.0,1119.375,,1.0949407,right,170.9629363222114,1
1466,24.457766666666668,173.86698722839355,,,,,,,,,,,,,,,,,,,,333.75,786.5625,,1.0339134,338.4375,950.625,,1.1149503,319.6875,1091.25,,1.0017048,390.0,1119.375,,1.0826461,right,170.76877958979182,1
1467,24.47445,174.32880401611328,,,,,,,,,,,,,,,,,,,,333.75,786.5625,,1.0368509,338.4375,950.625,,1.1111407,319.6875,1091.25,,0.9969696,385.3125,1119.375,,1.0716044,right,170.76877958979182,1
1468,24.491133333333334,174.2401123046875,,,,,,,,,,,,,,,,,,,,333.75,786.5625,,1.0405796,338.4375,950.625,,1.112428,319.6875,1091.25,,0.9951091,385.3125,1124.0625,,1.0645043,right,170.76877958979182,1
1469,24.507816666666667,172.6830005645752,,,,,,,,,,,,,,,,,,,,333.75,786.5625,,1.0391955,338.4375,950.625,,1.1169229,319.6875,1091.25,,0.99492,385.3125,1124.0625,,1.0552527,right,170.76877958979182,1
1470,24.5245,162.60409355163574,,,,,,,,,,,,,,,,,,,,333.75,786.5625,,1.0266693,338.4375,950.625,,1.1130483,324.375,1091.25,,0.9925817,390.0,1119.375,,1.060917,right,172.65282982088374,1
1471,24.541183333333333,165.22812843322754,,,,,,,,,,,,,,,,,,,,333.75,786.5625,,1.04147,338.4375,950.625,,1.1215936,324.375,1091.25,,0.99657726,390.0,1119.375,,1.061878,right,172.65282982088374,1
1472,24.557866666666666,153.16319465637207,,,,,,,,,,,,,,,,,,,,333.75,786.5625,,1.0444381,338.4375,945.9375,,1.1307638,324.375,1086.5625,,1.0005215,390.0,1119.375,,1.0740625,right,172.6047225446042,1
1473,24.574550000000002,172.40190505981445,,,,,,,,,,,,,,,,,,,,333.75,786.5625,,1.0529642,338.4375,945.9375,,1.1412568,324.375,1086.5625,,1.0044276,390.0,1119.375,,1.0798683,right,172.6047225446042,1
1474,24.591233333333335,161.04888916015625,,,,,,,,,,,,,,,,,,,,333.75,786.5625,,1.056164,338.4375,945.9375,,1.1507034,324.375,1086.5625,,1.0111833,390.0,1114.6875,,1.1013007,right,172.6047225446042,1
1475,24.607916666666668,172.36709594726562,,,,,,,,,,,,,,,,,,,,333.75,781.875,,1.0104082,338.4375,936.5625,,1.1157259,324.375,1081.875,,1.0140619,390.0,1110.0,,1.1473308,right,172.7367552594157,1
1476,24.6246,155.08508682250977,,,,,,,,,,,,,,,,,,,,333.75,781.875,,1.0149937,333.75,936.5625,,1.1153154,324.375,1081.875,,1.0158007,390.0,1110.0,,1.1469884,right,176.30861401354906,1
1477,24.641283333333334,174.6370792388916,,,,,,,,,,,,,,,,,,,,333.75,781.875,,1.0278995,338.4375,936.5625,,1.1286416,324.375,1081.875,,1.013659,390.0,1110.0,,1.1365974,right,172.7367552594157,1
1478,24.657966666666667,176.0399341583252,,,,,,,,,,,,,,,,,,,,338.4375,781.875,,1.0242071,338.4375,941.25,,1.1301305,324.375,1081.875,,1.0161524,390.0,1110.0,,1.1447723,right,174.28940686250036,1
1479,24.67465,175.57668685913086,,,,,,,,,,,,,,,,,,,,338.4375,781.875,,1.0301263,338.4375,941.25,,1.1381812,324.375,1081.875,,1.0196456,390.0,1105.3125,,1.1554534,right,174.28940686250036,1
1480,24.691333333333333,154.0241241455078,,,,,,,,,,,,,,,,,,,,338.4375,781.875,,1.0263512,333.75,941.25,,1.1423714,319.6875,1081.875,,1.0281827,390.0,1105.3125,,1.1775687,right,175.97409118039658,1
